nohup: ignoring input
Running on: [RocmDevice(id=0)]
Running experiments on: sphere
Dimensions: [2, 3, 4, 5, 6, 7, 8, 9, 10]
LANDMARK_METHOD = fps (candidates=4096)

======================================================================
DEFAULT CONFIGURATION PARAMETERS (from src/base.py)
======================================================================

[ModelConfig]
  network_type:   mlp
  hidden_dims:    (128, 128)
  n_landmarks:    128
  use_layernorm:  True
  last_scale:     0.01
  activation:     silu
  leaky_slope:    0.01
  softplus_beta:  1
  max_dist:       3.14159

[SolverConfig]
  inner_steps:      2500
  inner_lr:         0.05
  grad_clip:        None
  lr_decay:         False
  tolerance:        1e-06
  min_steps:        1000
  momentum:         0.0
  logsumexp_init:   True
  logsumexp_gamma:  0.1

[TrainingConfig]
  n_steps:        1000
  batch_size:     256
  learning_rate:  0.001
  lr_decay:       False
  lr_decay_alpha: 0.05
  log_every:      1
  eval_every:     None
  eval_size:      1024
  seed:           12345

======================================================================


======================================================================
RUNNING OUR METHOD ON SPHERE
======================================================================

[Ours] Training on S2...
/home/sjbhatt/anaconda3/envs/rcpms-jax/lib/python3.10/site-packages/jax/_src/ops/scatter.py:92: FutureWarning: scatter inputs have incompatible types: cannot safely cast value from dtype=int64 to dtype=int32 with jax_numpy_dtype_promotion='standard'. In future JAX releases this will result in an error.
  warnings.warn(
/home/sjbhatt/anaconda3/envs/rcpms-jax/lib/python3.10/site-packages/jax/_src/ops/scatter.py:92: FutureWarning: scatter inputs have incompatible types: cannot safely cast value from dtype=int64 to dtype=int32 with jax_numpy_dtype_promotion='standard'. In future JAX releases this will result in an error.
  warnings.warn(
[     1] loss=-0.0854 | res=1.83e-04 | grad=6.99e+00 | 9.4s
[     2] loss=-0.2283 | res=6.99e-05 | grad=6.06e+00 | 1.0s
[     3] loss=-0.3280 | res=2.21e-09 | grad=4.87e+00 | 1.0s
[     4] loss=-0.4633 | res=7.22e-05 | grad=5.05e+00 | 1.0s
[     5] loss=-0.5356 | res=2.32e-04 | grad=4.24e+00 | 0.8s
[     6] loss=-0.6359 | res=1.02e-04 | grad=3.67e+00 | 0.8s
[     7] loss=-0.7429 | res=9.32e-04 | grad=3.40e+00 | 0.8s
[     8] loss=-0.7098 | res=8.20e-05 | grad=1.54e+00 | 1.0s
[     9] loss=-0.7684 | res=4.72e-09 | grad=1.12e+00 | 1.0s
[    10] loss=-0.7491 | res=9.05e-09 | grad=4.61e-01 | 1.0s
[    11] loss=-0.8744 | res=5.01e-09 | grad=4.32e-01 | 1.0s
[    12] loss=-0.7402 | res=8.31e-09 | grad=6.88e-01 | 1.0s
[    13] loss=-0.8391 | res=1.01e-04 | grad=8.90e-01 | 1.0s
[    14] loss=-0.8267 | res=1.51e-08 | grad=1.21e+00 | 1.0s
[    15] loss=-0.8372 | res=1.76e-04 | grad=1.21e+00 | 1.0s
[    16] loss=-0.8796 | res=5.80e-09 | grad=9.62e-01 | 1.0s
[    17] loss=-0.7718 | res=6.18e-09 | grad=1.06e+00 | 1.0s
[    18] loss=-0.8300 | res=5.32e-09 | grad=1.40e+00 | 1.0s
[    19] loss=-0.8692 | res=1.92e-12 | grad=9.90e-01 | 1.0s
[    20] loss=-0.7842 | res=1.32e-08 | grad=8.73e-01 | 1.0s
[    21] loss=-0.7670 | res=1.25e-08 | grad=1.11e+00 | 0.9s
[    22] loss=-0.9329 | res=2.86e-04 | grad=3.72e-01 | 1.0s
[    23] loss=-0.7971 | res=7.60e-09 | grad=9.25e-01 | 1.0s
[    24] loss=-0.8345 | res=6.57e-09 | grad=5.12e-01 | 1.0s
[    25] loss=-0.7266 | res=4.65e-09 | grad=6.95e-01 | 1.0s
[    26] loss=-0.7595 | res=1.01e-04 | grad=2.92e-01 | 1.0s
[    27] loss=-0.7327 | res=2.23e-04 | grad=4.72e-01 | 1.0s
[    28] loss=-0.6825 | res=5.61e-05 | grad=5.03e-01 | 1.0s
[    29] loss=-0.7501 | res=8.68e-09 | grad=3.95e-01 | 1.0s
[    30] loss=-0.8139 | res=1.23e-04 | grad=7.69e-01 | 1.0s
[    31] loss=-0.8789 | res=1.18e-04 | grad=1.05e+00 | 1.0s
[    32] loss=-0.7935 | res=1.79e-04 | grad=9.82e-01 | 1.0s
[    33] loss=-0.8814 | res=1.95e-04 | grad=9.43e-01 | 1.0s
[    34] loss=-0.7298 | res=3.08e-09 | grad=3.90e-01 | 1.0s
[    35] loss=-0.8721 | res=4.10e-05 | grad=4.47e-01 | 1.0s
[    36] loss=-0.9094 | res=5.41e-05 | grad=1.01e+00 | 1.0s
[    37] loss=-0.7016 | res=3.25e-09 | grad=1.00e+00 | 1.0s
[    38] loss=-0.8218 | res=8.13e-09 | grad=5.69e-01 | 1.0s
[    39] loss=-0.7888 | res=6.72e-09 | grad=4.84e-01 | 1.0s
[    40] loss=-0.9070 | res=6.28e-05 | grad=3.61e-01 | 1.0s
[    41] loss=-0.8763 | res=1.32e-08 | grad=3.48e-01 | 1.0s
[    42] loss=-0.9233 | res=4.99e-09 | grad=3.14e-01 | 1.0s
[    43] loss=-0.7778 | res=6.52e-09 | grad=7.10e-01 | 1.0s
[    44] loss=-0.7164 | res=1.36e-04 | grad=9.61e-01 | 1.0s
[    45] loss=-0.8525 | res=1.63e-09 | grad=3.86e-01 | 1.0s
[    46] loss=-0.7371 | res=4.20e-05 | grad=9.62e-01 | 1.0s
[    47] loss=-0.8702 | res=2.95e-09 | grad=2.44e-01 | 1.0s
[    48] loss=-0.7610 | res=2.56e-12 | grad=6.35e-01 | 1.0s
[    49] loss=-0.8764 | res=7.00e-05 | grad=3.82e-01 | 1.0s
[    50] loss=-0.7000 | res=2.00e-04 | grad=7.30e-01 | 1.0s
[    51] loss=-0.7855 | res=1.68e-08 | grad=8.49e-01 | 1.0s
[    52] loss=-0.8538 | res=4.70e-05 | grad=7.27e-01 | 1.0s
[    53] loss=-0.9079 | res=1.25e-04 | grad=8.73e-01 | 1.0s
[    54] loss=-0.9183 | res=1.60e-09 | grad=5.63e-01 | 1.0s
[    55] loss=-0.8454 | res=9.00e-09 | grad=1.97e-01 | 1.0s
[    56] loss=-0.7839 | res=2.97e-05 | grad=5.89e-01 | 1.0s
[    57] loss=-0.8139 | res=3.12e-04 | grad=3.08e-01 | 1.0s
[    58] loss=-0.8797 | res=6.80e-14 | grad=6.13e-01 | 1.0s
[    59] loss=-0.8084 | res=4.91e-04 | grad=3.67e-01 | 1.0s
[    60] loss=-0.8729 | res=1.14e-08 | grad=6.01e-01 | 1.0s
[    61] loss=-0.8340 | res=1.08e-04 | grad=2.90e-01 | 1.0s
[    62] loss=-0.8094 | res=3.68e-09 | grad=3.70e-01 | 1.0s
[    63] loss=-0.7938 | res=1.38e-08 | grad=5.18e-01 | 1.0s
[    64] loss=-0.7849 | res=3.49e-09 | grad=3.24e-01 | 1.0s
[    65] loss=-0.7996 | res=1.59e-08 | grad=3.84e-01 | 1.0s
[    66] loss=-0.8701 | res=4.69e-09 | grad=5.34e-01 | 1.0s
[    67] loss=-0.8527 | res=1.91e-04 | grad=5.69e-01 | 1.0s
[    68] loss=-0.7465 | res=3.45e-04 | grad=7.08e-01 | 1.0s
[    69] loss=-0.9716 | res=5.00e-09 | grad=4.28e-01 | 1.0s
[    70] loss=-0.7670 | res=5.70e-05 | grad=3.17e-01 | 1.0s
[    71] loss=-0.8985 | res=3.03e-04 | grad=3.78e-01 | 1.0s
[    72] loss=-0.7538 | res=6.04e-09 | grad=4.22e-01 | 1.0s
[    73] loss=-0.8328 | res=6.47e-09 | grad=2.70e-01 | 1.0s
[    74] loss=-0.8844 | res=1.20e-04 | grad=2.02e-01 | 1.0s
[    75] loss=-0.7604 | res=3.86e-04 | grad=3.52e-01 | 1.0s
[    76] loss=-0.8625 | res=6.12e-09 | grad=1.65e-01 | 1.0s
[    77] loss=-0.8961 | res=9.13e-05 | grad=6.72e-01 | 1.0s
[    78] loss=-0.8223 | res=5.20e-05 | grad=4.10e-01 | 1.0s
[    79] loss=-0.8199 | res=2.15e-05 | grad=2.38e-01 | 1.0s
[    80] loss=-0.8254 | res=3.25e-05 | grad=7.10e-01 | 1.0s
[    81] loss=-0.7200 | res=1.13e-08 | grad=6.19e-01 | 1.0s
[    82] loss=-0.7124 | res=1.76e-04 | grad=7.09e-01 | 1.0s
[    83] loss=-0.8058 | res=6.01e-05 | grad=7.42e-01 | 1.0s
[    84] loss=-0.8857 | res=1.80e-04 | grad=6.97e-01 | 1.0s
[    85] loss=-0.8130 | res=1.57e-04 | grad=4.77e-01 | 1.0s
[    86] loss=-0.7501 | res=8.91e-05 | grad=3.82e-01 | 1.0s
[    87] loss=-0.7823 | res=9.92e-05 | grad=4.13e-01 | 1.0s
[    88] loss=-0.7503 | res=5.96e-09 | grad=3.80e-01 | 1.0s
[    89] loss=-0.8060 | res=9.48e-05 | grad=3.89e-01 | 1.0s
[    90] loss=-0.7843 | res=1.03e-08 | grad=3.36e-01 | 1.0s
[    91] loss=-0.8506 | res=7.54e-05 | grad=5.64e-01 | 1.0s
[    92] loss=-0.8918 | res=5.82e-05 | grad=2.43e-01 | 1.0s
[    93] loss=-0.8954 | res=1.55e-09 | grad=4.30e-01 | 1.1s
[    94] loss=-0.8275 | res=6.62e-05 | grad=2.60e-01 | 1.0s
[    95] loss=-0.7911 | res=1.45e-04 | grad=4.93e-01 | 1.0s
[    96] loss=-0.8227 | res=1.03e-08 | grad=5.66e-01 | 1.0s
[    97] loss=-0.7994 | res=1.29e-04 | grad=2.03e-01 | 1.0s
[    98] loss=-0.8169 | res=1.89e-04 | grad=2.21e-01 | 1.0s
[    99] loss=-0.8552 | res=5.44e-05 | grad=3.73e-01 | 1.0s
[   100] loss=-0.9014 | res=5.84e-09 | grad=4.55e-01 | 1.0s
[   101] loss=-0.8820 | res=8.64e-09 | grad=2.96e-01 | 1.0s
[   102] loss=-0.7158 | res=1.46e-04 | grad=4.95e-01 | 1.0s
[   103] loss=-0.7445 | res=2.25e-08 | grad=5.66e-01 | 1.0s
[   104] loss=-0.7849 | res=7.95e-05 | grad=4.13e-01 | 1.0s
[   105] loss=-0.8648 | res=9.84e-09 | grad=1.86e-01 | 1.0s
[   106] loss=-0.7844 | res=6.40e-05 | grad=3.83e-01 | 1.0s
[   107] loss=-0.8129 | res=2.93e-09 | grad=4.21e-01 | 1.0s
[   108] loss=-0.8488 | res=1.46e-04 | grad=3.25e-01 | 1.0s
[   109] loss=-0.8045 | res=7.30e-05 | grad=3.78e-01 | 1.0s
[   110] loss=-0.7977 | res=2.12e-04 | grad=6.70e-01 | 1.0s
[   111] loss=-0.8865 | res=8.03e-09 | grad=3.32e-01 | 1.0s
[   112] loss=-0.8804 | res=9.59e-05 | grad=4.35e-01 | 1.0s
[   113] loss=-0.8717 | res=2.89e-04 | grad=1.96e-01 | 1.0s
[   114] loss=-0.8369 | res=2.08e-04 | grad=5.23e-01 | 1.1s
[   115] loss=-0.7897 | res=2.89e-04 | grad=2.10e-01 | 1.0s
[   116] loss=-0.8800 | res=1.47e-04 | grad=6.53e-01 | 1.0s
[   117] loss=-0.8640 | res=1.64e-04 | grad=3.45e-01 | 1.0s
[   118] loss=-0.7788 | res=2.18e-04 | grad=8.09e-01 | 1.0s
[   119] loss=-0.7492 | res=8.66e-09 | grad=8.27e-01 | 1.1s
[   120] loss=-0.8675 | res=7.40e-05 | grad=6.97e-01 | 1.0s
[   121] loss=-0.8400 | res=1.70e-04 | grad=4.05e-01 | 1.0s
[   122] loss=-0.7880 | res=1.19e-08 | grad=4.46e-01 | 1.0s
[   123] loss=-0.8018 | res=5.58e-05 | grad=4.61e-01 | 1.0s
[   124] loss=-0.8922 | res=2.26e-04 | grad=5.67e-01 | 0.9s
[   125] loss=-0.8669 | res=4.32e-10 | grad=7.42e-01 | 0.9s
[   126] loss=-0.8982 | res=1.62e-04 | grad=3.32e-01 | 0.9s
[   127] loss=-0.7662 | res=1.59e-05 | grad=7.84e-01 | 1.0s
[   128] loss=-0.8116 | res=1.75e-08 | grad=4.82e-01 | 1.0s
[   129] loss=-0.8075 | res=5.03e-09 | grad=3.78e-01 | 1.0s
[   130] loss=-0.8499 | res=4.35e-05 | grad=5.55e-01 | 1.0s
[   131] loss=-0.9353 | res=2.74e-05 | grad=6.66e-01 | 1.1s
[   132] loss=-0.8029 | res=1.03e-08 | grad=4.37e-01 | 1.0s
[   133] loss=-0.7575 | res=1.36e-12 | grad=6.96e-01 | 1.0s
[   134] loss=-0.7283 | res=5.01e-05 | grad=7.86e-01 | 1.0s
[   135] loss=-0.8243 | res=6.32e-05 | grad=6.72e-01 | 1.0s
[   136] loss=-0.7337 | res=4.99e-05 | grad=5.43e-01 | 1.0s
[   137] loss=-0.8189 | res=9.54e-09 | grad=4.89e-01 | 1.0s
[   138] loss=-0.8865 | res=1.47e-08 | grad=7.62e-01 | 1.0s
[   139] loss=-0.8086 | res=4.06e-09 | grad=3.63e-01 | 1.0s
[   140] loss=-0.8665 | res=1.23e-08 | grad=4.28e-01 | 1.0s
[   141] loss=-0.7715 | res=1.54e-04 | grad=2.38e-01 | 1.0s
[   142] loss=-0.7999 | res=5.00e-05 | grad=5.57e-01 | 1.0s
[   143] loss=-0.9001 | res=1.37e-05 | grad=2.28e-01 | 1.0s
[   144] loss=-0.8921 | res=2.34e-04 | grad=4.27e-01 | 1.0s
[   145] loss=-0.9227 | res=4.49e-09 | grad=6.65e-01 | 1.0s
[   146] loss=-0.8917 | res=1.64e-04 | grad=4.40e-01 | 1.0s
[   147] loss=-0.7572 | res=2.78e-09 | grad=4.92e-01 | 1.0s
[   148] loss=-0.7865 | res=2.60e-09 | grad=4.44e-01 | 1.0s
[   149] loss=-0.8372 | res=2.21e-04 | grad=3.56e-01 | 1.0s
[   150] loss=-0.7807 | res=4.33e-09 | grad=4.97e-01 | 1.0s
[   151] loss=-0.8457 | res=1.35e-04 | grad=6.38e-01 | 1.0s
[   152] loss=-0.8311 | res=1.59e-09 | grad=2.93e-01 | 1.0s
[   153] loss=-0.7605 | res=2.25e-04 | grad=4.69e-01 | 1.0s
[   154] loss=-0.7125 | res=1.03e-08 | grad=5.62e-01 | 1.1s
[   155] loss=-0.7825 | res=4.05e-09 | grad=6.23e-01 | 1.1s
[   156] loss=-0.8250 | res=1.46e-04 | grad=2.90e-01 | 1.0s
[   157] loss=-0.7713 | res=3.76e-04 | grad=1.69e-01 | 1.0s
[   158] loss=-0.9098 | res=4.70e-05 | grad=4.59e-01 | 1.0s
[   159] loss=-0.7220 | res=2.65e-09 | grad=5.51e-01 | 1.0s
[   160] loss=-0.8624 | res=6.84e-05 | grad=3.91e-01 | 1.0s
[   161] loss=-0.7877 | res=1.40e-04 | grad=1.74e-01 | 1.0s
[   162] loss=-0.8558 | res=5.50e-15 | grad=5.61e-01 | 1.0s
[   163] loss=-0.8174 | res=2.12e-08 | grad=5.21e-01 | 1.0s
[   164] loss=-0.8311 | res=9.40e-05 | grad=4.18e-01 | 1.0s
[   165] loss=-0.8497 | res=2.09e-04 | grad=2.25e-01 | 1.1s
[   166] loss=-0.7373 | res=1.74e-15 | grad=4.93e-01 | 1.1s
[   167] loss=-0.8139 | res=1.85e-04 | grad=5.25e-01 | 1.0s
[   168] loss=-0.8078 | res=2.69e-09 | grad=1.20e-01 | 1.0s
[   169] loss=-0.8363 | res=5.85e-05 | grad=3.53e-01 | 1.0s
[   170] loss=-0.8082 | res=2.01e-08 | grad=4.89e-01 | 1.0s
[   171] loss=-0.8221 | res=5.13e-05 | grad=3.24e-01 | 1.0s
[   172] loss=-0.7712 | res=9.70e-05 | grad=2.29e-01 | 1.0s
[   173] loss=-0.8967 | res=5.50e-05 | grad=6.70e-01 | 1.1s
[   174] loss=-0.7063 | res=8.08e-09 | grad=8.33e-01 | 1.0s
[   175] loss=-0.7806 | res=6.32e-05 | grad=1.69e-01 | 1.0s
[   176] loss=-0.9203 | res=7.57e-09 | grad=4.74e-01 | 1.0s
[   177] loss=-0.8530 | res=5.88e-05 | grad=6.80e-01 | 1.0s
[   178] loss=-0.8168 | res=7.33e-05 | grad=2.13e-01 | 1.0s
[   179] loss=-0.8409 | res=3.98e-09 | grad=3.81e-01 | 1.0s
[   180] loss=-0.8459 | res=1.74e-04 | grad=6.37e-01 | 1.0s
[   181] loss=-0.8252 | res=1.33e-04 | grad=5.70e-01 | 1.1s
[   182] loss=-0.7293 | res=1.50e-08 | grad=5.29e-01 | 1.0s
[   183] loss=-0.8252 | res=1.00e-04 | grad=2.68e-01 | 1.0s
[   184] loss=-0.8237 | res=5.53e-09 | grad=2.83e-01 | 1.0s
[   185] loss=-0.8226 | res=1.58e-15 | grad=4.62e-01 | 1.0s
[   186] loss=-0.8432 | res=1.30e-09 | grad=7.73e-01 | 1.1s
[   187] loss=-0.9239 | res=1.63e-04 | grad=4.80e-01 | 1.0s
[   188] loss=-0.9001 | res=7.94e-09 | grad=4.26e-01 | 1.1s
[   189] loss=-0.8680 | res=2.09e-09 | grad=5.33e-01 | 1.0s
[   190] loss=-0.8228 | res=1.10e-04 | grad=4.97e-01 | 1.0s
[   191] loss=-0.8795 | res=9.07e-09 | grad=2.63e-01 | 1.0s
[   192] loss=-0.8624 | res=1.50e-04 | grad=5.84e-01 | 1.0s
[   193] loss=-0.9040 | res=6.38e-05 | grad=3.97e-01 | 1.0s
[   194] loss=-0.8957 | res=1.30e-04 | grad=4.37e-01 | 1.1s
[   195] loss=-0.8477 | res=6.65e-05 | grad=5.34e-01 | 1.0s
[   196] loss=-0.7938 | res=1.88e-08 | grad=6.77e-01 | 1.0s
[   197] loss=-0.8280 | res=1.17e-04 | grad=5.19e-01 | 1.0s
[   198] loss=-0.6644 | res=1.89e-04 | grad=1.03e+00 | 0.9s
[   199] loss=-0.8613 | res=7.81e-08 | grad=2.87e-01 | 1.0s
[   200] loss=-0.8265 | res=1.30e-04 | grad=2.66e-01 | 1.0s
[   201] loss=-0.8125 | res=4.13e-09 | grad=6.52e-01 | 1.0s
[   202] loss=-0.8741 | res=5.48e-09 | grad=3.95e-01 | 1.0s
[   203] loss=-0.8323 | res=6.29e-09 | grad=5.30e-01 | 1.0s
[   204] loss=-0.8801 | res=1.58e-15 | grad=4.82e-01 | 0.9s
[   205] loss=-0.8174 | res=2.43e-04 | grad=4.76e-01 | 0.9s
[   206] loss=-0.8667 | res=5.05e-05 | grad=7.89e-01 | 1.0s
[   207] loss=-0.8778 | res=2.73e-04 | grad=5.65e-01 | 0.9s
[   208] loss=-0.7593 | res=5.04e-05 | grad=4.78e-01 | 0.9s
[   209] loss=-0.8663 | res=4.16e-09 | grad=4.65e-01 | 0.9s
[   210] loss=-0.7976 | res=1.33e-04 | grad=3.60e-01 | 1.0s
[   211] loss=-0.7472 | res=6.55e-05 | grad=3.69e-01 | 1.0s
[   212] loss=-0.8169 | res=6.42e-05 | grad=7.23e-01 | 1.0s
[   213] loss=-0.9022 | res=1.02e-04 | grad=3.05e-01 | 1.0s
[   214] loss=-0.8159 | res=1.19e-04 | grad=4.96e-01 | 1.0s
[   215] loss=-0.8520 | res=8.44e-09 | grad=3.67e-01 | 1.0s
[   216] loss=-0.8011 | res=2.29e-05 | grad=5.69e-01 | 1.0s
[   217] loss=-0.9199 | res=5.88e-05 | grad=5.09e-01 | 1.0s
[   218] loss=-0.8968 | res=6.27e-10 | grad=4.60e-01 | 1.0s
[   219] loss=-0.9027 | res=2.06e-04 | grad=4.95e-01 | 1.0s
[   220] loss=-0.8229 | res=6.10e-09 | grad=3.25e-01 | 1.1s
[   221] loss=-0.8422 | res=5.99e-05 | grad=5.55e-01 | 1.0s
[   222] loss=-0.8241 | res=4.31e-05 | grad=1.82e-01 | 1.0s
[   223] loss=-0.8731 | res=6.90e-05 | grad=3.77e-01 | 1.0s
[   224] loss=-0.8503 | res=1.36e-04 | grad=1.66e-01 | 1.0s
[   225] loss=-0.8421 | res=2.22e-15 | grad=4.01e-01 | 1.0s
[   226] loss=-0.7864 | res=3.89e-09 | grad=4.74e-01 | 1.0s
[   227] loss=-0.7502 | res=1.10e-08 | grad=5.31e-01 | 1.0s
[   228] loss=-0.9196 | res=1.76e-15 | grad=5.41e-01 | 1.0s
[   229] loss=-0.7334 | res=2.21e-04 | grad=3.56e-01 | 1.0s
[   230] loss=-0.8239 | res=5.66e-05 | grad=6.44e-01 | 1.0s
[   231] loss=-0.8318 | res=2.62e-04 | grad=3.64e-01 | 1.0s
[   232] loss=-0.8579 | res=3.06e-09 | grad=3.19e-01 | 1.0s
[   233] loss=-0.8669 | res=1.40e-15 | grad=8.10e-01 | 1.0s
[   234] loss=-0.8046 | res=7.97e-09 | grad=9.24e-02 | 1.0s
[   235] loss=-0.8226 | res=5.09e-05 | grad=2.30e-01 | 1.0s
[   236] loss=-0.7724 | res=5.32e-10 | grad=3.00e-01 | 1.0s
[   237] loss=-0.8042 | res=3.71e-09 | grad=2.19e-01 | 1.0s
[   238] loss=-0.8212 | res=2.06e-04 | grad=5.48e-01 | 0.9s
[   239] loss=-0.8243 | res=1.55e-04 | grad=2.75e-01 | 0.9s
[   240] loss=-0.8695 | res=1.14e-04 | grad=2.51e-01 | 0.9s
[   241] loss=-0.8061 | res=1.36e-08 | grad=3.93e-01 | 0.9s
[   242] loss=-0.8360 | res=2.36e-13 | grad=3.88e-01 | 0.9s
[   243] loss=-0.9091 | res=5.40e-04 | grad=3.87e-01 | 0.9s
[   244] loss=-0.8650 | res=1.65e-04 | grad=4.74e-01 | 0.9s
[   245] loss=-0.7924 | res=5.48e-09 | grad=3.96e-01 | 0.9s
[   246] loss=-0.8178 | res=9.31e-05 | grad=3.65e-01 | 0.9s
[   247] loss=-0.8230 | res=1.42e-04 | grad=2.54e-01 | 0.9s
[   248] loss=-0.8548 | res=2.20e-04 | grad=1.84e-01 | 0.9s
[   249] loss=-0.7009 | res=2.08e-15 | grad=7.80e-01 | 1.0s
[   250] loss=-0.8456 | res=2.05e-04 | grad=2.32e-01 | 0.9s
[   251] loss=-0.7326 | res=1.81e-04 | grad=6.95e-01 | 0.9s
[   252] loss=-0.8530 | res=1.11e-04 | grad=3.50e-01 | 0.9s
[   253] loss=-0.8681 | res=5.91e-09 | grad=5.78e-01 | 0.9s
[   254] loss=-0.8179 | res=7.38e-05 | grad=8.68e-02 | 0.9s
[   255] loss=-0.8126 | res=2.24e-04 | grad=4.79e-01 | 0.9s
[   256] loss=-0.9821 | res=6.18e-05 | grad=1.06e+00 | 1.0s
[   257] loss=-0.8558 | res=9.81e-06 | grad=5.79e-01 | 1.0s
[   258] loss=-0.7694 | res=1.92e-15 | grad=3.85e-01 | 1.0s
[   259] loss=-0.8910 | res=1.16e-04 | grad=4.25e-01 | 1.0s
[   260] loss=-0.7571 | res=6.32e-05 | grad=6.32e-01 | 1.0s
[   261] loss=-0.8413 | res=5.24e-05 | grad=3.64e-01 | 1.0s
[   262] loss=-0.8179 | res=2.69e-04 | grad=3.91e-01 | 1.0s
[   263] loss=-0.7916 | res=4.43e-12 | grad=4.27e-01 | 1.0s
[   264] loss=-0.9649 | res=4.32e-09 | grad=4.92e-01 | 1.0s
[   265] loss=-0.7845 | res=5.67e-05 | grad=6.41e-01 | 1.0s
[   266] loss=-0.7356 | res=6.72e-05 | grad=6.99e-01 | 1.0s
[   267] loss=-0.8141 | res=8.86e-09 | grad=1.64e-01 | 1.0s
[   268] loss=-0.8431 | res=7.82e-05 | grad=2.92e-01 | 1.0s
[   269] loss=-0.8705 | res=1.12e-04 | grad=5.36e-01 | 1.0s
[   270] loss=-0.8844 | res=1.55e-04 | grad=7.48e-01 | 1.0s
[   271] loss=-0.8486 | res=9.40e-09 | grad=2.46e-01 | 1.0s
[   272] loss=-0.8323 | res=1.24e-04 | grad=1.86e-01 | 1.0s
[   273] loss=-0.8070 | res=5.76e-05 | grad=4.97e-01 | 1.0s
[   274] loss=-0.8247 | res=2.51e-04 | grad=3.63e-01 | 1.0s
[   275] loss=-0.8279 | res=1.61e-08 | grad=2.51e-01 | 1.0s
[   276] loss=-0.8449 | res=1.81e-04 | grad=4.57e-01 | 1.0s
[   277] loss=-0.8393 | res=6.21e-05 | grad=2.80e-01 | 1.0s
[   278] loss=-0.8518 | res=1.59e-04 | grad=1.92e-01 | 1.0s
[   279] loss=-0.7936 | res=6.81e-05 | grad=3.43e-01 | 1.0s
[   280] loss=-0.8879 | res=2.01e-04 | grad=2.26e-01 | 1.1s
[   281] loss=-0.8391 | res=4.88e-09 | grad=3.81e-01 | 1.0s
[   282] loss=-0.7797 | res=8.03e-10 | grad=2.55e-01 | 1.0s
[   283] loss=-0.8253 | res=6.98e-05 | grad=2.40e-01 | 1.0s
[   284] loss=-0.8827 | res=1.80e-04 | grad=2.95e-01 | 1.0s
[   285] loss=-0.8429 | res=7.68e-11 | grad=8.38e-02 | 1.0s
[   286] loss=-0.7762 | res=5.46e-05 | grad=3.52e-01 | 1.0s
[   287] loss=-0.8406 | res=6.17e-10 | grad=1.15e-01 | 1.0s
[   288] loss=-0.8201 | res=1.62e-04 | grad=4.08e-01 | 1.0s
[   289] loss=-0.8516 | res=5.96e-05 | grad=1.65e-01 | 1.0s
[   290] loss=-0.7324 | res=9.86e-05 | grad=6.22e-01 | 1.0s
[   291] loss=-0.8866 | res=1.30e-04 | grad=6.27e-01 | 1.0s
[   292] loss=-0.8736 | res=7.12e-05 | grad=4.78e-01 | 1.0s
[   293] loss=-0.8696 | res=5.48e-05 | grad=9.97e-02 | 1.0s
[   294] loss=-0.8249 | res=3.28e-05 | grad=2.49e-01 | 1.0s
[   295] loss=-0.8179 | res=1.05e-04 | grad=1.05e-01 | 1.0s
[   296] loss=-0.7897 | res=2.07e-15 | grad=2.20e-01 | 1.0s
[   297] loss=-0.7630 | res=3.71e-09 | grad=2.90e-01 | 1.0s
[   298] loss=-0.8325 | res=1.07e-04 | grad=2.49e-01 | 1.1s
[   299] loss=-0.7800 | res=3.82e-09 | grad=2.99e-01 | 1.0s
[   300] loss=-0.8133 | res=1.68e-09 | grad=3.19e-01 | 1.0s
[   301] loss=-0.8360 | res=1.82e-04 | grad=1.53e-01 | 1.0s
[   302] loss=-0.8360 | res=3.89e-09 | grad=3.64e-01 | 1.0s
[   303] loss=-0.8807 | res=1.57e-04 | grad=2.74e-01 | 1.0s
[   304] loss=-0.8719 | res=2.34e-04 | grad=3.74e-01 | 1.0s
[   305] loss=-0.9113 | res=6.08e-05 | grad=5.13e-01 | 1.0s
[   306] loss=-0.8798 | res=3.75e-09 | grad=3.99e-01 | 1.0s
[   307] loss=-0.7935 | res=8.76e-05 | grad=4.00e-01 | 1.0s
[   308] loss=-0.7333 | res=2.41e-04 | grad=7.18e-01 | 1.0s
[   309] loss=-0.8550 | res=7.90e-05 | grad=1.68e-01 | 1.0s
[   310] loss=-0.9425 | res=1.14e-04 | grad=4.79e-01 | 1.0s
[   311] loss=-0.8446 | res=9.31e-05 | grad=3.81e-01 | 1.0s
[   312] loss=-0.7598 | res=2.05e-04 | grad=6.54e-01 | 1.0s
[   313] loss=-0.7919 | res=1.09e-04 | grad=4.10e-01 | 1.0s
[   314] loss=-0.8032 | res=1.80e-09 | grad=2.97e-01 | 1.0s
[   315] loss=-0.8195 | res=3.90e-09 | grad=3.38e-01 | 1.0s
[   316] loss=-0.8863 | res=5.30e-05 | grad=7.54e-01 | 1.0s
[   317] loss=-0.7131 | res=2.03e-04 | grad=2.20e-01 | 1.0s
[   318] loss=-0.8008 | res=3.36e-09 | grad=2.15e-01 | 1.0s
[   319] loss=-0.8277 | res=2.07e-04 | grad=5.75e-01 | 1.0s
[   320] loss=-0.9200 | res=2.95e-09 | grad=1.05e+00 | 1.0s
[   321] loss=-0.7994 | res=1.04e-10 | grad=1.19e-01 | 1.0s
[   322] loss=-0.7410 | res=1.25e-04 | grad=2.56e-01 | 0.9s
[   323] loss=-0.8424 | res=6.69e-05 | grad=1.64e-01 | 0.9s
[   324] loss=-0.8781 | res=5.74e-05 | grad=6.90e-01 | 0.9s
[   325] loss=-0.8900 | res=5.61e-05 | grad=2.30e-01 | 0.9s
[   326] loss=-0.9080 | res=7.37e-09 | grad=3.95e-01 | 1.0s
[   327] loss=-0.8279 | res=5.31e-05 | grad=6.35e-01 | 1.0s
[   328] loss=-0.8128 | res=2.58e-04 | grad=4.32e-01 | 1.0s
[   329] loss=-0.8517 | res=2.36e-04 | grad=3.72e-01 | 1.0s
[   330] loss=-0.8330 | res=6.01e-05 | grad=4.26e-01 | 1.0s
[   331] loss=-0.8736 | res=1.09e-04 | grad=2.93e-01 | 0.9s
[   332] loss=-0.9410 | res=2.35e-04 | grad=5.92e-01 | 1.0s
[   333] loss=-0.8293 | res=3.00e-04 | grad=2.02e-01 | 1.0s
[   334] loss=-0.8280 | res=6.78e-05 | grad=2.84e-01 | 1.0s
[   335] loss=-0.7570 | res=9.70e-09 | grad=5.20e-01 | 1.0s
[   336] loss=-0.8998 | res=1.26e-04 | grad=2.95e-01 | 0.9s
[   337] loss=-0.8088 | res=3.33e-09 | grad=5.69e-01 | 1.0s
[   338] loss=-0.7455 | res=2.32e-04 | grad=3.78e-01 | 1.1s
[   339] loss=-0.8792 | res=1.73e-10 | grad=7.23e-01 | 1.0s
[   340] loss=-0.8811 | res=1.08e-04 | grad=7.16e-01 | 1.0s
[   341] loss=-0.8728 | res=5.10e-05 | grad=3.07e-01 | 1.0s
[   342] loss=-0.8787 | res=4.59e-05 | grad=4.30e-01 | 1.0s
[   343] loss=-0.8644 | res=2.25e-04 | grad=9.19e-02 | 1.1s
[   344] loss=-0.9000 | res=1.58e-15 | grad=2.67e-01 | 1.0s
[   345] loss=-0.8393 | res=5.55e-05 | grad=2.83e-01 | 1.1s
[   346] loss=-0.7889 | res=8.27e-05 | grad=3.33e-01 | 1.1s
[   347] loss=-0.8585 | res=4.82e-09 | grad=3.05e-01 | 1.0s
[   348] loss=-0.8306 | res=7.85e-05 | grad=5.63e-01 | 1.0s
[   349] loss=-0.8168 | res=1.21e-13 | grad=2.63e-01 | 1.0s
[   350] loss=-0.9644 | res=4.69e-04 | grad=5.03e-01 | 1.1s
[   351] loss=-0.8039 | res=1.12e-04 | grad=3.66e-01 | 1.0s
[   352] loss=-0.7016 | res=6.32e-05 | grad=6.39e-01 | 1.1s
[   353] loss=-0.9274 | res=5.82e-12 | grad=4.23e-01 | 1.1s
[   354] loss=-0.7847 | res=9.42e-05 | grad=3.36e-01 | 1.1s
[   355] loss=-0.8690 | res=1.75e-04 | grad=3.06e-01 | 1.1s
[   356] loss=-0.9159 | res=1.04e-04 | grad=6.14e-01 | 1.0s
[   357] loss=-0.8626 | res=4.10e-05 | grad=1.91e-01 | 1.0s
[   358] loss=-0.8309 | res=9.32e-05 | grad=2.81e-01 | 1.0s
[   359] loss=-0.7575 | res=1.17e-04 | grad=5.41e-01 | 1.0s
[   360] loss=-0.9192 | res=2.84e-08 | grad=2.54e-01 | 1.0s
[   361] loss=-0.9104 | res=6.42e-05 | grad=4.36e-01 | 1.0s
[   362] loss=-0.8384 | res=7.51e-09 | grad=3.87e-01 | 1.1s
[   363] loss=-0.8068 | res=6.93e-05 | grad=3.34e-01 | 1.1s
[   364] loss=-0.8264 | res=9.92e-12 | grad=1.04e-01 | 1.1s
[   365] loss=-0.7902 | res=3.63e-09 | grad=4.36e-01 | 1.1s
[   366] loss=-0.8412 | res=7.56e-05 | grad=2.95e-01 | 1.1s
[   367] loss=-0.8805 | res=6.73e-09 | grad=4.90e-01 | 1.1s
[   368] loss=-0.7876 | res=1.20e-09 | grad=4.08e-01 | 1.1s
[   369] loss=-0.7657 | res=7.18e-09 | grad=3.83e-01 | 1.1s
[   370] loss=-0.8088 | res=3.89e-09 | grad=4.61e-01 | 1.1s
[   371] loss=-0.7943 | res=1.72e-09 | grad=4.03e-01 | 1.1s
[   372] loss=-0.9038 | res=2.08e-09 | grad=7.03e-01 | 1.0s
[   373] loss=-0.8128 | res=1.44e-15 | grad=4.57e-01 | 1.0s
[   374] loss=-0.8117 | res=6.54e-10 | grad=2.31e-01 | 1.0s
[   375] loss=-0.8022 | res=5.86e-09 | grad=2.97e-01 | 1.0s
[   376] loss=-0.8577 | res=4.10e-09 | grad=4.38e-01 | 1.1s
[   377] loss=-0.8936 | res=5.60e-11 | grad=4.49e-01 | 1.0s
[   378] loss=-0.7184 | res=5.01e-05 | grad=7.00e-01 | 1.0s
[   379] loss=-0.8361 | res=1.74e-09 | grad=2.90e-01 | 1.0s
[   380] loss=-0.7894 | res=1.56e-08 | grad=5.12e-01 | 1.0s
[   381] loss=-0.8414 | res=9.56e-05 | grad=2.64e-01 | 1.0s
[   382] loss=-0.8086 | res=1.24e-04 | grad=1.33e-01 | 1.0s
[   383] loss=-0.9001 | res=8.90e-05 | grad=6.70e-01 | 1.0s
[   384] loss=-0.8589 | res=5.55e-05 | grad=1.70e-01 | 1.0s
[   385] loss=-0.8385 | res=2.19e-04 | grad=2.33e-01 | 1.0s
[   386] loss=-0.7475 | res=3.42e-09 | grad=5.25e-01 | 1.1s
[   387] loss=-0.7520 | res=5.62e-05 | grad=7.74e-01 | 1.0s
[   388] loss=-0.8520 | res=2.13e-05 | grad=3.66e-01 | 1.0s
[   389] loss=-0.8735 | res=5.37e-05 | grad=7.23e-01 | 1.0s
[   390] loss=-0.8110 | res=8.96e-09 | grad=3.76e-01 | 1.0s
[   391] loss=-0.8194 | res=8.77e-09 | grad=5.15e-01 | 1.0s
[   392] loss=-0.8684 | res=1.67e-04 | grad=7.62e-01 | 1.1s
[   393] loss=-0.9295 | res=6.28e-09 | grad=5.88e-01 | 1.0s
[   394] loss=-0.8684 | res=3.83e-04 | grad=7.13e-01 | 1.0s
[   395] loss=-0.8178 | res=3.70e-09 | grad=1.39e-01 | 1.0s
[   396] loss=-0.8717 | res=3.76e-05 | grad=6.88e-01 | 1.0s
[   397] loss=-0.7964 | res=1.12e-04 | grad=4.09e-01 | 1.0s
[   398] loss=-0.8029 | res=7.08e-09 | grad=6.40e-01 | 1.0s
[   399] loss=-0.8099 | res=6.20e-05 | grad=6.14e-01 | 1.0s
[   400] loss=-0.7583 | res=1.73e-15 | grad=8.02e-01 | 1.0s
[   401] loss=-0.9099 | res=1.21e-04 | grad=4.16e-01 | 1.0s
[   402] loss=-0.7911 | res=4.34e-05 | grad=3.42e-01 | 1.1s
[   403] loss=-0.8858 | res=3.01e-05 | grad=4.61e-01 | 1.0s
[   404] loss=-0.8853 | res=5.81e-04 | grad=5.33e-01 | 1.0s
[   405] loss=-0.8443 | res=1.52e-04 | grad=7.63e-01 | 1.0s
[   406] loss=-0.7702 | res=9.75e-09 | grad=5.29e-01 | 1.0s
[   407] loss=-0.8177 | res=7.71e-05 | grad=3.06e-01 | 1.0s
[   408] loss=-0.8610 | res=3.22e-05 | grad=4.54e-01 | 1.0s
[   409] loss=-0.9406 | res=1.31e-09 | grad=7.62e-01 | 1.1s
[   410] loss=-0.9178 | res=2.29e-09 | grad=5.88e-01 | 1.1s
[   411] loss=-0.7709 | res=6.35e-05 | grad=6.12e-01 | 1.0s
[   412] loss=-0.8353 | res=6.75e-05 | grad=3.16e-01 | 1.0s
[   413] loss=-0.9215 | res=5.88e-05 | grad=4.34e-01 | 1.0s
[   414] loss=-0.8617 | res=6.47e-04 | grad=8.28e-02 | 1.1s
[   415] loss=-0.8583 | res=1.79e-15 | grad=4.95e-01 | 1.0s
[   416] loss=-0.8893 | res=2.99e-14 | grad=2.82e-01 | 1.0s
[   417] loss=-0.7997 | res=5.47e-05 | grad=6.04e-01 | 1.1s
[   418] loss=-0.8824 | res=6.21e-05 | grad=1.36e-01 | 1.1s
[   419] loss=-0.8275 | res=2.41e-14 | grad=3.41e-01 | 1.1s
[   420] loss=-0.9069 | res=2.09e-04 | grad=3.04e-01 | 1.1s
[   421] loss=-0.7523 | res=1.02e-04 | grad=4.46e-01 | 1.0s
[   422] loss=-0.9259 | res=8.33e-05 | grad=4.80e-01 | 1.1s
[   423] loss=-0.8133 | res=1.73e-15 | grad=2.51e-01 | 1.1s
[   424] loss=-0.8391 | res=1.14e-08 | grad=2.83e-01 | 1.0s
[   425] loss=-0.8311 | res=7.41e-05 | grad=2.77e-01 | 1.1s
[   426] loss=-0.9142 | res=1.46e-04 | grad=5.93e-01 | 1.1s
[   427] loss=-0.8195 | res=2.01e-12 | grad=4.08e-01 | 1.0s
[   428] loss=-0.8287 | res=3.34e-04 | grad=2.51e-01 | 1.1s
[   429] loss=-0.8730 | res=5.70e-09 | grad=2.45e-01 | 1.1s
[   430] loss=-0.8024 | res=1.14e-04 | grad=2.42e-01 | 1.1s
[   431] loss=-0.7455 | res=1.52e-15 | grad=1.26e-01 | 1.1s
[   432] loss=-0.8570 | res=3.28e-09 | grad=4.92e-01 | 1.1s
[   433] loss=-0.8274 | res=1.76e-04 | grad=3.54e-01 | 1.1s
[   434] loss=-0.8596 | res=7.16e-09 | grad=1.61e-01 | 1.1s
[   435] loss=-0.8895 | res=1.67e-08 | grad=3.56e-01 | 1.1s
[   436] loss=-0.8019 | res=5.84e-14 | grad=3.67e-01 | 1.0s
[   437] loss=-0.8083 | res=5.75e-05 | grad=3.90e-01 | 1.0s
[   438] loss=-0.7829 | res=1.58e-15 | grad=5.14e-01 | 1.0s
[   439] loss=-0.8317 | res=2.47e-04 | grad=4.23e-01 | 1.0s
[   440] loss=-0.8313 | res=3.27e-04 | grad=1.88e-01 | 1.1s
[   441] loss=-0.8391 | res=1.33e-04 | grad=5.60e-01 | 1.1s
[   442] loss=-0.9196 | res=8.05e-09 | grad=4.95e-01 | 1.1s
[   443] loss=-0.8718 | res=5.59e-05 | grad=5.71e-01 | 1.1s
[   444] loss=-0.8598 | res=1.47e-04 | grad=3.10e-01 | 1.0s
[   445] loss=-0.8545 | res=5.80e-05 | grad=5.10e-01 | 1.1s
[   446] loss=-0.8542 | res=3.96e-04 | grad=1.19e-01 | 1.1s
[   447] loss=-0.8415 | res=9.32e-05 | grad=5.20e-01 | 1.1s
[   448] loss=-0.7438 | res=2.45e-04 | grad=8.41e-01 | 1.0s
[   449] loss=-0.8136 | res=6.32e-05 | grad=5.64e-01 | 1.1s
[   450] loss=-0.8303 | res=2.22e-15 | grad=4.29e-01 | 1.0s
[   451] loss=-0.7456 | res=2.37e-04 | grad=6.84e-01 | 1.1s
[   452] loss=-0.7449 | res=9.18e-10 | grad=7.60e-01 | 1.1s
[   453] loss=-0.7141 | res=2.45e-04 | grad=1.24e-01 | 1.0s
[   454] loss=-0.8586 | res=7.81e-05 | grad=4.45e-01 | 1.1s
[   455] loss=-0.8806 | res=8.99e-05 | grad=7.73e-01 | 1.0s
[   456] loss=-0.7805 | res=8.64e-05 | grad=5.37e-01 | 1.1s
[   457] loss=-0.8777 | res=9.49e-09 | grad=1.01e+00 | 1.0s
[   458] loss=-0.9247 | res=7.29e-13 | grad=7.90e-01 | 1.1s
[   459] loss=-0.9590 | res=2.74e-04 | grad=1.14e+00 | 1.1s
[   460] loss=-0.8058 | res=1.68e-15 | grad=3.74e-01 | 1.1s
[   461] loss=-0.8327 | res=2.42e-14 | grad=6.99e-01 | 1.1s
[   462] loss=-0.8308 | res=1.58e-04 | grad=6.20e-01 | 1.0s
[   463] loss=-0.8230 | res=3.27e-04 | grad=7.77e-01 | 1.0s
[   464] loss=-0.8977 | res=1.86e-15 | grad=3.78e-01 | 1.0s
[   465] loss=-0.9008 | res=1.01e-04 | grad=3.87e-01 | 1.1s
[   466] loss=-0.8156 | res=2.81e-09 | grad=6.18e-01 | 1.1s
[   467] loss=-0.7416 | res=6.68e-09 | grad=3.72e-01 | 1.1s
[   468] loss=-0.7809 | res=4.94e-09 | grad=5.13e-01 | 1.0s
[   469] loss=-0.8594 | res=3.59e-05 | grad=2.97e-01 | 1.0s
[   470] loss=-0.9016 | res=8.80e-10 | grad=4.98e-01 | 1.1s
[   471] loss=-0.9020 | res=2.77e-11 | grad=5.36e-01 | 1.0s
[   472] loss=-0.8180 | res=6.69e-09 | grad=1.49e-01 | 1.0s
[   473] loss=-0.7703 | res=1.09e-08 | grad=2.78e-01 | 1.1s
[   474] loss=-0.8523 | res=8.60e-05 | grad=4.70e-01 | 1.0s
[   475] loss=-0.8316 | res=5.44e-05 | grad=2.77e-01 | 1.1s
[   476] loss=-0.8848 | res=6.88e-11 | grad=2.91e-01 | 1.0s
[   477] loss=-0.8021 | res=5.53e-05 | grad=2.63e-01 | 1.1s
[   478] loss=-0.9228 | res=1.93e-09 | grad=4.27e-01 | 1.1s
[   479] loss=-0.8836 | res=9.10e-05 | grad=3.04e-01 | 1.0s
[   480] loss=-0.8071 | res=7.82e-05 | grad=4.37e-01 | 1.0s
[   481] loss=-0.8653 | res=1.99e-09 | grad=1.78e-01 | 1.1s
[   482] loss=-0.8495 | res=1.39e-15 | grad=1.57e-01 | 1.1s
[   483] loss=-0.8944 | res=7.49e-05 | grad=1.13e-01 | 1.0s
[   484] loss=-0.8141 | res=1.49e-15 | grad=2.18e-01 | 1.1s
[   485] loss=-0.8187 | res=3.16e-09 | grad=4.14e-01 | 1.0s
[   486] loss=-0.8313 | res=1.54e-04 | grad=9.96e-02 | 1.0s
[   487] loss=-0.8796 | res=7.27e-05 | grad=2.33e-01 | 1.1s
[   488] loss=-0.8403 | res=2.84e-10 | grad=1.94e-01 | 1.1s
[   489] loss=-0.8152 | res=1.56e-15 | grad=1.51e-01 | 1.0s
[   490] loss=-0.8336 | res=1.47e-15 | grad=1.26e-01 | 1.1s
[   491] loss=-0.9278 | res=9.45e-09 | grad=5.02e-01 | 1.1s
[   492] loss=-0.8971 | res=3.15e-15 | grad=2.07e-01 | 1.1s
[   493] loss=-0.7607 | res=1.95e-04 | grad=4.87e-01 | 1.0s
[   494] loss=-0.8741 | res=1.60e-13 | grad=2.54e-01 | 1.1s
[   495] loss=-0.9219 | res=1.43e-15 | grad=4.48e-01 | 1.1s
[   496] loss=-0.8560 | res=7.59e-10 | grad=1.21e-01 | 1.0s
[   497] loss=-0.8134 | res=1.59e-15 | grad=1.50e-01 | 1.1s
[   498] loss=-0.8789 | res=3.13e-09 | grad=3.40e-01 | 1.0s
[   499] loss=-0.9813 | res=1.63e-15 | grad=6.44e-01 | 1.0s
[   500] loss=-0.9582 | res=3.64e-09 | grad=2.90e-01 | 0.9s
[   501] loss=-0.9403 | res=5.66e-05 | grad=3.87e-01 | 1.0s
[   502] loss=-0.8851 | res=1.68e-04 | grad=2.94e-01 | 1.0s
[   503] loss=-0.8168 | res=8.66e-05 | grad=6.89e-01 | 1.0s
[   504] loss=-0.8473 | res=3.21e-04 | grad=6.25e-01 | 0.9s
[   505] loss=-0.8427 | res=6.24e-09 | grad=5.97e-01 | 1.0s
[   506] loss=-0.7748 | res=4.09e-04 | grad=6.26e-01 | 1.0s
[   507] loss=-0.8554 | res=1.41e-04 | grad=3.76e-01 | 1.0s
[   508] loss=-0.8151 | res=5.63e-05 | grad=3.54e-01 | 1.0s
[   509] loss=-0.8152 | res=6.92e-05 | grad=2.22e-01 | 1.1s
[   510] loss=-0.8524 | res=6.11e-09 | grad=4.98e-01 | 1.0s
[   511] loss=-0.8267 | res=1.87e-04 | grad=2.40e-01 | 1.0s
[   512] loss=-0.7961 | res=1.63e-15 | grad=4.06e-01 | 1.0s
[   513] loss=-0.6885 | res=5.12e-05 | grad=3.14e-01 | 1.0s
[   514] loss=-0.7769 | res=2.00e-09 | grad=2.09e-01 | 1.1s
[   515] loss=-0.7873 | res=1.06e-04 | grad=4.85e-01 | 1.0s
[   516] loss=-0.8187 | res=4.17e-04 | grad=5.98e-01 | 1.1s
[   517] loss=-0.7433 | res=3.61e-09 | grad=2.35e-01 | 1.0s
[   518] loss=-0.9288 | res=1.44e-04 | grad=6.88e-01 | 1.0s
[   519] loss=-0.7769 | res=5.78e-05 | grad=2.16e-01 | 1.0s
[   520] loss=-0.8538 | res=5.97e-15 | grad=1.92e-01 | 1.0s
[   521] loss=-0.8411 | res=9.12e-10 | grad=4.30e-01 | 1.1s
[   522] loss=-0.8134 | res=1.93e-15 | grad=6.15e-01 | 1.0s
[   523] loss=-0.8614 | res=5.84e-05 | grad=4.52e-01 | 1.0s
[   524] loss=-0.8255 | res=3.88e-09 | grad=3.77e-01 | 1.1s
[   525] loss=-0.7720 | res=6.34e-09 | grad=2.34e-01 | 1.0s
[   526] loss=-0.8874 | res=4.62e-09 | grad=4.30e-01 | 1.0s
[   527] loss=-0.8144 | res=1.66e-15 | grad=1.77e-01 | 1.1s
[   528] loss=-0.8813 | res=2.07e-04 | grad=5.33e-01 | 1.0s
[   529] loss=-0.8346 | res=7.42e-05 | grad=1.71e-01 | 1.1s
[   530] loss=-0.8983 | res=4.18e-05 | grad=4.33e-01 | 1.1s
[   531] loss=-0.8836 | res=1.37e-04 | grad=2.33e-01 | 1.0s
[   532] loss=-0.7989 | res=1.22e-04 | grad=2.07e-01 | 1.0s
[   533] loss=-0.8260 | res=1.20e-08 | grad=1.44e-01 | 1.0s
[   534] loss=-0.8888 | res=6.60e-05 | grad=2.86e-01 | 1.1s
[   535] loss=-0.8166 | res=4.83e-05 | grad=1.57e-01 | 1.0s
[   536] loss=-0.8809 | res=1.64e-09 | grad=1.03e-01 | 1.0s
[   537] loss=-0.8358 | res=9.03e-05 | grad=1.93e-01 | 1.0s
[   538] loss=-0.7864 | res=5.56e-05 | grad=4.90e-01 | 1.1s
[   539] loss=-0.8922 | res=7.76e-05 | grad=5.15e-01 | 1.0s
[   540] loss=-0.9140 | res=1.44e-15 | grad=4.90e-01 | 1.0s
[   541] loss=-0.7940 | res=5.83e-05 | grad=2.53e-01 | 0.9s
[   542] loss=-0.8673 | res=7.35e-09 | grad=4.18e-01 | 1.0s
[   543] loss=-0.8052 | res=2.37e-09 | grad=3.68e-01 | 1.0s
[   544] loss=-0.8987 | res=1.76e-15 | grad=3.40e-01 | 1.1s
[   545] loss=-0.7990 | res=5.40e-05 | grad=1.55e-01 | 0.9s
[   546] loss=-0.8784 | res=1.43e-04 | grad=3.92e-01 | 0.9s
[   547] loss=-0.8017 | res=1.13e-09 | grad=6.57e-01 | 1.0s
[   548] loss=-0.7989 | res=5.94e-09 | grad=1.96e-01 | 1.0s
[   549] loss=-0.7833 | res=1.20e-08 | grad=3.37e-01 | 1.0s
[   550] loss=-0.7890 | res=6.46e-05 | grad=2.34e-01 | 1.0s
[   551] loss=-0.8289 | res=3.34e-09 | grad=4.24e-01 | 1.0s
[   552] loss=-0.8247 | res=6.79e-12 | grad=6.87e-01 | 1.0s
[   553] loss=-0.8642 | res=7.72e-09 | grad=4.27e-01 | 1.0s
[   554] loss=-0.7957 | res=3.23e-09 | grad=4.67e-01 | 1.1s
[   555] loss=-0.8612 | res=6.75e-05 | grad=3.12e-01 | 1.0s
[   556] loss=-0.7713 | res=1.64e-15 | grad=5.23e-01 | 1.1s
[   557] loss=-0.8436 | res=6.14e-14 | grad=2.79e-01 | 1.1s
[   558] loss=-0.7964 | res=2.22e-05 | grad=3.37e-01 | 1.1s
[   559] loss=-0.8425 | res=1.75e-15 | grad=4.46e-01 | 1.0s
[   560] loss=-0.7629 | res=2.04e-04 | grad=3.22e-01 | 1.0s
[   561] loss=-0.8187 | res=4.31e-09 | grad=3.78e-01 | 1.0s
[   562] loss=-0.7797 | res=4.91e-09 | grad=1.98e-01 | 1.0s
[   563] loss=-0.7901 | res=4.39e-05 | grad=2.97e-01 | 1.0s
[   564] loss=-0.8048 | res=5.88e-05 | grad=3.95e-01 | 0.9s
[   565] loss=-0.7632 | res=3.12e-09 | grad=2.77e-01 | 1.0s
[   566] loss=-0.8781 | res=2.97e-09 | grad=6.57e-01 | 1.0s
[   567] loss=-0.8112 | res=2.63e-04 | grad=3.32e-01 | 0.9s
[   568] loss=-0.8314 | res=3.39e-09 | grad=7.08e-01 | 1.0s
[   569] loss=-0.8461 | res=6.46e-05 | grad=2.91e-01 | 1.0s
[   570] loss=-0.8121 | res=2.72e-09 | grad=4.15e-01 | 1.1s
[   571] loss=-0.8338 | res=3.39e-05 | grad=3.45e-01 | 1.0s
[   572] loss=-0.9132 | res=4.65e-05 | grad=4.55e-01 | 1.0s
[   573] loss=-0.9465 | res=6.48e-05 | grad=4.75e-01 | 1.1s
[   574] loss=-0.8404 | res=1.58e-04 | grad=6.45e-01 | 1.1s
[   575] loss=-0.7696 | res=6.36e-05 | grad=5.78e-01 | 1.1s
[   576] loss=-0.8347 | res=9.82e-10 | grad=6.15e-01 | 1.0s
[   577] loss=-0.8315 | res=3.89e-09 | grad=5.08e-01 | 1.0s
[   578] loss=-0.8586 | res=1.55e-08 | grad=4.32e-01 | 1.1s
[   579] loss=-0.7938 | res=2.18e-09 | grad=3.18e-01 | 1.0s
[   580] loss=-0.8926 | res=7.02e-05 | grad=3.28e-01 | 1.1s
[   581] loss=-0.7707 | res=4.58e-09 | grad=2.89e-01 | 1.0s
[   582] loss=-0.8316 | res=1.78e-13 | grad=2.72e-01 | 1.1s
[   583] loss=-0.8207 | res=1.72e-15 | grad=4.35e-01 | 1.0s
[   584] loss=-0.7507 | res=1.48e-15 | grad=1.78e-01 | 1.0s
[   585] loss=-0.7793 | res=7.27e-10 | grad=3.60e-01 | 1.1s
[   586] loss=-0.8401 | res=4.78e-09 | grad=6.30e-01 | 1.1s
[   587] loss=-0.8065 | res=6.60e-05 | grad=4.12e-01 | 1.0s
[   588] loss=-0.7858 | res=6.56e-05 | grad=1.98e-01 | 1.0s
[   589] loss=-0.8074 | res=6.85e-05 | grad=1.85e-01 | 1.1s
[   590] loss=-0.9186 | res=8.72e-06 | grad=5.28e-01 | 1.1s
[   591] loss=-0.8472 | res=5.96e-15 | grad=2.96e-01 | 1.0s
[   592] loss=-0.8458 | res=8.63e-05 | grad=3.78e-01 | 1.0s
[   593] loss=-0.9156 | res=3.55e-09 | grad=2.40e-01 | 1.0s
[   594] loss=-0.7653 | res=4.97e-09 | grad=7.99e-01 | 1.1s
[   595] loss=-0.7998 | res=4.12e-09 | grad=5.60e-01 | 1.1s
[   596] loss=-0.7126 | res=2.73e-04 | grad=6.30e-01 | 1.0s
[   597] loss=-0.7780 | res=1.47e-15 | grad=4.19e-01 | 1.0s
[   598] loss=-0.8946 | res=3.18e-04 | grad=2.04e-01 | 1.1s
[   599] loss=-0.8787 | res=1.62e-04 | grad=2.06e-01 | 1.0s
[   600] loss=-0.8428 | res=1.39e-15 | grad=2.23e-01 | 1.0s
[   601] loss=-0.8285 | res=7.20e-05 | grad=1.22e-01 | 1.0s
[   602] loss=-0.8826 | res=5.46e-05 | grad=2.33e-01 | 1.1s
[   603] loss=-0.8083 | res=1.28e-15 | grad=4.71e-01 | 1.0s
[   604] loss=-0.8594 | res=5.36e-05 | grad=3.16e-01 | 1.0s
[   605] loss=-0.8292 | res=3.64e-09 | grad=1.09e-01 | 1.0s
[   606] loss=-0.9514 | res=1.06e-04 | grad=5.69e-01 | 1.0s
[   607] loss=-0.9271 | res=3.35e-09 | grad=5.10e-01 | 1.0s
[   608] loss=-0.8297 | res=1.28e-04 | grad=2.53e-01 | 1.0s
[   609] loss=-0.9218 | res=7.21e-04 | grad=4.15e-01 | 1.1s
[   610] loss=-0.7525 | res=5.86e-09 | grad=5.47e-01 | 1.0s
[   611] loss=-0.9307 | res=1.21e-09 | grad=4.36e-01 | 1.0s
[   612] loss=-0.9443 | res=2.77e-06 | grad=2.60e-01 | 1.0s
[   613] loss=-0.7344 | res=6.11e-05 | grad=8.09e-01 | 1.1s
[   614] loss=-0.7774 | res=2.00e-04 | grad=6.15e-01 | 1.0s
[   615] loss=-0.8676 | res=8.98e-06 | grad=2.29e-01 | 1.0s
[   616] loss=-0.8009 | res=1.63e-15 | grad=4.30e-01 | 1.0s
[   617] loss=-0.7738 | res=6.49e-05 | grad=4.38e-01 | 1.0s
[   618] loss=-0.9036 | res=1.62e-15 | grad=5.90e-01 | 1.1s
[   619] loss=-0.8565 | res=5.69e-05 | grad=1.86e-01 | 1.0s
[   620] loss=-0.8984 | res=4.75e-05 | grad=6.10e-01 | 1.0s
[   621] loss=-0.8424 | res=3.16e-09 | grad=3.31e-01 | 1.1s
[   622] loss=-0.8330 | res=2.86e-09 | grad=2.59e-01 | 1.1s
[   623] loss=-0.8143 | res=2.97e-05 | grad=3.18e-01 | 1.0s
[   624] loss=-0.8153 | res=4.81e-04 | grad=2.54e-01 | 1.1s
[   625] loss=-0.8084 | res=3.83e-09 | grad=2.49e-01 | 1.0s
[   626] loss=-0.8002 | res=1.60e-04 | grad=1.65e-01 | 1.0s
[   627] loss=-0.9545 | res=8.72e-05 | grad=5.23e-01 | 1.0s
[   628] loss=-0.8950 | res=1.20e-09 | grad=2.85e-01 | 1.0s
[   629] loss=-0.8396 | res=6.89e-05 | grad=1.08e-01 | 1.0s
[   630] loss=-0.8377 | res=3.33e-09 | grad=1.60e-01 | 1.1s
[   631] loss=-0.8558 | res=2.21e-09 | grad=3.78e-01 | 1.0s
[   632] loss=-0.9550 | res=3.50e-09 | grad=2.83e-01 | 1.1s
[   633] loss=-0.6994 | res=2.09e-15 | grad=1.07e+00 | 1.1s
[   634] loss=-0.7987 | res=3.14e-09 | grad=4.87e-01 | 1.0s
[   635] loss=-0.8138 | res=3.51e-04 | grad=3.56e-01 | 1.0s
[   636] loss=-0.8057 | res=3.90e-09 | grad=1.31e-01 | 1.0s
[   637] loss=-0.7929 | res=3.64e-10 | grad=1.74e-01 | 1.1s
[   638] loss=-0.8584 | res=4.80e-05 | grad=5.51e-01 | 1.1s
[   639] loss=-0.7043 | res=2.56e-04 | grad=3.51e-01 | 1.1s
[   640] loss=-0.8152 | res=1.41e-15 | grad=3.19e-01 | 1.0s
[   641] loss=-0.9007 | res=2.54e-09 | grad=8.22e-01 | 1.1s
[   642] loss=-0.7449 | res=2.73e-04 | grad=1.40e-01 | 1.0s
[   643] loss=-0.8397 | res=1.41e-15 | grad=3.55e-01 | 1.0s
[   644] loss=-0.8716 | res=1.39e-15 | grad=4.31e-01 | 1.1s
[   645] loss=-0.8434 | res=2.84e-08 | grad=3.67e-01 | 1.0s
[   646] loss=-0.8782 | res=2.21e-04 | grad=3.13e-01 | 1.0s
[   647] loss=-0.8208 | res=3.54e-05 | grad=3.10e-01 | 1.0s
[   648] loss=-0.8886 | res=6.78e-12 | grad=4.27e-01 | 0.9s
[   649] loss=-0.9230 | res=1.95e-15 | grad=9.90e-02 | 1.0s
[   650] loss=-0.9417 | res=2.51e-04 | grad=1.51e-01 | 1.0s
[   651] loss=-0.7932 | res=1.38e-14 | grad=3.94e-01 | 1.1s
[   652] loss=-0.9092 | res=2.42e-09 | grad=3.51e-01 | 1.1s
[   653] loss=-0.8406 | res=1.59e-15 | grad=3.50e-01 | 1.1s
[   654] loss=-0.8048 | res=1.90e-04 | grad=7.83e-01 | 1.0s
[   655] loss=-0.9382 | res=1.39e-04 | grad=3.27e-01 | 1.1s
[   656] loss=-0.8229 | res=4.27e-04 | grad=2.66e-01 | 1.0s
[   657] loss=-0.8980 | res=1.03e-08 | grad=1.59e-01 | 1.0s
[   658] loss=-0.7801 | res=6.54e-05 | grad=1.75e-01 | 1.1s
[   659] loss=-0.7747 | res=2.48e-06 | grad=1.90e-01 | 1.0s
[   660] loss=-0.8418 | res=8.10e-05 | grad=4.53e-01 | 1.0s
[   661] loss=-0.8364 | res=1.07e-04 | grad=5.17e-01 | 1.0s
[   662] loss=-0.7975 | res=3.77e-09 | grad=2.45e-01 | 1.0s
[   663] loss=-0.8142 | res=3.44e-09 | grad=5.57e-01 | 1.0s
[   664] loss=-0.7710 | res=7.07e-05 | grad=2.03e-01 | 1.2s
[   665] loss=-0.8341 | res=1.54e-15 | grad=2.63e-01 | 1.0s
[   666] loss=-0.8933 | res=1.66e-05 | grad=3.59e-01 | 1.0s
[   667] loss=-0.7966 | res=2.39e-04 | grad=3.16e-01 | 1.1s
[   668] loss=-0.8903 | res=5.85e-09 | grad=4.17e-01 | 1.0s
[   669] loss=-0.7645 | res=2.62e-09 | grad=6.70e-01 | 1.0s
[   670] loss=-0.8172 | res=6.27e-04 | grad=3.41e-01 | 1.0s
[   671] loss=-0.7503 | res=3.72e-11 | grad=4.92e-01 | 1.0s
[   672] loss=-0.7972 | res=4.06e-05 | grad=5.26e-01 | 1.0s
[   673] loss=-0.8557 | res=3.17e-09 | grad=3.88e-01 | 1.0s
[   674] loss=-0.8680 | res=1.37e-14 | grad=2.84e-01 | 1.0s
[   675] loss=-0.8809 | res=5.12e-10 | grad=5.06e-01 | 1.0s
[   676] loss=-0.9227 | res=6.91e-09 | grad=5.98e-01 | 1.0s
[   677] loss=-0.8528 | res=2.16e-15 | grad=3.01e-01 | 0.9s
[   678] loss=-0.7331 | res=6.94e-09 | grad=6.73e-01 | 1.0s
[   679] loss=-0.9022 | res=2.41e-09 | grad=3.21e-01 | 1.0s
[   680] loss=-0.8199 | res=1.64e-15 | grad=1.61e-01 | 1.0s
[   681] loss=-0.8978 | res=6.26e-09 | grad=1.62e-01 | 1.1s
[   682] loss=-0.9027 | res=1.48e-15 | grad=4.34e-01 | 1.1s
[   683] loss=-0.8295 | res=6.98e-05 | grad=4.13e-01 | 1.1s
[   684] loss=-0.7699 | res=7.10e-05 | grad=7.55e-01 | 1.0s
[   685] loss=-0.8115 | res=2.68e-09 | grad=3.26e-01 | 1.1s
[   686] loss=-0.7993 | res=7.65e-05 | grad=3.93e-01 | 1.0s
[   687] loss=-0.8597 | res=7.77e-05 | grad=2.73e-01 | 1.1s
[   688] loss=-0.7797 | res=2.04e-04 | grad=3.31e-01 | 1.0s
[   689] loss=-0.8670 | res=1.68e-09 | grad=9.53e-02 | 1.0s
[   690] loss=-0.7522 | res=1.42e-13 | grad=1.59e-01 | 1.1s
[   691] loss=-0.8163 | res=7.43e-05 | grad=1.13e-01 | 1.0s
[   692] loss=-0.9131 | res=2.94e-09 | grad=5.91e-01 | 1.1s
[   693] loss=-0.8634 | res=5.81e-05 | grad=3.61e-01 | 1.0s
[   694] loss=-0.8614 | res=1.65e-04 | grad=4.26e-01 | 1.1s
[   695] loss=-0.7880 | res=1.11e-04 | grad=1.27e-01 | 1.1s
[   696] loss=-0.8667 | res=3.29e-10 | grad=3.85e-01 | 1.0s
[   697] loss=-0.7792 | res=4.63e-09 | grad=3.27e-01 | 1.1s
[   698] loss=-0.8328 | res=1.53e-15 | grad=3.60e-01 | 1.1s
[   699] loss=-0.8007 | res=1.10e-04 | grad=1.44e-01 | 1.1s
[   700] loss=-0.8205 | res=1.58e-04 | grad=1.26e-01 | 1.0s
[   701] loss=-0.8820 | res=7.07e-05 | grad=2.32e-01 | 1.0s
[   702] loss=-0.8062 | res=5.12e-09 | grad=2.59e-01 | 1.1s
[   703] loss=-0.7967 | res=4.08e-13 | grad=2.09e-01 | 1.0s
[   704] loss=-0.7741 | res=5.67e-05 | grad=2.83e-01 | 1.1s
[   705] loss=-0.8837 | res=6.32e-09 | grad=3.43e-01 | 1.0s
[   706] loss=-0.8186 | res=6.06e-05 | grad=1.85e-01 | 1.0s
[   707] loss=-0.8448 | res=8.64e-05 | grad=1.28e-01 | 1.1s
[   708] loss=-0.8461 | res=1.65e-12 | grad=3.39e-01 | 1.0s
[   709] loss=-0.8032 | res=3.72e-04 | grad=3.86e-01 | 1.1s
[   710] loss=-0.8374 | res=6.41e-05 | grad=1.51e-01 | 1.1s
[   711] loss=-0.7939 | res=8.87e-09 | grad=2.46e-01 | 1.1s
[   712] loss=-0.9549 | res=6.14e-09 | grad=9.09e-01 | 1.0s
[   713] loss=-0.7457 | res=3.08e-09 | grad=4.20e-01 | 1.1s
[   714] loss=-0.8717 | res=6.01e-09 | grad=3.31e-01 | 1.0s
[   715] loss=-0.8762 | res=5.70e-04 | grad=3.89e-01 | 1.1s
[   716] loss=-0.9016 | res=5.85e-09 | grad=2.85e-01 | 1.1s
[   717] loss=-0.8222 | res=3.06e-04 | grad=4.66e-01 | 1.0s
[   718] loss=-0.6682 | res=1.38e-15 | grad=8.17e-01 | 1.0s
[   719] loss=-0.9293 | res=8.17e-05 | grad=3.80e-01 | 0.9s
[   720] loss=-0.8698 | res=3.41e-09 | grad=2.04e-01 | 0.9s
[   721] loss=-0.7355 | res=1.84e-15 | grad=6.67e-01 | 1.0s
[   722] loss=-0.9245 | res=9.87e-10 | grad=5.59e-01 | 1.0s
[   723] loss=-0.8203 | res=6.34e-12 | grad=3.02e-01 | 1.0s
[   724] loss=-0.8210 | res=3.07e-10 | grad=3.37e-01 | 0.9s
[   725] loss=-0.8488 | res=7.33e-05 | grad=4.13e-01 | 1.0s
[   726] loss=-0.8252 | res=1.37e-04 | grad=2.27e-01 | 1.0s
[   727] loss=-0.7845 | res=2.54e-09 | grad=2.47e-01 | 1.0s
[   728] loss=-0.8149 | res=2.28e-04 | grad=1.07e-01 | 0.9s
[   729] loss=-0.7772 | res=3.48e-13 | grad=4.14e-01 | 0.9s
[   730] loss=-0.8889 | res=9.98e-05 | grad=4.54e-01 | 1.0s
[   731] loss=-0.7293 | res=1.84e-04 | grad=7.62e-01 | 1.1s
[   732] loss=-0.7392 | res=4.22e-09 | grad=3.68e-01 | 1.0s
[   733] loss=-0.7734 | res=6.73e-05 | grad=3.64e-01 | 1.0s
[   734] loss=-0.8059 | res=1.58e-15 | grad=1.45e-01 | 1.1s
[   735] loss=-0.8816 | res=2.74e-04 | grad=1.81e-01 | 1.0s
[   736] loss=-0.7334 | res=3.14e-05 | grad=3.36e-01 | 1.1s
[   737] loss=-0.8704 | res=6.13e-05 | grad=5.90e-01 | 1.0s
[   738] loss=-0.8666 | res=1.39e-09 | grad=4.39e-01 | 1.1s
[   739] loss=-0.8548 | res=4.20e-04 | grad=6.11e-01 | 1.0s
[   740] loss=-0.8592 | res=1.66e-15 | grad=3.60e-01 | 1.0s
[   741] loss=-0.8103 | res=1.38e-10 | grad=3.36e-01 | 1.0s
[   742] loss=-0.8698 | res=2.10e-04 | grad=2.97e-01 | 1.1s
[   743] loss=-0.7341 | res=2.50e-04 | grad=5.15e-01 | 1.0s
[   744] loss=-0.7329 | res=6.57e-05 | grad=5.39e-01 | 1.0s
[   745] loss=-0.9058 | res=1.04e-08 | grad=4.05e-01 | 1.1s
[   746] loss=-0.8472 | res=1.48e-15 | grad=1.24e-01 | 1.0s
[   747] loss=-0.8262 | res=1.53e-08 | grad=3.40e-01 | 1.0s
[   748] loss=-0.8202 | res=2.39e-05 | grad=2.50e-01 | 1.1s
[   749] loss=-0.8320 | res=1.91e-04 | grad=1.94e-01 | 1.0s
[   750] loss=-0.8366 | res=6.44e-05 | grad=1.39e-01 | 1.1s
[   751] loss=-0.8253 | res=1.38e-15 | grad=3.13e-01 | 1.1s
[   752] loss=-0.7852 | res=3.16e-09 | grad=3.40e-01 | 1.0s
[   753] loss=-0.8460 | res=1.56e-09 | grad=1.36e-01 | 1.0s
[   754] loss=-0.8525 | res=5.79e-05 | grad=2.96e-01 | 1.0s
[   755] loss=-0.8247 | res=1.35e-04 | grad=2.38e-01 | 1.0s
[   756] loss=-0.8276 | res=6.13e-05 | grad=2.81e-01 | 1.0s
[   757] loss=-0.9352 | res=1.37e-08 | grad=3.82e-01 | 1.1s
[   758] loss=-0.7642 | res=9.55e-05 | grad=5.70e-01 | 1.1s
[   759] loss=-0.9023 | res=5.44e-05 | grad=3.65e-01 | 1.1s
[   760] loss=-0.9048 | res=2.03e-04 | grad=3.44e-01 | 1.1s
[   761] loss=-0.8246 | res=1.44e-15 | grad=2.13e-01 | 1.1s
[   762] loss=-0.9238 | res=1.79e-04 | grad=2.74e-01 | 1.1s
[   763] loss=-0.7665 | res=8.44e-05 | grad=3.57e-01 | 1.0s
[   764] loss=-0.8294 | res=1.52e-15 | grad=4.05e-01 | 1.0s
[   765] loss=-0.8034 | res=6.56e-09 | grad=1.88e-01 | 1.1s
[   766] loss=-0.8008 | res=2.86e-04 | grad=4.84e-01 | 1.1s
[   767] loss=-0.8582 | res=2.91e-09 | grad=2.40e-01 | 1.0s
[   768] loss=-0.8295 | res=1.73e-15 | grad=2.46e-01 | 1.0s
[   769] loss=-0.8825 | res=2.77e-05 | grad=2.49e-01 | 1.0s
[   770] loss=-0.8829 | res=2.51e-10 | grad=4.31e-01 | 1.1s
[   771] loss=-0.8380 | res=7.50e-05 | grad=3.96e-01 | 1.1s
[   772] loss=-0.7669 | res=6.41e-09 | grad=2.99e-01 | 1.0s
[   773] loss=-0.8173 | res=1.58e-04 | grad=3.64e-01 | 1.1s
[   774] loss=-0.8334 | res=5.48e-05 | grad=3.36e-01 | 1.1s
[   775] loss=-0.8252 | res=8.41e-10 | grad=2.14e-01 | 1.0s
[   776] loss=-0.7742 | res=1.80e-08 | grad=4.83e-01 | 1.1s
[   777] loss=-0.8706 | res=1.41e-04 | grad=2.28e-01 | 1.0s
[   778] loss=-0.8095 | res=4.31e-05 | grad=1.38e-01 | 1.1s
[   779] loss=-0.6926 | res=2.54e-05 | grad=6.06e-01 | 1.1s
[   780] loss=-0.8650 | res=1.18e-04 | grad=4.30e-01 | 1.0s
[   781] loss=-0.8523 | res=9.47e-15 | grad=5.72e-01 | 1.1s
[   782] loss=-0.8664 | res=6.79e-09 | grad=5.25e-01 | 1.1s
[   783] loss=-0.7419 | res=1.81e-12 | grad=3.70e-01 | 1.1s
[   784] loss=-0.7936 | res=1.51e-15 | grad=1.69e-01 | 1.0s
[   785] loss=-0.7630 | res=8.03e-05 | grad=1.29e-01 | 1.1s
[   786] loss=-0.7749 | res=1.43e-13 | grad=1.89e-01 | 1.1s
[   787] loss=-0.8848 | res=4.43e-09 | grad=3.85e-01 | 1.1s
[   788] loss=-0.9846 | res=4.58e-05 | grad=9.63e-01 | 1.0s
[   789] loss=-0.8090 | res=2.05e-08 | grad=3.42e-01 | 1.0s
[   790] loss=-0.7953 | res=1.85e-04 | grad=2.66e-01 | 1.1s
[   791] loss=-0.8791 | res=2.97e-04 | grad=2.18e-01 | 1.0s
[   792] loss=-0.7101 | res=5.94e-05 | grad=5.22e-01 | 1.1s
[   793] loss=-0.8640 | res=3.37e-08 | grad=2.75e-01 | 1.1s
[   794] loss=-0.8427 | res=4.13e-14 | grad=2.36e-01 | 1.0s
[   795] loss=-0.8356 | res=2.17e-09 | grad=9.51e-02 | 1.0s
[   796] loss=-0.8588 | res=8.84e-09 | grad=3.86e-01 | 1.1s
[   797] loss=-0.8753 | res=2.76e-09 | grad=2.61e-01 | 1.1s
[   798] loss=-0.7139 | res=3.18e-09 | grad=6.33e-01 | 1.0s
[   799] loss=-0.8848 | res=3.10e-05 | grad=1.16e-01 | 1.0s
[   800] loss=-0.8677 | res=1.23e-04 | grad=3.02e-01 | 1.1s
[   801] loss=-0.8397 | res=4.27e-11 | grad=9.89e-02 | 1.0s
[   802] loss=-0.7646 | res=1.43e-04 | grad=3.08e-01 | 1.1s
[   803] loss=-0.8914 | res=1.12e-09 | grad=4.08e-01 | 1.0s
[   804] loss=-0.8761 | res=2.66e-04 | grad=5.07e-01 | 1.1s
[   805] loss=-0.9344 | res=4.37e-09 | grad=4.65e-01 | 1.1s
[   806] loss=-0.9037 | res=3.35e-09 | grad=1.20e-01 | 1.1s
[   807] loss=-0.8067 | res=2.44e-04 | grad=2.09e-01 | 1.1s
[   808] loss=-0.8131 | res=6.54e-05 | grad=6.20e-01 | 1.1s
[   809] loss=-0.7419 | res=1.93e-04 | grad=6.20e-01 | 1.0s
[   810] loss=-0.7190 | res=1.54e-15 | grad=5.93e-01 | 1.1s
[   811] loss=-0.7530 | res=1.90e-10 | grad=5.64e-01 | 1.1s
[   812] loss=-0.7840 | res=8.21e-05 | grad=2.67e-01 | 1.1s
[   813] loss=-0.7963 | res=1.51e-05 | grad=1.95e-01 | 1.0s
[   814] loss=-0.8638 | res=1.29e-15 | grad=6.72e-01 | 1.0s
[   815] loss=-0.9068 | res=1.31e-15 | grad=8.35e-01 | 1.0s
[   816] loss=-0.8497 | res=3.62e-09 | grad=4.87e-01 | 1.0s
[   817] loss=-0.7879 | res=7.05e-05 | grad=2.13e-01 | 1.1s
[   818] loss=-0.8423 | res=1.99e-04 | grad=4.06e-01 | 1.0s
[   819] loss=-0.7358 | res=1.31e-04 | grad=5.88e-01 | 1.0s
[   820] loss=-0.8263 | res=1.85e-10 | grad=3.73e-01 | 1.1s
[   821] loss=-0.8305 | res=6.00e-05 | grad=3.49e-01 | 1.1s
[   822] loss=-0.8451 | res=3.67e-12 | grad=1.46e-01 | 1.1s
[   823] loss=-0.8943 | res=1.49e-09 | grad=1.10e-01 | 1.1s
[   824] loss=-0.7627 | res=1.36e-09 | grad=5.71e-01 | 1.1s
[   825] loss=-0.9049 | res=1.49e-04 | grad=1.53e-01 | 1.1s
[   826] loss=-0.7498 | res=6.43e-05 | grad=5.20e-01 | 1.1s
[   827] loss=-0.7319 | res=5.28e-05 | grad=3.01e-01 | 1.1s
[   828] loss=-0.9493 | res=3.08e-04 | grad=1.01e+00 | 1.1s
[   829] loss=-0.9141 | res=1.76e-14 | grad=5.19e-01 | 1.1s
[   830] loss=-0.8978 | res=5.43e-09 | grad=4.21e-01 | 1.1s
[   831] loss=-0.9163 | res=9.26e-09 | grad=3.14e-01 | 1.1s
[   832] loss=-0.8920 | res=8.91e-10 | grad=1.41e-01 | 1.0s
[   833] loss=-0.8368 | res=6.01e-05 | grad=4.24e-01 | 1.0s
[   834] loss=-0.8701 | res=3.65e-09 | grad=4.67e-01 | 1.1s
[   835] loss=-0.9614 | res=7.94e-12 | grad=1.23e-01 | 1.1s
[   836] loss=-0.8297 | res=6.27e-04 | grad=5.16e-01 | 1.1s
[   837] loss=-0.7401 | res=1.66e-15 | grad=6.53e-01 | 1.0s
[   838] loss=-0.8400 | res=7.02e-11 | grad=2.56e-01 | 1.0s
[   839] loss=-0.9331 | res=3.31e-04 | grad=3.75e-01 | 1.0s
[   840] loss=-0.8403 | res=7.48e-09 | grad=3.19e-01 | 1.0s
[   841] loss=-0.7951 | res=1.19e-10 | grad=2.11e-01 | 1.0s
[   842] loss=-0.8049 | res=1.56e-09 | grad=1.84e-01 | 1.0s
[   843] loss=-0.7477 | res=7.48e-05 | grad=4.45e-01 | 1.0s
[   844] loss=-0.9003 | res=4.90e-09 | grad=8.01e-01 | 1.0s
[   845] loss=-0.8326 | res=2.18e-09 | grad=7.03e-01 | 1.0s
[   846] loss=-0.8038 | res=2.53e-09 | grad=2.91e-01 | 1.0s
[   847] loss=-0.7958 | res=4.44e-05 | grad=3.34e-01 | 1.0s
[   848] loss=-0.8151 | res=3.65e-09 | grad=3.91e-01 | 1.1s
[   849] loss=-0.8774 | res=3.88e-09 | grad=4.84e-01 | 1.1s
[   850] loss=-0.8659 | res=8.10e-11 | grad=1.56e-01 | 1.0s
[   851] loss=-0.9860 | res=5.69e-09 | grad=3.95e-01 | 1.0s
[   852] loss=-0.8696 | res=1.51e-15 | grad=6.28e-02 | 1.1s
[   853] loss=-0.8385 | res=6.74e-05 | grad=4.80e-01 | 1.1s
[   854] loss=-0.8136 | res=1.17e-04 | grad=6.13e-01 | 1.0s
[   855] loss=-0.7853 | res=5.38e-09 | grad=6.89e-01 | 1.0s
[   856] loss=-0.9202 | res=6.38e-09 | grad=1.98e-01 | 1.1s
[   857] loss=-0.7798 | res=2.63e-05 | grad=6.58e-01 | 1.1s
[   858] loss=-0.8413 | res=1.31e-14 | grad=3.93e-01 | 1.1s
[   859] loss=-0.7292 | res=1.09e-04 | grad=4.41e-01 | 1.0s
[   860] loss=-0.8493 | res=9.58e-05 | grad=5.26e-01 | 1.1s
[   861] loss=-0.7161 | res=3.93e-04 | grad=1.10e-01 | 1.1s
[   862] loss=-0.8852 | res=2.19e-04 | grad=1.11e+00 | 1.1s
[   863] loss=-0.7995 | res=9.28e-05 | grad=6.04e-01 | 1.1s
[   864] loss=-0.9268 | res=7.71e-05 | grad=9.30e-01 | 1.1s
[   865] loss=-0.8154 | res=1.34e-04 | grad=4.00e-01 | 1.1s
[   866] loss=-0.9060 | res=1.24e-15 | grad=5.71e-01 | 1.1s
[   867] loss=-0.8520 | res=2.46e-09 | grad=3.60e-01 | 1.0s
[   868] loss=-0.8697 | res=2.49e-04 | grad=3.97e-01 | 1.0s
[   869] loss=-0.8003 | res=1.30e-04 | grad=7.00e-01 | 1.0s
[   870] loss=-0.9936 | res=2.77e-15 | grad=2.62e-01 | 1.1s
[   871] loss=-0.8047 | res=6.39e-05 | grad=3.15e-01 | 1.1s
[   872] loss=-0.8232 | res=1.48e-04 | grad=1.07e+00 | 1.0s
[   873] loss=-0.8465 | res=1.83e-15 | grad=6.75e-01 | 1.0s
[   874] loss=-0.8468 | res=3.26e-04 | grad=3.69e-01 | 1.1s
[   875] loss=-0.8941 | res=5.45e-05 | grad=3.45e-01 | 1.1s
[   876] loss=-0.8656 | res=7.19e-05 | grad=4.94e-01 | 1.0s
[   877] loss=-0.8647 | res=6.31e-05 | grad=8.20e-01 | 1.1s
[   878] loss=-0.8827 | res=1.59e-04 | grad=5.96e-01 | 1.1s
[   879] loss=-0.8689 | res=1.78e-04 | grad=4.58e-01 | 1.1s
[   880] loss=-0.8418 | res=2.08e-04 | grad=7.06e-01 | 1.1s
[   881] loss=-0.8543 | res=4.39e-09 | grad=1.49e-01 | 1.0s
[   882] loss=-0.8073 | res=6.08e-05 | grad=1.96e-01 | 1.0s
[   883] loss=-0.7916 | res=2.40e-04 | grad=5.45e-01 | 1.0s
[   884] loss=-0.8089 | res=2.30e-13 | grad=3.90e-01 | 1.0s
[   885] loss=-0.8133 | res=1.90e-04 | grad=3.69e-01 | 1.0s
[   886] loss=-0.8862 | res=2.28e-04 | grad=1.53e-01 | 1.1s
[   887] loss=-0.8135 | res=1.70e-15 | grad=2.72e-01 | 1.0s
[   888] loss=-0.8509 | res=6.51e-05 | grad=2.33e-01 | 1.1s
[   889] loss=-0.8503 | res=2.45e-09 | grad=1.53e-01 | 1.1s
[   890] loss=-0.8238 | res=5.91e-05 | grad=1.22e-01 | 1.0s
[   891] loss=-0.8922 | res=1.50e-15 | grad=3.01e-01 | 1.1s
[   892] loss=-0.7989 | res=6.74e-05 | grad=2.92e-01 | 1.0s
[   893] loss=-0.8966 | res=3.37e-04 | grad=2.92e-01 | 1.0s
[   894] loss=-0.8487 | res=2.78e-04 | grad=2.11e-01 | 1.1s
[   895] loss=-0.8098 | res=6.15e-09 | grad=2.67e-01 | 1.0s
[   896] loss=-0.9234 | res=2.11e-06 | grad=5.44e-01 | 1.0s
[   897] loss=-0.8476 | res=1.55e-15 | grad=3.17e-01 | 1.0s
[   898] loss=-0.8214 | res=8.81e-05 | grad=7.41e-02 | 1.0s
[   899] loss=-0.7600 | res=8.09e-05 | grad=2.33e-01 | 1.1s
[   900] loss=-0.8653 | res=1.42e-15 | grad=1.18e-01 | 1.0s
[   901] loss=-0.9194 | res=6.00e-09 | grad=3.45e-01 | 1.0s
[   902] loss=-0.8845 | res=2.07e-09 | grad=2.85e-01 | 1.1s
[   903] loss=-0.8426 | res=3.61e-15 | grad=2.22e-01 | 1.1s
[   904] loss=-0.7999 | res=3.55e-14 | grad=4.72e-01 | 1.1s
[   905] loss=-0.9063 | res=6.07e-05 | grad=3.39e-01 | 1.0s
[   906] loss=-0.7746 | res=3.80e-05 | grad=5.34e-01 | 1.1s
[   907] loss=-0.7942 | res=1.46e-08 | grad=3.19e-01 | 1.1s
[   908] loss=-0.8829 | res=1.86e-04 | grad=2.61e-01 | 1.1s
[   909] loss=-0.9151 | res=1.59e-04 | grad=6.01e-01 | 1.1s
[   910] loss=-0.8720 | res=8.26e-09 | grad=3.16e-01 | 1.0s
[   911] loss=-0.8457 | res=2.32e-04 | grad=2.86e-01 | 1.0s
[   912] loss=-0.8948 | res=4.40e-04 | grad=2.43e-01 | 1.1s
[   913] loss=-0.8035 | res=3.06e-09 | grad=1.06e-01 | 1.1s
[   914] loss=-0.8290 | res=3.61e-09 | grad=4.00e-01 | 1.1s
[   915] loss=-0.7979 | res=8.89e-10 | grad=1.41e-01 | 1.1s
[   916] loss=-0.7930 | res=7.01e-14 | grad=3.60e-01 | 1.0s
[   917] loss=-0.6879 | res=1.51e-15 | grad=6.93e-01 | 1.0s
[   918] loss=-0.8036 | res=5.42e-12 | grad=4.72e-01 | 1.1s
[   919] loss=-0.7543 | res=1.34e-15 | grad=2.16e-01 | 1.1s
[   920] loss=-0.8715 | res=1.40e-15 | grad=5.57e-01 | 1.1s
[   921] loss=-0.8184 | res=2.31e-04 | grad=4.27e-01 | 1.0s
[   922] loss=-0.8463 | res=8.67e-05 | grad=4.32e-01 | 1.1s
[   923] loss=-0.8245 | res=4.54e-05 | grad=4.05e-01 | 1.0s
[   924] loss=-0.8761 | res=7.03e-05 | grad=4.88e-01 | 1.1s
[   925] loss=-0.7934 | res=2.70e-04 | grad=3.84e-01 | 1.1s
[   926] loss=-0.7784 | res=2.48e-04 | grad=3.89e-01 | 1.1s
[   927] loss=-0.8091 | res=2.27e-04 | grad=2.43e-01 | 1.1s
[   928] loss=-0.8611 | res=5.19e-09 | grad=1.77e-01 | 1.1s
[   929] loss=-0.8324 | res=6.34e-05 | grad=2.05e-01 | 1.0s
[   930] loss=-0.8856 | res=1.94e-14 | grad=1.21e-01 | 1.1s
[   931] loss=-0.8678 | res=1.32e-04 | grad=7.79e-02 | 1.0s
[   932] loss=-0.8237 | res=1.51e-09 | grad=5.16e-01 | 1.1s
[   933] loss=-0.6759 | res=2.31e-04 | grad=9.49e-01 | 1.0s
[   934] loss=-0.8217 | res=2.63e-04 | grad=3.44e-01 | 1.1s
[   935] loss=-0.8762 | res=3.07e-09 | grad=4.70e-01 | 1.1s
[   936] loss=-0.8126 | res=1.37e-15 | grad=2.89e-01 | 1.1s
[   937] loss=-0.7817 | res=3.07e-09 | grad=3.20e-01 | 1.0s
[   938] loss=-0.8566 | res=4.68e-11 | grad=4.92e-01 | 1.1s
[   939] loss=-0.7802 | res=2.03e-04 | grad=4.51e-01 | 1.0s
[   940] loss=-0.9001 | res=2.17e-15 | grad=7.77e-01 | 1.1s
[   941] loss=-0.8611 | res=2.74e-04 | grad=3.15e-01 | 1.1s
[   942] loss=-0.8370 | res=2.38e-05 | grad=1.89e-01 | 1.0s
[   943] loss=-0.8511 | res=1.81e-11 | grad=2.24e-01 | 1.0s
[   944] loss=-0.8420 | res=7.43e-12 | grad=4.24e-01 | 1.1s
[   945] loss=-0.8420 | res=1.01e-04 | grad=4.76e-01 | 1.1s
[   946] loss=-0.8236 | res=6.86e-05 | grad=5.32e-01 | 1.1s
[   947] loss=-0.7467 | res=2.07e-15 | grad=9.79e-01 | 1.1s
[   948] loss=-0.8055 | res=2.35e-09 | grad=3.95e-01 | 1.1s
[   949] loss=-0.9203 | res=1.21e-10 | grad=2.67e-01 | 1.0s
[   950] loss=-0.9293 | res=5.96e-09 | grad=6.43e-01 | 1.1s
[   951] loss=-0.7307 | res=6.40e-05 | grad=2.32e-01 | 1.1s
[   952] loss=-0.8854 | res=5.73e-05 | grad=4.14e-01 | 1.1s
[   953] loss=-0.8879 | res=8.07e-09 | grad=4.80e-01 | 1.1s
[   954] loss=-0.8550 | res=2.38e-04 | grad=2.31e-01 | 1.1s
[   955] loss=-0.9000 | res=1.69e-04 | grad=3.66e-01 | 1.0s
[   956] loss=-0.8239 | res=6.25e-05 | grad=1.54e-01 | 1.0s
[   957] loss=-0.9507 | res=1.79e-12 | grad=4.98e-01 | 1.0s
[   958] loss=-0.8002 | res=1.19e-09 | grad=5.55e-01 | 1.0s
[   959] loss=-0.7911 | res=3.71e-04 | grad=3.87e-01 | 1.0s
[   960] loss=-0.7799 | res=5.22e-05 | grad=4.51e-01 | 1.0s
[   961] loss=-0.8588 | res=5.38e-09 | grad=1.13e-01 | 1.0s
[   962] loss=-0.8944 | res=1.43e-15 | grad=2.13e-01 | 1.0s
[   963] loss=-0.8061 | res=1.68e-15 | grad=4.81e-01 | 1.0s
[   964] loss=-0.9089 | res=2.73e-09 | grad=3.14e-01 | 1.0s
[   965] loss=-0.8133 | res=1.91e-10 | grad=3.76e-01 | 1.1s
[   966] loss=-0.8214 | res=2.52e-11 | grad=1.70e-01 | 1.1s
[   967] loss=-0.8473 | res=1.53e-04 | grad=1.32e-01 | 1.1s
[   968] loss=-0.8431 | res=4.73e-05 | grad=1.97e-01 | 1.0s
[   969] loss=-0.8234 | res=2.07e-04 | grad=2.58e-01 | 1.1s
[   970] loss=-0.7758 | res=5.55e-09 | grad=1.06e-01 | 1.1s
[   971] loss=-0.8866 | res=3.82e-09 | grad=4.44e-01 | 1.1s
[   972] loss=-0.8228 | res=4.72e-09 | grad=3.33e-01 | 1.1s
[   973] loss=-0.7944 | res=2.55e-09 | grad=1.53e-01 | 1.0s
[   974] loss=-0.8057 | res=1.51e-15 | grad=3.43e-01 | 1.1s
[   975] loss=-0.7814 | res=4.49e-04 | grad=4.85e-01 | 1.1s
[   976] loss=-0.9380 | res=5.04e-15 | grad=5.11e-01 | 1.0s
[   977] loss=-0.9321 | res=3.86e-09 | grad=7.32e-01 | 1.1s
[   978] loss=-0.8063 | res=2.54e-09 | grad=4.09e-01 | 1.1s
[   979] loss=-0.7840 | res=1.69e-04 | grad=4.03e-01 | 1.1s
[   980] loss=-0.8728 | res=1.27e-15 | grad=2.08e-01 | 1.1s
[   981] loss=-0.8570 | res=5.92e-05 | grad=1.39e-01 | 1.0s
[   982] loss=-0.8284 | res=7.57e-05 | grad=2.62e-01 | 1.1s
[   983] loss=-0.8483 | res=2.48e-04 | grad=2.00e-01 | 1.0s
[   984] loss=-0.7751 | res=2.99e-08 | grad=2.27e-01 | 1.1s
[   985] loss=-0.7881 | res=1.58e-04 | grad=1.86e-01 | 1.0s
[   986] loss=-0.8621 | res=1.04e-14 | grad=3.50e-01 | 1.0s
[   987] loss=-0.8705 | res=1.41e-15 | grad=1.11e-01 | 1.1s
[   988] loss=-0.7909 | res=6.53e-05 | grad=2.22e-01 | 1.1s
[   989] loss=-0.7632 | res=1.33e-04 | grad=4.12e-01 | 1.1s
[   990] loss=-0.8722 | res=1.50e-15 | grad=3.73e-01 | 1.1s
[   991] loss=-0.7839 | res=3.14e-09 | grad=2.76e-01 | 1.1s
[   992] loss=-0.8684 | res=2.90e-09 | grad=3.56e-01 | 1.1s
[   993] loss=-0.7471 | res=5.36e-04 | grad=6.21e-01 | 1.1s
[   994] loss=-0.8391 | res=2.92e-09 | grad=3.42e-01 | 1.1s
[   995] loss=-0.8612 | res=2.86e-09 | grad=4.31e-01 | 1.1s
[   996] loss=-0.7896 | res=6.15e-05 | grad=1.72e-01 | 1.1s
[   997] loss=-0.8663 | res=2.02e-04 | grad=1.21e-01 | 1.0s
[   998] loss=-0.8099 | res=7.50e-05 | grad=1.62e-01 | 1.1s
[   999] loss=-0.8053 | res=3.53e-04 | grad=3.13e-01 | 1.1s
[  1000] loss=-0.8394 | res=1.59e-09 | grad=2.52e-01 | 1.1s
  KL = 0.0197 +/- 0.0008  |  ESS = 1004.3 (ratio: 0.981)
  Runtime = 1039.3s

[Ours] Training on S3...
/home/sjbhatt/anaconda3/envs/rcpms-jax/lib/python3.10/site-packages/jax/_src/ops/scatter.py:92: FutureWarning: scatter inputs have incompatible types: cannot safely cast value from dtype=int64 to dtype=int32 with jax_numpy_dtype_promotion='standard'. In future JAX releases this will result in an error.
  warnings.warn(
/home/sjbhatt/anaconda3/envs/rcpms-jax/lib/python3.10/site-packages/jax/_src/ops/scatter.py:92: FutureWarning: scatter inputs have incompatible types: cannot safely cast value from dtype=int64 to dtype=int32 with jax_numpy_dtype_promotion='standard'. In future JAX releases this will result in an error.
  warnings.warn(
[     1] loss=0.0752 | res=2.19e-09 | grad=6.39e+00 | 6.1s
[     2] loss=-0.0501 | res=1.01e-09 | grad=5.59e+00 | 1.2s
[     3] loss=-0.1848 | res=2.62e-09 | grad=5.23e+00 | 1.2s
[     4] loss=-0.2645 | res=6.00e-09 | grad=4.16e+00 | 1.2s
[     5] loss=-0.3941 | res=3.63e-09 | grad=4.22e+00 | 1.2s
[     6] loss=-0.4394 | res=1.87e-09 | grad=3.25e+00 | 1.2s
[     7] loss=-0.4690 | res=9.98e-09 | grad=2.26e+00 | 1.2s
[     8] loss=-0.5481 | res=2.03e-08 | grad=1.82e+00 | 1.2s
[     9] loss=-0.6346 | res=9.31e-09 | grad=1.70e+00 | 1.2s
[    10] loss=-0.6641 | res=9.73e-09 | grad=1.13e+00 | 1.2s
[    11] loss=-0.6470 | res=1.08e-08 | grad=3.86e-01 | 1.2s
[    12] loss=-0.6230 | res=2.54e-04 | grad=7.62e-01 | 1.2s
[    13] loss=-0.6528 | res=1.23e-08 | grad=6.05e-01 | 1.1s
[    14] loss=-0.6984 | res=9.19e-09 | grad=7.85e-01 | 1.2s
[    15] loss=-0.5538 | res=7.72e-08 | grad=1.53e+00 | 1.1s
[    16] loss=-0.6884 | res=1.64e-08 | grad=1.27e+00 | 1.1s
[    17] loss=-0.5599 | res=2.75e-08 | grad=1.55e+00 | 1.0s
[    18] loss=-0.5606 | res=2.19e-08 | grad=1.58e+00 | 1.2s
[    19] loss=-0.6522 | res=1.18e-08 | grad=1.30e+00 | 1.2s
[    20] loss=-0.6014 | res=1.66e-08 | grad=1.07e+00 | 1.2s
[    21] loss=-0.5987 | res=1.13e-08 | grad=1.14e+00 | 1.2s
[    22] loss=-0.6557 | res=2.59e-08 | grad=8.48e-01 | 1.2s
[    23] loss=-0.6691 | res=8.19e-09 | grad=4.97e-01 | 1.2s
[    24] loss=-0.7101 | res=2.60e-08 | grad=7.21e-01 | 1.2s
[    25] loss=-0.6921 | res=1.97e-09 | grad=5.11e-01 | 1.2s
[    26] loss=-0.6107 | res=9.29e-09 | grad=5.00e-01 | 1.2s
[    27] loss=-0.6335 | res=7.57e-09 | grad=8.02e-01 | 1.2s
[    28] loss=-0.6872 | res=3.89e-12 | grad=7.43e-01 | 1.2s
[    29] loss=-0.6670 | res=1.86e-09 | grad=4.60e-01 | 1.1s
[    30] loss=-0.6473 | res=9.79e-09 | grad=7.08e-01 | 1.1s
[    31] loss=-0.6534 | res=6.64e-10 | grad=6.42e-01 | 1.1s
[    32] loss=-0.6803 | res=6.63e-09 | grad=6.26e-01 | 1.1s
[    33] loss=-0.6151 | res=1.98e-14 | grad=5.68e-01 | 1.1s
[    34] loss=-0.7052 | res=1.20e-08 | grad=6.56e-01 | 1.1s
[    35] loss=-0.6643 | res=6.46e-09 | grad=6.73e-01 | 1.2s
[    36] loss=-0.7012 | res=5.87e-09 | grad=6.44e-01 | 1.2s
[    37] loss=-0.6633 | res=8.51e-11 | grad=4.97e-01 | 1.2s
[    38] loss=-0.5809 | res=2.06e-08 | grad=5.76e-01 | 1.2s
[    39] loss=-0.6305 | res=1.51e-08 | grad=3.00e-01 | 1.2s
[    40] loss=-0.6764 | res=9.72e-09 | grad=4.10e-01 | 1.2s
[    41] loss=-0.6573 | res=1.21e-08 | grad=3.90e-01 | 1.2s
[    42] loss=-0.6710 | res=2.22e-09 | grad=3.99e-01 | 1.2s
[    43] loss=-0.7831 | res=1.72e-08 | grad=1.28e-01 | 1.2s
[    44] loss=-0.6712 | res=1.00e-08 | grad=4.72e-01 | 1.2s
[    45] loss=-0.6570 | res=8.80e-09 | grad=9.70e-01 | 1.2s
[    46] loss=-0.5967 | res=5.43e-09 | grad=5.01e-01 | 1.2s
[    47] loss=-0.6543 | res=5.28e-09 | grad=4.17e-01 | 1.2s
[    48] loss=-0.7216 | res=6.95e-09 | grad=4.89e-01 | 1.2s
[    49] loss=-0.5966 | res=3.03e-09 | grad=5.17e-01 | 1.2s
[    50] loss=-0.7611 | res=1.24e-08 | grad=3.71e-01 | 1.2s
[    51] loss=-0.6544 | res=4.79e-09 | grad=4.24e-01 | 1.2s
[    52] loss=-0.6791 | res=1.01e-08 | grad=7.84e-01 | 1.2s
[    53] loss=-0.7343 | res=7.70e-09 | grad=3.76e-01 | 1.2s
[    54] loss=-0.7153 | res=2.75e-10 | grad=2.12e-01 | 1.2s
[    55] loss=-0.6223 | res=1.29e-08 | grad=2.52e-01 | 1.2s
[    56] loss=-0.6277 | res=9.29e-09 | grad=3.89e-01 | 1.2s
[    57] loss=-0.6723 | res=1.37e-08 | grad=2.79e-01 | 1.2s
[    58] loss=-0.7512 | res=7.63e-09 | grad=4.04e-01 | 1.2s
[    59] loss=-0.6960 | res=8.60e-09 | grad=4.13e-01 | 1.2s
[    60] loss=-0.7042 | res=6.50e-09 | grad=5.06e-01 | 1.2s
[    61] loss=-0.5990 | res=5.07e-09 | grad=6.28e-01 | 1.2s
[    62] loss=-0.6972 | res=2.06e-09 | grad=3.42e-01 | 1.1s
[    63] loss=-0.6646 | res=1.06e-08 | grad=5.83e-01 | 1.1s
[    64] loss=-0.6786 | res=9.53e-09 | grad=5.20e-01 | 1.1s
[    65] loss=-0.6359 | res=3.01e-08 | grad=5.90e-01 | 1.1s
[    66] loss=-0.7044 | res=6.77e-05 | grad=5.99e-01 | 1.1s
[    67] loss=-0.7302 | res=2.44e-04 | grad=4.65e-01 | 1.2s
[    68] loss=-0.6760 | res=5.38e-09 | grad=7.10e-01 | 1.2s
[    69] loss=-0.5728 | res=7.64e-09 | grad=8.28e-01 | 1.2s
[    70] loss=-0.6710 | res=5.19e-09 | grad=4.29e-01 | 1.2s
[    71] loss=-0.6416 | res=2.68e-09 | grad=4.10e-01 | 1.2s
[    72] loss=-0.6797 | res=3.80e-13 | grad=2.24e-01 | 1.2s
[    73] loss=-0.6821 | res=2.28e-08 | grad=4.35e-01 | 1.2s
[    74] loss=-0.6891 | res=1.01e-08 | grad=4.28e-01 | 1.2s
[    75] loss=-0.6471 | res=1.14e-04 | grad=6.38e-01 | 1.1s
[    76] loss=-0.6180 | res=3.31e-09 | grad=7.30e-01 | 1.2s
[    77] loss=-0.7619 | res=5.59e-09 | grad=8.18e-01 | 1.2s
[    78] loss=-0.6386 | res=2.15e-08 | grad=3.73e-01 | 1.1s
[    79] loss=-0.6766 | res=3.48e-09 | grad=2.22e-01 | 1.2s
[    80] loss=-0.6708 | res=1.61e-08 | grad=2.07e-01 | 1.2s
[    81] loss=-0.6686 | res=9.00e-09 | grad=3.23e-01 | 1.2s
[    82] loss=-0.6835 | res=6.99e-09 | grad=1.55e-01 | 1.2s
[    83] loss=-0.7230 | res=3.70e-09 | grad=5.26e-01 | 1.2s
[    84] loss=-0.6725 | res=7.59e-09 | grad=2.72e-01 | 1.2s
[    85] loss=-0.6656 | res=1.57e-15 | grad=2.62e-01 | 1.2s
[    86] loss=-0.6238 | res=5.49e-09 | grad=5.57e-01 | 1.2s
[    87] loss=-0.6458 | res=6.49e-09 | grad=2.36e-01 | 1.2s
[    88] loss=-0.6931 | res=8.77e-09 | grad=3.08e-01 | 1.2s
[    89] loss=-0.7221 | res=2.89e-09 | grad=4.89e-01 | 1.2s
[    90] loss=-0.6427 | res=1.09e-09 | grad=2.16e-01 | 1.1s
[    91] loss=-0.7430 | res=6.75e-09 | grad=5.31e-01 | 1.1s
[    92] loss=-0.6295 | res=1.20e-08 | grad=3.61e-01 | 1.1s
[    93] loss=-0.6170 | res=6.87e-09 | grad=3.16e-01 | 1.1s
[    94] loss=-0.6730 | res=6.75e-09 | grad=4.64e-01 | 1.2s
[    95] loss=-0.5694 | res=2.15e-08 | grad=4.83e-01 | 1.2s
[    96] loss=-0.6715 | res=4.67e-09 | grad=2.15e-01 | 1.2s
[    97] loss=-0.6445 | res=1.93e-08 | grad=4.52e-01 | 1.2s
[    98] loss=-0.6771 | res=2.03e-09 | grad=5.31e-01 | 1.2s
[    99] loss=-0.6724 | res=3.17e-09 | grad=3.36e-01 | 1.1s
[   100] loss=-0.7191 | res=1.90e-09 | grad=4.45e-01 | 1.2s
[   101] loss=-0.7359 | res=9.83e-09 | grad=4.48e-01 | 1.2s
[   102] loss=-0.6617 | res=1.01e-08 | grad=1.54e-01 | 1.2s
[   103] loss=-0.6328 | res=2.69e-15 | grad=6.01e-01 | 1.1s
[   104] loss=-0.7267 | res=2.45e-04 | grad=3.25e-01 | 1.1s
[   105] loss=-0.7449 | res=3.35e-09 | grad=4.22e-01 | 1.2s
[   106] loss=-0.6116 | res=4.63e-10 | grad=8.15e-01 | 1.2s
[   107] loss=-0.6776 | res=1.11e-04 | grad=6.17e-01 | 1.2s
[   108] loss=-0.6476 | res=7.57e-05 | grad=3.25e-01 | 1.2s
[   109] loss=-0.6614 | res=7.34e-09 | grad=3.87e-01 | 1.2s
[   110] loss=-0.6764 | res=1.23e-08 | grad=3.65e-01 | 1.2s
[   111] loss=-0.6208 | res=7.67e-09 | grad=7.46e-01 | 1.2s
[   112] loss=-0.6512 | res=4.41e-09 | grad=3.60e-01 | 1.2s
[   113] loss=-0.6488 | res=4.79e-09 | grad=5.81e-01 | 1.2s
[   114] loss=-0.5983 | res=4.94e-09 | grad=3.21e-01 | 1.2s
[   115] loss=-0.6612 | res=1.42e-04 | grad=6.45e-01 | 1.2s
[   116] loss=-0.6676 | res=1.49e-04 | grad=8.86e-01 | 1.2s
[   117] loss=-0.6009 | res=1.64e-15 | grad=4.42e-01 | 1.1s
[   118] loss=-0.6400 | res=2.67e-09 | grad=4.91e-01 | 1.2s
[   119] loss=-0.6178 | res=1.65e-09 | grad=4.90e-01 | 1.2s
[   120] loss=-0.6286 | res=9.91e-09 | grad=5.47e-01 | 1.1s
[   121] loss=-0.7342 | res=1.05e-08 | grad=6.67e-01 | 1.0s
[   122] loss=-0.6431 | res=3.75e-09 | grad=7.18e-01 | 1.1s
[   123] loss=-0.6637 | res=2.23e-09 | grad=4.26e-01 | 1.1s
[   124] loss=-0.6574 | res=3.96e-09 | grad=4.07e-01 | 1.2s
[   125] loss=-0.6810 | res=6.27e-09 | grad=5.21e-01 | 1.2s
[   126] loss=-0.6329 | res=7.07e-09 | grad=4.18e-01 | 1.1s
[   127] loss=-0.6499 | res=3.75e-09 | grad=5.38e-01 | 1.2s
[   128] loss=-0.6920 | res=8.65e-14 | grad=4.31e-01 | 1.2s
[   129] loss=-0.6121 | res=2.92e-09 | grad=1.96e-01 | 1.2s
[   130] loss=-0.6174 | res=4.33e-09 | grad=6.50e-01 | 1.2s
[   131] loss=-0.7226 | res=2.81e-09 | grad=3.37e-01 | 1.2s
[   132] loss=-0.6361 | res=8.79e-09 | grad=4.08e-01 | 1.2s
[   133] loss=-0.6953 | res=2.75e-09 | grad=1.97e-01 | 1.2s
[   134] loss=-0.6480 | res=2.24e-09 | grad=5.32e-01 | 1.1s
[   135] loss=-0.6655 | res=2.23e-10 | grad=3.12e-01 | 1.1s
[   136] loss=-0.7394 | res=5.89e-09 | grad=5.69e-01 | 1.0s
[   137] loss=-0.6982 | res=2.13e-09 | grad=4.24e-01 | 1.0s
[   138] loss=-0.6980 | res=3.23e-09 | grad=2.12e-01 | 1.0s
[   139] loss=-0.6130 | res=1.21e-09 | grad=5.72e-01 | 1.1s
[   140] loss=-0.6911 | res=7.49e-09 | grad=4.06e-01 | 1.2s
[   141] loss=-0.6529 | res=6.36e-14 | grad=7.69e-01 | 1.1s
[   142] loss=-0.6051 | res=2.37e-08 | grad=4.42e-01 | 1.2s
[   143] loss=-0.6536 | res=4.27e-09 | grad=4.59e-01 | 1.1s
[   144] loss=-0.6354 | res=1.22e-09 | grad=3.70e-01 | 0.9s
[   145] loss=-0.7210 | res=3.04e-09 | grad=6.32e-01 | 1.1s
[   146] loss=-0.6632 | res=1.27e-09 | grad=3.41e-01 | 1.2s
[   147] loss=-0.6227 | res=8.61e-09 | grad=2.34e-01 | 1.1s
[   148] loss=-0.7036 | res=7.20e-10 | grad=3.59e-01 | 1.2s
[   149] loss=-0.6586 | res=9.57e-09 | grad=7.97e-01 | 1.2s
[   150] loss=-0.5269 | res=4.21e-09 | grad=6.79e-01 | 1.2s
[   151] loss=-0.6462 | res=3.79e-09 | grad=6.99e-01 | 1.2s
[   152] loss=-0.6530 | res=8.12e-05 | grad=3.94e-01 | 1.2s
[   153] loss=-0.6421 | res=1.21e-08 | grad=3.75e-01 | 1.2s
[   154] loss=-0.6510 | res=8.42e-09 | grad=2.56e-01 | 1.2s
[   155] loss=-0.6667 | res=1.57e-08 | grad=5.07e-01 | 1.2s
[   156] loss=-0.6936 | res=1.98e-08 | grad=6.36e-01 | 1.2s
[   157] loss=-0.7107 | res=6.09e-09 | grad=4.57e-01 | 1.2s
[   158] loss=-0.6187 | res=4.28e-09 | grad=7.77e-01 | 1.2s
[   159] loss=-0.6200 | res=4.46e-09 | grad=4.56e-01 | 1.2s
[   160] loss=-0.6494 | res=1.57e-15 | grad=3.64e-01 | 1.2s
[   161] loss=-0.6687 | res=1.80e-15 | grad=2.40e-01 | 1.2s
[   162] loss=-0.5456 | res=1.64e-08 | grad=6.70e-01 | 1.1s
[   163] loss=-0.7042 | res=1.34e-04 | grad=7.67e-01 | 1.2s
[   164] loss=-0.6935 | res=7.60e-09 | grad=5.47e-01 | 1.2s
[   165] loss=-0.7047 | res=3.48e-09 | grad=5.52e-01 | 1.2s
[   166] loss=-0.6927 | res=2.13e-09 | grad=5.39e-01 | 1.2s
[   167] loss=-0.6455 | res=1.75e-04 | grad=5.70e-01 | 1.2s
[   168] loss=-0.6944 | res=7.39e-09 | grad=6.60e-01 | 1.2s
[   169] loss=-0.6697 | res=3.35e-09 | grad=5.21e-01 | 1.2s
[   170] loss=-0.6524 | res=4.66e-09 | grad=2.91e-01 | 1.2s
[   171] loss=-0.6215 | res=8.59e-10 | grad=4.48e-01 | 1.2s
[   172] loss=-0.6585 | res=4.92e-14 | grad=4.91e-01 | 1.2s
[   173] loss=-0.6367 | res=6.80e-09 | grad=3.51e-01 | 1.2s
[   174] loss=-0.6693 | res=3.82e-14 | grad=4.51e-01 | 1.2s
[   175] loss=-0.6551 | res=2.33e-08 | grad=5.40e-01 | 1.2s
[   176] loss=-0.6171 | res=4.61e-09 | grad=4.81e-01 | 1.2s
[   177] loss=-0.7062 | res=3.77e-14 | grad=4.22e-01 | 1.1s
[   178] loss=-0.6268 | res=8.30e-09 | grad=4.18e-01 | 1.2s
[   179] loss=-0.6337 | res=1.56e-15 | grad=7.98e-01 | 1.2s
[   180] loss=-0.5797 | res=8.91e-09 | grad=6.22e-01 | 1.2s
[   181] loss=-0.7211 | res=9.29e-10 | grad=5.53e-01 | 1.2s
[   182] loss=-0.6072 | res=1.08e-08 | grad=4.80e-01 | 1.2s
[   183] loss=-0.7180 | res=7.77e-10 | grad=5.15e-01 | 1.1s
[   184] loss=-0.5883 | res=6.08e-09 | grad=3.74e-01 | 1.1s
[   185] loss=-0.7148 | res=1.35e-08 | grad=4.32e-01 | 1.2s
[   186] loss=-0.7047 | res=5.54e-05 | grad=8.66e-01 | 1.2s
[   187] loss=-0.6246 | res=1.23e-08 | grad=7.52e-01 | 1.2s
[   188] loss=-0.6884 | res=6.98e-09 | grad=7.17e-01 | 1.2s
[   189] loss=-0.6726 | res=1.38e-08 | grad=5.20e-01 | 1.2s
[   190] loss=-0.6820 | res=1.14e-08 | grad=4.60e-01 | 1.2s
[   191] loss=-0.6502 | res=6.98e-09 | grad=6.74e-01 | 1.2s
[   192] loss=-0.6602 | res=2.13e-09 | grad=5.14e-01 | 1.2s
[   193] loss=-0.6588 | res=8.86e-09 | grad=3.67e-01 | 1.2s
[   194] loss=-0.7218 | res=3.43e-09 | grad=2.31e-01 | 1.2s
[   195] loss=-0.6253 | res=4.40e-09 | grad=3.93e-01 | 1.2s
[   196] loss=-0.6776 | res=1.63e-15 | grad=6.69e-01 | 1.2s
[   197] loss=-0.6182 | res=6.76e-10 | grad=6.22e-01 | 1.2s
[   198] loss=-0.7231 | res=7.32e-09 | grad=2.30e-01 | 1.2s
[   199] loss=-0.6568 | res=2.21e-09 | grad=4.01e-01 | 1.2s
[   200] loss=-0.6203 | res=8.89e-11 | grad=3.17e-01 | 1.2s
[   201] loss=-0.6597 | res=3.67e-09 | grad=3.61e-01 | 1.2s
[   202] loss=-0.7016 | res=1.39e-08 | grad=5.28e-01 | 1.0s
[   203] loss=-0.6526 | res=8.29e-09 | grad=2.99e-01 | 1.0s
[   204] loss=-0.6712 | res=2.19e-15 | grad=5.52e-01 | 1.1s
[   205] loss=-0.6315 | res=1.76e-09 | grad=2.65e-01 | 1.1s
[   206] loss=-0.6219 | res=6.55e-09 | grad=6.46e-01 | 1.2s
[   207] loss=-0.6798 | res=3.43e-09 | grad=5.36e-01 | 1.1s
[   208] loss=-0.6974 | res=3.02e-09 | grad=4.20e-01 | 1.1s
[   209] loss=-0.6110 | res=2.57e-09 | grad=5.24e-01 | 1.2s
[   210] loss=-0.7257 | res=5.25e-09 | grad=3.59e-01 | 1.2s
[   211] loss=-0.6466 | res=9.15e-10 | grad=6.20e-01 | 1.1s
[   212] loss=-0.6476 | res=5.99e-09 | grad=4.65e-01 | 1.1s
[   213] loss=-0.6934 | res=1.14e-08 | grad=2.71e-01 | 1.1s
[   214] loss=-0.6752 | res=2.64e-09 | grad=2.76e-01 | 1.1s
[   215] loss=-0.6865 | res=7.31e-12 | grad=3.27e-01 | 1.1s
[   216] loss=-0.6024 | res=6.03e-10 | grad=5.80e-01 | 1.1s
[   217] loss=-0.6872 | res=1.60e-15 | grad=3.08e-01 | 1.1s
[   218] loss=-0.6445 | res=1.73e-15 | grad=5.24e-01 | 1.1s
[   219] loss=-0.7093 | res=3.13e-09 | grad=3.60e-01 | 1.2s
[   220] loss=-0.7034 | res=6.76e-10 | grad=3.10e-01 | 1.1s
[   221] loss=-0.7010 | res=3.79e-09 | grad=4.47e-01 | 1.0s
[   222] loss=-0.5869 | res=3.27e-09 | grad=3.41e-01 | 1.0s
[   223] loss=-0.5860 | res=4.37e-09 | grad=3.73e-01 | 1.1s
[   224] loss=-0.6581 | res=1.04e-08 | grad=4.24e-01 | 1.1s
[   225] loss=-0.6420 | res=4.62e-09 | grad=4.61e-01 | 1.1s
[   226] loss=-0.6750 | res=2.51e-09 | grad=6.05e-01 | 1.1s
[   227] loss=-0.6543 | res=7.84e-09 | grad=2.37e-01 | 1.2s
[   228] loss=-0.7378 | res=6.72e-10 | grad=7.35e-01 | 1.2s
[   229] loss=-0.7127 | res=5.44e-09 | grad=7.91e-01 | 1.2s
[   230] loss=-0.6811 | res=2.88e-09 | grad=3.02e-01 | 1.2s
[   231] loss=-0.6624 | res=1.93e-08 | grad=4.55e-01 | 1.1s
[   232] loss=-0.7573 | res=4.00e-09 | grad=7.14e-01 | 1.2s
[   233] loss=-0.7833 | res=7.80e-09 | grad=3.44e-01 | 1.2s
[   234] loss=-0.6532 | res=1.00e-08 | grad=3.47e-01 | 1.2s
[   235] loss=-0.6235 | res=5.78e-09 | grad=5.44e-01 | 1.1s
[   236] loss=-0.6980 | res=2.33e-09 | grad=2.27e-01 | 1.1s
[   237] loss=-0.6751 | res=1.79e-04 | grad=3.89e-01 | 1.1s
[   238] loss=-0.6162 | res=8.92e-09 | grad=4.32e-01 | 1.1s
[   239] loss=-0.6861 | res=7.31e-09 | grad=3.95e-01 | 1.1s
[   240] loss=-0.6595 | res=1.86e-11 | grad=2.64e-01 | 1.1s
[   241] loss=-0.6268 | res=3.02e-09 | grad=6.01e-01 | 1.1s
[   242] loss=-0.6211 | res=1.03e-09 | grad=4.15e-01 | 1.1s
[   243] loss=-0.6849 | res=3.29e-04 | grad=7.41e-01 | 1.1s
[   244] loss=-0.6958 | res=7.17e-09 | grad=4.82e-01 | 1.1s
[   245] loss=-0.6643 | res=8.21e-09 | grad=2.78e-01 | 1.1s
[   246] loss=-0.6959 | res=3.86e-09 | grad=6.94e-01 | 1.1s
[   247] loss=-0.7248 | res=6.08e-05 | grad=7.29e-01 | 1.1s
[   248] loss=-0.6986 | res=3.73e-09 | grad=4.96e-01 | 1.1s
[   249] loss=-0.6806 | res=3.50e-09 | grad=1.49e-01 | 1.1s
[   250] loss=-0.5591 | res=1.23e-06 | grad=5.88e-01 | 1.2s
[   251] loss=-0.6214 | res=1.10e-08 | grad=5.26e-01 | 1.2s
[   252] loss=-0.7140 | res=6.90e-09 | grad=2.74e-01 | 1.2s
[   253] loss=-0.6982 | res=6.57e-13 | grad=3.32e-01 | 1.2s
[   254] loss=-0.6939 | res=3.48e-09 | grad=4.51e-01 | 1.2s
[   255] loss=-0.6616 | res=1.06e-09 | grad=4.14e-01 | 1.2s
[   256] loss=-0.7543 | res=1.19e-08 | grad=3.11e-01 | 1.2s
[   257] loss=-0.6178 | res=7.31e-09 | grad=5.25e-01 | 1.2s
[   258] loss=-0.7002 | res=2.05e-09 | grad=3.17e-01 | 1.2s
[   259] loss=-0.6367 | res=4.66e-09 | grad=4.18e-01 | 1.2s
[   260] loss=-0.5791 | res=1.41e-09 | grad=4.49e-01 | 1.2s
[   261] loss=-0.6645 | res=1.07e-08 | grad=3.38e-01 | 1.2s
[   262] loss=-0.6432 | res=1.18e-08 | grad=4.04e-01 | 1.2s
[   263] loss=-0.6074 | res=8.56e-09 | grad=2.31e-01 | 1.2s
[   264] loss=-0.6656 | res=2.53e-09 | grad=5.71e-01 | 1.2s
[   265] loss=-0.7059 | res=1.07e-08 | grad=7.63e-01 | 1.2s
[   266] loss=-0.6559 | res=3.07e-09 | grad=5.26e-01 | 1.2s
[   267] loss=-0.6596 | res=3.81e-09 | grad=6.86e-01 | 1.2s
[   268] loss=-0.7060 | res=4.11e-09 | grad=7.12e-01 | 1.2s
[   269] loss=-0.6357 | res=1.71e-15 | grad=2.94e-01 | 1.2s
[   270] loss=-0.6853 | res=1.18e-09 | grad=3.50e-01 | 1.2s
[   271] loss=-0.6942 | res=1.15e-09 | grad=4.02e-01 | 1.2s
[   272] loss=-0.6630 | res=3.19e-09 | grad=1.78e-01 | 1.2s
[   273] loss=-0.6790 | res=5.03e-09 | grad=1.81e-01 | 1.2s
[   274] loss=-0.6722 | res=1.26e-08 | grad=4.60e-01 | 1.2s
[   275] loss=-0.7014 | res=1.36e-08 | grad=4.27e-01 | 1.2s
[   276] loss=-0.6464 | res=6.30e-09 | grad=6.61e-01 | 1.1s
[   277] loss=-0.5981 | res=3.16e-10 | grad=9.30e-01 | 1.0s
[   278] loss=-0.6336 | res=4.54e-09 | grad=4.29e-01 | 1.0s
[   279] loss=-0.7285 | res=2.57e-09 | grad=2.31e-01 | 1.0s
[   280] loss=-0.6821 | res=4.62e-05 | grad=5.80e-01 | 1.0s
[   281] loss=-0.6927 | res=2.01e-08 | grad=3.49e-01 | 1.0s
[   282] loss=-0.5996 | res=4.72e-09 | grad=1.77e-01 | 1.0s
[   283] loss=-0.6713 | res=3.89e-09 | grad=6.14e-01 | 1.2s
[   284] loss=-0.7729 | res=3.52e-09 | grad=1.04e+00 | 1.2s
[   285] loss=-0.6828 | res=2.16e-09 | grad=5.65e-01 | 1.2s
[   286] loss=-0.6633 | res=4.83e-09 | grad=2.66e-01 | 1.1s
[   287] loss=-0.6997 | res=1.24e-09 | grad=4.78e-01 | 1.2s
[   288] loss=-0.6467 | res=9.58e-09 | grad=3.77e-01 | 1.2s
[   289] loss=-0.7563 | res=6.27e-09 | grad=3.14e-01 | 1.2s
[   290] loss=-0.7042 | res=1.08e-08 | grad=3.11e-01 | 1.2s
[   291] loss=-0.6578 | res=1.41e-15 | grad=4.39e-01 | 1.2s
[   292] loss=-0.6962 | res=6.70e-14 | grad=4.88e-01 | 1.2s
[   293] loss=-0.6561 | res=1.45e-09 | grad=4.33e-01 | 1.2s
[   294] loss=-0.7075 | res=1.75e-15 | grad=4.50e-01 | 1.2s
[   295] loss=-0.6556 | res=6.24e-10 | grad=3.60e-01 | 1.2s
[   296] loss=-0.7028 | res=4.86e-11 | grad=2.82e-01 | 1.2s
[   297] loss=-0.7270 | res=8.91e-09 | grad=4.11e-01 | 1.2s
[   298] loss=-0.7043 | res=2.48e-08 | grad=2.87e-01 | 1.2s
[   299] loss=-0.6635 | res=1.99e-09 | grad=1.93e-01 | 1.2s
[   300] loss=-0.6336 | res=3.94e-09 | grad=3.76e-01 | 1.2s
[   301] loss=-0.6736 | res=1.55e-15 | grad=4.03e-01 | 1.2s
[   302] loss=-0.7308 | res=1.53e-15 | grad=5.28e-01 | 1.1s
[   303] loss=-0.6647 | res=1.40e-08 | grad=4.81e-01 | 1.2s
[   304] loss=-0.6247 | res=2.40e-09 | grad=7.02e-01 | 1.2s
[   305] loss=-0.6356 | res=1.33e-08 | grad=4.68e-01 | 1.2s
[   306] loss=-0.6182 | res=1.15e-08 | grad=3.20e-01 | 1.1s
[   307] loss=-0.6729 | res=3.58e-09 | grad=3.92e-01 | 1.2s
[   308] loss=-0.6295 | res=2.78e-09 | grad=3.80e-01 | 1.1s
[   309] loss=-0.6006 | res=4.74e-09 | grad=2.97e-01 | 1.2s
[   310] loss=-0.6489 | res=2.24e-04 | grad=5.09e-01 | 1.2s
[   311] loss=-0.6405 | res=2.09e-09 | grad=3.43e-01 | 1.2s
[   312] loss=-0.7845 | res=8.05e-10 | grad=9.85e-01 | 1.2s
[   313] loss=-0.6471 | res=3.80e-09 | grad=5.59e-01 | 1.2s
[   314] loss=-0.7605 | res=7.15e-09 | grad=8.22e-01 | 1.2s
[   315] loss=-0.6886 | res=4.92e-09 | grad=2.27e-01 | 1.1s
[   316] loss=-0.7034 | res=1.49e-09 | grad=2.88e-01 | 1.2s
[   317] loss=-0.6709 | res=1.22e-08 | grad=5.73e-01 | 1.1s
[   318] loss=-0.6774 | res=1.54e-08 | grad=5.25e-01 | 1.2s
[   319] loss=-0.5985 | res=5.89e-09 | grad=7.91e-01 | 1.2s
[   320] loss=-0.6184 | res=1.08e-09 | grad=5.96e-01 | 1.2s
[   321] loss=-0.6742 | res=3.05e-09 | grad=6.26e-01 | 1.1s
[   322] loss=-0.5858 | res=4.32e-09 | grad=7.62e-01 | 1.2s
[   323] loss=-0.6239 | res=1.86e-08 | grad=4.42e-01 | 1.2s
[   324] loss=-0.6708 | res=3.01e-09 | grad=5.40e-01 | 1.2s
[   325] loss=-0.5804 | res=8.89e-09 | grad=3.58e-01 | 1.1s
[   326] loss=-0.5616 | res=4.41e-09 | grad=3.38e-01 | 1.2s
[   327] loss=-0.6276 | res=1.45e-08 | grad=7.10e-01 | 1.2s
[   328] loss=-0.6158 | res=3.05e-09 | grad=5.86e-01 | 1.2s
[   329] loss=-0.6913 | res=1.34e-08 | grad=8.88e-01 | 1.2s
[   330] loss=-0.6600 | res=1.33e-15 | grad=7.88e-01 | 1.1s
[   331] loss=-0.6667 | res=2.56e-09 | grad=6.93e-01 | 1.2s
[   332] loss=-0.6589 | res=2.68e-09 | grad=4.50e-01 | 1.2s
[   333] loss=-0.6513 | res=1.12e-09 | grad=6.08e-01 | 1.1s
[   334] loss=-0.7334 | res=3.71e-09 | grad=2.34e-01 | 1.1s
[   335] loss=-0.6917 | res=7.13e-09 | grad=2.22e-01 | 1.1s
[   336] loss=-0.6400 | res=5.91e-05 | grad=4.55e-01 | 1.1s
[   337] loss=-0.6344 | res=2.71e-09 | grad=8.12e-01 | 1.2s
[   338] loss=-0.6346 | res=8.51e-14 | grad=9.56e-01 | 1.1s
[   339] loss=-0.5724 | res=5.31e-09 | grad=1.07e+00 | 1.2s
[   340] loss=-0.7358 | res=9.92e-09 | grad=3.17e-01 | 1.2s
[   341] loss=-0.6699 | res=1.10e-08 | grad=7.18e-01 | 1.2s
[   342] loss=-0.6746 | res=3.49e-09 | grad=2.70e-01 | 1.2s
[   343] loss=-0.6323 | res=3.81e-09 | grad=3.40e-01 | 1.2s
[   344] loss=-0.6789 | res=7.80e-09 | grad=3.78e-01 | 1.1s
[   345] loss=-0.6388 | res=2.58e-09 | grad=4.15e-01 | 1.1s
[   346] loss=-0.6524 | res=7.81e-09 | grad=4.31e-01 | 1.1s
[   347] loss=-0.6267 | res=6.50e-09 | grad=2.39e-01 | 1.1s
[   348] loss=-0.6715 | res=4.04e-09 | grad=4.79e-01 | 1.2s
[   349] loss=-0.6268 | res=8.55e-09 | grad=3.15e-01 | 1.2s
[   350] loss=-0.6391 | res=5.82e-09 | grad=1.92e-01 | 1.2s
[   351] loss=-0.5953 | res=4.14e-09 | grad=4.51e-01 | 1.2s
[   352] loss=-0.6341 | res=2.88e-12 | grad=3.25e-01 | 1.2s
[   353] loss=-0.6542 | res=7.85e-09 | grad=2.06e-01 | 1.2s
[   354] loss=-0.6959 | res=7.08e-09 | grad=4.45e-01 | 1.2s
[   355] loss=-0.6313 | res=4.02e-09 | grad=4.29e-01 | 1.2s
[   356] loss=-0.6463 | res=1.75e-08 | grad=2.22e-01 | 1.2s
[   357] loss=-0.6491 | res=6.44e-09 | grad=1.70e-01 | 1.2s
[   358] loss=-0.6959 | res=5.89e-09 | grad=2.00e-01 | 1.1s
[   359] loss=-0.6165 | res=4.44e-05 | grad=5.19e-01 | 1.1s
[   360] loss=-0.6593 | res=1.04e-08 | grad=4.26e-01 | 1.2s
[   361] loss=-0.6642 | res=1.54e-09 | grad=4.36e-01 | 1.2s
[   362] loss=-0.6679 | res=2.90e-09 | grad=3.23e-01 | 1.1s
[   363] loss=-0.6587 | res=7.91e-10 | grad=2.50e-01 | 1.1s
[   364] loss=-0.6741 | res=5.70e-09 | grad=1.87e-01 | 1.2s
[   365] loss=-0.6935 | res=8.59e-11 | grad=4.45e-01 | 1.1s
[   366] loss=-0.6667 | res=5.77e-09 | grad=3.27e-01 | 1.2s
[   367] loss=-0.6414 | res=9.10e-09 | grad=5.36e-01 | 1.2s
[   368] loss=-0.6895 | res=3.83e-09 | grad=1.94e-01 | 1.2s
[   369] loss=-0.7076 | res=8.77e-11 | grad=4.13e-01 | 1.2s
[   370] loss=-0.5951 | res=4.85e-09 | grad=4.64e-01 | 1.2s
[   371] loss=-0.6615 | res=7.47e-09 | grad=4.24e-01 | 1.2s
[   372] loss=-0.6484 | res=1.36e-08 | grad=1.82e-01 | 1.2s
[   373] loss=-0.7192 | res=3.04e-10 | grad=4.29e-01 | 1.1s
[   374] loss=-0.7025 | res=1.29e-09 | grad=3.81e-01 | 1.1s
[   375] loss=-0.6303 | res=1.52e-08 | grad=4.87e-01 | 1.1s
[   376] loss=-0.6488 | res=1.08e-09 | grad=1.73e-01 | 1.1s
[   377] loss=-0.5941 | res=4.47e-09 | grad=4.10e-01 | 1.1s
[   378] loss=-0.6257 | res=3.66e-09 | grad=3.35e-01 | 1.1s
[   379] loss=-0.6382 | res=8.91e-09 | grad=4.52e-01 | 1.1s
[   380] loss=-0.6773 | res=9.70e-09 | grad=3.08e-01 | 1.1s
[   381] loss=-0.7028 | res=6.72e-09 | grad=3.10e-01 | 1.1s
[   382] loss=-0.6850 | res=1.01e-09 | grad=1.71e-01 | 1.1s
[   383] loss=-0.6754 | res=2.42e-11 | grad=2.46e-01 | 1.2s
[   384] loss=-0.6164 | res=6.87e-09 | grad=3.49e-01 | 1.2s
[   385] loss=-0.7284 | res=3.49e-09 | grad=5.18e-01 | 1.2s
[   386] loss=-0.6629 | res=6.18e-09 | grad=2.97e-01 | 1.2s
[   387] loss=-0.7312 | res=9.45e-09 | grad=3.52e-01 | 1.2s
[   388] loss=-0.6906 | res=1.05e-09 | grad=4.82e-01 | 1.2s
[   389] loss=-0.6805 | res=2.97e-09 | grad=3.08e-01 | 1.2s
[   390] loss=-0.6913 | res=2.89e-09 | grad=2.55e-01 | 1.2s
[   391] loss=-0.6492 | res=1.46e-08 | grad=3.01e-01 | 1.2s
[   392] loss=-0.6503 | res=1.70e-15 | grad=3.06e-01 | 1.1s
[   393] loss=-0.6139 | res=1.80e-09 | grad=3.79e-01 | 1.2s
[   394] loss=-0.6870 | res=5.03e-09 | grad=2.56e-01 | 1.1s
[   395] loss=-0.5857 | res=1.15e-08 | grad=3.75e-01 | 1.1s
[   396] loss=-0.6680 | res=1.39e-15 | grad=2.80e-01 | 1.1s
[   397] loss=-0.6207 | res=1.19e-08 | grad=4.04e-01 | 1.1s
[   398] loss=-0.6248 | res=2.24e-09 | grad=2.78e-01 | 1.1s
[   399] loss=-0.6344 | res=6.88e-09 | grad=1.25e-01 | 1.1s
[   400] loss=-0.6232 | res=2.92e-09 | grad=1.92e-01 | 1.1s
[   401] loss=-0.6413 | res=3.67e-09 | grad=5.28e-01 | 1.0s
[   402] loss=-0.7095 | res=8.70e-10 | grad=5.70e-01 | 1.1s
[   403] loss=-0.6635 | res=2.34e-09 | grad=2.34e-01 | 1.0s
[   404] loss=-0.6756 | res=5.89e-09 | grad=1.90e-01 | 1.0s
[   405] loss=-0.5821 | res=3.62e-09 | grad=3.74e-01 | 1.0s
[   406] loss=-0.7451 | res=6.05e-10 | grad=5.01e-01 | 1.2s
[   407] loss=-0.6319 | res=8.27e-12 | grad=5.36e-01 | 1.2s
[   408] loss=-0.7079 | res=1.47e-15 | grad=5.45e-01 | 1.2s
[   409] loss=-0.6248 | res=1.16e-10 | grad=4.64e-01 | 1.2s
[   410] loss=-0.7071 | res=9.86e-09 | grad=2.17e-01 | 1.0s
[   411] loss=-0.6378 | res=1.07e-08 | grad=2.77e-01 | 1.0s
[   412] loss=-0.6873 | res=4.63e-14 | grad=2.23e-01 | 1.2s
[   413] loss=-0.6675 | res=9.85e-10 | grad=2.10e-01 | 1.0s
[   414] loss=-0.6499 | res=6.06e-09 | grad=4.01e-01 | 1.2s
[   415] loss=-0.7117 | res=1.05e-08 | grad=2.62e-01 | 1.2s
[   416] loss=-0.6797 | res=5.25e-09 | grad=4.22e-01 | 1.2s
[   417] loss=-0.6387 | res=1.08e-08 | grad=5.75e-01 | 1.2s
[   418] loss=-0.6753 | res=7.96e-09 | grad=3.15e-01 | 1.2s
[   419] loss=-0.6390 | res=6.02e-09 | grad=2.28e-01 | 1.2s
[   420] loss=-0.6992 | res=9.84e-09 | grad=4.85e-01 | 1.2s
[   421] loss=-0.6214 | res=5.01e-09 | grad=1.97e-01 | 1.2s
[   422] loss=-0.7160 | res=8.63e-09 | grad=4.74e-01 | 1.2s
[   423] loss=-0.6967 | res=1.94e-09 | grad=2.74e-01 | 1.2s
[   424] loss=-0.6805 | res=3.74e-15 | grad=2.54e-01 | 1.2s
[   425] loss=-0.6168 | res=1.62e-15 | grad=4.75e-01 | 1.2s
[   426] loss=-0.7044 | res=3.76e-09 | grad=3.73e-01 | 1.1s
[   427] loss=-0.6485 | res=8.58e-09 | grad=3.88e-01 | 1.2s
[   428] loss=-0.6344 | res=4.93e-09 | grad=3.17e-01 | 1.1s
[   429] loss=-0.6721 | res=1.19e-08 | grad=5.22e-01 | 1.1s
[   430] loss=-0.6799 | res=4.46e-09 | grad=3.93e-01 | 1.2s
[   431] loss=-0.6963 | res=6.90e-11 | grad=3.54e-01 | 1.1s
[   432] loss=-0.6910 | res=5.66e-10 | grad=2.56e-01 | 1.2s
[   433] loss=-0.6124 | res=4.88e-09 | grad=2.75e-01 | 1.2s
[   434] loss=-0.6537 | res=1.62e-08 | grad=4.56e-01 | 1.1s
[   435] loss=-0.6460 | res=2.26e-10 | grad=3.72e-01 | 1.2s
[   436] loss=-0.6545 | res=6.20e-05 | grad=5.20e-01 | 1.2s
[   437] loss=-0.6465 | res=5.39e-09 | grad=4.90e-01 | 1.2s
[   438] loss=-0.6649 | res=8.37e-10 | grad=5.08e-01 | 1.2s
[   439] loss=-0.7166 | res=1.75e-15 | grad=6.44e-01 | 1.1s
[   440] loss=-0.6438 | res=3.81e-09 | grad=3.64e-01 | 1.1s
[   441] loss=-0.6878 | res=1.61e-08 | grad=6.92e-01 | 1.1s
[   442] loss=-0.5929 | res=8.57e-09 | grad=3.55e-01 | 1.0s
[   443] loss=-0.6500 | res=5.91e-09 | grad=2.27e-01 | 1.1s
[   444] loss=-0.6598 | res=3.28e-04 | grad=3.82e-01 | 1.1s
[   445] loss=-0.6725 | res=2.86e-09 | grad=4.25e-01 | 1.1s
[   446] loss=-0.6485 | res=6.03e-09 | grad=4.11e-01 | 1.1s
[   447] loss=-0.5990 | res=1.33e-09 | grad=4.51e-01 | 1.1s
[   448] loss=-0.6533 | res=4.06e-09 | grad=2.50e-01 | 1.0s
[   449] loss=-0.6909 | res=3.05e-09 | grad=3.82e-01 | 1.1s
[   450] loss=-0.6275 | res=2.80e-09 | grad=2.46e-01 | 1.1s
[   451] loss=-0.6454 | res=9.17e-09 | grad=3.72e-01 | 1.1s
[   452] loss=-0.6433 | res=1.55e-08 | grad=3.64e-01 | 1.1s
[   453] loss=-0.6519 | res=4.22e-10 | grad=2.93e-01 | 1.1s
[   454] loss=-0.5801 | res=1.78e-12 | grad=5.13e-01 | 1.0s
[   455] loss=-0.6259 | res=5.51e-09 | grad=2.76e-01 | 1.0s
[   456] loss=-0.6747 | res=3.26e-09 | grad=4.71e-01 | 1.2s
[   457] loss=-0.6620 | res=8.65e-13 | grad=2.39e-01 | 1.2s
[   458] loss=-0.6467 | res=1.45e-15 | grad=2.59e-01 | 1.2s
[   459] loss=-0.6702 | res=3.95e-10 | grad=3.69e-01 | 1.2s
[   460] loss=-0.6947 | res=9.96e-09 | grad=5.31e-01 | 1.1s
[   461] loss=-0.6924 | res=9.56e-09 | grad=3.96e-01 | 1.2s
[   462] loss=-0.6173 | res=1.45e-15 | grad=3.62e-01 | 1.2s
[   463] loss=-0.6496 | res=2.87e-09 | grad=2.64e-01 | 1.1s
[   464] loss=-0.6477 | res=1.06e-08 | grad=2.13e-01 | 1.2s
[   465] loss=-0.6314 | res=3.45e-09 | grad=5.57e-01 | 1.2s
[   466] loss=-0.5996 | res=6.22e-09 | grad=3.96e-01 | 1.2s
[   467] loss=-0.6933 | res=6.54e-09 | grad=3.89e-01 | 1.1s
[   468] loss=-0.6393 | res=8.03e-09 | grad=3.90e-01 | 1.2s
[   469] loss=-0.6220 | res=1.04e-09 | grad=4.14e-01 | 1.2s
[   470] loss=-0.6944 | res=1.91e-09 | grad=2.87e-01 | 1.1s
[   471] loss=-0.6638 | res=9.82e-09 | grad=2.65e-01 | 1.2s
[   472] loss=-0.6118 | res=1.05e-09 | grad=4.01e-01 | 1.1s
[   473] loss=-0.6493 | res=1.40e-15 | grad=4.21e-01 | 1.1s
[   474] loss=-0.6712 | res=2.11e-09 | grad=4.49e-01 | 1.0s
[   475] loss=-0.5815 | res=1.25e-15 | grad=2.13e-01 | 1.1s
[   476] loss=-0.5522 | res=4.28e-09 | grad=4.05e-01 | 1.1s
[   477] loss=-0.6556 | res=1.13e-09 | grad=3.14e-01 | 1.2s
[   478] loss=-0.5974 | res=1.52e-09 | grad=3.89e-01 | 1.1s
[   479] loss=-0.6597 | res=1.20e-09 | grad=3.47e-01 | 1.2s
[   480] loss=-0.6900 | res=1.43e-15 | grad=4.16e-01 | 1.2s
[   481] loss=-0.6536 | res=2.22e-14 | grad=2.43e-01 | 1.2s
[   482] loss=-0.6497 | res=3.91e-10 | grad=1.77e-01 | 1.2s
[   483] loss=-0.6777 | res=1.53e-08 | grad=2.36e-01 | 1.2s
[   484] loss=-0.6842 | res=3.30e-09 | grad=3.70e-01 | 1.2s
[   485] loss=-0.7408 | res=5.41e-09 | grad=3.83e-01 | 1.2s
[   486] loss=-0.6414 | res=4.86e-09 | grad=4.96e-01 | 1.1s
[   487] loss=-0.6614 | res=1.38e-08 | grad=2.87e-01 | 1.1s
[   488] loss=-0.5910 | res=7.94e-09 | grad=5.16e-01 | 1.1s
[   489] loss=-0.7078 | res=5.58e-09 | grad=2.78e-01 | 1.2s
[   490] loss=-0.7944 | res=1.18e-08 | grad=5.33e-01 | 1.2s
[   491] loss=-0.6458 | res=6.96e-09 | grad=4.35e-01 | 1.2s
[   492] loss=-0.7076 | res=5.24e-09 | grad=2.70e-01 | 1.2s
[   493] loss=-0.6405 | res=1.61e-15 | grad=2.82e-01 | 1.2s
[   494] loss=-0.6693 | res=1.51e-15 | grad=2.44e-01 | 1.2s
[   495] loss=-0.6101 | res=2.56e-09 | grad=3.51e-01 | 1.2s
[   496] loss=-0.6238 | res=2.59e-09 | grad=5.50e-01 | 1.2s
[   497] loss=-0.7243 | res=2.34e-09 | grad=3.35e-01 | 1.2s
[   498] loss=-0.6407 | res=4.59e-09 | grad=3.11e-01 | 1.2s
[   499] loss=-0.6113 | res=1.50e-15 | grad=2.61e-01 | 1.2s
[   500] loss=-0.6472 | res=5.68e-09 | grad=1.79e-01 | 1.2s
[   501] loss=-0.6361 | res=2.15e-09 | grad=3.96e-01 | 1.2s
[   502] loss=-0.6636 | res=2.02e-09 | grad=5.23e-01 | 1.2s
[   503] loss=-0.6524 | res=1.06e-08 | grad=4.20e-01 | 1.1s
[   504] loss=-0.6819 | res=1.90e-09 | grad=6.11e-01 | 1.1s
[   505] loss=-0.6398 | res=3.40e-09 | grad=2.96e-01 | 1.1s
[   506] loss=-0.6516 | res=9.37e-11 | grad=3.83e-01 | 1.1s
[   507] loss=-0.6674 | res=5.10e-09 | grad=2.02e-01 | 1.1s
[   508] loss=-0.6481 | res=8.87e-09 | grad=3.91e-01 | 1.1s
[   509] loss=-0.6344 | res=1.75e-08 | grad=1.92e-01 | 1.1s
[   510] loss=-0.6673 | res=1.29e-08 | grad=2.17e-01 | 1.0s
[   511] loss=-0.6838 | res=2.54e-09 | grad=3.27e-01 | 1.0s
[   512] loss=-0.6524 | res=2.35e-09 | grad=3.40e-01 | 1.0s
[   513] loss=-0.6271 | res=4.21e-09 | grad=4.52e-01 | 1.0s
[   514] loss=-0.6351 | res=3.80e-08 | grad=5.90e-01 | 1.1s
[   515] loss=-0.6767 | res=1.24e-09 | grad=2.87e-01 | 1.1s
[   516] loss=-0.6995 | res=1.11e-08 | grad=5.24e-01 | 1.2s
[   517] loss=-0.7173 | res=1.42e-15 | grad=4.17e-01 | 1.2s
[   518] loss=-0.6453 | res=1.48e-15 | grad=3.73e-01 | 1.2s
[   519] loss=-0.6598 | res=1.88e-15 | grad=3.44e-01 | 1.2s
[   520] loss=-0.7185 | res=4.79e-09 | grad=4.41e-01 | 1.2s
[   521] loss=-0.6614 | res=3.62e-09 | grad=2.86e-01 | 1.2s
[   522] loss=-0.7227 | res=2.90e-09 | grad=3.13e-01 | 1.2s
[   523] loss=-0.6424 | res=2.25e-09 | grad=3.19e-01 | 1.2s
[   524] loss=-0.6309 | res=3.05e-09 | grad=5.32e-01 | 1.2s
[   525] loss=-0.6614 | res=1.81e-09 | grad=1.73e-01 | 1.2s
[   526] loss=-0.6714 | res=7.16e-09 | grad=2.95e-01 | 1.2s
[   527] loss=-0.6897 | res=1.48e-15 | grad=1.71e-01 | 1.1s
[   528] loss=-0.6574 | res=1.63e-09 | grad=3.35e-01 | 1.1s
[   529] loss=-0.7049 | res=8.38e-09 | grad=3.47e-01 | 1.1s
[   530] loss=-0.6598 | res=8.30e-09 | grad=3.42e-01 | 1.1s
[   531] loss=-0.7021 | res=7.29e-10 | grad=3.99e-01 | 1.1s
[   532] loss=-0.6715 | res=2.39e-09 | grad=1.46e-01 | 1.1s
[   533] loss=-0.6404 | res=6.94e-09 | grad=4.08e-01 | 1.1s
[   534] loss=-0.5778 | res=4.50e-05 | grad=5.92e-01 | 1.0s
[   535] loss=-0.6368 | res=1.92e-09 | grad=2.97e-01 | 1.1s
[   536] loss=-0.6744 | res=8.01e-09 | grad=2.18e-01 | 1.2s
[   537] loss=-0.6890 | res=1.33e-09 | grad=4.53e-01 | 1.2s
[   538] loss=-0.6138 | res=1.25e-08 | grad=2.14e-01 | 1.2s
[   539] loss=-0.6776 | res=7.40e-09 | grad=3.92e-01 | 1.2s
[   540] loss=-0.7426 | res=3.69e-09 | grad=6.11e-01 | 1.2s
[   541] loss=-0.6040 | res=1.22e-08 | grad=3.56e-01 | 1.2s
[   542] loss=-0.6487 | res=7.03e-09 | grad=4.72e-01 | 1.1s
[   543] loss=-0.7093 | res=5.75e-09 | grad=2.83e-01 | 1.1s
[   544] loss=-0.6614 | res=3.96e-09 | grad=3.08e-01 | 1.1s
[   545] loss=-0.6634 | res=5.94e-09 | grad=3.44e-01 | 1.1s
[   546] loss=-0.6669 | res=7.04e-09 | grad=1.68e-01 | 1.1s
[   547] loss=-0.6169 | res=6.42e-13 | grad=2.31e-01 | 1.1s
[   548] loss=-0.7142 | res=1.02e-08 | grad=4.26e-01 | 1.1s
[   549] loss=-0.6370 | res=4.10e-09 | grad=2.82e-01 | 1.2s
[   550] loss=-0.6011 | res=1.50e-15 | grad=4.02e-01 | 1.2s
[   551] loss=-0.6565 | res=5.43e-09 | grad=3.47e-01 | 1.1s
[   552] loss=-0.6066 | res=4.13e-09 | grad=3.26e-01 | 1.2s
[   553] loss=-0.6245 | res=2.07e-09 | grad=4.19e-01 | 1.1s
[   554] loss=-0.6838 | res=4.18e-09 | grad=4.67e-01 | 1.0s
[   555] loss=-0.6935 | res=7.64e-12 | grad=5.19e-01 | 1.1s
[   556] loss=-0.6352 | res=4.80e-10 | grad=1.88e-01 | 1.1s
[   557] loss=-0.6614 | res=1.53e-09 | grad=3.41e-01 | 1.1s
[   558] loss=-0.7437 | res=8.46e-09 | grad=7.84e-01 | 1.2s
[   559] loss=-0.6916 | res=9.17e-09 | grad=1.70e-01 | 1.2s
[   560] loss=-0.7256 | res=5.40e-09 | grad=2.14e-01 | 1.2s
[   561] loss=-0.6663 | res=6.78e-09 | grad=5.11e-01 | 1.1s
[   562] loss=-0.6288 | res=2.18e-11 | grad=4.82e-01 | 1.1s
[   563] loss=-0.6772 | res=2.01e-14 | grad=5.07e-01 | 1.1s
[   564] loss=-0.6012 | res=2.31e-11 | grad=8.25e-01 | 1.1s
[   565] loss=-0.7146 | res=1.30e-15 | grad=2.72e-01 | 1.1s
[   566] loss=-0.6936 | res=1.50e-15 | grad=2.93e-01 | 1.1s
[   567] loss=-0.6407 | res=5.61e-09 | grad=4.27e-01 | 1.1s
[   568] loss=-0.6877 | res=1.02e-08 | grad=1.72e-01 | 1.1s
[   569] loss=-0.7268 | res=2.95e-09 | grad=4.32e-01 | 1.1s
[   570] loss=-0.6906 | res=4.11e-10 | grad=4.05e-01 | 1.1s
[   571] loss=-0.7109 | res=3.34e-09 | grad=6.66e-01 | 1.2s
[   572] loss=-0.6472 | res=1.43e-15 | grad=4.39e-01 | 1.2s
[   573] loss=-0.6143 | res=1.44e-15 | grad=2.33e-01 | 1.2s
[   574] loss=-0.7594 | res=7.42e-09 | grad=4.30e-01 | 1.1s
[   575] loss=-0.6075 | res=1.65e-09 | grad=5.96e-01 | 1.1s
[   576] loss=-0.7297 | res=1.21e-08 | grad=2.70e-01 | 1.1s
[   577] loss=-0.6327 | res=1.56e-10 | grad=2.80e-01 | 1.1s
[   578] loss=-0.6595 | res=3.80e-09 | grad=4.08e-01 | 1.1s
[   579] loss=-0.6877 | res=1.13e-09 | grad=3.66e-01 | 1.1s
[   580] loss=-0.6032 | res=3.77e-05 | grad=2.97e-01 | 1.2s
[   581] loss=-0.6712 | res=5.45e-09 | grad=6.53e-01 | 1.2s
[   582] loss=-0.6454 | res=8.33e-09 | grad=2.31e-01 | 1.2s
[   583] loss=-0.6470 | res=5.87e-09 | grad=1.71e-01 | 1.2s
[   584] loss=-0.7148 | res=5.78e-09 | grad=4.07e-01 | 1.2s
[   585] loss=-0.6949 | res=3.56e-09 | grad=4.04e-01 | 1.2s
[   586] loss=-0.5521 | res=1.41e-08 | grad=6.91e-01 | 1.2s
[   587] loss=-0.7037 | res=2.38e-11 | grad=4.89e-01 | 1.2s
[   588] loss=-0.7387 | res=7.29e-05 | grad=6.36e-01 | 1.2s
[   589] loss=-0.6913 | res=1.58e-08 | grad=3.20e-01 | 1.2s
[   590] loss=-0.7143 | res=1.06e-08 | grad=3.32e-01 | 1.2s
[   591] loss=-0.7022 | res=6.30e-09 | grad=3.33e-01 | 1.2s
[   592] loss=-0.6739 | res=3.73e-09 | grad=3.33e-01 | 1.2s
[   593] loss=-0.7601 | res=1.24e-09 | grad=2.76e-01 | 1.2s
[   594] loss=-0.6003 | res=9.88e-09 | grad=8.40e-01 | 1.1s
[   595] loss=-0.7125 | res=4.65e-05 | grad=3.65e-01 | 1.1s
[   596] loss=-0.5870 | res=6.11e-09 | grad=6.22e-01 | 1.1s
[   597] loss=-0.6400 | res=8.50e-05 | grad=5.85e-01 | 1.1s
[   598] loss=-0.6462 | res=6.43e-09 | grad=2.08e-01 | 1.1s
[   599] loss=-0.6573 | res=8.34e-09 | grad=2.40e-01 | 1.2s
[   600] loss=-0.6693 | res=1.09e-08 | grad=1.94e-01 | 1.2s
[   601] loss=-0.7074 | res=3.87e-09 | grad=7.11e-01 | 1.2s
[   602] loss=-0.6475 | res=7.48e-09 | grad=4.06e-01 | 1.2s
[   603] loss=-0.6739 | res=1.35e-15 | grad=4.35e-01 | 1.2s
[   604] loss=-0.6657 | res=2.51e-15 | grad=3.37e-01 | 1.2s
[   605] loss=-0.6582 | res=5.90e-09 | grad=2.86e-01 | 1.2s
[   606] loss=-0.6715 | res=1.77e-08 | grad=3.19e-01 | 1.2s
[   607] loss=-0.6504 | res=5.50e-09 | grad=3.63e-01 | 1.2s
[   608] loss=-0.6344 | res=5.18e-09 | grad=3.86e-01 | 1.2s
[   609] loss=-0.6720 | res=3.39e-09 | grad=1.92e-01 | 1.2s
[   610] loss=-0.7506 | res=5.64e-09 | grad=5.00e-01 | 1.2s
[   611] loss=-0.6691 | res=1.48e-08 | grad=2.58e-01 | 1.2s
[   612] loss=-0.5999 | res=9.76e-09 | grad=5.13e-01 | 1.2s
[   613] loss=-0.7239 | res=9.38e-09 | grad=4.64e-01 | 1.1s
[   614] loss=-0.6495 | res=2.50e-10 | grad=4.87e-01 | 1.2s
[   615] loss=-0.6318 | res=2.01e-09 | grad=3.52e-01 | 1.2s
[   616] loss=-0.6876 | res=6.17e-09 | grad=2.36e-01 | 1.2s
[   617] loss=-0.6014 | res=3.60e-09 | grad=5.38e-01 | 1.2s
[   618] loss=-0.6583 | res=4.88e-09 | grad=2.67e-01 | 1.2s
[   619] loss=-0.5989 | res=6.50e-10 | grad=4.91e-01 | 1.2s
[   620] loss=-0.6943 | res=4.71e-09 | grad=2.67e-01 | 1.2s
[   621] loss=-0.6836 | res=1.27e-09 | grad=5.18e-01 | 1.2s
[   622] loss=-0.5695 | res=7.66e-09 | grad=4.33e-01 | 1.2s
[   623] loss=-0.6177 | res=2.82e-09 | grad=3.22e-01 | 1.2s
[   624] loss=-0.7092 | res=1.28e-15 | grad=6.33e-01 | 1.2s
[   625] loss=-0.6719 | res=5.86e-09 | grad=3.40e-01 | 1.2s
[   626] loss=-0.6852 | res=6.84e-09 | grad=2.92e-01 | 1.2s
[   627] loss=-0.6472 | res=7.19e-09 | grad=3.73e-01 | 1.2s
[   628] loss=-0.6873 | res=8.84e-09 | grad=2.82e-01 | 1.2s
[   629] loss=-0.7033 | res=7.80e-09 | grad=2.15e-01 | 1.2s
[   630] loss=-0.5958 | res=7.36e-09 | grad=4.56e-01 | 1.2s
[   631] loss=-0.7091 | res=1.04e-08 | grad=3.26e-01 | 1.1s
[   632] loss=-0.6603 | res=1.04e-09 | grad=4.20e-01 | 1.1s
[   633] loss=-0.6792 | res=1.16e-09 | grad=2.39e-01 | 1.1s
[   634] loss=-0.6212 | res=2.18e-08 | grad=4.42e-01 | 1.0s
[   635] loss=-0.6994 | res=1.33e-15 | grad=2.70e-01 | 1.1s
[   636] loss=-0.6565 | res=1.27e-08 | grad=6.39e-01 | 1.1s
[   637] loss=-0.6526 | res=9.48e-09 | grad=2.06e-01 | 1.1s
[   638] loss=-0.6985 | res=1.47e-09 | grad=2.54e-01 | 1.1s
[   639] loss=-0.6373 | res=1.96e-09 | grad=1.75e-01 | 1.2s
[   640] loss=-0.6037 | res=5.57e-09 | grad=2.73e-01 | 1.2s
[   641] loss=-0.7019 | res=1.91e-14 | grad=5.73e-01 | 1.2s
[   642] loss=-0.7404 | res=1.64e-10 | grad=6.64e-01 | 1.2s
[   643] loss=-0.7475 | res=4.91e-09 | grad=8.11e-01 | 1.2s
[   644] loss=-0.6199 | res=4.56e-05 | grad=3.02e-01 | 1.2s
[   645] loss=-0.6337 | res=5.02e-12 | grad=3.93e-01 | 1.1s
[   646] loss=-0.6015 | res=1.20e-08 | grad=7.35e-01 | 1.1s
[   647] loss=-0.6070 | res=4.14e-09 | grad=4.78e-01 | 1.1s
[   648] loss=-0.7029 | res=9.29e-10 | grad=2.74e-01 | 1.1s
[   649] loss=-0.5991 | res=1.74e-04 | grad=2.82e-01 | 1.2s
[   650] loss=-0.5678 | res=1.44e-15 | grad=5.12e-01 | 1.2s
[   651] loss=-0.7049 | res=4.99e-09 | grad=4.17e-01 | 1.2s
[   652] loss=-0.6579 | res=8.39e-09 | grad=3.59e-01 | 1.2s
[   653] loss=-0.6448 | res=6.53e-09 | grad=3.07e-01 | 1.2s
[   654] loss=-0.7289 | res=1.86e-08 | grad=6.09e-01 | 1.2s
[   655] loss=-0.6886 | res=4.20e-09 | grad=4.12e-01 | 1.2s
[   656] loss=-0.7824 | res=3.78e-09 | grad=5.97e-01 | 1.2s
[   657] loss=-0.6588 | res=1.13e-08 | grad=2.89e-01 | 1.2s
[   658] loss=-0.6566 | res=1.50e-08 | grad=4.12e-01 | 1.2s
[   659] loss=-0.6527 | res=3.07e-09 | grad=4.97e-01 | 1.2s
[   660] loss=-0.6300 | res=5.93e-09 | grad=5.49e-01 | 1.2s
[   661] loss=-0.7008 | res=1.83e-09 | grad=2.89e-01 | 1.2s
[   662] loss=-0.6480 | res=6.23e-09 | grad=5.02e-01 | 1.2s
[   663] loss=-0.7269 | res=1.51e-09 | grad=3.12e-01 | 1.2s
[   664] loss=-0.7169 | res=2.81e-09 | grad=2.74e-01 | 1.2s
[   665] loss=-0.6961 | res=1.01e-08 | grad=3.77e-01 | 1.2s
[   666] loss=-0.6580 | res=2.69e-09 | grad=2.35e-01 | 1.2s
[   667] loss=-0.5863 | res=2.94e-09 | grad=4.18e-01 | 1.0s
[   668] loss=-0.7732 | res=3.57e-09 | grad=8.03e-01 | 1.0s
[   669] loss=-0.6870 | res=1.32e-08 | grad=2.39e-01 | 1.2s
[   670] loss=-0.6952 | res=9.85e-09 | grad=2.23e-01 | 1.2s
[   671] loss=-0.6438 | res=1.25e-09 | grad=3.66e-01 | 1.2s
[   672] loss=-0.6366 | res=8.77e-11 | grad=2.07e-01 | 1.1s
[   673] loss=-0.6780 | res=1.24e-09 | grad=1.21e-01 | 1.2s
[   674] loss=-0.7155 | res=1.20e-13 | grad=2.21e-01 | 1.2s
[   675] loss=-0.6660 | res=1.71e-08 | grad=4.51e-01 | 1.2s
[   676] loss=-0.6831 | res=1.09e-08 | grad=2.90e-01 | 1.2s
[   677] loss=-0.5951 | res=5.17e-09 | grad=6.98e-01 | 1.2s
[   678] loss=-0.6418 | res=1.67e-09 | grad=3.34e-01 | 1.2s
[   679] loss=-0.6724 | res=6.53e-10 | grad=1.85e-01 | 1.1s
[   680] loss=-0.5785 | res=1.93e-08 | grad=6.76e-01 | 1.2s
[   681] loss=-0.6679 | res=3.24e-09 | grad=2.82e-01 | 1.2s
[   682] loss=-0.6139 | res=1.40e-09 | grad=4.16e-01 | 1.2s
[   683] loss=-0.6766 | res=1.32e-15 | grad=6.61e-01 | 1.2s
[   684] loss=-0.6247 | res=3.80e-09 | grad=4.56e-01 | 1.2s
[   685] loss=-0.6673 | res=1.38e-15 | grad=7.10e-01 | 1.2s
[   686] loss=-0.6755 | res=1.32e-15 | grad=5.96e-01 | 1.2s
[   687] loss=-0.6296 | res=3.21e-09 | grad=2.61e-01 | 1.1s
[   688] loss=-0.6248 | res=1.32e-15 | grad=1.84e-01 | 1.1s
[   689] loss=-0.7525 | res=2.33e-09 | grad=5.29e-01 | 1.2s
[   690] loss=-0.6809 | res=3.46e-09 | grad=2.51e-01 | 1.2s
[   691] loss=-0.7343 | res=3.31e-09 | grad=2.91e-01 | 1.1s
[   692] loss=-0.5202 | res=3.23e-09 | grad=9.77e-01 | 1.2s
[   693] loss=-0.6022 | res=8.92e-10 | grad=6.98e-01 | 1.3s
[   694] loss=-0.6031 | res=5.42e-09 | grad=5.85e-01 | 1.2s
[   695] loss=-0.6399 | res=1.65e-08 | grad=4.67e-01 | 1.1s
[   696] loss=-0.6477 | res=7.64e-09 | grad=3.68e-01 | 1.1s
[   697] loss=-0.6481 | res=8.47e-10 | grad=4.62e-01 | 1.2s
[   698] loss=-0.5848 | res=1.21e-09 | grad=1.94e-01 | 1.2s
[   699] loss=-0.6004 | res=8.51e-09 | grad=3.96e-01 | 1.0s
[   700] loss=-0.7022 | res=1.05e-08 | grad=1.01e+00 | 1.0s
[   701] loss=-0.6622 | res=3.53e-09 | grad=5.39e-01 | 1.0s
[   702] loss=-0.6737 | res=6.98e-09 | grad=4.54e-01 | 1.2s
[   703] loss=-0.5297 | res=2.22e-09 | grad=6.64e-01 | 1.0s
[   704] loss=-0.7066 | res=2.82e-09 | grad=4.31e-01 | 1.0s
[   705] loss=-0.6769 | res=7.18e-09 | grad=2.04e-01 | 1.1s
[   706] loss=-0.6273 | res=2.51e-09 | grad=3.31e-01 | 1.0s
[   707] loss=-0.6323 | res=1.11e-11 | grad=5.07e-01 | 1.0s
[   708] loss=-0.6207 | res=1.19e-08 | grad=6.36e-01 | 1.2s
[   709] loss=-0.6679 | res=1.05e-08 | grad=2.59e-01 | 1.1s
[   710] loss=-0.7383 | res=1.03e-09 | grad=3.12e-01 | 1.1s
[   711] loss=-0.6695 | res=3.77e-09 | grad=3.47e-01 | 1.2s
[   712] loss=-0.6205 | res=2.49e-11 | grad=1.96e-01 | 1.0s
[   713] loss=-0.6975 | res=9.00e-09 | grad=4.69e-01 | 1.1s
[   714] loss=-0.6055 | res=2.33e-09 | grad=2.66e-01 | 1.2s
[   715] loss=-0.6868 | res=3.85e-09 | grad=3.30e-01 | 1.2s
[   716] loss=-0.6116 | res=7.07e-09 | grad=2.78e-01 | 1.2s
[   717] loss=-0.7158 | res=1.52e-04 | grad=4.49e-01 | 1.2s
[   718] loss=-0.6456 | res=6.39e-09 | grad=1.40e-01 | 1.2s
[   719] loss=-0.6173 | res=9.13e-09 | grad=5.12e-01 | 1.2s
[   720] loss=-0.6417 | res=2.55e-09 | grad=2.34e-01 | 1.2s
[   721] loss=-0.6652 | res=1.90e-09 | grad=1.67e-01 | 1.2s
[   722] loss=-0.7030 | res=1.69e-08 | grad=3.69e-01 | 1.2s
[   723] loss=-0.5804 | res=1.30e-15 | grad=4.75e-01 | 1.1s
[   724] loss=-0.6963 | res=3.23e-09 | grad=4.05e-01 | 1.1s
[   725] loss=-0.7125 | res=1.11e-08 | grad=4.79e-01 | 1.1s
[   726] loss=-0.6695 | res=7.73e-10 | grad=2.34e-01 | 1.2s
[   727] loss=-0.5705 | res=9.45e-09 | grad=3.64e-01 | 1.2s
[   728] loss=-0.6432 | res=4.28e-09 | grad=2.25e-01 | 1.2s
[   729] loss=-0.7231 | res=1.23e-08 | grad=4.02e-01 | 1.1s
[   730] loss=-0.6550 | res=9.13e-09 | grad=3.71e-01 | 1.2s
[   731] loss=-0.6588 | res=3.59e-09 | grad=2.49e-01 | 1.1s
[   732] loss=-0.6275 | res=3.23e-09 | grad=2.88e-01 | 1.2s
[   733] loss=-0.7096 | res=5.45e-10 | grad=2.54e-01 | 1.2s
[   734] loss=-0.6726 | res=1.21e-08 | grad=1.61e-01 | 1.1s
[   735] loss=-0.7106 | res=4.33e-11 | grad=1.40e-01 | 1.1s
[   736] loss=-0.6264 | res=3.04e-09 | grad=4.81e-01 | 1.2s
[   737] loss=-0.6548 | res=1.63e-10 | grad=3.06e-01 | 1.2s
[   738] loss=-0.6752 | res=5.05e-09 | grad=1.94e-01 | 1.2s
[   739] loss=-0.7196 | res=5.29e-09 | grad=2.95e-01 | 1.1s
[   740] loss=-0.6923 | res=1.88e-09 | grad=3.28e-01 | 1.2s
[   741] loss=-0.6607 | res=1.10e-08 | grad=3.27e-01 | 1.2s
[   742] loss=-0.7007 | res=3.77e-11 | grad=2.42e-01 | 1.1s
[   743] loss=-0.6394 | res=2.82e-09 | grad=3.00e-01 | 1.1s
[   744] loss=-0.6695 | res=4.27e-10 | grad=2.88e-01 | 1.1s
[   745] loss=-0.6558 | res=5.18e-09 | grad=2.08e-01 | 1.1s
[   746] loss=-0.6317 | res=2.74e-09 | grad=1.53e-01 | 1.2s
[   747] loss=-0.6887 | res=1.96e-09 | grad=3.74e-01 | 1.2s
[   748] loss=-0.7561 | res=1.27e-15 | grad=6.89e-01 | 1.2s
[   749] loss=-0.6006 | res=6.38e-09 | grad=3.86e-01 | 1.2s
[   750] loss=-0.6776 | res=1.01e-08 | grad=2.18e-01 | 1.2s
[   751] loss=-0.6488 | res=1.68e-10 | grad=2.30e-01 | 1.2s
[   752] loss=-0.6971 | res=2.50e-09 | grad=2.15e-01 | 1.2s
[   753] loss=-0.6218 | res=2.39e-15 | grad=4.37e-01 | 1.0s
[   754] loss=-0.5915 | res=6.01e-09 | grad=4.45e-01 | 1.1s
[   755] loss=-0.6257 | res=4.75e-05 | grad=2.62e-01 | 1.0s
[   756] loss=-0.6315 | res=1.58e-15 | grad=2.35e-01 | 1.1s
[   757] loss=-0.6523 | res=1.35e-09 | grad=3.64e-01 | 1.1s
[   758] loss=-0.6565 | res=5.25e-09 | grad=4.05e-01 | 1.2s
[   759] loss=-0.6121 | res=5.68e-12 | grad=2.96e-01 | 1.2s
[   760] loss=-0.7381 | res=1.70e-09 | grad=8.29e-01 | 1.2s
[   761] loss=-0.6458 | res=3.83e-09 | grad=1.82e-01 | 1.2s
[   762] loss=-0.7125 | res=1.54e-09 | grad=4.19e-01 | 1.2s
[   763] loss=-0.7166 | res=4.36e-09 | grad=5.16e-01 | 1.2s
[   764] loss=-0.6428 | res=1.36e-09 | grad=1.88e-01 | 1.2s
[   765] loss=-0.7200 | res=5.41e-09 | grad=1.76e-01 | 1.1s
[   766] loss=-0.6662 | res=3.93e-09 | grad=2.85e-01 | 1.2s
[   767] loss=-0.6711 | res=4.51e-14 | grad=3.36e-01 | 1.2s
[   768] loss=-0.6566 | res=5.07e-09 | grad=4.92e-01 | 1.1s
[   769] loss=-0.5838 | res=1.51e-09 | grad=1.25e+00 | 1.1s
[   770] loss=-0.6617 | res=3.59e-09 | grad=5.63e-01 | 1.0s
[   771] loss=-0.6463 | res=1.47e-15 | grad=2.80e-01 | 1.2s
[   772] loss=-0.6589 | res=1.37e-15 | grad=2.06e-01 | 1.2s
[   773] loss=-0.6681 | res=3.63e-09 | grad=3.69e-01 | 1.0s
[   774] loss=-0.6309 | res=2.78e-09 | grad=2.27e-01 | 1.0s
[   775] loss=-0.6763 | res=2.22e-09 | grad=9.35e-01 | 1.0s
[   776] loss=-0.6985 | res=6.13e-09 | grad=7.77e-01 | 1.1s
[   777] loss=-0.6252 | res=1.12e-08 | grad=3.16e-01 | 1.2s
[   778] loss=-0.6693 | res=2.09e-09 | grad=2.85e-01 | 1.2s
[   779] loss=-0.6990 | res=8.78e-09 | grad=3.12e-01 | 1.2s
[   780] loss=-0.6423 | res=6.25e-09 | grad=2.77e-01 | 1.0s
[   781] loss=-0.6403 | res=6.14e-10 | grad=3.26e-01 | 1.2s
[   782] loss=-0.6423 | res=1.03e-08 | grad=4.46e-01 | 1.2s
[   783] loss=-0.7016 | res=7.66e-09 | grad=2.16e-01 | 1.2s
[   784] loss=-0.5827 | res=2.39e-13 | grad=6.76e-01 | 1.2s
[   785] loss=-0.6616 | res=8.10e-09 | grad=3.83e-01 | 1.0s
[   786] loss=-0.6711 | res=1.33e-08 | grad=2.82e-01 | 1.2s
[   787] loss=-0.6417 | res=7.42e-09 | grad=2.22e-01 | 1.2s
[   788] loss=-0.6607 | res=2.85e-09 | grad=2.14e-01 | 1.2s
[   789] loss=-0.6734 | res=5.47e-09 | grad=3.16e-01 | 1.0s
[   790] loss=-0.7244 | res=3.71e-09 | grad=4.85e-01 | 1.2s
[   791] loss=-0.7021 | res=9.92e-09 | grad=3.12e-01 | 1.2s
[   792] loss=-0.6825 | res=1.46e-15 | grad=1.38e-01 | 1.2s
[   793] loss=-0.6880 | res=5.06e-09 | grad=1.72e-01 | 1.2s
[   794] loss=-0.7309 | res=7.91e-09 | grad=4.80e-01 | 1.1s
[   795] loss=-0.6873 | res=4.60e-09 | grad=2.65e-01 | 1.1s
[   796] loss=-0.7115 | res=8.34e-09 | grad=1.36e-01 | 1.0s
[   797] loss=-0.6239 | res=7.86e-09 | grad=5.91e-01 | 1.1s
[   798] loss=-0.6293 | res=5.08e-13 | grad=6.01e-01 | 1.1s
[   799] loss=-0.6305 | res=2.32e-10 | grad=2.18e-01 | 1.1s
[   800] loss=-0.7105 | res=1.72e-08 | grad=3.11e-01 | 1.2s
[   801] loss=-0.6098 | res=1.03e-08 | grad=5.02e-01 | 1.2s
[   802] loss=-0.6498 | res=1.69e-09 | grad=2.43e-01 | 1.2s
[   803] loss=-0.6850 | res=5.96e-09 | grad=3.43e-01 | 1.0s
[   804] loss=-0.6938 | res=2.41e-13 | grad=5.50e-01 | 1.2s
[   805] loss=-0.6373 | res=4.03e-09 | grad=3.30e-01 | 1.2s
[   806] loss=-0.6888 | res=5.23e-09 | grad=3.42e-01 | 1.2s
[   807] loss=-0.6939 | res=4.28e-09 | grad=4.19e-01 | 1.2s
[   808] loss=-0.6877 | res=2.81e-09 | grad=4.65e-01 | 1.2s
[   809] loss=-0.6999 | res=6.49e-09 | grad=5.61e-01 | 1.1s
[   810] loss=-0.7068 | res=1.43e-08 | grad=1.40e-01 | 1.2s
[   811] loss=-0.7010 | res=9.98e-10 | grad=3.59e-01 | 1.2s
[   812] loss=-0.6938 | res=5.38e-09 | grad=2.49e-01 | 1.1s
[   813] loss=-0.5668 | res=2.09e-09 | grad=7.53e-01 | 1.2s
[   814] loss=-0.6707 | res=4.62e-09 | grad=2.74e-01 | 1.1s
[   815] loss=-0.6096 | res=2.40e-09 | grad=6.53e-01 | 1.1s
[   816] loss=-0.7005 | res=1.33e-15 | grad=1.67e-01 | 1.0s
[   817] loss=-0.6569 | res=5.02e-09 | grad=3.19e-01 | 1.0s
[   818] loss=-0.6723 | res=5.50e-09 | grad=1.23e-01 | 1.0s
[   819] loss=-0.6318 | res=1.64e-08 | grad=2.91e-01 | 1.1s
[   820] loss=-0.6583 | res=9.78e-09 | grad=2.65e-01 | 1.1s
[   821] loss=-0.7151 | res=7.08e-09 | grad=7.22e-01 | 1.2s
[   822] loss=-0.6269 | res=1.37e-09 | grad=3.16e-01 | 1.1s
[   823] loss=-0.6884 | res=3.85e-09 | grad=6.63e-01 | 1.1s
[   824] loss=-0.5949 | res=1.38e-15 | grad=2.08e-01 | 1.1s
[   825] loss=-0.6188 | res=6.49e-09 | grad=2.91e-01 | 1.2s
[   826] loss=-0.7112 | res=9.76e-09 | grad=5.15e-01 | 1.2s
[   827] loss=-0.6775 | res=6.07e-09 | grad=3.39e-01 | 1.1s
[   828] loss=-0.5892 | res=8.20e-09 | grad=4.34e-01 | 1.2s
[   829] loss=-0.6251 | res=6.81e-09 | grad=5.54e-01 | 1.2s
[   830] loss=-0.6290 | res=2.62e-09 | grad=4.20e-01 | 1.2s
[   831] loss=-0.6418 | res=2.79e-09 | grad=5.32e-01 | 1.0s
[   832] loss=-0.6032 | res=4.04e-09 | grad=4.85e-01 | 1.1s
[   833] loss=-0.6876 | res=5.56e-09 | grad=1.65e-01 | 1.2s
[   834] loss=-0.6352 | res=2.44e-08 | grad=2.24e-01 | 1.2s
[   835] loss=-0.7287 | res=6.85e-09 | grad=6.78e-01 | 1.2s
[   836] loss=-0.6704 | res=5.19e-09 | grad=4.15e-01 | 1.2s
[   837] loss=-0.6883 | res=1.18e-15 | grad=6.29e-01 | 1.2s
[   838] loss=-0.6419 | res=7.91e-09 | grad=1.67e-01 | 1.2s
[   839] loss=-0.6708 | res=2.95e-08 | grad=3.26e-01 | 1.2s
[   840] loss=-0.7032 | res=2.81e-09 | grad=1.11e-01 | 1.2s
[   841] loss=-0.5850 | res=1.54e-15 | grad=6.54e-01 | 1.2s
[   842] loss=-0.6584 | res=1.23e-15 | grad=2.49e-01 | 1.2s
[   843] loss=-0.7059 | res=1.39e-08 | grad=3.41e-01 | 1.1s
[   844] loss=-0.6816 | res=7.55e-11 | grad=2.50e-01 | 1.2s
[   845] loss=-0.6546 | res=2.27e-15 | grad=1.60e-01 | 1.2s
[   846] loss=-0.6974 | res=1.12e-08 | grad=3.87e-01 | 1.2s
[   847] loss=-0.5961 | res=1.38e-15 | grad=2.71e-01 | 1.2s
[   848] loss=-0.6749 | res=1.38e-15 | grad=1.24e-01 | 1.2s
[   849] loss=-0.6578 | res=3.46e-09 | grad=3.10e-01 | 1.2s
[   850] loss=-0.6511 | res=7.15e-09 | grad=2.67e-01 | 1.2s
[   851] loss=-0.6184 | res=1.90e-04 | grad=3.02e-01 | 1.2s
[   852] loss=-0.6528 | res=1.43e-15 | grad=4.29e-01 | 1.2s
[   853] loss=-0.6748 | res=1.63e-08 | grad=3.81e-01 | 1.2s
[   854] loss=-0.6743 | res=3.34e-09 | grad=2.42e-01 | 1.2s
[   855] loss=-0.6651 | res=3.04e-09 | grad=2.73e-01 | 1.2s
[   856] loss=-0.6483 | res=5.12e-09 | grad=1.45e-01 | 1.2s
[   857] loss=-0.5965 | res=1.26e-09 | grad=1.46e-01 | 1.1s
[   858] loss=-0.6915 | res=8.94e-09 | grad=3.12e-01 | 1.2s
[   859] loss=-0.7058 | res=1.32e-12 | grad=5.34e-01 | 1.2s
[   860] loss=-0.6878 | res=2.94e-04 | grad=2.64e-01 | 1.2s
[   861] loss=-0.6572 | res=3.45e-09 | grad=3.74e-01 | 1.2s
[   862] loss=-0.5853 | res=8.55e-10 | grad=7.42e-01 | 1.2s
[   863] loss=-0.6814 | res=4.98e-09 | grad=2.61e-01 | 1.2s
[   864] loss=-0.6199 | res=1.54e-09 | grad=5.88e-01 | 1.2s
[   865] loss=-0.7034 | res=1.15e-09 | grad=2.93e-01 | 1.2s
[   866] loss=-0.6228 | res=5.73e-09 | grad=2.25e-01 | 1.2s
[   867] loss=-0.6759 | res=4.05e-13 | grad=1.35e-01 | 1.0s
[   868] loss=-0.6795 | res=6.20e-09 | grad=3.08e-01 | 1.1s
[   869] loss=-0.6463 | res=4.62e-09 | grad=1.89e-01 | 1.2s
[   870] loss=-0.6666 | res=9.51e-09 | grad=2.52e-01 | 1.2s
[   871] loss=-0.6320 | res=1.37e-08 | grad=2.14e-01 | 1.0s
[   872] loss=-0.6705 | res=4.85e-05 | grad=3.69e-01 | 1.1s
[   873] loss=-0.7487 | res=1.19e-09 | grad=5.83e-01 | 1.2s
[   874] loss=-0.6836 | res=1.72e-09 | grad=2.84e-01 | 1.2s
[   875] loss=-0.6524 | res=2.07e-08 | grad=2.12e-01 | 1.2s
[   876] loss=-0.6243 | res=5.22e-05 | grad=2.84e-01 | 1.1s
[   877] loss=-0.6074 | res=1.71e-15 | grad=4.77e-01 | 1.1s
[   878] loss=-0.7089 | res=2.69e-08 | grad=3.03e-01 | 1.1s
[   879] loss=-0.7247 | res=1.38e-15 | grad=2.59e-01 | 1.1s
[   880] loss=-0.6117 | res=5.35e-09 | grad=6.74e-01 | 1.2s
[   881] loss=-0.7240 | res=3.45e-09 | grad=3.07e-01 | 1.2s
[   882] loss=-0.6881 | res=1.14e-12 | grad=2.56e-01 | 1.2s
[   883] loss=-0.7493 | res=8.04e-14 | grad=6.49e-01 | 1.1s
[   884] loss=-0.6898 | res=1.43e-15 | grad=2.99e-01 | 1.2s
[   885] loss=-0.7195 | res=2.32e-09 | grad=1.21e-01 | 1.2s
[   886] loss=-0.7062 | res=1.46e-15 | grad=1.90e-01 | 1.1s
[   887] loss=-0.6562 | res=6.39e-14 | grad=1.81e-01 | 1.1s
[   888] loss=-0.6361 | res=7.86e-10 | grad=4.98e-01 | 1.2s
[   889] loss=-0.6365 | res=5.30e-09 | grad=6.33e-01 | 1.2s
[   890] loss=-0.7222 | res=2.28e-09 | grad=1.90e-01 | 1.2s
[   891] loss=-0.7427 | res=2.74e-10 | grad=4.20e-01 | 1.0s
[   892] loss=-0.6520 | res=9.05e-10 | grad=4.05e-01 | 1.0s
[   893] loss=-0.5843 | res=1.16e-08 | grad=6.55e-01 | 1.2s
[   894] loss=-0.6235 | res=1.10e-08 | grad=2.97e-01 | 1.2s
[   895] loss=-0.7032 | res=8.86e-09 | grad=5.08e-01 | 1.0s
[   896] loss=-0.6624 | res=5.47e-09 | grad=4.23e-01 | 1.2s
[   897] loss=-0.6115 | res=2.80e-13 | grad=3.69e-01 | 1.2s
[   898] loss=-0.7237 | res=1.40e-15 | grad=5.82e-01 | 1.2s
[   899] loss=-0.6441 | res=8.44e-09 | grad=1.73e-01 | 1.2s
[   900] loss=-0.6678 | res=8.56e-09 | grad=1.50e-01 | 1.2s
[   901] loss=-0.7445 | res=1.05e-08 | grad=4.61e-01 | 1.2s
[   902] loss=-0.6867 | res=6.72e-14 | grad=3.59e-01 | 1.2s
[   903] loss=-0.7021 | res=2.52e-04 | grad=1.55e-01 | 1.2s
[   904] loss=-0.5605 | res=2.13e-09 | grad=8.75e-01 | 1.1s
[   905] loss=-0.7089 | res=1.16e-08 | grad=3.09e-01 | 1.0s
[   906] loss=-0.7156 | res=3.64e-09 | grad=1.06e-01 | 1.0s
[   907] loss=-0.6322 | res=1.62e-08 | grad=5.58e-01 | 1.2s
[   908] loss=-0.7191 | res=5.48e-09 | grad=2.38e-01 | 1.2s
[   909] loss=-0.6666 | res=4.76e-09 | grad=4.19e-01 | 1.1s
[   910] loss=-0.6319 | res=1.48e-09 | grad=1.67e-01 | 1.2s
[   911] loss=-0.7096 | res=6.06e-09 | grad=3.07e-01 | 1.1s
[   912] loss=-0.6411 | res=1.13e-08 | grad=2.16e-01 | 1.2s
[   913] loss=-0.6194 | res=3.88e-11 | grad=2.13e-01 | 1.2s
[   914] loss=-0.6772 | res=1.31e-15 | grad=2.93e-01 | 1.2s
[   915] loss=-0.6606 | res=3.01e-09 | grad=2.21e-01 | 1.2s
[   916] loss=-0.6643 | res=2.54e-09 | grad=4.13e-01 | 1.2s
[   917] loss=-0.6498 | res=8.37e-09 | grad=2.60e-01 | 1.1s
[   918] loss=-0.6792 | res=4.92e-09 | grad=1.86e-01 | 1.1s
[   919] loss=-0.7238 | res=3.64e-09 | grad=4.51e-01 | 1.2s
[   920] loss=-0.6905 | res=1.20e-08 | grad=1.32e-01 | 1.2s
[   921] loss=-0.6453 | res=6.55e-09 | grad=2.42e-01 | 1.2s
[   922] loss=-0.6009 | res=5.03e-09 | grad=5.01e-01 | 1.2s
[   923] loss=-0.6047 | res=1.37e-08 | grad=4.77e-01 | 1.2s
[   924] loss=-0.6452 | res=7.36e-13 | grad=3.66e-01 | 1.2s
[   925] loss=-0.6807 | res=6.73e-09 | grad=3.73e-01 | 1.1s
[   926] loss=-0.7812 | res=7.85e-09 | grad=8.19e-01 | 1.2s
[   927] loss=-0.6739 | res=8.23e-09 | grad=2.92e-01 | 1.2s
[   928] loss=-0.7078 | res=8.61e-09 | grad=4.33e-01 | 1.2s
[   929] loss=-0.6833 | res=4.84e-09 | grad=1.51e-01 | 1.2s
[   930] loss=-0.5980 | res=9.91e-10 | grad=6.39e-01 | 1.2s
[   931] loss=-0.6187 | res=1.06e-08 | grad=6.41e-01 | 1.2s
[   932] loss=-0.6849 | res=5.98e-09 | grad=2.57e-01 | 1.2s
[   933] loss=-0.6097 | res=1.52e-15 | grad=3.45e-01 | 1.2s
[   934] loss=-0.6053 | res=3.14e-09 | grad=2.52e-01 | 1.2s
[   935] loss=-0.6796 | res=3.98e-09 | grad=2.80e-01 | 1.2s
[   936] loss=-0.6553 | res=3.86e-13 | grad=6.18e-01 | 1.2s
[   937] loss=-0.6579 | res=4.66e-09 | grad=3.10e-01 | 1.1s
[   938] loss=-0.6687 | res=6.62e-09 | grad=5.47e-01 | 1.2s
[   939] loss=-0.6428 | res=1.37e-15 | grad=3.16e-01 | 1.2s
[   940] loss=-0.7173 | res=3.34e-09 | grad=3.92e-01 | 1.1s
[   941] loss=-0.7010 | res=4.64e-09 | grad=2.50e-01 | 1.1s
[   942] loss=-0.6961 | res=1.41e-15 | grad=2.38e-01 | 1.2s
[   943] loss=-0.6850 | res=2.36e-09 | grad=1.80e-01 | 1.2s
[   944] loss=-0.5977 | res=4.98e-15 | grad=8.01e-01 | 1.2s
[   945] loss=-0.6034 | res=4.43e-09 | grad=6.95e-01 | 1.2s
[   946] loss=-0.6273 | res=7.76e-10 | grad=4.36e-01 | 1.1s
[   947] loss=-0.7394 | res=1.24e-08 | grad=3.20e-01 | 1.2s
[   948] loss=-0.6406 | res=8.39e-09 | grad=1.71e-01 | 1.2s
[   949] loss=-0.6430 | res=1.20e-15 | grad=2.77e-01 | 1.1s
[   950] loss=-0.6483 | res=1.11e-08 | grad=2.99e-01 | 1.1s
[   951] loss=-0.6072 | res=1.66e-08 | grad=2.17e-01 | 1.2s
[   952] loss=-0.6727 | res=8.78e-09 | grad=5.38e-01 | 1.2s
[   953] loss=-0.5665 | res=1.48e-08 | grad=3.83e-01 | 1.2s
[   954] loss=-0.6560 | res=9.73e-05 | grad=3.07e-01 | 1.1s
[   955] loss=-0.6066 | res=2.60e-09 | grad=1.93e-01 | 1.1s
[   956] loss=-0.5732 | res=7.04e-09 | grad=3.46e-01 | 1.2s
[   957] loss=-0.6726 | res=7.73e-09 | grad=3.32e-01 | 1.2s
[   958] loss=-0.6973 | res=9.16e-09 | grad=5.24e-01 | 1.2s
[   959] loss=-0.6790 | res=3.63e-09 | grad=2.12e-01 | 1.2s
[   960] loss=-0.6607 | res=2.23e-09 | grad=2.20e-01 | 1.2s
[   961] loss=-0.6888 | res=1.85e-15 | grad=2.14e-01 | 1.2s
[   962] loss=-0.6429 | res=3.65e-09 | grad=1.74e-01 | 1.1s
[   963] loss=-0.6078 | res=4.77e-11 | grad=3.19e-01 | 1.2s
[   964] loss=-0.6321 | res=1.08e-08 | grad=2.86e-01 | 1.2s
[   965] loss=-0.6669 | res=1.42e-08 | grad=4.61e-01 | 1.2s
[   966] loss=-0.6459 | res=7.94e-09 | grad=2.53e-01 | 1.2s
[   967] loss=-0.6429 | res=5.07e-09 | grad=1.33e-01 | 1.2s
[   968] loss=-0.7056 | res=8.22e-09 | grad=5.08e-01 | 1.2s
[   969] loss=-0.5405 | res=1.52e-08 | grad=5.84e-01 | 1.2s
[   970] loss=-0.6615 | res=7.16e-09 | grad=2.26e-01 | 1.2s
[   971] loss=-0.7252 | res=3.77e-09 | grad=7.75e-01 | 1.2s
[   972] loss=-0.7315 | res=4.95e-09 | grad=6.03e-01 | 1.2s
[   973] loss=-0.6903 | res=3.59e-09 | grad=2.90e-01 | 1.1s
[   974] loss=-0.6817 | res=2.10e-09 | grad=1.98e-01 | 1.1s
[   975] loss=-0.6563 | res=1.32e-15 | grad=3.62e-01 | 1.2s
[   976] loss=-0.6624 | res=2.47e-09 | grad=2.82e-01 | 1.2s
[   977] loss=-0.6626 | res=1.11e-08 | grad=2.87e-01 | 1.3s
[   978] loss=-0.6563 | res=4.59e-09 | grad=5.05e-01 | 1.2s
[   979] loss=-0.7447 | res=3.78e-09 | grad=2.51e-01 | 1.2s
[   980] loss=-0.6760 | res=3.00e-09 | grad=2.18e-01 | 1.2s
[   981] loss=-0.7380 | res=2.01e-09 | grad=2.46e-01 | 1.2s
[   982] loss=-0.7036 | res=7.99e-09 | grad=1.21e-01 | 1.2s
[   983] loss=-0.6283 | res=6.79e-09 | grad=4.95e-01 | 1.2s
[   984] loss=-0.7157 | res=1.15e-08 | grad=3.37e-01 | 1.2s
[   985] loss=-0.6725 | res=4.89e-09 | grad=2.08e-01 | 1.2s
[   986] loss=-0.6725 | res=5.13e-09 | grad=2.43e-01 | 1.2s
[   987] loss=-0.6134 | res=1.50e-09 | grad=2.28e-01 | 1.2s
[   988] loss=-0.6278 | res=9.81e-09 | grad=2.23e-01 | 1.2s
[   989] loss=-0.6582 | res=1.24e-08 | grad=2.25e-01 | 1.1s
[   990] loss=-0.6928 | res=1.24e-15 | grad=5.10e-01 | 1.2s
[   991] loss=-0.6538 | res=5.09e-09 | grad=2.46e-01 | 1.2s
[   992] loss=-0.7220 | res=1.79e-09 | grad=4.69e-01 | 1.2s
[   993] loss=-0.6426 | res=1.44e-09 | grad=2.02e-01 | 1.2s
[   994] loss=-0.6504 | res=2.01e-08 | grad=3.70e-01 | 1.2s
[   995] loss=-0.6281 | res=7.79e-09 | grad=1.76e-01 | 1.2s
[   996] loss=-0.6218 | res=1.15e-08 | grad=3.58e-01 | 1.2s
[   997] loss=-0.6239 | res=1.34e-08 | grad=4.41e-01 | 1.2s
[   998] loss=-0.6497 | res=4.03e-09 | grad=2.75e-01 | 1.2s
[   999] loss=-0.7233 | res=3.85e-09 | grad=5.21e-01 | 1.2s
[  1000] loss=-0.7239 | res=3.48e-14 | grad=5.71e-01 | 1.2s
  KL = 0.0121 +/- 0.0012  |  ESS = 993.6 (ratio: 0.970)
  Runtime = 1162.1s

[Ours] Training on S4...
/home/sjbhatt/anaconda3/envs/rcpms-jax/lib/python3.10/site-packages/jax/_src/ops/scatter.py:92: FutureWarning: scatter inputs have incompatible types: cannot safely cast value from dtype=int64 to dtype=int32 with jax_numpy_dtype_promotion='standard'. In future JAX releases this will result in an error.
  warnings.warn(
/home/sjbhatt/anaconda3/envs/rcpms-jax/lib/python3.10/site-packages/jax/_src/ops/scatter.py:92: FutureWarning: scatter inputs have incompatible types: cannot safely cast value from dtype=int64 to dtype=int32 with jax_numpy_dtype_promotion='standard'. In future JAX releases this will result in an error.
  warnings.warn(
[     1] loss=0.0247 | res=3.13e-09 | grad=6.30e+00 | 5.7s
[     2] loss=-0.1020 | res=1.24e-08 | grad=4.93e+00 | 0.4s
[     3] loss=-0.1979 | res=1.72e-08 | grad=4.48e+00 | 0.5s
[     4] loss=-0.3137 | res=1.60e-08 | grad=4.18e+00 | 0.5s
[     5] loss=-0.3692 | res=2.63e-08 | grad=3.33e+00 | 0.4s
[     6] loss=-0.4467 | res=3.60e-08 | grad=2.88e+00 | 0.4s
[     7] loss=-0.4387 | res=4.23e-08 | grad=1.55e+00 | 0.5s
[     8] loss=-0.5269 | res=2.93e-08 | grad=1.47e+00 | 0.4s
[     9] loss=-0.5060 | res=4.18e-08 | grad=5.21e-01 | 0.4s
[    10] loss=-0.5231 | res=4.15e-08 | grad=8.44e-01 | 0.4s
[    11] loss=-0.5423 | res=4.22e-08 | grad=9.74e-01 | 0.5s
[    12] loss=-0.5289 | res=3.20e-08 | grad=1.25e+00 | 0.5s
[    13] loss=-0.5721 | res=2.75e-08 | grad=1.26e+00 | 0.5s
[    14] loss=-0.5549 | res=3.54e-08 | grad=1.25e+00 | 0.4s
[    15] loss=-0.5371 | res=2.97e-08 | grad=1.44e+00 | 0.4s
[    16] loss=-0.5401 | res=3.49e-08 | grad=1.33e+00 | 0.4s
[    17] loss=-0.5881 | res=3.82e-08 | grad=7.70e-01 | 0.5s
[    18] loss=-0.5205 | res=1.53e-08 | grad=8.28e-01 | 0.4s
[    19] loss=-0.5027 | res=1.16e-08 | grad=7.52e-01 | 0.5s
[    20] loss=-0.5735 | res=2.47e-08 | grad=5.17e-01 | 0.5s
[    21] loss=-0.5614 | res=3.47e-08 | grad=4.10e-01 | 0.4s
[    22] loss=-0.4841 | res=2.59e-08 | grad=3.09e-01 | 0.5s
[    23] loss=-0.5368 | res=1.85e-08 | grad=5.25e-01 | 0.4s
[    24] loss=-0.6032 | res=2.14e-08 | grad=8.45e-01 | 0.5s
[    25] loss=-0.4856 | res=1.47e-08 | grad=5.36e-01 | 0.4s
[    26] loss=-0.5608 | res=3.00e-08 | grad=7.42e-01 | 0.5s
[    27] loss=-0.5766 | res=8.86e-09 | grad=1.01e+00 | 0.4s
[    28] loss=-0.5526 | res=1.68e-08 | grad=1.01e+00 | 0.5s
[    29] loss=-0.5665 | res=9.16e-09 | grad=8.21e-01 | 0.4s
[    30] loss=-0.5539 | res=4.26e-09 | grad=7.14e-01 | 0.5s
[    31] loss=-0.5615 | res=2.02e-08 | grad=2.81e-01 | 0.4s
[    32] loss=-0.5218 | res=1.54e-08 | grad=4.25e-01 | 0.5s
[    33] loss=-0.5588 | res=1.16e-08 | grad=5.46e-01 | 0.5s
[    34] loss=-0.4881 | res=1.45e-08 | grad=7.64e-01 | 0.5s
[    35] loss=-0.5107 | res=3.07e-08 | grad=8.20e-01 | 0.5s
[    36] loss=-0.4959 | res=5.33e-09 | grad=6.56e-01 | 0.5s
[    37] loss=-0.4983 | res=1.47e-08 | grad=6.84e-01 | 0.5s
[    38] loss=-0.5337 | res=1.15e-08 | grad=5.19e-01 | 0.5s
[    39] loss=-0.5029 | res=1.14e-08 | grad=7.23e-01 | 0.5s
[    40] loss=-0.5839 | res=1.71e-08 | grad=4.88e-01 | 0.4s
[    41] loss=-0.5764 | res=8.41e-09 | grad=4.79e-01 | 0.4s
[    42] loss=-0.5477 | res=2.04e-08 | grad=5.88e-01 | 0.5s
[    43] loss=-0.5585 | res=1.39e-08 | grad=3.83e-01 | 0.5s
[    44] loss=-0.4945 | res=1.15e-08 | grad=4.57e-01 | 0.4s
[    45] loss=-0.5384 | res=6.49e-09 | grad=5.79e-01 | 0.4s
[    46] loss=-0.4750 | res=1.90e-08 | grad=6.58e-01 | 0.6s
[    47] loss=-0.5771 | res=9.50e-09 | grad=7.54e-01 | 0.6s
[    48] loss=-0.4894 | res=4.32e-09 | grad=4.02e-01 | 0.6s
[    49] loss=-0.5817 | res=2.89e-09 | grad=6.08e-01 | 0.6s
[    50] loss=-0.5612 | res=1.10e-08 | grad=6.00e-01 | 0.6s
[    51] loss=-0.5281 | res=1.88e-09 | grad=6.41e-01 | 0.6s
[    52] loss=-0.5745 | res=2.65e-09 | grad=4.71e-01 | 0.6s
[    53] loss=-0.5301 | res=1.46e-08 | grad=3.69e-01 | 0.6s
[    54] loss=-0.6037 | res=9.35e-09 | grad=5.93e-01 | 0.6s
[    55] loss=-0.6086 | res=9.05e-09 | grad=5.04e-01 | 0.6s
[    56] loss=-0.6029 | res=3.76e-09 | grad=6.52e-01 | 0.6s
[    57] loss=-0.5307 | res=8.08e-09 | grad=4.57e-01 | 0.5s
[    58] loss=-0.5586 | res=8.33e-09 | grad=4.73e-01 | 0.6s
[    59] loss=-0.5352 | res=6.37e-09 | grad=5.80e-01 | 0.6s
[    60] loss=-0.5601 | res=8.32e-09 | grad=5.07e-01 | 0.6s
[    61] loss=-0.5630 | res=2.26e-08 | grad=4.35e-01 | 0.6s
[    62] loss=-0.5445 | res=6.66e-09 | grad=6.32e-01 | 0.6s
[    63] loss=-0.4553 | res=1.92e-08 | grad=8.81e-01 | 0.6s
[    64] loss=-0.4888 | res=9.19e-09 | grad=6.47e-01 | 0.6s
[    65] loss=-0.5716 | res=1.36e-08 | grad=3.18e-01 | 0.6s
[    66] loss=-0.5157 | res=2.92e-09 | grad=6.17e-01 | 0.6s
[    67] loss=-0.5206 | res=1.34e-08 | grad=3.82e-01 | 0.6s
[    68] loss=-0.5462 | res=8.04e-09 | grad=5.54e-01 | 0.6s
[    69] loss=-0.5154 | res=8.98e-09 | grad=4.38e-01 | 0.6s
[    70] loss=-0.5379 | res=5.80e-09 | grad=4.57e-01 | 0.5s
[    71] loss=-0.5022 | res=9.65e-09 | grad=3.33e-01 | 0.5s
[    72] loss=-0.5382 | res=8.44e-09 | grad=7.02e-01 | 0.5s
[    73] loss=-0.5387 | res=7.41e-09 | grad=1.06e+00 | 0.5s
[    74] loss=-0.5350 | res=7.74e-09 | grad=3.54e-01 | 0.5s
[    75] loss=-0.4668 | res=3.19e-09 | grad=5.81e-01 | 0.5s
[    76] loss=-0.5542 | res=2.42e-09 | grad=4.05e-01 | 0.4s
[    77] loss=-0.4801 | res=1.14e-08 | grad=8.25e-01 | 0.5s
[    78] loss=-0.5751 | res=1.55e-08 | grad=6.13e-01 | 0.5s
[    79] loss=-0.4849 | res=2.61e-08 | grad=4.86e-01 | 0.5s
[    80] loss=-0.5886 | res=1.75e-08 | grad=3.33e-01 | 0.5s
[    81] loss=-0.4993 | res=6.99e-09 | grad=3.68e-01 | 0.5s
[    82] loss=-0.5263 | res=4.77e-09 | grad=4.69e-01 | 0.5s
[    83] loss=-0.5437 | res=7.29e-09 | grad=4.56e-01 | 0.4s
[    84] loss=-0.5724 | res=1.06e-09 | grad=4.26e-01 | 0.5s
[    85] loss=-0.5487 | res=2.50e-08 | grad=5.23e-01 | 0.5s
[    86] loss=-0.5350 | res=2.35e-09 | grad=4.17e-01 | 0.5s
[    87] loss=-0.5681 | res=1.28e-08 | grad=3.40e-01 | 0.5s
[    88] loss=-0.6097 | res=1.05e-08 | grad=7.09e-01 | 0.4s
[    89] loss=-0.5963 | res=1.13e-08 | grad=4.48e-01 | 0.5s
[    90] loss=-0.5466 | res=1.07e-08 | grad=4.57e-01 | 0.5s
[    91] loss=-0.5652 | res=5.88e-09 | grad=4.93e-01 | 0.4s
[    92] loss=-0.5449 | res=3.36e-09 | grad=3.78e-01 | 0.5s
[    93] loss=-0.5924 | res=1.14e-08 | grad=5.98e-01 | 0.5s
[    94] loss=-0.5443 | res=6.96e-09 | grad=9.15e-01 | 0.5s
[    95] loss=-0.5714 | res=1.38e-08 | grad=6.67e-01 | 0.4s
[    96] loss=-0.5239 | res=6.11e-09 | grad=4.11e-01 | 0.4s
[    97] loss=-0.5445 | res=1.81e-08 | grad=3.80e-01 | 0.5s
[    98] loss=-0.4878 | res=7.02e-09 | grad=6.74e-01 | 0.5s
[    99] loss=-0.4810 | res=5.22e-09 | grad=6.02e-01 | 0.5s
[   100] loss=-0.5383 | res=1.48e-08 | grad=4.54e-01 | 0.5s
[   101] loss=-0.5569 | res=8.80e-09 | grad=4.09e-01 | 0.5s
[   102] loss=-0.5276 | res=2.25e-14 | grad=3.87e-01 | 0.5s
[   103] loss=-0.4796 | res=5.19e-09 | grad=3.15e-01 | 0.5s
[   104] loss=-0.5433 | res=1.33e-08 | grad=5.45e-01 | 0.5s
[   105] loss=-0.4976 | res=3.62e-09 | grad=3.15e-01 | 0.5s
[   106] loss=-0.5338 | res=9.94e-09 | grad=4.50e-01 | 0.5s
[   107] loss=-0.5755 | res=1.05e-09 | grad=6.02e-01 | 0.5s
[   108] loss=-0.5087 | res=1.80e-08 | grad=2.66e-01 | 0.5s
[   109] loss=-0.5320 | res=3.93e-09 | grad=5.72e-01 | 0.5s
[   110] loss=-0.6052 | res=5.74e-09 | grad=7.69e-01 | 0.5s
[   111] loss=-0.5519 | res=6.09e-09 | grad=1.71e-01 | 0.4s
[   112] loss=-0.5814 | res=3.54e-09 | grad=4.71e-01 | 0.5s
[   113] loss=-0.6031 | res=3.18e-08 | grad=3.68e-01 | 0.5s
[   114] loss=-0.5384 | res=1.35e-08 | grad=7.42e-01 | 0.5s
[   115] loss=-0.5639 | res=7.63e-09 | grad=5.88e-01 | 0.5s
[   116] loss=-0.5214 | res=2.23e-08 | grad=6.71e-01 | 0.4s
[   117] loss=-0.5591 | res=4.37e-09 | grad=3.27e-01 | 0.4s
[   118] loss=-0.5184 | res=4.04e-09 | grad=4.67e-01 | 0.5s
[   119] loss=-0.4859 | res=1.39e-08 | grad=6.85e-01 | 0.4s
[   120] loss=-0.5565 | res=1.85e-08 | grad=4.77e-01 | 0.5s
[   121] loss=-0.6210 | res=4.57e-09 | grad=8.22e-01 | 0.5s
[   122] loss=-0.5324 | res=1.06e-08 | grad=7.10e-01 | 0.5s
[   123] loss=-0.5735 | res=9.71e-09 | grad=4.88e-01 | 0.5s
[   124] loss=-0.5242 | res=1.70e-08 | grad=4.21e-01 | 0.4s
[   125] loss=-0.5493 | res=1.26e-08 | grad=4.14e-01 | 0.5s
[   126] loss=-0.5876 | res=4.38e-09 | grad=5.93e-01 | 0.5s
[   127] loss=-0.5363 | res=1.11e-04 | grad=2.52e-01 | 0.5s
[   128] loss=-0.5160 | res=7.06e-09 | grad=4.82e-01 | 0.5s
[   129] loss=-0.5719 | res=1.39e-08 | grad=2.81e-01 | 0.5s
[   130] loss=-0.5667 | res=3.15e-09 | grad=4.11e-01 | 0.5s
[   131] loss=-0.5701 | res=1.26e-08 | grad=2.45e-01 | 0.5s
[   132] loss=-0.5537 | res=2.89e-09 | grad=5.42e-01 | 0.5s
[   133] loss=-0.5599 | res=2.71e-08 | grad=7.49e-01 | 0.5s
[   134] loss=-0.5985 | res=1.58e-08 | grad=4.69e-01 | 0.4s
[   135] loss=-0.5974 | res=1.71e-08 | grad=5.40e-01 | 0.4s
[   136] loss=-0.5254 | res=3.69e-09 | grad=3.55e-01 | 0.5s
[   137] loss=-0.5163 | res=4.75e-09 | grad=5.44e-01 | 0.5s
[   138] loss=-0.6520 | res=6.07e-09 | grad=5.29e-01 | 0.5s
[   139] loss=-0.5519 | res=6.01e-09 | grad=2.33e-01 | 0.5s
[   140] loss=-0.5163 | res=7.02e-09 | grad=5.92e-01 | 0.4s
[   141] loss=-0.5484 | res=4.55e-09 | grad=3.42e-01 | 0.4s
[   142] loss=-0.5938 | res=2.90e-09 | grad=4.01e-01 | 0.5s
[   143] loss=-0.5890 | res=2.58e-09 | grad=7.30e-01 | 0.4s
[   144] loss=-0.4940 | res=7.31e-10 | grad=6.88e-01 | 0.4s
[   145] loss=-0.5414 | res=1.92e-08 | grad=2.91e-01 | 0.5s
[   146] loss=-0.5333 | res=2.56e-09 | grad=4.42e-01 | 0.5s
[   147] loss=-0.5698 | res=1.51e-08 | grad=2.75e-01 | 0.5s
[   148] loss=-0.4656 | res=6.21e-09 | grad=7.16e-01 | 0.5s
[   149] loss=-0.5548 | res=3.56e-09 | grad=2.21e-01 | 0.5s
[   150] loss=-0.4772 | res=1.15e-08 | grad=7.87e-01 | 0.5s
[   151] loss=-0.5218 | res=1.16e-14 | grad=5.36e-01 | 0.5s
[   152] loss=-0.5291 | res=2.92e-09 | grad=4.24e-01 | 0.5s
[   153] loss=-0.5753 | res=1.49e-08 | grad=8.07e-01 | 0.4s
[   154] loss=-0.5390 | res=4.24e-09 | grad=6.25e-01 | 0.5s
[   155] loss=-0.5379 | res=5.87e-09 | grad=6.45e-01 | 0.5s
[   156] loss=-0.5648 | res=5.49e-09 | grad=3.78e-01 | 0.5s
[   157] loss=-0.4643 | res=7.47e-09 | grad=4.60e-01 | 0.4s
[   158] loss=-0.5282 | res=9.19e-09 | grad=3.96e-01 | 0.5s
[   159] loss=-0.4772 | res=5.13e-09 | grad=7.26e-01 | 0.5s
[   160] loss=-0.5516 | res=1.24e-08 | grad=4.52e-01 | 0.4s
[   161] loss=-0.6316 | res=9.66e-09 | grad=8.59e-01 | 0.5s
[   162] loss=-0.5432 | res=5.75e-09 | grad=4.80e-01 | 0.5s
[   163] loss=-0.5268 | res=2.14e-09 | grad=5.06e-01 | 0.4s
[   164] loss=-0.6039 | res=9.50e-09 | grad=2.25e-01 | 0.4s
[   165] loss=-0.5950 | res=1.07e-08 | grad=4.12e-01 | 0.4s
[   166] loss=-0.4979 | res=6.04e-10 | grad=6.99e-01 | 0.4s
[   167] loss=-0.5652 | res=1.39e-08 | grad=6.09e-01 | 0.4s
[   168] loss=-0.4889 | res=7.95e-09 | grad=1.04e+00 | 0.4s
[   169] loss=-0.5298 | res=1.52e-08 | grad=6.17e-01 | 0.5s
[   170] loss=-0.6017 | res=4.36e-09 | grad=3.29e-01 | 0.5s
[   171] loss=-0.4901 | res=1.13e-08 | grad=7.30e-01 | 0.5s
[   172] loss=-0.5502 | res=1.20e-08 | grad=5.17e-01 | 0.5s
[   173] loss=-0.6421 | res=1.02e-08 | grad=7.67e-01 | 0.5s
[   174] loss=-0.6405 | res=5.43e-09 | grad=9.66e-01 | 0.5s
[   175] loss=-0.5346 | res=4.89e-09 | grad=4.63e-01 | 0.5s
[   176] loss=-0.5201 | res=1.21e-08 | grad=2.94e-01 | 0.5s
[   177] loss=-0.6075 | res=1.41e-08 | grad=6.08e-01 | 0.4s
[   178] loss=-0.5423 | res=3.75e-15 | grad=5.74e-01 | 0.5s
[   179] loss=-0.5476 | res=1.26e-08 | grad=5.07e-01 | 0.5s
[   180] loss=-0.5802 | res=1.29e-09 | grad=4.15e-01 | 0.5s
[   181] loss=-0.5444 | res=9.23e-09 | grad=4.59e-01 | 0.4s
[   182] loss=-0.5704 | res=1.42e-08 | grad=4.89e-01 | 0.5s
[   183] loss=-0.5259 | res=1.37e-08 | grad=6.88e-01 | 0.4s
[   184] loss=-0.5276 | res=7.45e-09 | grad=6.59e-01 | 0.5s
[   185] loss=-0.5074 | res=1.60e-08 | grad=7.00e-01 | 0.5s
[   186] loss=-0.5834 | res=1.48e-08 | grad=4.59e-01 | 0.5s
[   187] loss=-0.4990 | res=4.17e-10 | grad=4.48e-01 | 0.5s
[   188] loss=-0.5266 | res=9.31e-09 | grad=3.79e-01 | 0.5s
[   189] loss=-0.4701 | res=9.63e-09 | grad=3.14e-01 | 0.5s
[   190] loss=-0.5452 | res=4.87e-09 | grad=5.70e-01 | 0.4s
[   191] loss=-0.5497 | res=2.29e-06 | grad=5.39e-01 | 0.5s
[   192] loss=-0.5367 | res=1.07e-08 | grad=7.45e-01 | 0.5s
[   193] loss=-0.5967 | res=1.69e-09 | grad=8.23e-01 | 0.5s
[   194] loss=-0.5067 | res=7.37e-09 | grad=2.40e-01 | 0.4s
[   195] loss=-0.4741 | res=3.68e-09 | grad=3.62e-01 | 0.5s
[   196] loss=-0.5719 | res=1.25e-08 | grad=5.43e-01 | 0.5s
[   197] loss=-0.5682 | res=4.48e-09 | grad=3.48e-01 | 0.4s
[   198] loss=-0.5330 | res=5.00e-09 | grad=5.15e-01 | 0.4s
[   199] loss=-0.4902 | res=2.12e-09 | grad=5.87e-01 | 0.5s
[   200] loss=-0.5748 | res=2.42e-09 | grad=2.19e-01 | 0.5s
[   201] loss=-0.5612 | res=2.63e-10 | grad=1.64e-01 | 0.5s
[   202] loss=-0.5536 | res=2.26e-09 | grad=3.10e-01 | 0.4s
[   203] loss=-0.5540 | res=4.07e-09 | grad=3.50e-01 | 0.5s
[   204] loss=-0.5579 | res=1.53e-08 | grad=2.51e-01 | 0.5s
[   205] loss=-0.5964 | res=1.33e-08 | grad=3.77e-01 | 0.4s
[   206] loss=-0.5245 | res=1.61e-08 | grad=4.97e-01 | 0.5s
[   207] loss=-0.4803 | res=9.12e-09 | grad=5.39e-01 | 0.5s
[   208] loss=-0.5279 | res=3.20e-09 | grad=3.00e-01 | 0.5s
[   209] loss=-0.5894 | res=2.76e-09 | grad=5.30e-01 | 0.5s
[   210] loss=-0.5684 | res=9.37e-09 | grad=4.65e-01 | 0.5s
[   211] loss=-0.5181 | res=2.49e-08 | grad=4.36e-01 | 0.5s
[   212] loss=-0.5739 | res=5.11e-09 | grad=4.88e-01 | 0.4s
[   213] loss=-0.5097 | res=3.62e-09 | grad=1.94e-01 | 0.4s
[   214] loss=-0.5415 | res=5.51e-09 | grad=3.81e-01 | 0.5s
[   215] loss=-0.4991 | res=1.57e-08 | grad=2.77e-01 | 0.4s
[   216] loss=-0.5541 | res=5.32e-09 | grad=3.50e-01 | 0.4s
[   217] loss=-0.5336 | res=3.46e-11 | grad=4.16e-01 | 0.4s
[   218] loss=-0.5338 | res=5.24e-09 | grad=3.41e-01 | 0.5s
[   219] loss=-0.5639 | res=2.58e-09 | grad=3.08e-01 | 0.5s
[   220] loss=-0.5307 | res=6.77e-09 | grad=4.71e-01 | 0.5s
[   221] loss=-0.5046 | res=2.75e-08 | grad=4.39e-01 | 0.5s
[   222] loss=-0.5306 | res=1.25e-08 | grad=4.90e-01 | 0.4s
[   223] loss=-0.5547 | res=7.16e-09 | grad=7.55e-01 | 0.4s
[   224] loss=-0.5337 | res=5.88e-09 | grad=4.31e-01 | 0.5s
[   225] loss=-0.5311 | res=8.98e-09 | grad=2.88e-01 | 0.5s
[   226] loss=-0.5294 | res=2.50e-08 | grad=7.78e-01 | 0.4s
[   227] loss=-0.5308 | res=1.25e-08 | grad=3.58e-01 | 0.5s
[   228] loss=-0.5411 | res=7.34e-09 | grad=3.52e-01 | 0.4s
[   229] loss=-0.5826 | res=8.63e-09 | grad=4.09e-01 | 0.5s
[   230] loss=-0.5220 | res=7.58e-09 | grad=6.35e-01 | 0.5s
[   231] loss=-0.5471 | res=5.48e-09 | grad=4.36e-01 | 0.5s
[   232] loss=-0.5099 | res=1.29e-08 | grad=2.14e-01 | 0.5s
[   233] loss=-0.5525 | res=9.13e-09 | grad=5.24e-01 | 0.5s
[   234] loss=-0.5366 | res=7.70e-09 | grad=4.65e-01 | 0.5s
[   235] loss=-0.5940 | res=1.37e-08 | grad=2.28e-01 | 0.4s
[   236] loss=-0.4772 | res=2.03e-08 | grad=7.45e-01 | 0.5s
[   237] loss=-0.4642 | res=2.19e-08 | grad=8.24e-01 | 0.5s
[   238] loss=-0.5879 | res=5.78e-09 | grad=5.61e-01 | 0.5s
[   239] loss=-0.5920 | res=7.57e-09 | grad=5.95e-01 | 0.4s
[   240] loss=-0.5051 | res=4.03e-09 | grad=3.88e-01 | 0.4s
[   241] loss=-0.5251 | res=7.05e-09 | grad=4.25e-01 | 0.4s
[   242] loss=-0.5471 | res=4.83e-09 | grad=3.94e-01 | 0.4s
[   243] loss=-0.5319 | res=5.53e-09 | grad=3.60e-01 | 0.4s
[   244] loss=-0.4333 | res=6.82e-09 | grad=7.89e-01 | 0.4s
[   245] loss=-0.5100 | res=5.48e-09 | grad=4.15e-01 | 0.5s
[   246] loss=-0.5923 | res=2.77e-10 | grad=8.95e-01 | 0.5s
[   247] loss=-0.5734 | res=3.36e-09 | grad=7.76e-01 | 0.5s
[   248] loss=-0.5710 | res=3.76e-09 | grad=5.18e-01 | 0.5s
[   249] loss=-0.5176 | res=3.90e-09 | grad=2.39e-01 | 0.4s
[   250] loss=-0.5096 | res=1.32e-09 | grad=2.49e-01 | 0.5s
[   251] loss=-0.5550 | res=5.13e-09 | grad=2.55e-01 | 0.5s
[   252] loss=-0.5141 | res=1.99e-08 | grad=5.64e-01 | 0.4s
[   253] loss=-0.5715 | res=2.19e-09 | grad=3.12e-01 | 0.5s
[   254] loss=-0.5330 | res=6.96e-09 | grad=2.88e-01 | 0.5s
[   255] loss=-0.5254 | res=2.74e-10 | grad=4.76e-01 | 0.5s
[   256] loss=-0.5707 | res=6.88e-09 | grad=2.33e-01 | 0.5s
[   257] loss=-0.5365 | res=1.75e-15 | grad=4.45e-01 | 0.4s
[   258] loss=-0.5138 | res=1.47e-08 | grad=4.74e-01 | 0.5s
[   259] loss=-0.5565 | res=1.22e-08 | grad=3.50e-01 | 0.5s
[   260] loss=-0.5924 | res=1.42e-08 | grad=5.82e-01 | 0.5s
[   261] loss=-0.5049 | res=8.83e-11 | grad=5.62e-01 | 0.5s
[   262] loss=-0.5601 | res=2.25e-08 | grad=3.72e-01 | 0.5s
[   263] loss=-0.4108 | res=1.34e-08 | grad=8.98e-01 | 0.4s
[   264] loss=-0.5094 | res=7.73e-09 | grad=2.89e-01 | 0.4s
[   265] loss=-0.5665 | res=1.27e-08 | grad=6.02e-01 | 0.4s
[   266] loss=-0.5169 | res=1.13e-08 | grad=4.01e-01 | 0.5s
[   267] loss=-0.5507 | res=9.73e-09 | grad=6.44e-01 | 0.5s
[   268] loss=-0.5340 | res=3.19e-09 | grad=4.18e-01 | 0.5s
[   269] loss=-0.5502 | res=1.33e-08 | grad=5.53e-01 | 0.5s
[   270] loss=-0.5536 | res=5.06e-10 | grad=4.28e-01 | 0.4s
[   271] loss=-0.5818 | res=3.19e-09 | grad=5.33e-01 | 0.5s
[   272] loss=-0.5410 | res=4.52e-09 | grad=2.83e-01 | 0.5s
[   273] loss=-0.5658 | res=7.13e-09 | grad=3.67e-01 | 0.5s
[   274] loss=-0.5196 | res=1.23e-08 | grad=3.93e-01 | 0.5s
[   275] loss=-0.5077 | res=9.06e-09 | grad=7.25e-01 | 0.4s
[   276] loss=-0.5584 | res=7.58e-09 | grad=5.42e-01 | 0.5s
[   277] loss=-0.5221 | res=7.74e-09 | grad=6.03e-01 | 0.4s
[   278] loss=-0.5114 | res=7.14e-09 | grad=4.33e-01 | 0.4s
[   279] loss=-0.5002 | res=3.61e-09 | grad=4.63e-01 | 0.4s
[   280] loss=-0.5309 | res=6.60e-09 | grad=1.59e-01 | 0.4s
[   281] loss=-0.5434 | res=8.87e-09 | grad=2.96e-01 | 0.5s
[   282] loss=-0.5142 | res=9.92e-09 | grad=3.10e-01 | 0.5s
[   283] loss=-0.4675 | res=2.07e-08 | grad=3.59e-01 | 0.5s
[   284] loss=-0.5413 | res=8.38e-09 | grad=4.54e-01 | 0.5s
[   285] loss=-0.5130 | res=1.11e-08 | grad=4.13e-01 | 0.5s
[   286] loss=-0.5941 | res=3.60e-09 | grad=9.18e-01 | 0.5s
[   287] loss=-0.5461 | res=5.92e-09 | grad=5.87e-01 | 0.5s
[   288] loss=-0.5244 | res=1.05e-08 | grad=3.22e-01 | 0.5s
[   289] loss=-0.5877 | res=1.60e-08 | grad=3.89e-01 | 0.5s
[   290] loss=-0.5229 | res=2.07e-09 | grad=2.96e-01 | 0.5s
[   291] loss=-0.5018 | res=3.90e-09 | grad=5.61e-01 | 0.5s
[   292] loss=-0.5398 | res=8.06e-09 | grad=4.98e-01 | 0.5s
[   293] loss=-0.5914 | res=8.80e-09 | grad=3.08e-01 | 0.5s
[   294] loss=-0.6207 | res=1.02e-08 | grad=2.10e-01 | 0.4s
[   295] loss=-0.4993 | res=6.81e-09 | grad=8.09e-01 | 0.4s
[   296] loss=-0.5415 | res=4.95e-09 | grad=2.27e-01 | 0.5s
[   297] loss=-0.5371 | res=3.06e-09 | grad=5.36e-01 | 0.5s
[   298] loss=-0.5467 | res=1.66e-08 | grad=4.88e-01 | 0.5s
[   299] loss=-0.5872 | res=1.16e-10 | grad=4.33e-01 | 0.4s
[   300] loss=-0.5599 | res=2.23e-09 | grad=5.35e-01 | 0.4s
[   301] loss=-0.5250 | res=4.72e-09 | grad=3.10e-01 | 0.4s
[   302] loss=-0.5841 | res=1.20e-08 | grad=6.91e-01 | 0.5s
[   303] loss=-0.4941 | res=6.80e-09 | grad=3.53e-01 | 0.5s
[   304] loss=-0.5540 | res=1.28e-08 | grad=2.28e-01 | 0.5s
[   305] loss=-0.5237 | res=1.23e-08 | grad=3.53e-01 | 0.5s
[   306] loss=-0.6274 | res=3.68e-09 | grad=5.93e-01 | 0.4s
[   307] loss=-0.6082 | res=5.31e-09 | grad=4.16e-01 | 0.5s
[   308] loss=-0.5441 | res=1.82e-08 | grad=5.34e-01 | 0.4s
[   309] loss=-0.5375 | res=7.45e-09 | grad=4.45e-01 | 0.5s
[   310] loss=-0.5277 | res=8.22e-09 | grad=5.30e-01 | 0.5s
[   311] loss=-0.5945 | res=3.63e-09 | grad=2.44e-01 | 0.5s
[   312] loss=-0.5645 | res=1.42e-09 | grad=3.86e-01 | 0.5s
[   313] loss=-0.5766 | res=4.98e-09 | grad=2.99e-01 | 0.4s
[   314] loss=-0.5522 | res=8.64e-09 | grad=3.54e-01 | 0.5s
[   315] loss=-0.5488 | res=4.15e-09 | grad=2.80e-01 | 0.5s
[   316] loss=-0.5083 | res=3.14e-09 | grad=3.96e-01 | 0.4s
[   317] loss=-0.5657 | res=4.11e-09 | grad=3.44e-01 | 0.4s
[   318] loss=-0.5501 | res=7.88e-09 | grad=3.18e-01 | 0.4s
[   319] loss=-0.5266 | res=4.05e-09 | grad=3.81e-01 | 0.4s
[   320] loss=-0.5101 | res=7.42e-09 | grad=3.20e-01 | 0.5s
[   321] loss=-0.5704 | res=1.45e-08 | grad=4.80e-01 | 0.5s
[   322] loss=-0.4919 | res=3.28e-09 | grad=2.66e-01 | 0.5s
[   323] loss=-0.5325 | res=9.01e-09 | grad=3.24e-01 | 0.4s
[   324] loss=-0.5650 | res=2.39e-09 | grad=1.84e-01 | 0.5s
[   325] loss=-0.6234 | res=4.55e-09 | grad=9.01e-01 | 0.5s
[   326] loss=-0.5358 | res=3.30e-08 | grad=3.10e-01 | 0.4s
[   327] loss=-0.5695 | res=2.86e-09 | grad=3.99e-01 | 0.4s
[   328] loss=-0.5627 | res=4.08e-09 | grad=4.63e-01 | 0.4s
[   329] loss=-0.5461 | res=4.23e-09 | grad=3.95e-01 | 0.5s
[   330] loss=-0.5737 | res=2.60e-09 | grad=3.81e-01 | 0.5s
[   331] loss=-0.5616 | res=1.44e-08 | grad=3.92e-01 | 0.5s
[   332] loss=-0.5555 | res=2.73e-08 | grad=2.95e-01 | 0.4s
[   333] loss=-0.5143 | res=1.97e-08 | grad=5.59e-01 | 0.5s
[   334] loss=-0.5430 | res=6.12e-09 | grad=3.59e-01 | 0.4s
[   335] loss=-0.5518 | res=7.05e-09 | grad=3.23e-01 | 0.5s
[   336] loss=-0.5028 | res=1.29e-08 | grad=6.68e-01 | 0.5s
[   337] loss=-0.5700 | res=3.69e-09 | grad=7.26e-01 | 0.5s
[   338] loss=-0.6033 | res=2.19e-12 | grad=6.39e-01 | 0.5s
[   339] loss=-0.5819 | res=1.02e-10 | grad=4.06e-01 | 0.4s
[   340] loss=-0.6065 | res=8.55e-09 | grad=4.30e-01 | 0.4s
[   341] loss=-0.5255 | res=5.59e-09 | grad=3.10e-01 | 0.4s
[   342] loss=-0.5057 | res=8.18e-09 | grad=6.60e-01 | 0.4s
[   343] loss=-0.5141 | res=5.67e-09 | grad=4.02e-01 | 0.5s
[   344] loss=-0.6079 | res=4.31e-09 | grad=4.12e-01 | 0.5s
[   345] loss=-0.6003 | res=2.97e-09 | grad=3.66e-01 | 0.4s
[   346] loss=-0.5577 | res=9.60e-09 | grad=2.28e-01 | 0.4s
[   347] loss=-0.6202 | res=8.86e-10 | grad=5.02e-01 | 0.5s
[   348] loss=-0.5701 | res=6.78e-09 | grad=5.10e-01 | 0.4s
[   349] loss=-0.5785 | res=2.90e-09 | grad=2.84e-01 | 0.4s
[   350] loss=-0.5278 | res=8.66e-09 | grad=4.55e-01 | 0.5s
[   351] loss=-0.5686 | res=1.17e-08 | grad=1.93e-01 | 0.5s
[   352] loss=-0.5649 | res=1.40e-08 | grad=4.13e-01 | 0.5s
[   353] loss=-0.5742 | res=1.17e-08 | grad=2.93e-01 | 0.5s
[   354] loss=-0.5523 | res=8.25e-09 | grad=2.14e-01 | 0.4s
[   355] loss=-0.5574 | res=1.63e-08 | grad=4.48e-01 | 0.5s
[   356] loss=-0.5022 | res=1.27e-08 | grad=5.14e-01 | 0.4s
[   357] loss=-0.5452 | res=6.19e-09 | grad=1.85e-01 | 0.5s
[   358] loss=-0.5045 | res=5.40e-10 | grad=3.94e-01 | 0.5s
[   359] loss=-0.5817 | res=1.53e-08 | grad=4.81e-01 | 0.5s
[   360] loss=-0.5627 | res=5.95e-09 | grad=4.82e-01 | 0.4s
[   361] loss=-0.5415 | res=2.61e-09 | grad=2.66e-01 | 0.4s
[   362] loss=-0.5555 | res=6.80e-09 | grad=4.69e-01 | 0.5s
[   363] loss=-0.5733 | res=9.74e-09 | grad=3.84e-01 | 0.5s
[   364] loss=-0.6202 | res=9.38e-09 | grad=5.48e-01 | 0.5s
[   365] loss=-0.5480 | res=7.03e-09 | grad=3.18e-01 | 0.4s
[   366] loss=-0.5798 | res=1.00e-08 | grad=3.77e-01 | 0.5s
[   367] loss=-0.5664 | res=1.50e-08 | grad=3.98e-01 | 0.5s
[   368] loss=-0.5441 | res=1.11e-08 | grad=5.72e-01 | 0.4s
[   369] loss=-0.5301 | res=2.19e-08 | grad=8.17e-01 | 0.5s
[   370] loss=-0.5769 | res=1.03e-08 | grad=2.04e-01 | 0.5s
[   371] loss=-0.4979 | res=6.04e-09 | grad=7.78e-01 | 0.5s
[   372] loss=-0.5501 | res=1.04e-09 | grad=2.18e-01 | 0.5s
[   373] loss=-0.5435 | res=1.22e-08 | grad=2.50e-01 | 0.4s
[   374] loss=-0.5432 | res=1.37e-08 | grad=6.35e-01 | 0.5s
[   375] loss=-0.4989 | res=7.09e-09 | grad=5.46e-01 | 0.4s
[   376] loss=-0.6041 | res=1.74e-08 | grad=8.87e-01 | 0.5s
[   377] loss=-0.5749 | res=1.26e-08 | grad=5.74e-01 | 0.5s
[   378] loss=-0.5751 | res=3.07e-09 | grad=5.90e-01 | 0.5s
[   379] loss=-0.6457 | res=5.60e-09 | grad=7.95e-01 | 0.5s
[   380] loss=-0.5096 | res=1.60e-09 | grad=4.52e-01 | 0.4s
[   381] loss=-0.5691 | res=9.17e-09 | grad=4.63e-01 | 0.5s
[   382] loss=-0.5601 | res=2.47e-08 | grad=5.53e-01 | 0.5s
[   383] loss=-0.5747 | res=6.05e-09 | grad=2.47e-01 | 0.5s
[   384] loss=-0.5541 | res=2.23e-08 | grad=7.13e-01 | 0.5s
[   385] loss=-0.5500 | res=8.15e-09 | grad=5.76e-01 | 0.4s
[   386] loss=-0.5301 | res=9.53e-09 | grad=4.63e-01 | 0.5s
[   387] loss=-0.5730 | res=1.83e-08 | grad=6.46e-01 | 0.5s
[   388] loss=-0.5439 | res=1.00e-08 | grad=5.98e-01 | 0.5s
[   389] loss=-0.5335 | res=1.80e-09 | grad=3.60e-01 | 0.4s
[   390] loss=-0.5991 | res=4.55e-09 | grad=6.03e-01 | 0.4s
[   391] loss=-0.6176 | res=1.93e-09 | grad=9.32e-01 | 0.5s
[   392] loss=-0.5370 | res=9.03e-09 | grad=1.80e-01 | 0.5s
[   393] loss=-0.5633 | res=5.40e-09 | grad=2.98e-01 | 0.4s
[   394] loss=-0.4903 | res=1.17e-08 | grad=4.66e-01 | 0.4s
[   395] loss=-0.5188 | res=5.35e-09 | grad=4.29e-01 | 0.5s
[   396] loss=-0.5332 | res=8.52e-09 | grad=3.43e-01 | 0.5s
[   397] loss=-0.5613 | res=9.15e-09 | grad=4.08e-01 | 0.5s
[   398] loss=-0.5645 | res=6.22e-09 | grad=2.50e-01 | 0.4s
[   399] loss=-0.5954 | res=8.95e-09 | grad=7.09e-01 | 0.5s
[   400] loss=-0.5148 | res=7.12e-09 | grad=4.69e-01 | 0.5s
[   401] loss=-0.5930 | res=1.18e-08 | grad=3.95e-01 | 0.5s
[   402] loss=-0.5181 | res=9.66e-09 | grad=5.42e-01 | 0.4s
[   403] loss=-0.6339 | res=2.32e-09 | grad=5.65e-01 | 0.5s
[   404] loss=-0.5901 | res=9.42e-09 | grad=3.85e-01 | 0.5s
[   405] loss=-0.5407 | res=4.83e-13 | grad=2.94e-01 | 0.5s
[   406] loss=-0.4972 | res=1.65e-15 | grad=7.84e-01 | 0.5s
[   407] loss=-0.5069 | res=4.78e-09 | grad=4.10e-01 | 0.5s
[   408] loss=-0.5102 | res=6.61e-09 | grad=4.76e-01 | 0.5s
[   409] loss=-0.5294 | res=7.62e-09 | grad=3.37e-01 | 0.5s
[   410] loss=-0.5108 | res=6.85e-09 | grad=1.58e-01 | 0.5s
[   411] loss=-0.5032 | res=5.52e-09 | grad=5.68e-01 | 0.5s
[   412] loss=-0.5554 | res=2.01e-09 | grad=5.48e-01 | 0.4s
[   413] loss=-0.5689 | res=8.65e-09 | grad=6.43e-01 | 0.5s
[   414] loss=-0.5543 | res=8.89e-09 | grad=4.92e-01 | 0.4s
[   415] loss=-0.5698 | res=7.28e-09 | grad=5.43e-01 | 0.4s
[   416] loss=-0.5429 | res=4.00e-09 | grad=3.87e-01 | 0.5s
[   417] loss=-0.5809 | res=5.41e-09 | grad=3.48e-01 | 0.5s
[   418] loss=-0.5374 | res=2.96e-09 | grad=4.25e-01 | 0.5s
[   419] loss=-0.5336 | res=3.04e-09 | grad=7.13e-01 | 0.5s
[   420] loss=-0.5329 | res=1.58e-08 | grad=5.55e-01 | 0.4s
[   421] loss=-0.5194 | res=6.74e-09 | grad=6.06e-01 | 0.4s
[   422] loss=-0.5547 | res=1.07e-08 | grad=3.14e-01 | 0.5s
[   423] loss=-0.5066 | res=6.12e-09 | grad=2.75e-01 | 0.5s
[   424] loss=-0.5484 | res=1.53e-08 | grad=2.65e-01 | 0.5s
[   425] loss=-0.5783 | res=7.91e-09 | grad=3.66e-01 | 0.5s
[   426] loss=-0.5448 | res=1.40e-09 | grad=3.86e-01 | 0.5s
[   427] loss=-0.5428 | res=4.27e-09 | grad=2.35e-01 | 0.5s
[   428] loss=-0.5230 | res=1.06e-08 | grad=4.01e-01 | 0.6s
[   429] loss=-0.5370 | res=1.28e-10 | grad=4.00e-01 | 0.5s
[   430] loss=-0.6085 | res=9.55e-09 | grad=5.68e-01 | 0.6s
[   431] loss=-0.5363 | res=1.37e-08 | grad=2.32e-01 | 0.6s
[   432] loss=-0.5872 | res=1.45e-08 | grad=3.85e-01 | 0.6s
[   433] loss=-0.6255 | res=4.77e-09 | grad=5.62e-01 | 0.6s
[   434] loss=-0.5365 | res=4.24e-09 | grad=2.76e-01 | 0.6s
[   435] loss=-0.5432 | res=1.10e-08 | grad=5.71e-01 | 0.6s
[   436] loss=-0.5492 | res=1.18e-08 | grad=5.05e-01 | 0.6s
[   437] loss=-0.5651 | res=4.65e-10 | grad=3.17e-01 | 0.6s
[   438] loss=-0.5580 | res=1.08e-08 | grad=2.15e-01 | 0.6s
[   439] loss=-0.5571 | res=1.04e-08 | grad=2.77e-01 | 0.6s
[   440] loss=-0.5651 | res=1.93e-08 | grad=4.19e-01 | 0.5s
[   441] loss=-0.5872 | res=3.41e-09 | grad=3.34e-01 | 0.5s
[   442] loss=-0.5924 | res=9.16e-09 | grad=2.87e-01 | 0.5s
[   443] loss=-0.5496 | res=1.95e-08 | grad=1.78e-01 | 0.5s
[   444] loss=-0.5979 | res=5.74e-09 | grad=2.38e-01 | 0.5s
[   445] loss=-0.5286 | res=1.23e-08 | grad=6.22e-01 | 0.5s
[   446] loss=-0.5822 | res=5.86e-09 | grad=1.89e-01 | 0.5s
[   447] loss=-0.6051 | res=6.64e-10 | grad=4.17e-01 | 0.5s
[   448] loss=-0.5236 | res=1.85e-08 | grad=3.91e-01 | 0.5s
[   449] loss=-0.5022 | res=5.82e-09 | grad=6.72e-01 | 0.5s
[   450] loss=-0.5434 | res=8.64e-09 | grad=3.37e-01 | 0.5s
[   451] loss=-0.5413 | res=3.77e-09 | grad=2.09e-01 | 0.5s
[   452] loss=-0.5945 | res=1.75e-09 | grad=5.74e-01 | 0.5s
[   453] loss=-0.5791 | res=1.58e-08 | grad=2.80e-01 | 0.5s
[   454] loss=-0.5669 | res=5.18e-09 | grad=3.88e-01 | 0.5s
[   455] loss=-0.5448 | res=1.28e-08 | grad=1.59e-01 | 0.5s
[   456] loss=-0.5780 | res=9.49e-09 | grad=3.49e-01 | 0.5s
[   457] loss=-0.5613 | res=2.90e-08 | grad=6.72e-01 | 0.5s
[   458] loss=-0.5482 | res=6.64e-09 | grad=4.93e-01 | 0.5s
[   459] loss=-0.4810 | res=5.67e-11 | grad=7.24e-01 | 0.5s
[   460] loss=-0.5564 | res=1.00e-08 | grad=3.67e-01 | 0.5s
[   461] loss=-0.5473 | res=1.05e-08 | grad=2.61e-01 | 0.5s
[   462] loss=-0.5128 | res=7.91e-09 | grad=2.68e-01 | 0.5s
[   463] loss=-0.5109 | res=1.04e-08 | grad=4.69e-01 | 0.5s
[   464] loss=-0.5878 | res=9.64e-09 | grad=5.50e-01 | 0.5s
[   465] loss=-0.5907 | res=7.81e-09 | grad=8.59e-01 | 0.5s
[   466] loss=-0.5595 | res=4.13e-09 | grad=4.22e-01 | 0.5s
[   467] loss=-0.5086 | res=1.44e-08 | grad=3.38e-01 | 0.5s
[   468] loss=-0.5390 | res=1.90e-08 | grad=3.14e-01 | 0.5s
[   469] loss=-0.5295 | res=1.42e-08 | grad=4.33e-01 | 0.5s
[   470] loss=-0.5399 | res=5.24e-09 | grad=1.67e-01 | 0.5s
[   471] loss=-0.5436 | res=4.13e-09 | grad=2.49e-01 | 0.5s
[   472] loss=-0.5335 | res=4.63e-09 | grad=2.38e-01 | 0.5s
[   473] loss=-0.5539 | res=1.07e-08 | grad=2.77e-01 | 0.5s
[   474] loss=-0.5532 | res=9.82e-09 | grad=1.38e-01 | 0.5s
[   475] loss=-0.5600 | res=8.55e-09 | grad=5.16e-01 | 0.5s
[   476] loss=-0.5400 | res=1.79e-08 | grad=2.53e-01 | 0.7s
[   477] loss=-0.5791 | res=3.20e-09 | grad=2.88e-01 | 0.5s
[   478] loss=-0.5200 | res=7.90e-09 | grad=3.02e-01 | 0.6s
[   479] loss=-0.6396 | res=1.37e-08 | grad=5.67e-01 | 0.5s
[   480] loss=-0.5577 | res=1.02e-08 | grad=3.08e-01 | 0.6s
[   481] loss=-0.5763 | res=3.52e-09 | grad=2.66e-01 | 0.6s
[   482] loss=-0.5220 | res=1.18e-08 | grad=5.40e-01 | 0.6s
[   483] loss=-0.5684 | res=1.62e-11 | grad=2.37e-01 | 0.6s
[   484] loss=-0.5251 | res=1.94e-08 | grad=5.74e-01 | 0.6s
[   485] loss=-0.5625 | res=1.20e-08 | grad=2.78e-01 | 0.6s
[   486] loss=-0.5598 | res=1.03e-08 | grad=2.60e-01 | 0.6s
[   487] loss=-0.5639 | res=7.16e-09 | grad=2.47e-01 | 0.6s
[   488] loss=-0.5643 | res=1.09e-08 | grad=3.12e-01 | 0.6s
[   489] loss=-0.5528 | res=1.22e-08 | grad=1.16e-01 | 0.6s
[   490] loss=-0.5128 | res=8.50e-09 | grad=2.83e-01 | 0.6s
[   491] loss=-0.5188 | res=6.79e-09 | grad=3.69e-01 | 0.6s
[   492] loss=-0.5164 | res=7.99e-09 | grad=2.91e-01 | 0.6s
[   493] loss=-0.5377 | res=1.96e-08 | grad=3.13e-01 | 0.6s
[   494] loss=-0.5290 | res=7.84e-09 | grad=3.88e-01 | 0.6s
[   495] loss=-0.5408 | res=6.46e-09 | grad=3.39e-01 | 0.6s
[   496] loss=-0.5424 | res=4.47e-09 | grad=5.19e-01 | 0.6s
[   497] loss=-0.6339 | res=6.16e-10 | grad=9.08e-01 | 0.6s
[   498] loss=-0.5463 | res=1.24e-08 | grad=3.99e-01 | 0.6s
[   499] loss=-0.5561 | res=4.22e-09 | grad=2.26e-01 | 0.6s
[   500] loss=-0.5637 | res=1.06e-08 | grad=1.82e-01 | 0.6s
[   501] loss=-0.5413 | res=2.44e-09 | grad=5.20e-01 | 0.6s
[   502] loss=-0.5657 | res=8.44e-09 | grad=3.17e-01 | 0.6s
[   503] loss=-0.5150 | res=7.26e-09 | grad=7.51e-01 | 0.6s
[   504] loss=-0.5600 | res=5.87e-09 | grad=3.01e-01 | 0.6s
[   505] loss=-0.5328 | res=7.71e-09 | grad=5.39e-01 | 0.6s
[   506] loss=-0.5222 | res=4.65e-09 | grad=3.49e-01 | 0.6s
[   507] loss=-0.4935 | res=1.01e-08 | grad=3.16e-01 | 0.6s
[   508] loss=-0.5132 | res=5.24e-09 | grad=3.36e-01 | 0.6s
[   509] loss=-0.5157 | res=3.41e-11 | grad=4.07e-01 | 0.6s
[   510] loss=-0.5355 | res=7.88e-10 | grad=6.47e-01 | 0.6s
[   511] loss=-0.5503 | res=2.59e-10 | grad=8.24e-01 | 0.6s
[   512] loss=-0.6135 | res=2.16e-09 | grad=8.58e-01 | 0.5s
[   513] loss=-0.5865 | res=1.16e-08 | grad=4.60e-01 | 0.5s
[   514] loss=-0.6023 | res=1.83e-08 | grad=2.47e-01 | 0.6s
[   515] loss=-0.5839 | res=1.29e-08 | grad=2.78e-01 | 0.6s
[   516] loss=-0.5025 | res=8.04e-09 | grad=1.09e+00 | 0.6s
[   517] loss=-0.5930 | res=1.33e-08 | grad=5.60e-01 | 0.6s
[   518] loss=-0.6293 | res=7.32e-15 | grad=2.29e-01 | 0.6s
[   519] loss=-0.5486 | res=1.38e-08 | grad=6.46e-01 | 0.6s
[   520] loss=-0.5331 | res=2.26e-08 | grad=6.14e-01 | 0.6s
[   521] loss=-0.5719 | res=1.10e-08 | grad=2.57e-01 | 0.6s
[   522] loss=-0.5511 | res=9.21e-09 | grad=2.33e-01 | 0.6s
[   523] loss=-0.4948 | res=2.18e-09 | grad=6.22e-01 | 0.6s
[   524] loss=-0.6054 | res=8.30e-09 | grad=5.72e-01 | 0.6s
[   525] loss=-0.5742 | res=4.21e-09 | grad=5.68e-01 | 0.6s
[   526] loss=-0.5327 | res=3.66e-09 | grad=2.51e-01 | 0.6s
[   527] loss=-0.5753 | res=1.78e-09 | grad=5.52e-01 | 0.6s
[   528] loss=-0.5806 | res=2.85e-09 | grad=5.00e-01 | 0.6s
[   529] loss=-0.5331 | res=1.33e-08 | grad=4.52e-01 | 0.6s
[   530] loss=-0.5468 | res=6.08e-09 | grad=4.07e-01 | 0.6s
[   531] loss=-0.5143 | res=1.28e-08 | grad=4.54e-01 | 0.5s
[   532] loss=-0.5795 | res=1.41e-08 | grad=2.67e-01 | 0.6s
[   533] loss=-0.5605 | res=4.19e-10 | grad=3.08e-01 | 0.6s
[   534] loss=-0.5384 | res=3.19e-09 | grad=3.68e-01 | 0.4s
[   535] loss=-0.5283 | res=2.51e-08 | grad=4.43e-01 | 0.5s
[   536] loss=-0.5959 | res=1.22e-08 | grad=3.77e-01 | 0.5s
[   537] loss=-0.4907 | res=3.13e-09 | grad=5.80e-01 | 0.4s
[   538] loss=-0.5306 | res=9.30e-09 | grad=2.46e-01 | 0.5s
[   539] loss=-0.5469 | res=4.17e-09 | grad=4.40e-01 | 0.5s
[   540] loss=-0.5539 | res=6.31e-09 | grad=4.21e-01 | 0.5s
[   541] loss=-0.5508 | res=3.02e-09 | grad=1.90e-01 | 0.5s
[   542] loss=-0.6073 | res=1.60e-09 | grad=7.34e-01 | 0.5s
[   543] loss=-0.6157 | res=4.84e-09 | grad=5.71e-01 | 0.4s
[   544] loss=-0.5932 | res=1.71e-08 | grad=3.58e-01 | 0.5s
[   545] loss=-0.5323 | res=9.90e-09 | grad=5.17e-01 | 0.4s
[   546] loss=-0.5669 | res=2.08e-08 | grad=2.00e-01 | 0.5s
[   547] loss=-0.5639 | res=9.22e-09 | grad=2.97e-01 | 0.4s
[   548] loss=-0.5116 | res=9.25e-09 | grad=4.53e-01 | 0.4s
[   549] loss=-0.5335 | res=5.68e-11 | grad=4.66e-01 | 0.5s
[   550] loss=-0.5632 | res=7.04e-09 | grad=2.81e-01 | 0.5s
[   551] loss=-0.5646 | res=6.06e-09 | grad=2.27e-01 | 0.5s
[   552] loss=-0.5565 | res=1.56e-08 | grad=2.36e-01 | 0.5s
[   553] loss=-0.4882 | res=1.71e-08 | grad=3.80e-01 | 0.4s
[   554] loss=-0.5712 | res=9.36e-09 | grad=6.38e-01 | 0.5s
[   555] loss=-0.5483 | res=4.30e-09 | grad=3.65e-01 | 0.5s
[   556] loss=-0.5697 | res=3.29e-09 | grad=3.44e-01 | 0.5s
[   557] loss=-0.5572 | res=1.36e-08 | grad=4.53e-01 | 0.5s
[   558] loss=-0.5865 | res=9.21e-09 | grad=3.22e-01 | 0.5s
[   559] loss=-0.5460 | res=3.49e-09 | grad=2.03e-01 | 0.4s
[   560] loss=-0.5799 | res=4.04e-09 | grad=2.75e-01 | 0.5s
[   561] loss=-0.5525 | res=6.18e-09 | grad=2.20e-01 | 0.5s
[   562] loss=-0.5902 | res=5.67e-09 | grad=1.52e-01 | 0.5s
[   563] loss=-0.5356 | res=2.34e-09 | grad=5.61e-01 | 0.5s
[   564] loss=-0.5074 | res=1.09e-08 | grad=6.39e-01 | 0.5s
[   565] loss=-0.5430 | res=1.17e-08 | grad=4.31e-01 | 0.4s
[   566] loss=-0.5505 | res=8.00e-09 | grad=2.63e-01 | 0.5s
[   567] loss=-0.5366 | res=6.07e-09 | grad=2.07e-01 | 0.5s
[   568] loss=-0.5647 | res=1.00e-09 | grad=4.75e-01 | 0.5s
[   569] loss=-0.6324 | res=7.67e-09 | grad=7.88e-01 | 0.5s
[   570] loss=-0.5488 | res=4.05e-09 | grad=3.58e-01 | 0.5s
[   571] loss=-0.5476 | res=5.96e-09 | grad=4.38e-01 | 0.5s
[   572] loss=-0.5554 | res=3.34e-09 | grad=3.72e-01 | 0.5s
[   573] loss=-0.5121 | res=8.63e-09 | grad=4.49e-01 | 0.4s
[   574] loss=-0.5234 | res=6.53e-09 | grad=3.19e-01 | 0.5s
[   575] loss=-0.5466 | res=2.18e-08 | grad=3.08e-01 | 0.5s
[   576] loss=-0.4959 | res=1.87e-09 | grad=5.61e-01 | 0.5s
[   577] loss=-0.5603 | res=5.87e-09 | grad=1.95e-01 | 0.5s
[   578] loss=-0.5094 | res=6.32e-09 | grad=2.58e-01 | 0.5s
[   579] loss=-0.5440 | res=6.06e-15 | grad=1.63e-01 | 0.5s
[   580] loss=-0.5183 | res=2.46e-08 | grad=2.96e-01 | 0.4s
[   581] loss=-0.6028 | res=4.13e-09 | grad=5.27e-01 | 0.5s
[   582] loss=-0.6075 | res=7.62e-14 | grad=7.55e-01 | 0.5s
[   583] loss=-0.5581 | res=3.59e-09 | grad=4.98e-01 | 0.5s
[   584] loss=-0.5111 | res=3.47e-09 | grad=2.30e-01 | 0.5s
[   585] loss=-0.5501 | res=1.31e-09 | grad=2.24e-01 | 0.5s
[   586] loss=-0.5649 | res=8.22e-09 | grad=2.36e-01 | 0.5s
[   587] loss=-0.4715 | res=1.53e-08 | grad=7.73e-01 | 0.5s
[   588] loss=-0.5740 | res=7.72e-09 | grad=2.79e-01 | 0.5s
[   589] loss=-0.5370 | res=6.73e-09 | grad=4.16e-01 | 0.5s
[   590] loss=-0.5835 | res=3.94e-09 | grad=4.67e-01 | 0.5s
[   591] loss=-0.5481 | res=1.13e-08 | grad=1.86e-01 | 0.5s
[   592] loss=-0.4946 | res=4.15e-09 | grad=4.15e-01 | 0.4s
[   593] loss=-0.5349 | res=1.65e-08 | grad=2.26e-01 | 0.4s
[   594] loss=-0.5122 | res=2.93e-15 | grad=4.03e-01 | 0.5s
[   595] loss=-0.5413 | res=4.72e-09 | grad=1.74e-01 | 0.5s
[   596] loss=-0.6310 | res=1.34e-08 | grad=7.71e-01 | 0.5s
[   597] loss=-0.5357 | res=7.58e-09 | grad=2.88e-01 | 0.5s
[   598] loss=-0.4925 | res=3.04e-09 | grad=2.77e-01 | 0.5s
[   599] loss=-0.4739 | res=8.19e-09 | grad=5.54e-01 | 0.5s
[   600] loss=-0.5891 | res=1.09e-08 | grad=1.93e-01 | 0.5s
[   601] loss=-0.5485 | res=3.93e-09 | grad=1.52e-01 | 0.4s
[   602] loss=-0.5251 | res=5.60e-09 | grad=2.54e-01 | 0.5s
[   603] loss=-0.5711 | res=3.77e-09 | grad=2.65e-01 | 0.5s
[   604] loss=-0.4867 | res=1.48e-15 | grad=3.15e-01 | 0.5s
[   605] loss=-0.5183 | res=1.14e-08 | grad=3.02e-01 | 0.5s
[   606] loss=-0.5689 | res=9.78e-09 | grad=4.67e-01 | 0.5s
[   607] loss=-0.5089 | res=1.68e-08 | grad=4.32e-01 | 0.5s
[   608] loss=-0.6180 | res=7.59e-09 | grad=5.29e-01 | 0.5s
[   609] loss=-0.5673 | res=2.29e-11 | grad=3.57e-01 | 0.5s
[   610] loss=-0.4750 | res=8.13e-09 | grad=5.77e-01 | 0.5s
[   611] loss=-0.6114 | res=3.78e-09 | grad=4.15e-01 | 0.5s
[   612] loss=-0.4883 | res=4.91e-09 | grad=4.87e-01 | 0.4s
[   613] loss=-0.5820 | res=3.37e-09 | grad=2.48e-01 | 0.5s
[   614] loss=-0.6145 | res=4.81e-09 | grad=4.60e-01 | 0.5s
[   615] loss=-0.5113 | res=1.16e-08 | grad=2.99e-01 | 0.5s
[   616] loss=-0.5189 | res=5.43e-09 | grad=3.63e-01 | 0.5s
[   617] loss=-0.5804 | res=1.41e-08 | grad=2.57e-01 | 0.5s
[   618] loss=-0.5191 | res=1.79e-08 | grad=4.82e-01 | 0.5s
[   619] loss=-0.5733 | res=1.10e-08 | grad=1.47e-01 | 0.5s
[   620] loss=-0.5182 | res=8.72e-09 | grad=4.00e-01 | 0.5s
[   621] loss=-0.5561 | res=1.25e-08 | grad=2.22e-01 | 0.5s
[   622] loss=-0.5625 | res=3.76e-09 | grad=3.44e-01 | 0.5s
[   623] loss=-0.5593 | res=1.83e-08 | grad=3.38e-01 | 0.5s
[   624] loss=-0.5022 | res=1.21e-08 | grad=3.89e-01 | 0.5s
[   625] loss=-0.5970 | res=6.68e-10 | grad=3.06e-01 | 0.5s
[   626] loss=-0.6122 | res=1.20e-09 | grad=5.99e-01 | 0.5s
[   627] loss=-0.5322 | res=1.90e-14 | grad=1.88e-01 | 0.5s
[   628] loss=-0.5288 | res=1.23e-14 | grad=2.97e-01 | 0.5s
[   629] loss=-0.5390 | res=8.01e-09 | grad=4.12e-01 | 0.5s
[   630] loss=-0.5532 | res=8.48e-10 | grad=1.37e-01 | 0.5s
[   631] loss=-0.5260 | res=5.79e-09 | grad=4.54e-01 | 0.5s
[   632] loss=-0.5459 | res=2.01e-08 | grad=3.42e-01 | 0.5s
[   633] loss=-0.5451 | res=1.66e-15 | grad=2.51e-01 | 0.5s
[   634] loss=-0.5551 | res=6.68e-09 | grad=3.04e-01 | 0.5s
[   635] loss=-0.5261 | res=3.35e-09 | grad=2.88e-01 | 0.5s
[   636] loss=-0.5841 | res=6.75e-09 | grad=5.60e-01 | 0.5s
[   637] loss=-0.4844 | res=1.67e-08 | grad=3.61e-01 | 0.5s
[   638] loss=-0.6268 | res=1.69e-08 | grad=5.45e-01 | 0.5s
[   639] loss=-0.5119 | res=2.86e-09 | grad=1.11e-01 | 0.4s
[   640] loss=-0.5502 | res=1.18e-09 | grad=2.71e-01 | 0.5s
[   641] loss=-0.5438 | res=1.33e-09 | grad=1.75e-01 | 0.5s
[   642] loss=-0.5638 | res=7.27e-09 | grad=3.23e-01 | 0.5s
[   643] loss=-0.5389 | res=6.31e-09 | grad=2.38e-01 | 0.5s
[   644] loss=-0.5243 | res=4.38e-09 | grad=2.04e-01 | 0.5s
[   645] loss=-0.5795 | res=1.22e-08 | grad=1.77e-01 | 0.5s
[   646] loss=-0.5574 | res=9.15e-10 | grad=3.50e-01 | 0.5s
[   647] loss=-0.5583 | res=1.71e-08 | grad=1.77e-01 | 0.5s
[   648] loss=-0.5615 | res=1.29e-08 | grad=3.29e-01 | 0.5s
[   649] loss=-0.5629 | res=1.15e-08 | grad=2.58e-01 | 0.5s
[   650] loss=-0.5707 | res=1.11e-08 | grad=2.12e-01 | 0.5s
[   651] loss=-0.5596 | res=1.05e-08 | grad=1.82e-01 | 0.5s
[   652] loss=-0.4956 | res=9.64e-09 | grad=7.08e-01 | 0.5s
[   653] loss=-0.5438 | res=8.47e-09 | grad=3.54e-01 | 0.5s
[   654] loss=-0.5573 | res=5.86e-09 | grad=1.78e-01 | 0.5s
[   655] loss=-0.5733 | res=8.10e-09 | grad=2.96e-01 | 0.5s
[   656] loss=-0.6195 | res=2.99e-09 | grad=4.91e-01 | 0.5s
[   657] loss=-0.5882 | res=9.48e-11 | grad=3.47e-01 | 0.5s
[   658] loss=-0.4944 | res=1.38e-08 | grad=5.96e-01 | 0.5s
[   659] loss=-0.5887 | res=4.68e-10 | grad=5.11e-01 | 0.5s
[   660] loss=-0.5543 | res=9.59e-09 | grad=2.82e-01 | 0.5s
[   661] loss=-0.5744 | res=1.48e-08 | grad=1.60e-01 | 0.5s
[   662] loss=-0.5227 | res=3.40e-09 | grad=3.91e-01 | 0.5s
[   663] loss=-0.5885 | res=1.72e-09 | grad=2.09e-01 | 0.5s
[   664] loss=-0.5686 | res=2.70e-09 | grad=2.24e-01 | 0.5s
[   665] loss=-0.5248 | res=1.46e-08 | grad=3.57e-01 | 0.5s
[   666] loss=-0.5282 | res=7.71e-09 | grad=3.35e-01 | 0.5s
[   667] loss=-0.5449 | res=1.15e-08 | grad=3.36e-01 | 0.5s
[   668] loss=-0.5648 | res=6.50e-09 | grad=1.49e-01 | 0.5s
[   669] loss=-0.5248 | res=1.75e-09 | grad=2.90e-01 | 0.5s
[   670] loss=-0.5635 | res=9.56e-09 | grad=4.73e-01 | 0.5s
[   671] loss=-0.5725 | res=7.16e-09 | grad=6.99e-01 | 0.5s
[   672] loss=-0.5585 | res=9.69e-09 | grad=3.64e-01 | 0.4s
[   673] loss=-0.5576 | res=2.51e-08 | grad=1.87e-01 | 0.5s
[   674] loss=-0.5483 | res=6.37e-09 | grad=2.31e-01 | 0.5s
[   675] loss=-0.5341 | res=1.22e-08 | grad=4.50e-01 | 0.5s
[   676] loss=-0.5952 | res=9.86e-09 | grad=2.20e-01 | 0.5s
[   677] loss=-0.5589 | res=3.43e-10 | grad=3.99e-01 | 0.5s
[   678] loss=-0.5546 | res=6.63e-09 | grad=1.92e-01 | 0.5s
[   679] loss=-0.5495 | res=1.03e-08 | grad=3.23e-01 | 0.5s
[   680] loss=-0.5168 | res=1.30e-08 | grad=4.35e-01 | 0.5s
[   681] loss=-0.5349 | res=4.09e-09 | grad=2.96e-01 | 0.5s
[   682] loss=-0.5333 | res=1.16e-08 | grad=3.44e-01 | 0.5s
[   683] loss=-0.5887 | res=8.53e-09 | grad=3.47e-01 | 0.5s
[   684] loss=-0.5957 | res=3.62e-09 | grad=5.83e-01 | 0.5s
[   685] loss=-0.5625 | res=1.01e-08 | grad=3.85e-01 | 0.4s
[   686] loss=-0.5802 | res=1.74e-15 | grad=1.95e-01 | 0.5s
[   687] loss=-0.5488 | res=1.99e-09 | grad=1.24e-01 | 0.4s
[   688] loss=-0.5688 | res=1.04e-08 | grad=1.61e-01 | 0.4s
[   689] loss=-0.6064 | res=5.35e-09 | grad=3.11e-01 | 0.4s
[   690] loss=-0.4368 | res=8.66e-06 | grad=1.01e+00 | 0.4s
[   691] loss=-0.6244 | res=3.26e-09 | grad=4.45e-01 | 0.5s
[   692] loss=-0.5449 | res=2.83e-08 | grad=3.84e-01 | 0.5s
[   693] loss=-0.6249 | res=8.18e-09 | grad=4.44e-01 | 0.5s
[   694] loss=-0.5546 | res=8.26e-12 | grad=2.76e-01 | 0.5s
[   695] loss=-0.5664 | res=1.89e-09 | grad=2.53e-01 | 0.5s
[   696] loss=-0.5094 | res=9.71e-09 | grad=4.62e-01 | 0.5s
[   697] loss=-0.5519 | res=1.12e-08 | grad=2.01e-01 | 0.5s
[   698] loss=-0.5900 | res=3.30e-09 | grad=3.39e-01 | 0.5s
[   699] loss=-0.5436 | res=4.50e-09 | grad=2.29e-01 | 0.5s
[   700] loss=-0.5482 | res=3.89e-09 | grad=1.78e-01 | 0.5s
[   701] loss=-0.5766 | res=3.50e-09 | grad=1.35e-01 | 0.5s
[   702] loss=-0.5755 | res=8.75e-09 | grad=1.81e-01 | 0.5s
[   703] loss=-0.5439 | res=5.59e-09 | grad=2.64e-01 | 0.5s
[   704] loss=-0.5308 | res=5.49e-10 | grad=3.96e-01 | 0.5s
[   705] loss=-0.5458 | res=2.64e-14 | grad=2.87e-01 | 0.4s
[   706] loss=-0.5351 | res=8.71e-09 | grad=2.54e-01 | 0.5s
[   707] loss=-0.5427 | res=1.02e-08 | grad=2.30e-01 | 0.5s
[   708] loss=-0.6015 | res=5.38e-09 | grad=5.35e-01 | 0.5s
[   709] loss=-0.5638 | res=1.06e-08 | grad=4.43e-01 | 0.5s
[   710] loss=-0.5223 | res=1.74e-09 | grad=2.48e-01 | 0.5s
[   711] loss=-0.5954 | res=6.76e-09 | grad=5.07e-01 | 0.4s
[   712] loss=-0.5799 | res=3.82e-09 | grad=2.13e-01 | 0.4s
[   713] loss=-0.5406 | res=3.95e-09 | grad=4.06e-01 | 0.4s
[   714] loss=-0.5237 | res=8.21e-09 | grad=4.99e-01 | 0.5s
[   715] loss=-0.5419 | res=8.21e-09 | grad=4.22e-01 | 0.5s
[   716] loss=-0.4903 | res=1.57e-08 | grad=6.12e-01 | 0.5s
[   717] loss=-0.5927 | res=1.05e-08 | grad=3.63e-01 | 0.5s
[   718] loss=-0.5322 | res=4.08e-09 | grad=2.03e-01 | 0.5s
[   719] loss=-0.5864 | res=5.47e-10 | grad=4.01e-01 | 0.4s
[   720] loss=-0.5700 | res=2.69e-09 | grad=4.48e-01 | 0.4s
[   721] loss=-0.5385 | res=3.21e-09 | grad=2.57e-01 | 0.5s
[   722] loss=-0.5772 | res=3.37e-09 | grad=4.60e-01 | 0.5s
[   723] loss=-0.5748 | res=5.14e-09 | grad=2.38e-01 | 0.5s
[   724] loss=-0.5324 | res=8.03e-09 | grad=2.82e-01 | 0.4s
[   725] loss=-0.5138 | res=1.31e-09 | grad=4.48e-01 | 0.5s
[   726] loss=-0.4817 | res=6.82e-09 | grad=5.63e-01 | 0.5s
[   727] loss=-0.5017 | res=8.18e-09 | grad=4.64e-01 | 0.5s
[   728] loss=-0.5303 | res=2.20e-08 | grad=2.01e-01 | 0.4s
[   729] loss=-0.5461 | res=1.11e-08 | grad=2.74e-01 | 0.5s
[   730] loss=-0.5887 | res=2.96e-09 | grad=8.88e-01 | 0.5s
[   731] loss=-0.5734 | res=1.96e-09 | grad=5.88e-01 | 0.5s
[   732] loss=-0.5323 | res=1.27e-08 | grad=3.28e-01 | 0.5s
[   733] loss=-0.4726 | res=6.58e-12 | grad=5.34e-01 | 0.5s
[   734] loss=-0.5592 | res=2.50e-08 | grad=2.24e-01 | 0.5s
[   735] loss=-0.5228 | res=3.37e-10 | grad=2.58e-01 | 0.5s
[   736] loss=-0.5913 | res=8.43e-09 | grad=3.02e-01 | 0.4s
[   737] loss=-0.5831 | res=1.63e-08 | grad=3.16e-01 | 0.4s
[   738] loss=-0.5522 | res=1.80e-08 | grad=4.95e-01 | 0.5s
[   739] loss=-0.5081 | res=8.67e-09 | grad=5.89e-01 | 0.5s
[   740] loss=-0.6310 | res=3.21e-09 | grad=5.71e-01 | 0.5s
[   741] loss=-0.5954 | res=5.72e-09 | grad=2.35e-01 | 0.5s
[   742] loss=-0.5021 | res=4.63e-12 | grad=5.44e-01 | 0.5s
[   743] loss=-0.4941 | res=5.53e-10 | grad=6.41e-01 | 0.4s
[   744] loss=-0.5432 | res=4.00e-09 | grad=2.94e-01 | 0.5s
[   745] loss=-0.5898 | res=1.07e-08 | grad=4.48e-01 | 0.5s
[   746] loss=-0.5563 | res=1.61e-08 | grad=3.94e-01 | 0.5s
[   747] loss=-0.5004 | res=4.43e-09 | grad=1.87e-01 | 0.5s
[   748] loss=-0.5596 | res=7.38e-09 | grad=4.47e-01 | 0.5s
[   749] loss=-0.5275 | res=1.53e-08 | grad=1.91e-01 | 0.5s
[   750] loss=-0.5308 | res=9.74e-09 | grad=2.37e-01 | 0.5s
[   751] loss=-0.5690 | res=5.75e-09 | grad=3.84e-01 | 0.5s
[   752] loss=-0.5666 | res=9.62e-09 | grad=2.48e-01 | 0.5s
[   753] loss=-0.5334 | res=3.12e-09 | grad=1.48e-01 | 0.5s
[   754] loss=-0.5645 | res=5.20e-09 | grad=1.98e-01 | 0.4s
[   755] loss=-0.5728 | res=1.65e-08 | grad=2.21e-01 | 0.4s
[   756] loss=-0.5238 | res=1.54e-08 | grad=6.08e-01 | 0.5s
[   757] loss=-0.5348 | res=3.59e-09 | grad=2.20e-01 | 0.4s
[   758] loss=-0.5812 | res=3.14e-09 | grad=3.71e-01 | 0.4s
[   759] loss=-0.5326 | res=7.53e-09 | grad=2.56e-01 | 0.5s
[   760] loss=-0.5630 | res=2.66e-09 | grad=2.50e-01 | 0.5s
[   761] loss=-0.6552 | res=6.97e-09 | grad=1.00e+00 | 0.5s
[   762] loss=-0.5755 | res=2.42e-09 | grad=2.97e-01 | 0.5s
[   763] loss=-0.5835 | res=7.41e-09 | grad=2.32e-01 | 0.4s
[   764] loss=-0.5075 | res=9.32e-09 | grad=7.44e-01 | 0.5s
[   765] loss=-0.6035 | res=1.03e-08 | grad=2.06e-01 | 0.5s
[   766] loss=-0.5879 | res=4.35e-09 | grad=1.03e-01 | 0.4s
[   767] loss=-0.5731 | res=6.09e-09 | grad=5.25e-01 | 0.5s
[   768] loss=-0.5407 | res=7.56e-09 | grad=4.59e-01 | 0.4s
[   769] loss=-0.5193 | res=1.22e-08 | grad=3.86e-01 | 0.5s
[   770] loss=-0.5972 | res=1.98e-09 | grad=3.88e-01 | 0.5s
[   771] loss=-0.5421 | res=6.62e-09 | grad=2.89e-01 | 0.5s
[   772] loss=-0.5518 | res=1.10e-08 | grad=2.10e-01 | 0.4s
[   773] loss=-0.6106 | res=4.53e-09 | grad=4.86e-01 | 0.5s
[   774] loss=-0.5619 | res=8.81e-14 | grad=3.41e-01 | 0.5s
[   775] loss=-0.5485 | res=6.04e-10 | grad=2.33e-01 | 0.5s
[   776] loss=-0.5571 | res=8.18e-09 | grad=2.79e-01 | 0.5s
[   777] loss=-0.5159 | res=4.74e-09 | grad=4.73e-01 | 0.5s
[   778] loss=-0.5619 | res=1.70e-08 | grad=1.29e-01 | 0.5s
[   779] loss=-0.5744 | res=1.46e-08 | grad=1.63e-01 | 0.5s
[   780] loss=-0.5749 | res=9.43e-09 | grad=2.57e-01 | 0.5s
[   781] loss=-0.5534 | res=7.63e-13 | grad=2.05e-01 | 0.5s
[   782] loss=-0.5405 | res=2.01e-09 | grad=3.81e-01 | 0.5s
[   783] loss=-0.5703 | res=2.56e-09 | grad=2.85e-01 | 0.5s
[   784] loss=-0.5625 | res=9.74e-09 | grad=1.36e-01 | 0.5s
[   785] loss=-0.5087 | res=9.88e-09 | grad=4.47e-01 | 0.5s
[   786] loss=-0.5547 | res=9.07e-09 | grad=3.12e-01 | 0.5s
[   787] loss=-0.5265 | res=1.11e-08 | grad=2.61e-01 | 0.5s
[   788] loss=-0.6240 | res=1.61e-15 | grad=8.95e-01 | 0.5s
[   789] loss=-0.5838 | res=1.51e-09 | grad=3.21e-01 | 0.5s
[   790] loss=-0.5915 | res=3.16e-09 | grad=3.60e-01 | 0.5s
[   791] loss=-0.5596 | res=2.38e-09 | grad=2.73e-01 | 0.4s
[   792] loss=-0.6023 | res=5.31e-09 | grad=2.48e-01 | 0.5s
[   793] loss=-0.5421 | res=1.23e-08 | grad=5.64e-01 | 0.5s
[   794] loss=-0.5262 | res=1.33e-08 | grad=7.04e-01 | 0.5s
[   795] loss=-0.5413 | res=1.92e-08 | grad=6.04e-01 | 0.5s
[   796] loss=-0.5488 | res=8.77e-09 | grad=3.76e-01 | 0.4s
[   797] loss=-0.6206 | res=2.04e-07 | grad=6.91e-01 | 0.5s
[   798] loss=-0.5913 | res=2.44e-09 | grad=3.91e-01 | 0.4s
[   799] loss=-0.5206 | res=6.32e-09 | grad=2.10e-01 | 0.5s
[   800] loss=-0.4933 | res=9.93e-09 | grad=4.77e-01 | 0.5s
[   801] loss=-0.5986 | res=5.00e-09 | grad=7.05e-01 | 0.4s
[   802] loss=-0.5132 | res=3.90e-09 | grad=2.30e-01 | 0.5s
[   803] loss=-0.6026 | res=6.91e-09 | grad=7.79e-01 | 0.5s
[   804] loss=-0.6131 | res=1.24e-08 | grad=8.55e-01 | 0.5s
[   805] loss=-0.5127 | res=1.07e-08 | grad=5.38e-01 | 0.5s
[   806] loss=-0.5296 | res=4.95e-09 | grad=3.57e-01 | 0.5s
[   807] loss=-0.5444 | res=1.55e-09 | grad=3.83e-01 | 0.5s
[   808] loss=-0.5874 | res=8.09e-09 | grad=1.73e-01 | 0.5s
[   809] loss=-0.5618 | res=3.84e-09 | grad=3.51e-01 | 0.4s
[   810] loss=-0.5251 | res=7.28e-09 | grad=5.50e-01 | 0.4s
[   811] loss=-0.5478 | res=6.79e-09 | grad=2.80e-01 | 0.5s
[   812] loss=-0.5981 | res=5.90e-09 | grad=2.37e-01 | 0.5s
[   813] loss=-0.5127 | res=1.06e-08 | grad=4.35e-01 | 0.5s
[   814] loss=-0.5546 | res=1.82e-09 | grad=5.26e-01 | 0.5s
[   815] loss=-0.5828 | res=2.58e-09 | grad=5.04e-01 | 0.5s
[   816] loss=-0.5672 | res=8.30e-10 | grad=3.74e-01 | 0.5s
[   817] loss=-0.5396 | res=5.05e-09 | grad=2.75e-01 | 0.4s
[   818] loss=-0.5918 | res=9.80e-09 | grad=4.14e-01 | 0.5s
[   819] loss=-0.5663 | res=7.16e-09 | grad=1.67e-01 | 0.5s
[   820] loss=-0.5390 | res=8.61e-09 | grad=2.27e-01 | 0.5s
[   821] loss=-0.5981 | res=6.23e-05 | grad=1.77e-01 | 0.5s
[   822] loss=-0.5464 | res=8.22e-09 | grad=7.24e-01 | 0.5s
[   823] loss=-0.5682 | res=1.27e-10 | grad=3.22e-01 | 0.4s
[   824] loss=-0.5329 | res=7.03e-09 | grad=4.46e-01 | 0.5s
[   825] loss=-0.5190 | res=1.03e-08 | grad=5.45e-01 | 0.5s
[   826] loss=-0.4958 | res=2.80e-09 | grad=5.47e-01 | 0.4s
[   827] loss=-0.5490 | res=1.12e-08 | grad=4.26e-01 | 0.5s
[   828] loss=-0.6373 | res=3.11e-11 | grad=1.37e+00 | 0.5s
[   829] loss=-0.5275 | res=6.19e-10 | grad=3.91e-01 | 0.5s
[   830] loss=-0.5728 | res=5.21e-09 | grad=4.86e-01 | 0.5s
[   831] loss=-0.5400 | res=2.88e-09 | grad=2.11e-01 | 0.5s
[   832] loss=-0.5778 | res=1.30e-09 | grad=3.33e-01 | 0.5s
[   833] loss=-0.6051 | res=5.00e-09 | grad=1.58e-01 | 0.5s
[   834] loss=-0.5563 | res=5.43e-09 | grad=2.24e-01 | 0.5s
[   835] loss=-0.5915 | res=2.62e-08 | grad=3.06e-01 | 0.5s
[   836] loss=-0.5785 | res=1.31e-08 | grad=5.86e-01 | 0.5s
[   837] loss=-0.5633 | res=2.20e-08 | grad=5.09e-01 | 0.4s
[   838] loss=-0.5133 | res=6.39e-09 | grad=6.92e-01 | 0.5s
[   839] loss=-0.5728 | res=1.28e-08 | grad=3.41e-01 | 0.5s
[   840] loss=-0.5746 | res=1.99e-08 | grad=1.91e-01 | 0.4s
[   841] loss=-0.5663 | res=3.76e-09 | grad=2.98e-01 | 0.5s
[   842] loss=-0.5247 | res=3.63e-09 | grad=1.09e-01 | 0.4s
[   843] loss=-0.5831 | res=4.73e-09 | grad=7.16e-01 | 0.5s
[   844] loss=-0.5479 | res=4.52e-09 | grad=3.06e-01 | 0.4s
[   845] loss=-0.5549 | res=8.87e-09 | grad=3.85e-01 | 0.5s
[   846] loss=-0.5142 | res=6.00e-09 | grad=2.75e-01 | 0.5s
[   847] loss=-0.5478 | res=1.90e-15 | grad=1.81e-01 | 0.5s
[   848] loss=-0.5679 | res=1.05e-08 | grad=4.25e-01 | 0.4s
[   849] loss=-0.5408 | res=2.63e-09 | grad=2.70e-01 | 0.5s
[   850] loss=-0.5597 | res=2.97e-09 | grad=1.80e-01 | 0.5s
[   851] loss=-0.5552 | res=4.15e-09 | grad=1.41e-01 | 0.5s
[   852] loss=-0.5733 | res=2.52e-09 | grad=2.61e-01 | 0.5s
[   853] loss=-0.5807 | res=7.23e-09 | grad=1.63e-01 | 0.5s
[   854] loss=-0.6152 | res=1.40e-08 | grad=4.93e-01 | 0.4s
[   855] loss=-0.5376 | res=1.36e-08 | grad=7.67e-01 | 0.5s
[   856] loss=-0.5582 | res=1.01e-08 | grad=3.41e-01 | 0.5s
[   857] loss=-0.5582 | res=8.37e-09 | grad=4.82e-01 | 0.5s
[   858] loss=-0.5681 | res=1.95e-08 | grad=4.32e-01 | 0.5s
[   859] loss=-0.5426 | res=5.78e-09 | grad=1.54e-01 | 0.5s
[   860] loss=-0.5675 | res=1.04e-08 | grad=2.79e-01 | 0.5s
[   861] loss=-0.5646 | res=6.55e-09 | grad=4.04e-01 | 0.5s
[   862] loss=-0.5623 | res=7.91e-09 | grad=3.92e-01 | 0.5s
[   863] loss=-0.5706 | res=1.02e-08 | grad=4.49e-01 | 0.5s
[   864] loss=-0.4804 | res=5.68e-09 | grad=6.60e-01 | 0.5s
[   865] loss=-0.5573 | res=6.82e-09 | grad=2.02e-01 | 0.4s
[   866] loss=-0.5630 | res=4.59e-09 | grad=3.30e-01 | 0.5s
[   867] loss=-0.6386 | res=7.98e-10 | grad=7.85e-01 | 0.5s
[   868] loss=-0.5457 | res=1.58e-15 | grad=2.25e-01 | 0.5s
[   869] loss=-0.5702 | res=3.39e-09 | grad=1.55e-01 | 0.5s
[   870] loss=-0.5184 | res=1.16e-08 | grad=5.25e-01 | 0.5s
[   871] loss=-0.5261 | res=9.78e-09 | grad=4.71e-01 | 0.5s
[   872] loss=-0.4930 | res=3.45e-09 | grad=6.00e-01 | 0.5s
[   873] loss=-0.5292 | res=2.59e-10 | grad=2.10e-01 | 0.5s
[   874] loss=-0.5535 | res=8.67e-09 | grad=2.95e-01 | 0.5s
[   875] loss=-0.6284 | res=5.40e-09 | grad=8.84e-01 | 0.5s
[   876] loss=-0.5328 | res=1.23e-08 | grad=2.91e-01 | 0.5s
[   877] loss=-0.4810 | res=1.43e-15 | grad=3.06e-01 | 0.5s
[   878] loss=-0.5439 | res=6.74e-09 | grad=2.38e-01 | 0.5s
[   879] loss=-0.6246 | res=1.30e-08 | grad=8.13e-01 | 0.4s
[   880] loss=-0.5314 | res=8.92e-10 | grad=1.66e-01 | 0.5s
[   881] loss=-0.5681 | res=5.57e-09 | grad=1.34e-01 | 0.5s
[   882] loss=-0.4847 | res=1.33e-08 | grad=9.36e-01 | 0.5s
[   883] loss=-0.5546 | res=7.61e-09 | grad=2.22e-01 | 0.5s
[   884] loss=-0.5817 | res=1.01e-08 | grad=2.78e-01 | 0.5s
[   885] loss=-0.5143 | res=1.79e-08 | grad=3.65e-01 | 0.5s
[   886] loss=-0.5332 | res=9.89e-09 | grad=1.75e-01 | 0.5s
[   887] loss=-0.5505 | res=4.33e-09 | grad=2.24e-01 | 0.5s
[   888] loss=-0.5222 | res=6.73e-09 | grad=1.30e-01 | 0.4s
[   889] loss=-0.5502 | res=1.33e-08 | grad=1.13e-01 | 0.5s
[   890] loss=-0.5624 | res=6.75e-09 | grad=4.62e-01 | 0.5s
[   891] loss=-0.5469 | res=8.73e-09 | grad=2.53e-01 | 0.5s
[   892] loss=-0.6300 | res=3.23e-09 | grad=7.01e-01 | 0.5s
[   893] loss=-0.5938 | res=4.07e-09 | grad=3.01e-01 | 0.5s
[   894] loss=-0.5222 | res=3.62e-09 | grad=4.69e-01 | 0.5s
[   895] loss=-0.5351 | res=2.37e-10 | grad=2.34e-01 | 0.5s
[   896] loss=-0.5747 | res=1.53e-08 | grad=3.52e-01 | 0.4s
[   897] loss=-0.5023 | res=1.42e-08 | grad=6.74e-01 | 0.5s
[   898] loss=-0.5596 | res=9.00e-09 | grad=2.52e-01 | 0.5s
[   899] loss=-0.5273 | res=9.73e-09 | grad=3.40e-01 | 0.5s
[   900] loss=-0.5421 | res=6.86e-09 | grad=2.02e-01 | 0.5s
[   901] loss=-0.5671 | res=2.62e-11 | grad=2.26e-01 | 0.5s
[   902] loss=-0.5397 | res=1.13e-08 | grad=2.39e-01 | 0.5s
[   903] loss=-0.5544 | res=3.19e-09 | grad=3.01e-01 | 0.5s
[   904] loss=-0.5834 | res=1.18e-08 | grad=5.86e-01 | 0.5s
[   905] loss=-0.5103 | res=9.87e-10 | grad=2.75e-01 | 0.5s
[   906] loss=-0.5313 | res=8.04e-09 | grad=2.97e-01 | 0.5s
[   907] loss=-0.6013 | res=7.35e-09 | grad=5.38e-01 | 0.5s
[   908] loss=-0.5661 | res=7.36e-10 | grad=1.39e-01 | 0.5s
[   909] loss=-0.5599 | res=2.73e-09 | grad=1.93e-01 | 0.5s
[   910] loss=-0.5138 | res=4.72e-05 | grad=4.49e-01 | 0.4s
[   911] loss=-0.6620 | res=4.23e-09 | grad=4.96e-01 | 0.5s
[   912] loss=-0.5258 | res=1.67e-08 | grad=7.46e-01 | 0.5s
[   913] loss=-0.5495 | res=9.68e-09 | grad=4.77e-01 | 0.5s
[   914] loss=-0.5625 | res=6.27e-09 | grad=2.62e-01 | 0.5s
[   915] loss=-0.5436 | res=5.63e-09 | grad=4.73e-01 | 0.5s
[   916] loss=-0.5779 | res=1.34e-08 | grad=2.86e-01 | 0.5s
[   917] loss=-0.5801 | res=8.95e-09 | grad=3.46e-01 | 0.5s
[   918] loss=-0.5578 | res=1.02e-08 | grad=3.18e-01 | 0.5s
[   919] loss=-0.5258 | res=1.76e-08 | grad=1.38e-01 | 0.5s
[   920] loss=-0.5610 | res=5.85e-09 | grad=4.07e-01 | 0.4s
[   921] loss=-0.5177 | res=2.46e-09 | grad=1.70e-01 | 0.4s
[   922] loss=-0.5023 | res=1.68e-09 | grad=1.86e-01 | 0.4s
[   923] loss=-0.5420 | res=3.44e-09 | grad=2.39e-01 | 0.4s
[   924] loss=-0.5867 | res=8.82e-09 | grad=3.89e-01 | 0.4s
[   925] loss=-0.5406 | res=1.89e-09 | grad=1.44e-01 | 0.4s
[   926] loss=-0.5539 | res=2.59e-09 | grad=9.03e-02 | 0.5s
[   927] loss=-0.6099 | res=1.84e-09 | grad=3.16e-01 | 0.4s
[   928] loss=-0.5226 | res=7.56e-09 | grad=4.58e-01 | 0.5s
[   929] loss=-0.5732 | res=9.69e-09 | grad=2.45e-01 | 0.5s
[   930] loss=-0.5675 | res=1.26e-08 | grad=1.64e-01 | 0.5s
[   931] loss=-0.5717 | res=3.21e-09 | grad=2.15e-01 | 0.4s
[   932] loss=-0.5714 | res=1.51e-08 | grad=4.30e-01 | 0.4s
[   933] loss=-0.5537 | res=1.86e-09 | grad=2.21e-01 | 0.5s
[   934] loss=-0.6063 | res=1.21e-08 | grad=1.81e-01 | 0.5s
[   935] loss=-0.5174 | res=2.20e-08 | grad=5.32e-01 | 0.5s
[   936] loss=-0.5809 | res=8.87e-09 | grad=2.11e-01 | 0.5s
[   937] loss=-0.5192 | res=7.77e-12 | grad=3.99e-01 | 0.5s
[   938] loss=-0.5005 | res=3.49e-08 | grad=5.64e-01 | 0.5s
[   939] loss=-0.5179 | res=8.77e-09 | grad=2.88e-01 | 0.5s
[   940] loss=-0.5298 | res=1.60e-08 | grad=3.84e-01 | 0.5s
[   941] loss=-0.5183 | res=3.43e-09 | grad=3.97e-01 | 0.5s
[   942] loss=-0.5622 | res=8.70e-09 | grad=6.91e-01 | 0.5s
[   943] loss=-0.5333 | res=6.94e-09 | grad=4.54e-01 | 0.4s
[   944] loss=-0.5950 | res=1.45e-15 | grad=7.59e-01 | 0.5s
[   945] loss=-0.6102 | res=1.30e-08 | grad=6.88e-01 | 0.5s
[   946] loss=-0.6468 | res=7.32e-09 | grad=3.95e-01 | 0.5s
[   947] loss=-0.5613 | res=3.61e-09 | grad=5.01e-01 | 0.5s
[   948] loss=-0.5392 | res=1.62e-15 | grad=7.89e-01 | 0.5s
[   949] loss=-0.5726 | res=3.51e-09 | grad=8.03e-01 | 0.5s
[   950] loss=-0.5182 | res=1.62e-08 | grad=8.77e-01 | 0.5s
[   951] loss=-0.5019 | res=1.39e-08 | grad=1.17e+00 | 0.5s
[   952] loss=-0.5955 | res=4.90e-09 | grad=2.04e-01 | 0.5s
[   953] loss=-0.5358 | res=4.91e-09 | grad=2.20e-01 | 0.4s
[   954] loss=-0.5692 | res=7.07e-10 | grad=6.07e-01 | 0.5s
[   955] loss=-0.5631 | res=7.31e-09 | grad=7.89e-01 | 0.4s
[   956] loss=-0.5667 | res=4.43e-09 | grad=7.11e-01 | 0.5s
[   957] loss=-0.5243 | res=2.37e-09 | grad=2.52e-01 | 0.4s
[   958] loss=-0.5111 | res=1.24e-08 | grad=2.11e-01 | 0.5s
[   959] loss=-0.5853 | res=3.20e-09 | grad=7.51e-01 | 0.4s
[   960] loss=-0.5000 | res=1.27e-08 | grad=4.92e-01 | 0.4s
[   961] loss=-0.5197 | res=5.91e-09 | grad=4.62e-01 | 0.4s
[   962] loss=-0.5571 | res=9.83e-09 | grad=2.47e-01 | 0.4s
[   963] loss=-0.5111 | res=1.69e-09 | grad=3.10e-01 | 0.4s
[   964] loss=-0.5189 | res=8.13e-09 | grad=2.32e-01 | 0.5s
[   965] loss=-0.6322 | res=1.01e-08 | grad=6.29e-01 | 0.5s
[   966] loss=-0.5834 | res=4.99e-09 | grad=4.14e-01 | 0.4s
[   967] loss=-0.5434 | res=5.77e-09 | grad=2.06e-01 | 0.5s
[   968] loss=-0.5833 | res=8.93e-09 | grad=1.14e-01 | 0.4s
[   969] loss=-0.5355 | res=1.24e-08 | grad=4.50e-01 | 0.5s
[   970] loss=-0.5494 | res=2.41e-08 | grad=3.31e-01 | 0.4s
[   971] loss=-0.4783 | res=1.23e-08 | grad=6.48e-01 | 0.4s
[   972] loss=-0.5633 | res=4.47e-09 | grad=3.40e-01 | 0.4s
[   973] loss=-0.6176 | res=4.59e-09 | grad=6.36e-01 | 0.4s
[   974] loss=-0.5635 | res=7.97e-09 | grad=3.27e-01 | 0.4s
[   975] loss=-0.5610 | res=7.53e-09 | grad=3.14e-01 | 0.4s
[   976] loss=-0.5334 | res=6.38e-09 | grad=3.61e-01 | 0.4s
[   977] loss=-0.4791 | res=4.01e-09 | grad=4.95e-01 | 0.4s
[   978] loss=-0.5201 | res=1.67e-09 | grad=1.79e-01 | 0.4s
[   979] loss=-0.5565 | res=5.51e-09 | grad=3.39e-01 | 0.5s
[   980] loss=-0.5747 | res=1.33e-08 | grad=3.29e-01 | 0.4s
[   981] loss=-0.5825 | res=1.65e-09 | grad=2.96e-01 | 0.5s
[   982] loss=-0.5289 | res=1.10e-09 | grad=2.28e-01 | 0.5s
[   983] loss=-0.5518 | res=1.60e-08 | grad=3.24e-01 | 0.5s
[   984] loss=-0.4638 | res=5.45e-09 | grad=6.83e-01 | 0.5s
[   985] loss=-0.4848 | res=2.66e-09 | grad=4.41e-01 | 0.5s
[   986] loss=-0.5258 | res=1.38e-08 | grad=2.57e-01 | 0.5s
[   987] loss=-0.5583 | res=5.27e-09 | grad=5.04e-01 | 0.4s
[   988] loss=-0.4947 | res=6.84e-09 | grad=2.12e-01 | 0.4s
[   989] loss=-0.5312 | res=8.37e-09 | grad=1.72e-01 | 0.5s
[   990] loss=-0.5259 | res=8.26e-09 | grad=3.20e-01 | 0.5s
[   991] loss=-0.5548 | res=2.68e-09 | grad=5.26e-01 | 0.5s
[   992] loss=-0.5686 | res=1.95e-08 | grad=4.75e-01 | 0.4s
[   993] loss=-0.5136 | res=3.94e-13 | grad=2.55e-01 | 0.4s
[   994] loss=-0.4828 | res=1.60e-15 | grad=5.23e-01 | 0.5s
[   995] loss=-0.5232 | res=4.54e-09 | grad=2.10e-01 | 0.4s
[   996] loss=-0.5253 | res=3.23e-09 | grad=3.20e-01 | 0.5s
[   997] loss=-0.5428 | res=1.31e-08 | grad=1.74e-01 | 0.5s
[   998] loss=-0.5844 | res=8.41e-09 | grad=6.33e-01 | 0.5s
[   999] loss=-0.5532 | res=7.65e-09 | grad=3.67e-01 | 0.5s
[  1000] loss=-0.5637 | res=4.95e-11 | grad=1.20e-01 | 0.5s
  KL = 0.0175 +/- 0.0024  |  ESS = 979.5 (ratio: 0.957)
  Runtime = 474.0s

[Ours] Training on S5...
/home/sjbhatt/anaconda3/envs/rcpms-jax/lib/python3.10/site-packages/jax/_src/ops/scatter.py:92: FutureWarning: scatter inputs have incompatible types: cannot safely cast value from dtype=int64 to dtype=int32 with jax_numpy_dtype_promotion='standard'. In future JAX releases this will result in an error.
  warnings.warn(
/home/sjbhatt/anaconda3/envs/rcpms-jax/lib/python3.10/site-packages/jax/_src/ops/scatter.py:92: FutureWarning: scatter inputs have incompatible types: cannot safely cast value from dtype=int64 to dtype=int32 with jax_numpy_dtype_promotion='standard'. In future JAX releases this will result in an error.
  warnings.warn(
[     1] loss=0.0009 | res=6.43e-09 | grad=4.50e+00 | 6.1s
[     2] loss=-0.1053 | res=3.05e-09 | grad=4.27e+00 | 1.1s
[     3] loss=-0.1890 | res=2.01e-08 | grad=3.88e+00 | 1.2s
[     4] loss=-0.2538 | res=1.41e-08 | grad=2.92e+00 | 1.1s
[     5] loss=-0.3657 | res=1.83e-08 | grad=3.21e+00 | 1.2s
[     6] loss=-0.3706 | res=2.82e-08 | grad=2.01e+00 | 1.2s
[     7] loss=-0.4062 | res=3.99e-08 | grad=1.35e+00 | 1.2s
[     8] loss=-0.4403 | res=5.37e-08 | grad=1.04e+00 | 1.2s
[     9] loss=-0.4302 | res=5.18e-08 | grad=9.02e-01 | 1.2s
[    10] loss=-0.4269 | res=7.55e-08 | grad=1.31e+00 | 1.2s
[    11] loss=-0.4268 | res=6.85e-08 | grad=1.59e+00 | 1.2s
[    12] loss=-0.4599 | res=4.46e-08 | grad=1.42e+00 | 1.2s
[    13] loss=-0.4112 | res=5.57e-08 | grad=1.84e+00 | 1.2s
[    14] loss=-0.3594 | res=8.06e-08 | grad=1.83e+00 | 1.2s
[    15] loss=-0.4377 | res=4.49e-08 | grad=1.34e+00 | 1.1s
[    16] loss=-0.4849 | res=5.06e-08 | grad=1.19e+00 | 1.1s
[    17] loss=-0.4197 | res=3.81e-08 | grad=1.15e+00 | 1.2s
[    18] loss=-0.4613 | res=2.07e-08 | grad=9.14e-01 | 1.2s
[    19] loss=-0.4479 | res=2.62e-08 | grad=4.51e-01 | 1.1s
[    20] loss=-0.5707 | res=1.73e-08 | grad=1.09e+00 | 1.2s
[    21] loss=-0.4169 | res=4.14e-08 | grad=3.50e-01 | 1.1s
[    22] loss=-0.4321 | res=2.17e-08 | grad=5.37e-01 | 1.2s
[    23] loss=-0.4823 | res=1.69e-08 | grad=9.31e-01 | 1.2s
[    24] loss=-0.4581 | res=1.21e-08 | grad=7.54e-01 | 1.2s
[    25] loss=-0.4210 | res=1.86e-08 | grad=6.10e-01 | 1.2s
[    26] loss=-0.5525 | res=1.43e-08 | grad=9.41e-01 | 1.2s
[    27] loss=-0.5083 | res=6.80e-09 | grad=8.74e-01 | 1.1s
[    28] loss=-0.4432 | res=2.02e-08 | grad=7.92e-01 | 1.2s
[    29] loss=-0.4436 | res=2.12e-08 | grad=6.22e-01 | 1.2s
[    30] loss=-0.4533 | res=1.84e-08 | grad=4.14e-01 | 1.2s
[    31] loss=-0.4510 | res=2.70e-08 | grad=6.11e-01 | 1.2s
[    32] loss=-0.3935 | res=1.55e-08 | grad=6.60e-01 | 1.2s
[    33] loss=-0.4828 | res=2.74e-08 | grad=5.86e-01 | 1.2s
[    34] loss=-0.4910 | res=3.19e-08 | grad=4.92e-01 | 1.2s
[    35] loss=-0.4574 | res=1.77e-08 | grad=4.75e-01 | 1.2s
[    36] loss=-0.4033 | res=2.21e-08 | grad=8.46e-01 | 1.2s
[    37] loss=-0.4538 | res=1.14e-08 | grad=4.22e-01 | 1.2s
[    38] loss=-0.4393 | res=1.28e-08 | grad=7.70e-01 | 1.2s
[    39] loss=-0.4340 | res=2.02e-08 | grad=5.16e-01 | 1.1s
[    40] loss=-0.4819 | res=2.21e-08 | grad=3.77e-01 | 1.1s
[    41] loss=-0.3993 | res=1.47e-08 | grad=7.72e-01 | 1.2s
[    42] loss=-0.5151 | res=2.07e-08 | grad=3.56e-01 | 1.2s
[    43] loss=-0.4156 | res=3.02e-08 | grad=5.13e-01 | 1.2s
[    44] loss=-0.4445 | res=1.74e-08 | grad=6.08e-01 | 1.1s
[    45] loss=-0.4522 | res=1.52e-08 | grad=6.76e-01 | 1.1s
[    46] loss=-0.4431 | res=1.90e-08 | grad=7.33e-01 | 1.2s
[    47] loss=-0.3866 | res=2.23e-08 | grad=3.89e-01 | 1.1s
[    48] loss=-0.4597 | res=3.20e-08 | grad=4.49e-01 | 1.2s
[    49] loss=-0.4816 | res=2.13e-08 | grad=7.12e-01 | 1.2s
[    50] loss=-0.4704 | res=1.55e-08 | grad=6.63e-01 | 1.2s
[    51] loss=-0.4783 | res=1.26e-08 | grad=6.20e-01 | 1.2s
[    52] loss=-0.4188 | res=9.98e-09 | grad=6.26e-01 | 1.1s
[    53] loss=-0.4700 | res=3.12e-08 | grad=4.49e-01 | 1.1s
[    54] loss=-0.4557 | res=2.67e-08 | grad=3.40e-01 | 1.1s
[    55] loss=-0.4590 | res=7.23e-09 | grad=4.57e-01 | 1.1s
[    56] loss=-0.4559 | res=9.79e-09 | grad=4.51e-01 | 1.1s
[    57] loss=-0.4611 | res=1.89e-08 | grad=3.42e-01 | 1.1s
[    58] loss=-0.4098 | res=1.59e-08 | grad=7.54e-01 | 1.1s
[    59] loss=-0.4287 | res=1.58e-08 | grad=6.25e-01 | 1.1s
[    60] loss=-0.4342 | res=2.57e-08 | grad=5.07e-01 | 1.1s
[    61] loss=-0.3921 | res=2.61e-08 | grad=6.39e-01 | 1.1s
[    62] loss=-0.5392 | res=3.22e-08 | grad=6.00e-01 | 1.1s
[    63] loss=-0.4369 | res=1.94e-08 | grad=5.32e-01 | 1.1s
[    64] loss=-0.4581 | res=1.87e-08 | grad=6.42e-01 | 1.1s
[    65] loss=-0.5000 | res=1.91e-08 | grad=5.62e-01 | 1.1s
[    66] loss=-0.4772 | res=6.55e-09 | grad=4.26e-01 | 1.1s
[    67] loss=-0.4832 | res=5.47e-08 | grad=7.56e-01 | 1.1s
[    68] loss=-0.4365 | res=9.33e-09 | grad=4.73e-01 | 1.2s
[    69] loss=-0.4098 | res=3.17e-08 | grad=8.24e-01 | 1.2s
[    70] loss=-0.4357 | res=9.05e-09 | grad=6.15e-01 | 1.2s
[    71] loss=-0.4237 | res=3.39e-08 | grad=8.95e-01 | 1.2s
[    72] loss=-0.4029 | res=2.32e-08 | grad=6.17e-01 | 1.2s
[    73] loss=-0.4468 | res=8.33e-09 | grad=5.16e-01 | 1.2s
[    74] loss=-0.4931 | res=1.95e-08 | grad=6.92e-01 | 1.1s
[    75] loss=-0.4489 | res=3.67e-08 | grad=5.63e-01 | 1.2s
[    76] loss=-0.4309 | res=2.60e-08 | grad=5.10e-01 | 1.1s
[    77] loss=-0.4847 | res=5.83e-09 | grad=5.30e-01 | 1.2s
[    78] loss=-0.4792 | res=7.40e-09 | grad=7.15e-01 | 1.1s
[    79] loss=-0.4621 | res=6.69e-09 | grad=8.44e-01 | 1.2s
[    80] loss=-0.4128 | res=1.23e-08 | grad=7.96e-01 | 1.2s
[    81] loss=-0.4032 | res=2.25e-08 | grad=6.43e-01 | 1.2s
[    82] loss=-0.4693 | res=8.06e-09 | grad=6.10e-01 | 1.2s
[    83] loss=-0.4123 | res=8.21e-09 | grad=6.19e-01 | 1.2s
[    84] loss=-0.4542 | res=1.83e-08 | grad=3.66e-01 | 1.2s
[    85] loss=-0.3977 | res=7.16e-09 | grad=5.65e-01 | 1.2s
[    86] loss=-0.4913 | res=2.02e-08 | grad=6.58e-01 | 1.2s
[    87] loss=-0.4616 | res=1.47e-08 | grad=4.66e-01 | 1.2s
[    88] loss=-0.4466 | res=1.96e-08 | grad=2.43e-01 | 1.2s
[    89] loss=-0.4597 | res=2.84e-08 | grad=5.57e-01 | 1.2s
[    90] loss=-0.4981 | res=1.22e-08 | grad=6.70e-01 | 1.2s
[    91] loss=-0.4302 | res=2.30e-08 | grad=4.24e-01 | 1.2s
[    92] loss=-0.4327 | res=4.80e-08 | grad=5.66e-01 | 1.2s
[    93] loss=-0.4470 | res=1.37e-08 | grad=4.09e-01 | 1.2s
[    94] loss=-0.4763 | res=2.43e-08 | grad=4.87e-01 | 1.2s
[    95] loss=-0.4296 | res=2.57e-08 | grad=3.35e-01 | 1.2s
[    96] loss=-0.4572 | res=2.73e-08 | grad=3.61e-01 | 1.2s
[    97] loss=-0.4595 | res=2.25e-08 | grad=2.93e-01 | 1.2s
[    98] loss=-0.4308 | res=2.77e-08 | grad=4.55e-01 | 1.2s
[    99] loss=-0.4306 | res=2.27e-08 | grad=4.46e-01 | 1.2s
[   100] loss=-0.4801 | res=1.43e-08 | grad=4.05e-01 | 1.1s
[   101] loss=-0.4625 | res=2.13e-08 | grad=3.70e-01 | 1.1s
[   102] loss=-0.4405 | res=5.20e-09 | grad=3.61e-01 | 1.1s
[   103] loss=-0.4898 | res=1.21e-08 | grad=3.88e-01 | 1.1s
[   104] loss=-0.4307 | res=2.15e-08 | grad=5.68e-01 | 1.1s
[   105] loss=-0.4293 | res=3.51e-08 | grad=4.16e-01 | 1.1s
[   106] loss=-0.4476 | res=1.93e-08 | grad=4.73e-01 | 1.1s
[   107] loss=-0.4284 | res=1.43e-08 | grad=3.43e-01 | 1.1s
[   108] loss=-0.5243 | res=5.59e-09 | grad=9.49e-01 | 1.1s
[   109] loss=-0.4481 | res=6.03e-09 | grad=4.91e-01 | 1.1s
[   110] loss=-0.4222 | res=2.58e-08 | grad=7.19e-01 | 1.1s
[   111] loss=-0.4292 | res=3.66e-08 | grad=7.08e-01 | 1.2s
[   112] loss=-0.4108 | res=5.06e-07 | grad=5.18e-01 | 1.2s
[   113] loss=-0.4910 | res=1.21e-08 | grad=6.26e-01 | 1.1s
[   114] loss=-0.4448 | res=2.69e-08 | grad=4.09e-01 | 1.2s
[   115] loss=-0.4091 | res=2.84e-08 | grad=3.83e-01 | 1.1s
[   116] loss=-0.4459 | res=9.43e-09 | grad=3.77e-01 | 1.1s
[   117] loss=-0.4396 | res=1.92e-08 | grad=3.70e-01 | 1.1s
[   118] loss=-0.4510 | res=1.38e-08 | grad=6.07e-01 | 1.1s
[   119] loss=-0.4556 | res=2.50e-08 | grad=5.26e-01 | 1.1s
[   120] loss=-0.4903 | res=2.05e-08 | grad=5.83e-01 | 1.1s
[   121] loss=-0.4627 | res=2.74e-08 | grad=4.20e-01 | 1.1s
[   122] loss=-0.4701 | res=1.76e-08 | grad=3.52e-01 | 1.1s
[   123] loss=-0.4237 | res=1.83e-08 | grad=4.79e-01 | 1.1s
[   124] loss=-0.4407 | res=3.51e-08 | grad=5.92e-01 | 1.1s
[   125] loss=-0.5122 | res=2.46e-08 | grad=7.36e-01 | 1.1s
[   126] loss=-0.4784 | res=2.37e-08 | grad=3.74e-01 | 1.1s
[   127] loss=-0.4857 | res=3.00e-08 | grad=2.30e-01 | 1.1s
[   128] loss=-0.4497 | res=1.51e-08 | grad=4.72e-01 | 1.1s
[   129] loss=-0.4400 | res=1.71e-08 | grad=5.54e-01 | 1.1s
[   130] loss=-0.4544 | res=4.77e-09 | grad=4.17e-01 | 1.1s
[   131] loss=-0.4478 | res=2.13e-08 | grad=3.43e-01 | 1.1s
[   132] loss=-0.4681 | res=1.04e-08 | grad=5.65e-01 | 1.1s
[   133] loss=-0.4039 | res=1.95e-08 | grad=4.92e-01 | 1.2s
[   134] loss=-0.5112 | res=1.26e-08 | grad=7.13e-01 | 1.1s
[   135] loss=-0.4644 | res=1.24e-08 | grad=3.23e-01 | 1.2s
[   136] loss=-0.4674 | res=1.64e-08 | grad=6.73e-01 | 1.1s
[   137] loss=-0.4408 | res=1.61e-08 | grad=3.84e-01 | 1.2s
[   138] loss=-0.4235 | res=1.55e-08 | grad=6.60e-01 | 1.2s
[   139] loss=-0.4461 | res=3.32e-08 | grad=3.24e-01 | 1.2s
[   140] loss=-0.4850 | res=1.26e-08 | grad=6.86e-01 | 1.2s
[   141] loss=-0.4108 | res=1.33e-08 | grad=5.08e-01 | 1.2s
[   142] loss=-0.4845 | res=7.07e-09 | grad=7.21e-01 | 1.2s
[   143] loss=-0.4315 | res=1.26e-08 | grad=4.37e-01 | 1.2s
[   144] loss=-0.4318 | res=8.59e-09 | grad=3.49e-01 | 1.2s
[   145] loss=-0.4719 | res=2.34e-08 | grad=4.90e-01 | 1.2s
[   146] loss=-0.4752 | res=1.65e-08 | grad=3.93e-01 | 1.2s
[   147] loss=-0.4741 | res=7.01e-06 | grad=7.06e-01 | 1.2s
[   148] loss=-0.4470 | res=2.02e-08 | grad=3.05e-01 | 1.2s
[   149] loss=-0.4509 | res=1.77e-08 | grad=3.84e-01 | 1.2s
[   150] loss=-0.4613 | res=8.81e-09 | grad=4.54e-01 | 1.1s
[   151] loss=-0.4653 | res=1.83e-08 | grad=4.40e-01 | 1.1s
[   152] loss=-0.4916 | res=2.43e-09 | grad=5.02e-01 | 1.1s
[   153] loss=-0.4764 | res=1.13e-08 | grad=5.71e-01 | 1.2s
[   154] loss=-0.4425 | res=1.14e-08 | grad=5.82e-01 | 1.2s
[   155] loss=-0.3918 | res=1.68e-08 | grad=6.91e-01 | 1.1s
[   156] loss=-0.4403 | res=3.78e-08 | grad=3.99e-01 | 1.1s
[   157] loss=-0.4488 | res=1.84e-08 | grad=5.32e-01 | 1.2s
[   158] loss=-0.4125 | res=2.51e-08 | grad=5.43e-01 | 1.1s
[   159] loss=-0.4468 | res=2.36e-08 | grad=5.37e-01 | 1.2s
[   160] loss=-0.4667 | res=1.60e-08 | grad=4.85e-01 | 1.2s
[   161] loss=-0.4727 | res=2.11e-08 | grad=4.48e-01 | 1.2s
[   162] loss=-0.4918 | res=1.86e-06 | grad=5.32e-01 | 1.1s
[   163] loss=-0.4400 | res=3.22e-08 | grad=3.82e-01 | 1.2s
[   164] loss=-0.4404 | res=1.43e-08 | grad=6.53e-01 | 1.2s
[   165] loss=-0.4719 | res=1.36e-05 | grad=4.43e-01 | 1.2s
[   166] loss=-0.4696 | res=3.61e-09 | grad=3.63e-01 | 1.2s
[   167] loss=-0.4774 | res=1.86e-08 | grad=3.09e-01 | 1.2s
[   168] loss=-0.4779 | res=7.34e-09 | grad=3.88e-01 | 1.2s
[   169] loss=-0.4680 | res=1.55e-08 | grad=5.84e-01 | 1.2s
[   170] loss=-0.4408 | res=2.09e-08 | grad=1.09e+00 | 1.1s
[   171] loss=-0.4372 | res=1.97e-08 | grad=5.07e-01 | 1.1s
[   172] loss=-0.4301 | res=1.36e-08 | grad=6.64e-01 | 1.2s
[   173] loss=-0.4681 | res=9.62e-09 | grad=2.33e-01 | 1.2s
[   174] loss=-0.4611 | res=4.54e-06 | grad=4.74e-01 | 1.1s
[   175] loss=-0.4269 | res=2.53e-08 | grad=7.01e-01 | 1.2s
[   176] loss=-0.4584 | res=1.23e-08 | grad=7.50e-01 | 1.2s
[   177] loss=-0.4650 | res=1.20e-08 | grad=6.92e-01 | 1.2s
[   178] loss=-0.4454 | res=1.68e-08 | grad=6.49e-01 | 1.2s
[   179] loss=-0.5028 | res=2.20e-08 | grad=5.82e-01 | 1.2s
[   180] loss=-0.4438 | res=1.51e-08 | grad=4.55e-01 | 1.2s
[   181] loss=-0.4579 | res=1.42e-08 | grad=5.94e-01 | 1.2s
[   182] loss=-0.4678 | res=3.25e-08 | grad=4.64e-01 | 1.1s
[   183] loss=-0.4642 | res=1.97e-08 | grad=4.09e-01 | 1.2s
[   184] loss=-0.4020 | res=2.30e-08 | grad=8.93e-01 | 1.1s
[   185] loss=-0.4300 | res=1.43e-08 | grad=5.19e-01 | 1.2s
[   186] loss=-0.5258 | res=2.15e-08 | grad=7.59e-01 | 1.2s
[   187] loss=-0.4370 | res=3.19e-08 | grad=8.68e-01 | 1.2s
[   188] loss=-0.4340 | res=2.59e-08 | grad=5.29e-01 | 1.2s
[   189] loss=-0.4727 | res=1.62e-08 | grad=4.78e-01 | 1.2s
[   190] loss=-0.4330 | res=4.88e-09 | grad=4.07e-01 | 1.2s
[   191] loss=-0.4284 | res=1.99e-08 | grad=2.69e-01 | 1.2s
[   192] loss=-0.4697 | res=2.51e-08 | grad=5.08e-01 | 1.1s
[   193] loss=-0.5115 | res=1.34e-08 | grad=7.83e-01 | 1.1s
[   194] loss=-0.4404 | res=2.37e-08 | grad=5.20e-01 | 1.1s
[   195] loss=-0.4208 | res=5.07e-09 | grad=5.97e-01 | 1.1s
[   196] loss=-0.4427 | res=3.67e-08 | grad=5.03e-01 | 1.2s
[   197] loss=-0.4573 | res=2.97e-08 | grad=6.63e-01 | 1.2s
[   198] loss=-0.4648 | res=2.02e-08 | grad=2.60e-01 | 1.1s
[   199] loss=-0.4596 | res=1.00e-08 | grad=2.16e-01 | 1.1s
[   200] loss=-0.4541 | res=1.04e-08 | grad=3.90e-01 | 1.1s
[   201] loss=-0.4492 | res=1.31e-08 | grad=3.84e-01 | 1.2s
[   202] loss=-0.5285 | res=2.77e-08 | grad=5.81e-01 | 1.1s
[   203] loss=-0.4736 | res=1.57e-08 | grad=3.72e-01 | 1.1s
[   204] loss=-0.5349 | res=1.65e-08 | grad=6.24e-01 | 1.2s
[   205] loss=-0.4077 | res=6.01e-09 | grad=8.74e-01 | 1.2s
[   206] loss=-0.4413 | res=6.90e-09 | grad=5.23e-01 | 1.2s
[   207] loss=-0.4762 | res=1.82e-08 | grad=3.77e-01 | 1.1s
[   208] loss=-0.4423 | res=2.36e-08 | grad=5.51e-01 | 1.2s
[   209] loss=-0.4430 | res=1.74e-08 | grad=5.20e-01 | 1.2s
[   210] loss=-0.4711 | res=4.62e-09 | grad=5.99e-01 | 1.1s
[   211] loss=-0.4773 | res=2.18e-08 | grad=3.96e-01 | 1.1s
[   212] loss=-0.4536 | res=2.39e-08 | grad=4.21e-01 | 1.2s
[   213] loss=-0.4570 | res=4.59e-09 | grad=3.85e-01 | 1.1s
[   214] loss=-0.4414 | res=1.11e-08 | grad=5.01e-01 | 1.1s
[   215] loss=-0.5022 | res=2.43e-08 | grad=6.12e-01 | 1.2s
[   216] loss=-0.4647 | res=2.37e-08 | grad=3.05e-01 | 1.2s
[   217] loss=-0.4784 | res=1.40e-08 | grad=4.23e-01 | 1.2s
[   218] loss=-0.4316 | res=1.93e-08 | grad=7.60e-01 | 1.1s
[   219] loss=-0.4633 | res=2.13e-08 | grad=3.41e-01 | 1.1s
[   220] loss=-0.4496 | res=9.48e-09 | grad=2.57e-01 | 1.1s
[   221] loss=-0.4588 | res=2.32e-08 | grad=2.13e-01 | 1.1s
[   222] loss=-0.4376 | res=3.26e-08 | grad=5.14e-01 | 1.2s
[   223] loss=-0.4724 | res=2.04e-08 | grad=1.90e-01 | 1.2s
[   224] loss=-0.4665 | res=7.92e-09 | grad=2.60e-01 | 1.2s
[   225] loss=-0.4730 | res=1.24e-08 | grad=6.87e-01 | 1.2s
[   226] loss=-0.4477 | res=2.40e-08 | grad=4.11e-01 | 1.1s
[   227] loss=-0.4743 | res=2.11e-08 | grad=4.62e-01 | 1.2s
[   228] loss=-0.4710 | res=2.03e-08 | grad=4.03e-01 | 1.2s
[   229] loss=-0.4452 | res=1.44e-05 | grad=4.46e-01 | 1.1s
[   230] loss=-0.4962 | res=2.30e-08 | grad=4.23e-01 | 1.2s
[   231] loss=-0.4585 | res=1.57e-08 | grad=4.39e-01 | 1.2s
[   232] loss=-0.4322 | res=3.23e-08 | grad=5.24e-01 | 1.2s
[   233] loss=-0.4264 | res=1.46e-08 | grad=4.26e-01 | 1.2s
[   234] loss=-0.4568 | res=9.19e-09 | grad=4.68e-01 | 1.1s
[   235] loss=-0.4901 | res=1.56e-08 | grad=5.53e-01 | 1.2s
[   236] loss=-0.4928 | res=8.42e-09 | grad=4.85e-01 | 1.1s
[   237] loss=-0.4501 | res=1.82e-08 | grad=5.16e-01 | 1.2s
[   238] loss=-0.4444 | res=1.52e-08 | grad=1.90e-01 | 1.2s
[   239] loss=-0.3789 | res=8.34e-09 | grad=8.13e-01 | 1.1s
[   240] loss=-0.4577 | res=1.36e-08 | grad=3.21e-01 | 1.1s
[   241] loss=-0.4856 | res=3.14e-08 | grad=3.11e-01 | 1.2s
[   242] loss=-0.4058 | res=1.50e-08 | grad=4.97e-01 | 1.1s
[   243] loss=-0.4241 | res=2.18e-08 | grad=3.39e-01 | 1.2s
[   244] loss=-0.4199 | res=1.64e-08 | grad=3.83e-01 | 1.2s
[   245] loss=-0.4593 | res=1.19e-08 | grad=3.90e-01 | 1.1s
[   246] loss=-0.4377 | res=1.49e-08 | grad=2.81e-01 | 1.1s
[   247] loss=-0.4431 | res=1.16e-08 | grad=4.08e-01 | 1.2s
[   248] loss=-0.4627 | res=1.21e-08 | grad=6.45e-01 | 1.2s
[   249] loss=-0.4015 | res=2.09e-08 | grad=4.04e-01 | 1.1s
[   250] loss=-0.4461 | res=2.73e-08 | grad=5.23e-01 | 1.2s
[   251] loss=-0.5047 | res=2.01e-08 | grad=7.23e-01 | 1.1s
[   252] loss=-0.4565 | res=1.69e-08 | grad=4.02e-01 | 1.1s
[   253] loss=-0.4718 | res=1.23e-08 | grad=4.04e-01 | 1.1s
[   254] loss=-0.4944 | res=7.30e-09 | grad=4.84e-01 | 1.1s
[   255] loss=-0.4640 | res=2.14e-08 | grad=5.52e-01 | 1.1s
[   256] loss=-0.4744 | res=2.31e-08 | grad=5.10e-01 | 1.1s
[   257] loss=-0.4457 | res=2.28e-08 | grad=6.20e-01 | 1.2s
[   258] loss=-0.4768 | res=2.06e-08 | grad=5.21e-01 | 1.1s
[   259] loss=-0.4880 | res=1.03e-08 | grad=4.87e-01 | 1.2s
[   260] loss=-0.4657 | res=3.26e-08 | grad=3.21e-01 | 1.1s
[   261] loss=-0.4708 | res=1.91e-08 | grad=4.05e-01 | 1.2s
[   262] loss=-0.4583 | res=1.04e-08 | grad=2.23e-01 | 1.1s
[   263] loss=-0.4714 | res=1.04e-08 | grad=4.23e-01 | 1.2s
[   264] loss=-0.4426 | res=1.33e-08 | grad=5.39e-01 | 1.2s
[   265] loss=-0.4819 | res=2.11e-08 | grad=5.23e-01 | 1.1s
[   266] loss=-0.4806 | res=2.65e-08 | grad=4.05e-01 | 1.1s
[   267] loss=-0.4501 | res=1.87e-08 | grad=4.54e-01 | 1.2s
[   268] loss=-0.4178 | res=1.56e-08 | grad=5.61e-01 | 1.1s
[   269] loss=-0.4378 | res=1.05e-08 | grad=2.93e-01 | 1.2s
[   270] loss=-0.4496 | res=7.33e-09 | grad=4.22e-01 | 1.1s
[   271] loss=-0.5083 | res=9.05e-09 | grad=6.60e-01 | 1.1s
[   272] loss=-0.4017 | res=1.62e-08 | grad=7.96e-01 | 1.1s
[   273] loss=-0.4910 | res=8.81e-09 | grad=5.00e-01 | 1.2s
[   274] loss=-0.4657 | res=4.69e-09 | grad=1.57e-01 | 1.1s
[   275] loss=-0.4801 | res=1.10e-08 | grad=2.69e-01 | 1.1s
[   276] loss=-0.4951 | res=2.65e-08 | grad=6.53e-01 | 1.2s
[   277] loss=-0.4415 | res=1.72e-08 | grad=3.01e-01 | 1.1s
[   278] loss=-0.4387 | res=1.12e-08 | grad=5.37e-01 | 1.2s
[   279] loss=-0.4997 | res=1.46e-08 | grad=3.73e-01 | 1.1s
[   280] loss=-0.4573 | res=2.25e-08 | grad=5.07e-01 | 1.2s
[   281] loss=-0.4204 | res=1.84e-08 | grad=5.90e-01 | 1.2s
[   282] loss=-0.4923 | res=2.25e-08 | grad=6.07e-01 | 1.1s
[   283] loss=-0.4295 | res=1.58e-08 | grad=5.94e-01 | 1.1s
[   284] loss=-0.4447 | res=1.00e-08 | grad=6.12e-01 | 1.2s
[   285] loss=-0.3869 | res=7.46e-09 | grad=7.07e-01 | 1.2s
[   286] loss=-0.4425 | res=1.20e-08 | grad=5.58e-01 | 1.2s
[   287] loss=-0.4552 | res=1.63e-08 | grad=4.76e-01 | 1.2s
[   288] loss=-0.5118 | res=1.45e-08 | grad=8.92e-01 | 1.1s
[   289] loss=-0.4895 | res=2.44e-08 | grad=8.37e-01 | 1.2s
[   290] loss=-0.3946 | res=1.14e-08 | grad=3.20e-01 | 1.2s
[   291] loss=-0.4535 | res=7.34e-09 | grad=5.43e-01 | 1.2s
[   292] loss=-0.4095 | res=1.40e-08 | grad=4.61e-01 | 1.2s
[   293] loss=-0.4701 | res=1.43e-08 | grad=2.55e-01 | 1.2s
[   294] loss=-0.4112 | res=5.79e-09 | grad=5.91e-01 | 1.2s
[   295] loss=-0.4848 | res=1.27e-08 | grad=6.97e-01 | 1.1s
[   296] loss=-0.4788 | res=9.53e-09 | grad=3.66e-01 | 1.2s
[   297] loss=-0.4539 | res=1.00e-08 | grad=5.51e-01 | 1.2s
[   298] loss=-0.4759 | res=1.88e-08 | grad=4.70e-01 | 1.1s
[   299] loss=-0.4699 | res=2.67e-08 | grad=3.74e-01 | 1.2s
[   300] loss=-0.4741 | res=3.35e-08 | grad=4.74e-01 | 1.1s
[   301] loss=-0.4181 | res=1.79e-08 | grad=6.71e-01 | 1.2s
[   302] loss=-0.4502 | res=6.24e-09 | grad=4.50e-01 | 1.2s
[   303] loss=-0.4451 | res=1.70e-08 | grad=3.30e-01 | 1.1s
[   304] loss=-0.4262 | res=2.67e-08 | grad=6.78e-01 | 1.1s
[   305] loss=-0.4002 | res=2.61e-08 | grad=4.09e-01 | 1.2s
[   306] loss=-0.4806 | res=1.52e-08 | grad=6.09e-01 | 1.2s
[   307] loss=-0.4789 | res=4.75e-09 | grad=5.63e-01 | 1.2s
[   308] loss=-0.4424 | res=1.09e-08 | grad=3.32e-01 | 1.2s
[   309] loss=-0.4999 | res=2.40e-08 | grad=7.55e-01 | 1.2s
[   310] loss=-0.4910 | res=2.17e-08 | grad=3.63e-01 | 1.2s
[   311] loss=-0.5155 | res=1.79e-08 | grad=5.84e-01 | 1.2s
[   312] loss=-0.4361 | res=2.40e-08 | grad=7.77e-01 | 1.2s
[   313] loss=-0.4410 | res=1.72e-08 | grad=5.16e-01 | 1.2s
[   314] loss=-0.4501 | res=2.82e-08 | grad=6.07e-01 | 1.1s
[   315] loss=-0.4600 | res=2.25e-08 | grad=4.93e-01 | 1.2s
[   316] loss=-0.4683 | res=1.55e-08 | grad=3.10e-01 | 1.2s
[   317] loss=-0.4807 | res=2.12e-08 | grad=4.35e-01 | 1.2s
[   318] loss=-0.4834 | res=4.39e-09 | grad=5.17e-01 | 1.1s
[   319] loss=-0.5544 | res=2.18e-08 | grad=8.49e-01 | 1.2s
[   320] loss=-0.4231 | res=2.11e-08 | grad=6.36e-01 | 1.1s
[   321] loss=-0.4508 | res=9.56e-09 | grad=5.59e-01 | 1.2s
[   322] loss=-0.4335 | res=1.82e-08 | grad=7.70e-01 | 1.2s
[   323] loss=-0.4671 | res=2.06e-08 | grad=4.47e-01 | 1.2s
[   324] loss=-0.4660 | res=1.56e-08 | grad=3.72e-01 | 1.2s
[   325] loss=-0.4605 | res=1.28e-08 | grad=3.32e-01 | 1.1s
[   326] loss=-0.4442 | res=2.93e-09 | grad=2.35e-01 | 1.2s
[   327] loss=-0.4018 | res=1.65e-08 | grad=3.83e-01 | 1.2s
[   328] loss=-0.4572 | res=1.09e-06 | grad=2.50e-01 | 1.2s
[   329] loss=-0.4862 | res=6.25e-09 | grad=4.54e-01 | 1.2s
[   330] loss=-0.4527 | res=2.08e-08 | grad=3.79e-01 | 1.1s
[   331] loss=-0.4471 | res=1.58e-08 | grad=5.87e-01 | 1.1s
[   332] loss=-0.4194 | res=2.75e-08 | grad=4.34e-01 | 1.2s
[   333] loss=-0.4855 | res=1.06e-08 | grad=4.49e-01 | 1.1s
[   334] loss=-0.5095 | res=8.12e-09 | grad=7.56e-01 | 1.2s
[   335] loss=-0.4855 | res=1.77e-08 | grad=3.62e-01 | 1.2s
[   336] loss=-0.4923 | res=1.04e-08 | grad=3.99e-01 | 1.2s
[   337] loss=-0.4490 | res=1.55e-08 | grad=3.89e-01 | 1.2s
[   338] loss=-0.4641 | res=1.33e-08 | grad=5.36e-01 | 1.2s
[   339] loss=-0.4923 | res=1.86e-08 | grad=2.95e-01 | 1.2s
[   340] loss=-0.4244 | res=3.01e-08 | grad=7.90e-01 | 1.2s
[   341] loss=-0.4291 | res=2.25e-08 | grad=7.61e-01 | 1.1s
[   342] loss=-0.4533 | res=2.38e-08 | grad=5.11e-01 | 1.2s
[   343] loss=-0.4082 | res=1.16e-08 | grad=5.11e-01 | 1.2s
[   344] loss=-0.4847 | res=5.90e-09 | grad=7.07e-01 | 1.1s
[   345] loss=-0.4267 | res=1.50e-08 | grad=4.33e-01 | 1.2s
[   346] loss=-0.4436 | res=7.04e-09 | grad=7.06e-01 | 1.2s
[   347] loss=-0.4417 | res=1.87e-08 | grad=6.27e-01 | 1.2s
[   348] loss=-0.4908 | res=7.46e-09 | grad=9.67e-01 | 1.2s
[   349] loss=-0.4567 | res=9.62e-09 | grad=5.53e-01 | 1.2s
[   350] loss=-0.4980 | res=1.80e-08 | grad=6.20e-01 | 1.2s
[   351] loss=-0.4816 | res=1.70e-08 | grad=5.44e-01 | 1.2s
[   352] loss=-0.5056 | res=1.05e-08 | grad=3.70e-01 | 1.1s
[   353] loss=-0.4753 | res=1.55e-08 | grad=5.67e-01 | 1.2s
[   354] loss=-0.4259 | res=2.33e-08 | grad=1.05e+00 | 1.1s
[   355] loss=-0.4509 | res=4.38e-08 | grad=1.07e+00 | 1.2s
[   356] loss=-0.4573 | res=1.61e-08 | grad=7.42e-01 | 1.1s
[   357] loss=-0.4605 | res=1.44e-08 | grad=5.34e-01 | 1.1s
[   358] loss=-0.4900 | res=3.23e-08 | grad=3.80e-01 | 1.1s
[   359] loss=-0.4356 | res=2.73e-08 | grad=4.13e-01 | 1.2s
[   360] loss=-0.4406 | res=1.78e-08 | grad=5.00e-01 | 1.2s
[   361] loss=-0.4725 | res=1.39e-08 | grad=7.95e-01 | 1.1s
[   362] loss=-0.4250 | res=1.93e-08 | grad=4.53e-01 | 1.1s
[   363] loss=-0.4294 | res=1.41e-08 | grad=6.22e-01 | 1.2s
[   364] loss=-0.4917 | res=1.70e-08 | grad=8.83e-01 | 1.1s
[   365] loss=-0.4378 | res=1.47e-08 | grad=6.89e-01 | 1.1s
[   366] loss=-0.4942 | res=1.35e-08 | grad=6.45e-01 | 1.1s
[   367] loss=-0.4529 | res=1.93e-08 | grad=4.74e-01 | 1.1s
[   368] loss=-0.5001 | res=1.38e-08 | grad=3.21e-01 | 1.1s
[   369] loss=-0.4819 | res=2.85e-08 | grad=4.17e-01 | 1.1s
[   370] loss=-0.4538 | res=1.17e-08 | grad=6.28e-01 | 1.1s
[   371] loss=-0.4411 | res=2.08e-08 | grad=8.04e-01 | 1.2s
[   372] loss=-0.4063 | res=1.36e-08 | grad=1.25e+00 | 1.2s
[   373] loss=-0.4428 | res=1.01e-08 | grad=7.38e-01 | 1.1s
[   374] loss=-0.4953 | res=1.87e-08 | grad=4.68e-01 | 1.2s
[   375] loss=-0.5049 | res=3.97e-09 | grad=5.97e-01 | 1.1s
[   376] loss=-0.4429 | res=2.24e-08 | grad=2.73e-01 | 1.1s
[   377] loss=-0.4317 | res=1.53e-08 | grad=4.94e-01 | 1.1s
[   378] loss=-0.4526 | res=1.62e-08 | grad=7.07e-01 | 1.1s
[   379] loss=-0.4419 | res=1.08e-08 | grad=5.36e-01 | 1.1s
[   380] loss=-0.4438 | res=1.98e-08 | grad=5.07e-01 | 1.2s
[   381] loss=-0.4738 | res=1.34e-08 | grad=5.31e-01 | 1.1s
[   382] loss=-0.4765 | res=6.21e-09 | grad=5.11e-01 | 1.1s
[   383] loss=-0.5035 | res=3.15e-06 | grad=5.17e-01 | 1.2s
[   384] loss=-0.4334 | res=9.07e-09 | grad=4.73e-01 | 1.1s
[   385] loss=-0.4078 | res=1.16e-08 | grad=7.80e-01 | 1.2s
[   386] loss=-0.4498 | res=1.13e-08 | grad=5.60e-01 | 1.2s
[   387] loss=-0.4429 | res=1.99e-08 | grad=5.67e-01 | 1.2s
[   388] loss=-0.4004 | res=2.96e-08 | grad=9.51e-01 | 1.2s
[   389] loss=-0.4438 | res=3.95e-08 | grad=4.20e-01 | 1.2s
[   390] loss=-0.4518 | res=1.89e-08 | grad=2.46e-01 | 1.2s
[   391] loss=-0.4430 | res=8.41e-09 | grad=5.19e-01 | 1.1s
[   392] loss=-0.4622 | res=2.97e-09 | grad=5.89e-01 | 1.1s
[   393] loss=-0.4293 | res=1.58e-08 | grad=4.36e-01 | 1.1s
[   394] loss=-0.4235 | res=1.23e-08 | grad=3.73e-01 | 1.2s
[   395] loss=-0.4397 | res=2.08e-08 | grad=6.55e-01 | 1.2s
[   396] loss=-0.4798 | res=1.51e-08 | grad=7.32e-01 | 1.2s
[   397] loss=-0.4446 | res=7.74e-09 | grad=4.54e-01 | 1.2s
[   398] loss=-0.4259 | res=2.99e-08 | grad=3.33e-01 | 1.2s
[   399] loss=-0.4487 | res=7.24e-09 | grad=3.91e-01 | 1.2s
[   400] loss=-0.4673 | res=6.68e-09 | grad=3.02e-01 | 1.2s
[   401] loss=-0.4733 | res=1.55e-08 | grad=4.18e-01 | 1.2s
[   402] loss=-0.5154 | res=1.21e-08 | grad=2.72e-01 | 1.1s
[   403] loss=-0.4569 | res=1.54e-08 | grad=5.09e-01 | 1.1s
[   404] loss=-0.4599 | res=2.14e-08 | grad=4.41e-01 | 1.1s
[   405] loss=-0.4223 | res=1.97e-08 | grad=9.69e-01 | 1.1s
[   406] loss=-0.4869 | res=2.05e-08 | grad=4.86e-01 | 1.1s
[   407] loss=-0.3971 | res=2.02e-08 | grad=8.72e-01 | 1.1s
[   408] loss=-0.4829 | res=1.57e-08 | grad=4.67e-01 | 1.1s
[   409] loss=-0.4882 | res=1.30e-08 | grad=4.60e-01 | 1.1s
[   410] loss=-0.4703 | res=2.79e-08 | grad=4.78e-01 | 1.1s
[   411] loss=-0.4400 | res=8.63e-09 | grad=4.01e-01 | 1.1s
[   412] loss=-0.4886 | res=1.26e-08 | grad=5.76e-01 | 1.2s
[   413] loss=-0.4198 | res=1.03e-08 | grad=2.48e-01 | 1.2s
[   414] loss=-0.4430 | res=1.10e-08 | grad=2.80e-01 | 1.2s
[   415] loss=-0.4720 | res=1.87e-08 | grad=3.78e-01 | 1.2s
[   416] loss=-0.4483 | res=8.66e-09 | grad=2.51e-01 | 1.2s
[   417] loss=-0.4652 | res=9.82e-09 | grad=1.81e-01 | 1.2s
[   418] loss=-0.5082 | res=2.30e-08 | grad=4.72e-01 | 1.1s
[   419] loss=-0.4215 | res=1.43e-08 | grad=5.18e-01 | 1.1s
[   420] loss=-0.4659 | res=1.56e-08 | grad=4.00e-01 | 1.2s
[   421] loss=-0.4317 | res=6.53e-09 | grad=3.24e-01 | 1.2s
[   422] loss=-0.4516 | res=8.11e-09 | grad=3.00e-01 | 1.2s
[   423] loss=-0.5009 | res=1.13e-08 | grad=5.29e-01 | 1.1s
[   424] loss=-0.4540 | res=1.34e-08 | grad=4.42e-01 | 1.1s
[   425] loss=-0.5319 | res=2.39e-08 | grad=6.18e-01 | 1.1s
[   426] loss=-0.4105 | res=1.91e-08 | grad=5.72e-01 | 1.1s
[   427] loss=-0.4248 | res=2.24e-08 | grad=5.69e-01 | 1.1s
[   428] loss=-0.4148 | res=1.54e-08 | grad=4.40e-01 | 1.2s
[   429] loss=-0.4177 | res=1.90e-08 | grad=4.75e-01 | 1.2s
[   430] loss=-0.5142 | res=1.62e-08 | grad=8.18e-01 | 1.2s
[   431] loss=-0.4662 | res=1.95e-08 | grad=3.44e-01 | 1.2s
[   432] loss=-0.4801 | res=9.89e-09 | grad=5.61e-01 | 1.2s
[   433] loss=-0.4765 | res=1.19e-08 | grad=5.36e-01 | 1.2s
[   434] loss=-0.4281 | res=8.77e-09 | grad=2.51e-01 | 1.2s
[   435] loss=-0.5481 | res=1.04e-08 | grad=9.26e-01 | 1.1s
[   436] loss=-0.4474 | res=2.84e-08 | grad=5.35e-01 | 1.2s
[   437] loss=-0.4456 | res=6.14e-09 | grad=3.59e-01 | 1.2s
[   438] loss=-0.4771 | res=1.67e-08 | grad=5.63e-01 | 1.2s
[   439] loss=-0.4694 | res=1.59e-08 | grad=4.99e-01 | 1.2s
[   440] loss=-0.4256 | res=2.94e-08 | grad=7.82e-01 | 1.2s
[   441] loss=-0.4887 | res=1.07e-08 | grad=3.18e-01 | 1.1s
[   442] loss=-0.5135 | res=8.66e-09 | grad=6.79e-01 | 1.1s
[   443] loss=-0.4700 | res=1.39e-08 | grad=3.10e-01 | 1.1s
[   444] loss=-0.4862 | res=2.67e-08 | grad=3.49e-01 | 1.1s
[   445] loss=-0.4620 | res=1.06e-08 | grad=4.00e-01 | 1.1s
[   446] loss=-0.5223 | res=2.06e-08 | grad=2.92e-01 | 1.1s
[   447] loss=-0.4666 | res=1.34e-07 | grad=2.26e-01 | 1.1s
[   448] loss=-0.4537 | res=1.16e-08 | grad=2.65e-01 | 1.2s
[   449] loss=-0.5221 | res=2.83e-08 | grad=4.28e-01 | 1.2s
[   450] loss=-0.4707 | res=1.27e-08 | grad=3.32e-01 | 1.2s
[   451] loss=-0.4931 | res=1.90e-08 | grad=2.82e-01 | 1.2s
[   452] loss=-0.4330 | res=2.88e-08 | grad=7.04e-01 | 1.2s
[   453] loss=-0.5585 | res=7.79e-09 | grad=6.92e-01 | 1.2s
[   454] loss=-0.5023 | res=1.50e-08 | grad=3.33e-01 | 1.2s
[   455] loss=-0.4355 | res=1.99e-08 | grad=5.20e-01 | 1.2s
[   456] loss=-0.4889 | res=2.52e-08 | grad=4.72e-01 | 1.2s
[   457] loss=-0.4689 | res=7.54e-09 | grad=3.45e-01 | 1.2s
[   458] loss=-0.5349 | res=4.81e-09 | grad=5.00e-01 | 1.2s
[   459] loss=-0.4479 | res=2.81e-08 | grad=4.83e-01 | 1.2s
[   460] loss=-0.4828 | res=1.31e-08 | grad=2.54e-01 | 1.2s
[   461] loss=-0.4631 | res=2.44e-08 | grad=5.10e-01 | 1.2s
[   462] loss=-0.4386 | res=1.27e-07 | grad=5.26e-01 | 1.1s
[   463] loss=-0.4033 | res=3.24e-08 | grad=7.50e-01 | 1.2s
[   464] loss=-0.4710 | res=1.02e-08 | grad=5.01e-01 | 1.2s
[   465] loss=-0.4496 | res=2.25e-08 | grad=3.58e-01 | 1.2s
[   466] loss=-0.4258 | res=8.82e-09 | grad=2.65e-01 | 1.2s
[   467] loss=-0.4640 | res=1.11e-08 | grad=4.96e-01 | 1.1s
[   468] loss=-0.4470 | res=2.62e-09 | grad=4.07e-01 | 1.1s
[   469] loss=-0.4505 | res=1.58e-08 | grad=3.26e-01 | 1.2s
[   470] loss=-0.4989 | res=9.71e-09 | grad=6.10e-01 | 1.1s
[   471] loss=-0.4965 | res=9.34e-09 | grad=5.44e-01 | 1.1s
[   472] loss=-0.4872 | res=9.63e-10 | grad=3.03e-01 | 1.1s
[   473] loss=-0.4124 | res=1.23e-08 | grad=8.04e-01 | 1.1s
[   474] loss=-0.4459 | res=3.36e-08 | grad=5.94e-01 | 1.1s
[   475] loss=-0.4358 | res=2.00e-08 | grad=5.62e-01 | 1.1s
[   476] loss=-0.4859 | res=1.68e-08 | grad=4.78e-01 | 1.2s
[   477] loss=-0.4420 | res=1.28e-08 | grad=4.60e-01 | 1.2s
[   478] loss=-0.4691 | res=2.90e-08 | grad=3.16e-01 | 1.2s
[   479] loss=-0.4231 | res=1.71e-08 | grad=4.02e-01 | 1.2s
[   480] loss=-0.4256 | res=2.04e-08 | grad=2.69e-01 | 1.2s
[   481] loss=-0.4018 | res=2.41e-08 | grad=5.28e-01 | 1.2s
[   482] loss=-0.4866 | res=1.14e-08 | grad=8.78e-01 | 1.2s
[   483] loss=-0.4827 | res=1.51e-08 | grad=8.08e-01 | 1.2s
[   484] loss=-0.5064 | res=1.25e-08 | grad=1.09e+00 | 1.2s
[   485] loss=-0.4390 | res=2.75e-08 | grad=2.93e-01 | 1.2s
[   486] loss=-0.4393 | res=1.27e-08 | grad=2.39e-01 | 1.2s
[   487] loss=-0.4550 | res=1.14e-08 | grad=3.29e-01 | 1.2s
[   488] loss=-0.4493 | res=3.78e-08 | grad=5.08e-01 | 1.2s
[   489] loss=-0.4885 | res=1.65e-08 | grad=3.29e-01 | 1.2s
[   490] loss=-0.4820 | res=1.75e-08 | grad=5.83e-01 | 1.2s
[   491] loss=-0.4615 | res=1.70e-08 | grad=6.96e-01 | 1.2s
[   492] loss=-0.4709 | res=7.46e-09 | grad=2.76e-01 | 1.2s
[   493] loss=-0.4340 | res=4.66e-09 | grad=3.80e-01 | 1.2s
[   494] loss=-0.4332 | res=1.13e-08 | grad=3.41e-01 | 1.2s
[   495] loss=-0.4084 | res=9.86e-09 | grad=5.33e-01 | 1.2s
[   496] loss=-0.4308 | res=1.49e-08 | grad=2.98e-01 | 1.2s
[   497] loss=-0.4401 | res=1.11e-08 | grad=2.07e-01 | 1.2s
[   498] loss=-0.4471 | res=1.57e-08 | grad=5.41e-01 | 1.2s
[   499] loss=-0.4797 | res=2.18e-08 | grad=7.87e-01 | 1.2s
[   500] loss=-0.4691 | res=7.40e-07 | grad=8.29e-01 | 1.2s
[   501] loss=-0.4516 | res=1.44e-08 | grad=3.76e-01 | 1.2s
[   502] loss=-0.4808 | res=1.59e-08 | grad=5.19e-01 | 1.2s
[   503] loss=-0.4139 | res=1.49e-08 | grad=6.05e-01 | 1.1s
[   504] loss=-0.4568 | res=1.55e-08 | grad=4.93e-01 | 1.1s
[   505] loss=-0.4305 | res=4.02e-08 | grad=8.32e-01 | 1.2s
[   506] loss=-0.4678 | res=2.46e-08 | grad=3.06e-01 | 1.2s
[   507] loss=-0.4423 | res=1.50e-08 | grad=4.16e-01 | 1.2s
[   508] loss=-0.4593 | res=1.34e-08 | grad=4.47e-01 | 1.1s
[   509] loss=-0.4781 | res=1.10e-08 | grad=2.77e-01 | 1.1s
[   510] loss=-0.4500 | res=1.52e-08 | grad=3.22e-01 | 1.1s
[   511] loss=-0.4452 | res=1.66e-08 | grad=2.47e-01 | 1.2s
[   512] loss=-0.4538 | res=7.26e-06 | grad=3.72e-01 | 1.2s
[   513] loss=-0.4941 | res=1.03e-08 | grad=7.90e-01 | 1.1s
[   514] loss=-0.4555 | res=1.81e-08 | grad=3.16e-01 | 1.1s
[   515] loss=-0.5229 | res=1.88e-08 | grad=5.31e-01 | 1.1s
[   516] loss=-0.4530 | res=1.63e-08 | grad=2.75e-01 | 1.1s
[   517] loss=-0.4291 | res=1.86e-08 | grad=5.42e-01 | 1.1s
[   518] loss=-0.4919 | res=8.67e-09 | grad=3.09e-01 | 1.1s
[   519] loss=-0.4636 | res=1.21e-08 | grad=3.55e-01 | 1.1s
[   520] loss=-0.4862 | res=1.44e-08 | grad=2.30e-01 | 1.1s
[   521] loss=-0.4456 | res=6.89e-09 | grad=6.29e-01 | 1.1s
[   522] loss=-0.4859 | res=1.50e-08 | grad=2.82e-01 | 1.1s
[   523] loss=-0.4337 | res=1.22e-08 | grad=4.84e-01 | 1.1s
[   524] loss=-0.4629 | res=1.77e-08 | grad=2.97e-01 | 1.1s
[   525] loss=-0.4873 | res=2.33e-08 | grad=4.73e-01 | 1.1s
[   526] loss=-0.4658 | res=8.05e-09 | grad=4.70e-01 | 1.1s
[   527] loss=-0.4421 | res=1.95e-08 | grad=2.61e-01 | 1.1s
[   528] loss=-0.4537 | res=3.25e-08 | grad=3.15e-01 | 1.1s
[   529] loss=-0.4787 | res=1.64e-08 | grad=2.49e-01 | 1.1s
[   530] loss=-0.4317 | res=3.42e-08 | grad=5.96e-01 | 1.1s
[   531] loss=-0.5311 | res=1.76e-08 | grad=7.12e-01 | 1.1s
[   532] loss=-0.4773 | res=1.22e-08 | grad=4.19e-01 | 1.1s
[   533] loss=-0.4608 | res=2.06e-08 | grad=3.05e-01 | 1.1s
[   534] loss=-0.4490 | res=9.42e-09 | grad=3.70e-01 | 1.1s
[   535] loss=-0.4835 | res=1.03e-08 | grad=2.90e-01 | 1.2s
[   536] loss=-0.4695 | res=1.92e-08 | grad=3.64e-01 | 1.1s
[   537] loss=-0.4417 | res=1.08e-08 | grad=5.29e-01 | 1.2s
[   538] loss=-0.3826 | res=9.67e-09 | grad=7.82e-01 | 1.2s
[   539] loss=-0.4549 | res=1.97e-08 | grad=3.52e-01 | 1.2s
[   540] loss=-0.4677 | res=8.99e-09 | grad=2.85e-01 | 1.2s
[   541] loss=-0.4848 | res=1.68e-08 | grad=5.66e-01 | 1.2s
[   542] loss=-0.4900 | res=1.17e-08 | grad=6.18e-01 | 1.2s
[   543] loss=-0.4396 | res=3.85e-10 | grad=2.94e-01 | 1.2s
[   544] loss=-0.4760 | res=9.27e-09 | grad=4.77e-01 | 1.1s
[   545] loss=-0.5176 | res=1.95e-08 | grad=7.48e-01 | 1.2s
[   546] loss=-0.4857 | res=6.70e-09 | grad=5.61e-01 | 1.2s
[   547] loss=-0.5346 | res=1.77e-08 | grad=4.34e-01 | 1.1s
[   548] loss=-0.3941 | res=2.05e-08 | grad=1.01e+00 | 1.1s
[   549] loss=-0.4465 | res=1.92e-08 | grad=6.81e-01 | 1.2s
[   550] loss=-0.4324 | res=1.76e-08 | grad=8.44e-01 | 1.1s
[   551] loss=-0.4470 | res=9.81e-09 | grad=5.11e-01 | 1.2s
[   552] loss=-0.4940 | res=7.57e-09 | grad=3.32e-01 | 1.2s
[   553] loss=-0.4855 | res=4.56e-09 | grad=2.90e-01 | 1.2s
[   554] loss=-0.4862 | res=2.36e-08 | grad=3.40e-01 | 1.2s
[   555] loss=-0.4515 | res=8.29e-09 | grad=3.22e-01 | 1.1s
[   556] loss=-0.4784 | res=5.34e-09 | grad=5.35e-01 | 1.1s
[   557] loss=-0.4676 | res=7.89e-09 | grad=4.94e-01 | 1.2s
[   558] loss=-0.4926 | res=1.54e-08 | grad=5.68e-01 | 1.2s
[   559] loss=-0.4828 | res=3.08e-09 | grad=4.15e-01 | 1.2s
[   560] loss=-0.4516 | res=1.16e-08 | grad=6.44e-01 | 1.2s
[   561] loss=-0.4506 | res=4.93e-09 | grad=4.51e-01 | 1.2s
[   562] loss=-0.4686 | res=6.55e-09 | grad=2.76e-01 | 1.2s
[   563] loss=-0.4691 | res=1.38e-08 | grad=1.28e-01 | 1.2s
[   564] loss=-0.4188 | res=1.82e-08 | grad=7.11e-01 | 1.2s
[   565] loss=-0.4952 | res=1.86e-08 | grad=3.21e-01 | 1.2s
[   566] loss=-0.4333 | res=2.25e-08 | grad=5.70e-01 | 1.2s
[   567] loss=-0.4607 | res=2.23e-08 | grad=2.33e-01 | 1.2s
[   568] loss=-0.4842 | res=1.60e-08 | grad=5.25e-01 | 1.2s
[   569] loss=-0.4971 | res=5.17e-05 | grad=5.64e-01 | 1.1s
[   570] loss=-0.4870 | res=1.14e-08 | grad=4.49e-01 | 1.2s
[   571] loss=-0.4736 | res=5.81e-09 | grad=3.52e-01 | 1.2s
[   572] loss=-0.4510 | res=1.40e-08 | grad=3.94e-01 | 1.2s
[   573] loss=-0.4347 | res=2.83e-08 | grad=4.28e-01 | 1.2s
[   574] loss=-0.4766 | res=5.34e-09 | grad=2.47e-01 | 1.2s
[   575] loss=-0.4158 | res=1.82e-08 | grad=6.10e-01 | 1.2s
[   576] loss=-0.4792 | res=1.89e-08 | grad=2.46e-01 | 1.2s
[   577] loss=-0.4673 | res=1.52e-08 | grad=2.99e-01 | 1.2s
[   578] loss=-0.4806 | res=2.42e-08 | grad=3.00e-01 | 1.2s
[   579] loss=-0.4677 | res=3.68e-09 | grad=4.31e-01 | 1.2s
[   580] loss=-0.5148 | res=6.92e-09 | grad=5.03e-01 | 1.2s
[   581] loss=-0.4395 | res=3.87e-08 | grad=4.08e-01 | 1.2s
[   582] loss=-0.4503 | res=4.68e-09 | grad=2.29e-01 | 1.2s
[   583] loss=-0.4659 | res=1.94e-08 | grad=1.92e-01 | 1.2s
[   584] loss=-0.4467 | res=1.61e-08 | grad=4.74e-01 | 1.2s
[   585] loss=-0.4591 | res=2.33e-08 | grad=2.70e-01 | 1.2s
[   586] loss=-0.4760 | res=2.22e-08 | grad=3.55e-01 | 1.2s
[   587] loss=-0.4657 | res=8.85e-09 | grad=2.14e-01 | 1.1s
[   588] loss=-0.4872 | res=2.26e-08 | grad=3.83e-01 | 1.2s
[   589] loss=-0.4429 | res=1.53e-08 | grad=2.43e-01 | 1.1s
[   590] loss=-0.5152 | res=1.04e-08 | grad=5.03e-01 | 1.2s
[   591] loss=-0.4542 | res=1.98e-08 | grad=1.43e-01 | 1.1s
[   592] loss=-0.5164 | res=1.44e-08 | grad=6.31e-01 | 1.1s
[   593] loss=-0.4749 | res=2.14e-08 | grad=3.00e-01 | 1.2s
[   594] loss=-0.4444 | res=1.40e-08 | grad=4.15e-01 | 1.1s
[   595] loss=-0.4770 | res=1.09e-08 | grad=1.54e-01 | 1.1s
[   596] loss=-0.4797 | res=2.06e-08 | grad=5.06e-01 | 1.2s
[   597] loss=-0.4735 | res=2.13e-08 | grad=2.59e-01 | 1.1s
[   598] loss=-0.4814 | res=1.26e-08 | grad=3.85e-01 | 1.1s
[   599] loss=-0.5048 | res=1.18e-08 | grad=2.43e-01 | 1.1s
[   600] loss=-0.4997 | res=1.41e-08 | grad=2.26e-01 | 1.1s
[   601] loss=-0.4860 | res=1.50e-08 | grad=4.47e-01 | 1.1s
[   602] loss=-0.4411 | res=1.36e-08 | grad=5.05e-01 | 1.1s
[   603] loss=-0.4615 | res=3.01e-08 | grad=4.63e-01 | 1.2s
[   604] loss=-0.4681 | res=1.13e-08 | grad=2.54e-01 | 1.1s
[   605] loss=-0.4448 | res=2.88e-08 | grad=3.21e-01 | 1.2s
[   606] loss=-0.4817 | res=1.51e-08 | grad=4.93e-01 | 1.2s
[   607] loss=-0.4529 | res=1.68e-08 | grad=4.02e-01 | 1.2s
[   608] loss=-0.4699 | res=1.66e-08 | grad=4.79e-01 | 1.2s
[   609] loss=-0.5075 | res=6.38e-09 | grad=5.93e-01 | 1.2s
[   610] loss=-0.4412 | res=3.33e-08 | grad=3.14e-01 | 1.2s
[   611] loss=-0.4678 | res=1.39e-08 | grad=3.98e-01 | 1.2s
[   612] loss=-0.4026 | res=2.94e-08 | grad=8.67e-01 | 1.2s
[   613] loss=-0.4732 | res=1.63e-08 | grad=3.83e-01 | 1.2s
[   614] loss=-0.4725 | res=1.23e-08 | grad=3.59e-01 | 1.2s
[   615] loss=-0.4391 | res=2.57e-08 | grad=4.66e-01 | 1.1s
[   616] loss=-0.4512 | res=1.37e-08 | grad=3.50e-01 | 1.2s
[   617] loss=-0.4746 | res=1.97e-08 | grad=2.19e-01 | 1.2s
[   618] loss=-0.4460 | res=8.94e-09 | grad=2.44e-01 | 1.2s
[   619] loss=-0.4697 | res=2.32e-08 | grad=3.10e-01 | 1.2s
[   620] loss=-0.5075 | res=1.64e-08 | grad=6.27e-01 | 1.2s
[   621] loss=-0.4187 | res=1.11e-08 | grad=6.28e-01 | 1.2s
[   622] loss=-0.4175 | res=1.48e-08 | grad=3.19e-01 | 1.2s
[   623] loss=-0.5053 | res=7.81e-09 | grad=4.93e-01 | 1.2s
[   624] loss=-0.4825 | res=1.44e-08 | grad=4.67e-01 | 1.2s
[   625] loss=-0.4596 | res=1.27e-08 | grad=3.75e-01 | 1.2s
[   626] loss=-0.4338 | res=1.87e-08 | grad=5.33e-01 | 1.2s
[   627] loss=-0.5035 | res=2.16e-08 | grad=3.77e-01 | 1.2s
[   628] loss=-0.5454 | res=5.05e-09 | grad=8.06e-01 | 1.2s
[   629] loss=-0.4357 | res=2.78e-09 | grad=5.13e-01 | 1.2s
[   630] loss=-0.4389 | res=2.09e-08 | grad=5.48e-01 | 1.2s
[   631] loss=-0.4565 | res=2.18e-08 | grad=4.27e-01 | 1.2s
[   632] loss=-0.4228 | res=1.95e-08 | grad=7.56e-01 | 1.2s
[   633] loss=-0.4783 | res=2.22e-08 | grad=2.99e-01 | 1.2s
[   634] loss=-0.4766 | res=4.97e-09 | grad=5.21e-01 | 1.2s
[   635] loss=-0.4819 | res=2.73e-08 | grad=2.18e-01 | 1.2s
[   636] loss=-0.5071 | res=2.08e-08 | grad=7.73e-01 | 1.2s
[   637] loss=-0.4933 | res=9.28e-09 | grad=3.69e-01 | 1.1s
[   638] loss=-0.4630 | res=1.77e-08 | grad=3.67e-01 | 1.2s
[   639] loss=-0.4935 | res=1.24e-08 | grad=4.42e-01 | 1.2s
[   640] loss=-0.4394 | res=6.64e-09 | grad=5.41e-01 | 1.2s
[   641] loss=-0.4754 | res=1.22e-08 | grad=2.49e-01 | 1.2s
[   642] loss=-0.5073 | res=4.44e-09 | grad=3.35e-01 | 1.2s
[   643] loss=-0.4528 | res=1.62e-08 | grad=5.27e-01 | 1.1s
[   644] loss=-0.4469 | res=1.71e-08 | grad=7.10e-01 | 1.2s
[   645] loss=-0.4979 | res=3.30e-09 | grad=1.55e-01 | 1.2s
[   646] loss=-0.4690 | res=1.71e-08 | grad=3.74e-01 | 1.2s
[   647] loss=-0.4763 | res=2.00e-08 | grad=2.15e-01 | 1.2s
[   648] loss=-0.4837 | res=3.44e-06 | grad=1.79e-01 | 1.2s
[   649] loss=-0.4573 | res=1.40e-08 | grad=2.75e-01 | 1.1s
[   650] loss=-0.4873 | res=1.31e-08 | grad=4.84e-01 | 1.2s
[   651] loss=-0.4411 | res=2.62e-08 | grad=2.72e-01 | 1.2s
[   652] loss=-0.4457 | res=1.28e-08 | grad=3.30e-01 | 1.2s
[   653] loss=-0.4972 | res=1.52e-08 | grad=7.72e-01 | 1.2s
[   654] loss=-0.4707 | res=1.07e-08 | grad=4.17e-01 | 1.2s
[   655] loss=-0.4706 | res=2.02e-08 | grad=2.01e-01 | 1.2s
[   656] loss=-0.5397 | res=6.36e-09 | grad=5.38e-01 | 1.2s
[   657] loss=-0.4601 | res=2.84e-08 | grad=3.91e-01 | 1.2s
[   658] loss=-0.4470 | res=1.49e-08 | grad=7.54e-01 | 1.1s
[   659] loss=-0.4037 | res=1.42e-08 | grad=1.00e+00 | 1.2s
[   660] loss=-0.4947 | res=8.48e-09 | grad=1.89e-01 | 1.2s
[   661] loss=-0.4703 | res=1.14e-08 | grad=3.03e-01 | 1.2s
[   662] loss=-0.4872 | res=1.22e-08 | grad=2.33e-01 | 1.1s
[   663] loss=-0.4748 | res=1.58e-08 | grad=1.72e-01 | 1.2s
[   664] loss=-0.4609 | res=1.53e-08 | grad=2.50e-01 | 1.2s
[   665] loss=-0.4781 | res=6.78e-09 | grad=4.55e-01 | 1.2s
[   666] loss=-0.4667 | res=3.16e-09 | grad=2.31e-01 | 1.2s
[   667] loss=-0.4766 | res=5.76e-09 | grad=2.64e-01 | 1.2s
[   668] loss=-0.4983 | res=8.60e-09 | grad=4.16e-01 | 1.2s
[   669] loss=-0.4797 | res=9.01e-09 | grad=2.00e-01 | 1.2s
[   670] loss=-0.4628 | res=7.58e-09 | grad=3.58e-01 | 1.2s
[   671] loss=-0.4233 | res=6.58e-09 | grad=6.52e-01 | 1.1s
[   672] loss=-0.4438 | res=6.67e-09 | grad=4.66e-01 | 1.2s
[   673] loss=-0.4310 | res=1.34e-08 | grad=3.70e-01 | 1.2s
[   674] loss=-0.4415 | res=6.03e-09 | grad=2.88e-01 | 1.1s
[   675] loss=-0.4832 | res=3.26e-08 | grad=3.71e-01 | 1.2s
[   676] loss=-0.4137 | res=2.25e-08 | grad=3.58e-01 | 1.2s
[   677] loss=-0.5125 | res=1.77e-08 | grad=1.01e+00 | 1.2s
[   678] loss=-0.5015 | res=4.55e-09 | grad=9.38e-01 | 1.2s
[   679] loss=-0.4252 | res=7.26e-09 | grad=3.89e-01 | 1.1s
[   680] loss=-0.4384 | res=2.09e-08 | grad=3.77e-01 | 1.2s
[   681] loss=-0.4345 | res=2.00e-08 | grad=5.48e-01 | 1.2s
[   682] loss=-0.4346 | res=9.25e-09 | grad=4.28e-01 | 1.2s
[   683] loss=-0.5413 | res=5.80e-09 | grad=7.46e-01 | 1.2s
[   684] loss=-0.4356 | res=1.41e-08 | grad=4.61e-01 | 1.2s
[   685] loss=-0.5021 | res=1.56e-08 | grad=1.83e-01 | 1.2s
[   686] loss=-0.4533 | res=9.03e-06 | grad=3.44e-01 | 1.2s
[   687] loss=-0.5023 | res=1.34e-08 | grad=3.33e-01 | 1.2s
[   688] loss=-0.4356 | res=1.10e-08 | grad=2.40e-01 | 1.2s
[   689] loss=-0.5006 | res=1.44e-08 | grad=4.89e-01 | 1.2s
[   690] loss=-0.4443 | res=1.05e-08 | grad=5.47e-01 | 1.1s
[   691] loss=-0.4007 | res=2.16e-08 | grad=3.92e-01 | 1.2s
[   692] loss=-0.4820 | res=2.33e-08 | grad=3.34e-01 | 1.2s
[   693] loss=-0.4595 | res=8.28e-09 | grad=3.05e-01 | 1.2s
[   694] loss=-0.4771 | res=2.47e-08 | grad=2.89e-01 | 1.1s
[   695] loss=-0.4763 | res=2.64e-08 | grad=3.54e-01 | 1.2s
[   696] loss=-0.4730 | res=1.80e-08 | grad=1.34e-01 | 1.2s
[   697] loss=-0.5246 | res=1.39e-08 | grad=6.64e-01 | 1.2s
[   698] loss=-0.4577 | res=1.33e-08 | grad=2.15e-01 | 1.2s
[   699] loss=-0.4606 | res=2.19e-08 | grad=4.34e-01 | 1.2s
[   700] loss=-0.4495 | res=1.76e-08 | grad=3.91e-01 | 1.1s
[   701] loss=-0.4611 | res=1.22e-08 | grad=5.25e-01 | 1.2s
[   702] loss=-0.5350 | res=1.41e-08 | grad=6.07e-01 | 1.2s
[   703] loss=-0.5051 | res=2.64e-08 | grad=3.48e-01 | 1.2s
[   704] loss=-0.4497 | res=3.14e-08 | grad=3.69e-01 | 1.2s
[   705] loss=-0.4459 | res=9.41e-09 | grad=5.00e-01 | 1.2s
[   706] loss=-0.4527 | res=7.72e-09 | grad=3.57e-01 | 1.2s
[   707] loss=-0.4354 | res=1.74e-08 | grad=4.26e-01 | 1.2s
[   708] loss=-0.4927 | res=1.29e-08 | grad=4.41e-01 | 1.2s
[   709] loss=-0.4313 | res=1.37e-08 | grad=2.60e-01 | 1.2s
[   710] loss=-0.4623 | res=1.44e-08 | grad=4.92e-01 | 1.2s
[   711] loss=-0.4514 | res=1.18e-08 | grad=2.93e-01 | 1.2s
[   712] loss=-0.4381 | res=1.26e-08 | grad=1.93e-01 | 1.2s
[   713] loss=-0.5317 | res=2.75e-08 | grad=7.75e-01 | 1.2s
[   714] loss=-0.4733 | res=2.27e-08 | grad=3.29e-01 | 1.2s
[   715] loss=-0.4451 | res=6.47e-09 | grad=4.61e-01 | 1.2s
[   716] loss=-0.4445 | res=2.99e-08 | grad=4.86e-01 | 1.2s
[   717] loss=-0.4893 | res=9.86e-09 | grad=2.89e-01 | 1.2s
[   718] loss=-0.4847 | res=2.54e-08 | grad=2.21e-01 | 1.2s
[   719] loss=-0.4421 | res=1.09e-08 | grad=4.03e-01 | 1.2s
[   720] loss=-0.5013 | res=6.59e-09 | grad=3.84e-01 | 1.2s
[   721] loss=-0.4988 | res=1.17e-08 | grad=3.39e-01 | 1.1s
[   722] loss=-0.4967 | res=1.95e-08 | grad=1.83e-01 | 1.2s
[   723] loss=-0.5022 | res=2.49e-09 | grad=3.24e-01 | 1.1s
[   724] loss=-0.4856 | res=1.61e-08 | grad=1.82e-01 | 1.2s
[   725] loss=-0.4815 | res=9.79e-09 | grad=2.24e-01 | 1.2s
[   726] loss=-0.4991 | res=1.97e-08 | grad=1.66e-01 | 1.2s
[   727] loss=-0.4252 | res=1.30e-08 | grad=8.50e-01 | 1.2s
[   728] loss=-0.4928 | res=2.83e-08 | grad=3.71e-01 | 1.2s
[   729] loss=-0.4481 | res=2.54e-08 | grad=3.51e-01 | 1.2s
[   730] loss=-0.4080 | res=4.88e-08 | grad=5.69e-01 | 1.2s
[   731] loss=-0.4809 | res=2.85e-09 | grad=3.48e-01 | 1.2s
[   732] loss=-0.4509 | res=2.24e-08 | grad=2.02e-01 | 1.2s
[   733] loss=-0.4765 | res=1.77e-08 | grad=3.38e-01 | 1.2s
[   734] loss=-0.4720 | res=7.45e-09 | grad=4.15e-01 | 1.2s
[   735] loss=-0.4843 | res=1.49e-08 | grad=3.59e-01 | 1.2s
[   736] loss=-0.4827 | res=1.21e-08 | grad=5.42e-01 | 1.2s
[   737] loss=-0.4586 | res=1.32e-08 | grad=2.80e-01 | 1.2s
[   738] loss=-0.4761 | res=2.21e-08 | grad=2.95e-01 | 1.2s
[   739] loss=-0.5101 | res=3.56e-05 | grad=2.90e-01 | 1.1s
[   740] loss=-0.4416 | res=2.82e-08 | grad=6.21e-01 | 1.1s
[   741] loss=-0.4794 | res=2.54e-08 | grad=2.78e-01 | 1.2s
[   742] loss=-0.4383 | res=8.01e-09 | grad=6.56e-01 | 1.1s
[   743] loss=-0.4890 | res=1.08e-08 | grad=2.11e-01 | 1.2s
[   744] loss=-0.4513 | res=1.37e-08 | grad=4.10e-01 | 1.2s
[   745] loss=-0.4590 | res=7.76e-09 | grad=1.97e-01 | 1.2s
[   746] loss=-0.4635 | res=1.33e-08 | grad=3.19e-01 | 1.2s
[   747] loss=-0.4408 | res=2.78e-08 | grad=2.70e-01 | 1.2s
[   748] loss=-0.4866 | res=9.56e-09 | grad=6.77e-01 | 1.2s
[   749] loss=-0.4355 | res=1.23e-08 | grad=2.69e-01 | 1.1s
[   750] loss=-0.4664 | res=9.23e-09 | grad=3.08e-01 | 1.1s
[   751] loss=-0.5100 | res=1.49e-08 | grad=5.29e-01 | 1.2s
[   752] loss=-0.4781 | res=1.80e-08 | grad=2.34e-01 | 1.1s
[   753] loss=-0.4906 | res=1.67e-08 | grad=1.66e-01 | 1.2s
[   754] loss=-0.4628 | res=2.33e-08 | grad=3.98e-01 | 1.1s
[   755] loss=-0.4494 | res=2.48e-08 | grad=6.20e-01 | 1.2s
[   756] loss=-0.4615 | res=1.39e-08 | grad=5.98e-01 | 1.2s
[   757] loss=-0.4874 | res=2.05e-08 | grad=2.49e-01 | 1.2s
[   758] loss=-0.4398 | res=9.89e-09 | grad=2.96e-01 | 1.2s
[   759] loss=-0.4504 | res=1.89e-08 | grad=3.53e-01 | 1.2s
[   760] loss=-0.4351 | res=2.00e-08 | grad=2.38e-01 | 1.2s
[   761] loss=-0.4478 | res=1.54e-08 | grad=4.71e-01 | 1.2s
[   762] loss=-0.4565 | res=1.32e-08 | grad=6.35e-01 | 1.2s
[   763] loss=-0.4633 | res=1.50e-08 | grad=6.64e-01 | 1.2s
[   764] loss=-0.4628 | res=2.06e-08 | grad=4.71e-01 | 1.2s
[   765] loss=-0.4505 | res=1.66e-08 | grad=2.24e-01 | 1.2s
[   766] loss=-0.4076 | res=1.06e-08 | grad=5.99e-01 | 1.2s
[   767] loss=-0.4593 | res=1.56e-08 | grad=2.09e-01 | 1.2s
[   768] loss=-0.4655 | res=6.10e-09 | grad=2.35e-01 | 1.2s
[   769] loss=-0.4427 | res=2.07e-08 | grad=3.42e-01 | 1.2s
[   770] loss=-0.4411 | res=3.31e-08 | grad=4.27e-01 | 1.2s
[   771] loss=-0.5031 | res=1.23e-08 | grad=4.19e-01 | 1.2s
[   772] loss=-0.5177 | res=2.10e-08 | grad=7.17e-01 | 1.2s
[   773] loss=-0.4803 | res=1.05e-08 | grad=2.01e-01 | 1.2s
[   774] loss=-0.4299 | res=1.59e-08 | grad=5.39e-01 | 1.2s
[   775] loss=-0.4867 | res=9.81e-09 | grad=2.27e-01 | 1.2s
[   776] loss=-0.4531 | res=4.08e-09 | grad=3.07e-01 | 1.2s
[   777] loss=-0.4992 | res=4.03e-09 | grad=2.58e-01 | 1.2s
[   778] loss=-0.4687 | res=1.99e-08 | grad=3.29e-01 | 1.2s
[   779] loss=-0.4740 | res=1.63e-08 | grad=1.49e-01 | 1.2s
[   780] loss=-0.4118 | res=5.67e-09 | grad=5.08e-01 | 1.2s
[   781] loss=-0.4858 | res=1.09e-08 | grad=5.02e-01 | 1.2s
[   782] loss=-0.4679 | res=8.00e-09 | grad=4.02e-01 | 1.2s
[   783] loss=-0.5172 | res=2.78e-08 | grad=6.69e-01 | 1.1s
[   784] loss=-0.4745 | res=1.20e-08 | grad=3.09e-01 | 1.2s
[   785] loss=-0.4382 | res=1.86e-08 | grad=3.19e-01 | 1.2s
[   786] loss=-0.4335 | res=1.48e-08 | grad=5.36e-01 | 1.2s
[   787] loss=-0.4607 | res=2.67e-08 | grad=3.34e-01 | 1.2s
[   788] loss=-0.4783 | res=1.67e-08 | grad=2.18e-01 | 1.2s
[   789] loss=-0.5057 | res=1.20e-08 | grad=3.18e-01 | 1.2s
[   790] loss=-0.4377 | res=1.63e-08 | grad=3.94e-01 | 1.2s
[   791] loss=-0.4527 | res=1.38e-08 | grad=2.67e-01 | 1.2s
[   792] loss=-0.4469 | res=4.54e-09 | grad=3.04e-01 | 1.2s
[   793] loss=-0.4918 | res=1.53e-08 | grad=4.10e-01 | 1.2s
[   794] loss=-0.4249 | res=6.33e-09 | grad=3.10e-01 | 1.2s
[   795] loss=-0.4813 | res=6.00e-09 | grad=4.24e-01 | 1.2s
[   796] loss=-0.4489 | res=1.20e-08 | grad=2.82e-01 | 1.2s
[   797] loss=-0.4568 | res=2.74e-08 | grad=1.21e-01 | 1.2s
[   798] loss=-0.4268 | res=1.81e-08 | grad=5.24e-01 | 1.2s
[   799] loss=-0.4651 | res=1.76e-08 | grad=2.77e-01 | 1.2s
[   800] loss=-0.4403 | res=1.53e-08 | grad=3.73e-01 | 1.2s
[   801] loss=-0.4349 | res=1.11e-08 | grad=1.69e-01 | 1.2s
[   802] loss=-0.4783 | res=1.65e-08 | grad=4.06e-01 | 1.2s
[   803] loss=-0.4567 | res=1.52e-08 | grad=2.61e-01 | 1.2s
[   804] loss=-0.4794 | res=3.48e-08 | grad=4.96e-01 | 1.1s
[   805] loss=-0.4995 | res=7.00e-09 | grad=3.32e-01 | 1.2s
[   806] loss=-0.4785 | res=1.32e-08 | grad=1.69e-01 | 1.2s
[   807] loss=-0.5222 | res=8.55e-09 | grad=5.14e-01 | 1.2s
[   808] loss=-0.4608 | res=2.36e-08 | grad=5.40e-01 | 1.2s
[   809] loss=-0.4740 | res=1.33e-08 | grad=4.67e-01 | 1.2s
[   810] loss=-0.4769 | res=1.52e-08 | grad=4.24e-01 | 1.1s
[   811] loss=-0.4862 | res=1.41e-08 | grad=2.77e-01 | 1.2s
[   812] loss=-0.4165 | res=1.09e-08 | grad=7.53e-01 | 1.2s
[   813] loss=-0.4190 | res=5.60e-09 | grad=5.32e-01 | 1.2s
[   814] loss=-0.4277 | res=1.58e-08 | grad=3.09e-01 | 1.1s
[   815] loss=-0.4440 | res=1.41e-08 | grad=2.72e-01 | 1.2s
[   816] loss=-0.3805 | res=9.16e-09 | grad=2.53e-01 | 1.2s
[   817] loss=-0.4690 | res=1.05e-08 | grad=1.09e+00 | 1.2s
[   818] loss=-0.5182 | res=1.56e-08 | grad=1.67e+00 | 1.2s
[   819] loss=-0.4256 | res=8.88e-09 | grad=3.14e-01 | 1.1s
[   820] loss=-0.4608 | res=1.33e-08 | grad=5.23e-01 | 1.1s
[   821] loss=-0.5144 | res=1.85e-08 | grad=5.98e-01 | 1.2s
[   822] loss=-0.4474 | res=1.51e-08 | grad=3.22e-01 | 1.2s
[   823] loss=-0.4268 | res=2.79e-08 | grad=8.76e-01 | 1.2s
[   824] loss=-0.4070 | res=1.53e-08 | grad=9.11e-01 | 1.2s
[   825] loss=-0.4351 | res=2.22e-08 | grad=8.21e-01 | 1.1s
[   826] loss=-0.4920 | res=2.42e-08 | grad=3.43e-01 | 1.2s
[   827] loss=-0.4529 | res=1.42e-08 | grad=3.39e-01 | 1.1s
[   828] loss=-0.5013 | res=8.94e-09 | grad=5.19e-01 | 1.2s
[   829] loss=-0.4607 | res=1.52e-08 | grad=1.59e-01 | 1.1s
[   830] loss=-0.5175 | res=5.20e-09 | grad=1.01e+00 | 1.2s
[   831] loss=-0.4616 | res=2.70e-08 | grad=2.22e-01 | 1.2s
[   832] loss=-0.4471 | res=1.35e-08 | grad=1.92e-01 | 1.2s
[   833] loss=-0.5019 | res=2.02e-08 | grad=3.55e-01 | 1.2s
[   834] loss=-0.4677 | res=1.94e-09 | grad=2.60e-01 | 1.2s
[   835] loss=-0.4883 | res=9.61e-09 | grad=1.76e-01 | 1.1s
[   836] loss=-0.4891 | res=1.26e-08 | grad=2.68e-01 | 1.2s
[   837] loss=-0.4646 | res=1.59e-08 | grad=4.48e-01 | 1.1s
[   838] loss=-0.4572 | res=1.60e-08 | grad=6.83e-01 | 1.2s
[   839] loss=-0.4081 | res=1.55e-08 | grad=8.77e-01 | 1.2s
[   840] loss=-0.3991 | res=3.46e-09 | grad=6.49e-01 | 1.2s
[   841] loss=-0.4249 | res=1.76e-08 | grad=2.22e-01 | 1.1s
[   842] loss=-0.5047 | res=1.43e-08 | grad=1.22e+00 | 1.1s
[   843] loss=-0.4574 | res=1.16e-08 | grad=8.95e-01 | 1.2s
[   844] loss=-0.4900 | res=1.26e-08 | grad=1.08e+00 | 1.1s
[   845] loss=-0.4740 | res=2.17e-08 | grad=4.37e-01 | 1.1s
[   846] loss=-0.4591 | res=1.89e-08 | grad=2.84e-01 | 1.1s
[   847] loss=-0.5263 | res=1.05e-08 | grad=5.39e-01 | 1.2s
[   848] loss=-0.5015 | res=1.16e-08 | grad=4.90e-01 | 1.1s
[   849] loss=-0.4357 | res=5.72e-09 | grad=1.18e+00 | 1.2s
[   850] loss=-0.4296 | res=1.12e-08 | grad=1.07e+00 | 1.2s
[   851] loss=-0.4583 | res=2.03e-08 | grad=8.24e-01 | 1.2s
[   852] loss=-0.4954 | res=1.88e-08 | grad=2.73e-01 | 1.1s
[   853] loss=-0.4661 | res=1.03e-08 | grad=2.18e-01 | 1.2s
[   854] loss=-0.4953 | res=1.76e-08 | grad=4.68e-01 | 1.1s
[   855] loss=-0.4487 | res=1.51e-08 | grad=1.61e-01 | 1.2s
[   856] loss=-0.4370 | res=7.98e-09 | grad=2.61e-01 | 1.1s
[   857] loss=-0.4940 | res=6.41e-09 | grad=9.38e-01 | 1.2s
[   858] loss=-0.4688 | res=1.46e-08 | grad=5.25e-01 | 1.1s
[   859] loss=-0.3981 | res=3.40e-09 | grad=4.69e-01 | 1.1s
[   860] loss=-0.4611 | res=1.56e-08 | grad=2.67e-01 | 1.1s
[   861] loss=-0.4124 | res=2.67e-08 | grad=6.08e-01 | 1.2s
[   862] loss=-0.4628 | res=1.65e-08 | grad=1.71e-01 | 1.2s
[   863] loss=-0.4378 | res=1.08e-08 | grad=1.62e-01 | 1.2s
[   864] loss=-0.4647 | res=7.28e-09 | grad=1.79e-01 | 1.2s
[   865] loss=-0.4513 | res=9.61e-09 | grad=1.83e-01 | 1.2s
[   866] loss=-0.3694 | res=1.74e-07 | grad=7.91e-01 | 1.1s
[   867] loss=-0.4805 | res=1.62e-08 | grad=4.07e-01 | 1.1s
[   868] loss=-0.4652 | res=6.38e-09 | grad=3.14e-01 | 1.2s
[   869] loss=-0.4606 | res=1.44e-08 | grad=3.18e-01 | 1.1s
[   870] loss=-0.4878 | res=1.37e-08 | grad=5.72e-01 | 1.1s
[   871] loss=-0.4494 | res=6.88e-09 | grad=2.77e-01 | 1.1s
[   872] loss=-0.4464 | res=8.85e-09 | grad=2.43e-01 | 1.1s
[   873] loss=-0.4614 | res=5.69e-09 | grad=2.92e-01 | 1.1s
[   874] loss=-0.4352 | res=1.04e-08 | grad=5.39e-01 | 1.1s
[   875] loss=-0.4260 | res=7.62e-09 | grad=5.18e-01 | 1.2s
[   876] loss=-0.4508 | res=1.27e-08 | grad=4.40e-01 | 1.2s
[   877] loss=-0.4463 | res=5.98e-09 | grad=2.56e-01 | 1.2s
[   878] loss=-0.4513 | res=4.60e-09 | grad=2.12e-01 | 1.2s
[   879] loss=-0.5156 | res=2.11e-08 | grad=8.30e-01 | 1.2s
[   880] loss=-0.4565 | res=9.58e-09 | grad=2.52e-01 | 1.2s
[   881] loss=-0.4218 | res=1.29e-08 | grad=2.72e-01 | 1.2s
[   882] loss=-0.4621 | res=1.63e-08 | grad=3.88e-01 | 1.2s
[   883] loss=-0.5001 | res=1.54e-08 | grad=3.55e-01 | 1.1s
[   884] loss=-0.4739 | res=1.28e-08 | grad=1.70e-01 | 1.2s
[   885] loss=-0.4596 | res=1.24e-08 | grad=2.85e-01 | 1.1s
[   886] loss=-0.4407 | res=5.80e-09 | grad=3.89e-01 | 1.2s
[   887] loss=-0.4705 | res=1.31e-08 | grad=2.21e-01 | 1.1s
[   888] loss=-0.4828 | res=8.53e-09 | grad=2.92e-01 | 1.1s
[   889] loss=-0.4994 | res=1.57e-08 | grad=4.63e-01 | 1.2s
[   890] loss=-0.5031 | res=1.02e-08 | grad=2.45e-01 | 1.1s
[   891] loss=-0.4471 | res=3.34e-08 | grad=5.31e-01 | 1.2s
[   892] loss=-0.4757 | res=1.78e-08 | grad=3.10e-01 | 1.1s
[   893] loss=-0.4535 | res=1.21e-08 | grad=1.85e-01 | 1.2s
[   894] loss=-0.4257 | res=1.36e-08 | grad=4.59e-01 | 1.1s
[   895] loss=-0.4612 | res=1.73e-08 | grad=2.34e-01 | 1.2s
[   896] loss=-0.4192 | res=1.43e-08 | grad=3.83e-01 | 1.1s
[   897] loss=-0.4706 | res=1.02e-08 | grad=3.03e-01 | 1.1s
[   898] loss=-0.4922 | res=1.79e-08 | grad=7.27e-01 | 1.2s
[   899] loss=-0.4803 | res=7.16e-09 | grad=7.20e-01 | 1.1s
[   900] loss=-0.4828 | res=1.92e-08 | grad=5.89e-01 | 1.2s
[   901] loss=-0.4573 | res=1.16e-08 | grad=2.23e-01 | 1.2s
[   902] loss=-0.4722 | res=1.52e-08 | grad=2.10e-01 | 1.1s
[   903] loss=-0.4433 | res=1.28e-08 | grad=4.48e-01 | 1.1s
[   904] loss=-0.4136 | res=1.91e-06 | grad=1.01e+00 | 1.1s
[   905] loss=-0.4645 | res=1.23e-08 | grad=2.86e-01 | 1.1s
[   906] loss=-0.4494 | res=1.88e-08 | grad=3.64e-01 | 1.1s
[   907] loss=-0.4695 | res=2.21e-08 | grad=2.52e-01 | 1.1s
[   908] loss=-0.4765 | res=1.06e-08 | grad=3.20e-01 | 1.1s
[   909] loss=-0.4492 | res=1.52e-08 | grad=2.21e-01 | 1.2s
[   910] loss=-0.4220 | res=1.08e-08 | grad=2.48e-01 | 1.1s
[   911] loss=-0.5025 | res=1.64e-08 | grad=6.55e-01 | 1.2s
[   912] loss=-0.4591 | res=1.18e-08 | grad=2.10e-01 | 1.1s
[   913] loss=-0.4112 | res=1.18e-08 | grad=6.16e-01 | 1.2s
[   914] loss=-0.4622 | res=2.20e-08 | grad=1.83e-01 | 1.1s
[   915] loss=-0.4133 | res=6.81e-09 | grad=3.34e-01 | 1.2s
[   916] loss=-0.4692 | res=2.52e-08 | grad=2.20e-01 | 1.2s
[   917] loss=-0.4781 | res=1.88e-08 | grad=5.36e-01 | 1.2s
[   918] loss=-0.4738 | res=1.07e-08 | grad=2.91e-01 | 1.1s
[   919] loss=-0.4292 | res=1.58e-08 | grad=5.20e-01 | 1.2s
[   920] loss=-0.4792 | res=9.53e-09 | grad=1.81e-01 | 1.1s
[   921] loss=-0.4493 | res=2.23e-08 | grad=2.50e-01 | 1.1s
[   922] loss=-0.4663 | res=1.56e-08 | grad=2.05e-01 | 1.1s
[   923] loss=-0.4315 | res=8.86e-09 | grad=3.27e-01 | 1.2s
[   924] loss=-0.4462 | res=1.49e-08 | grad=1.97e-01 | 1.2s
[   925] loss=-0.4301 | res=1.95e-08 | grad=3.24e-01 | 1.1s
[   926] loss=-0.4598 | res=1.39e-08 | grad=2.66e-01 | 1.2s
[   927] loss=-0.4651 | res=1.59e-08 | grad=3.50e-01 | 1.2s
[   928] loss=-0.4842 | res=1.75e-08 | grad=4.80e-01 | 1.1s
[   929] loss=-0.4241 | res=1.72e-08 | grad=3.27e-01 | 1.1s
[   930] loss=-0.4855 | res=1.59e-08 | grad=2.08e-01 | 1.1s
[   931] loss=-0.4562 | res=1.12e-08 | grad=1.87e-01 | 1.1s
[   932] loss=-0.4348 | res=5.78e-09 | grad=2.81e-01 | 1.2s
[   933] loss=-0.4755 | res=1.14e-08 | grad=2.65e-01 | 1.2s
[   934] loss=-0.4686 | res=9.69e-09 | grad=1.37e-01 | 1.1s
[   935] loss=-0.4461 | res=2.67e-08 | grad=3.77e-01 | 1.1s
[   936] loss=-0.5287 | res=9.42e-09 | grad=8.49e-01 | 1.1s
[   937] loss=-0.4553 | res=1.03e-08 | grad=4.21e-01 | 1.2s
[   938] loss=-0.4726 | res=9.97e-09 | grad=4.96e-01 | 1.1s
[   939] loss=-0.4394 | res=1.33e-08 | grad=5.17e-01 | 1.1s
[   940] loss=-0.4264 | res=8.03e-09 | grad=5.40e-01 | 1.2s
[   941] loss=-0.4585 | res=3.22e-08 | grad=2.66e-01 | 1.2s
[   942] loss=-0.4530 | res=1.09e-08 | grad=1.63e-01 | 1.2s
[   943] loss=-0.4688 | res=8.40e-09 | grad=4.42e-01 | 1.2s
[   944] loss=-0.4377 | res=7.23e-09 | grad=2.07e-01 | 1.1s
[   945] loss=-0.4763 | res=1.55e-08 | grad=5.11e-01 | 1.1s
[   946] loss=-0.4684 | res=1.06e-08 | grad=5.63e-01 | 1.1s
[   947] loss=-0.4606 | res=2.24e-08 | grad=2.57e-01 | 1.1s
[   948] loss=-0.4757 | res=1.48e-08 | grad=2.40e-01 | 1.1s
[   949] loss=-0.4557 | res=7.22e-09 | grad=2.91e-01 | 1.1s
[   950] loss=-0.4728 | res=1.77e-08 | grad=1.62e-01 | 1.1s
[   951] loss=-0.4549 | res=5.15e-09 | grad=3.27e-01 | 1.1s
[   952] loss=-0.4656 | res=3.08e-09 | grad=3.43e-01 | 1.1s
[   953] loss=-0.4654 | res=1.00e-08 | grad=2.97e-01 | 1.2s
[   954] loss=-0.4479 | res=1.28e-08 | grad=3.10e-01 | 1.2s
[   955] loss=-0.4302 | res=1.35e-08 | grad=3.19e-01 | 1.1s
[   956] loss=-0.4405 | res=5.20e-09 | grad=1.56e-01 | 1.1s
[   957] loss=-0.4447 | res=1.62e-08 | grad=2.08e-01 | 1.2s
[   958] loss=-0.4293 | res=1.63e-08 | grad=2.25e-01 | 1.2s
[   959] loss=-0.4542 | res=1.66e-08 | grad=5.95e-01 | 1.1s
[   960] loss=-0.4587 | res=7.44e-09 | grad=3.52e-01 | 1.2s
[   961] loss=-0.4704 | res=3.54e-09 | grad=6.38e-01 | 1.2s
[   962] loss=-0.4612 | res=2.13e-08 | grad=2.81e-01 | 1.1s
[   963] loss=-0.4574 | res=1.71e-08 | grad=1.72e-01 | 1.1s
[   964] loss=-0.5042 | res=4.15e-09 | grad=4.87e-01 | 1.2s
[   965] loss=-0.5239 | res=9.01e-09 | grad=3.30e-01 | 1.2s
[   966] loss=-0.4244 | res=2.45e-08 | grad=1.19e+00 | 1.1s
[   967] loss=-0.4353 | res=1.57e-08 | grad=8.61e-01 | 1.2s
[   968] loss=-0.4149 | res=7.96e-09 | grad=6.68e-01 | 1.2s
[   969] loss=-0.4814 | res=2.21e-08 | grad=1.86e-01 | 1.1s
[   970] loss=-0.4673 | res=2.36e-06 | grad=2.06e-01 | 1.2s
[   971] loss=-0.4205 | res=1.03e-08 | grad=3.09e-01 | 1.1s
[   972] loss=-0.4401 | res=4.51e-09 | grad=3.34e-01 | 1.1s
[   973] loss=-0.4376 | res=1.51e-08 | grad=5.39e-01 | 1.1s
[   974] loss=-0.4532 | res=1.32e-08 | grad=6.10e-01 | 1.2s
[   975] loss=-0.4600 | res=2.94e-08 | grad=4.51e-01 | 1.1s
[   976] loss=-0.5074 | res=1.03e-08 | grad=1.09e+00 | 1.1s
[   977] loss=-0.4604 | res=2.67e-08 | grad=2.76e-01 | 1.1s
[   978] loss=-0.4053 | res=2.86e-08 | grad=5.35e-01 | 1.1s
[   979] loss=-0.4416 | res=7.92e-09 | grad=5.66e-01 | 1.1s
[   980] loss=-0.4227 | res=1.67e-09 | grad=5.72e-01 | 1.1s
[   981] loss=-0.4895 | res=1.83e-08 | grad=1.68e-01 | 1.1s
[   982] loss=-0.4546 | res=1.35e-08 | grad=4.77e-01 | 1.2s
[   983] loss=-0.5019 | res=1.38e-08 | grad=2.70e-01 | 1.2s
[   984] loss=-0.4700 | res=1.95e-08 | grad=2.91e-01 | 1.2s
[   985] loss=-0.4707 | res=9.33e-09 | grad=2.28e-01 | 1.2s
[   986] loss=-0.4483 | res=1.70e-08 | grad=1.45e-01 | 1.1s
[   987] loss=-0.4756 | res=1.02e-08 | grad=3.47e-01 | 1.1s
[   988] loss=-0.4912 | res=2.80e-08 | grad=4.13e-01 | 1.1s
[   989] loss=-0.4804 | res=1.04e-08 | grad=3.01e-01 | 1.2s
[   990] loss=-0.4122 | res=2.66e-08 | grad=6.37e-01 | 1.1s
[   991] loss=-0.4522 | res=2.29e-08 | grad=1.92e-01 | 1.1s
[   992] loss=-0.5040 | res=7.85e-09 | grad=6.02e-01 | 1.2s
[   993] loss=-0.5070 | res=3.45e-09 | grad=5.07e-01 | 1.1s
[   994] loss=-0.4584 | res=1.53e-08 | grad=2.09e-01 | 1.1s
[   995] loss=-0.4829 | res=2.05e-08 | grad=1.60e-01 | 1.1s
[   996] loss=-0.4868 | res=1.56e-08 | grad=2.55e-01 | 1.1s
[   997] loss=-0.4440 | res=8.97e-09 | grad=3.89e-01 | 1.1s
[   998] loss=-0.4353 | res=9.27e-09 | grad=6.62e-01 | 1.1s
[   999] loss=-0.5043 | res=5.85e-09 | grad=1.53e-01 | 1.1s
[  1000] loss=-0.4522 | res=1.81e-08 | grad=3.73e-01 | 1.1s
  KL = 0.0084 +/- 0.0006  |  ESS = 1003.5 (ratio: 0.980)
  Runtime = 1155.5s

[Ours] Training on S6...
/home/sjbhatt/anaconda3/envs/rcpms-jax/lib/python3.10/site-packages/jax/_src/ops/scatter.py:92: FutureWarning: scatter inputs have incompatible types: cannot safely cast value from dtype=int64 to dtype=int32 with jax_numpy_dtype_promotion='standard'. In future JAX releases this will result in an error.
  warnings.warn(
/home/sjbhatt/anaconda3/envs/rcpms-jax/lib/python3.10/site-packages/jax/_src/ops/scatter.py:92: FutureWarning: scatter inputs have incompatible types: cannot safely cast value from dtype=int64 to dtype=int32 with jax_numpy_dtype_promotion='standard'. In future JAX releases this will result in an error.
  warnings.warn(
[     1] loss=-0.0088 | res=7.82e-09 | grad=5.08e+00 | 6.2s
[     2] loss=-0.0876 | res=2.98e-08 | grad=3.82e+00 | 1.2s
[     3] loss=-0.1793 | res=2.77e-08 | grad=3.62e+00 | 1.2s
[     4] loss=-0.2466 | res=3.83e-08 | grad=2.96e+00 | 1.2s
[     5] loss=-0.3255 | res=3.31e-08 | grad=2.61e+00 | 1.2s
[     6] loss=-0.3435 | res=3.12e-08 | grad=1.61e+00 | 1.2s
[     7] loss=-0.4135 | res=4.60e-08 | grad=1.15e+00 | 1.2s
[     8] loss=-0.3729 | res=5.50e-08 | grad=8.64e-01 | 1.2s
[     9] loss=-0.3614 | res=1.33e-05 | grad=1.18e+00 | 1.2s
[    10] loss=-0.4392 | res=4.94e-08 | grad=1.17e+00 | 1.2s
[    11] loss=-0.3722 | res=1.08e-06 | grad=1.71e+00 | 1.2s
[    12] loss=-0.3671 | res=7.01e-08 | grad=1.81e+00 | 1.2s
[    13] loss=-0.3788 | res=7.24e-08 | grad=1.83e+00 | 1.2s
[    14] loss=-0.3901 | res=5.44e-08 | grad=1.45e+00 | 1.2s
[    15] loss=-0.3469 | res=4.64e-08 | grad=1.56e+00 | 1.2s
[    16] loss=-0.4083 | res=4.16e-08 | grad=9.09e-01 | 1.2s
[    17] loss=-0.3956 | res=5.89e-08 | grad=8.27e-01 | 1.2s
[    18] loss=-0.3871 | res=1.04e-05 | grad=7.60e-01 | 1.2s
[    19] loss=-0.4061 | res=2.61e-08 | grad=7.57e-01 | 1.2s
[    20] loss=-0.3606 | res=4.54e-08 | grad=4.76e-01 | 1.2s
[    21] loss=-0.3788 | res=2.82e-08 | grad=7.31e-01 | 1.2s
[    22] loss=-0.3989 | res=3.42e-08 | grad=8.88e-01 | 1.2s
[    23] loss=-0.3938 | res=4.79e-08 | grad=7.48e-01 | 1.2s
[    24] loss=-0.3791 | res=3.63e-08 | grad=9.45e-01 | 1.2s
[    25] loss=-0.4003 | res=2.95e-08 | grad=1.06e+00 | 1.2s
[    26] loss=-0.4031 | res=2.70e-08 | grad=8.76e-01 | 1.2s
[    27] loss=-0.3735 | res=3.08e-08 | grad=6.32e-01 | 1.2s
[    28] loss=-0.3713 | res=2.98e-08 | grad=4.88e-01 | 1.2s
[    29] loss=-0.3657 | res=3.32e-08 | grad=8.52e-01 | 1.2s
[    30] loss=-0.3843 | res=1.66e-08 | grad=6.44e-01 | 1.2s
[    31] loss=-0.4031 | res=3.13e-08 | grad=4.36e-01 | 1.2s
[    32] loss=-0.3700 | res=3.62e-08 | grad=1.22e+00 | 1.2s
[    33] loss=-0.3932 | res=4.17e-08 | grad=8.86e-01 | 1.2s
[    34] loss=-0.3871 | res=3.88e-08 | grad=5.76e-01 | 1.2s
[    35] loss=-0.3746 | res=3.91e-08 | grad=7.10e-01 | 1.2s
[    36] loss=-0.4013 | res=2.64e-08 | grad=4.88e-01 | 1.2s
[    37] loss=-0.3647 | res=2.50e-08 | grad=1.01e+00 | 1.2s
[    38] loss=-0.3974 | res=3.71e-08 | grad=9.05e-01 | 1.2s
[    39] loss=-0.4187 | res=4.64e-08 | grad=4.68e-01 | 1.2s
[    40] loss=-0.4001 | res=3.20e-08 | grad=8.99e-01 | 1.2s
[    41] loss=-0.3895 | res=3.95e-08 | grad=6.86e-01 | 1.2s
[    42] loss=-0.4112 | res=3.73e-08 | grad=4.76e-01 | 1.2s
[    43] loss=-0.3702 | res=3.28e-08 | grad=5.03e-01 | 1.2s
[    44] loss=-0.4198 | res=2.51e-08 | grad=4.52e-01 | 1.2s
[    45] loss=-0.4163 | res=3.35e-08 | grad=6.58e-01 | 1.2s
[    46] loss=-0.4241 | res=2.55e-08 | grad=4.93e-01 | 1.2s
[    47] loss=-0.3814 | res=2.73e-08 | grad=6.89e-01 | 1.2s
[    48] loss=-0.3583 | res=2.18e-08 | grad=7.34e-01 | 1.2s
[    49] loss=-0.4060 | res=2.79e-08 | grad=4.94e-01 | 1.2s
[    50] loss=-0.3793 | res=1.59e-08 | grad=4.30e-01 | 1.2s
[    51] loss=-0.3357 | res=3.65e-08 | grad=8.42e-01 | 1.2s
[    52] loss=-0.3868 | res=2.68e-08 | grad=6.80e-01 | 1.2s
[    53] loss=-0.3941 | res=3.27e-08 | grad=4.66e-01 | 1.2s
[    54] loss=-0.3940 | res=4.00e-08 | grad=4.08e-01 | 1.2s
[    55] loss=-0.3872 | res=2.78e-08 | grad=5.00e-01 | 1.2s
[    56] loss=-0.4147 | res=2.81e-08 | grad=4.54e-01 | 1.2s
[    57] loss=-0.3969 | res=3.81e-08 | grad=7.86e-01 | 1.2s
[    58] loss=-0.4037 | res=1.93e-08 | grad=3.35e-01 | 1.2s
[    59] loss=-0.4266 | res=2.28e-08 | grad=4.08e-01 | 1.2s
[    60] loss=-0.4131 | res=3.16e-08 | grad=5.70e-01 | 1.2s
[    61] loss=-0.3895 | res=2.47e-07 | grad=6.25e-01 | 1.2s
[    62] loss=-0.4142 | res=1.73e-08 | grad=5.97e-01 | 1.2s
[    63] loss=-0.4166 | res=3.13e-08 | grad=6.85e-01 | 1.2s
[    64] loss=-0.4061 | res=2.61e-08 | grad=4.19e-01 | 1.2s
[    65] loss=-0.4054 | res=2.36e-08 | grad=3.58e-01 | 1.2s
[    66] loss=-0.4331 | res=9.63e-09 | grad=7.59e-01 | 1.2s
[    67] loss=-0.4137 | res=1.78e-08 | grad=6.27e-01 | 1.2s
[    68] loss=-0.4310 | res=2.39e-08 | grad=5.63e-01 | 1.2s
[    69] loss=-0.3869 | res=2.32e-08 | grad=8.53e-01 | 1.2s
[    70] loss=-0.4123 | res=3.30e-08 | grad=6.65e-01 | 1.2s
[    71] loss=-0.3435 | res=2.70e-08 | grad=9.14e-01 | 1.2s
[    72] loss=-0.4425 | res=1.26e-08 | grad=5.65e-01 | 1.2s
[    73] loss=-0.4046 | res=1.45e-06 | grad=4.64e-01 | 1.2s
[    74] loss=-0.4490 | res=2.62e-08 | grad=6.26e-01 | 1.2s
[    75] loss=-0.3368 | res=3.46e-08 | grad=8.00e-01 | 1.2s
[    76] loss=-0.3643 | res=3.42e-08 | grad=5.37e-01 | 1.2s
[    77] loss=-0.3632 | res=3.71e-08 | grad=8.56e-01 | 1.2s
[    78] loss=-0.3622 | res=2.61e-08 | grad=5.30e-01 | 1.2s
[    79] loss=-0.3702 | res=2.63e-08 | grad=5.61e-01 | 1.2s
[    80] loss=-0.4096 | res=3.02e-08 | grad=6.37e-01 | 1.2s
[    81] loss=-0.3897 | res=2.94e-06 | grad=6.71e-01 | 1.2s
[    82] loss=-0.3683 | res=1.70e-08 | grad=4.35e-01 | 1.2s
[    83] loss=-0.3603 | res=4.03e-08 | grad=2.82e-01 | 1.2s
[    84] loss=-0.4018 | res=2.51e-09 | grad=5.90e-01 | 1.2s
[    85] loss=-0.3924 | res=2.86e-08 | grad=4.71e-01 | 1.2s
[    86] loss=-0.3658 | res=2.51e-08 | grad=3.61e-01 | 1.2s
[    87] loss=-0.4015 | res=1.82e-08 | grad=5.27e-01 | 1.2s
[    88] loss=-0.3848 | res=3.55e-08 | grad=1.05e+00 | 1.2s
[    89] loss=-0.3767 | res=2.70e-08 | grad=6.60e-01 | 1.2s
[    90] loss=-0.3952 | res=1.88e-08 | grad=5.49e-01 | 1.2s
[    91] loss=-0.3884 | res=1.92e-08 | grad=3.63e-01 | 1.2s
[    92] loss=-0.3732 | res=1.67e-08 | grad=4.25e-01 | 1.2s
[    93] loss=-0.3514 | res=1.65e-07 | grad=7.83e-01 | 1.2s
[    94] loss=-0.3669 | res=1.63e-08 | grad=9.25e-01 | 1.2s
[    95] loss=-0.4029 | res=1.99e-08 | grad=7.83e-01 | 1.2s
[    96] loss=-0.4058 | res=2.34e-08 | grad=5.23e-01 | 1.2s
[    97] loss=-0.3749 | res=1.81e-08 | grad=4.95e-01 | 1.2s
[    98] loss=-0.4087 | res=2.78e-08 | grad=6.03e-01 | 1.2s
[    99] loss=-0.3753 | res=1.75e-08 | grad=5.26e-01 | 1.2s
[   100] loss=-0.3555 | res=3.39e-08 | grad=8.82e-01 | 1.2s
[   101] loss=-0.3411 | res=3.95e-08 | grad=8.14e-01 | 1.2s
[   102] loss=-0.3618 | res=1.29e-08 | grad=5.63e-01 | 1.2s
[   103] loss=-0.3664 | res=2.87e-08 | grad=6.03e-01 | 1.2s
[   104] loss=-0.3694 | res=3.35e-08 | grad=7.77e-01 | 1.2s
[   105] loss=-0.3292 | res=3.55e-08 | grad=4.16e-01 | 1.2s
[   106] loss=-0.3801 | res=2.73e-08 | grad=7.49e-01 | 1.2s
[   107] loss=-0.3811 | res=2.70e-08 | grad=8.21e-01 | 1.2s
[   108] loss=-0.3907 | res=2.36e-08 | grad=1.21e+00 | 1.2s
[   109] loss=-0.3680 | res=3.63e-08 | grad=3.75e-01 | 1.2s
[   110] loss=-0.4447 | res=3.12e-08 | grad=6.49e-01 | 1.2s
[   111] loss=-0.3834 | res=2.98e-08 | grad=4.09e-01 | 1.2s
[   112] loss=-0.4095 | res=2.89e-08 | grad=7.46e-01 | 1.2s
[   113] loss=-0.3921 | res=1.17e-08 | grad=3.11e-01 | 1.2s
[   114] loss=-0.4417 | res=2.21e-08 | grad=5.12e-01 | 1.2s
[   115] loss=-0.4032 | res=3.25e-08 | grad=4.22e-01 | 1.2s
[   116] loss=-0.3618 | res=2.58e-08 | grad=8.36e-01 | 1.2s
[   117] loss=-0.3784 | res=3.03e-08 | grad=6.89e-01 | 1.2s
[   118] loss=-0.4165 | res=2.18e-08 | grad=4.22e-01 | 1.2s
[   119] loss=-0.3961 | res=2.72e-08 | grad=4.03e-01 | 1.2s
[   120] loss=-0.4248 | res=2.34e-08 | grad=5.33e-01 | 1.2s
[   121] loss=-0.3668 | res=2.61e-08 | grad=4.41e-01 | 1.2s
[   122] loss=-0.3682 | res=2.61e-08 | grad=4.39e-01 | 1.2s
[   123] loss=-0.4486 | res=2.83e-08 | grad=5.97e-01 | 1.2s
[   124] loss=-0.4143 | res=2.51e-08 | grad=3.56e-01 | 1.2s
[   125] loss=-0.3893 | res=7.93e-09 | grad=6.63e-01 | 1.2s
[   126] loss=-0.4120 | res=1.46e-08 | grad=8.36e-01 | 1.2s
[   127] loss=-0.3729 | res=2.53e-08 | grad=4.35e-01 | 1.2s
[   128] loss=-0.3883 | res=1.86e-08 | grad=3.80e-01 | 1.2s
[   129] loss=-0.4078 | res=2.40e-08 | grad=4.80e-01 | 1.2s
[   130] loss=-0.4108 | res=2.77e-08 | grad=6.96e-01 | 1.2s
[   131] loss=-0.4142 | res=3.12e-08 | grad=3.06e-01 | 1.2s
[   132] loss=-0.4134 | res=1.76e-08 | grad=6.90e-01 | 1.2s
[   133] loss=-0.4023 | res=2.48e-08 | grad=3.55e-01 | 1.2s
[   134] loss=-0.3760 | res=4.42e-08 | grad=7.52e-01 | 1.2s
[   135] loss=-0.3825 | res=2.50e-08 | grad=4.91e-01 | 1.2s
[   136] loss=-0.3541 | res=1.12e-08 | grad=6.18e-01 | 1.2s
[   137] loss=-0.4126 | res=1.47e-08 | grad=3.56e-01 | 1.2s
[   138] loss=-0.3974 | res=2.60e-08 | grad=4.96e-01 | 1.2s
[   139] loss=-0.4220 | res=1.40e-08 | grad=4.61e-01 | 1.2s
[   140] loss=-0.3779 | res=1.98e-08 | grad=4.82e-01 | 1.2s
[   141] loss=-0.3625 | res=2.46e-08 | grad=4.57e-01 | 1.2s
[   142] loss=-0.3992 | res=2.08e-08 | grad=2.95e-01 | 1.2s
[   143] loss=-0.3899 | res=1.92e-08 | grad=6.19e-01 | 1.2s
[   144] loss=-0.3758 | res=1.38e-08 | grad=4.78e-01 | 1.2s
[   145] loss=-0.3910 | res=1.84e-08 | grad=3.71e-01 | 1.2s
[   146] loss=-0.4084 | res=1.89e-08 | grad=6.39e-01 | 1.2s
[   147] loss=-0.3764 | res=2.43e-08 | grad=5.22e-01 | 1.2s
[   148] loss=-0.3285 | res=2.04e-08 | grad=7.44e-01 | 1.2s
[   149] loss=-0.4092 | res=1.82e-08 | grad=3.80e-01 | 1.2s
[   150] loss=-0.3757 | res=2.75e-08 | grad=3.78e-01 | 1.2s
[   151] loss=-0.4382 | res=3.05e-08 | grad=5.08e-01 | 1.2s
[   152] loss=-0.3950 | res=1.74e-08 | grad=3.44e-01 | 1.2s
[   153] loss=-0.4098 | res=1.64e-08 | grad=4.56e-01 | 1.2s
[   154] loss=-0.3712 | res=3.61e-08 | grad=7.16e-01 | 1.2s
[   155] loss=-0.3898 | res=2.52e-08 | grad=7.13e-01 | 1.2s
[   156] loss=-0.3766 | res=3.68e-08 | grad=3.66e-01 | 1.2s
[   157] loss=-0.3552 | res=1.45e-08 | grad=4.80e-01 | 1.2s
[   158] loss=-0.3796 | res=3.18e-08 | grad=6.67e-01 | 1.2s
[   159] loss=-0.3944 | res=1.08e-08 | grad=7.09e-01 | 1.2s
[   160] loss=-0.3812 | res=3.06e-08 | grad=4.27e-01 | 1.2s
[   161] loss=-0.3829 | res=2.64e-08 | grad=4.56e-01 | 1.2s
[   162] loss=-0.4202 | res=2.55e-08 | grad=6.10e-01 | 1.2s
[   163] loss=-0.3482 | res=2.74e-08 | grad=7.13e-01 | 1.2s
[   164] loss=-0.3695 | res=1.67e-08 | grad=7.03e-01 | 1.2s
[   165] loss=-0.3885 | res=2.01e-08 | grad=4.98e-01 | 1.2s
[   166] loss=-0.4199 | res=2.78e-08 | grad=7.95e-01 | 1.2s
[   167] loss=-0.4017 | res=2.59e-08 | grad=5.26e-01 | 1.2s
[   168] loss=-0.3695 | res=2.26e-08 | grad=3.92e-01 | 1.2s
[   169] loss=-0.3644 | res=2.44e-08 | grad=4.63e-01 | 1.2s
[   170] loss=-0.4070 | res=1.51e-08 | grad=6.64e-01 | 1.2s
[   171] loss=-0.4266 | res=3.06e-08 | grad=5.17e-01 | 1.2s
[   172] loss=-0.4142 | res=3.61e-08 | grad=6.45e-01 | 1.2s
[   173] loss=-0.4376 | res=2.74e-08 | grad=8.18e-01 | 1.2s
[   174] loss=-0.4127 | res=1.46e-08 | grad=3.78e-01 | 1.2s
[   175] loss=-0.4108 | res=1.88e-08 | grad=5.76e-01 | 1.2s
[   176] loss=-0.4298 | res=3.95e-08 | grad=2.83e-01 | 1.2s
[   177] loss=-0.4116 | res=2.28e-08 | grad=4.76e-01 | 1.2s
[   178] loss=-0.4100 | res=2.26e-06 | grad=5.08e-01 | 1.2s
[   179] loss=-0.4124 | res=4.27e-08 | grad=4.19e-01 | 1.2s
[   180] loss=-0.4183 | res=1.78e-08 | grad=6.85e-01 | 1.2s
[   181] loss=-0.4188 | res=2.82e-08 | grad=7.25e-01 | 1.2s
[   182] loss=-0.3627 | res=2.36e-08 | grad=7.02e-01 | 1.2s
[   183] loss=-0.4100 | res=3.32e-08 | grad=5.78e-01 | 1.2s
[   184] loss=-0.3950 | res=3.23e-08 | grad=4.56e-01 | 1.2s
[   185] loss=-0.4044 | res=1.78e-08 | grad=3.67e-01 | 1.2s
[   186] loss=-0.4461 | res=1.90e-08 | grad=7.46e-01 | 1.2s
[   187] loss=-0.3942 | res=1.50e-08 | grad=5.99e-01 | 1.2s
[   188] loss=-0.3957 | res=2.62e-08 | grad=8.06e-01 | 1.2s
[   189] loss=-0.3701 | res=2.28e-08 | grad=4.83e-01 | 1.2s
[   190] loss=-0.4071 | res=2.44e-08 | grad=4.64e-01 | 1.2s
[   191] loss=-0.3864 | res=3.56e-08 | grad=4.57e-01 | 1.2s
[   192] loss=-0.4184 | res=2.25e-08 | grad=3.88e-01 | 1.2s
[   193] loss=-0.4038 | res=2.20e-06 | grad=5.45e-01 | 1.2s
[   194] loss=-0.3901 | res=1.90e-08 | grad=3.50e-01 | 1.2s
[   195] loss=-0.3580 | res=3.39e-08 | grad=5.51e-01 | 1.2s
[   196] loss=-0.3900 | res=5.41e-09 | grad=4.39e-01 | 1.2s
[   197] loss=-0.3903 | res=2.10e-08 | grad=4.91e-01 | 1.2s
[   198] loss=-0.3995 | res=2.39e-05 | grad=9.29e-01 | 1.2s
[   199] loss=-0.3996 | res=1.77e-08 | grad=4.82e-01 | 1.2s
[   200] loss=-0.3527 | res=4.13e-08 | grad=7.02e-01 | 1.2s
[   201] loss=-0.4248 | res=1.24e-08 | grad=6.16e-01 | 1.2s
[   202] loss=-0.4431 | res=2.83e-08 | grad=8.04e-01 | 1.2s
[   203] loss=-0.3803 | res=2.04e-08 | grad=3.96e-01 | 1.2s
[   204] loss=-0.4288 | res=1.61e-08 | grad=3.57e-01 | 1.2s
[   205] loss=-0.4156 | res=2.23e-08 | grad=5.14e-01 | 1.2s
[   206] loss=-0.3922 | res=1.76e-08 | grad=4.88e-01 | 1.2s
[   207] loss=-0.3876 | res=2.10e-08 | grad=4.47e-01 | 1.2s
[   208] loss=-0.3892 | res=3.44e-08 | grad=5.68e-01 | 1.2s
[   209] loss=-0.4222 | res=2.88e-08 | grad=4.35e-01 | 1.2s
[   210] loss=-0.3811 | res=1.97e-08 | grad=6.04e-01 | 1.2s
[   211] loss=-0.4210 | res=3.17e-08 | grad=2.74e-01 | 1.2s
[   212] loss=-0.3433 | res=4.81e-08 | grad=7.80e-01 | 1.2s
[   213] loss=-0.4392 | res=9.35e-09 | grad=6.17e-01 | 1.2s
[   214] loss=-0.3892 | res=1.91e-08 | grad=3.39e-01 | 1.2s
[   215] loss=-0.3859 | res=3.37e-08 | grad=3.72e-01 | 1.2s
[   216] loss=-0.3794 | res=1.46e-08 | grad=3.00e-01 | 1.2s
[   217] loss=-0.3902 | res=2.40e-08 | grad=4.55e-01 | 1.2s
[   218] loss=-0.3972 | res=1.51e-08 | grad=4.17e-01 | 1.2s
[   219] loss=-0.4099 | res=3.44e-08 | grad=6.73e-01 | 1.2s
[   220] loss=-0.4180 | res=3.00e-08 | grad=6.04e-01 | 1.2s
[   221] loss=-0.4166 | res=3.32e-08 | grad=5.27e-01 | 1.2s
[   222] loss=-0.3807 | res=3.61e-08 | grad=3.30e-01 | 1.2s
[   223] loss=-0.3624 | res=1.93e-08 | grad=5.65e-01 | 1.2s
[   224] loss=-0.3435 | res=2.84e-08 | grad=7.99e-01 | 1.2s
[   225] loss=-0.4000 | res=1.22e-08 | grad=4.69e-01 | 1.2s
[   226] loss=-0.3877 | res=1.52e-08 | grad=8.07e-01 | 1.2s
[   227] loss=-0.4346 | res=2.93e-08 | grad=6.33e-01 | 1.2s
[   228] loss=-0.3670 | res=2.27e-08 | grad=5.17e-01 | 1.2s
[   229] loss=-0.3803 | res=2.00e-08 | grad=9.64e-01 | 1.2s
[   230] loss=-0.3872 | res=2.04e-08 | grad=6.43e-01 | 1.2s
[   231] loss=-0.4346 | res=2.33e-08 | grad=5.83e-01 | 1.2s
[   232] loss=-0.4401 | res=3.19e-08 | grad=6.09e-01 | 1.2s
[   233] loss=-0.4208 | res=1.47e-08 | grad=4.40e-01 | 1.2s
[   234] loss=-0.4067 | res=2.67e-08 | grad=4.89e-01 | 1.2s
[   235] loss=-0.3983 | res=1.47e-08 | grad=5.18e-01 | 1.2s
[   236] loss=-0.3571 | res=2.28e-08 | grad=7.67e-01 | 1.2s
[   237] loss=-0.4243 | res=1.87e-08 | grad=2.98e-01 | 1.2s
[   238] loss=-0.3671 | res=2.68e-08 | grad=5.05e-01 | 1.2s
[   239] loss=-0.3925 | res=6.55e-06 | grad=4.41e-01 | 1.2s
[   240] loss=-0.3721 | res=7.56e-09 | grad=5.71e-01 | 1.2s
[   241] loss=-0.4192 | res=3.97e-08 | grad=3.19e-01 | 1.2s
[   242] loss=-0.4265 | res=1.95e-08 | grad=7.61e-01 | 1.2s
[   243] loss=-0.4373 | res=2.80e-08 | grad=5.24e-01 | 1.2s
[   244] loss=-0.3779 | res=3.23e-08 | grad=5.59e-01 | 1.2s
[   245] loss=-0.3766 | res=2.76e-08 | grad=4.51e-01 | 1.2s
[   246] loss=-0.3479 | res=2.60e-08 | grad=7.67e-01 | 1.2s
[   247] loss=-0.4371 | res=1.05e-08 | grad=6.07e-01 | 1.2s
[   248] loss=-0.4227 | res=2.57e-08 | grad=4.56e-01 | 1.2s
[   249] loss=-0.3809 | res=3.45e-06 | grad=3.45e-01 | 1.2s
[   250] loss=-0.4436 | res=2.10e-08 | grad=4.25e-01 | 1.2s
[   251] loss=-0.3971 | res=2.75e-08 | grad=3.79e-01 | 1.2s
[   252] loss=-0.4476 | res=3.43e-08 | grad=6.36e-01 | 1.2s
[   253] loss=-0.3777 | res=4.55e-09 | grad=5.94e-01 | 1.2s
[   254] loss=-0.3755 | res=1.72e-06 | grad=4.28e-01 | 1.2s
[   255] loss=-0.4409 | res=2.00e-08 | grad=3.87e-01 | 1.2s
[   256] loss=-0.4315 | res=1.72e-08 | grad=4.07e-01 | 1.2s
[   257] loss=-0.4085 | res=1.15e-08 | grad=5.52e-01 | 1.2s
[   258] loss=-0.4075 | res=3.19e-08 | grad=5.67e-01 | 1.2s
[   259] loss=-0.3626 | res=1.03e-08 | grad=4.84e-01 | 1.2s
[   260] loss=-0.4249 | res=2.07e-08 | grad=4.08e-01 | 1.2s
[   261] loss=-0.3994 | res=2.28e-08 | grad=4.65e-01 | 1.2s
[   262] loss=-0.3746 | res=2.55e-08 | grad=5.32e-01 | 1.2s
[   263] loss=-0.3757 | res=1.78e-08 | grad=4.20e-01 | 1.2s
[   264] loss=-0.3851 | res=2.52e-08 | grad=6.13e-01 | 1.2s
[   265] loss=-0.3949 | res=2.30e-08 | grad=8.78e-01 | 1.2s
[   266] loss=-0.3591 | res=3.21e-08 | grad=4.59e-01 | 1.2s
[   267] loss=-0.4012 | res=1.66e-08 | grad=4.02e-01 | 1.2s
[   268] loss=-0.4225 | res=3.23e-08 | grad=6.33e-01 | 1.2s
[   269] loss=-0.4138 | res=1.31e-08 | grad=5.31e-01 | 1.2s
[   270] loss=-0.4021 | res=1.38e-08 | grad=3.55e-01 | 1.2s
[   271] loss=-0.4310 | res=1.53e-08 | grad=4.84e-01 | 1.2s
[   272] loss=-0.4369 | res=3.10e-05 | grad=5.54e-01 | 1.2s
[   273] loss=-0.3897 | res=1.92e-08 | grad=6.19e-01 | 1.2s
[   274] loss=-0.3580 | res=2.37e-08 | grad=8.03e-01 | 1.2s
[   275] loss=-0.4028 | res=6.16e-06 | grad=4.21e-01 | 1.2s
[   276] loss=-0.3733 | res=1.96e-08 | grad=6.75e-01 | 1.2s
[   277] loss=-0.4317 | res=6.09e-09 | grad=2.76e-01 | 1.2s
[   278] loss=-0.4444 | res=1.08e-08 | grad=5.70e-01 | 1.2s
[   279] loss=-0.4568 | res=8.26e-09 | grad=6.35e-01 | 1.2s
[   280] loss=-0.3841 | res=2.15e-08 | grad=2.17e-01 | 1.2s
[   281] loss=-0.3806 | res=4.24e-08 | grad=4.60e-01 | 1.2s
[   282] loss=-0.3635 | res=2.01e-08 | grad=6.54e-01 | 1.2s
[   283] loss=-0.3679 | res=2.65e-08 | grad=5.20e-01 | 1.2s
[   284] loss=-0.4249 | res=2.00e-08 | grad=5.59e-01 | 1.2s
[   285] loss=-0.3991 | res=2.17e-08 | grad=5.38e-01 | 1.2s
[   286] loss=-0.3849 | res=1.12e-08 | grad=3.69e-01 | 1.2s
[   287] loss=-0.3893 | res=2.25e-08 | grad=3.63e-01 | 1.2s
[   288] loss=-0.3809 | res=4.97e-08 | grad=4.20e-01 | 1.2s
[   289] loss=-0.3946 | res=1.37e-08 | grad=6.30e-01 | 1.2s
[   290] loss=-0.4254 | res=2.12e-08 | grad=4.85e-01 | 1.2s
[   291] loss=-0.4167 | res=3.56e-08 | grad=4.15e-01 | 1.2s
[   292] loss=-0.4123 | res=1.63e-08 | grad=5.01e-01 | 1.2s
[   293] loss=-0.3642 | res=2.60e-08 | grad=5.88e-01 | 1.2s
[   294] loss=-0.3841 | res=3.69e-08 | grad=6.34e-01 | 1.2s
[   295] loss=-0.4015 | res=2.73e-08 | grad=3.79e-01 | 1.2s
[   296] loss=-0.3383 | res=2.10e-08 | grad=6.18e-01 | 1.2s
[   297] loss=-0.4033 | res=8.08e-09 | grad=4.01e-01 | 1.2s
[   298] loss=-0.4324 | res=1.43e-06 | grad=6.47e-01 | 1.2s
[   299] loss=-0.3969 | res=2.54e-08 | grad=5.74e-01 | 1.2s
[   300] loss=-0.3589 | res=2.81e-08 | grad=7.18e-01 | 1.2s
[   301] loss=-0.3996 | res=3.48e-08 | grad=4.96e-01 | 1.2s
[   302] loss=-0.4012 | res=2.30e-08 | grad=4.27e-01 | 1.2s
[   303] loss=-0.4249 | res=4.28e-08 | grad=5.83e-01 | 1.2s
[   304] loss=-0.4150 | res=2.01e-08 | grad=5.24e-01 | 1.2s
[   305] loss=-0.3590 | res=3.34e-08 | grad=5.45e-01 | 1.2s
[   306] loss=-0.3873 | res=4.76e-08 | grad=3.73e-01 | 1.2s
[   307] loss=-0.3875 | res=3.22e-08 | grad=3.31e-01 | 1.2s
[   308] loss=-0.3632 | res=1.53e-08 | grad=6.01e-01 | 1.2s
[   309] loss=-0.3396 | res=2.35e-08 | grad=5.01e-01 | 1.2s
[   310] loss=-0.4191 | res=2.39e-08 | grad=5.97e-01 | 1.2s
[   311] loss=-0.3844 | res=2.81e-08 | grad=6.04e-01 | 1.2s
[   312] loss=-0.4124 | res=1.87e-08 | grad=5.44e-01 | 1.2s
[   313] loss=-0.4019 | res=2.64e-08 | grad=3.06e-01 | 1.3s
[   314] loss=-0.3432 | res=1.21e-08 | grad=6.10e-01 | 1.2s
[   315] loss=-0.3503 | res=3.67e-08 | grad=4.71e-01 | 1.2s
[   316] loss=-0.3673 | res=3.86e-08 | grad=5.16e-01 | 1.2s
[   317] loss=-0.4089 | res=1.07e-08 | grad=3.47e-01 | 1.2s
[   318] loss=-0.3890 | res=2.36e-08 | grad=5.71e-01 | 1.2s
[   319] loss=-0.3875 | res=1.23e-08 | grad=4.20e-01 | 1.2s
[   320] loss=-0.4030 | res=2.81e-08 | grad=4.21e-01 | 1.2s
[   321] loss=-0.3549 | res=2.09e-08 | grad=4.47e-01 | 1.2s
[   322] loss=-0.3848 | res=8.78e-09 | grad=8.90e-01 | 1.2s
[   323] loss=-0.3658 | res=2.76e-08 | grad=6.46e-01 | 1.2s
[   324] loss=-0.4375 | res=1.64e-08 | grad=8.54e-01 | 1.2s
[   325] loss=-0.4214 | res=1.87e-08 | grad=4.38e-01 | 1.2s
[   326] loss=-0.3902 | res=3.46e-08 | grad=4.21e-01 | 1.2s
[   327] loss=-0.4018 | res=3.25e-05 | grad=4.07e-01 | 1.2s
[   328] loss=-0.4015 | res=1.78e-08 | grad=4.01e-01 | 1.2s
[   329] loss=-0.3717 | res=2.76e-08 | grad=6.47e-01 | 1.2s
[   330] loss=-0.3510 | res=4.28e-08 | grad=7.50e-01 | 1.2s
[   331] loss=-0.3928 | res=3.30e-08 | grad=4.05e-01 | 1.2s
[   332] loss=-0.4057 | res=3.87e-08 | grad=4.11e-01 | 1.2s
[   333] loss=-0.4027 | res=2.74e-08 | grad=4.33e-01 | 1.2s
[   334] loss=-0.3676 | res=1.75e-08 | grad=2.57e-01 | 1.3s
[   335] loss=-0.3868 | res=2.30e-08 | grad=3.96e-01 | 1.2s
[   336] loss=-0.3845 | res=8.32e-09 | grad=5.05e-01 | 1.2s
[   337] loss=-0.4234 | res=1.70e-08 | grad=7.33e-01 | 1.2s
[   338] loss=-0.3756 | res=1.37e-08 | grad=2.82e-01 | 1.2s
[   339] loss=-0.3755 | res=2.06e-08 | grad=2.38e-01 | 1.2s
[   340] loss=-0.4181 | res=2.19e-08 | grad=5.11e-01 | 1.2s
[   341] loss=-0.3664 | res=3.09e-08 | grad=8.14e-01 | 1.2s
[   342] loss=-0.3670 | res=2.40e-08 | grad=6.25e-01 | 1.2s
[   343] loss=-0.4291 | res=7.75e-09 | grad=2.48e-01 | 1.2s
[   344] loss=-0.4180 | res=2.85e-08 | grad=3.12e-01 | 1.2s
[   345] loss=-0.3689 | res=1.60e-08 | grad=4.24e-01 | 1.2s
[   346] loss=-0.3739 | res=1.55e-08 | grad=5.23e-01 | 1.2s
[   347] loss=-0.3899 | res=2.73e-08 | grad=4.64e-01 | 1.2s
[   348] loss=-0.3527 | res=1.74e-08 | grad=6.30e-01 | 1.2s
[   349] loss=-0.4143 | res=2.57e-08 | grad=4.83e-01 | 1.2s
[   350] loss=-0.3816 | res=9.36e-09 | grad=3.17e-01 | 1.2s
[   351] loss=-0.3528 | res=6.00e-07 | grad=3.67e-01 | 1.2s
[   352] loss=-0.3944 | res=3.61e-08 | grad=7.59e-01 | 1.2s
[   353] loss=-0.3641 | res=2.09e-08 | grad=4.98e-01 | 1.2s
[   354] loss=-0.3930 | res=2.80e-08 | grad=5.00e-01 | 1.2s
[   355] loss=-0.3871 | res=1.44e-08 | grad=5.09e-01 | 1.2s
[   356] loss=-0.4141 | res=1.96e-08 | grad=5.06e-01 | 1.2s
[   357] loss=-0.4516 | res=2.33e-08 | grad=7.90e-01 | 1.2s
[   358] loss=-0.3948 | res=2.32e-08 | grad=4.12e-01 | 1.2s
[   359] loss=-0.4178 | res=1.95e-08 | grad=2.51e-01 | 1.2s
[   360] loss=-0.3798 | res=2.67e-08 | grad=6.68e-01 | 1.2s
[   361] loss=-0.4043 | res=2.36e-08 | grad=4.61e-01 | 1.2s
[   362] loss=-0.3822 | res=1.58e-08 | grad=6.43e-01 | 1.2s
[   363] loss=-0.4013 | res=2.75e-08 | grad=4.21e-01 | 1.2s
[   364] loss=-0.4089 | res=2.82e-08 | grad=3.09e-01 | 1.2s
[   365] loss=-0.3989 | res=3.37e-08 | grad=3.14e-01 | 1.2s
[   366] loss=-0.4258 | res=7.47e-09 | grad=4.72e-01 | 1.2s
[   367] loss=-0.4287 | res=2.07e-08 | grad=4.55e-01 | 1.2s
[   368] loss=-0.3915 | res=2.29e-08 | grad=3.04e-01 | 1.2s
[   369] loss=-0.3861 | res=3.89e-08 | grad=3.70e-01 | 1.2s
[   370] loss=-0.3919 | res=2.27e-08 | grad=3.65e-01 | 1.2s
[   371] loss=-0.4037 | res=2.89e-08 | grad=3.84e-01 | 1.2s
[   372] loss=-0.3897 | res=3.28e-08 | grad=1.94e-01 | 1.2s
[   373] loss=-0.3875 | res=1.80e-08 | grad=3.14e-01 | 1.2s
[   374] loss=-0.3768 | res=2.06e-08 | grad=3.85e-01 | 1.2s
[   375] loss=-0.4139 | res=2.65e-08 | grad=4.41e-01 | 1.2s
[   376] loss=-0.4048 | res=3.00e-06 | grad=3.44e-01 | 1.2s
[   377] loss=-0.3705 | res=2.77e-08 | grad=4.63e-01 | 1.2s
[   378] loss=-0.4174 | res=2.35e-08 | grad=4.44e-01 | 1.2s
[   379] loss=-0.4386 | res=1.93e-08 | grad=4.84e-01 | 1.2s
[   380] loss=-0.4411 | res=2.51e-08 | grad=6.17e-01 | 1.2s
[   381] loss=-0.4001 | res=3.06e-08 | grad=3.86e-01 | 1.2s
[   382] loss=-0.4115 | res=3.82e-08 | grad=4.88e-01 | 1.2s
[   383] loss=-0.3785 | res=2.98e-06 | grad=8.91e-01 | 1.2s
[   384] loss=-0.3993 | res=3.59e-08 | grad=7.84e-01 | 1.2s
[   385] loss=-0.3897 | res=2.31e-08 | grad=4.75e-01 | 1.2s
[   386] loss=-0.3670 | res=3.07e-08 | grad=5.85e-01 | 1.2s
[   387] loss=-0.3823 | res=1.90e-08 | grad=5.64e-01 | 1.2s
[   388] loss=-0.3759 | res=2.48e-08 | grad=4.83e-01 | 1.2s
[   389] loss=-0.4067 | res=2.67e-08 | grad=7.62e-01 | 1.2s
[   390] loss=-0.3884 | res=2.25e-08 | grad=7.28e-01 | 1.2s
[   391] loss=-0.3885 | res=1.11e-08 | grad=6.96e-01 | 1.2s
[   392] loss=-0.3330 | res=3.09e-08 | grad=4.50e-01 | 1.2s
[   393] loss=-0.4043 | res=1.68e-08 | grad=5.44e-01 | 1.2s
[   394] loss=-0.3921 | res=1.78e-08 | grad=4.99e-01 | 1.2s
[   395] loss=-0.3512 | res=3.24e-08 | grad=5.94e-01 | 1.2s
[   396] loss=-0.3569 | res=2.62e-08 | grad=4.98e-01 | 1.2s
[   397] loss=-0.3959 | res=2.25e-05 | grad=3.21e-01 | 1.2s
[   398] loss=-0.3829 | res=2.21e-08 | grad=3.11e-01 | 1.2s
[   399] loss=-0.3704 | res=2.87e-08 | grad=7.31e-01 | 1.2s
[   400] loss=-0.3910 | res=2.52e-08 | grad=4.50e-01 | 1.2s
[   401] loss=-0.3771 | res=2.98e-08 | grad=3.45e-01 | 1.3s
[   402] loss=-0.3894 | res=2.68e-08 | grad=5.60e-01 | 1.2s
[   403] loss=-0.4054 | res=2.30e-08 | grad=5.55e-01 | 1.3s
[   404] loss=-0.4172 | res=1.29e-08 | grad=5.75e-01 | 1.2s
[   405] loss=-0.4068 | res=1.48e-08 | grad=4.30e-01 | 1.2s
[   406] loss=-0.4083 | res=9.23e-06 | grad=3.31e-01 | 1.2s
[   407] loss=-0.4049 | res=2.29e-08 | grad=2.99e-01 | 1.2s
[   408] loss=-0.4000 | res=1.50e-08 | grad=4.34e-01 | 1.2s
[   409] loss=-0.4027 | res=4.58e-06 | grad=6.76e-01 | 1.2s
[   410] loss=-0.3621 | res=1.42e-08 | grad=6.14e-01 | 1.2s
[   411] loss=-0.3294 | res=2.47e-08 | grad=1.07e+00 | 1.2s
[   412] loss=-0.3756 | res=3.17e-08 | grad=4.20e-01 | 1.2s
[   413] loss=-0.3722 | res=3.59e-08 | grad=4.83e-01 | 1.2s
[   414] loss=-0.3843 | res=7.76e-09 | grad=3.75e-01 | 1.2s
[   415] loss=-0.4066 | res=2.22e-08 | grad=6.27e-01 | 1.2s
[   416] loss=-0.3822 | res=2.25e-08 | grad=3.00e-01 | 1.2s
[   417] loss=-0.3613 | res=1.75e-08 | grad=4.24e-01 | 1.2s
[   418] loss=-0.3843 | res=1.66e-08 | grad=4.79e-01 | 1.2s
[   419] loss=-0.4169 | res=1.59e-08 | grad=5.53e-01 | 1.2s
[   420] loss=-0.4347 | res=1.36e-08 | grad=6.91e-01 | 1.2s
[   421] loss=-0.3729 | res=2.48e-08 | grad=4.99e-01 | 1.2s
[   422] loss=-0.3799 | res=4.29e-08 | grad=5.80e-01 | 1.2s
[   423] loss=-0.4176 | res=1.54e-08 | grad=4.64e-01 | 1.2s
[   424] loss=-0.3328 | res=2.93e-08 | grad=8.77e-01 | 1.2s
[   425] loss=-0.3922 | res=1.78e-08 | grad=3.35e-01 | 1.2s
[   426] loss=-0.3844 | res=1.40e-08 | grad=4.36e-01 | 1.2s
[   427] loss=-0.4236 | res=3.42e-08 | grad=5.57e-01 | 1.2s
[   428] loss=-0.4174 | res=3.26e-08 | grad=5.01e-01 | 1.2s
[   429] loss=-0.4445 | res=3.73e-08 | grad=5.51e-01 | 1.2s
[   430] loss=-0.3912 | res=1.89e-08 | grad=3.79e-01 | 1.2s
[   431] loss=-0.3891 | res=2.50e-08 | grad=4.69e-01 | 1.2s
[   432] loss=-0.4145 | res=1.38e-08 | grad=3.28e-01 | 1.2s
[   433] loss=-0.4332 | res=1.62e-08 | grad=2.93e-01 | 1.2s
[   434] loss=-0.3774 | res=2.88e-08 | grad=4.49e-01 | 1.2s
[   435] loss=-0.3715 | res=2.18e-08 | grad=5.29e-01 | 1.2s
[   436] loss=-0.3742 | res=4.69e-07 | grad=4.00e-01 | 1.2s
[   437] loss=-0.4412 | res=1.95e-08 | grad=5.03e-01 | 1.2s
[   438] loss=-0.4011 | res=2.30e-08 | grad=5.31e-01 | 1.2s
[   439] loss=-0.4281 | res=3.49e-08 | grad=3.97e-01 | 1.2s
[   440] loss=-0.3654 | res=3.09e-08 | grad=4.60e-01 | 1.2s
[   441] loss=-0.4215 | res=4.22e-09 | grad=4.70e-01 | 1.2s
[   442] loss=-0.4648 | res=1.66e-08 | grad=7.12e-01 | 1.2s
[   443] loss=-0.4090 | res=2.48e-08 | grad=5.05e-01 | 1.2s
[   444] loss=-0.3767 | res=3.10e-08 | grad=5.63e-01 | 1.2s
[   445] loss=-0.3738 | res=1.83e-08 | grad=5.79e-01 | 1.2s
[   446] loss=-0.3922 | res=2.63e-08 | grad=4.02e-01 | 1.2s
[   447] loss=-0.3990 | res=2.02e-08 | grad=2.55e-01 | 1.2s
[   448] loss=-0.3770 | res=2.40e-08 | grad=4.59e-01 | 1.2s
[   449] loss=-0.3898 | res=3.53e-08 | grad=2.72e-01 | 1.2s
[   450] loss=-0.3924 | res=8.48e-08 | grad=4.71e-01 | 1.2s
[   451] loss=-0.3889 | res=1.89e-06 | grad=5.27e-01 | 1.2s
[   452] loss=-0.3871 | res=9.38e-09 | grad=2.69e-01 | 1.2s
[   453] loss=-0.3730 | res=2.03e-08 | grad=2.82e-01 | 1.2s
[   454] loss=-0.4040 | res=1.43e-08 | grad=6.63e-01 | 1.2s
[   455] loss=-0.3692 | res=1.57e-08 | grad=2.44e-01 | 1.2s
[   456] loss=-0.3946 | res=2.77e-08 | grad=2.98e-01 | 1.2s
[   457] loss=-0.3991 | res=2.33e-08 | grad=3.48e-01 | 1.2s
[   458] loss=-0.4025 | res=1.82e-08 | grad=5.26e-01 | 1.2s
[   459] loss=-0.4105 | res=2.35e-08 | grad=3.77e-01 | 1.2s
[   460] loss=-0.3723 | res=2.70e-08 | grad=5.46e-01 | 1.2s
[   461] loss=-0.4149 | res=4.09e-08 | grad=2.61e-01 | 1.2s
[   462] loss=-0.3808 | res=3.77e-08 | grad=4.07e-01 | 1.2s
[   463] loss=-0.3911 | res=2.36e-08 | grad=3.96e-01 | 1.2s
[   464] loss=-0.4052 | res=2.57e-08 | grad=4.63e-01 | 1.2s
[   465] loss=-0.3988 | res=1.48e-08 | grad=2.29e-01 | 1.2s
[   466] loss=-0.3736 | res=2.40e-08 | grad=4.31e-01 | 1.2s
[   467] loss=-0.4134 | res=1.44e-08 | grad=5.24e-01 | 1.2s
[   468] loss=-0.3955 | res=2.28e-08 | grad=4.03e-01 | 1.2s
[   469] loss=-0.3959 | res=2.07e-08 | grad=3.63e-01 | 1.2s
[   470] loss=-0.4276 | res=2.09e-08 | grad=4.89e-01 | 1.2s
[   471] loss=-0.3889 | res=4.81e-08 | grad=4.75e-01 | 1.2s
[   472] loss=-0.3919 | res=3.16e-08 | grad=2.54e-01 | 1.2s
[   473] loss=-0.3604 | res=3.11e-08 | grad=8.03e-01 | 1.2s
[   474] loss=-0.3971 | res=1.59e-08 | grad=4.08e-01 | 1.2s
[   475] loss=-0.3542 | res=2.01e-08 | grad=6.17e-01 | 1.2s
[   476] loss=-0.3831 | res=1.16e-08 | grad=2.91e-01 | 1.2s
[   477] loss=-0.3662 | res=2.85e-08 | grad=3.24e-01 | 1.2s
[   478] loss=-0.3460 | res=2.10e-08 | grad=2.39e-01 | 1.2s
[   479] loss=-0.4463 | res=7.94e-09 | grad=1.24e+00 | 1.2s
[   480] loss=-0.4330 | res=1.96e-08 | grad=9.78e-01 | 1.2s
[   481] loss=-0.3797 | res=1.38e-08 | grad=3.41e-01 | 1.2s
[   482] loss=-0.3745 | res=2.41e-08 | grad=4.26e-01 | 1.2s
[   483] loss=-0.4316 | res=3.78e-08 | grad=2.19e-01 | 1.2s
[   484] loss=-0.3876 | res=1.73e-08 | grad=3.70e-01 | 1.2s
[   485] loss=-0.3463 | res=2.56e-06 | grad=8.31e-01 | 1.2s
[   486] loss=-0.3949 | res=1.73e-08 | grad=3.49e-01 | 1.2s
[   487] loss=-0.4024 | res=2.33e-08 | grad=2.19e-01 | 1.2s
[   488] loss=-0.4161 | res=3.30e-08 | grad=4.21e-01 | 1.2s
[   489] loss=-0.3909 | res=9.70e-09 | grad=2.43e-01 | 1.2s
[   490] loss=-0.4058 | res=2.28e-08 | grad=5.21e-01 | 1.2s
[   491] loss=-0.4603 | res=1.85e-08 | grad=8.21e-01 | 1.2s
[   492] loss=-0.3825 | res=3.36e-08 | grad=3.36e-01 | 1.2s
[   493] loss=-0.3623 | res=2.89e-08 | grad=6.56e-01 | 1.2s
[   494] loss=-0.3528 | res=2.94e-08 | grad=7.99e-01 | 1.2s
[   495] loss=-0.4194 | res=8.67e-09 | grad=2.46e-01 | 1.2s
[   496] loss=-0.3562 | res=5.70e-08 | grad=6.20e-01 | 1.2s
[   497] loss=-0.4070 | res=1.65e-08 | grad=2.77e-01 | 1.2s
[   498] loss=-0.3933 | res=1.28e-08 | grad=4.20e-01 | 1.2s
[   499] loss=-0.4372 | res=1.63e-08 | grad=5.72e-01 | 1.2s
[   500] loss=-0.3657 | res=1.70e-08 | grad=4.54e-01 | 1.2s
[   501] loss=-0.3720 | res=2.54e-08 | grad=4.08e-01 | 1.2s
[   502] loss=-0.4154 | res=3.65e-08 | grad=6.42e-01 | 1.2s
[   503] loss=-0.3728 | res=2.89e-08 | grad=3.46e-01 | 1.2s
[   504] loss=-0.3524 | res=1.43e-08 | grad=4.29e-01 | 1.2s
[   505] loss=-0.3909 | res=6.50e-09 | grad=3.67e-01 | 1.2s
[   506] loss=-0.3734 | res=2.42e-08 | grad=3.91e-01 | 1.2s
[   507] loss=-0.4024 | res=2.15e-08 | grad=3.33e-01 | 1.2s
[   508] loss=-0.3797 | res=2.88e-08 | grad=3.63e-01 | 1.2s
[   509] loss=-0.3674 | res=1.01e-08 | grad=2.81e-01 | 1.2s
[   510] loss=-0.3762 | res=1.43e-08 | grad=3.57e-01 | 1.2s
[   511] loss=-0.3950 | res=2.59e-08 | grad=4.88e-01 | 1.2s
[   512] loss=-0.4120 | res=1.80e-08 | grad=4.52e-01 | 1.2s
[   513] loss=-0.4099 | res=2.54e-08 | grad=3.41e-01 | 1.2s
[   514] loss=-0.4314 | res=1.89e-08 | grad=5.67e-01 | 1.2s
[   515] loss=-0.3741 | res=2.72e-08 | grad=6.31e-01 | 1.2s
[   516] loss=-0.3447 | res=2.44e-08 | grad=8.16e-01 | 1.2s
[   517] loss=-0.4048 | res=2.56e-08 | grad=2.61e-01 | 1.2s
[   518] loss=-0.4397 | res=1.71e-08 | grad=3.91e-01 | 1.2s
[   519] loss=-0.3996 | res=1.76e-08 | grad=3.32e-01 | 1.2s
[   520] loss=-0.4227 | res=1.92e-08 | grad=4.75e-01 | 1.2s
[   521] loss=-0.4080 | res=5.14e-06 | grad=1.82e-01 | 1.2s
[   522] loss=-0.4037 | res=1.61e-08 | grad=2.45e-01 | 1.2s
[   523] loss=-0.3834 | res=3.66e-08 | grad=4.18e-01 | 1.2s
[   524] loss=-0.3971 | res=2.11e-08 | grad=1.79e-01 | 1.2s
[   525] loss=-0.4085 | res=1.97e-08 | grad=3.26e-01 | 1.2s
[   526] loss=-0.3878 | res=1.30e-08 | grad=2.43e-01 | 1.2s
[   527] loss=-0.4101 | res=8.54e-09 | grad=3.21e-01 | 1.2s
[   528] loss=-0.4259 | res=1.62e-08 | grad=3.56e-01 | 1.2s
[   529] loss=-0.3826 | res=1.08e-08 | grad=5.74e-01 | 1.2s
[   530] loss=-0.4319 | res=2.13e-08 | grad=3.48e-01 | 1.2s
[   531] loss=-0.4489 | res=1.27e-08 | grad=3.60e-01 | 1.2s
[   532] loss=-0.4188 | res=2.39e-08 | grad=2.58e-01 | 1.2s
[   533] loss=-0.4210 | res=1.97e-08 | grad=3.49e-01 | 1.2s
[   534] loss=-0.4453 | res=3.28e-08 | grad=2.94e-01 | 1.2s
[   535] loss=-0.3775 | res=1.45e-05 | grad=7.42e-01 | 1.2s
[   536] loss=-0.3911 | res=2.15e-08 | grad=6.15e-01 | 1.2s
[   537] loss=-0.3508 | res=3.49e-08 | grad=8.68e-01 | 1.2s
[   538] loss=-0.3260 | res=2.02e-08 | grad=8.30e-01 | 1.2s
[   539] loss=-0.4357 | res=1.84e-08 | grad=9.77e-01 | 1.2s
[   540] loss=-0.3966 | res=2.47e-08 | grad=6.33e-01 | 1.2s
[   541] loss=-0.3919 | res=3.19e-08 | grad=7.28e-01 | 1.2s
[   542] loss=-0.4376 | res=1.28e-08 | grad=1.16e+00 | 1.2s
[   543] loss=-0.3942 | res=2.60e-08 | grad=6.05e-01 | 1.2s
[   544] loss=-0.3919 | res=1.31e-08 | grad=2.08e-01 | 1.2s
[   545] loss=-0.4136 | res=2.07e-08 | grad=3.54e-01 | 1.2s
[   546] loss=-0.4069 | res=4.17e-08 | grad=6.45e-01 | 1.2s
[   547] loss=-0.3878 | res=2.20e-08 | grad=8.10e-01 | 1.2s
[   548] loss=-0.3954 | res=2.49e-08 | grad=5.39e-01 | 1.2s
[   549] loss=-0.3218 | res=2.20e-08 | grad=1.15e+00 | 1.2s
[   550] loss=-0.3870 | res=3.53e-08 | grad=3.37e-01 | 1.2s
[   551] loss=-0.4022 | res=2.86e-08 | grad=2.61e-01 | 1.2s
[   552] loss=-0.3699 | res=1.45e-06 | grad=3.00e-01 | 1.2s
[   553] loss=-0.3586 | res=8.89e-09 | grad=3.51e-01 | 1.2s
[   554] loss=-0.3859 | res=1.15e-08 | grad=9.31e-01 | 1.2s
[   555] loss=-0.3691 | res=1.28e-07 | grad=4.33e-01 | 1.2s
[   556] loss=-0.3428 | res=8.95e-09 | grad=4.15e-01 | 1.2s
[   557] loss=-0.3943 | res=2.14e-08 | grad=8.58e-01 | 1.2s
[   558] loss=-0.4062 | res=1.81e-08 | grad=7.83e-01 | 1.2s
[   559] loss=-0.4078 | res=2.20e-08 | grad=5.03e-01 | 1.2s
[   560] loss=-0.3744 | res=1.64e-08 | grad=5.14e-01 | 1.2s
[   561] loss=-0.3650 | res=1.72e-08 | grad=5.76e-01 | 1.2s
[   562] loss=-0.4186 | res=1.08e-08 | grad=3.58e-01 | 1.2s
[   563] loss=-0.4237 | res=1.83e-08 | grad=3.76e-01 | 1.2s
[   564] loss=-0.4087 | res=2.26e-08 | grad=4.33e-01 | 1.2s
[   565] loss=-0.3948 | res=2.04e-08 | grad=5.33e-01 | 1.2s
[   566] loss=-0.3572 | res=1.77e-08 | grad=7.32e-01 | 1.2s
[   567] loss=-0.3508 | res=2.87e-08 | grad=6.28e-01 | 1.2s
[   568] loss=-0.4085 | res=2.35e-08 | grad=3.46e-01 | 1.2s
[   569] loss=-0.3973 | res=2.58e-08 | grad=6.05e-01 | 1.2s
[   570] loss=-0.3912 | res=2.17e-08 | grad=5.05e-01 | 1.2s
[   571] loss=-0.4259 | res=1.66e-08 | grad=8.00e-01 | 1.2s
[   572] loss=-0.4046 | res=1.56e-08 | grad=5.66e-01 | 1.2s
[   573] loss=-0.3627 | res=2.78e-08 | grad=2.86e-01 | 1.2s
[   574] loss=-0.3883 | res=2.65e-08 | grad=2.81e-01 | 1.2s
[   575] loss=-0.3805 | res=1.31e-05 | grad=3.26e-01 | 1.2s
[   576] loss=-0.3959 | res=1.71e-08 | grad=4.67e-01 | 1.2s
[   577] loss=-0.3631 | res=2.99e-08 | grad=6.43e-01 | 1.2s
[   578] loss=-0.4238 | res=3.48e-08 | grad=3.08e-01 | 1.2s
[   579] loss=-0.3576 | res=3.14e-08 | grad=6.60e-01 | 1.2s
[   580] loss=-0.3851 | res=2.51e-05 | grad=3.42e-01 | 1.2s
[   581] loss=-0.3874 | res=1.98e-08 | grad=2.44e-01 | 1.2s
[   582] loss=-0.3817 | res=1.08e-08 | grad=3.90e-01 | 1.2s
[   583] loss=-0.3882 | res=1.76e-08 | grad=1.42e-01 | 1.2s
[   584] loss=-0.4086 | res=2.54e-08 | grad=4.69e-01 | 1.2s
[   585] loss=-0.4000 | res=1.90e-08 | grad=5.71e-01 | 1.2s
[   586] loss=-0.3856 | res=3.30e-08 | grad=3.63e-01 | 1.2s
[   587] loss=-0.3934 | res=1.71e-08 | grad=3.95e-01 | 1.2s
[   588] loss=-0.3850 | res=1.06e-08 | grad=3.27e-01 | 1.2s
[   589] loss=-0.4150 | res=2.44e-08 | grad=3.53e-01 | 1.2s
[   590] loss=-0.4260 | res=2.36e-08 | grad=2.64e-01 | 1.2s
[   591] loss=-0.4140 | res=1.64e-08 | grad=3.06e-01 | 1.2s
[   592] loss=-0.3803 | res=3.38e-08 | grad=5.61e-01 | 1.2s
[   593] loss=-0.4249 | res=7.67e-07 | grad=2.92e-01 | 1.2s
[   594] loss=-0.3893 | res=1.97e-08 | grad=3.77e-01 | 1.2s
[   595] loss=-0.3994 | res=3.19e-08 | grad=3.07e-01 | 1.2s
[   596] loss=-0.3934 | res=2.74e-08 | grad=2.50e-01 | 1.2s
[   597] loss=-0.3862 | res=2.05e-08 | grad=2.76e-01 | 1.2s
[   598] loss=-0.3312 | res=1.52e-08 | grad=6.91e-01 | 1.2s
[   599] loss=-0.3756 | res=2.81e-08 | grad=3.16e-01 | 1.2s
[   600] loss=-0.3929 | res=1.75e-06 | grad=3.58e-01 | 1.2s
[   601] loss=-0.3354 | res=1.77e-08 | grad=3.04e-01 | 1.2s
[   602] loss=-0.3471 | res=2.49e-08 | grad=3.13e-01 | 1.2s
[   603] loss=-0.4065 | res=1.89e-08 | grad=8.43e-01 | 1.2s
[   604] loss=-0.3771 | res=1.78e-08 | grad=3.88e-01 | 1.2s
[   605] loss=-0.3544 | res=2.05e-08 | grad=3.76e-01 | 1.2s
[   606] loss=-0.3858 | res=1.79e-08 | grad=4.07e-01 | 1.2s
[   607] loss=-0.3630 | res=2.62e-08 | grad=2.22e-01 | 1.2s
[   608] loss=-0.4086 | res=2.90e-08 | grad=4.41e-01 | 1.2s
[   609] loss=-0.4342 | res=1.22e-08 | grad=6.24e-01 | 1.2s
[   610] loss=-0.3560 | res=1.10e-08 | grad=6.69e-01 | 1.2s
[   611] loss=-0.3665 | res=3.02e-06 | grad=6.39e-01 | 1.2s
[   612] loss=-0.4318 | res=2.11e-08 | grad=1.98e-01 | 1.2s
[   613] loss=-0.3423 | res=6.92e-09 | grad=9.61e-01 | 1.2s
[   614] loss=-0.3629 | res=2.12e-08 | grad=5.62e-01 | 1.2s
[   615] loss=-0.3751 | res=1.71e-08 | grad=3.63e-01 | 1.2s
[   616] loss=-0.4302 | res=2.09e-08 | grad=6.23e-01 | 1.2s
[   617] loss=-0.3877 | res=1.37e-08 | grad=4.67e-01 | 1.2s
[   618] loss=-0.3980 | res=2.76e-08 | grad=5.26e-01 | 1.2s
[   619] loss=-0.3802 | res=1.89e-08 | grad=3.10e-01 | 1.2s
[   620] loss=-0.4385 | res=2.25e-08 | grad=1.04e+00 | 1.2s
[   621] loss=-0.4016 | res=2.26e-08 | grad=3.55e-01 | 1.2s
[   622] loss=-0.4339 | res=1.67e-08 | grad=4.15e-01 | 1.2s
[   623] loss=-0.3816 | res=1.73e-08 | grad=5.53e-01 | 1.2s
[   624] loss=-0.3941 | res=3.25e-08 | grad=7.08e-01 | 1.2s
[   625] loss=-0.3827 | res=1.75e-08 | grad=7.61e-01 | 1.2s
[   626] loss=-0.4251 | res=1.11e-08 | grad=3.27e-01 | 1.2s
[   627] loss=-0.4217 | res=3.11e-08 | grad=3.16e-01 | 1.2s
[   628] loss=-0.3941 | res=7.05e-09 | grad=3.31e-01 | 1.2s
[   629] loss=-0.4232 | res=2.52e-05 | grad=2.10e-01 | 1.2s
[   630] loss=-0.4196 | res=2.49e-08 | grad=5.29e-01 | 1.2s
[   631] loss=-0.4151 | res=2.82e-08 | grad=3.04e-01 | 1.2s
[   632] loss=-0.3828 | res=2.21e-08 | grad=1.99e-01 | 1.2s
[   633] loss=-0.3945 | res=1.38e-08 | grad=3.17e-01 | 1.2s
[   634] loss=-0.3908 | res=9.57e-07 | grad=2.65e-01 | 1.2s
[   635] loss=-0.3882 | res=3.33e-05 | grad=3.50e-01 | 1.2s
[   636] loss=-0.4283 | res=1.79e-08 | grad=4.38e-01 | 1.2s
[   637] loss=-0.3932 | res=2.82e-08 | grad=2.03e-01 | 1.2s
[   638] loss=-0.4044 | res=1.43e-08 | grad=2.21e-01 | 1.2s
[   639] loss=-0.3828 | res=6.06e-09 | grad=3.33e-01 | 1.2s
[   640] loss=-0.3749 | res=2.17e-08 | grad=3.10e-01 | 1.2s
[   641] loss=-0.3712 | res=1.33e-08 | grad=3.90e-01 | 1.2s
[   642] loss=-0.3692 | res=1.61e-08 | grad=2.70e-01 | 1.2s
[   643] loss=-0.4259 | res=9.34e-09 | grad=5.33e-01 | 1.2s
[   644] loss=-0.3789 | res=2.25e-08 | grad=2.07e-01 | 1.2s
[   645] loss=-0.3946 | res=2.58e-08 | grad=3.21e-01 | 1.2s
[   646] loss=-0.3876 | res=2.46e-08 | grad=3.04e-01 | 1.2s
[   647] loss=-0.4235 | res=2.01e-08 | grad=5.08e-01 | 1.2s
[   648] loss=-0.3610 | res=1.54e-08 | grad=3.39e-01 | 1.2s
[   649] loss=-0.3858 | res=2.32e-08 | grad=3.22e-01 | 1.2s
[   650] loss=-0.3927 | res=1.28e-08 | grad=4.55e-01 | 1.2s
[   651] loss=-0.4244 | res=2.53e-08 | grad=2.51e-01 | 1.2s
[   652] loss=-0.4187 | res=3.12e-08 | grad=3.32e-01 | 1.2s
[   653] loss=-0.3752 | res=2.91e-08 | grad=6.25e-01 | 1.2s
[   654] loss=-0.4155 | res=2.50e-08 | grad=3.11e-01 | 1.2s
[   655] loss=-0.3503 | res=2.83e-08 | grad=6.95e-01 | 1.2s
[   656] loss=-0.3808 | res=1.98e-08 | grad=2.49e-01 | 1.2s
[   657] loss=-0.3616 | res=2.32e-08 | grad=2.46e-01 | 1.2s
[   658] loss=-0.3903 | res=2.25e-08 | grad=3.47e-01 | 1.2s
[   659] loss=-0.4205 | res=1.68e-08 | grad=7.97e-01 | 1.2s
[   660] loss=-0.3759 | res=1.97e-08 | grad=2.27e-01 | 1.2s
[   661] loss=-0.4210 | res=1.25e-08 | grad=6.67e-01 | 1.2s
[   662] loss=-0.4017 | res=3.06e-08 | grad=2.48e-01 | 1.2s
[   663] loss=-0.4429 | res=2.52e-08 | grad=6.49e-01 | 1.2s
[   664] loss=-0.3583 | res=1.45e-08 | grad=5.94e-01 | 1.2s
[   665] loss=-0.3991 | res=1.00e-04 | grad=5.06e-01 | 1.2s
[   666] loss=-0.3737 | res=2.15e-08 | grad=7.77e-01 | 1.2s
[   667] loss=-0.3817 | res=3.87e-08 | grad=5.10e-01 | 1.2s
[   668] loss=-0.3638 | res=2.32e-08 | grad=5.91e-01 | 1.2s
[   669] loss=-0.3674 | res=1.15e-08 | grad=1.51e-01 | 1.2s
[   670] loss=-0.3643 | res=1.03e-08 | grad=2.76e-01 | 1.2s
[   671] loss=-0.3759 | res=3.01e-08 | grad=4.92e-01 | 1.2s
[   672] loss=-0.4314 | res=3.18e-08 | grad=1.03e+00 | 1.2s
[   673] loss=-0.3848 | res=3.35e-08 | grad=5.14e-01 | 1.2s
[   674] loss=-0.4185 | res=1.18e-08 | grad=7.47e-01 | 1.2s
[   675] loss=-0.3938 | res=3.91e-08 | grad=4.72e-01 | 1.2s
[   676] loss=-0.3728 | res=1.48e-08 | grad=3.64e-01 | 1.2s
[   677] loss=-0.4215 | res=2.87e-08 | grad=1.47e-01 | 1.2s
[   678] loss=-0.3989 | res=2.55e-08 | grad=3.15e-01 | 1.2s
[   679] loss=-0.4281 | res=1.05e-08 | grad=3.51e-01 | 1.2s
[   680] loss=-0.3963 | res=3.60e-08 | grad=6.66e-01 | 1.2s
[   681] loss=-0.3749 | res=2.49e-08 | grad=5.67e-01 | 1.2s
[   682] loss=-0.3555 | res=3.39e-08 | grad=8.11e-01 | 1.2s
[   683] loss=-0.4045 | res=2.26e-08 | grad=2.40e-01 | 1.2s
[   684] loss=-0.3816 | res=2.24e-08 | grad=1.89e-01 | 1.2s
[   685] loss=-0.3872 | res=2.35e-08 | grad=4.11e-01 | 1.2s
[   686] loss=-0.3882 | res=1.25e-08 | grad=5.31e-01 | 1.2s
[   687] loss=-0.4240 | res=2.60e-08 | grad=1.07e+00 | 1.2s
[   688] loss=-0.3927 | res=3.40e-08 | grad=4.28e-01 | 1.2s
[   689] loss=-0.4032 | res=6.21e-09 | grad=6.62e-01 | 1.2s
[   690] loss=-0.4414 | res=2.56e-08 | grad=5.37e-01 | 1.2s
[   691] loss=-0.3880 | res=3.34e-08 | grad=4.23e-01 | 1.2s
[   692] loss=-0.3460 | res=2.69e-08 | grad=1.04e+00 | 1.2s
[   693] loss=-0.4303 | res=2.36e-08 | grad=2.65e-01 | 1.2s
[   694] loss=-0.4475 | res=7.05e-06 | grad=3.08e-01 | 1.2s
[   695] loss=-0.3766 | res=1.65e-08 | grad=5.57e-01 | 1.2s
[   696] loss=-0.3950 | res=3.02e-08 | grad=4.00e-01 | 1.2s
[   697] loss=-0.4204 | res=1.33e-08 | grad=2.37e-01 | 1.2s
[   698] loss=-0.3748 | res=1.72e-08 | grad=2.67e-01 | 1.2s
[   699] loss=-0.4135 | res=1.95e-08 | grad=3.89e-01 | 1.2s
[   700] loss=-0.4314 | res=2.28e-07 | grad=5.25e-01 | 1.2s
[   701] loss=-0.3844 | res=1.80e-08 | grad=2.05e-01 | 1.2s
[   702] loss=-0.3790 | res=7.85e-06 | grad=2.44e-01 | 1.2s
[   703] loss=-0.4421 | res=5.59e-07 | grad=5.49e-01 | 1.2s
[   704] loss=-0.3866 | res=1.10e-08 | grad=1.81e-01 | 1.2s
[   705] loss=-0.4048 | res=7.91e-09 | grad=1.36e-01 | 1.2s
[   706] loss=-0.3952 | res=2.09e-08 | grad=3.13e-01 | 1.2s
[   707] loss=-0.4320 | res=2.88e-08 | grad=3.35e-01 | 1.2s
[   708] loss=-0.3909 | res=3.34e-08 | grad=5.02e-01 | 1.2s
[   709] loss=-0.3814 | res=2.55e-08 | grad=3.32e-01 | 1.2s
[   710] loss=-0.3853 | res=1.58e-08 | grad=2.48e-01 | 1.2s
[   711] loss=-0.3875 | res=1.62e-08 | grad=2.44e-01 | 1.2s
[   712] loss=-0.4379 | res=1.23e-08 | grad=6.63e-01 | 1.2s
[   713] loss=-0.3682 | res=2.73e-08 | grad=5.27e-01 | 1.2s
[   714] loss=-0.3910 | res=1.52e-08 | grad=3.39e-01 | 1.2s
[   715] loss=-0.4385 | res=3.18e-08 | grad=6.15e-01 | 1.2s
[   716] loss=-0.3884 | res=4.11e-08 | grad=2.30e-01 | 1.2s
[   717] loss=-0.3593 | res=2.46e-08 | grad=3.95e-01 | 1.2s
[   718] loss=-0.3935 | res=9.51e-07 | grad=3.35e-01 | 1.2s
[   719] loss=-0.4271 | res=7.67e-09 | grad=5.19e-01 | 1.2s
[   720] loss=-0.3819 | res=2.45e-08 | grad=1.87e-01 | 1.2s
[   721] loss=-0.3902 | res=1.04e-08 | grad=2.40e-01 | 1.2s
[   722] loss=-0.4243 | res=1.85e-08 | grad=3.47e-01 | 1.2s
[   723] loss=-0.3896 | res=2.52e-08 | grad=3.46e-01 | 1.2s
[   724] loss=-0.3601 | res=2.56e-08 | grad=5.62e-01 | 1.2s
[   725] loss=-0.4040 | res=1.84e-08 | grad=2.69e-01 | 1.2s
[   726] loss=-0.3865 | res=2.73e-08 | grad=2.76e-01 | 1.2s
[   727] loss=-0.4070 | res=1.85e-08 | grad=3.50e-01 | 1.2s
[   728] loss=-0.3894 | res=1.65e-08 | grad=1.97e-01 | 1.2s
[   729] loss=-0.3809 | res=1.54e-08 | grad=2.83e-01 | 1.2s
[   730] loss=-0.4083 | res=1.50e-08 | grad=4.87e-01 | 1.2s
[   731] loss=-0.4108 | res=2.75e-08 | grad=2.74e-01 | 1.2s
[   732] loss=-0.4005 | res=2.70e-08 | grad=3.79e-01 | 1.2s
[   733] loss=-0.4308 | res=2.50e-08 | grad=4.96e-01 | 1.2s
[   734] loss=-0.4160 | res=2.32e-08 | grad=1.86e-01 | 1.2s
[   735] loss=-0.4171 | res=1.98e-08 | grad=1.96e-01 | 1.2s
[   736] loss=-0.4526 | res=1.06e-08 | grad=2.89e-01 | 1.2s
[   737] loss=-0.4019 | res=2.11e-08 | grad=5.22e-01 | 1.2s
[   738] loss=-0.3555 | res=3.55e-08 | grad=9.75e-01 | 1.2s
[   739] loss=-0.3407 | res=3.09e-08 | grad=1.14e+00 | 1.2s
[   740] loss=-0.4015 | res=5.65e-08 | grad=2.84e-01 | 1.2s
[   741] loss=-0.3729 | res=2.63e-08 | grad=2.50e-01 | 1.2s
[   742] loss=-0.3964 | res=2.07e-08 | grad=4.34e-01 | 1.2s
[   743] loss=-0.3676 | res=1.28e-08 | grad=5.09e-01 | 1.2s
[   744] loss=-0.3940 | res=1.73e-07 | grad=7.19e-01 | 1.2s
[   745] loss=-0.4263 | res=1.84e-08 | grad=1.23e+00 | 1.2s
[   746] loss=-0.4005 | res=9.42e-09 | grad=7.78e-01 | 1.2s
[   747] loss=-0.3780 | res=2.11e-08 | grad=2.74e-01 | 1.2s
[   748] loss=-0.3833 | res=2.22e-08 | grad=3.67e-01 | 1.2s
[   749] loss=-0.3956 | res=1.41e-08 | grad=4.09e-01 | 1.2s
[   750] loss=-0.3842 | res=1.28e-08 | grad=6.42e-01 | 1.2s
[   751] loss=-0.4393 | res=1.99e-08 | grad=3.07e-01 | 1.2s
[   752] loss=-0.3744 | res=4.05e-08 | grad=8.14e-01 | 1.2s
[   753] loss=-0.3598 | res=2.17e-08 | grad=7.56e-01 | 1.2s
[   754] loss=-0.4118 | res=2.71e-08 | grad=1.62e-01 | 1.2s
[   755] loss=-0.3671 | res=1.87e-08 | grad=2.21e-01 | 1.2s
[   756] loss=-0.3948 | res=1.86e-08 | grad=4.12e-01 | 1.2s
[   757] loss=-0.4101 | res=1.40e-08 | grad=5.82e-01 | 1.2s
[   758] loss=-0.4296 | res=2.14e-08 | grad=8.62e-01 | 1.2s
[   759] loss=-0.4000 | res=1.43e-08 | grad=4.52e-01 | 1.2s
[   760] loss=-0.4031 | res=1.72e-08 | grad=3.76e-01 | 1.2s
[   761] loss=-0.3491 | res=1.93e-08 | grad=6.98e-01 | 1.2s
[   762] loss=-0.3986 | res=2.43e-08 | grad=3.16e-01 | 1.2s
[   763] loss=-0.4195 | res=2.72e-08 | grad=2.37e-01 | 1.2s
[   764] loss=-0.3846 | res=4.19e-08 | grad=3.60e-01 | 1.2s
[   765] loss=-0.3585 | res=3.48e-08 | grad=8.03e-01 | 1.2s
[   766] loss=-0.4039 | res=1.39e-08 | grad=1.96e-01 | 1.2s
[   767] loss=-0.3357 | res=2.68e-08 | grad=5.16e-01 | 1.2s
[   768] loss=-0.3967 | res=1.89e-08 | grad=4.62e-01 | 1.2s
[   769] loss=-0.3542 | res=1.48e-08 | grad=2.68e-01 | 1.2s
[   770] loss=-0.3639 | res=2.60e-08 | grad=1.58e-01 | 1.2s
[   771] loss=-0.3557 | res=2.52e-08 | grad=2.78e-01 | 1.2s
[   772] loss=-0.4058 | res=1.72e-08 | grad=7.27e-01 | 1.2s
[   773] loss=-0.4273 | res=1.21e-08 | grad=9.65e-01 | 1.2s
[   774] loss=-0.4231 | res=4.82e-09 | grad=8.04e-01 | 1.2s
[   775] loss=-0.4407 | res=1.08e-08 | grad=6.52e-01 | 1.2s
[   776] loss=-0.4181 | res=1.43e-08 | grad=1.18e-01 | 1.2s
[   777] loss=-0.4179 | res=4.13e-05 | grad=4.58e-01 | 1.2s
[   778] loss=-0.4115 | res=2.33e-08 | grad=7.62e-01 | 1.2s
[   779] loss=-0.3569 | res=3.33e-08 | grad=1.12e+00 | 1.2s
[   780] loss=-0.3962 | res=4.35e-08 | grad=7.52e-01 | 1.2s
[   781] loss=-0.3844 | res=1.50e-08 | grad=6.70e-01 | 1.2s
[   782] loss=-0.3963 | res=2.50e-08 | grad=2.35e-01 | 1.2s
[   783] loss=-0.3634 | res=2.52e-08 | grad=4.05e-01 | 1.2s
[   784] loss=-0.3450 | res=2.70e-08 | grad=3.51e-01 | 1.2s
[   785] loss=-0.4136 | res=1.55e-08 | grad=1.04e+00 | 1.2s
[   786] loss=-0.3889 | res=2.84e-08 | grad=6.95e-01 | 1.2s
[   787] loss=-0.4126 | res=1.34e-08 | grad=1.19e+00 | 1.2s
[   788] loss=-0.3886 | res=1.69e-08 | grad=7.72e-01 | 1.2s
[   789] loss=-0.3658 | res=2.72e-08 | grad=2.60e-01 | 1.2s
[   790] loss=-0.3874 | res=2.19e-08 | grad=2.38e-01 | 1.2s
[   791] loss=-0.3533 | res=2.23e-08 | grad=5.50e-01 | 1.2s
[   792] loss=-0.4252 | res=4.85e-08 | grad=1.87e-01 | 1.2s
[   793] loss=-0.3730 | res=1.99e-08 | grad=6.38e-01 | 1.2s
[   794] loss=-0.4186 | res=6.07e-09 | grad=1.72e-01 | 1.2s
[   795] loss=-0.3835 | res=1.99e-08 | grad=4.81e-01 | 1.2s
[   796] loss=-0.3677 | res=1.56e-08 | grad=7.26e-01 | 1.2s
[   797] loss=-0.4129 | res=1.86e-08 | grad=2.63e-01 | 1.2s
[   798] loss=-0.3713 | res=1.45e-08 | grad=1.96e-01 | 1.2s
[   799] loss=-0.3760 | res=2.57e-08 | grad=4.37e-01 | 1.2s
[   800] loss=-0.4252 | res=1.09e-08 | grad=6.15e-01 | 1.2s
[   801] loss=-0.3986 | res=2.63e-08 | grad=4.70e-01 | 1.2s
[   802] loss=-0.4088 | res=5.79e-09 | grad=5.72e-01 | 1.2s
[   803] loss=-0.3988 | res=2.26e-08 | grad=3.27e-01 | 1.2s
[   804] loss=-0.3964 | res=2.43e-08 | grad=1.87e-01 | 1.2s
[   805] loss=-0.4166 | res=2.43e-08 | grad=2.61e-01 | 1.2s
[   806] loss=-0.3488 | res=2.14e-08 | grad=6.93e-01 | 1.2s
[   807] loss=-0.4365 | res=2.36e-08 | grad=3.97e-01 | 1.2s
[   808] loss=-0.4136 | res=2.37e-08 | grad=2.67e-01 | 1.2s
[   809] loss=-0.4150 | res=2.69e-08 | grad=1.92e-01 | 1.2s
[   810] loss=-0.3854 | res=3.29e-08 | grad=4.99e-01 | 1.2s
[   811] loss=-0.3885 | res=1.69e-08 | grad=3.73e-01 | 1.2s
[   812] loss=-0.4123 | res=1.59e-08 | grad=2.85e-01 | 1.2s
[   813] loss=-0.4152 | res=1.94e-08 | grad=2.97e-01 | 1.2s
[   814] loss=-0.3836 | res=3.01e-08 | grad=4.27e-01 | 1.2s
[   815] loss=-0.4086 | res=1.08e-08 | grad=4.35e-01 | 1.2s
[   816] loss=-0.3789 | res=1.43e-08 | grad=2.03e-01 | 1.2s
[   817] loss=-0.3897 | res=2.13e-08 | grad=3.39e-01 | 1.2s
[   818] loss=-0.3930 | res=1.64e-08 | grad=3.40e-01 | 1.2s
[   819] loss=-0.4028 | res=2.54e-08 | grad=4.80e-01 | 1.2s
[   820] loss=-0.4083 | res=3.45e-08 | grad=4.01e-01 | 1.2s
[   821] loss=-0.4198 | res=2.24e-08 | grad=2.66e-01 | 1.2s
[   822] loss=-0.3802 | res=1.64e-08 | grad=3.89e-01 | 1.2s
[   823] loss=-0.4141 | res=4.51e-08 | grad=4.26e-01 | 1.2s
[   824] loss=-0.4035 | res=3.38e-08 | grad=2.87e-01 | 1.2s
[   825] loss=-0.3248 | res=1.34e-08 | grad=1.12e+00 | 1.2s
[   826] loss=-0.3935 | res=9.85e-09 | grad=1.43e-01 | 1.2s
[   827] loss=-0.4136 | res=1.64e-08 | grad=3.75e-01 | 1.1s
[   828] loss=-0.4180 | res=2.23e-08 | grad=4.75e-01 | 1.2s
[   829] loss=-0.3651 | res=1.28e-05 | grad=3.25e-01 | 1.2s
[   830] loss=-0.3845 | res=2.51e-08 | grad=2.49e-01 | 1.2s
[   831] loss=-0.3851 | res=2.71e-08 | grad=2.80e-01 | 1.2s
[   832] loss=-0.3788 | res=2.60e-08 | grad=3.44e-01 | 1.2s
[   833] loss=-0.3702 | res=2.14e-08 | grad=1.80e-01 | 1.2s
[   834] loss=-0.3983 | res=2.40e-08 | grad=2.01e-01 | 1.2s
[   835] loss=-0.3683 | res=8.58e-09 | grad=3.10e-01 | 1.2s
[   836] loss=-0.4237 | res=3.50e-08 | grad=2.70e-01 | 1.2s
[   837] loss=-0.3851 | res=1.78e-08 | grad=1.59e-01 | 1.2s
[   838] loss=-0.3793 | res=1.81e-08 | grad=3.42e-01 | 1.2s
[   839] loss=-0.3976 | res=1.65e-08 | grad=1.95e-01 | 1.2s
[   840] loss=-0.4052 | res=3.25e-06 | grad=2.48e-01 | 1.2s
[   841] loss=-0.4131 | res=1.98e-08 | grad=3.46e-01 | 1.2s
[   842] loss=-0.4065 | res=2.51e-08 | grad=3.01e-01 | 1.2s
[   843] loss=-0.4015 | res=1.09e-08 | grad=2.08e-01 | 1.2s
[   844] loss=-0.3963 | res=6.71e-09 | grad=1.93e-01 | 1.2s
[   845] loss=-0.4117 | res=1.94e-08 | grad=2.51e-01 | 1.2s
[   846] loss=-0.4300 | res=1.74e-08 | grad=4.22e-01 | 1.2s
[   847] loss=-0.3803 | res=1.88e-08 | grad=3.54e-01 | 1.2s
[   848] loss=-0.3663 | res=1.44e-08 | grad=7.31e-01 | 1.2s
[   849] loss=-0.4076 | res=1.56e-08 | grad=2.07e-01 | 1.2s
[   850] loss=-0.3927 | res=3.42e-08 | grad=2.37e-01 | 1.2s
[   851] loss=-0.4252 | res=4.11e-05 | grad=3.94e-01 | 1.2s
[   852] loss=-0.4128 | res=2.27e-08 | grad=3.20e-01 | 1.2s
[   853] loss=-0.3834 | res=2.70e-08 | grad=2.10e-01 | 1.2s
[   854] loss=-0.3959 | res=1.70e-08 | grad=1.85e-01 | 1.2s
[   855] loss=-0.3557 | res=1.31e-08 | grad=3.47e-01 | 1.2s
[   856] loss=-0.3970 | res=9.21e-09 | grad=2.24e-01 | 1.2s
[   857] loss=-0.3942 | res=9.03e-09 | grad=1.96e-01 | 1.2s
[   858] loss=-0.3804 | res=3.54e-08 | grad=2.38e-01 | 1.2s
[   859] loss=-0.4095 | res=2.96e-08 | grad=2.88e-01 | 1.2s
[   860] loss=-0.4212 | res=2.67e-08 | grad=3.59e-01 | 1.2s
[   861] loss=-0.4052 | res=1.58e-08 | grad=2.15e-01 | 1.2s
[   862] loss=-0.4360 | res=3.75e-08 | grad=2.49e-01 | 1.2s
[   863] loss=-0.4154 | res=3.08e-08 | grad=1.97e-01 | 1.2s
[   864] loss=-0.4069 | res=1.13e-08 | grad=3.59e-01 | 1.2s
[   865] loss=-0.3559 | res=2.12e-08 | grad=9.15e-01 | 1.2s
[   866] loss=-0.3887 | res=3.73e-08 | grad=5.63e-01 | 1.2s
[   867] loss=-0.3696 | res=1.34e-08 | grad=4.26e-01 | 1.2s
[   868] loss=-0.3982 | res=1.55e-08 | grad=3.42e-01 | 1.2s
[   869] loss=-0.3657 | res=4.23e-08 | grad=2.43e-01 | 1.2s
[   870] loss=-0.4485 | res=2.46e-08 | grad=1.14e+00 | 1.2s
[   871] loss=-0.3966 | res=2.29e-08 | grad=5.06e-01 | 1.2s
[   872] loss=-0.4153 | res=2.32e-08 | grad=5.42e-01 | 1.2s
[   873] loss=-0.4119 | res=1.87e-08 | grad=4.23e-01 | 1.2s
[   874] loss=-0.3710 | res=2.58e-08 | grad=3.96e-01 | 1.2s
[   875] loss=-0.3559 | res=1.28e-08 | grad=5.77e-01 | 1.2s
[   876] loss=-0.3912 | res=3.68e-08 | grad=5.34e-01 | 1.2s
[   877] loss=-0.4271 | res=2.89e-08 | grad=2.72e-01 | 1.2s
[   878] loss=-0.4431 | res=1.38e-08 | grad=4.24e-01 | 1.2s
[   879] loss=-0.3577 | res=2.87e-08 | grad=6.63e-01 | 1.2s
[   880] loss=-0.4025 | res=2.20e-08 | grad=2.05e-01 | 1.2s
[   881] loss=-0.3944 | res=1.19e-08 | grad=1.26e-01 | 1.2s
[   882] loss=-0.3961 | res=2.85e-08 | grad=2.88e-01 | 1.2s
[   883] loss=-0.3788 | res=1.21e-08 | grad=3.47e-01 | 1.2s
[   884] loss=-0.4041 | res=2.40e-08 | grad=2.69e-01 | 1.2s
[   885] loss=-0.4479 | res=2.27e-08 | grad=8.79e-01 | 1.2s
[   886] loss=-0.4327 | res=2.12e-08 | grad=6.97e-01 | 1.2s
[   887] loss=-0.4164 | res=1.24e-08 | grad=2.24e-01 | 1.2s
[   888] loss=-0.3832 | res=2.49e-08 | grad=2.49e-01 | 1.2s
[   889] loss=-0.3717 | res=1.29e-08 | grad=3.96e-01 | 1.2s
[   890] loss=-0.3893 | res=2.64e-08 | grad=5.25e-01 | 1.2s
[   891] loss=-0.3679 | res=2.96e-08 | grad=6.73e-01 | 1.2s
[   892] loss=-0.3705 | res=1.91e-08 | grad=4.15e-01 | 1.2s
[   893] loss=-0.4013 | res=2.18e-08 | grad=2.45e-01 | 1.2s
[   894] loss=-0.4291 | res=1.69e-08 | grad=5.53e-01 | 1.2s
[   895] loss=-0.3507 | res=1.38e-08 | grad=2.13e-01 | 1.2s
[   896] loss=-0.3892 | res=2.54e-08 | grad=2.41e-01 | 1.2s
[   897] loss=-0.4093 | res=3.36e-08 | grad=4.35e-01 | 1.2s
[   898] loss=-0.3906 | res=2.91e-08 | grad=3.37e-01 | 1.2s
[   899] loss=-0.3730 | res=4.39e-08 | grad=2.35e-01 | 1.2s
[   900] loss=-0.3845 | res=6.69e-06 | grad=2.21e-01 | 1.2s
[   901] loss=-0.3770 | res=1.89e-08 | grad=1.95e-01 | 1.2s
[   902] loss=-0.3668 | res=2.22e-08 | grad=2.65e-01 | 1.2s
[   903] loss=-0.3468 | res=2.08e-08 | grad=6.32e-01 | 1.2s
[   904] loss=-0.3728 | res=1.34e-08 | grad=3.41e-01 | 1.2s
[   905] loss=-0.4143 | res=2.24e-08 | grad=5.49e-01 | 1.2s
[   906] loss=-0.3538 | res=1.16e-08 | grad=2.98e-01 | 1.2s
[   907] loss=-0.4162 | res=3.00e-08 | grad=5.52e-01 | 1.2s
[   908] loss=-0.3672 | res=1.71e-08 | grad=2.21e-01 | 1.2s
[   909] loss=-0.4172 | res=1.86e-08 | grad=5.75e-01 | 1.2s
[   910] loss=-0.3600 | res=2.33e-08 | grad=3.59e-01 | 1.2s
[   911] loss=-0.3917 | res=1.88e-08 | grad=1.71e-01 | 1.2s
[   912] loss=-0.3746 | res=3.09e-08 | grad=4.09e-01 | 1.2s
[   913] loss=-0.3944 | res=1.20e-08 | grad=1.86e-01 | 1.2s
[   914] loss=-0.4057 | res=1.59e-08 | grad=3.19e-01 | 1.2s
[   915] loss=-0.4429 | res=7.17e-09 | grad=6.09e-01 | 1.2s
[   916] loss=-0.4143 | res=1.96e-08 | grad=2.39e-01 | 1.2s
[   917] loss=-0.4056 | res=2.90e-08 | grad=2.84e-01 | 1.2s
[   918] loss=-0.4116 | res=2.18e-08 | grad=2.69e-01 | 1.2s
[   919] loss=-0.4136 | res=1.89e-08 | grad=4.16e-01 | 1.2s
[   920] loss=-0.3970 | res=1.75e-08 | grad=2.91e-01 | 1.2s
[   921] loss=-0.3876 | res=1.47e-08 | grad=3.85e-01 | 1.2s
[   922] loss=-0.3985 | res=1.96e-05 | grad=2.15e-01 | 1.2s
[   923] loss=-0.4185 | res=2.82e-08 | grad=3.41e-01 | 1.2s
[   924] loss=-0.3823 | res=9.23e-09 | grad=4.99e-01 | 1.2s
[   925] loss=-0.4048 | res=1.13e-08 | grad=2.61e-01 | 1.2s
[   926] loss=-0.3598 | res=4.67e-08 | grad=3.95e-01 | 1.2s
[   927] loss=-0.3863 | res=1.76e-08 | grad=3.06e-01 | 1.2s
[   928] loss=-0.4134 | res=1.62e-08 | grad=6.86e-01 | 1.2s
[   929] loss=-0.4137 | res=2.36e-08 | grad=3.95e-01 | 1.2s
[   930] loss=-0.3925 | res=2.25e-08 | grad=2.93e-01 | 1.2s
[   931] loss=-0.3517 | res=1.79e-08 | grad=5.79e-01 | 1.2s
[   932] loss=-0.4186 | res=1.33e-08 | grad=3.75e-01 | 1.2s
[   933] loss=-0.4171 | res=7.12e-09 | grad=2.22e-01 | 1.2s
[   934] loss=-0.4131 | res=3.09e-08 | grad=1.96e-01 | 1.2s
[   935] loss=-0.3571 | res=2.98e-08 | grad=6.96e-01 | 1.2s
[   936] loss=-0.3846 | res=1.88e-08 | grad=5.01e-01 | 1.2s
[   937] loss=-0.3660 | res=3.33e-08 | grad=4.97e-01 | 1.2s
[   938] loss=-0.3985 | res=4.46e-06 | grad=3.27e-01 | 1.2s
[   939] loss=-0.4046 | res=9.05e-09 | grad=1.89e-01 | 1.2s
[   940] loss=-0.3761 | res=2.04e-08 | grad=2.77e-01 | 1.2s
[   941] loss=-0.3320 | res=2.52e-08 | grad=4.77e-01 | 1.2s
[   942] loss=-0.3666 | res=2.23e-08 | grad=2.64e-01 | 1.2s
[   943] loss=-0.3425 | res=4.36e-09 | grad=2.59e-01 | 1.2s
[   944] loss=-0.4000 | res=1.29e-08 | grad=7.11e-01 | 1.2s
[   945] loss=-0.4347 | res=2.46e-08 | grad=1.11e+00 | 1.2s
[   946] loss=-0.3660 | res=1.17e-08 | grad=2.22e-01 | 1.2s
[   947] loss=-0.3940 | res=1.67e-08 | grad=2.40e-01 | 1.2s
[   948] loss=-0.3789 | res=6.04e-06 | grad=2.53e-01 | 1.2s
[   949] loss=-0.3562 | res=2.36e-08 | grad=6.82e-01 | 1.2s
[   950] loss=-0.4017 | res=2.11e-08 | grad=3.00e-01 | 1.2s
[   951] loss=-0.3922 | res=2.59e-07 | grad=4.01e-01 | 1.2s
[   952] loss=-0.4419 | res=2.91e-08 | grad=3.90e-01 | 1.2s
[   953] loss=-0.3910 | res=2.02e-08 | grad=2.58e-01 | 1.2s
[   954] loss=-0.3778 | res=2.87e-08 | grad=3.51e-01 | 1.2s
[   955] loss=-0.4191 | res=1.55e-08 | grad=2.18e-01 | 1.2s
[   956] loss=-0.3735 | res=1.35e-08 | grad=3.14e-01 | 1.2s
[   957] loss=-0.4493 | res=1.15e-09 | grad=8.67e-01 | 1.2s
[   958] loss=-0.4030 | res=3.77e-08 | grad=2.87e-01 | 1.2s
[   959] loss=-0.4126 | res=1.24e-08 | grad=1.83e-01 | 1.2s
[   960] loss=-0.3602 | res=2.80e-08 | grad=6.36e-01 | 1.2s
[   961] loss=-0.3875 | res=3.13e-08 | grad=4.87e-01 | 1.2s
[   962] loss=-0.3752 | res=1.62e-08 | grad=4.55e-01 | 1.2s
[   963] loss=-0.3716 | res=1.46e-08 | grad=3.43e-01 | 1.2s
[   964] loss=-0.4310 | res=8.94e-09 | grad=6.46e-01 | 1.2s
[   965] loss=-0.4089 | res=1.67e-08 | grad=6.01e-01 | 1.2s
[   966] loss=-0.3694 | res=1.44e-08 | grad=1.36e-01 | 1.2s
[   967] loss=-0.4495 | res=3.12e-08 | grad=7.63e-01 | 1.2s
[   968] loss=-0.4019 | res=1.78e-08 | grad=2.44e-01 | 1.2s
[   969] loss=-0.3985 | res=1.51e-08 | grad=2.26e-01 | 1.2s
[   970] loss=-0.3964 | res=3.74e-08 | grad=2.83e-01 | 1.2s
[   971] loss=-0.3970 | res=2.88e-08 | grad=5.22e-01 | 1.2s
[   972] loss=-0.3866 | res=3.57e-08 | grad=4.67e-01 | 1.2s
[   973] loss=-0.3674 | res=7.36e-06 | grad=4.92e-01 | 1.2s
[   974] loss=-0.4049 | res=2.31e-08 | grad=1.67e-01 | 1.2s
[   975] loss=-0.3987 | res=1.75e-08 | grad=1.97e-01 | 1.2s
[   976] loss=-0.4128 | res=2.64e-08 | grad=6.36e-01 | 1.2s
[   977] loss=-0.4004 | res=2.38e-08 | grad=2.97e-01 | 1.2s
[   978] loss=-0.3670 | res=1.99e-08 | grad=2.88e-01 | 1.2s
[   979] loss=-0.3704 | res=8.19e-09 | grad=2.35e-01 | 1.2s
[   980] loss=-0.3996 | res=3.77e-08 | grad=3.06e-01 | 1.2s
[   981] loss=-0.3957 | res=1.11e-08 | grad=2.54e-01 | 1.2s
[   982] loss=-0.3232 | res=7.69e-05 | grad=7.89e-01 | 1.2s
[   983] loss=-0.4038 | res=2.27e-08 | grad=3.67e-01 | 1.2s
[   984] loss=-0.3819 | res=2.75e-08 | grad=2.91e-01 | 1.2s
[   985] loss=-0.4005 | res=2.03e-08 | grad=5.22e-01 | 1.2s
[   986] loss=-0.4273 | res=1.79e-08 | grad=7.51e-01 | 1.2s
[   987] loss=-0.3798 | res=2.13e-08 | grad=2.13e-01 | 1.2s
[   988] loss=-0.3596 | res=2.77e-08 | grad=5.73e-01 | 1.2s
[   989] loss=-0.3483 | res=1.28e-08 | grad=7.09e-01 | 1.2s
[   990] loss=-0.3967 | res=5.06e-06 | grad=2.11e-01 | 1.2s
[   991] loss=-0.3976 | res=2.13e-08 | grad=1.33e-01 | 1.2s
[   992] loss=-0.3817 | res=1.46e-08 | grad=1.79e-01 | 1.2s
[   993] loss=-0.4086 | res=2.23e-08 | grad=4.13e-01 | 1.2s
[   994] loss=-0.3922 | res=2.68e-08 | grad=1.93e-01 | 1.2s
[   995] loss=-0.3514 | res=7.94e-09 | grad=3.56e-01 | 1.2s
[   996] loss=-0.3716 | res=3.14e-08 | grad=2.32e-01 | 1.2s
[   997] loss=-0.3849 | res=1.62e-08 | grad=2.18e-01 | 1.2s
[   998] loss=-0.4033 | res=2.05e-08 | grad=2.21e-01 | 1.2s
[   999] loss=-0.3603 | res=3.43e-08 | grad=4.43e-01 | 1.2s
[  1000] loss=-0.3443 | res=1.99e-08 | grad=6.11e-01 | 1.2s
  KL = 0.0153 +/- 0.0018  |  ESS = 998.8 (ratio: 0.975)
  Runtime = 1223.6s

[Ours] Training on S7...
/home/sjbhatt/anaconda3/envs/rcpms-jax/lib/python3.10/site-packages/jax/_src/ops/scatter.py:92: FutureWarning: scatter inputs have incompatible types: cannot safely cast value from dtype=int64 to dtype=int32 with jax_numpy_dtype_promotion='standard'. In future JAX releases this will result in an error.
  warnings.warn(
/home/sjbhatt/anaconda3/envs/rcpms-jax/lib/python3.10/site-packages/jax/_src/ops/scatter.py:92: FutureWarning: scatter inputs have incompatible types: cannot safely cast value from dtype=int64 to dtype=int32 with jax_numpy_dtype_promotion='standard'. In future JAX releases this will result in an error.
  warnings.warn(
[     1] loss=0.0276 | res=2.80e-08 | grad=4.91e+00 | 6.7s
[     2] loss=-0.0689 | res=2.88e-08 | grad=4.04e+00 | 1.1s
[     3] loss=-0.1552 | res=3.71e-08 | grad=3.71e+00 | 1.1s
[     4] loss=-0.2168 | res=5.92e-08 | grad=2.87e+00 | 1.2s
[     5] loss=-0.2754 | res=4.65e-08 | grad=2.25e+00 | 1.2s
[     6] loss=-0.2801 | res=7.61e-08 | grad=1.28e+00 | 1.2s
[     7] loss=-0.3134 | res=7.91e-08 | grad=9.82e-01 | 1.1s
[     8] loss=-0.3317 | res=1.37e-06 | grad=7.44e-01 | 1.1s
[     9] loss=-0.3339 | res=9.25e-08 | grad=1.17e+00 | 1.2s
[    10] loss=-0.3280 | res=4.50e-08 | grad=1.42e+00 | 1.2s
[    11] loss=-0.3182 | res=1.19e-05 | grad=1.48e+00 | 1.2s
[    12] loss=-0.3383 | res=9.46e-08 | grad=1.41e+00 | 1.2s
[    13] loss=-0.2910 | res=2.50e-07 | grad=1.63e+00 | 1.1s
[    14] loss=-0.3180 | res=5.58e-08 | grad=1.45e+00 | 1.2s
[    15] loss=-0.3085 | res=7.09e-08 | grad=1.30e+00 | 1.2s
[    16] loss=-0.3475 | res=5.85e-08 | grad=9.65e-01 | 1.2s
[    17] loss=-0.3226 | res=7.20e-08 | grad=9.12e-01 | 1.2s
[    18] loss=-0.3336 | res=4.25e-08 | grad=9.04e-01 | 1.0s
[    19] loss=-0.3925 | res=3.39e-08 | grad=1.12e+00 | 1.0s
[    20] loss=-0.3088 | res=3.42e-08 | grad=6.43e-01 | 1.0s
[    21] loss=-0.3676 | res=4.07e-08 | grad=7.79e-01 | 1.0s
[    22] loss=-0.3271 | res=2.64e-08 | grad=7.91e-01 | 1.0s
[    23] loss=-0.3758 | res=3.76e-08 | grad=7.83e-01 | 1.2s
[    24] loss=-0.3233 | res=5.20e-08 | grad=3.80e-01 | 1.2s
[    25] loss=-0.3113 | res=6.22e-08 | grad=6.40e-01 | 1.2s
[    26] loss=-0.3116 | res=5.11e-08 | grad=9.22e-01 | 1.2s
[    27] loss=-0.3111 | res=4.45e-08 | grad=8.68e-01 | 1.2s
[    28] loss=-0.3181 | res=3.32e-08 | grad=7.11e-01 | 1.1s
[    29] loss=-0.3276 | res=3.08e-05 | grad=4.15e-01 | 1.1s
[    30] loss=-0.3285 | res=3.49e-08 | grad=3.88e-01 | 1.1s
[    31] loss=-0.3387 | res=5.08e-08 | grad=4.53e-01 | 1.1s
[    32] loss=-0.3358 | res=5.07e-08 | grad=5.16e-01 | 1.0s
[    33] loss=-0.3382 | res=4.30e-08 | grad=3.36e-01 | 1.0s
[    34] loss=-0.2944 | res=3.34e-08 | grad=5.62e-01 | 1.1s
[    35] loss=-0.3600 | res=3.50e-08 | grad=6.43e-01 | 1.0s
[    36] loss=-0.3284 | res=4.87e-08 | grad=6.89e-01 | 1.0s
[    37] loss=-0.3531 | res=6.24e-06 | grad=6.23e-01 | 0.9s
[    38] loss=-0.3222 | res=4.70e-08 | grad=6.99e-01 | 1.0s
[    39] loss=-0.3480 | res=5.10e-08 | grad=6.67e-01 | 0.9s
[    40] loss=-0.3464 | res=3.91e-08 | grad=7.07e-01 | 0.9s
[    41] loss=-0.3246 | res=4.06e-08 | grad=6.22e-01 | 1.0s
[    42] loss=-0.3122 | res=2.44e-08 | grad=5.15e-01 | 0.9s
[    43] loss=-0.3328 | res=1.70e-07 | grad=5.06e-01 | 0.9s
[    44] loss=-0.3170 | res=3.22e-08 | grad=6.91e-01 | 1.0s
[    45] loss=-0.3187 | res=4.30e-08 | grad=5.63e-01 | 1.0s
[    46] loss=-0.3326 | res=2.19e-08 | grad=7.31e-01 | 1.1s
[    47] loss=-0.3176 | res=4.17e-08 | grad=3.80e-01 | 1.0s
[    48] loss=-0.3678 | res=3.82e-06 | grad=6.83e-01 | 1.1s
[    49] loss=-0.3654 | res=2.42e-08 | grad=6.28e-01 | 1.1s
[    50] loss=-0.3340 | res=5.77e-08 | grad=3.94e-01 | 1.1s
[    51] loss=-0.3349 | res=2.09e-08 | grad=7.41e-01 | 1.1s
[    52] loss=-0.3070 | res=3.58e-08 | grad=6.95e-01 | 1.1s
[    53] loss=-0.3336 | res=3.65e-05 | grad=7.22e-01 | 1.1s
[    54] loss=-0.3031 | res=4.56e-08 | grad=7.25e-01 | 1.0s
[    55] loss=-0.3318 | res=3.40e-08 | grad=4.48e-01 | 1.0s
[    56] loss=-0.3389 | res=3.20e-08 | grad=1.12e+00 | 1.2s
[    57] loss=-0.3170 | res=2.52e-08 | grad=5.40e-01 | 1.2s
[    58] loss=-0.3200 | res=3.68e-08 | grad=3.97e-01 | 1.2s
[    59] loss=-0.3160 | res=4.20e-08 | grad=4.86e-01 | 1.2s
[    60] loss=-0.3195 | res=2.05e-08 | grad=4.12e-01 | 1.2s
[    61] loss=-0.3040 | res=3.57e-08 | grad=4.91e-01 | 1.2s
[    62] loss=-0.3049 | res=2.24e-08 | grad=5.15e-01 | 1.2s
[    63] loss=-0.2927 | res=2.73e-08 | grad=5.12e-01 | 1.2s
[    64] loss=-0.3167 | res=3.59e-08 | grad=5.91e-01 | 1.2s
[    65] loss=-0.3164 | res=2.91e-08 | grad=4.92e-01 | 1.2s
[    66] loss=-0.3513 | res=2.64e-08 | grad=8.29e-01 | 1.0s
[    67] loss=-0.3420 | res=2.12e-05 | grad=5.70e-01 | 1.0s
[    68] loss=-0.3056 | res=4.16e-08 | grad=6.66e-01 | 1.0s
[    69] loss=-0.3497 | res=2.25e-08 | grad=6.50e-01 | 1.0s
[    70] loss=-0.2991 | res=4.45e-08 | grad=6.15e-01 | 1.2s
[    71] loss=-0.3386 | res=4.17e-08 | grad=7.03e-01 | 1.2s
[    72] loss=-0.3479 | res=1.75e-05 | grad=4.73e-01 | 1.2s
[    73] loss=-0.3488 | res=3.24e-08 | grad=4.07e-01 | 1.2s
[    74] loss=-0.3193 | res=3.94e-08 | grad=4.63e-01 | 1.2s
[    75] loss=-0.3416 | res=8.80e-05 | grad=3.41e-01 | 1.2s
[    76] loss=-0.3547 | res=4.57e-08 | grad=3.71e-01 | 1.2s
[    77] loss=-0.3251 | res=5.56e-08 | grad=4.70e-01 | 1.2s
[    78] loss=-0.3405 | res=3.64e-08 | grad=5.55e-01 | 1.2s
[    79] loss=-0.3125 | res=3.37e-08 | grad=5.91e-01 | 1.1s
[    80] loss=-0.3256 | res=4.26e-08 | grad=5.68e-01 | 1.0s
[    81] loss=-0.3121 | res=3.24e-08 | grad=4.85e-01 | 0.9s
[    82] loss=-0.3393 | res=3.27e-08 | grad=5.67e-01 | 1.1s
[    83] loss=-0.3330 | res=2.14e-08 | grad=4.82e-01 | 1.0s
[    84] loss=-0.3187 | res=4.22e-08 | grad=5.83e-01 | 1.1s
[    85] loss=-0.3244 | res=2.28e-08 | grad=7.04e-01 | 0.9s
[    86] loss=-0.3416 | res=1.98e-08 | grad=4.52e-01 | 1.1s
[    87] loss=-0.3318 | res=2.31e-08 | grad=7.05e-01 | 1.1s
[    88] loss=-0.3536 | res=2.34e-08 | grad=5.83e-01 | 1.1s
[    89] loss=-0.3214 | res=3.60e-08 | grad=7.76e-01 | 1.1s
[    90] loss=-0.3254 | res=3.45e-08 | grad=5.43e-01 | 1.1s
[    91] loss=-0.3115 | res=3.86e-08 | grad=4.97e-01 | 1.1s
[    92] loss=-0.3211 | res=2.77e-08 | grad=5.34e-01 | 1.0s
[    93] loss=-0.3098 | res=2.56e-08 | grad=6.24e-01 | 1.1s
[    94] loss=-0.3622 | res=3.42e-08 | grad=5.26e-01 | 1.1s
[    95] loss=-0.3063 | res=3.95e-08 | grad=5.15e-01 | 1.0s
[    96] loss=-0.3626 | res=2.78e-08 | grad=5.26e-01 | 1.0s
[    97] loss=-0.3372 | res=3.47e-08 | grad=4.44e-01 | 1.0s
[    98] loss=-0.3780 | res=3.29e-08 | grad=7.32e-01 | 1.0s
[    99] loss=-0.3242 | res=4.71e-08 | grad=4.34e-01 | 1.1s
[   100] loss=-0.3292 | res=2.15e-05 | grad=6.16e-01 | 1.0s
[   101] loss=-0.3509 | res=3.11e-08 | grad=5.62e-01 | 1.0s
[   102] loss=-0.3541 | res=5.54e-08 | grad=3.55e-01 | 1.0s
[   103] loss=-0.3173 | res=1.26e-08 | grad=7.66e-01 | 1.0s
[   104] loss=-0.3297 | res=2.33e-06 | grad=3.51e-01 | 1.2s
[   105] loss=-0.3292 | res=3.06e-06 | grad=3.32e-01 | 1.2s
[   106] loss=-0.3471 | res=2.82e-08 | grad=3.83e-01 | 1.2s
[   107] loss=-0.3242 | res=2.14e-08 | grad=5.18e-01 | 1.2s
[   108] loss=-0.3216 | res=1.81e-08 | grad=4.35e-01 | 1.2s
[   109] loss=-0.3445 | res=1.65e-08 | grad=4.48e-01 | 1.2s
[   110] loss=-0.3854 | res=4.73e-08 | grad=9.51e-01 | 1.2s
[   111] loss=-0.3988 | res=1.99e-08 | grad=9.50e-01 | 1.2s
[   112] loss=-0.3234 | res=1.23e-08 | grad=5.46e-01 | 1.2s
[   113] loss=-0.3630 | res=3.89e-08 | grad=5.10e-01 | 1.2s
[   114] loss=-0.3592 | res=1.86e-06 | grad=7.22e-01 | 1.2s
[   115] loss=-0.3334 | res=6.00e-08 | grad=6.39e-01 | 1.1s
[   116] loss=-0.3606 | res=6.56e-08 | grad=5.69e-01 | 1.0s
[   117] loss=-0.3349 | res=3.32e-08 | grad=4.73e-01 | 1.0s
[   118] loss=-0.3442 | res=3.70e-08 | grad=5.49e-01 | 1.2s
[   119] loss=-0.3161 | res=4.50e-08 | grad=7.48e-01 | 1.2s
[   120] loss=-0.3526 | res=3.31e-08 | grad=6.33e-01 | 1.2s
[   121] loss=-0.3292 | res=2.38e-08 | grad=6.40e-01 | 1.2s
[   122] loss=-0.3387 | res=3.31e-08 | grad=3.70e-01 | 1.2s
[   123] loss=-0.3480 | res=5.29e-06 | grad=5.74e-01 | 1.2s
[   124] loss=-0.3301 | res=3.20e-08 | grad=4.76e-01 | 1.1s
[   125] loss=-0.3284 | res=1.18e-06 | grad=5.60e-01 | 1.2s
[   126] loss=-0.3040 | res=2.86e-08 | grad=4.22e-01 | 1.2s
[   127] loss=-0.3702 | res=2.37e-08 | grad=7.48e-01 | 1.2s
[   128] loss=-0.3563 | res=1.17e-08 | grad=5.27e-01 | 1.2s
[   129] loss=-0.3487 | res=3.45e-08 | grad=4.94e-01 | 1.0s
[   130] loss=-0.3121 | res=4.12e-08 | grad=5.37e-01 | 1.1s
[   131] loss=-0.2992 | res=1.84e-05 | grad=6.91e-01 | 1.2s
[   132] loss=-0.3396 | res=6.40e-07 | grad=7.78e-01 | 1.2s
[   133] loss=-0.3031 | res=4.77e-07 | grad=6.54e-01 | 1.2s
[   134] loss=-0.3283 | res=3.22e-08 | grad=5.57e-01 | 1.2s
[   135] loss=-0.3082 | res=4.68e-08 | grad=6.35e-01 | 1.2s
[   136] loss=-0.3578 | res=3.36e-08 | grad=5.20e-01 | 1.2s
[   137] loss=-0.3462 | res=2.92e-08 | grad=4.76e-01 | 1.2s
[   138] loss=-0.3151 | res=6.51e-06 | grad=5.47e-01 | 1.1s
[   139] loss=-0.3259 | res=4.02e-08 | grad=4.38e-01 | 1.1s
[   140] loss=-0.3068 | res=2.89e-08 | grad=4.02e-01 | 1.2s
[   141] loss=-0.3477 | res=2.16e-08 | grad=3.41e-01 | 1.2s
[   142] loss=-0.2939 | res=5.80e-08 | grad=4.74e-01 | 1.0s
[   143] loss=-0.3624 | res=3.43e-08 | grad=5.63e-01 | 1.1s
[   144] loss=-0.3242 | res=3.03e-08 | grad=6.22e-01 | 1.0s
[   145] loss=-0.3341 | res=5.00e-08 | grad=6.89e-01 | 1.2s
[   146] loss=-0.3369 | res=1.72e-08 | grad=3.33e-01 | 1.2s
[   147] loss=-0.3433 | res=2.41e-05 | grad=4.65e-01 | 1.2s
[   148] loss=-0.3405 | res=3.79e-08 | grad=3.18e-01 | 1.2s
[   149] loss=-0.3363 | res=7.35e-05 | grad=3.86e-01 | 1.2s
[   150] loss=-0.3141 | res=7.28e-07 | grad=6.47e-01 | 1.2s
[   151] loss=-0.3228 | res=3.86e-08 | grad=4.83e-01 | 1.2s
[   152] loss=-0.3531 | res=2.99e-08 | grad=2.47e-01 | 1.2s
[   153] loss=-0.3148 | res=4.88e-06 | grad=4.17e-01 | 1.2s
[   154] loss=-0.3234 | res=1.23e-06 | grad=5.44e-01 | 1.2s
[   155] loss=-0.2772 | res=4.30e-08 | grad=6.58e-01 | 1.2s
[   156] loss=-0.3387 | res=2.03e-08 | grad=3.55e-01 | 1.2s
[   157] loss=-0.3403 | res=2.70e-08 | grad=6.93e-01 | 1.2s
[   158] loss=-0.3243 | res=5.48e-08 | grad=5.22e-01 | 1.2s
[   159] loss=-0.3090 | res=4.00e-08 | grad=5.50e-01 | 1.1s
[   160] loss=-0.3142 | res=3.41e-08 | grad=4.14e-01 | 1.2s
[   161] loss=-0.2969 | res=1.63e-08 | grad=3.86e-01 | 1.2s
[   162] loss=-0.3520 | res=4.76e-08 | grad=8.07e-01 | 1.2s
[   163] loss=-0.3481 | res=3.19e-05 | grad=5.40e-01 | 1.2s
[   164] loss=-0.3167 | res=3.29e-08 | grad=3.99e-01 | 1.1s
[   165] loss=-0.3201 | res=1.88e-08 | grad=2.78e-01 | 1.2s
[   166] loss=-0.3625 | res=3.18e-08 | grad=5.13e-01 | 1.0s
[   167] loss=-0.3241 | res=6.43e-08 | grad=7.37e-01 | 1.1s
[   168] loss=-0.3468 | res=3.27e-08 | grad=2.98e-01 | 1.1s
[   169] loss=-0.3701 | res=4.90e-08 | grad=4.62e-01 | 1.0s
[   170] loss=-0.3572 | res=1.88e-08 | grad=2.80e-01 | 1.1s
[   171] loss=-0.2827 | res=3.30e-08 | grad=8.43e-01 | 1.2s
[   172] loss=-0.3064 | res=1.91e-05 | grad=5.00e-01 | 1.2s
[   173] loss=-0.3634 | res=1.45e-08 | grad=5.60e-01 | 1.2s
[   174] loss=-0.3417 | res=2.89e-08 | grad=4.43e-01 | 1.2s
[   175] loss=-0.3417 | res=1.30e-08 | grad=3.42e-01 | 1.0s
[   176] loss=-0.3094 | res=1.81e-08 | grad=4.32e-01 | 1.0s
[   177] loss=-0.3551 | res=2.51e-08 | grad=5.19e-01 | 1.0s
[   178] loss=-0.3658 | res=5.07e-08 | grad=4.92e-01 | 1.0s
[   179] loss=-0.3459 | res=1.47e-08 | grad=3.20e-01 | 1.0s
[   180] loss=-0.3742 | res=2.59e-08 | grad=6.53e-01 | 1.0s
[   181] loss=-0.3574 | res=1.99e-08 | grad=4.61e-01 | 1.0s
[   182] loss=-0.3241 | res=3.35e-08 | grad=4.81e-01 | 1.0s
[   183] loss=-0.3457 | res=2.75e-08 | grad=4.96e-01 | 1.0s
[   184] loss=-0.3515 | res=1.41e-05 | grad=4.66e-01 | 1.0s
[   185] loss=-0.2965 | res=4.77e-08 | grad=8.21e-01 | 1.0s
[   186] loss=-0.3275 | res=1.44e-08 | grad=5.78e-01 | 1.0s
[   187] loss=-0.3930 | res=2.11e-08 | grad=5.68e-01 | 1.0s
[   188] loss=-0.3446 | res=3.82e-08 | grad=5.57e-01 | 1.0s
[   189] loss=-0.3279 | res=4.26e-08 | grad=4.55e-01 | 1.0s
[   190] loss=-0.3458 | res=1.74e-08 | grad=3.82e-01 | 1.0s
[   191] loss=-0.3207 | res=2.21e-08 | grad=3.39e-01 | 1.0s
[   192] loss=-0.3345 | res=2.31e-08 | grad=5.56e-01 | 1.1s
[   193] loss=-0.3178 | res=2.55e-08 | grad=4.52e-01 | 1.2s
[   194] loss=-0.3846 | res=2.88e-08 | grad=8.28e-01 | 1.2s
[   195] loss=-0.3498 | res=2.01e-08 | grad=4.70e-01 | 1.2s
[   196] loss=-0.3817 | res=2.60e-08 | grad=4.14e-01 | 1.2s
[   197] loss=-0.3231 | res=5.78e-08 | grad=3.67e-01 | 1.2s
[   198] loss=-0.3025 | res=5.13e-08 | grad=8.24e-01 | 1.2s
[   199] loss=-0.3316 | res=6.65e-06 | grad=6.28e-01 | 1.2s
[   200] loss=-0.3235 | res=3.40e-08 | grad=5.09e-01 | 1.1s
[   201] loss=-0.3200 | res=3.49e-08 | grad=3.51e-01 | 1.1s
[   202] loss=-0.3173 | res=2.58e-08 | grad=4.06e-01 | 1.2s
[   203] loss=-0.3783 | res=1.43e-05 | grad=7.41e-01 | 1.2s
[   204] loss=-0.3482 | res=3.28e-08 | grad=4.50e-01 | 1.2s
[   205] loss=-0.3295 | res=4.91e-08 | grad=3.33e-01 | 1.2s
[   206] loss=-0.3189 | res=3.73e-08 | grad=2.87e-01 | 1.2s
[   207] loss=-0.3665 | res=7.13e-05 | grad=6.25e-01 | 1.2s
[   208] loss=-0.3343 | res=3.53e-08 | grad=3.42e-01 | 1.2s
[   209] loss=-0.3232 | res=2.90e-08 | grad=5.58e-01 | 1.2s
[   210] loss=-0.3017 | res=3.42e-08 | grad=4.54e-01 | 1.2s
[   211] loss=-0.3345 | res=2.88e-08 | grad=3.14e-01 | 1.2s
[   212] loss=-0.3079 | res=2.80e-08 | grad=4.00e-01 | 1.0s
[   213] loss=-0.3906 | res=1.47e-05 | grad=1.04e+00 | 1.0s
[   214] loss=-0.3137 | res=3.09e-08 | grad=3.25e-01 | 1.2s
[   215] loss=-0.3651 | res=2.42e-08 | grad=6.75e-01 | 1.2s
[   216] loss=-0.3169 | res=4.43e-08 | grad=5.20e-01 | 1.2s
[   217] loss=-0.3085 | res=1.99e-08 | grad=6.06e-01 | 1.2s
[   218] loss=-0.3556 | res=2.75e-08 | grad=3.91e-01 | 1.2s
[   219] loss=-0.3273 | res=1.89e-08 | grad=5.19e-01 | 1.2s
[   220] loss=-0.3235 | res=2.58e-08 | grad=3.94e-01 | 1.2s
[   221] loss=-0.3279 | res=1.98e-08 | grad=4.58e-01 | 1.2s
[   222] loss=-0.3577 | res=3.85e-08 | grad=2.92e-01 | 1.2s
[   223] loss=-0.3272 | res=4.97e-08 | grad=4.63e-01 | 1.2s
[   224] loss=-0.3137 | res=3.06e-08 | grad=4.66e-01 | 1.2s
[   225] loss=-0.3503 | res=3.45e-08 | grad=6.71e-01 | 1.2s
[   226] loss=-0.3387 | res=1.33e-08 | grad=4.75e-01 | 1.1s
[   227] loss=-0.3602 | res=2.44e-08 | grad=3.89e-01 | 1.0s
[   228] loss=-0.3060 | res=2.60e-08 | grad=4.15e-01 | 1.0s
[   229] loss=-0.3064 | res=3.41e-08 | grad=5.35e-01 | 1.0s
[   230] loss=-0.3330 | res=2.40e-08 | grad=3.55e-01 | 1.0s
[   231] loss=-0.3531 | res=3.33e-08 | grad=3.34e-01 | 1.0s
[   232] loss=-0.3223 | res=1.94e-08 | grad=3.01e-01 | 1.0s
[   233] loss=-0.3480 | res=1.50e-05 | grad=5.15e-01 | 1.1s
[   234] loss=-0.3431 | res=4.18e-05 | grad=5.42e-01 | 1.1s
[   235] loss=-0.3166 | res=2.00e-08 | grad=5.04e-01 | 1.0s
[   236] loss=-0.3728 | res=2.45e-08 | grad=5.92e-01 | 1.0s
[   237] loss=-0.3335 | res=3.07e-08 | grad=3.89e-01 | 1.0s
[   238] loss=-0.3466 | res=1.89e-08 | grad=5.30e-01 | 1.1s
[   239] loss=-0.3456 | res=3.15e-08 | grad=4.84e-01 | 1.0s
[   240] loss=-0.3534 | res=3.26e-08 | grad=3.22e-01 | 1.1s
[   241] loss=-0.3831 | res=3.97e-08 | grad=5.94e-01 | 1.1s
[   242] loss=-0.3314 | res=3.26e-08 | grad=5.40e-01 | 1.1s
[   243] loss=-0.3129 | res=3.49e-08 | grad=6.33e-01 | 1.1s
[   244] loss=-0.3370 | res=4.60e-08 | grad=3.67e-01 | 1.2s
[   245] loss=-0.3339 | res=3.09e-08 | grad=2.78e-01 | 1.2s
[   246] loss=-0.3311 | res=2.40e-08 | grad=5.51e-01 | 1.2s
[   247] loss=-0.3414 | res=5.19e-08 | grad=2.90e-01 | 1.2s
[   248] loss=-0.3906 | res=1.75e-08 | grad=8.07e-01 | 1.2s
[   249] loss=-0.3228 | res=3.58e-08 | grad=5.21e-01 | 1.2s
[   250] loss=-0.3213 | res=3.19e-08 | grad=3.07e-01 | 1.2s
[   251] loss=-0.3329 | res=2.27e-08 | grad=4.11e-01 | 1.2s
[   252] loss=-0.3247 | res=3.86e-08 | grad=3.90e-01 | 1.2s
[   253] loss=-0.3254 | res=2.47e-08 | grad=4.58e-01 | 1.0s
[   254] loss=-0.3236 | res=4.01e-08 | grad=3.60e-01 | 1.2s
[   255] loss=-0.3202 | res=3.34e-08 | grad=2.60e-01 | 1.1s
[   256] loss=-0.3587 | res=3.29e-08 | grad=6.30e-01 | 1.2s
[   257] loss=-0.3268 | res=3.00e-08 | grad=3.94e-01 | 1.2s
[   258] loss=-0.3193 | res=5.18e-08 | grad=3.60e-01 | 1.2s
[   259] loss=-0.3250 | res=3.57e-08 | grad=3.00e-01 | 1.2s
[   260] loss=-0.3231 | res=2.49e-08 | grad=6.05e-01 | 1.2s
[   261] loss=-0.3259 | res=1.85e-08 | grad=4.36e-01 | 1.2s
[   262] loss=-0.3409 | res=2.84e-08 | grad=3.07e-01 | 1.2s
[   263] loss=-0.3094 | res=9.14e-09 | grad=3.91e-01 | 1.2s
[   264] loss=-0.3048 | res=2.18e-06 | grad=4.04e-01 | 1.1s
[   265] loss=-0.3111 | res=3.41e-08 | grad=4.20e-01 | 1.0s
[   266] loss=-0.3815 | res=1.86e-08 | grad=8.00e-01 | 1.2s
[   267] loss=-0.3139 | res=4.15e-08 | grad=5.15e-01 | 1.2s
[   268] loss=-0.3305 | res=1.16e-08 | grad=2.15e-01 | 1.2s
[   269] loss=-0.3520 | res=3.13e-08 | grad=4.49e-01 | 1.1s
[   270] loss=-0.3661 | res=3.18e-08 | grad=4.20e-01 | 1.1s
[   271] loss=-0.3219 | res=2.65e-08 | grad=3.79e-01 | 1.1s
[   272] loss=-0.3151 | res=1.71e-08 | grad=4.02e-01 | 1.1s
[   273] loss=-0.3676 | res=3.68e-08 | grad=4.15e-01 | 1.1s
[   274] loss=-0.3208 | res=3.10e-08 | grad=5.88e-01 | 1.2s
[   275] loss=-0.3708 | res=2.70e-08 | grad=3.44e-01 | 1.2s
[   276] loss=-0.3209 | res=3.42e-08 | grad=6.14e-01 | 1.1s
[   277] loss=-0.3358 | res=3.16e-08 | grad=4.36e-01 | 1.1s
[   278] loss=-0.3696 | res=2.60e-08 | grad=4.00e-01 | 1.2s
[   279] loss=-0.3374 | res=3.06e-08 | grad=4.44e-01 | 1.2s
[   280] loss=-0.3564 | res=3.06e-08 | grad=3.39e-01 | 1.2s
[   281] loss=-0.2841 | res=2.51e-08 | grad=6.97e-01 | 1.1s
[   282] loss=-0.3407 | res=2.01e-06 | grad=5.27e-01 | 1.2s
[   283] loss=-0.3605 | res=3.55e-08 | grad=5.47e-01 | 1.2s
[   284] loss=-0.3574 | res=2.96e-08 | grad=6.35e-01 | 1.2s
[   285] loss=-0.3256 | res=3.74e-08 | grad=4.51e-01 | 1.0s
[   286] loss=-0.3531 | res=2.68e-08 | grad=4.68e-01 | 1.1s
[   287] loss=-0.3302 | res=1.84e-08 | grad=2.46e-01 | 1.0s
[   288] loss=-0.3306 | res=4.62e-08 | grad=3.43e-01 | 1.0s
[   289] loss=-0.3187 | res=2.64e-08 | grad=5.28e-01 | 1.2s
[   290] loss=-0.3475 | res=3.84e-08 | grad=2.50e-01 | 1.2s
[   291] loss=-0.3383 | res=3.44e-08 | grad=3.63e-01 | 1.2s
[   292] loss=-0.3467 | res=3.63e-08 | grad=5.99e-01 | 1.1s
[   293] loss=-0.3589 | res=1.85e-08 | grad=4.58e-01 | 1.0s
[   294] loss=-0.2897 | res=1.38e-08 | grad=6.64e-01 | 1.1s
[   295] loss=-0.3189 | res=3.06e-08 | grad=4.05e-01 | 1.1s
[   296] loss=-0.3294 | res=3.15e-08 | grad=3.58e-01 | 1.2s
[   297] loss=-0.3089 | res=1.94e-08 | grad=3.18e-01 | 1.2s
[   298] loss=-0.3265 | res=2.33e-08 | grad=3.66e-01 | 1.1s
[   299] loss=-0.3486 | res=3.62e-08 | grad=4.89e-01 | 1.0s
[   300] loss=-0.3341 | res=3.70e-08 | grad=5.16e-01 | 1.1s
[   301] loss=-0.3407 | res=2.20e-08 | grad=5.89e-01 | 1.2s
[   302] loss=-0.3410 | res=2.37e-07 | grad=4.63e-01 | 1.2s
[   303] loss=-0.3146 | res=2.59e-08 | grad=4.36e-01 | 1.2s
[   304] loss=-0.3394 | res=2.96e-08 | grad=3.72e-01 | 1.2s
[   305] loss=-0.3252 | res=3.72e-08 | grad=5.87e-01 | 1.2s
[   306] loss=-0.3587 | res=5.35e-05 | grad=3.98e-01 | 1.2s
[   307] loss=-0.3316 | res=1.97e-08 | grad=4.89e-01 | 1.2s
[   308] loss=-0.3495 | res=2.83e-08 | grad=2.51e-01 | 1.2s
[   309] loss=-0.3298 | res=1.32e-05 | grad=4.76e-01 | 1.2s
[   310] loss=-0.3538 | res=3.71e-08 | grad=4.97e-01 | 1.2s
[   311] loss=-0.3421 | res=2.23e-08 | grad=3.19e-01 | 1.2s
[   312] loss=-0.3270 | res=4.17e-05 | grad=3.80e-01 | 1.2s
[   313] loss=-0.3256 | res=2.52e-08 | grad=3.73e-01 | 1.2s
[   314] loss=-0.3563 | res=3.94e-08 | grad=5.31e-01 | 1.2s
[   315] loss=-0.3222 | res=2.97e-08 | grad=3.60e-01 | 1.1s
[   316] loss=-0.3544 | res=4.87e-08 | grad=5.45e-01 | 1.2s
[   317] loss=-0.3172 | res=2.72e-08 | grad=4.18e-01 | 1.2s
[   318] loss=-0.3198 | res=2.71e-08 | grad=6.03e-01 | 1.2s
[   319] loss=-0.3469 | res=4.26e-08 | grad=4.47e-01 | 1.1s
[   320] loss=-0.3590 | res=3.91e-08 | grad=3.88e-01 | 1.1s
[   321] loss=-0.3768 | res=2.14e-08 | grad=6.26e-01 | 1.1s
[   322] loss=-0.4005 | res=2.63e-08 | grad=5.51e-01 | 1.1s
[   323] loss=-0.3280 | res=1.08e-05 | grad=4.30e-01 | 1.1s
[   324] loss=-0.3274 | res=3.30e-06 | grad=8.07e-01 | 1.0s
[   325] loss=-0.3309 | res=3.82e-08 | grad=6.65e-01 | 1.2s
[   326] loss=-0.3265 | res=1.19e-05 | grad=5.93e-01 | 1.0s
[   327] loss=-0.3792 | res=2.16e-08 | grad=2.92e-01 | 1.0s
[   328] loss=-0.3832 | res=2.22e-08 | grad=5.85e-01 | 1.2s
[   329] loss=-0.3748 | res=4.07e-08 | grad=4.86e-01 | 1.2s
[   330] loss=-0.3791 | res=1.95e-08 | grad=4.95e-01 | 1.2s
[   331] loss=-0.3478 | res=1.94e-08 | grad=3.23e-01 | 1.2s
[   332] loss=-0.3452 | res=4.17e-08 | grad=3.62e-01 | 1.2s
[   333] loss=-0.3653 | res=2.50e-08 | grad=3.32e-01 | 1.0s
[   334] loss=-0.3603 | res=2.41e-08 | grad=3.84e-01 | 1.2s
[   335] loss=-0.3840 | res=2.54e-08 | grad=4.14e-01 | 1.2s
[   336] loss=-0.3307 | res=4.19e-07 | grad=5.18e-01 | 1.2s
[   337] loss=-0.3433 | res=2.87e-08 | grad=3.95e-01 | 1.2s
[   338] loss=-0.3019 | res=4.20e-08 | grad=7.47e-01 | 1.2s
[   339] loss=-0.3456 | res=3.09e-08 | grad=3.17e-01 | 1.2s
[   340] loss=-0.3305 | res=1.78e-08 | grad=3.34e-01 | 1.1s
[   341] loss=-0.3078 | res=3.18e-08 | grad=3.07e-01 | 1.2s
[   342] loss=-0.3593 | res=3.34e-08 | grad=6.20e-01 | 1.2s
[   343] loss=-0.3198 | res=6.49e-09 | grad=3.66e-01 | 1.2s
[   344] loss=-0.3530 | res=3.36e-08 | grad=5.51e-01 | 1.2s
[   345] loss=-0.3084 | res=2.53e-08 | grad=4.87e-01 | 1.2s
[   346] loss=-0.3051 | res=3.08e-06 | grad=6.01e-01 | 1.2s
[   347] loss=-0.3504 | res=2.57e-08 | grad=4.93e-01 | 1.2s
[   348] loss=-0.3373 | res=2.83e-08 | grad=2.85e-01 | 1.2s
[   349] loss=-0.3461 | res=2.77e-08 | grad=4.60e-01 | 1.2s
[   350] loss=-0.3277 | res=2.08e-08 | grad=3.60e-01 | 1.2s
[   351] loss=-0.3195 | res=4.02e-08 | grad=3.99e-01 | 1.1s
[   352] loss=-0.3782 | res=3.58e-07 | grad=5.85e-01 | 1.1s
[   353] loss=-0.3685 | res=2.12e-08 | grad=4.85e-01 | 1.2s
[   354] loss=-0.3510 | res=2.94e-08 | grad=3.58e-01 | 1.2s
[   355] loss=-0.3446 | res=2.67e-08 | grad=4.16e-01 | 1.2s
[   356] loss=-0.3447 | res=5.56e-06 | grad=5.62e-01 | 1.2s
[   357] loss=-0.3337 | res=2.67e-06 | grad=4.72e-01 | 1.2s
[   358] loss=-0.3425 | res=1.60e-08 | grad=4.65e-01 | 1.2s
[   359] loss=-0.3482 | res=3.51e-08 | grad=5.16e-01 | 1.2s
[   360] loss=-0.3385 | res=1.99e-08 | grad=3.70e-01 | 1.2s
[   361] loss=-0.3668 | res=2.31e-08 | grad=5.10e-01 | 1.2s
[   362] loss=-0.3457 | res=2.12e-08 | grad=4.26e-01 | 1.2s
[   363] loss=-0.3596 | res=3.26e-08 | grad=6.25e-01 | 1.1s
[   364] loss=-0.3100 | res=4.54e-06 | grad=5.05e-01 | 1.2s
[   365] loss=-0.3073 | res=2.80e-08 | grad=3.40e-01 | 1.1s
[   366] loss=-0.3330 | res=2.86e-08 | grad=3.83e-01 | 1.1s
[   367] loss=-0.3427 | res=3.59e-06 | grad=3.87e-01 | 1.1s
[   368] loss=-0.3550 | res=4.16e-08 | grad=3.02e-01 | 1.1s
[   369] loss=-0.2824 | res=2.01e-08 | grad=7.20e-01 | 1.2s
[   370] loss=-0.3060 | res=1.97e-08 | grad=3.06e-01 | 1.2s
[   371] loss=-0.3390 | res=4.35e-08 | grad=4.81e-01 | 1.2s
[   372] loss=-0.3377 | res=5.92e-08 | grad=5.02e-01 | 1.2s
[   373] loss=-0.3515 | res=3.45e-08 | grad=6.46e-01 | 1.2s
[   374] loss=-0.3228 | res=2.69e-08 | grad=2.95e-01 | 1.2s
[   375] loss=-0.3086 | res=2.87e-08 | grad=3.42e-01 | 1.2s
[   376] loss=-0.3522 | res=3.25e-08 | grad=2.52e-01 | 1.2s
[   377] loss=-0.3226 | res=2.60e-08 | grad=3.19e-01 | 1.2s
[   378] loss=-0.3498 | res=2.46e-08 | grad=2.20e-01 | 1.2s
[   379] loss=-0.2907 | res=2.97e-08 | grad=6.17e-01 | 1.2s
[   380] loss=-0.3187 | res=2.45e-08 | grad=3.99e-01 | 1.2s
[   381] loss=-0.3387 | res=8.53e-06 | grad=2.67e-01 | 1.2s
[   382] loss=-0.3740 | res=2.03e-08 | grad=7.30e-01 | 1.2s
[   383] loss=-0.2974 | res=3.14e-08 | grad=6.27e-01 | 1.2s
[   384] loss=-0.3636 | res=5.23e-06 | grad=5.55e-01 | 1.2s
[   385] loss=-0.2909 | res=2.16e-08 | grad=5.74e-01 | 1.1s
[   386] loss=-0.3300 | res=3.79e-06 | grad=3.29e-01 | 1.2s
[   387] loss=-0.3379 | res=2.39e-08 | grad=3.07e-01 | 1.2s
[   388] loss=-0.3323 | res=1.91e-08 | grad=4.17e-01 | 1.2s
[   389] loss=-0.3202 | res=1.24e-08 | grad=2.68e-01 | 1.2s
[   390] loss=-0.3366 | res=3.40e-08 | grad=3.20e-01 | 1.2s
[   391] loss=-0.3281 | res=1.89e-08 | grad=2.86e-01 | 1.2s
[   392] loss=-0.3329 | res=2.64e-08 | grad=2.30e-01 | 1.2s
[   393] loss=-0.3649 | res=1.75e-08 | grad=3.05e-01 | 1.2s
[   394] loss=-0.3536 | res=4.41e-08 | grad=3.52e-01 | 1.2s
[   395] loss=-0.3076 | res=2.34e-08 | grad=6.68e-01 | 1.2s
[   396] loss=-0.3504 | res=2.40e-08 | grad=4.31e-01 | 1.1s
[   397] loss=-0.3403 | res=2.36e-08 | grad=3.97e-01 | 1.1s
[   398] loss=-0.3531 | res=3.58e-08 | grad=3.26e-01 | 1.1s
[   399] loss=-0.3109 | res=5.36e-08 | grad=7.24e-01 | 1.2s
[   400] loss=-0.3168 | res=3.50e-08 | grad=4.80e-01 | 1.2s
[   401] loss=-0.3269 | res=2.06e-08 | grad=3.11e-01 | 1.2s
[   402] loss=-0.3563 | res=3.63e-08 | grad=5.10e-01 | 1.1s
[   403] loss=-0.3425 | res=2.70e-08 | grad=4.95e-01 | 1.1s
[   404] loss=-0.3093 | res=2.29e-08 | grad=3.24e-01 | 1.1s
[   405] loss=-0.3614 | res=3.13e-08 | grad=8.18e-01 | 1.1s
[   406] loss=-0.3717 | res=3.54e-08 | grad=5.94e-01 | 1.2s
[   407] loss=-0.3499 | res=1.92e-08 | grad=3.81e-01 | 1.1s
[   408] loss=-0.3249 | res=3.25e-08 | grad=3.46e-01 | 1.1s
[   409] loss=-0.3528 | res=4.23e-08 | grad=3.87e-01 | 1.0s
[   410] loss=-0.3128 | res=3.35e-08 | grad=7.65e-01 | 1.0s
[   411] loss=-0.3274 | res=3.27e-08 | grad=4.96e-01 | 1.1s
[   412] loss=-0.3059 | res=4.69e-08 | grad=7.28e-01 | 1.0s
[   413] loss=-0.3225 | res=3.34e-08 | grad=4.73e-01 | 1.2s
[   414] loss=-0.3422 | res=3.16e-08 | grad=3.66e-01 | 1.2s
[   415] loss=-0.3642 | res=3.31e-08 | grad=6.06e-01 | 1.1s
[   416] loss=-0.3503 | res=3.64e-08 | grad=5.81e-01 | 1.2s
[   417] loss=-0.3114 | res=1.19e-08 | grad=3.32e-01 | 1.2s
[   418] loss=-0.3602 | res=2.00e-08 | grad=7.32e-01 | 1.2s
[   419] loss=-0.3687 | res=1.68e-08 | grad=5.27e-01 | 1.2s
[   420] loss=-0.3378 | res=7.52e-06 | grad=3.01e-01 | 1.2s
[   421] loss=-0.3407 | res=2.65e-08 | grad=4.01e-01 | 1.2s
[   422] loss=-0.3725 | res=2.68e-08 | grad=2.80e-01 | 1.2s
[   423] loss=-0.2927 | res=5.53e-08 | grad=1.14e+00 | 1.2s
[   424] loss=-0.3722 | res=2.60e-08 | grad=3.90e-01 | 1.2s
[   425] loss=-0.3617 | res=3.58e-08 | grad=3.40e-01 | 1.2s
[   426] loss=-0.3798 | res=3.32e-08 | grad=3.30e-01 | 1.2s
[   427] loss=-0.2897 | res=5.44e-08 | grad=7.31e-01 | 1.2s
[   428] loss=-0.2981 | res=2.19e-08 | grad=7.06e-01 | 1.2s
[   429] loss=-0.3342 | res=2.20e-08 | grad=3.51e-01 | 1.1s
[   430] loss=-0.3456 | res=6.86e-09 | grad=5.85e-01 | 1.0s
[   431] loss=-0.3303 | res=2.67e-08 | grad=5.09e-01 | 1.2s
[   432] loss=-0.3394 | res=2.12e-08 | grad=5.03e-01 | 1.2s
[   433] loss=-0.3551 | res=2.40e-06 | grad=6.66e-01 | 1.2s
[   434] loss=-0.3355 | res=3.06e-08 | grad=3.27e-01 | 1.2s
[   435] loss=-0.3661 | res=3.37e-08 | grad=5.10e-01 | 1.2s
[   436] loss=-0.3633 | res=2.90e-08 | grad=3.01e-01 | 1.2s
[   437] loss=-0.3580 | res=2.48e-08 | grad=3.93e-01 | 1.2s
[   438] loss=-0.3356 | res=3.39e-08 | grad=8.17e-01 | 1.1s
[   439] loss=-0.3567 | res=3.38e-08 | grad=6.32e-01 | 1.0s
[   440] loss=-0.3646 | res=1.73e-08 | grad=6.37e-01 | 1.1s
[   441] loss=-0.3137 | res=3.28e-08 | grad=1.06e+00 | 1.2s
[   442] loss=-0.3633 | res=3.60e-08 | grad=5.76e-01 | 1.2s
[   443] loss=-0.3680 | res=2.41e-08 | grad=3.97e-01 | 1.2s
[   444] loss=-0.3224 | res=2.12e-08 | grad=2.68e-01 | 1.2s
[   445] loss=-0.3519 | res=2.74e-08 | grad=5.00e-01 | 1.2s
[   446] loss=-0.3648 | res=3.08e-08 | grad=6.51e-01 | 1.1s
[   447] loss=-0.3347 | res=3.19e-08 | grad=2.75e-01 | 1.1s
[   448] loss=-0.3670 | res=2.71e-08 | grad=6.21e-01 | 1.1s
[   449] loss=-0.3285 | res=3.25e-08 | grad=5.44e-01 | 1.1s
[   450] loss=-0.3680 | res=5.17e-08 | grad=6.28e-01 | 1.2s
[   451] loss=-0.3298 | res=2.05e-08 | grad=4.67e-01 | 1.2s
[   452] loss=-0.3417 | res=4.02e-08 | grad=5.03e-01 | 1.2s
[   453] loss=-0.3335 | res=2.70e-08 | grad=5.23e-01 | 1.1s
[   454] loss=-0.3383 | res=3.15e-08 | grad=4.85e-01 | 1.0s
[   455] loss=-0.3528 | res=2.75e-08 | grad=2.21e-01 | 1.0s
[   456] loss=-0.3626 | res=8.52e-05 | grad=2.61e-01 | 1.1s
[   457] loss=-0.3366 | res=2.28e-08 | grad=2.60e-01 | 1.1s
[   458] loss=-0.3017 | res=3.38e-08 | grad=5.83e-01 | 1.2s
[   459] loss=-0.3478 | res=2.49e-08 | grad=5.14e-01 | 1.2s
[   460] loss=-0.3445 | res=1.90e-08 | grad=4.55e-01 | 1.2s
[   461] loss=-0.3648 | res=1.48e-05 | grad=7.63e-01 | 1.2s
[   462] loss=-0.3522 | res=3.71e-08 | grad=4.05e-01 | 1.2s
[   463] loss=-0.3604 | res=3.78e-08 | grad=4.52e-01 | 1.2s
[   464] loss=-0.3548 | res=2.18e-05 | grad=4.70e-01 | 1.2s
[   465] loss=-0.3161 | res=4.44e-08 | grad=5.53e-01 | 1.2s
[   466] loss=-0.3244 | res=2.01e-08 | grad=5.13e-01 | 1.2s
[   467] loss=-0.3672 | res=2.90e-08 | grad=3.23e-01 | 1.2s
[   468] loss=-0.3519 | res=3.66e-08 | grad=3.03e-01 | 1.2s
[   469] loss=-0.3655 | res=4.33e-08 | grad=3.63e-01 | 1.2s
[   470] loss=-0.3318 | res=2.57e-07 | grad=4.83e-01 | 1.2s
[   471] loss=-0.3554 | res=2.18e-08 | grad=4.14e-01 | 1.2s
[   472] loss=-0.3240 | res=1.24e-05 | grad=5.47e-01 | 1.2s
[   473] loss=-0.3277 | res=1.71e-08 | grad=4.25e-01 | 1.2s
[   474] loss=-0.3295 | res=4.29e-08 | grad=2.45e-01 | 1.2s
[   475] loss=-0.3451 | res=2.34e-05 | grad=3.00e-01 | 1.2s
[   476] loss=-0.3353 | res=1.52e-08 | grad=4.65e-01 | 1.2s
[   477] loss=-0.3441 | res=1.93e-08 | grad=5.92e-01 | 1.2s
[   478] loss=-0.3520 | res=2.37e-08 | grad=4.80e-01 | 1.2s
[   479] loss=-0.3153 | res=2.94e-08 | grad=1.94e-01 | 1.1s
[   480] loss=-0.3639 | res=8.73e-06 | grad=3.94e-01 | 1.2s
[   481] loss=-0.3650 | res=1.06e-05 | grad=3.37e-01 | 1.2s
[   482] loss=-0.3611 | res=4.59e-08 | grad=2.30e-01 | 1.2s
[   483] loss=-0.3597 | res=2.46e-08 | grad=4.23e-01 | 1.2s
[   484] loss=-0.3497 | res=3.22e-08 | grad=5.23e-01 | 1.2s
[   485] loss=-0.3420 | res=2.76e-08 | grad=4.71e-01 | 1.2s
[   486] loss=-0.3459 | res=3.17e-08 | grad=3.01e-01 | 1.2s
[   487] loss=-0.2969 | res=3.13e-08 | grad=9.06e-01 | 1.2s
[   488] loss=-0.3186 | res=2.98e-08 | grad=4.85e-01 | 1.2s
[   489] loss=-0.2974 | res=3.42e-06 | grad=5.22e-01 | 1.2s
[   490] loss=-0.3348 | res=2.90e-08 | grad=4.40e-01 | 1.2s
[   491] loss=-0.3409 | res=2.36e-08 | grad=5.99e-01 | 1.2s
[   492] loss=-0.3367 | res=1.92e-05 | grad=7.12e-01 | 1.2s
[   493] loss=-0.3204 | res=4.02e-08 | grad=4.68e-01 | 1.1s
[   494] loss=-0.3160 | res=4.91e-08 | grad=3.65e-01 | 1.1s
[   495] loss=-0.3592 | res=3.17e-08 | grad=8.14e-01 | 1.1s
[   496] loss=-0.3119 | res=9.74e-06 | grad=2.15e-01 | 1.1s
[   497] loss=-0.3212 | res=3.59e-08 | grad=2.93e-01 | 1.2s
[   498] loss=-0.3540 | res=1.79e-05 | grad=3.19e-01 | 1.2s
[   499] loss=-0.3117 | res=3.87e-08 | grad=6.32e-01 | 1.2s
[   500] loss=-0.3161 | res=2.53e-08 | grad=5.70e-01 | 1.2s
[   501] loss=-0.3044 | res=2.60e-08 | grad=6.08e-01 | 1.2s
[   502] loss=-0.3289 | res=1.51e-08 | grad=3.10e-01 | 1.2s
[   503] loss=-0.3420 | res=9.36e-09 | grad=2.68e-01 | 1.2s
[   504] loss=-0.3471 | res=2.10e-08 | grad=5.32e-01 | 1.2s
[   505] loss=-0.3093 | res=1.92e-08 | grad=2.76e-01 | 1.2s
[   506] loss=-0.3373 | res=1.93e-08 | grad=3.48e-01 | 1.2s
[   507] loss=-0.3411 | res=1.19e-08 | grad=4.07e-01 | 1.2s
[   508] loss=-0.3405 | res=3.09e-08 | grad=3.35e-01 | 1.1s
[   509] loss=-0.2952 | res=2.50e-08 | grad=4.27e-01 | 1.1s
[   510] loss=-0.3268 | res=2.97e-08 | grad=2.53e-01 | 1.1s
[   511] loss=-0.3491 | res=1.55e-05 | grad=2.59e-01 | 1.1s
[   512] loss=-0.3353 | res=5.13e-08 | grad=3.93e-01 | 1.1s
[   513] loss=-0.3262 | res=4.63e-05 | grad=4.03e-01 | 1.2s
[   514] loss=-0.3494 | res=3.18e-08 | grad=2.84e-01 | 1.2s
[   515] loss=-0.3359 | res=2.93e-08 | grad=5.01e-01 | 1.2s
[   516] loss=-0.3178 | res=2.19e-08 | grad=4.23e-01 | 1.2s
[   517] loss=-0.3346 | res=3.41e-08 | grad=3.35e-01 | 1.2s
[   518] loss=-0.3279 | res=3.43e-08 | grad=2.77e-01 | 1.2s
[   519] loss=-0.3472 | res=3.52e-08 | grad=3.17e-01 | 1.2s
[   520] loss=-0.3664 | res=3.31e-08 | grad=4.66e-01 | 1.2s
[   521] loss=-0.3465 | res=3.23e-08 | grad=3.15e-01 | 1.0s
[   522] loss=-0.3257 | res=2.96e-08 | grad=2.42e-01 | 1.0s
[   523] loss=-0.3531 | res=3.14e-08 | grad=2.58e-01 | 1.0s
[   524] loss=-0.3740 | res=2.15e-05 | grad=4.51e-01 | 1.2s
[   525] loss=-0.3299 | res=1.63e-08 | grad=2.62e-01 | 1.2s
[   526] loss=-0.3382 | res=4.41e-08 | grad=3.33e-01 | 1.1s
[   527] loss=-0.3790 | res=3.05e-08 | grad=3.27e-01 | 1.2s
[   528] loss=-0.3611 | res=2.41e-08 | grad=3.05e-01 | 1.2s
[   529] loss=-0.3333 | res=3.96e-08 | grad=3.83e-01 | 1.2s
[   530] loss=-0.4045 | res=2.21e-08 | grad=3.38e-01 | 1.2s
[   531] loss=-0.3193 | res=3.75e-08 | grad=5.87e-01 | 1.2s
[   532] loss=-0.3405 | res=4.01e-08 | grad=2.74e-01 | 1.1s
[   533] loss=-0.3205 | res=3.08e-06 | grad=4.79e-01 | 1.1s
[   534] loss=-0.3083 | res=2.91e-08 | grad=4.28e-01 | 1.1s
[   535] loss=-0.3614 | res=1.76e-08 | grad=5.36e-01 | 1.1s
[   536] loss=-0.3263 | res=3.69e-08 | grad=2.78e-01 | 1.1s
[   537] loss=-0.3395 | res=2.23e-08 | grad=4.59e-01 | 1.2s
[   538] loss=-0.3263 | res=8.78e-06 | grad=3.50e-01 | 1.2s
[   539] loss=-0.3468 | res=1.94e-08 | grad=4.93e-01 | 1.2s
[   540] loss=-0.3576 | res=3.28e-06 | grad=5.02e-01 | 1.2s
[   541] loss=-0.3272 | res=2.21e-06 | grad=1.98e-01 | 1.2s
[   542] loss=-0.3434 | res=2.35e-08 | grad=2.50e-01 | 1.2s
[   543] loss=-0.3326 | res=3.09e-08 | grad=3.61e-01 | 1.2s
[   544] loss=-0.3125 | res=3.58e-08 | grad=6.21e-01 | 1.2s
[   545] loss=-0.3689 | res=4.92e-08 | grad=3.82e-01 | 1.0s
[   546] loss=-0.2936 | res=3.30e-08 | grad=8.14e-01 | 1.2s
[   547] loss=-0.3646 | res=3.40e-08 | grad=3.74e-01 | 1.2s
[   548] loss=-0.3210 | res=2.16e-08 | grad=3.74e-01 | 1.2s
[   549] loss=-0.3342 | res=3.54e-08 | grad=2.84e-01 | 1.2s
[   550] loss=-0.3273 | res=3.70e-08 | grad=3.43e-01 | 1.1s
[   551] loss=-0.3373 | res=3.01e-08 | grad=3.94e-01 | 1.1s
[   552] loss=-0.3012 | res=2.78e-08 | grad=4.75e-01 | 1.2s
[   553] loss=-0.3464 | res=3.18e-08 | grad=4.96e-01 | 1.2s
[   554] loss=-0.3228 | res=4.73e-08 | grad=4.70e-01 | 1.2s
[   555] loss=-0.3434 | res=1.76e-08 | grad=5.19e-01 | 1.1s
[   556] loss=-0.3156 | res=2.73e-08 | grad=3.20e-01 | 1.1s
[   557] loss=-0.3395 | res=3.88e-08 | grad=4.15e-01 | 1.1s
[   558] loss=-0.3478 | res=2.87e-08 | grad=3.39e-01 | 1.1s
[   559] loss=-0.3559 | res=2.24e-05 | grad=3.43e-01 | 1.1s
[   560] loss=-0.2953 | res=3.63e-05 | grad=8.63e-01 | 1.1s
[   561] loss=-0.3558 | res=2.04e-08 | grad=2.12e-01 | 1.2s
[   562] loss=-0.3082 | res=2.86e-08 | grad=6.03e-01 | 1.1s
[   563] loss=-0.3273 | res=1.97e-08 | grad=2.92e-01 | 1.1s
[   564] loss=-0.3166 | res=2.16e-08 | grad=3.79e-01 | 1.2s
[   565] loss=-0.3218 | res=2.73e-08 | grad=3.07e-01 | 1.2s
[   566] loss=-0.3466 | res=3.55e-08 | grad=4.97e-01 | 1.0s
[   567] loss=-0.3073 | res=6.88e-09 | grad=3.71e-01 | 1.2s
[   568] loss=-0.3506 | res=2.61e-08 | grad=7.31e-01 | 1.2s
[   569] loss=-0.3549 | res=3.24e-08 | grad=7.40e-01 | 1.2s
[   570] loss=-0.3365 | res=2.75e-08 | grad=2.74e-01 | 1.2s
[   571] loss=-0.3571 | res=2.60e-08 | grad=3.14e-01 | 1.1s
[   572] loss=-0.3641 | res=3.92e-08 | grad=2.74e-01 | 1.1s
[   573] loss=-0.3623 | res=1.10e-08 | grad=3.04e-01 | 1.1s
[   574] loss=-0.3536 | res=3.74e-05 | grad=4.81e-01 | 1.0s
[   575] loss=-0.3278 | res=2.97e-08 | grad=5.94e-01 | 1.0s
[   576] loss=-0.3152 | res=2.81e-08 | grad=7.69e-01 | 1.0s
[   577] loss=-0.3659 | res=2.52e-08 | grad=2.24e-01 | 1.0s
[   578] loss=-0.3018 | res=3.99e-08 | grad=8.29e-01 | 1.1s
[   579] loss=-0.3452 | res=2.48e-08 | grad=1.99e-01 | 1.2s
[   580] loss=-0.3370 | res=3.73e-08 | grad=3.30e-01 | 1.2s
[   581] loss=-0.2818 | res=1.06e-05 | grad=3.04e-01 | 1.2s
[   582] loss=-0.3546 | res=3.40e-08 | grad=7.90e-01 | 1.2s
[   583] loss=-0.3420 | res=3.04e-08 | grad=6.73e-01 | 1.2s
[   584] loss=-0.3359 | res=2.09e-05 | grad=5.24e-01 | 1.2s
[   585] loss=-0.3228 | res=2.41e-05 | grad=2.80e-01 | 1.1s
[   586] loss=-0.2826 | res=2.22e-08 | grad=5.47e-01 | 1.1s
[   587] loss=-0.3476 | res=2.12e-08 | grad=3.79e-01 | 1.1s
[   588] loss=-0.3835 | res=2.32e-05 | grad=8.57e-01 | 1.1s
[   589] loss=-0.2896 | res=5.19e-08 | grad=8.48e-01 | 1.1s
[   590] loss=-0.3378 | res=2.75e-08 | grad=3.42e-01 | 1.1s
[   591] loss=-0.3366 | res=2.41e-08 | grad=3.56e-01 | 1.1s
[   592] loss=-0.3192 | res=3.49e-08 | grad=6.75e-01 | 1.0s
[   593] loss=-0.3766 | res=3.27e-08 | grad=3.43e-01 | 0.9s
[   594] loss=-0.3503 | res=2.50e-08 | grad=3.02e-01 | 1.1s
[   595] loss=-0.3379 | res=7.87e-09 | grad=1.88e-01 | 1.1s
[   596] loss=-0.3346 | res=2.72e-08 | grad=1.76e-01 | 1.1s
[   597] loss=-0.3359 | res=3.73e-08 | grad=2.05e-01 | 0.9s
[   598] loss=-0.3519 | res=1.75e-08 | grad=3.95e-01 | 1.1s
[   599] loss=-0.3722 | res=3.51e-08 | grad=4.44e-01 | 1.1s
[   600] loss=-0.3365 | res=2.06e-08 | grad=2.19e-01 | 1.1s
[   601] loss=-0.3125 | res=2.10e-08 | grad=4.59e-01 | 1.1s
[   602] loss=-0.3170 | res=2.98e-08 | grad=3.75e-01 | 1.1s
[   603] loss=-0.3243 | res=7.59e-05 | grad=2.26e-01 | 1.1s
[   604] loss=-0.3286 | res=9.78e-09 | grad=3.40e-01 | 1.1s
[   605] loss=-0.3667 | res=1.89e-08 | grad=5.76e-01 | 1.1s
[   606] loss=-0.3506 | res=3.11e-08 | grad=3.00e-01 | 1.1s
[   607] loss=-0.3371 | res=2.83e-08 | grad=3.09e-01 | 1.0s
[   608] loss=-0.3372 | res=1.81e-08 | grad=2.10e-01 | 1.0s
[   609] loss=-0.3169 | res=3.90e-08 | grad=3.13e-01 | 1.0s
[   610] loss=-0.3195 | res=2.14e-08 | grad=4.18e-01 | 1.0s
[   611] loss=-0.3318 | res=2.50e-08 | grad=2.99e-01 | 1.2s
[   612] loss=-0.3574 | res=2.40e-08 | grad=2.95e-01 | 1.1s
[   613] loss=-0.3285 | res=2.32e-08 | grad=2.28e-01 | 1.1s
[   614] loss=-0.3700 | res=5.10e-08 | grad=4.95e-01 | 1.1s
[   615] loss=-0.3190 | res=3.49e-08 | grad=4.56e-01 | 1.1s
[   616] loss=-0.3248 | res=3.64e-08 | grad=3.23e-01 | 1.0s
[   617] loss=-0.2841 | res=2.04e-06 | grad=6.07e-01 | 1.1s
[   618] loss=-0.3458 | res=6.20e-05 | grad=3.11e-01 | 0.9s
[   619] loss=-0.3042 | res=3.24e-08 | grad=3.90e-01 | 0.9s
[   620] loss=-0.3542 | res=3.17e-08 | grad=5.28e-01 | 1.1s
[   621] loss=-0.3528 | res=1.94e-08 | grad=4.68e-01 | 1.1s
[   622] loss=-0.3428 | res=2.53e-08 | grad=3.46e-01 | 1.1s
[   623] loss=-0.3415 | res=2.29e-08 | grad=3.59e-01 | 1.1s
[   624] loss=-0.3383 | res=5.79e-08 | grad=2.42e-01 | 1.1s
[   625] loss=-0.3448 | res=2.70e-05 | grad=2.28e-01 | 1.1s
[   626] loss=-0.3263 | res=2.99e-08 | grad=5.20e-01 | 1.1s
[   627] loss=-0.3427 | res=1.85e-08 | grad=3.15e-01 | 1.0s
[   628] loss=-0.3596 | res=6.29e-06 | grad=2.37e-01 | 1.1s
[   629] loss=-0.3105 | res=3.48e-08 | grad=6.00e-01 | 1.0s
[   630] loss=-0.3278 | res=2.94e-08 | grad=2.63e-01 | 1.1s
[   631] loss=-0.3400 | res=1.86e-08 | grad=2.81e-01 | 1.1s
[   632] loss=-0.3304 | res=3.97e-08 | grad=2.23e-01 | 1.1s
[   633] loss=-0.3524 | res=3.14e-08 | grad=3.21e-01 | 1.2s
[   634] loss=-0.3545 | res=4.14e-08 | grad=4.03e-01 | 1.2s
[   635] loss=-0.3642 | res=3.10e-08 | grad=6.86e-01 | 1.2s
[   636] loss=-0.3451 | res=1.40e-08 | grad=1.48e-01 | 1.2s
[   637] loss=-0.3421 | res=1.98e-08 | grad=2.53e-01 | 1.2s
[   638] loss=-0.3627 | res=2.04e-08 | grad=2.82e-01 | 1.2s
[   639] loss=-0.3074 | res=3.50e-08 | grad=6.75e-01 | 1.2s
[   640] loss=-0.3497 | res=2.19e-08 | grad=4.18e-01 | 1.2s
[   641] loss=-0.3462 | res=3.41e-08 | grad=3.59e-01 | 1.2s
[   642] loss=-0.3157 | res=3.51e-08 | grad=7.66e-01 | 1.2s
[   643] loss=-0.3326 | res=1.21e-08 | grad=2.95e-01 | 1.2s
[   644] loss=-0.3673 | res=3.16e-08 | grad=5.13e-01 | 1.2s
[   645] loss=-0.3623 | res=2.36e-08 | grad=6.07e-01 | 1.2s
[   646] loss=-0.2993 | res=9.28e-08 | grad=3.23e-01 | 1.2s
[   647] loss=-0.3219 | res=2.44e-08 | grad=3.01e-01 | 1.0s
[   648] loss=-0.3278 | res=3.22e-08 | grad=2.15e-01 | 1.0s
[   649] loss=-0.3626 | res=2.21e-08 | grad=6.60e-01 | 1.0s
[   650] loss=-0.3629 | res=3.46e-08 | grad=5.87e-01 | 1.2s
[   651] loss=-0.3205 | res=5.32e-05 | grad=3.21e-01 | 1.1s
[   652] loss=-0.3578 | res=2.62e-08 | grad=2.83e-01 | 1.2s
[   653] loss=-0.3373 | res=3.51e-08 | grad=2.83e-01 | 1.2s
[   654] loss=-0.3279 | res=4.11e-08 | grad=3.92e-01 | 1.2s
[   655] loss=-0.3037 | res=3.15e-08 | grad=8.18e-01 | 1.2s
[   656] loss=-0.3425 | res=4.57e-08 | grad=1.85e-01 | 1.2s
[   657] loss=-0.3298 | res=1.70e-08 | grad=2.49e-01 | 1.2s
[   658] loss=-0.3373 | res=3.99e-08 | grad=2.53e-01 | 1.2s
[   659] loss=-0.3282 | res=2.16e-08 | grad=2.92e-01 | 1.2s
[   660] loss=-0.3505 | res=2.69e-08 | grad=4.87e-01 | 1.2s
[   661] loss=-0.3110 | res=3.74e-05 | grad=4.54e-01 | 1.0s
[   662] loss=-0.3474 | res=3.93e-08 | grad=3.34e-01 | 1.0s
[   663] loss=-0.3537 | res=3.03e-08 | grad=4.96e-01 | 1.0s
[   664] loss=-0.3302 | res=3.91e-08 | grad=2.06e-01 | 1.0s
[   665] loss=-0.3200 | res=2.23e-08 | grad=4.02e-01 | 1.2s
[   666] loss=-0.3073 | res=4.10e-08 | grad=5.74e-01 | 1.2s
[   667] loss=-0.3778 | res=3.16e-08 | grad=5.50e-01 | 1.0s
[   668] loss=-0.3404 | res=1.51e-08 | grad=2.72e-01 | 1.1s
[   669] loss=-0.3562 | res=3.88e-08 | grad=3.16e-01 | 1.0s
[   670] loss=-0.3655 | res=1.23e-08 | grad=4.04e-01 | 1.0s
[   671] loss=-0.3259 | res=2.77e-08 | grad=5.22e-01 | 1.2s
[   672] loss=-0.3267 | res=2.76e-08 | grad=3.94e-01 | 1.2s
[   673] loss=-0.3047 | res=4.57e-08 | grad=6.57e-01 | 1.2s
[   674] loss=-0.3772 | res=3.37e-08 | grad=5.25e-01 | 1.2s
[   675] loss=-0.3546 | res=3.57e-08 | grad=3.11e-01 | 1.1s
[   676] loss=-0.3170 | res=2.91e-08 | grad=2.75e-01 | 1.1s
[   677] loss=-0.3504 | res=2.01e-08 | grad=3.93e-01 | 1.2s
[   678] loss=-0.3149 | res=3.27e-08 | grad=2.34e-01 | 1.2s
[   679] loss=-0.3450 | res=4.36e-08 | grad=3.30e-01 | 1.2s
[   680] loss=-0.3725 | res=1.46e-08 | grad=4.71e-01 | 1.1s
[   681] loss=-0.3564 | res=1.63e-06 | grad=3.19e-01 | 1.1s
[   682] loss=-0.3636 | res=3.05e-08 | grad=2.17e-01 | 1.1s
[   683] loss=-0.3508 | res=2.56e-08 | grad=2.19e-01 | 1.1s
[   684] loss=-0.3443 | res=4.21e-08 | grad=3.27e-01 | 1.1s
[   685] loss=-0.3023 | res=1.71e-08 | grad=8.77e-01 | 1.1s
[   686] loss=-0.3832 | res=2.82e-08 | grad=4.23e-01 | 1.2s
[   687] loss=-0.3217 | res=1.63e-08 | grad=4.87e-01 | 1.2s
[   688] loss=-0.3250 | res=2.32e-08 | grad=5.05e-01 | 1.2s
[   689] loss=-0.3083 | res=2.39e-08 | grad=4.13e-01 | 1.2s
[   690] loss=-0.3447 | res=2.70e-08 | grad=4.27e-01 | 1.2s
[   691] loss=-0.3392 | res=4.98e-06 | grad=4.45e-01 | 1.2s
[   692] loss=-0.3074 | res=1.80e-08 | grad=2.62e-01 | 1.2s
[   693] loss=-0.3280 | res=2.64e-08 | grad=4.55e-01 | 1.2s
[   694] loss=-0.3430 | res=3.32e-08 | grad=5.49e-01 | 1.0s
[   695] loss=-0.4038 | res=1.48e-08 | grad=1.18e+00 | 1.0s
[   696] loss=-0.3499 | res=1.67e-06 | grad=2.10e-01 | 1.0s
[   697] loss=-0.3195 | res=3.56e-08 | grad=5.68e-01 | 1.0s
[   698] loss=-0.3740 | res=3.67e-08 | grad=1.78e-01 | 1.2s
[   699] loss=-0.3604 | res=2.89e-08 | grad=4.89e-01 | 1.1s
[   700] loss=-0.3375 | res=3.76e-08 | grad=6.70e-01 | 1.2s
[   701] loss=-0.3491 | res=3.61e-08 | grad=5.21e-01 | 1.0s
[   702] loss=-0.3189 | res=5.41e-08 | grad=8.53e-01 | 1.2s
[   703] loss=-0.3286 | res=2.08e-08 | grad=2.80e-01 | 1.2s
[   704] loss=-0.2946 | res=6.14e-08 | grad=5.70e-01 | 1.2s
[   705] loss=-0.3512 | res=2.38e-08 | grad=7.44e-01 | 1.2s
[   706] loss=-0.3760 | res=2.88e-08 | grad=1.20e+00 | 1.2s
[   707] loss=-0.3472 | res=2.11e-08 | grad=7.22e-01 | 1.0s
[   708] loss=-0.3097 | res=2.17e-08 | grad=2.22e-01 | 1.0s
[   709] loss=-0.3616 | res=2.70e-08 | grad=6.84e-01 | 1.0s
[   710] loss=-0.3271 | res=3.44e-08 | grad=1.55e-01 | 1.2s
[   711] loss=-0.2921 | res=3.12e-05 | grad=7.05e-01 | 1.2s
[   712] loss=-0.3337 | res=2.56e-08 | grad=4.13e-01 | 1.2s
[   713] loss=-0.3541 | res=2.26e-08 | grad=2.48e-01 | 1.1s
[   714] loss=-0.3279 | res=2.31e-08 | grad=4.50e-01 | 1.1s
[   715] loss=-0.3537 | res=2.11e-08 | grad=3.49e-01 | 1.1s
[   716] loss=-0.3319 | res=4.03e-08 | grad=3.90e-01 | 1.1s
[   717] loss=-0.3627 | res=3.08e-08 | grad=4.32e-01 | 1.1s
[   718] loss=-0.3694 | res=1.74e-08 | grad=4.96e-01 | 1.1s
[   719] loss=-0.3776 | res=3.50e-08 | grad=5.92e-01 | 1.1s
[   720] loss=-0.3542 | res=2.56e-08 | grad=1.97e-01 | 1.1s
[   721] loss=-0.3326 | res=1.59e-05 | grad=4.84e-01 | 1.1s
[   722] loss=-0.3420 | res=1.06e-08 | grad=3.48e-01 | 1.1s
[   723] loss=-0.3104 | res=3.17e-08 | grad=6.47e-01 | 1.1s
[   724] loss=-0.3331 | res=3.06e-08 | grad=4.47e-01 | 1.0s
[   725] loss=-0.3312 | res=6.51e-07 | grad=2.98e-01 | 1.0s
[   726] loss=-0.3424 | res=2.45e-05 | grad=2.73e-01 | 1.1s
[   727] loss=-0.3043 | res=2.04e-08 | grad=2.92e-01 | 1.1s
[   728] loss=-0.3201 | res=2.83e-08 | grad=1.81e-01 | 1.1s
[   729] loss=-0.3341 | res=1.46e-08 | grad=5.43e-01 | 1.1s
[   730] loss=-0.3696 | res=1.72e-08 | grad=1.13e+00 | 1.2s
[   731] loss=-0.3338 | res=2.23e-08 | grad=4.91e-01 | 1.2s
[   732] loss=-0.3262 | res=3.94e-08 | grad=3.43e-01 | 1.2s
[   733] loss=-0.3189 | res=2.48e-08 | grad=3.20e-01 | 1.2s
[   734] loss=-0.3419 | res=2.11e-08 | grad=1.63e-01 | 1.2s
[   735] loss=-0.3011 | res=2.13e-08 | grad=7.38e-01 | 1.1s
[   736] loss=-0.3443 | res=2.99e-08 | grad=2.20e-01 | 1.2s
[   737] loss=-0.3235 | res=2.52e-08 | grad=4.84e-01 | 1.2s
[   738] loss=-0.3402 | res=2.88e-08 | grad=1.84e-01 | 1.2s
[   739] loss=-0.3590 | res=1.33e-08 | grad=4.56e-01 | 1.2s
[   740] loss=-0.3367 | res=2.33e-08 | grad=2.41e-01 | 1.2s
[   741] loss=-0.3453 | res=3.07e-08 | grad=3.11e-01 | 1.2s
[   742] loss=-0.3640 | res=1.72e-08 | grad=4.95e-01 | 1.0s
[   743] loss=-0.3391 | res=1.97e-08 | grad=3.92e-01 | 1.0s
[   744] loss=-0.3591 | res=2.88e-08 | grad=2.23e-01 | 1.1s
[   745] loss=-0.3287 | res=1.77e-06 | grad=3.11e-01 | 1.2s
[   746] loss=-0.3001 | res=4.58e-06 | grad=8.68e-01 | 1.2s
[   747] loss=-0.3568 | res=4.73e-06 | grad=3.20e-01 | 1.2s
[   748] loss=-0.3295 | res=3.67e-08 | grad=3.29e-01 | 1.1s
[   749] loss=-0.3702 | res=4.29e-08 | grad=4.71e-01 | 1.2s
[   750] loss=-0.3278 | res=1.60e-08 | grad=2.45e-01 | 1.2s
[   751] loss=-0.3277 | res=3.57e-08 | grad=2.62e-01 | 1.3s
[   752] loss=-0.3070 | res=1.85e-08 | grad=4.64e-01 | 1.2s
[   753] loss=-0.3356 | res=3.62e-08 | grad=3.31e-01 | 1.1s
[   754] loss=-0.3353 | res=1.13e-05 | grad=2.33e-01 | 1.1s
[   755] loss=-0.3240 | res=4.07e-06 | grad=2.40e-01 | 1.1s
[   756] loss=-0.3710 | res=4.06e-08 | grad=7.77e-01 | 1.0s
[   757] loss=-0.3703 | res=2.66e-08 | grad=4.89e-01 | 1.1s
[   758] loss=-0.3601 | res=2.18e-08 | grad=4.45e-01 | 1.1s
[   759] loss=-0.3667 | res=2.41e-08 | grad=2.72e-01 | 1.2s
[   760] loss=-0.3641 | res=3.25e-08 | grad=3.36e-01 | 1.2s
[   761] loss=-0.3479 | res=4.00e-08 | grad=6.88e-01 | 1.0s
[   762] loss=-0.3314 | res=1.76e-08 | grad=9.36e-01 | 1.2s
[   763] loss=-0.3449 | res=1.25e-05 | grad=6.99e-01 | 1.2s
[   764] loss=-0.3310 | res=2.60e-08 | grad=6.09e-01 | 1.2s
[   765] loss=-0.3606 | res=2.62e-08 | grad=2.87e-01 | 1.2s
[   766] loss=-0.3840 | res=3.11e-08 | grad=6.97e-01 | 1.2s
[   767] loss=-0.3537 | res=4.86e-08 | grad=5.15e-01 | 1.2s
[   768] loss=-0.3671 | res=3.30e-08 | grad=5.87e-01 | 1.2s
[   769] loss=-0.3466 | res=4.37e-08 | grad=2.93e-01 | 1.1s
[   770] loss=-0.3323 | res=1.47e-07 | grad=2.52e-01 | 1.1s
[   771] loss=-0.3510 | res=2.70e-08 | grad=1.70e-01 | 1.0s
[   772] loss=-0.3112 | res=3.19e-08 | grad=6.90e-01 | 1.0s
[   773] loss=-0.3043 | res=2.44e-08 | grad=5.47e-01 | 1.1s
[   774] loss=-0.2896 | res=2.10e-08 | grad=7.57e-01 | 1.2s
[   775] loss=-0.3216 | res=3.58e-08 | grad=1.82e-01 | 1.2s
[   776] loss=-0.3493 | res=3.62e-05 | grad=6.22e-01 | 1.0s
[   777] loss=-0.3420 | res=1.50e-08 | grad=5.72e-01 | 1.1s
[   778] loss=-0.3498 | res=2.02e-08 | grad=7.89e-01 | 1.2s
[   779] loss=-0.2869 | res=2.89e-08 | grad=3.51e-01 | 1.2s
[   780] loss=-0.3111 | res=3.66e-08 | grad=3.18e-01 | 1.2s
[   781] loss=-0.3495 | res=3.44e-08 | grad=4.57e-01 | 1.2s
[   782] loss=-0.3228 | res=3.92e-08 | grad=2.04e-01 | 1.2s
[   783] loss=-0.3358 | res=3.83e-08 | grad=1.41e-01 | 1.2s
[   784] loss=-0.3310 | res=3.83e-08 | grad=2.05e-01 | 1.2s
[   785] loss=-0.3501 | res=2.98e-08 | grad=3.79e-01 | 1.1s
[   786] loss=-0.3220 | res=3.96e-08 | grad=3.50e-01 | 1.1s
[   787] loss=-0.3262 | res=2.62e-08 | grad=3.09e-01 | 1.1s
[   788] loss=-0.3442 | res=3.25e-08 | grad=2.48e-01 | 1.1s
[   789] loss=-0.3007 | res=1.62e-08 | grad=6.31e-01 | 1.1s
[   790] loss=-0.3686 | res=3.08e-08 | grad=4.33e-01 | 1.1s
[   791] loss=-0.3179 | res=3.97e-08 | grad=2.73e-01 | 1.2s
[   792] loss=-0.3394 | res=2.58e-08 | grad=3.35e-01 | 1.2s
[   793] loss=-0.3481 | res=2.17e-08 | grad=4.25e-01 | 1.2s
[   794] loss=-0.3814 | res=3.86e-08 | grad=7.56e-01 | 1.2s
[   795] loss=-0.2904 | res=2.19e-08 | grad=5.52e-01 | 1.2s
[   796] loss=-0.3243 | res=3.46e-08 | grad=3.48e-01 | 1.1s
[   797] loss=-0.3230 | res=3.89e-08 | grad=2.81e-01 | 1.1s
[   798] loss=-0.2875 | res=3.67e-08 | grad=7.80e-01 | 1.2s
[   799] loss=-0.3326 | res=1.47e-08 | grad=2.05e-01 | 1.2s
[   800] loss=-0.3306 | res=2.16e-08 | grad=3.10e-01 | 1.2s
[   801] loss=-0.3432 | res=2.41e-08 | grad=5.59e-01 | 1.1s
[   802] loss=-0.3471 | res=2.78e-07 | grad=4.53e-01 | 0.9s
[   803] loss=-0.3393 | res=1.91e-08 | grad=3.83e-01 | 0.9s
[   804] loss=-0.2919 | res=3.76e-08 | grad=5.99e-01 | 0.9s
[   805] loss=-0.3256 | res=2.37e-08 | grad=1.84e-01 | 0.9s
[   806] loss=-0.3634 | res=9.08e-09 | grad=3.46e-01 | 0.9s
[   807] loss=-0.3239 | res=2.55e-08 | grad=2.71e-01 | 1.0s
[   808] loss=-0.3752 | res=2.56e-08 | grad=4.69e-01 | 1.2s
[   809] loss=-0.3301 | res=2.72e-08 | grad=3.27e-01 | 1.2s
[   810] loss=-0.3473 | res=6.08e-06 | grad=1.97e-01 | 1.2s
[   811] loss=-0.3557 | res=1.13e-08 | grad=1.82e-01 | 1.2s
[   812] loss=-0.3706 | res=2.25e-08 | grad=2.35e-01 | 1.2s
[   813] loss=-0.2858 | res=3.20e-07 | grad=9.69e-01 | 1.1s
[   814] loss=-0.3651 | res=5.09e-08 | grad=2.34e-01 | 1.2s
[   815] loss=-0.3312 | res=2.86e-08 | grad=2.95e-01 | 1.2s
[   816] loss=-0.3645 | res=2.35e-08 | grad=2.71e-01 | 1.1s
[   817] loss=-0.3639 | res=3.48e-08 | grad=4.32e-01 | 1.2s
[   818] loss=-0.3555 | res=2.61e-08 | grad=5.31e-01 | 1.2s
[   819] loss=-0.3832 | res=2.27e-08 | grad=6.43e-01 | 1.2s
[   820] loss=-0.3396 | res=4.38e-08 | grad=2.15e-01 | 1.2s
[   821] loss=-0.3412 | res=9.69e-06 | grad=4.28e-01 | 1.2s
[   822] loss=-0.3682 | res=3.00e-08 | grad=2.61e-01 | 1.1s
[   823] loss=-0.3408 | res=4.30e-06 | grad=4.58e-01 | 1.2s
[   824] loss=-0.3478 | res=3.67e-08 | grad=3.98e-01 | 1.2s
[   825] loss=-0.3125 | res=1.77e-08 | grad=6.48e-01 | 1.1s
[   826] loss=-0.3336 | res=4.06e-08 | grad=4.80e-01 | 1.2s
[   827] loss=-0.3460 | res=3.52e-07 | grad=1.96e-01 | 1.1s
[   828] loss=-0.3676 | res=2.58e-08 | grad=4.41e-01 | 1.2s
[   829] loss=-0.3398 | res=1.77e-08 | grad=2.47e-01 | 1.1s
[   830] loss=-0.3087 | res=2.60e-08 | grad=2.04e-01 | 1.1s
[   831] loss=-0.3674 | res=3.56e-08 | grad=8.29e-01 | 1.1s
[   832] loss=-0.3033 | res=5.14e-08 | grad=2.05e-01 | 1.1s
[   833] loss=-0.3371 | res=2.66e-08 | grad=2.95e-01 | 1.2s
[   834] loss=-0.3356 | res=2.30e-08 | grad=3.29e-01 | 1.2s
[   835] loss=-0.3208 | res=3.42e-08 | grad=2.45e-01 | 1.2s
[   836] loss=-0.3217 | res=3.34e-08 | grad=4.70e-01 | 1.2s
[   837] loss=-0.3063 | res=3.37e-08 | grad=5.26e-01 | 1.1s
[   838] loss=-0.3963 | res=1.61e-06 | grad=8.83e-01 | 1.1s
[   839] loss=-0.3312 | res=1.99e-08 | grad=1.46e-01 | 1.1s
[   840] loss=-0.3494 | res=2.50e-08 | grad=1.59e-01 | 1.2s
[   841] loss=-0.3650 | res=2.32e-08 | grad=3.24e-01 | 1.1s
[   842] loss=-0.3476 | res=2.15e-08 | grad=3.06e-01 | 1.2s
[   843] loss=-0.3379 | res=4.01e-08 | grad=5.30e-01 | 1.2s
[   844] loss=-0.3254 | res=2.68e-08 | grad=3.41e-01 | 1.2s
[   845] loss=-0.3635 | res=1.99e-08 | grad=3.53e-01 | 1.2s
[   846] loss=-0.3401 | res=3.62e-08 | grad=2.94e-01 | 1.1s
[   847] loss=-0.3626 | res=1.06e-08 | grad=2.95e-01 | 1.2s
[   848] loss=-0.3143 | res=5.68e-06 | grad=3.86e-01 | 1.2s
[   849] loss=-0.3592 | res=2.38e-08 | grad=3.73e-01 | 1.2s
[   850] loss=-0.3066 | res=7.98e-08 | grad=7.42e-01 | 1.2s
[   851] loss=-0.3006 | res=2.51e-08 | grad=4.59e-01 | 1.2s
[   852] loss=-0.3285 | res=2.84e-08 | grad=2.46e-01 | 1.2s
[   853] loss=-0.3467 | res=3.51e-08 | grad=5.33e-01 | 1.2s
[   854] loss=-0.3581 | res=2.57e-08 | grad=7.88e-01 | 1.2s
[   855] loss=-0.3221 | res=3.36e-08 | grad=2.38e-01 | 1.1s
[   856] loss=-0.3375 | res=1.51e-08 | grad=1.96e-01 | 1.1s
[   857] loss=-0.3063 | res=5.81e-06 | grad=4.62e-01 | 1.2s
[   858] loss=-0.3550 | res=2.78e-08 | grad=3.83e-01 | 1.2s
[   859] loss=-0.3728 | res=2.82e-08 | grad=3.22e-01 | 1.2s
[   860] loss=-0.3368 | res=5.31e-08 | grad=3.67e-01 | 1.2s
[   861] loss=-0.3073 | res=9.62e-06 | grad=7.94e-01 | 1.2s
[   862] loss=-0.3585 | res=2.61e-05 | grad=2.67e-01 | 1.2s
[   863] loss=-0.3373 | res=2.83e-08 | grad=4.99e-01 | 1.2s
[   864] loss=-0.3077 | res=3.24e-08 | grad=6.00e-01 | 1.1s
[   865] loss=-0.3865 | res=4.04e-08 | grad=8.28e-01 | 1.2s
[   866] loss=-0.3240 | res=4.11e-08 | grad=3.93e-01 | 1.2s
[   867] loss=-0.3183 | res=1.36e-08 | grad=1.80e-01 | 1.2s
[   868] loss=-0.3465 | res=1.98e-08 | grad=4.64e-01 | 1.2s
[   869] loss=-0.3765 | res=3.51e-08 | grad=7.63e-01 | 1.2s
[   870] loss=-0.3406 | res=2.42e-08 | grad=3.00e-01 | 1.2s
[   871] loss=-0.3256 | res=3.13e-08 | grad=3.27e-01 | 1.2s
[   872] loss=-0.3233 | res=2.73e-08 | grad=4.41e-01 | 1.2s
[   873] loss=-0.3566 | res=4.09e-07 | grad=2.75e-01 | 1.2s
[   874] loss=-0.3161 | res=3.31e-08 | grad=6.08e-01 | 1.2s
[   875] loss=-0.3251 | res=2.88e-08 | grad=4.86e-01 | 1.2s
[   876] loss=-0.3472 | res=2.62e-08 | grad=3.78e-01 | 1.2s
[   877] loss=-0.3331 | res=3.61e-08 | grad=1.56e-01 | 1.3s
[   878] loss=-0.3388 | res=1.63e-05 | grad=4.02e-01 | 1.1s
[   879] loss=-0.2902 | res=3.15e-08 | grad=4.83e-01 | 1.2s
[   880] loss=-0.3127 | res=9.37e-09 | grad=1.51e-01 | 1.2s
[   881] loss=-0.3695 | res=1.99e-08 | grad=1.06e+00 | 1.2s
[   882] loss=-0.3613 | res=3.07e-08 | grad=6.82e-01 | 1.2s
[   883] loss=-0.3261 | res=1.33e-08 | grad=1.97e-01 | 1.2s
[   884] loss=-0.3276 | res=4.87e-08 | grad=3.12e-01 | 1.1s
[   885] loss=-0.3026 | res=2.87e-08 | grad=6.24e-01 | 1.1s
[   886] loss=-0.3160 | res=2.95e-08 | grad=4.56e-01 | 1.1s
[   887] loss=-0.3109 | res=2.25e-08 | grad=4.30e-01 | 1.1s
[   888] loss=-0.3423 | res=1.86e-08 | grad=2.18e-01 | 1.1s
[   889] loss=-0.3354 | res=2.43e-08 | grad=1.89e-01 | 1.1s
[   890] loss=-0.3380 | res=1.31e-07 | grad=2.97e-01 | 1.2s
[   891] loss=-0.3421 | res=3.29e-08 | grad=3.93e-01 | 1.2s
[   892] loss=-0.3341 | res=3.41e-08 | grad=2.10e-01 | 1.0s
[   893] loss=-0.3125 | res=2.81e-08 | grad=2.99e-01 | 1.2s
[   894] loss=-0.3286 | res=2.67e-08 | grad=2.64e-01 | 1.3s
[   895] loss=-0.3357 | res=3.10e-08 | grad=2.29e-01 | 1.1s
[   896] loss=-0.3574 | res=3.27e-08 | grad=4.93e-01 | 1.2s
[   897] loss=-0.3074 | res=2.44e-08 | grad=2.90e-01 | 1.2s
[   898] loss=-0.3792 | res=2.23e-08 | grad=6.09e-01 | 1.2s
[   899] loss=-0.3632 | res=2.71e-08 | grad=1.76e-01 | 1.2s
[   900] loss=-0.3422 | res=1.94e-08 | grad=4.53e-01 | 1.3s
[   901] loss=-0.3130 | res=2.02e-08 | grad=8.03e-01 | 1.1s
[   902] loss=-0.3259 | res=4.08e-08 | grad=6.35e-01 | 1.2s
[   903] loss=-0.3415 | res=2.83e-08 | grad=2.87e-01 | 1.2s
[   904] loss=-0.3234 | res=2.13e-08 | grad=3.41e-01 | 1.2s
[   905] loss=-0.3378 | res=3.34e-08 | grad=3.14e-01 | 1.2s
[   906] loss=-0.3523 | res=2.26e-08 | grad=7.16e-01 | 1.2s
[   907] loss=-0.3336 | res=2.89e-08 | grad=4.22e-01 | 1.2s
[   908] loss=-0.3456 | res=3.97e-08 | grad=6.15e-01 | 1.2s
[   909] loss=-0.3120 | res=4.19e-08 | grad=3.35e-01 | 1.2s
[   910] loss=-0.3392 | res=2.91e-08 | grad=2.46e-01 | 1.2s
[   911] loss=-0.3122 | res=1.89e-08 | grad=4.64e-01 | 1.2s
[   912] loss=-0.3188 | res=2.58e-08 | grad=4.04e-01 | 1.1s
[   913] loss=-0.3374 | res=3.57e-06 | grad=3.95e-01 | 1.2s
[   914] loss=-0.3390 | res=1.47e-08 | grad=2.18e-01 | 1.2s
[   915] loss=-0.3254 | res=3.34e-08 | grad=2.21e-01 | 1.0s
[   916] loss=-0.3447 | res=1.92e-08 | grad=4.08e-01 | 1.2s
[   917] loss=-0.3726 | res=3.33e-08 | grad=4.80e-01 | 1.2s
[   918] loss=-0.3161 | res=5.39e-05 | grad=3.18e-01 | 1.3s
[   919] loss=-0.3371 | res=3.12e-08 | grad=2.98e-01 | 1.2s
[   920] loss=-0.3434 | res=3.29e-08 | grad=2.02e-01 | 1.2s
[   921] loss=-0.3986 | res=1.68e-08 | grad=7.25e-01 | 1.2s
[   922] loss=-0.3620 | res=2.30e-08 | grad=3.60e-01 | 1.2s
[   923] loss=-0.3793 | res=4.25e-08 | grad=1.08e-01 | 1.2s
[   924] loss=-0.3290 | res=3.25e-08 | grad=6.28e-01 | 1.2s
[   925] loss=-0.3249 | res=2.63e-08 | grad=5.58e-01 | 1.0s
[   926] loss=-0.3387 | res=2.28e-08 | grad=3.80e-01 | 1.1s
[   927] loss=-0.3558 | res=2.36e-08 | grad=1.49e-01 | 1.2s
[   928] loss=-0.3217 | res=4.21e-07 | grad=5.02e-01 | 1.2s
[   929] loss=-0.3279 | res=2.34e-08 | grad=1.76e-01 | 1.2s
[   930] loss=-0.3247 | res=3.44e-08 | grad=2.19e-01 | 1.2s
[   931] loss=-0.3306 | res=1.85e-08 | grad=1.81e-01 | 1.2s
[   932] loss=-0.3531 | res=2.54e-08 | grad=8.12e-01 | 1.1s
[   933] loss=-0.3660 | res=2.51e-08 | grad=1.09e+00 | 1.2s
[   934] loss=-0.2979 | res=2.53e-08 | grad=1.35e-01 | 1.2s
[   935] loss=-0.3096 | res=2.00e-06 | grad=2.46e-01 | 1.2s
[   936] loss=-0.3242 | res=2.81e-08 | grad=2.31e-01 | 1.2s
[   937] loss=-0.3568 | res=3.11e-08 | grad=2.89e-01 | 1.2s
[   938] loss=-0.2840 | res=3.27e-08 | grad=9.15e-01 | 1.2s
[   939] loss=-0.3445 | res=3.90e-08 | grad=2.30e-01 | 1.2s
[   940] loss=-0.3652 | res=1.54e-08 | grad=5.27e-01 | 1.2s
[   941] loss=-0.3436 | res=2.65e-08 | grad=3.04e-01 | 1.1s
[   942] loss=-0.2995 | res=2.60e-08 | grad=5.97e-01 | 1.0s
[   943] loss=-0.3325 | res=3.15e-08 | grad=1.42e-01 | 1.0s
[   944] loss=-0.3633 | res=3.44e-08 | grad=4.11e-01 | 0.9s
[   945] loss=-0.2942 | res=4.18e-06 | grad=5.22e-01 | 0.9s
[   946] loss=-0.3443 | res=3.14e-08 | grad=2.87e-01 | 0.9s
[   947] loss=-0.2930 | res=2.52e-08 | grad=3.55e-01 | 1.1s
[   948] loss=-0.3626 | res=2.16e-08 | grad=7.01e-01 | 1.2s
[   949] loss=-0.3263 | res=2.26e-08 | grad=3.20e-01 | 1.2s
[   950] loss=-0.2907 | res=3.12e-08 | grad=5.14e-01 | 1.3s
[   951] loss=-0.3541 | res=4.28e-05 | grad=3.18e-01 | 1.2s
[   952] loss=-0.3329 | res=3.33e-08 | grad=2.28e-01 | 1.2s
[   953] loss=-0.3409 | res=3.27e-08 | grad=2.46e-01 | 1.2s
[   954] loss=-0.3422 | res=3.20e-08 | grad=2.17e-01 | 1.2s
[   955] loss=-0.3323 | res=2.93e-06 | grad=2.29e-01 | 1.0s
[   956] loss=-0.3097 | res=3.44e-08 | grad=2.96e-01 | 1.0s
[   957] loss=-0.3615 | res=3.62e-08 | grad=5.11e-01 | 1.1s
[   958] loss=-0.3502 | res=1.97e-08 | grad=2.68e-01 | 1.0s
[   959] loss=-0.3572 | res=1.18e-08 | grad=5.55e-01 | 1.2s
[   960] loss=-0.3250 | res=3.92e-08 | grad=3.35e-01 | 1.3s
[   961] loss=-0.3305 | res=2.36e-08 | grad=2.16e-01 | 1.2s
[   962] loss=-0.3675 | res=2.61e-08 | grad=2.95e-01 | 1.2s
[   963] loss=-0.3385 | res=2.21e-08 | grad=4.81e-01 | 1.0s
[   964] loss=-0.3377 | res=2.95e-08 | grad=3.80e-01 | 1.1s
[   965] loss=-0.3524 | res=3.11e-08 | grad=2.20e-01 | 1.2s
[   966] loss=-0.3441 | res=2.87e-08 | grad=1.80e-01 | 1.2s
[   967] loss=-0.3570 | res=2.16e-08 | grad=3.32e-01 | 1.2s
[   968] loss=-0.3526 | res=1.58e-06 | grad=3.11e-01 | 1.2s
[   969] loss=-0.2910 | res=9.32e-07 | grad=6.80e-01 | 1.0s
[   970] loss=-0.3740 | res=2.45e-08 | grad=5.59e-01 | 1.1s
[   971] loss=-0.3672 | res=3.80e-08 | grad=3.38e-01 | 1.2s
[   972] loss=-0.3495 | res=4.11e-08 | grad=1.97e-01 | 1.0s
[   973] loss=-0.3507 | res=4.83e-05 | grad=2.13e-01 | 1.2s
[   974] loss=-0.3200 | res=2.84e-08 | grad=4.45e-01 | 1.2s
[   975] loss=-0.3351 | res=2.40e-08 | grad=2.19e-01 | 1.2s
[   976] loss=-0.2971 | res=2.83e-08 | grad=5.45e-01 | 1.2s
[   977] loss=-0.3293 | res=2.99e-08 | grad=1.38e-01 | 1.2s
[   978] loss=-0.3077 | res=2.04e-08 | grad=4.11e-01 | 1.2s
[   979] loss=-0.3631 | res=1.78e-08 | grad=7.19e-01 | 1.0s
[   980] loss=-0.3355 | res=2.30e-08 | grad=3.50e-01 | 1.2s
[   981] loss=-0.3344 | res=5.16e-08 | grad=3.57e-01 | 1.2s
[   982] loss=-0.3209 | res=2.94e-08 | grad=1.44e-01 | 1.0s
[   983] loss=-0.3387 | res=1.79e-07 | grad=2.36e-01 | 1.2s
[   984] loss=-0.3721 | res=1.42e-08 | grad=5.64e-01 | 1.2s
[   985] loss=-0.3375 | res=4.17e-08 | grad=2.02e-01 | 1.2s
[   986] loss=-0.3218 | res=3.46e-08 | grad=7.09e-01 | 1.2s
[   987] loss=-0.3261 | res=2.45e-08 | grad=5.14e-01 | 1.2s
[   988] loss=-0.3335 | res=3.51e-08 | grad=1.88e-01 | 1.0s
[   989] loss=-0.3706 | res=2.56e-08 | grad=3.50e-01 | 1.1s
[   990] loss=-0.2944 | res=2.02e-08 | grad=6.79e-01 | 1.2s
[   991] loss=-0.3393 | res=3.25e-08 | grad=1.42e-01 | 1.2s
[   992] loss=-0.3488 | res=4.73e-08 | grad=4.53e-01 | 1.2s
[   993] loss=-0.3566 | res=2.77e-08 | grad=5.07e-01 | 1.2s
[   994] loss=-0.3270 | res=1.90e-08 | grad=2.14e-01 | 1.1s
[   995] loss=-0.3194 | res=2.87e-08 | grad=3.16e-01 | 1.0s
[   996] loss=-0.3374 | res=8.55e-06 | grad=1.67e-01 | 1.2s
[   997] loss=-0.3361 | res=6.65e-06 | grad=1.71e-01 | 1.3s
[   998] loss=-0.3134 | res=2.05e-08 | grad=1.56e-01 | 1.2s
[   999] loss=-0.3503 | res=2.10e-07 | grad=2.38e-01 | 1.2s
[  1000] loss=-0.3556 | res=6.77e-09 | grad=2.10e-01 | 1.2s
E0122 22:40:36.559733 2962156 hlo_lexer.cc:443] Failed to parse int literal: 27063692416355037831
E0122 22:40:50.335030 2962156 hlo_lexer.cc:443] Failed to parse int literal: 27063692416355037831
  KL = 0.0186 +/- 0.0030  |  ESS = 991.0 (ratio: 0.968)
  Runtime = 1152.4s

[Ours] Training on S8...
/home/sjbhatt/anaconda3/envs/rcpms-jax/lib/python3.10/site-packages/jax/_src/ops/scatter.py:92: FutureWarning: scatter inputs have incompatible types: cannot safely cast value from dtype=int64 to dtype=int32 with jax_numpy_dtype_promotion='standard'. In future JAX releases this will result in an error.
  warnings.warn(
/home/sjbhatt/anaconda3/envs/rcpms-jax/lib/python3.10/site-packages/jax/_src/ops/scatter.py:92: FutureWarning: scatter inputs have incompatible types: cannot safely cast value from dtype=int64 to dtype=int32 with jax_numpy_dtype_promotion='standard'. In future JAX releases this will result in an error.
  warnings.warn(
[     1] loss=0.0837 | res=2.63e-08 | grad=5.25e+00 | 6.2s
[     2] loss=-0.0338 | res=2.83e-08 | grad=4.12e+00 | 1.2s
[     3] loss=-0.1167 | res=2.19e-08 | grad=3.57e+00 | 1.2s
[     4] loss=-0.1907 | res=3.94e-08 | grad=2.94e+00 | 1.2s
[     5] loss=-0.2103 | res=1.77e-05 | grad=1.87e+00 | 1.2s
[     6] loss=-0.2506 | res=5.62e-08 | grad=1.51e+00 | 1.2s
[     7] loss=-0.2447 | res=9.54e-08 | grad=9.34e-01 | 1.2s
[     8] loss=-0.2781 | res=1.24e-07 | grad=8.10e-01 | 1.2s
[     9] loss=-0.2548 | res=1.64e-05 | grad=1.47e+00 | 1.2s
[    10] loss=-0.2888 | res=4.75e-05 | grad=1.19e+00 | 1.2s
[    11] loss=-0.2778 | res=1.32e-07 | grad=1.65e+00 | 1.2s
[    12] loss=-0.2697 | res=1.15e-07 | grad=1.54e+00 | 1.2s
[    13] loss=-0.2959 | res=8.72e-08 | grad=1.59e+00 | 1.2s
[    14] loss=-0.2732 | res=1.70e-06 | grad=1.44e+00 | 1.2s
[    15] loss=-0.2558 | res=9.18e-08 | grad=1.17e+00 | 1.2s
[    16] loss=-0.2898 | res=5.64e-08 | grad=5.00e-01 | 1.2s
[    17] loss=-0.2586 | res=6.48e-08 | grad=8.50e-01 | 1.2s
[    18] loss=-0.2897 | res=4.28e-08 | grad=6.99e-01 | 1.2s
[    19] loss=-0.2755 | res=4.84e-08 | grad=6.42e-01 | 1.2s
[    20] loss=-0.2819 | res=5.34e-08 | grad=7.68e-01 | 1.2s
[    21] loss=-0.2626 | res=5.61e-08 | grad=8.23e-01 | 1.2s
[    22] loss=-0.2772 | res=6.10e-08 | grad=7.60e-01 | 1.2s
[    23] loss=-0.3066 | res=4.06e-08 | grad=1.00e+00 | 1.2s
[    24] loss=-0.2823 | res=6.91e-08 | grad=1.04e+00 | 1.2s
[    25] loss=-0.2697 | res=1.52e-07 | grad=6.48e-01 | 1.2s
[    26] loss=-0.2419 | res=6.35e-08 | grad=3.51e-01 | 1.2s
[    27] loss=-0.3033 | res=4.14e-08 | grad=7.98e-01 | 1.2s
[    28] loss=-0.3267 | res=5.33e-06 | grad=6.99e-01 | 1.2s
[    29] loss=-0.3133 | res=4.38e-08 | grad=6.58e-01 | 1.2s
[    30] loss=-0.2979 | res=5.35e-08 | grad=6.43e-01 | 1.2s
[    31] loss=-0.2735 | res=1.90e-05 | grad=7.04e-01 | 1.2s
[    32] loss=-0.2792 | res=7.02e-08 | grad=6.92e-01 | 1.2s
[    33] loss=-0.2894 | res=6.69e-06 | grad=6.19e-01 | 1.2s
[    34] loss=-0.2816 | res=6.28e-08 | grad=8.02e-01 | 1.2s
[    35] loss=-0.3144 | res=6.95e-08 | grad=4.59e-01 | 1.2s
[    36] loss=-0.2686 | res=4.85e-08 | grad=7.30e-01 | 1.2s
[    37] loss=-0.2800 | res=3.84e-08 | grad=5.94e-01 | 1.2s
[    38] loss=-0.2738 | res=7.27e-08 | grad=8.89e-01 | 1.2s
[    39] loss=-0.2820 | res=5.32e-08 | grad=5.70e-01 | 1.2s
[    40] loss=-0.2739 | res=5.76e-06 | grad=4.28e-01 | 1.2s
[    41] loss=-0.3290 | res=2.13e-08 | grad=8.62e-01 | 1.2s
[    42] loss=-0.2736 | res=5.27e-08 | grad=6.93e-01 | 1.2s
[    43] loss=-0.2833 | res=5.10e-08 | grad=5.90e-01 | 1.2s
[    44] loss=-0.3374 | res=3.15e-08 | grad=7.55e-01 | 1.2s
[    45] loss=-0.2908 | res=2.75e-08 | grad=5.68e-01 | 1.2s
[    46] loss=-0.2688 | res=7.00e-08 | grad=3.85e-01 | 1.2s
[    47] loss=-0.2850 | res=2.56e-06 | grad=5.42e-01 | 1.2s
[    48] loss=-0.2747 | res=4.69e-08 | grad=4.81e-01 | 1.2s
[    49] loss=-0.2800 | res=2.93e-08 | grad=8.17e-01 | 1.2s
[    50] loss=-0.3232 | res=3.54e-08 | grad=7.53e-01 | 1.2s
[    51] loss=-0.2671 | res=6.68e-08 | grad=4.32e-01 | 1.2s
[    52] loss=-0.2743 | res=5.00e-08 | grad=4.85e-01 | 1.2s
[    53] loss=-0.2443 | res=4.28e-08 | grad=9.30e-01 | 1.2s
[    54] loss=-0.2865 | res=7.18e-08 | grad=4.69e-01 | 1.2s
[    55] loss=-0.3310 | res=1.94e-08 | grad=8.89e-01 | 1.2s
[    56] loss=-0.2703 | res=4.26e-08 | grad=4.74e-01 | 1.2s
[    57] loss=-0.2649 | res=4.54e-08 | grad=6.34e-01 | 1.2s
[    58] loss=-0.2915 | res=3.07e-08 | grad=4.00e-01 | 1.2s
[    59] loss=-0.2785 | res=2.13e-05 | grad=5.28e-01 | 1.2s
[    60] loss=-0.2976 | res=3.48e-08 | grad=4.07e-01 | 1.2s
[    61] loss=-0.2742 | res=4.78e-08 | grad=4.97e-01 | 1.2s
[    62] loss=-0.2948 | res=4.56e-08 | grad=5.32e-01 | 1.2s
[    63] loss=-0.3101 | res=4.36e-08 | grad=6.60e-01 | 1.2s
[    64] loss=-0.3037 | res=4.53e-08 | grad=5.02e-01 | 1.2s
[    65] loss=-0.2831 | res=2.31e-08 | grad=4.13e-01 | 1.2s
[    66] loss=-0.3009 | res=5.53e-06 | grad=4.19e-01 | 1.2s
[    67] loss=-0.3024 | res=6.35e-07 | grad=4.35e-01 | 1.2s
[    68] loss=-0.2897 | res=2.06e-07 | grad=8.74e-01 | 1.2s
[    69] loss=-0.2989 | res=4.66e-06 | grad=5.45e-01 | 1.2s
[    70] loss=-0.3010 | res=3.91e-08 | grad=5.82e-01 | 1.2s
[    71] loss=-0.3091 | res=4.11e-08 | grad=4.38e-01 | 1.2s
[    72] loss=-0.2643 | res=2.06e-05 | grad=7.29e-01 | 1.2s
[    73] loss=-0.2812 | res=1.21e-05 | grad=2.67e-01 | 1.2s
[    74] loss=-0.2972 | res=4.07e-08 | grad=6.46e-01 | 1.2s
[    75] loss=-0.2736 | res=2.70e-08 | grad=4.43e-01 | 1.2s
[    76] loss=-0.2863 | res=1.32e-05 | grad=4.81e-01 | 1.2s
[    77] loss=-0.2985 | res=3.93e-08 | grad=5.56e-01 | 1.2s
[    78] loss=-0.2929 | res=3.58e-08 | grad=4.87e-01 | 1.2s
[    79] loss=-0.2954 | res=3.30e-08 | grad=4.49e-01 | 1.2s
[    80] loss=-0.3267 | res=4.90e-08 | grad=5.99e-01 | 1.2s
[    81] loss=-0.3123 | res=4.24e-08 | grad=4.00e-01 | 1.2s
[    82] loss=-0.2970 | res=7.34e-07 | grad=5.42e-01 | 1.2s
[    83] loss=-0.2682 | res=3.70e-08 | grad=5.10e-01 | 1.2s
[    84] loss=-0.3197 | res=2.35e-08 | grad=5.73e-01 | 1.2s
[    85] loss=-0.2842 | res=2.56e-08 | grad=5.19e-01 | 1.2s
[    86] loss=-0.3047 | res=6.09e-08 | grad=4.86e-01 | 1.2s
[    87] loss=-0.3043 | res=3.03e-08 | grad=2.98e-01 | 1.2s
[    88] loss=-0.3011 | res=4.51e-08 | grad=4.82e-01 | 1.2s
[    89] loss=-0.2780 | res=6.71e-08 | grad=5.51e-01 | 1.2s
[    90] loss=-0.2944 | res=3.28e-08 | grad=8.39e-01 | 1.2s
[    91] loss=-0.3253 | res=6.27e-08 | grad=5.00e-01 | 1.2s
[    92] loss=-0.3051 | res=2.38e-06 | grad=5.67e-01 | 1.2s
[    93] loss=-0.2772 | res=4.83e-06 | grad=5.52e-01 | 1.2s
[    94] loss=-0.3054 | res=4.62e-08 | grad=7.79e-01 | 1.2s
[    95] loss=-0.2935 | res=3.14e-05 | grad=4.66e-01 | 1.2s
[    96] loss=-0.3174 | res=3.12e-08 | grad=3.39e-01 | 1.2s
[    97] loss=-0.2784 | res=1.07e-05 | grad=4.14e-01 | 1.2s
[    98] loss=-0.3171 | res=7.41e-06 | grad=5.91e-01 | 1.2s
[    99] loss=-0.3066 | res=4.83e-08 | grad=6.43e-01 | 1.2s
[   100] loss=-0.2893 | res=4.03e-08 | grad=3.76e-01 | 1.2s
[   101] loss=-0.2732 | res=5.42e-08 | grad=6.39e-01 | 1.2s
[   102] loss=-0.2546 | res=4.76e-08 | grad=7.46e-01 | 1.2s
[   103] loss=-0.2850 | res=4.41e-08 | grad=3.94e-01 | 1.2s
[   104] loss=-0.2920 | res=4.20e-08 | grad=3.57e-01 | 1.2s
[   105] loss=-0.2466 | res=5.10e-08 | grad=5.69e-01 | 1.2s
[   106] loss=-0.3017 | res=2.64e-08 | grad=5.85e-01 | 1.2s
[   107] loss=-0.2958 | res=3.59e-08 | grad=6.12e-01 | 1.2s
[   108] loss=-0.2767 | res=3.67e-08 | grad=4.89e-01 | 1.2s
[   109] loss=-0.2715 | res=3.86e-08 | grad=5.49e-01 | 1.2s
[   110] loss=-0.3029 | res=4.92e-08 | grad=6.93e-01 | 1.2s
[   111] loss=-0.2874 | res=3.51e-08 | grad=5.69e-01 | 1.2s
[   112] loss=-0.2647 | res=7.52e-08 | grad=5.80e-01 | 1.2s
[   113] loss=-0.2756 | res=4.58e-08 | grad=4.00e-01 | 1.2s
[   114] loss=-0.3160 | res=3.73e-08 | grad=6.69e-01 | 1.2s
[   115] loss=-0.2703 | res=4.47e-08 | grad=5.90e-01 | 1.2s
[   116] loss=-0.3039 | res=3.30e-08 | grad=4.33e-01 | 1.2s
[   117] loss=-0.3061 | res=1.22e-04 | grad=5.59e-01 | 1.2s
[   118] loss=-0.2890 | res=2.65e-08 | grad=5.55e-01 | 1.2s
[   119] loss=-0.3073 | res=5.12e-08 | grad=4.83e-01 | 1.2s
[   120] loss=-0.3118 | res=3.32e-08 | grad=3.61e-01 | 1.2s
[   121] loss=-0.2843 | res=3.66e-08 | grad=7.05e-01 | 1.2s
[   122] loss=-0.2947 | res=1.11e-05 | grad=2.57e-01 | 1.2s
[   123] loss=-0.3273 | res=2.46e-08 | grad=8.90e-01 | 1.2s
[   124] loss=-0.2815 | res=2.85e-08 | grad=4.06e-01 | 1.2s
[   125] loss=-0.2823 | res=5.91e-08 | grad=6.64e-01 | 1.2s
[   126] loss=-0.3066 | res=2.71e-08 | grad=4.92e-01 | 1.2s
[   127] loss=-0.3194 | res=2.99e-08 | grad=2.92e-01 | 1.2s
[   128] loss=-0.2923 | res=8.19e-05 | grad=4.47e-01 | 1.2s
[   129] loss=-0.3048 | res=5.21e-08 | grad=4.82e-01 | 1.2s
[   130] loss=-0.2831 | res=5.10e-08 | grad=3.19e-01 | 1.2s
[   131] loss=-0.3180 | res=4.40e-08 | grad=4.54e-01 | 1.2s
[   132] loss=-0.2723 | res=8.28e-08 | grad=7.39e-01 | 1.2s
[   133] loss=-0.2916 | res=4.25e-08 | grad=6.41e-01 | 1.2s
[   134] loss=-0.3139 | res=4.16e-08 | grad=3.14e-01 | 1.2s
[   135] loss=-0.2487 | res=3.16e-08 | grad=7.60e-01 | 1.2s
[   136] loss=-0.2766 | res=6.74e-08 | grad=4.08e-01 | 1.2s
[   137] loss=-0.2834 | res=5.49e-08 | grad=9.01e-01 | 1.2s
[   138] loss=-0.2945 | res=1.12e-05 | grad=6.72e-01 | 1.2s
[   139] loss=-0.2977 | res=4.59e-08 | grad=5.71e-01 | 1.2s
[   140] loss=-0.2955 | res=2.54e-08 | grad=6.52e-01 | 1.2s
[   141] loss=-0.2873 | res=4.04e-08 | grad=7.09e-01 | 1.2s
[   142] loss=-0.3067 | res=2.63e-08 | grad=6.36e-01 | 1.2s
[   143] loss=-0.2751 | res=4.68e-08 | grad=5.34e-01 | 1.2s
[   144] loss=-0.2779 | res=4.76e-08 | grad=6.02e-01 | 1.2s
[   145] loss=-0.3311 | res=1.69e-08 | grad=6.80e-01 | 1.2s
[   146] loss=-0.3232 | res=1.06e-06 | grad=5.13e-01 | 1.2s
[   147] loss=-0.2654 | res=5.28e-08 | grad=8.73e-01 | 1.2s
[   148] loss=-0.2755 | res=3.00e-08 | grad=6.64e-01 | 1.2s
[   149] loss=-0.2645 | res=3.58e-05 | grad=6.47e-01 | 1.2s
[   150] loss=-0.2723 | res=2.72e-05 | grad=7.20e-01 | 1.2s
[   151] loss=-0.2647 | res=8.42e-05 | grad=5.12e-01 | 1.2s
[   152] loss=-0.2885 | res=4.80e-08 | grad=5.22e-01 | 1.2s
[   153] loss=-0.2780 | res=3.71e-06 | grad=4.32e-01 | 1.2s
[   154] loss=-0.2930 | res=4.32e-08 | grad=6.19e-01 | 1.2s
[   155] loss=-0.2981 | res=3.09e-08 | grad=5.68e-01 | 1.2s
[   156] loss=-0.3149 | res=1.93e-08 | grad=8.46e-01 | 1.2s
[   157] loss=-0.3051 | res=5.71e-08 | grad=7.33e-01 | 1.2s
[   158] loss=-0.2669 | res=2.55e-08 | grad=5.28e-01 | 1.2s
[   159] loss=-0.3119 | res=1.37e-07 | grad=5.64e-01 | 1.2s
[   160] loss=-0.3092 | res=4.42e-08 | grad=6.68e-01 | 1.2s
[   161] loss=-0.3055 | res=6.66e-08 | grad=5.45e-01 | 1.2s
[   162] loss=-0.2707 | res=2.23e-08 | grad=6.82e-01 | 1.2s
[   163] loss=-0.2789 | res=7.18e-08 | grad=7.99e-01 | 1.2s
[   164] loss=-0.2815 | res=3.32e-08 | grad=6.38e-01 | 1.2s
[   165] loss=-0.3057 | res=4.66e-06 | grad=3.35e-01 | 1.2s
[   166] loss=-0.2904 | res=4.58e-08 | grad=4.22e-01 | 1.2s
[   167] loss=-0.2881 | res=2.33e-08 | grad=4.34e-01 | 1.2s
[   168] loss=-0.2824 | res=8.83e-06 | grad=5.41e-01 | 1.2s
[   169] loss=-0.3300 | res=3.25e-08 | grad=7.96e-01 | 1.2s
[   170] loss=-0.2569 | res=3.19e-05 | grad=5.71e-01 | 1.2s
[   171] loss=-0.2862 | res=3.97e-08 | grad=6.32e-01 | 1.2s
[   172] loss=-0.2775 | res=2.52e-08 | grad=5.29e-01 | 1.2s
[   173] loss=-0.2784 | res=6.42e-05 | grad=6.31e-01 | 1.2s
[   174] loss=-0.2522 | res=3.06e-08 | grad=5.16e-01 | 1.2s
[   175] loss=-0.2480 | res=5.02e-08 | grad=4.95e-01 | 1.2s
[   176] loss=-0.2799 | res=4.08e-08 | grad=5.96e-01 | 1.2s
[   177] loss=-0.3201 | res=3.85e-08 | grad=8.21e-01 | 1.2s
[   178] loss=-0.2883 | res=4.40e-08 | grad=3.87e-01 | 1.2s
[   179] loss=-0.2786 | res=4.76e-08 | grad=6.02e-01 | 1.2s
[   180] loss=-0.2815 | res=4.30e-08 | grad=4.71e-01 | 1.2s
[   181] loss=-0.2925 | res=2.19e-06 | grad=2.98e-01 | 1.2s
[   182] loss=-0.2613 | res=6.97e-08 | grad=6.81e-01 | 1.2s
[   183] loss=-0.2985 | res=3.45e-08 | grad=5.52e-01 | 1.2s
[   184] loss=-0.2994 | res=3.52e-08 | grad=4.54e-01 | 1.2s
[   185] loss=-0.2918 | res=4.32e-05 | grad=6.04e-01 | 1.2s
[   186] loss=-0.2760 | res=3.79e-05 | grad=3.81e-01 | 1.2s
[   187] loss=-0.2483 | res=3.15e-08 | grad=6.49e-01 | 1.2s
[   188] loss=-0.2839 | res=5.26e-08 | grad=4.22e-01 | 1.2s
[   189] loss=-0.3121 | res=1.67e-08 | grad=5.58e-01 | 1.2s
[   190] loss=-0.2889 | res=4.14e-08 | grad=5.76e-01 | 1.2s
[   191] loss=-0.2655 | res=3.94e-08 | grad=6.19e-01 | 1.2s
[   192] loss=-0.2989 | res=2.88e-06 | grad=5.62e-01 | 1.2s
[   193] loss=-0.3256 | res=5.29e-08 | grad=7.23e-01 | 1.2s
[   194] loss=-0.3104 | res=2.83e-08 | grad=5.31e-01 | 1.2s
[   195] loss=-0.2735 | res=3.25e-08 | grad=6.53e-01 | 1.2s
[   196] loss=-0.3511 | res=4.60e-08 | grad=5.57e-01 | 1.2s
[   197] loss=-0.2794 | res=5.52e-08 | grad=6.38e-01 | 1.2s
[   198] loss=-0.2792 | res=2.36e-08 | grad=6.02e-01 | 1.2s
[   199] loss=-0.3018 | res=1.53e-05 | grad=4.66e-01 | 1.2s
[   200] loss=-0.2922 | res=4.27e-08 | grad=4.60e-01 | 1.2s
[   201] loss=-0.3032 | res=4.56e-08 | grad=5.15e-01 | 1.2s
[   202] loss=-0.2925 | res=5.28e-08 | grad=5.45e-01 | 1.2s
[   203] loss=-0.2485 | res=3.93e-08 | grad=9.07e-01 | 1.2s
[   204] loss=-0.2615 | res=3.30e-08 | grad=4.93e-01 | 1.2s
[   205] loss=-0.2891 | res=3.73e-08 | grad=4.72e-01 | 1.2s
[   206] loss=-0.2986 | res=5.31e-08 | grad=5.81e-01 | 1.2s
[   207] loss=-0.2736 | res=2.98e-08 | grad=7.39e-01 | 1.2s
[   208] loss=-0.2682 | res=1.44e-05 | grad=4.07e-01 | 1.2s
[   209] loss=-0.2725 | res=1.25e-05 | grad=3.03e-01 | 1.2s
[   210] loss=-0.3121 | res=3.61e-08 | grad=6.17e-01 | 1.2s
[   211] loss=-0.3000 | res=3.32e-08 | grad=6.57e-01 | 1.2s
[   212] loss=-0.2793 | res=1.15e-06 | grad=4.42e-01 | 1.2s
[   213] loss=-0.2971 | res=2.38e-05 | grad=4.84e-01 | 1.2s
[   214] loss=-0.3070 | res=4.53e-08 | grad=4.94e-01 | 1.2s
[   215] loss=-0.2674 | res=3.61e-08 | grad=6.67e-01 | 1.2s
[   216] loss=-0.2928 | res=3.62e-08 | grad=5.60e-01 | 1.2s
[   217] loss=-0.3031 | res=3.81e-08 | grad=3.36e-01 | 1.2s
[   218] loss=-0.2573 | res=3.46e-08 | grad=8.54e-01 | 1.2s
[   219] loss=-0.2908 | res=2.43e-08 | grad=6.29e-01 | 1.2s
[   220] loss=-0.2874 | res=3.86e-08 | grad=4.60e-01 | 1.2s
[   221] loss=-0.3044 | res=3.47e-08 | grad=5.86e-01 | 1.2s
[   222] loss=-0.2918 | res=4.79e-08 | grad=4.71e-01 | 1.2s
[   223] loss=-0.2701 | res=4.00e-08 | grad=4.42e-01 | 1.2s
[   224] loss=-0.2782 | res=2.20e-08 | grad=5.09e-01 | 1.2s
[   225] loss=-0.2745 | res=3.94e-08 | grad=6.67e-01 | 1.2s
[   226] loss=-0.3174 | res=2.54e-08 | grad=8.55e-01 | 1.2s
[   227] loss=-0.3073 | res=2.84e-08 | grad=4.63e-01 | 1.2s
[   228] loss=-0.3018 | res=4.95e-08 | grad=4.22e-01 | 1.2s
[   229] loss=-0.3127 | res=1.86e-07 | grad=4.51e-01 | 1.2s
[   230] loss=-0.3112 | res=4.71e-08 | grad=3.66e-01 | 1.2s
[   231] loss=-0.3193 | res=3.21e-08 | grad=4.25e-01 | 1.2s
[   232] loss=-0.2620 | res=5.65e-08 | grad=7.69e-01 | 1.2s
[   233] loss=-0.2574 | res=2.08e-05 | grad=8.72e-01 | 1.2s
[   234] loss=-0.2705 | res=3.95e-08 | grad=6.90e-01 | 1.2s
[   235] loss=-0.2915 | res=3.96e-08 | grad=3.89e-01 | 1.2s
[   236] loss=-0.3057 | res=4.17e-08 | grad=4.62e-01 | 1.2s
[   237] loss=-0.2871 | res=3.49e-08 | grad=5.56e-01 | 1.2s
[   238] loss=-0.2833 | res=4.41e-08 | grad=6.05e-01 | 1.2s
[   239] loss=-0.2454 | res=4.17e-08 | grad=5.27e-01 | 1.2s
[   240] loss=-0.3176 | res=3.54e-08 | grad=8.15e-01 | 1.2s
[   241] loss=-0.2644 | res=6.46e-06 | grad=2.80e-01 | 1.2s
[   242] loss=-0.3046 | res=4.71e-08 | grad=5.25e-01 | 1.2s
[   243] loss=-0.3063 | res=5.25e-08 | grad=6.94e-01 | 1.2s
[   244] loss=-0.2745 | res=4.65e-08 | grad=7.51e-01 | 1.2s
[   245] loss=-0.2601 | res=4.94e-08 | grad=5.86e-01 | 1.2s
[   246] loss=-0.2949 | res=3.09e-08 | grad=4.20e-01 | 1.2s
[   247] loss=-0.2645 | res=4.31e-08 | grad=5.88e-01 | 1.2s
[   248] loss=-0.3100 | res=5.19e-08 | grad=4.45e-01 | 1.2s
[   249] loss=-0.2802 | res=3.64e-08 | grad=3.44e-01 | 1.2s
[   250] loss=-0.2947 | res=5.03e-08 | grad=2.97e-01 | 1.2s
[   251] loss=-0.2896 | res=4.16e-08 | grad=4.82e-01 | 1.2s
[   252] loss=-0.2786 | res=2.92e-08 | grad=5.07e-01 | 1.2s
[   253] loss=-0.3017 | res=3.87e-08 | grad=4.52e-01 | 1.2s
[   254] loss=-0.2898 | res=4.77e-08 | grad=2.38e-01 | 1.2s
[   255] loss=-0.2582 | res=2.17e-08 | grad=5.86e-01 | 1.2s
[   256] loss=-0.2741 | res=5.31e-08 | grad=6.94e-01 | 1.2s
[   257] loss=-0.2838 | res=4.61e-06 | grad=3.76e-01 | 1.2s
[   258] loss=-0.2656 | res=6.43e-08 | grad=4.76e-01 | 1.2s
[   259] loss=-0.3141 | res=4.86e-08 | grad=6.30e-01 | 1.2s
[   260] loss=-0.3002 | res=4.03e-08 | grad=5.44e-01 | 1.2s
[   261] loss=-0.3069 | res=2.54e-08 | grad=4.74e-01 | 1.2s
[   262] loss=-0.3128 | res=4.57e-08 | grad=5.48e-01 | 1.2s
[   263] loss=-0.2650 | res=3.28e-08 | grad=4.38e-01 | 1.2s
[   264] loss=-0.3003 | res=5.10e-08 | grad=2.81e-01 | 1.2s
[   265] loss=-0.2854 | res=4.40e-08 | grad=3.80e-01 | 1.2s
[   266] loss=-0.3006 | res=4.93e-08 | grad=4.09e-01 | 1.2s
[   267] loss=-0.2865 | res=2.20e-08 | grad=3.82e-01 | 1.2s
[   268] loss=-0.2975 | res=3.77e-08 | grad=3.83e-01 | 1.2s
[   269] loss=-0.2894 | res=7.14e-05 | grad=3.50e-01 | 1.2s
[   270] loss=-0.2835 | res=4.19e-08 | grad=4.58e-01 | 1.2s
[   271] loss=-0.2751 | res=1.10e-05 | grad=3.48e-01 | 1.2s
[   272] loss=-0.2920 | res=3.64e-08 | grad=3.58e-01 | 1.2s
[   273] loss=-0.2508 | res=3.17e-08 | grad=3.55e-01 | 1.2s
[   274] loss=-0.2870 | res=2.63e-06 | grad=4.93e-01 | 1.2s
[   275] loss=-0.3039 | res=2.86e-08 | grad=7.91e-01 | 1.2s
[   276] loss=-0.3096 | res=4.88e-08 | grad=5.25e-01 | 1.2s
[   277] loss=-0.3415 | res=2.39e-08 | grad=8.66e-01 | 1.2s
[   278] loss=-0.3019 | res=2.71e-08 | grad=4.91e-01 | 1.2s
[   279] loss=-0.2798 | res=4.42e-05 | grad=6.29e-01 | 1.2s
[   280] loss=-0.2836 | res=2.46e-08 | grad=8.22e-01 | 1.2s
[   281] loss=-0.2435 | res=5.71e-08 | grad=9.78e-01 | 1.2s
[   282] loss=-0.3056 | res=1.64e-06 | grad=3.04e-01 | 1.2s
[   283] loss=-0.3230 | res=4.32e-08 | grad=4.25e-01 | 1.2s
[   284] loss=-0.2915 | res=3.63e-08 | grad=3.86e-01 | 1.2s
[   285] loss=-0.2609 | res=5.76e-08 | grad=5.83e-01 | 1.2s
[   286] loss=-0.3045 | res=4.07e-08 | grad=6.01e-01 | 1.2s
[   287] loss=-0.3202 | res=3.94e-08 | grad=7.12e-01 | 1.2s
[   288] loss=-0.2981 | res=4.22e-08 | grad=5.87e-01 | 1.2s
[   289] loss=-0.3309 | res=5.89e-05 | grad=9.58e-01 | 1.2s
[   290] loss=-0.2872 | res=2.79e-08 | grad=2.82e-01 | 1.2s
[   291] loss=-0.2798 | res=4.32e-08 | grad=5.20e-01 | 1.2s
[   292] loss=-0.3042 | res=5.15e-08 | grad=3.93e-01 | 1.2s
[   293] loss=-0.3173 | res=2.57e-07 | grad=4.29e-01 | 1.2s
[   294] loss=-0.2678 | res=4.85e-08 | grad=7.54e-01 | 1.2s
[   295] loss=-0.2763 | res=4.33e-08 | grad=6.83e-01 | 1.2s
[   296] loss=-0.2938 | res=6.09e-08 | grad=5.45e-01 | 1.2s
[   297] loss=-0.3021 | res=5.73e-08 | grad=4.99e-01 | 1.2s
[   298] loss=-0.2635 | res=5.29e-08 | grad=5.80e-01 | 1.2s
[   299] loss=-0.3115 | res=2.77e-08 | grad=6.32e-01 | 1.2s
[   300] loss=-0.3083 | res=1.72e-05 | grad=6.58e-01 | 1.2s
[   301] loss=-0.3006 | res=4.06e-08 | grad=5.45e-01 | 1.2s
[   302] loss=-0.2841 | res=3.16e-08 | grad=4.24e-01 | 1.2s
[   303] loss=-0.3136 | res=1.93e-08 | grad=5.34e-01 | 1.2s
[   304] loss=-0.2870 | res=5.82e-08 | grad=4.47e-01 | 1.2s
[   305] loss=-0.2760 | res=5.19e-08 | grad=4.14e-01 | 1.2s
[   306] loss=-0.2801 | res=7.66e-05 | grad=3.80e-01 | 1.2s
[   307] loss=-0.2838 | res=2.80e-08 | grad=4.30e-01 | 1.2s
[   308] loss=-0.2901 | res=5.07e-08 | grad=3.68e-01 | 1.2s
[   309] loss=-0.2501 | res=1.67e-06 | grad=7.50e-01 | 1.2s
[   310] loss=-0.2621 | res=2.96e-08 | grad=5.05e-01 | 1.2s
[   311] loss=-0.2699 | res=3.31e-08 | grad=5.24e-01 | 1.2s
[   312] loss=-0.2842 | res=3.95e-08 | grad=6.53e-01 | 1.2s
[   313] loss=-0.2751 | res=2.23e-06 | grad=4.64e-01 | 1.2s
[   314] loss=-0.2946 | res=3.53e-08 | grad=7.43e-01 | 1.2s
[   315] loss=-0.3011 | res=3.08e-08 | grad=7.05e-01 | 1.2s
[   316] loss=-0.2827 | res=2.92e-08 | grad=6.83e-01 | 1.2s
[   317] loss=-0.3301 | res=3.87e-08 | grad=8.44e-01 | 1.2s
[   318] loss=-0.2974 | res=2.82e-08 | grad=4.22e-01 | 1.2s
[   319] loss=-0.3155 | res=5.97e-08 | grad=4.45e-01 | 1.2s
[   320] loss=-0.3075 | res=3.13e-08 | grad=4.65e-01 | 1.2s
[   321] loss=-0.3030 | res=5.08e-08 | grad=5.80e-01 | 1.2s
[   322] loss=-0.3127 | res=3.22e-08 | grad=4.75e-01 | 1.2s
[   323] loss=-0.2812 | res=5.21e-08 | grad=7.77e-01 | 1.2s
[   324] loss=-0.2746 | res=1.21e-05 | grad=7.98e-01 | 1.2s
[   325] loss=-0.2901 | res=8.90e-06 | grad=7.25e-01 | 1.2s
[   326] loss=-0.3071 | res=2.21e-08 | grad=4.21e-01 | 1.2s
[   327] loss=-0.2725 | res=3.14e-06 | grad=3.75e-01 | 1.2s
[   328] loss=-0.3070 | res=4.28e-08 | grad=5.38e-01 | 1.2s
[   329] loss=-0.2788 | res=2.28e-08 | grad=4.71e-01 | 1.2s
[   330] loss=-0.3027 | res=3.59e-08 | grad=7.57e-01 | 1.2s
[   331] loss=-0.2786 | res=5.13e-08 | grad=5.38e-01 | 1.2s
[   332] loss=-0.2929 | res=2.69e-08 | grad=5.03e-01 | 1.2s
[   333] loss=-0.2876 | res=5.47e-08 | grad=3.95e-01 | 1.2s
[   334] loss=-0.2973 | res=2.67e-08 | grad=3.66e-01 | 1.2s
[   335] loss=-0.2770 | res=4.94e-08 | grad=6.01e-01 | 1.2s
[   336] loss=-0.2793 | res=1.35e-05 | grad=4.63e-01 | 1.2s
[   337] loss=-0.2935 | res=3.37e-08 | grad=5.08e-01 | 1.2s
[   338] loss=-0.3156 | res=4.86e-06 | grad=4.80e-01 | 1.2s
[   339] loss=-0.3395 | res=2.71e-08 | grad=5.36e-01 | 1.2s
[   340] loss=-0.3391 | res=4.16e-08 | grad=4.96e-01 | 1.2s
[   341] loss=-0.2603 | res=3.47e-08 | grad=8.28e-01 | 1.2s
[   342] loss=-0.2773 | res=6.08e-05 | grad=6.17e-01 | 1.2s
[   343] loss=-0.2925 | res=2.80e-06 | grad=4.61e-01 | 1.2s
[   344] loss=-0.2691 | res=4.47e-08 | grad=7.18e-01 | 1.2s
[   345] loss=-0.2912 | res=3.09e-08 | grad=2.40e-01 | 1.2s
[   346] loss=-0.3513 | res=6.83e-08 | grad=1.00e+00 | 1.2s
[   347] loss=-0.2619 | res=3.00e-06 | grad=5.91e-01 | 1.2s
[   348] loss=-0.2901 | res=3.81e-08 | grad=4.14e-01 | 1.2s
[   349] loss=-0.2836 | res=4.33e-08 | grad=4.03e-01 | 1.2s
[   350] loss=-0.2842 | res=3.91e-08 | grad=4.45e-01 | 1.2s
[   351] loss=-0.3101 | res=3.32e-08 | grad=7.10e-01 | 1.2s
[   352] loss=-0.2887 | res=4.00e-08 | grad=3.78e-01 | 1.2s
[   353] loss=-0.2660 | res=3.38e-08 | grad=5.13e-01 | 1.2s
[   354] loss=-0.3139 | res=2.84e-08 | grad=5.06e-01 | 1.2s
[   355] loss=-0.3007 | res=2.77e-08 | grad=4.89e-01 | 1.2s
[   356] loss=-0.2756 | res=1.10e-05 | grad=6.21e-01 | 1.2s
[   357] loss=-0.2654 | res=8.69e-05 | grad=6.01e-01 | 1.2s
[   358] loss=-0.2666 | res=2.97e-08 | grad=5.84e-01 | 1.2s
[   359] loss=-0.2897 | res=3.67e-08 | grad=2.65e-01 | 1.2s
[   360] loss=-0.2756 | res=5.12e-08 | grad=5.13e-01 | 1.2s
[   361] loss=-0.3040 | res=4.08e-05 | grad=3.70e-01 | 1.2s
[   362] loss=-0.3025 | res=4.57e-08 | grad=5.15e-01 | 1.2s
[   363] loss=-0.2824 | res=2.45e-05 | grad=3.15e-01 | 1.2s
[   364] loss=-0.2856 | res=3.70e-08 | grad=4.42e-01 | 1.2s
[   365] loss=-0.2695 | res=5.38e-08 | grad=4.23e-01 | 1.2s
[   366] loss=-0.2803 | res=3.81e-08 | grad=3.02e-01 | 1.2s
[   367] loss=-0.2951 | res=5.43e-08 | grad=4.22e-01 | 1.2s
[   368] loss=-0.2801 | res=2.19e-08 | grad=4.02e-01 | 1.2s
[   369] loss=-0.2977 | res=6.44e-08 | grad=3.00e-01 | 1.2s
[   370] loss=-0.2738 | res=3.03e-08 | grad=3.01e-01 | 1.2s
[   371] loss=-0.2828 | res=7.24e-06 | grad=4.25e-01 | 1.2s
[   372] loss=-0.2933 | res=1.72e-06 | grad=2.75e-01 | 1.2s
[   373] loss=-0.2930 | res=3.52e-07 | grad=3.52e-01 | 1.2s
[   374] loss=-0.2785 | res=7.30e-07 | grad=7.10e-01 | 1.2s
[   375] loss=-0.2927 | res=3.84e-08 | grad=4.63e-01 | 1.2s
[   376] loss=-0.2858 | res=6.56e-06 | grad=4.16e-01 | 1.2s
[   377] loss=-0.2864 | res=5.01e-08 | grad=3.99e-01 | 1.2s
[   378] loss=-0.2893 | res=5.21e-08 | grad=2.62e-01 | 1.2s
[   379] loss=-0.3181 | res=4.78e-08 | grad=6.53e-01 | 1.2s
[   380] loss=-0.2695 | res=1.21e-05 | grad=3.38e-01 | 1.2s
[   381] loss=-0.2526 | res=5.00e-08 | grad=6.77e-01 | 1.2s
[   382] loss=-0.2945 | res=3.33e-08 | grad=4.68e-01 | 1.2s
[   383] loss=-0.2977 | res=4.68e-08 | grad=3.46e-01 | 1.2s
[   384] loss=-0.2660 | res=3.54e-08 | grad=4.69e-01 | 1.2s
[   385] loss=-0.3024 | res=1.36e-07 | grad=4.50e-01 | 1.2s
[   386] loss=-0.2764 | res=5.48e-05 | grad=3.65e-01 | 1.2s
[   387] loss=-0.2877 | res=4.45e-06 | grad=3.27e-01 | 1.2s
[   388] loss=-0.2945 | res=3.64e-08 | grad=5.41e-01 | 1.2s
[   389] loss=-0.2744 | res=7.72e-05 | grad=3.88e-01 | 1.2s
[   390] loss=-0.3102 | res=2.42e-08 | grad=3.37e-01 | 1.2s
[   391] loss=-0.2738 | res=2.82e-08 | grad=3.78e-01 | 1.2s
[   392] loss=-0.2605 | res=3.60e-08 | grad=5.16e-01 | 1.2s
[   393] loss=-0.2556 | res=2.03e-06 | grad=5.52e-01 | 1.2s
[   394] loss=-0.2863 | res=5.43e-08 | grad=6.84e-01 | 1.2s
[   395] loss=-0.2581 | res=3.09e-08 | grad=3.63e-01 | 1.2s
[   396] loss=-0.3085 | res=3.20e-08 | grad=7.17e-01 | 1.2s
[   397] loss=-0.2946 | res=2.60e-08 | grad=4.37e-01 | 1.2s
[   398] loss=-0.3001 | res=3.24e-08 | grad=4.98e-01 | 1.2s
[   399] loss=-0.2903 | res=2.55e-08 | grad=3.83e-01 | 1.2s
[   400] loss=-0.2799 | res=3.25e-08 | grad=3.53e-01 | 1.2s
[   401] loss=-0.3226 | res=3.65e-08 | grad=4.00e-01 | 1.2s
[   402] loss=-0.2682 | res=7.41e-06 | grad=6.70e-01 | 1.2s
[   403] loss=-0.2902 | res=3.74e-08 | grad=4.83e-01 | 1.2s
[   404] loss=-0.2345 | res=6.28e-08 | grad=9.84e-01 | 1.2s
[   405] loss=-0.2389 | res=2.90e-06 | grad=1.12e+00 | 1.2s
[   406] loss=-0.2862 | res=9.86e-06 | grad=2.87e-01 | 1.2s
[   407] loss=-0.3211 | res=2.35e-08 | grad=1.13e+00 | 1.2s
[   408] loss=-0.2937 | res=3.64e-08 | grad=6.70e-01 | 1.2s
[   409] loss=-0.2887 | res=4.56e-08 | grad=5.31e-01 | 1.2s
[   410] loss=-0.2814 | res=4.30e-08 | grad=4.64e-01 | 1.2s
[   411] loss=-0.2953 | res=3.47e-08 | grad=5.68e-01 | 1.2s
[   412] loss=-0.3166 | res=1.34e-05 | grad=7.18e-01 | 1.2s
[   413] loss=-0.2852 | res=5.78e-08 | grad=5.65e-01 | 1.2s
[   414] loss=-0.2815 | res=2.16e-05 | grad=7.28e-01 | 1.2s
[   415] loss=-0.2683 | res=4.70e-08 | grad=9.21e-01 | 1.2s
[   416] loss=-0.2888 | res=2.91e-08 | grad=5.04e-01 | 1.2s
[   417] loss=-0.3275 | res=4.44e-08 | grad=2.46e-01 | 1.2s
[   418] loss=-0.2935 | res=6.51e-08 | grad=5.72e-01 | 1.2s
[   419] loss=-0.2697 | res=5.28e-08 | grad=5.03e-01 | 1.2s
[   420] loss=-0.2667 | res=3.62e-08 | grad=3.64e-01 | 1.2s
[   421] loss=-0.2704 | res=1.90e-07 | grad=3.80e-01 | 1.2s
[   422] loss=-0.2678 | res=1.52e-05 | grad=2.70e-01 | 1.2s
[   423] loss=-0.2784 | res=2.92e-08 | grad=5.64e-01 | 1.2s
[   424] loss=-0.2806 | res=7.45e-08 | grad=6.83e-01 | 1.2s
[   425] loss=-0.2882 | res=1.47e-06 | grad=6.45e-01 | 1.2s
[   426] loss=-0.2726 | res=4.45e-08 | grad=4.51e-01 | 1.2s
[   427] loss=-0.2898 | res=7.79e-06 | grad=3.34e-01 | 1.2s
[   428] loss=-0.2748 | res=3.37e-08 | grad=3.61e-01 | 1.2s
[   429] loss=-0.2790 | res=3.29e-08 | grad=4.01e-01 | 1.2s
[   430] loss=-0.2935 | res=1.73e-08 | grad=3.57e-01 | 1.2s
[   431] loss=-0.2797 | res=5.15e-08 | grad=5.74e-01 | 1.2s
[   432] loss=-0.2968 | res=5.96e-08 | grad=3.89e-01 | 1.2s
[   433] loss=-0.3018 | res=5.36e-08 | grad=4.18e-01 | 1.2s
[   434] loss=-0.2676 | res=4.63e-08 | grad=5.90e-01 | 1.2s
[   435] loss=-0.2691 | res=6.87e-05 | grad=4.59e-01 | 1.2s
[   436] loss=-0.2663 | res=3.86e-08 | grad=3.82e-01 | 1.2s
[   437] loss=-0.3354 | res=4.35e-05 | grad=7.68e-01 | 1.2s
[   438] loss=-0.2803 | res=3.66e-08 | grad=2.74e-01 | 1.2s
[   439] loss=-0.2901 | res=4.04e-08 | grad=3.19e-01 | 1.2s
[   440] loss=-0.3107 | res=3.21e-08 | grad=4.79e-01 | 1.2s
[   441] loss=-0.3051 | res=3.64e-08 | grad=3.85e-01 | 1.2s
[   442] loss=-0.3315 | res=2.85e-08 | grad=7.55e-01 | 1.2s
[   443] loss=-0.2835 | res=2.95e-08 | grad=3.85e-01 | 1.2s
[   444] loss=-0.2906 | res=3.82e-08 | grad=3.85e-01 | 1.2s
[   445] loss=-0.2919 | res=3.95e-08 | grad=4.83e-01 | 1.2s
[   446] loss=-0.3044 | res=4.49e-08 | grad=3.92e-01 | 1.2s
[   447] loss=-0.2863 | res=8.95e-06 | grad=6.64e-01 | 1.2s
[   448] loss=-0.2997 | res=4.90e-05 | grad=3.75e-01 | 1.2s
[   449] loss=-0.2883 | res=3.35e-08 | grad=3.43e-01 | 1.2s
[   450] loss=-0.2813 | res=2.95e-08 | grad=2.92e-01 | 1.2s
[   451] loss=-0.2653 | res=4.90e-05 | grad=4.30e-01 | 1.2s
[   452] loss=-0.2854 | res=1.96e-06 | grad=3.93e-01 | 1.2s
[   453] loss=-0.3031 | res=4.10e-06 | grad=7.04e-01 | 1.2s
[   454] loss=-0.2939 | res=2.43e-08 | grad=6.19e-01 | 1.2s
[   455] loss=-0.2652 | res=4.07e-08 | grad=3.27e-01 | 1.2s
[   456] loss=-0.2872 | res=2.78e-08 | grad=5.34e-01 | 1.2s
[   457] loss=-0.2807 | res=2.97e-08 | grad=5.51e-01 | 1.2s
[   458] loss=-0.2625 | res=3.59e-08 | grad=4.98e-01 | 1.2s
[   459] loss=-0.3054 | res=3.08e-08 | grad=3.47e-01 | 1.2s
[   460] loss=-0.2783 | res=2.78e-08 | grad=2.96e-01 | 1.2s
[   461] loss=-0.3017 | res=4.71e-08 | grad=4.10e-01 | 1.2s
[   462] loss=-0.3028 | res=3.92e-08 | grad=2.36e-01 | 1.2s
[   463] loss=-0.2962 | res=5.07e-08 | grad=2.85e-01 | 1.2s
[   464] loss=-0.3425 | res=1.57e-08 | grad=5.94e-01 | 1.2s
[   465] loss=-0.2923 | res=6.65e-08 | grad=4.66e-01 | 1.2s
[   466] loss=-0.2582 | res=3.75e-08 | grad=9.95e-01 | 1.2s
[   467] loss=-0.3080 | res=3.25e-08 | grad=2.49e-01 | 1.2s
[   468] loss=-0.2932 | res=3.64e-08 | grad=4.04e-01 | 1.2s
[   469] loss=-0.3088 | res=3.13e-08 | grad=3.71e-01 | 1.2s
[   470] loss=-0.3081 | res=2.40e-08 | grad=4.38e-01 | 1.2s
[   471] loss=-0.2794 | res=3.07e-08 | grad=2.46e-01 | 1.2s
[   472] loss=-0.3015 | res=3.58e-08 | grad=3.43e-01 | 1.2s
[   473] loss=-0.3037 | res=5.94e-08 | grad=4.49e-01 | 1.2s
[   474] loss=-0.2701 | res=5.63e-06 | grad=4.61e-01 | 1.2s
[   475] loss=-0.2644 | res=3.97e-08 | grad=4.82e-01 | 1.2s
[   476] loss=-0.3143 | res=3.65e-08 | grad=6.16e-01 | 1.2s
[   477] loss=-0.2972 | res=2.36e-08 | grad=4.42e-01 | 1.2s
[   478] loss=-0.2813 | res=5.19e-05 | grad=4.04e-01 | 1.2s
[   479] loss=-0.2797 | res=9.92e-06 | grad=2.18e-01 | 1.2s
[   480] loss=-0.3047 | res=3.13e-08 | grad=3.75e-01 | 1.2s
[   481] loss=-0.2773 | res=2.58e-08 | grad=3.56e-01 | 1.2s
[   482] loss=-0.2697 | res=2.81e-08 | grad=4.74e-01 | 1.2s
[   483] loss=-0.2728 | res=3.70e-08 | grad=4.51e-01 | 1.2s
[   484] loss=-0.2850 | res=4.13e-08 | grad=3.03e-01 | 1.2s
[   485] loss=-0.2798 | res=3.13e-08 | grad=3.85e-01 | 1.2s
[   486] loss=-0.2660 | res=2.44e-06 | grad=3.84e-01 | 1.2s
[   487] loss=-0.2966 | res=4.03e-08 | grad=4.78e-01 | 1.2s
[   488] loss=-0.2809 | res=1.73e-06 | grad=1.78e-01 | 1.2s
[   489] loss=-0.3038 | res=4.55e-08 | grad=5.71e-01 | 1.2s
[   490] loss=-0.3186 | res=2.91e-08 | grad=6.39e-01 | 1.2s
[   491] loss=-0.2899 | res=4.45e-08 | grad=3.06e-01 | 1.2s
[   492] loss=-0.3216 | res=5.50e-08 | grad=4.81e-01 | 1.2s
[   493] loss=-0.2719 | res=5.36e-08 | grad=6.53e-01 | 1.2s
[   494] loss=-0.2738 | res=5.89e-08 | grad=7.20e-01 | 1.2s
[   495] loss=-0.2657 | res=3.54e-08 | grad=7.03e-01 | 1.2s
[   496] loss=-0.2997 | res=2.63e-08 | grad=3.08e-01 | 1.2s
[   497] loss=-0.2826 | res=5.86e-08 | grad=3.69e-01 | 1.2s
[   498] loss=-0.3046 | res=4.46e-08 | grad=4.91e-01 | 1.2s
[   499] loss=-0.2742 | res=7.65e-06 | grad=3.07e-01 | 1.2s
[   500] loss=-0.2766 | res=6.22e-05 | grad=2.17e-01 | 1.2s
[   501] loss=-0.2976 | res=3.91e-08 | grad=4.76e-01 | 1.2s
[   502] loss=-0.2918 | res=2.95e-08 | grad=4.22e-01 | 1.2s
[   503] loss=-0.2687 | res=2.73e-08 | grad=3.13e-01 | 1.2s
[   504] loss=-0.2798 | res=2.17e-08 | grad=3.82e-01 | 1.2s
[   505] loss=-0.2642 | res=2.15e-05 | grad=3.69e-01 | 1.2s
[   506] loss=-0.2490 | res=2.09e-08 | grad=5.08e-01 | 1.2s
[   507] loss=-0.3115 | res=2.06e-08 | grad=5.73e-01 | 1.2s
[   508] loss=-0.2948 | res=4.59e-08 | grad=4.81e-01 | 1.2s
[   509] loss=-0.2659 | res=4.23e-08 | grad=4.18e-01 | 1.2s
[   510] loss=-0.2831 | res=2.82e-08 | grad=3.60e-01 | 1.2s
[   511] loss=-0.3016 | res=4.42e-08 | grad=2.78e-01 | 1.2s
[   512] loss=-0.2435 | res=8.24e-06 | grad=7.06e-01 | 1.2s
[   513] loss=-0.2966 | res=3.16e-08 | grad=4.62e-01 | 1.2s
[   514] loss=-0.3090 | res=4.44e-08 | grad=3.65e-01 | 1.2s
[   515] loss=-0.2998 | res=2.79e-08 | grad=4.02e-01 | 1.2s
[   516] loss=-0.2567 | res=7.81e-06 | grad=6.17e-01 | 1.2s
[   517] loss=-0.3002 | res=3.47e-08 | grad=4.57e-01 | 1.2s
[   518] loss=-0.2730 | res=2.89e-08 | grad=5.74e-01 | 1.2s
[   519] loss=-0.2697 | res=5.51e-08 | grad=4.61e-01 | 1.2s
[   520] loss=-0.2957 | res=4.95e-08 | grad=3.49e-01 | 1.2s
[   521] loss=-0.2848 | res=1.45e-05 | grad=2.30e-01 | 1.2s
[   522] loss=-0.2900 | res=3.25e-08 | grad=3.11e-01 | 1.2s
[   523] loss=-0.2571 | res=2.16e-06 | grad=3.88e-01 | 1.2s
[   524] loss=-0.2803 | res=4.12e-08 | grad=3.17e-01 | 1.2s
[   525] loss=-0.2879 | res=2.77e-08 | grad=6.78e-01 | 1.2s
[   526] loss=-0.2795 | res=6.84e-07 | grad=2.47e-01 | 1.2s
[   527] loss=-0.3474 | res=3.77e-08 | grad=1.10e+00 | 1.2s
[   528] loss=-0.3193 | res=2.59e-08 | grad=4.64e-01 | 1.2s
[   529] loss=-0.2896 | res=3.41e-06 | grad=5.09e-01 | 1.2s
[   530] loss=-0.2993 | res=4.09e-08 | grad=5.68e-01 | 1.2s
[   531] loss=-0.2902 | res=3.59e-08 | grad=6.21e-01 | 1.2s
[   532] loss=-0.2637 | res=4.56e-08 | grad=1.09e+00 | 1.2s
[   533] loss=-0.3086 | res=3.17e-08 | grad=1.94e-01 | 1.2s
[   534] loss=-0.2900 | res=4.05e-08 | grad=4.50e-01 | 1.2s
[   535] loss=-0.3054 | res=8.90e-06 | grad=4.47e-01 | 1.2s
[   536] loss=-0.2776 | res=8.17e-06 | grad=3.65e-01 | 1.2s
[   537] loss=-0.2911 | res=3.47e-08 | grad=4.47e-01 | 1.2s
[   538] loss=-0.2858 | res=4.61e-08 | grad=4.22e-01 | 1.2s
[   539] loss=-0.2987 | res=3.17e-08 | grad=5.64e-01 | 1.2s
[   540] loss=-0.3075 | res=7.85e-06 | grad=7.91e-01 | 1.2s
[   541] loss=-0.2879 | res=1.86e-08 | grad=2.82e-01 | 1.2s
[   542] loss=-0.2686 | res=1.47e-04 | grad=5.71e-01 | 1.2s
[   543] loss=-0.3130 | res=5.21e-08 | grad=4.28e-01 | 1.2s
[   544] loss=-0.2731 | res=2.89e-08 | grad=6.26e-01 | 1.2s
[   545] loss=-0.2773 | res=1.47e-08 | grad=4.41e-01 | 1.2s
[   546] loss=-0.2993 | res=3.34e-08 | grad=4.13e-01 | 1.2s
[   547] loss=-0.3069 | res=4.03e-08 | grad=4.02e-01 | 1.2s
[   548] loss=-0.2889 | res=2.56e-08 | grad=3.13e-01 | 1.2s
[   549] loss=-0.2570 | res=3.44e-05 | grad=5.71e-01 | 1.2s
[   550] loss=-0.2749 | res=4.94e-08 | grad=4.24e-01 | 1.2s
[   551] loss=-0.3094 | res=2.71e-08 | grad=6.91e-01 | 1.2s
[   552] loss=-0.2948 | res=3.35e-08 | grad=4.67e-01 | 1.2s
[   553] loss=-0.2775 | res=2.90e-08 | grad=3.29e-01 | 1.2s
[   554] loss=-0.3258 | res=5.27e-08 | grad=7.89e-01 | 1.2s
[   555] loss=-0.2868 | res=4.80e-08 | grad=4.06e-01 | 1.2s
[   556] loss=-0.2614 | res=4.56e-08 | grad=7.01e-01 | 1.2s
[   557] loss=-0.3181 | res=3.63e-05 | grad=5.11e-01 | 1.2s
[   558] loss=-0.2716 | res=6.68e-05 | grad=6.09e-01 | 1.2s
[   559] loss=-0.2773 | res=4.17e-08 | grad=4.67e-01 | 1.2s
[   560] loss=-0.3013 | res=3.47e-08 | grad=4.18e-01 | 1.2s
[   561] loss=-0.2873 | res=8.01e-06 | grad=5.70e-01 | 1.2s
[   562] loss=-0.2498 | res=4.86e-08 | grad=7.15e-01 | 1.2s
[   563] loss=-0.2704 | res=1.92e-05 | grad=3.84e-01 | 1.2s
[   564] loss=-0.3197 | res=1.97e-08 | grad=8.16e-01 | 1.2s
[   565] loss=-0.2749 | res=4.17e-08 | grad=3.86e-01 | 1.2s
[   566] loss=-0.2817 | res=1.29e-05 | grad=4.77e-01 | 1.2s
[   567] loss=-0.2760 | res=4.01e-08 | grad=3.33e-01 | 1.2s
[   568] loss=-0.3069 | res=2.93e-08 | grad=5.85e-01 | 1.2s
[   569] loss=-0.3076 | res=2.10e-06 | grad=4.87e-01 | 1.2s
[   570] loss=-0.2990 | res=3.91e-08 | grad=2.28e-01 | 1.2s
[   571] loss=-0.2726 | res=6.69e-08 | grad=5.30e-01 | 1.2s
[   572] loss=-0.2530 | res=4.10e-08 | grad=8.46e-01 | 1.2s
[   573] loss=-0.2831 | res=4.08e-08 | grad=4.16e-01 | 1.2s
[   574] loss=-0.2884 | res=2.93e-08 | grad=3.02e-01 | 1.2s
[   575] loss=-0.3248 | res=3.92e-08 | grad=7.60e-01 | 1.2s
[   576] loss=-0.2602 | res=4.45e-08 | grad=5.23e-01 | 1.2s
[   577] loss=-0.2964 | res=4.27e-08 | grad=4.84e-01 | 1.2s
[   578] loss=-0.2621 | res=3.27e-06 | grad=3.56e-01 | 1.2s
[   579] loss=-0.2862 | res=2.98e-07 | grad=2.23e-01 | 1.2s
[   580] loss=-0.3165 | res=3.12e-08 | grad=7.09e-01 | 1.2s
[   581] loss=-0.3021 | res=7.72e-06 | grad=4.66e-01 | 1.2s
[   582] loss=-0.2799 | res=4.59e-08 | grad=3.76e-01 | 1.2s
[   583] loss=-0.2782 | res=3.05e-08 | grad=3.29e-01 | 1.2s
[   584] loss=-0.2681 | res=5.81e-05 | grad=5.93e-01 | 1.2s
[   585] loss=-0.2825 | res=2.34e-08 | grad=3.18e-01 | 1.2s
[   586] loss=-0.2873 | res=5.46e-06 | grad=4.42e-01 | 1.2s
[   587] loss=-0.2857 | res=1.76e-08 | grad=2.82e-01 | 1.2s
[   588] loss=-0.2793 | res=3.29e-08 | grad=3.84e-01 | 1.2s
[   589] loss=-0.2769 | res=4.10e-08 | grad=2.24e-01 | 1.2s
[   590] loss=-0.2802 | res=1.06e-05 | grad=4.05e-01 | 1.2s
[   591] loss=-0.2975 | res=1.02e-08 | grad=4.84e-01 | 1.2s
[   592] loss=-0.3145 | res=4.55e-08 | grad=6.93e-01 | 1.2s
[   593] loss=-0.2959 | res=4.26e-08 | grad=4.66e-01 | 1.2s
[   594] loss=-0.2805 | res=3.77e-08 | grad=3.62e-01 | 1.2s
[   595] loss=-0.2703 | res=5.66e-07 | grad=6.24e-01 | 1.2s
[   596] loss=-0.3020 | res=3.15e-05 | grad=2.11e-01 | 1.2s
[   597] loss=-0.2670 | res=7.90e-05 | grad=5.33e-01 | 1.2s
[   598] loss=-0.2586 | res=1.40e-05 | grad=5.43e-01 | 1.2s
[   599] loss=-0.3061 | res=2.52e-05 | grad=2.94e-01 | 1.2s
[   600] loss=-0.3100 | res=2.70e-08 | grad=5.52e-01 | 1.2s
[   601] loss=-0.3005 | res=6.12e-06 | grad=4.60e-01 | 1.2s
[   602] loss=-0.3116 | res=6.00e-08 | grad=5.28e-01 | 1.2s
[   603] loss=-0.2847 | res=2.69e-05 | grad=2.22e-01 | 1.2s
[   604] loss=-0.2715 | res=3.19e-05 | grad=5.19e-01 | 1.2s
[   605] loss=-0.2777 | res=4.08e-08 | grad=3.35e-01 | 1.2s
[   606] loss=-0.2977 | res=3.70e-08 | grad=3.32e-01 | 1.2s
[   607] loss=-0.2926 | res=6.10e-06 | grad=3.61e-01 | 1.2s
[   608] loss=-0.2909 | res=3.46e-08 | grad=4.02e-01 | 1.2s
[   609] loss=-0.3040 | res=3.61e-08 | grad=2.53e-01 | 1.2s
[   610] loss=-0.2673 | res=2.79e-08 | grad=4.54e-01 | 1.2s
[   611] loss=-0.3099 | res=2.09e-08 | grad=4.44e-01 | 1.2s
[   612] loss=-0.3116 | res=1.06e-05 | grad=5.13e-01 | 1.2s
[   613] loss=-0.2482 | res=4.94e-08 | grad=9.65e-01 | 1.2s
[   614] loss=-0.2770 | res=5.39e-08 | grad=4.27e-01 | 1.2s
[   615] loss=-0.3195 | res=3.13e-08 | grad=4.76e-01 | 1.2s
[   616] loss=-0.2774 | res=3.39e-08 | grad=3.12e-01 | 1.2s
[   617] loss=-0.2643 | res=4.62e-08 | grad=4.59e-01 | 1.2s
[   618] loss=-0.3026 | res=4.46e-08 | grad=6.15e-01 | 1.2s
[   619] loss=-0.3339 | res=9.25e-06 | grad=9.95e-01 | 1.2s
[   620] loss=-0.3329 | res=2.95e-08 | grad=8.55e-01 | 1.2s
[   621] loss=-0.3225 | res=2.59e-08 | grad=4.31e-01 | 1.2s
[   622] loss=-0.3085 | res=2.31e-08 | grad=4.30e-01 | 1.2s
[   623] loss=-0.2976 | res=3.72e-08 | grad=5.96e-01 | 1.2s
[   624] loss=-0.2868 | res=1.85e-05 | grad=1.01e+00 | 1.2s
[   625] loss=-0.2934 | res=1.11e-04 | grad=6.73e-01 | 1.2s
[   626] loss=-0.2602 | res=4.91e-06 | grad=9.90e-01 | 1.2s
[   627] loss=-0.2976 | res=4.86e-08 | grad=3.71e-01 | 1.2s
[   628] loss=-0.2962 | res=3.74e-08 | grad=4.61e-01 | 1.2s
[   629] loss=-0.2771 | res=1.78e-05 | grad=3.11e-01 | 1.2s
[   630] loss=-0.2831 | res=4.09e-08 | grad=5.51e-01 | 1.2s
[   631] loss=-0.2732 | res=3.12e-08 | grad=7.13e-01 | 1.2s
[   632] loss=-0.2741 | res=4.50e-08 | grad=6.40e-01 | 1.2s
[   633] loss=-0.2915 | res=4.69e-08 | grad=7.99e-01 | 1.2s
[   634] loss=-0.2956 | res=2.06e-08 | grad=6.76e-01 | 1.2s
[   635] loss=-0.2833 | res=3.43e-08 | grad=2.53e-01 | 1.2s
[   636] loss=-0.3116 | res=9.51e-06 | grad=4.04e-01 | 1.2s
[   637] loss=-0.2515 | res=5.07e-08 | grad=9.56e-01 | 1.2s
[   638] loss=-0.2898 | res=5.40e-08 | grad=6.14e-01 | 1.2s
[   639] loss=-0.3126 | res=3.96e-08 | grad=3.21e-01 | 1.2s
[   640] loss=-0.2951 | res=2.10e-05 | grad=3.72e-01 | 1.2s
[   641] loss=-0.3237 | res=2.38e-08 | grad=4.11e-01 | 1.2s
[   642] loss=-0.2955 | res=2.35e-05 | grad=3.44e-01 | 1.2s
[   643] loss=-0.3042 | res=9.71e-06 | grad=2.26e-01 | 1.2s
[   644] loss=-0.2809 | res=4.75e-08 | grad=3.25e-01 | 1.2s
[   645] loss=-0.2855 | res=9.08e-06 | grad=2.76e-01 | 1.2s
[   646] loss=-0.2821 | res=4.68e-08 | grad=3.82e-01 | 1.2s
[   647] loss=-0.3026 | res=4.11e-05 | grad=4.40e-01 | 1.2s
[   648] loss=-0.3087 | res=7.75e-08 | grad=6.37e-01 | 1.2s
[   649] loss=-0.2643 | res=3.83e-06 | grad=3.64e-01 | 1.2s
[   650] loss=-0.2849 | res=4.61e-08 | grad=3.06e-01 | 1.2s
[   651] loss=-0.2991 | res=3.60e-08 | grad=3.15e-01 | 1.2s
[   652] loss=-0.2768 | res=4.56e-08 | grad=3.58e-01 | 1.2s
[   653] loss=-0.3160 | res=2.59e-08 | grad=5.26e-01 | 1.2s
[   654] loss=-0.2714 | res=3.76e-08 | grad=5.08e-01 | 1.2s
[   655] loss=-0.2531 | res=1.03e-07 | grad=7.23e-01 | 1.2s
[   656] loss=-0.2810 | res=2.49e-08 | grad=3.59e-01 | 1.2s
[   657] loss=-0.3162 | res=2.51e-08 | grad=6.00e-01 | 1.2s
[   658] loss=-0.3024 | res=3.67e-08 | grad=3.26e-01 | 1.2s
[   659] loss=-0.3256 | res=2.75e-06 | grad=5.75e-01 | 1.2s
[   660] loss=-0.2719 | res=3.64e-08 | grad=3.58e-01 | 1.2s
[   661] loss=-0.3230 | res=2.91e-08 | grad=5.36e-01 | 1.2s
[   662] loss=-0.2826 | res=1.27e-05 | grad=5.43e-01 | 1.2s
[   663] loss=-0.2953 | res=5.17e-08 | grad=3.93e-01 | 1.2s
[   664] loss=-0.3050 | res=4.64e-08 | grad=3.28e-01 | 1.2s
[   665] loss=-0.2923 | res=3.64e-08 | grad=3.19e-01 | 1.2s
[   666] loss=-0.2908 | res=3.95e-08 | grad=3.88e-01 | 1.2s
[   667] loss=-0.2865 | res=6.65e-07 | grad=3.78e-01 | 1.2s
[   668] loss=-0.2914 | res=4.52e-08 | grad=1.81e-01 | 1.2s
[   669] loss=-0.2924 | res=4.10e-08 | grad=3.20e-01 | 1.2s
[   670] loss=-0.2591 | res=1.32e-05 | grad=3.89e-01 | 1.2s
[   671] loss=-0.2977 | res=1.00e-05 | grad=5.37e-01 | 1.2s
[   672] loss=-0.2820 | res=4.41e-08 | grad=3.80e-01 | 1.2s
[   673] loss=-0.2920 | res=4.15e-08 | grad=4.48e-01 | 1.2s
[   674] loss=-0.2956 | res=3.85e-08 | grad=5.18e-01 | 1.2s
[   675] loss=-0.2778 | res=3.33e-08 | grad=2.31e-01 | 1.2s
[   676] loss=-0.2909 | res=2.82e-05 | grad=3.48e-01 | 1.2s
[   677] loss=-0.2839 | res=5.43e-08 | grad=5.79e-01 | 1.2s
[   678] loss=-0.2978 | res=2.64e-07 | grad=4.53e-01 | 1.2s
[   679] loss=-0.2874 | res=2.93e-08 | grad=3.88e-01 | 1.2s
[   680] loss=-0.2998 | res=3.52e-08 | grad=2.22e-01 | 1.2s
[   681] loss=-0.2890 | res=5.74e-08 | grad=3.28e-01 | 1.2s
[   682] loss=-0.2722 | res=4.69e-08 | grad=3.22e-01 | 1.2s
[   683] loss=-0.2833 | res=5.09e-08 | grad=3.23e-01 | 1.2s
[   684] loss=-0.2982 | res=3.74e-08 | grad=6.74e-01 | 1.2s
[   685] loss=-0.3069 | res=3.87e-08 | grad=7.05e-01 | 1.2s
[   686] loss=-0.2759 | res=1.41e-06 | grad=2.47e-01 | 1.2s
[   687] loss=-0.2491 | res=6.36e-05 | grad=5.18e-01 | 1.2s
[   688] loss=-0.2538 | res=2.74e-08 | grad=3.11e-01 | 1.2s
[   689] loss=-0.2761 | res=2.70e-08 | grad=3.80e-01 | 1.2s
[   690] loss=-0.2925 | res=3.36e-08 | grad=3.48e-01 | 1.2s
[   691] loss=-0.3204 | res=1.71e-06 | grad=6.66e-01 | 1.2s
[   692] loss=-0.2643 | res=3.19e-08 | grad=5.54e-01 | 1.2s
[   693] loss=-0.2976 | res=5.33e-08 | grad=3.40e-01 | 1.2s
[   694] loss=-0.2720 | res=9.59e-06 | grad=4.34e-01 | 1.2s
[   695] loss=-0.2592 | res=6.32e-08 | grad=6.37e-01 | 1.2s
[   696] loss=-0.2838 | res=3.89e-08 | grad=2.46e-01 | 1.2s
[   697] loss=-0.3307 | res=4.19e-05 | grad=7.80e-01 | 1.2s
[   698] loss=-0.3058 | res=2.17e-05 | grad=4.68e-01 | 1.2s
[   699] loss=-0.2982 | res=2.11e-08 | grad=2.51e-01 | 1.2s
[   700] loss=-0.2941 | res=4.39e-08 | grad=2.78e-01 | 1.2s
[   701] loss=-0.2626 | res=1.08e-04 | grad=5.20e-01 | 1.2s
[   702] loss=-0.3124 | res=4.13e-08 | grad=2.86e-01 | 1.2s
[   703] loss=-0.2881 | res=3.10e-08 | grad=3.79e-01 | 1.2s
[   704] loss=-0.2822 | res=6.00e-08 | grad=5.84e-01 | 1.2s
[   705] loss=-0.2764 | res=3.73e-08 | grad=2.69e-01 | 1.2s
[   706] loss=-0.2957 | res=3.17e-08 | grad=3.05e-01 | 1.2s
[   707] loss=-0.2718 | res=2.13e-05 | grad=2.66e-01 | 1.2s
[   708] loss=-0.3188 | res=6.65e-06 | grad=6.46e-01 | 1.2s
[   709] loss=-0.3061 | res=5.27e-05 | grad=4.54e-01 | 1.2s
[   710] loss=-0.3171 | res=3.98e-08 | grad=6.74e-01 | 1.2s
[   711] loss=-0.2989 | res=3.32e-08 | grad=2.78e-01 | 1.2s
[   712] loss=-0.2705 | res=4.31e-08 | grad=7.06e-01 | 1.2s
[   713] loss=-0.2791 | res=2.56e-08 | grad=6.96e-01 | 1.2s
[   714] loss=-0.3100 | res=2.83e-08 | grad=2.70e-01 | 1.2s
[   715] loss=-0.2806 | res=4.40e-08 | grad=6.45e-01 | 1.2s
[   716] loss=-0.2836 | res=3.16e-08 | grad=5.15e-01 | 1.2s
[   717] loss=-0.2752 | res=4.91e-08 | grad=3.34e-01 | 1.2s
[   718] loss=-0.3062 | res=2.98e-08 | grad=5.87e-01 | 1.2s
[   719] loss=-0.2516 | res=3.01e-07 | grad=4.22e-01 | 1.2s
[   720] loss=-0.2805 | res=4.37e-08 | grad=4.88e-01 | 1.2s
[   721] loss=-0.2624 | res=3.37e-08 | grad=2.94e-01 | 1.2s
[   722] loss=-0.2916 | res=3.99e-08 | grad=6.49e-01 | 1.2s
[   723] loss=-0.3232 | res=2.84e-08 | grad=1.23e+00 | 1.2s
[   724] loss=-0.2969 | res=1.22e-06 | grad=5.16e-01 | 1.2s
[   725] loss=-0.2977 | res=4.88e-06 | grad=2.99e-01 | 1.2s
[   726] loss=-0.2951 | res=3.87e-08 | grad=4.39e-01 | 1.2s
[   727] loss=-0.2815 | res=1.18e-05 | grad=7.76e-01 | 1.2s
[   728] loss=-0.2821 | res=3.33e-08 | grad=8.32e-01 | 1.2s
[   729] loss=-0.2711 | res=4.38e-08 | grad=8.29e-01 | 1.2s
[   730] loss=-0.2727 | res=5.60e-08 | grad=7.11e-01 | 1.2s
[   731] loss=-0.3186 | res=3.77e-08 | grad=5.19e-01 | 1.2s
[   732] loss=-0.3262 | res=2.90e-08 | grad=1.02e+00 | 1.2s
[   733] loss=-0.3046 | res=3.84e-08 | grad=5.98e-01 | 1.2s
[   734] loss=-0.2537 | res=5.76e-05 | grad=4.50e-01 | 1.2s
[   735] loss=-0.2772 | res=6.73e-06 | grad=2.36e-01 | 1.2s
[   736] loss=-0.2530 | res=2.15e-08 | grad=4.59e-01 | 1.2s
[   737] loss=-0.2671 | res=2.98e-05 | grad=3.92e-01 | 1.2s
[   738] loss=-0.3038 | res=3.36e-08 | grad=5.45e-01 | 1.2s
[   739] loss=-0.2760 | res=3.08e-08 | grad=2.29e-01 | 1.2s
[   740] loss=-0.3163 | res=1.76e-06 | grad=7.03e-01 | 1.2s
[   741] loss=-0.2996 | res=5.38e-08 | grad=4.07e-01 | 1.2s
[   742] loss=-0.2680 | res=5.65e-08 | grad=7.22e-01 | 1.2s
[   743] loss=-0.3092 | res=3.05e-08 | grad=3.91e-01 | 1.2s
[   744] loss=-0.3141 | res=5.00e-08 | grad=3.27e-01 | 1.2s
[   745] loss=-0.3142 | res=4.66e-08 | grad=3.06e-01 | 1.2s
[   746] loss=-0.2837 | res=3.90e-08 | grad=6.38e-01 | 1.2s
[   747] loss=-0.3039 | res=4.74e-08 | grad=3.10e-01 | 1.2s
[   748] loss=-0.2906 | res=8.75e-05 | grad=5.69e-01 | 1.2s
[   749] loss=-0.2725 | res=5.15e-08 | grad=7.41e-01 | 1.2s
[   750] loss=-0.2910 | res=3.40e-06 | grad=2.83e-01 | 1.2s
[   751] loss=-0.2684 | res=2.68e-08 | grad=2.14e-01 | 1.2s
[   752] loss=-0.3110 | res=4.17e-08 | grad=8.25e-01 | 1.2s
[   753] loss=-0.2737 | res=1.79e-06 | grad=3.08e-01 | 1.2s
[   754] loss=-0.2858 | res=3.26e-08 | grad=3.52e-01 | 1.2s
[   755] loss=-0.2844 | res=3.52e-08 | grad=5.43e-01 | 1.2s
[   756] loss=-0.2762 | res=3.79e-08 | grad=2.75e-01 | 1.2s
[   757] loss=-0.2905 | res=3.34e-08 | grad=4.37e-01 | 1.2s
[   758] loss=-0.3060 | res=3.67e-08 | grad=3.79e-01 | 1.2s
[   759] loss=-0.2113 | res=3.54e-08 | grad=1.45e+00 | 1.2s
[   760] loss=-0.3078 | res=5.88e-05 | grad=3.01e-01 | 1.2s
[   761] loss=-0.2914 | res=3.57e-08 | grad=4.07e-01 | 1.2s
[   762] loss=-0.3057 | res=3.50e-08 | grad=2.97e-01 | 1.2s
[   763] loss=-0.3130 | res=2.52e-08 | grad=4.53e-01 | 1.2s
[   764] loss=-0.3017 | res=3.01e-08 | grad=3.51e-01 | 1.2s
[   765] loss=-0.2741 | res=3.64e-08 | grad=5.51e-01 | 1.2s
[   766] loss=-0.3012 | res=3.21e-08 | grad=3.30e-01 | 1.2s
[   767] loss=-0.2904 | res=3.75e-08 | grad=2.76e-01 | 1.2s
[   768] loss=-0.2889 | res=3.17e-08 | grad=3.74e-01 | 1.2s
[   769] loss=-0.2733 | res=3.35e-08 | grad=4.68e-01 | 1.2s
[   770] loss=-0.2958 | res=4.05e-08 | grad=3.55e-01 | 1.2s
[   771] loss=-0.2889 | res=3.88e-08 | grad=3.08e-01 | 1.2s
[   772] loss=-0.2950 | res=3.76e-08 | grad=4.66e-01 | 1.2s
[   773] loss=-0.2743 | res=2.98e-08 | grad=2.65e-01 | 1.2s
[   774] loss=-0.2501 | res=3.35e-08 | grad=4.64e-01 | 1.2s
[   775] loss=-0.3143 | res=3.02e-08 | grad=5.78e-01 | 1.2s
[   776] loss=-0.2708 | res=4.00e-08 | grad=3.39e-01 | 1.2s
[   777] loss=-0.2763 | res=2.59e-08 | grad=3.52e-01 | 1.2s
[   778] loss=-0.2763 | res=5.24e-08 | grad=3.16e-01 | 1.2s
[   779] loss=-0.2730 | res=2.38e-08 | grad=1.59e-01 | 1.2s
[   780] loss=-0.2774 | res=3.53e-08 | grad=2.32e-01 | 1.2s
[   781] loss=-0.3131 | res=7.84e-06 | grad=6.43e-01 | 1.2s
[   782] loss=-0.2851 | res=3.53e-08 | grad=2.72e-01 | 1.2s
[   783] loss=-0.2949 | res=7.14e-06 | grad=2.70e-01 | 1.2s
[   784] loss=-0.3102 | res=2.92e-08 | grad=1.80e-01 | 1.2s
[   785] loss=-0.2918 | res=3.43e-08 | grad=3.03e-01 | 1.2s
[   786] loss=-0.2733 | res=4.94e-08 | grad=6.29e-01 | 1.2s
[   787] loss=-0.2998 | res=3.06e-08 | grad=2.15e-01 | 1.2s
[   788] loss=-0.3176 | res=4.46e-08 | grad=4.31e-01 | 1.2s
[   789] loss=-0.3025 | res=3.82e-08 | grad=3.96e-01 | 1.2s
[   790] loss=-0.2977 | res=4.03e-08 | grad=2.95e-01 | 1.2s
[   791] loss=-0.2724 | res=2.53e-08 | grad=5.75e-01 | 1.2s
[   792] loss=-0.2902 | res=3.83e-08 | grad=2.74e-01 | 1.2s
[   793] loss=-0.2869 | res=3.27e-08 | grad=2.40e-01 | 1.2s
[   794] loss=-0.2567 | res=5.27e-08 | grad=5.85e-01 | 1.2s
[   795] loss=-0.2833 | res=4.84e-08 | grad=3.24e-01 | 1.2s
[   796] loss=-0.3120 | res=3.62e-05 | grad=7.15e-01 | 1.2s
[   797] loss=-0.3150 | res=3.73e-05 | grad=7.68e-01 | 1.2s
[   798] loss=-0.2657 | res=3.95e-07 | grad=3.12e-01 | 1.2s
[   799] loss=-0.2688 | res=2.82e-08 | grad=3.30e-01 | 1.2s
[   800] loss=-0.2777 | res=3.45e-08 | grad=2.01e-01 | 1.2s
[   801] loss=-0.2783 | res=4.43e-08 | grad=2.81e-01 | 1.2s
[   802] loss=-0.2880 | res=6.25e-07 | grad=2.48e-01 | 1.2s
[   803] loss=-0.2930 | res=4.16e-08 | grad=3.78e-01 | 1.2s
[   804] loss=-0.2913 | res=3.63e-08 | grad=2.88e-01 | 1.2s
[   805] loss=-0.3047 | res=3.50e-08 | grad=4.30e-01 | 1.2s
[   806] loss=-0.2842 | res=3.24e-08 | grad=3.22e-01 | 1.2s
[   807] loss=-0.3111 | res=1.31e-07 | grad=5.36e-01 | 1.2s
[   808] loss=-0.2991 | res=4.79e-08 | grad=1.90e-01 | 1.2s
[   809] loss=-0.2985 | res=4.28e-08 | grad=2.55e-01 | 1.2s
[   810] loss=-0.2640 | res=2.34e-08 | grad=7.09e-01 | 1.2s
[   811] loss=-0.2969 | res=3.69e-05 | grad=2.50e-01 | 1.2s
[   812] loss=-0.2954 | res=4.59e-08 | grad=3.48e-01 | 1.2s
[   813] loss=-0.2999 | res=3.62e-08 | grad=2.17e-01 | 1.2s
[   814] loss=-0.3025 | res=4.61e-08 | grad=2.53e-01 | 1.2s
[   815] loss=-0.3291 | res=3.61e-08 | grad=6.45e-01 | 1.2s
[   816] loss=-0.3092 | res=3.61e-08 | grad=3.74e-01 | 1.2s
[   817] loss=-0.2730 | res=1.86e-05 | grad=5.47e-01 | 1.2s
[   818] loss=-0.2577 | res=2.40e-08 | grad=6.43e-01 | 1.2s
[   819] loss=-0.3035 | res=2.81e-08 | grad=3.09e-01 | 1.2s
[   820] loss=-0.2825 | res=1.28e-04 | grad=1.54e-01 | 1.2s
[   821] loss=-0.2783 | res=2.80e-06 | grad=2.96e-01 | 1.2s
[   822] loss=-0.2972 | res=2.97e-08 | grad=3.48e-01 | 1.2s
[   823] loss=-0.2992 | res=4.28e-08 | grad=3.77e-01 | 1.2s
[   824] loss=-0.2771 | res=3.77e-08 | grad=1.99e-01 | 1.2s
[   825] loss=-0.3028 | res=5.31e-05 | grad=5.32e-01 | 1.2s
[   826] loss=-0.2871 | res=5.76e-08 | grad=2.24e-01 | 1.2s
[   827] loss=-0.3002 | res=4.55e-08 | grad=1.65e-01 | 1.2s
[   828] loss=-0.2924 | res=3.23e-08 | grad=2.36e-01 | 1.2s
[   829] loss=-0.2678 | res=3.72e-08 | grad=5.15e-01 | 1.2s
[   830] loss=-0.2850 | res=3.96e-08 | grad=4.31e-01 | 1.2s
[   831] loss=-0.3102 | res=2.64e-08 | grad=5.72e-01 | 1.2s
[   832] loss=-0.2749 | res=5.36e-08 | grad=4.55e-01 | 1.2s
[   833] loss=-0.2909 | res=1.35e-06 | grad=2.25e-01 | 1.2s
[   834] loss=-0.2861 | res=2.31e-08 | grad=2.96e-01 | 1.2s
[   835] loss=-0.2282 | res=4.70e-08 | grad=8.03e-01 | 1.2s
[   836] loss=-0.3185 | res=2.55e-08 | grad=7.16e-01 | 1.2s
[   837] loss=-0.2943 | res=4.08e-08 | grad=4.15e-01 | 1.2s
[   838] loss=-0.2832 | res=3.51e-08 | grad=3.24e-01 | 1.2s
[   839] loss=-0.2808 | res=3.04e-08 | grad=2.09e-01 | 1.2s
[   840] loss=-0.3150 | res=3.47e-08 | grad=5.87e-01 | 1.2s
[   841] loss=-0.2927 | res=4.93e-07 | grad=2.47e-01 | 1.2s
[   842] loss=-0.2806 | res=4.31e-08 | grad=4.72e-01 | 1.2s
[   843] loss=-0.2909 | res=5.43e-07 | grad=4.95e-01 | 1.2s
[   844] loss=-0.3034 | res=1.81e-06 | grad=2.51e-01 | 1.2s
[   845] loss=-0.2671 | res=2.99e-08 | grad=5.48e-01 | 1.2s
[   846] loss=-0.2824 | res=3.93e-08 | grad=3.05e-01 | 1.2s
[   847] loss=-0.2894 | res=5.45e-08 | grad=2.52e-01 | 1.2s
[   848] loss=-0.2850 | res=2.24e-08 | grad=2.26e-01 | 1.2s
[   849] loss=-0.3035 | res=2.13e-05 | grad=6.19e-01 | 1.2s
[   850] loss=-0.2738 | res=1.81e-05 | grad=2.25e-01 | 1.2s
[   851] loss=-0.3071 | res=2.77e-08 | grad=5.54e-01 | 1.2s
[   852] loss=-0.2797 | res=2.00e-05 | grad=1.76e-01 | 1.2s
[   853] loss=-0.2818 | res=3.73e-08 | grad=1.70e-01 | 1.2s
[   854] loss=-0.2606 | res=4.30e-08 | grad=6.92e-01 | 1.2s
[   855] loss=-0.3165 | res=5.51e-08 | grad=3.88e-01 | 1.2s
[   856] loss=-0.2886 | res=4.08e-08 | grad=2.53e-01 | 1.2s
[   857] loss=-0.2717 | res=3.44e-08 | grad=2.61e-01 | 1.2s
[   858] loss=-0.2970 | res=6.07e-08 | grad=2.37e-01 | 1.2s
[   859] loss=-0.2494 | res=4.66e-05 | grad=7.02e-01 | 1.2s
[   860] loss=-0.2341 | res=5.78e-08 | grad=9.27e-01 | 1.2s
[   861] loss=-0.2969 | res=4.98e-08 | grad=9.27e-01 | 1.2s
[   862] loss=-0.2590 | res=4.76e-08 | grad=2.55e-01 | 1.2s
[   863] loss=-0.2669 | res=3.91e-08 | grad=4.29e-01 | 1.2s
[   864] loss=-0.2774 | res=2.11e-08 | grad=5.84e-01 | 1.2s
[   865] loss=-0.2958 | res=2.44e-08 | grad=8.26e-01 | 1.2s
[   866] loss=-0.3099 | res=4.42e-08 | grad=7.52e-01 | 1.2s
[   867] loss=-0.3111 | res=8.24e-06 | grad=3.21e-01 | 1.2s
[   868] loss=-0.2586 | res=4.59e-06 | grad=1.03e+00 | 1.2s
[   869] loss=-0.2920 | res=2.84e-08 | grad=7.20e-01 | 1.2s
[   870] loss=-0.3012 | res=4.39e-08 | grad=5.55e-01 | 1.2s
[   871] loss=-0.2988 | res=3.56e-08 | grad=4.17e-01 | 1.2s
[   872] loss=-0.2856 | res=3.13e-08 | grad=5.29e-01 | 1.2s
[   873] loss=-0.2951 | res=2.49e-08 | grad=2.72e-01 | 1.2s
[   874] loss=-0.2542 | res=4.66e-05 | grad=5.37e-01 | 1.2s
[   875] loss=-0.2800 | res=3.70e-08 | grad=3.59e-01 | 1.2s
[   876] loss=-0.2906 | res=2.31e-08 | grad=6.69e-01 | 1.2s
[   877] loss=-0.2814 | res=3.19e-08 | grad=6.90e-01 | 1.2s
[   878] loss=-0.2752 | res=3.56e-08 | grad=5.43e-01 | 1.2s
[   879] loss=-0.3080 | res=4.13e-08 | grad=8.40e-01 | 1.2s
[   880] loss=-0.3323 | res=2.88e-08 | grad=8.38e-01 | 1.2s
[   881] loss=-0.3172 | res=2.21e-06 | grad=2.13e-01 | 1.2s
[   882] loss=-0.2882 | res=3.16e-08 | grad=8.05e-01 | 1.2s
[   883] loss=-0.2814 | res=4.45e-08 | grad=1.22e+00 | 1.2s
[   884] loss=-0.2867 | res=1.15e-05 | grad=1.12e+00 | 1.2s
[   885] loss=-0.2687 | res=3.21e-08 | grad=1.02e+00 | 1.2s
[   886] loss=-0.3503 | res=3.74e-08 | grad=6.96e-01 | 1.2s
[   887] loss=-0.2377 | res=3.13e-08 | grad=8.68e-01 | 1.2s
[   888] loss=-0.2847 | res=6.25e-07 | grad=4.68e-01 | 1.2s
[   889] loss=-0.2628 | res=4.04e-08 | grad=2.92e-01 | 1.2s
[   890] loss=-0.2662 | res=2.81e-08 | grad=7.44e-01 | 1.2s
[   891] loss=-0.2936 | res=3.34e-08 | grad=1.08e+00 | 1.2s
[   892] loss=-0.2902 | res=3.21e-08 | grad=8.66e-01 | 1.2s
[   893] loss=-0.2756 | res=4.81e-06 | grad=4.04e-01 | 1.2s
[   894] loss=-0.2850 | res=3.61e-08 | grad=1.51e-01 | 1.2s
[   895] loss=-0.3028 | res=4.99e-08 | grad=3.03e-01 | 1.2s
[   896] loss=-0.2658 | res=3.44e-08 | grad=7.58e-01 | 1.2s
[   897] loss=-0.3142 | res=1.86e-05 | grad=3.12e-01 | 1.2s
[   898] loss=-0.2990 | res=3.78e-08 | grad=5.46e-01 | 1.2s
[   899] loss=-0.2700 | res=2.27e-06 | grad=8.03e-01 | 1.2s
[   900] loss=-0.2926 | res=3.20e-08 | grad=3.67e-01 | 1.2s
[   901] loss=-0.2817 | res=5.33e-06 | grad=4.64e-01 | 1.2s
[   902] loss=-0.3000 | res=7.38e-07 | grad=4.36e-01 | 1.2s
[   903] loss=-0.2849 | res=2.12e-05 | grad=4.09e-01 | 1.2s
[   904] loss=-0.3029 | res=1.89e-06 | grad=7.41e-01 | 1.2s
[   905] loss=-0.2853 | res=2.00e-08 | grad=4.91e-01 | 1.2s
[   906] loss=-0.2963 | res=2.53e-08 | grad=5.17e-01 | 1.2s
[   907] loss=-0.3198 | res=4.11e-08 | grad=6.31e-01 | 1.2s
[   908] loss=-0.2900 | res=4.20e-08 | grad=3.76e-01 | 1.2s
[   909] loss=-0.2997 | res=4.89e-06 | grad=4.68e-01 | 1.2s
[   910] loss=-0.2927 | res=1.57e-06 | grad=6.08e-01 | 1.2s
[   911] loss=-0.2715 | res=2.52e-08 | grad=7.98e-01 | 1.2s
[   912] loss=-0.2740 | res=3.58e-08 | grad=6.96e-01 | 1.2s
[   913] loss=-0.2914 | res=6.86e-05 | grad=2.47e-01 | 1.2s
[   914] loss=-0.2732 | res=4.42e-08 | grad=2.70e-01 | 1.2s
[   915] loss=-0.3111 | res=3.14e-08 | grad=6.91e-01 | 1.2s
[   916] loss=-0.3154 | res=2.13e-08 | grad=8.88e-01 | 1.2s
[   917] loss=-0.2893 | res=4.01e-08 | grad=4.21e-01 | 1.2s
[   918] loss=-0.3019 | res=1.49e-06 | grad=4.23e-01 | 1.2s
[   919] loss=-0.2973 | res=4.14e-08 | grad=2.18e-01 | 1.2s
[   920] loss=-0.2713 | res=3.92e-08 | grad=6.64e-01 | 1.2s
[   921] loss=-0.2831 | res=2.66e-08 | grad=3.12e-01 | 1.2s
[   922] loss=-0.2810 | res=3.85e-08 | grad=4.39e-01 | 1.2s
[   923] loss=-0.2699 | res=6.38e-08 | grad=4.97e-01 | 1.2s
[   924] loss=-0.2697 | res=5.56e-08 | grad=3.71e-01 | 1.2s
[   925] loss=-0.2920 | res=2.82e-08 | grad=4.46e-01 | 1.2s
[   926] loss=-0.2967 | res=3.66e-08 | grad=3.57e-01 | 1.2s
[   927] loss=-0.3007 | res=3.37e-08 | grad=5.29e-01 | 1.2s
[   928] loss=-0.3019 | res=1.81e-08 | grad=5.32e-01 | 1.2s
[   929] loss=-0.2683 | res=2.25e-08 | grad=3.11e-01 | 1.2s
[   930] loss=-0.2743 | res=3.62e-08 | grad=2.40e-01 | 1.2s
[   931] loss=-0.2826 | res=4.18e-08 | grad=2.35e-01 | 1.2s
[   932] loss=-0.2914 | res=4.24e-08 | grad=3.59e-01 | 1.2s
[   933] loss=-0.2407 | res=3.56e-08 | grad=8.97e-01 | 1.2s
[   934] loss=-0.2729 | res=7.48e-06 | grad=3.29e-01 | 1.2s
[   935] loss=-0.2711 | res=3.69e-08 | grad=2.29e-01 | 1.2s
[   936] loss=-0.3022 | res=1.70e-08 | grad=7.57e-01 | 1.2s
[   937] loss=-0.3113 | res=3.12e-08 | grad=6.88e-01 | 1.2s
[   938] loss=-0.2922 | res=4.54e-08 | grad=2.39e-01 | 1.2s
[   939] loss=-0.2991 | res=3.26e-08 | grad=4.05e-01 | 1.2s
[   940] loss=-0.2729 | res=3.92e-08 | grad=4.13e-01 | 1.2s
[   941] loss=-0.2990 | res=4.37e-08 | grad=2.60e-01 | 1.2s
[   942] loss=-0.2584 | res=3.77e-08 | grad=5.75e-01 | 1.2s
[   943] loss=-0.2839 | res=1.00e-07 | grad=2.23e-01 | 1.2s
[   944] loss=-0.3203 | res=3.41e-08 | grad=5.40e-01 | 1.2s
[   945] loss=-0.2916 | res=1.36e-05 | grad=2.19e-01 | 1.2s
[   946] loss=-0.3099 | res=3.78e-08 | grad=3.90e-01 | 1.2s
[   947] loss=-0.2744 | res=3.68e-08 | grad=4.14e-01 | 1.2s
[   948] loss=-0.2839 | res=3.07e-06 | grad=3.29e-01 | 1.2s
[   949] loss=-0.3043 | res=1.10e-05 | grad=1.61e-01 | 1.2s
[   950] loss=-0.2934 | res=2.75e-08 | grad=1.70e-01 | 1.2s
[   951] loss=-0.2625 | res=4.80e-08 | grad=5.50e-01 | 1.2s
[   952] loss=-0.3143 | res=3.26e-08 | grad=5.48e-01 | 1.2s
[   953] loss=-0.2852 | res=3.88e-08 | grad=2.91e-01 | 1.2s
[   954] loss=-0.2636 | res=3.72e-08 | grad=4.91e-01 | 1.2s
[   955] loss=-0.2950 | res=3.51e-07 | grad=3.40e-01 | 1.2s
[   956] loss=-0.2970 | res=2.65e-08 | grad=4.56e-01 | 1.2s
[   957] loss=-0.3029 | res=1.55e-05 | grad=4.70e-01 | 1.2s
[   958] loss=-0.3199 | res=1.97e-08 | grad=5.46e-01 | 1.2s
[   959] loss=-0.2740 | res=3.59e-08 | grad=6.10e-01 | 1.2s
[   960] loss=-0.2976 | res=2.57e-08 | grad=2.37e-01 | 1.2s
[   961] loss=-0.3012 | res=1.48e-05 | grad=2.29e-01 | 1.2s
[   962] loss=-0.3041 | res=5.14e-08 | grad=2.34e-01 | 1.2s
[   963] loss=-0.3120 | res=2.94e-08 | grad=1.98e-01 | 1.2s
[   964] loss=-0.2933 | res=3.75e-08 | grad=4.62e-01 | 1.2s
[   965] loss=-0.2759 | res=2.03e-05 | grad=4.51e-01 | 1.2s
[   966] loss=-0.2636 | res=2.93e-08 | grad=5.73e-01 | 1.2s
[   967] loss=-0.2824 | res=3.01e-08 | grad=3.83e-01 | 1.2s
[   968] loss=-0.2850 | res=1.18e-05 | grad=2.80e-01 | 1.2s
[   969] loss=-0.2564 | res=3.43e-08 | grad=2.11e-01 | 1.2s
[   970] loss=-0.2959 | res=3.63e-08 | grad=7.43e-01 | 1.2s
[   971] loss=-0.3135 | res=6.11e-07 | grad=8.23e-01 | 1.2s
[   972] loss=-0.3153 | res=3.67e-08 | grad=8.40e-01 | 1.2s
[   973] loss=-0.3126 | res=3.10e-08 | grad=5.20e-01 | 1.2s
[   974] loss=-0.2573 | res=5.07e-06 | grad=7.83e-01 | 1.2s
[   975] loss=-0.2773 | res=4.11e-08 | grad=6.97e-01 | 1.2s
[   976] loss=-0.2783 | res=4.84e-08 | grad=8.33e-01 | 1.2s
[   977] loss=-0.3170 | res=5.12e-08 | grad=3.44e-01 | 1.2s
[   978] loss=-0.3352 | res=4.96e-08 | grad=5.13e-01 | 1.2s
[   979] loss=-0.3053 | res=3.49e-08 | grad=1.61e-01 | 1.2s
[   980] loss=-0.2943 | res=9.84e-07 | grad=2.83e-01 | 1.2s
[   981] loss=-0.3021 | res=3.96e-08 | grad=3.10e-01 | 1.2s
[   982] loss=-0.2736 | res=2.40e-08 | grad=5.15e-01 | 1.2s
[   983] loss=-0.3070 | res=3.63e-08 | grad=5.25e-01 | 1.2s
[   984] loss=-0.3093 | res=3.58e-08 | grad=3.53e-01 | 1.2s
[   985] loss=-0.3462 | res=1.77e-08 | grad=1.19e+00 | 1.2s
[   986] loss=-0.2871 | res=2.48e-08 | grad=4.06e-01 | 1.2s
[   987] loss=-0.3115 | res=5.59e-06 | grad=2.97e-01 | 1.2s
[   988] loss=-0.2802 | res=2.06e-08 | grad=5.43e-01 | 1.2s
[   989] loss=-0.2842 | res=4.61e-08 | grad=6.19e-01 | 1.2s
[   990] loss=-0.2743 | res=4.39e-08 | grad=7.20e-01 | 1.2s
[   991] loss=-0.2648 | res=3.62e-06 | grad=5.67e-01 | 1.2s
[   992] loss=-0.3022 | res=6.70e-07 | grad=3.40e-01 | 1.2s
[   993] loss=-0.2755 | res=3.32e-08 | grad=3.12e-01 | 1.2s
[   994] loss=-0.3052 | res=6.10e-06 | grad=9.39e-01 | 1.2s
[   995] loss=-0.3011 | res=2.89e-08 | grad=8.68e-01 | 1.2s
[   996] loss=-0.2907 | res=3.50e-08 | grad=4.50e-01 | 1.2s
[   997] loss=-0.3063 | res=3.36e-08 | grad=4.85e-01 | 1.2s
[   998] loss=-0.2608 | res=5.48e-08 | grad=7.32e-01 | 1.2s
[   999] loss=-0.2858 | res=2.58e-08 | grad=5.08e-01 | 1.2s
[  1000] loss=-0.2656 | res=2.23e-08 | grad=9.40e-01 | 1.2s
  KL = 0.0172 +/- 0.0023  |  ESS = 985.2 (ratio: 0.962)
  Runtime = 1214.3s

[Ours] Training on S9...
/home/sjbhatt/anaconda3/envs/rcpms-jax/lib/python3.10/site-packages/jax/_src/ops/scatter.py:92: FutureWarning: scatter inputs have incompatible types: cannot safely cast value from dtype=int64 to dtype=int32 with jax_numpy_dtype_promotion='standard'. In future JAX releases this will result in an error.
  warnings.warn(
/home/sjbhatt/anaconda3/envs/rcpms-jax/lib/python3.10/site-packages/jax/_src/ops/scatter.py:92: FutureWarning: scatter inputs have incompatible types: cannot safely cast value from dtype=int64 to dtype=int32 with jax_numpy_dtype_promotion='standard'. In future JAX releases this will result in an error.
  warnings.warn(
[     1] loss=0.0123 | res=3.37e-08 | grad=4.60e+00 | 6.3s
[     2] loss=-0.0518 | res=5.13e-08 | grad=3.39e+00 | 1.2s
[     3] loss=-0.1271 | res=4.39e-08 | grad=3.18e+00 | 1.2s
[     4] loss=-0.1814 | res=7.21e-08 | grad=2.30e+00 | 1.2s
[     5] loss=-0.2033 | res=5.91e-05 | grad=1.32e+00 | 1.2s
[     6] loss=-0.2482 | res=6.49e-06 | grad=8.11e-01 | 1.2s
[     7] loss=-0.2456 | res=1.25e-07 | grad=1.08e+00 | 1.2s
[     8] loss=-0.2166 | res=1.06e-07 | grad=1.81e+00 | 1.2s
[     9] loss=-0.2100 | res=4.72e-06 | grad=1.82e+00 | 1.2s
[    10] loss=-0.1938 | res=9.70e-05 | grad=2.15e+00 | 1.2s
[    11] loss=-0.2138 | res=9.67e-05 | grad=1.80e+00 | 1.2s
[    12] loss=-0.2557 | res=9.11e-08 | grad=1.39e+00 | 1.2s
[    13] loss=-0.2339 | res=7.46e-07 | grad=1.10e+00 | 1.2s
[    14] loss=-0.2176 | res=9.15e-08 | grad=1.34e+00 | 1.2s
[    15] loss=-0.2426 | res=1.25e-05 | grad=7.40e-01 | 1.2s
[    16] loss=-0.2480 | res=6.70e-05 | grad=8.27e-01 | 1.2s
[    17] loss=-0.2902 | res=9.04e-06 | grad=8.76e-01 | 1.2s
[    18] loss=-0.2596 | res=7.31e-08 | grad=6.87e-01 | 1.2s
[    19] loss=-0.2545 | res=5.72e-08 | grad=7.75e-01 | 1.2s
[    20] loss=-0.2103 | res=3.08e-06 | grad=9.62e-01 | 1.2s
[    21] loss=-0.2108 | res=8.08e-08 | grad=7.30e-01 | 1.2s
[    22] loss=-0.2469 | res=5.05e-08 | grad=9.01e-01 | 1.2s
[    23] loss=-0.2361 | res=5.16e-08 | grad=8.72e-01 | 1.2s
[    24] loss=-0.2406 | res=7.21e-08 | grad=9.29e-01 | 1.2s
[    25] loss=-0.2414 | res=6.70e-08 | grad=5.87e-01 | 1.2s
[    26] loss=-0.2401 | res=5.58e-08 | grad=6.70e-01 | 1.2s
[    27] loss=-0.2582 | res=4.66e-06 | grad=7.79e-01 | 1.2s
[    28] loss=-0.2389 | res=4.16e-08 | grad=6.78e-01 | 1.2s
[    29] loss=-0.2414 | res=4.75e-08 | grad=5.90e-01 | 1.2s
[    30] loss=-0.2426 | res=6.18e-08 | grad=6.02e-01 | 1.2s
[    31] loss=-0.2687 | res=7.26e-08 | grad=7.30e-01 | 1.2s
[    32] loss=-0.2644 | res=6.13e-08 | grad=6.57e-01 | 1.2s
[    33] loss=-0.2715 | res=6.74e-08 | grad=6.00e-01 | 1.2s
[    34] loss=-0.2499 | res=3.30e-05 | grad=7.92e-01 | 1.2s
[    35] loss=-0.2221 | res=6.82e-08 | grad=1.09e+00 | 1.2s
[    36] loss=-0.2643 | res=7.60e-08 | grad=7.47e-01 | 1.2s
[    37] loss=-0.2907 | res=6.60e-08 | grad=4.84e-01 | 1.2s
[    38] loss=-0.2465 | res=3.37e-08 | grad=7.54e-01 | 1.2s
[    39] loss=-0.2602 | res=6.76e-08 | grad=5.68e-01 | 1.2s
[    40] loss=-0.2387 | res=8.03e-08 | grad=8.55e-01 | 1.2s
[    41] loss=-0.2683 | res=5.48e-05 | grad=6.11e-01 | 1.2s
[    42] loss=-0.2314 | res=6.28e-08 | grad=6.68e-01 | 1.2s
[    43] loss=-0.2584 | res=6.75e-08 | grad=5.67e-01 | 1.2s
[    44] loss=-0.2287 | res=6.26e-08 | grad=5.12e-01 | 1.2s
[    45] loss=-0.2584 | res=5.65e-08 | grad=8.10e-01 | 1.2s
[    46] loss=-0.2447 | res=3.82e-08 | grad=7.17e-01 | 1.2s
[    47] loss=-0.2439 | res=5.18e-06 | grad=8.75e-01 | 1.2s
[    48] loss=-0.2319 | res=3.98e-05 | grad=7.73e-01 | 1.2s
[    49] loss=-0.2444 | res=5.88e-08 | grad=4.35e-01 | 1.2s
[    50] loss=-0.2391 | res=3.80e-08 | grad=5.18e-01 | 1.2s
[    51] loss=-0.2586 | res=2.27e-07 | grad=7.35e-01 | 1.2s
[    52] loss=-0.2362 | res=2.67e-05 | grad=4.30e-01 | 1.2s
[    53] loss=-0.2167 | res=4.46e-06 | grad=4.55e-01 | 1.2s
[    54] loss=-0.2342 | res=4.54e-05 | grad=5.87e-01 | 1.2s
[    55] loss=-0.2501 | res=1.38e-04 | grad=6.92e-01 | 1.2s
[    56] loss=-0.2476 | res=5.31e-08 | grad=6.29e-01 | 1.2s
[    57] loss=-0.2300 | res=6.42e-08 | grad=5.71e-01 | 1.2s
[    58] loss=-0.2725 | res=4.46e-05 | grad=5.05e-01 | 1.2s
[    59] loss=-0.2570 | res=4.68e-08 | grad=3.98e-01 | 1.2s
[    60] loss=-0.2272 | res=3.05e-05 | grad=4.53e-01 | 1.2s
[    61] loss=-0.2227 | res=3.87e-08 | grad=5.73e-01 | 1.2s
[    62] loss=-0.2578 | res=5.13e-08 | grad=6.11e-01 | 1.2s
[    63] loss=-0.2307 | res=2.49e-07 | grad=6.42e-01 | 1.2s
[    64] loss=-0.2492 | res=5.92e-08 | grad=4.26e-01 | 1.2s
[    65] loss=-0.2269 | res=1.19e-05 | grad=4.66e-01 | 1.2s
[    66] loss=-0.2534 | res=5.09e-08 | grad=5.52e-01 | 1.2s
[    67] loss=-0.2430 | res=5.52e-08 | grad=3.12e-01 | 1.2s
[    68] loss=-0.2335 | res=6.85e-05 | grad=4.43e-01 | 1.2s
[    69] loss=-0.2319 | res=1.67e-06 | grad=5.86e-01 | 1.2s
[    70] loss=-0.2194 | res=6.39e-08 | grad=5.10e-01 | 1.2s
[    71] loss=-0.2471 | res=5.02e-08 | grad=4.33e-01 | 1.2s
[    72] loss=-0.2479 | res=3.52e-08 | grad=5.33e-01 | 1.2s
[    73] loss=-0.2438 | res=5.32e-08 | grad=4.68e-01 | 1.2s
[    74] loss=-0.2374 | res=6.02e-08 | grad=6.69e-01 | 1.2s
[    75] loss=-0.2572 | res=3.47e-08 | grad=6.60e-01 | 1.2s
[    76] loss=-0.2378 | res=9.53e-07 | grad=6.60e-01 | 1.2s
[    77] loss=-0.2372 | res=4.73e-08 | grad=4.78e-01 | 1.2s
[    78] loss=-0.2586 | res=4.93e-08 | grad=6.97e-01 | 1.2s
[    79] loss=-0.2498 | res=2.78e-08 | grad=4.67e-01 | 1.2s
[    80] loss=-0.2364 | res=4.35e-08 | grad=4.83e-01 | 1.2s
[    81] loss=-0.2435 | res=7.87e-08 | grad=4.66e-01 | 1.2s
[    82] loss=-0.2381 | res=5.58e-08 | grad=5.95e-01 | 1.2s
[    83] loss=-0.2418 | res=6.13e-08 | grad=5.19e-01 | 1.2s
[    84] loss=-0.2290 | res=3.92e-08 | grad=6.24e-01 | 1.2s
[    85] loss=-0.2714 | res=1.25e-06 | grad=8.38e-01 | 1.2s
[    86] loss=-0.2722 | res=4.74e-08 | grad=6.32e-01 | 1.2s
[    87] loss=-0.2480 | res=5.70e-08 | grad=3.63e-01 | 1.2s
[    88] loss=-0.2513 | res=4.13e-08 | grad=5.61e-01 | 1.2s
[    89] loss=-0.2764 | res=9.54e-08 | grad=6.20e-01 | 1.2s
[    90] loss=-0.2389 | res=6.62e-08 | grad=4.62e-01 | 1.2s
[    91] loss=-0.2495 | res=5.43e-08 | grad=6.26e-01 | 1.2s
[    92] loss=-0.2480 | res=3.27e-08 | grad=6.84e-01 | 1.2s
[    93] loss=-0.2555 | res=1.53e-06 | grad=5.57e-01 | 1.2s
[    94] loss=-0.2765 | res=4.56e-08 | grad=6.38e-01 | 1.2s
[    95] loss=-0.2516 | res=5.40e-08 | grad=7.26e-01 | 1.2s
[    96] loss=-0.2373 | res=4.75e-08 | grad=6.37e-01 | 1.2s
[    97] loss=-0.2663 | res=3.71e-06 | grad=5.71e-01 | 1.2s
[    98] loss=-0.2339 | res=3.98e-08 | grad=6.60e-01 | 1.2s
[    99] loss=-0.2364 | res=7.76e-06 | grad=8.19e-01 | 1.2s
[   100] loss=-0.2139 | res=4.45e-08 | grad=5.82e-01 | 1.2s
[   101] loss=-0.2582 | res=6.24e-08 | grad=5.79e-01 | 1.2s
[   102] loss=-0.2630 | res=4.14e-08 | grad=6.14e-01 | 1.2s
[   103] loss=-0.2470 | res=3.68e-08 | grad=5.24e-01 | 1.2s
[   104] loss=-0.2167 | res=4.15e-08 | grad=6.22e-01 | 1.2s
[   105] loss=-0.2475 | res=5.19e-08 | grad=4.13e-01 | 1.2s
[   106] loss=-0.2646 | res=4.78e-06 | grad=8.09e-01 | 1.2s
[   107] loss=-0.2508 | res=5.86e-06 | grad=4.72e-01 | 1.2s
[   108] loss=-0.2526 | res=5.98e-08 | grad=7.48e-01 | 1.2s
[   109] loss=-0.2262 | res=4.01e-05 | grad=5.75e-01 | 1.2s
[   110] loss=-0.2539 | res=1.27e-05 | grad=3.57e-01 | 1.2s
[   111] loss=-0.2698 | res=4.70e-08 | grad=5.06e-01 | 1.2s
[   112] loss=-0.2542 | res=1.45e-05 | grad=9.28e-01 | 1.2s
[   113] loss=-0.2515 | res=4.99e-08 | grad=4.23e-01 | 1.2s
[   114] loss=-0.2406 | res=2.36e-05 | grad=5.87e-01 | 1.2s
[   115] loss=-0.2494 | res=1.51e-05 | grad=4.52e-01 | 1.2s
[   116] loss=-0.2577 | res=3.93e-08 | grad=4.23e-01 | 1.2s
[   117] loss=-0.2355 | res=5.40e-08 | grad=6.70e-01 | 1.2s
[   118] loss=-0.2496 | res=2.87e-08 | grad=4.49e-01 | 1.2s
[   119] loss=-0.2625 | res=1.33e-06 | grad=6.92e-01 | 1.2s
[   120] loss=-0.2409 | res=3.98e-08 | grad=3.69e-01 | 1.2s
[   121] loss=-0.2419 | res=4.91e-08 | grad=4.77e-01 | 1.2s
[   122] loss=-0.2319 | res=7.88e-07 | grad=4.20e-01 | 1.2s
[   123] loss=-0.2479 | res=2.74e-05 | grad=4.03e-01 | 1.2s
[   124] loss=-0.2382 | res=7.53e-08 | grad=4.69e-01 | 1.2s
[   125] loss=-0.2407 | res=1.31e-05 | grad=3.80e-01 | 1.2s
[   126] loss=-0.2561 | res=2.48e-05 | grad=5.00e-01 | 1.2s
[   127] loss=-0.2219 | res=6.38e-08 | grad=6.11e-01 | 1.2s
[   128] loss=-0.2259 | res=5.38e-08 | grad=8.06e-01 | 1.2s
[   129] loss=-0.2404 | res=3.56e-08 | grad=4.65e-01 | 1.2s
[   130] loss=-0.2222 | res=2.58e-05 | grad=5.56e-01 | 1.2s
[   131] loss=-0.2407 | res=3.27e-06 | grad=4.98e-01 | 1.2s
[   132] loss=-0.2306 | res=2.49e-06 | grad=4.11e-01 | 1.2s
[   133] loss=-0.2700 | res=4.53e-08 | grad=7.13e-01 | 1.2s
[   134] loss=-0.2734 | res=5.55e-08 | grad=7.42e-01 | 1.2s
[   135] loss=-0.2408 | res=1.39e-05 | grad=5.95e-01 | 1.2s
[   136] loss=-0.2695 | res=7.44e-08 | grad=4.87e-01 | 1.2s
[   137] loss=-0.2541 | res=4.57e-08 | grad=6.04e-01 | 1.2s
[   138] loss=-0.2078 | res=2.58e-05 | grad=1.01e+00 | 1.2s
[   139] loss=-0.2369 | res=3.04e-05 | grad=5.29e-01 | 1.2s
[   140] loss=-0.2227 | res=4.44e-08 | grad=7.43e-01 | 1.2s
[   141] loss=-0.2412 | res=7.54e-06 | grad=5.24e-01 | 1.2s
[   142] loss=-0.2623 | res=3.66e-08 | grad=5.09e-01 | 1.2s
[   143] loss=-0.2574 | res=3.67e-08 | grad=4.40e-01 | 1.2s
[   144] loss=-0.2625 | res=6.39e-06 | grad=5.88e-01 | 1.2s
[   145] loss=-0.2508 | res=5.96e-08 | grad=5.26e-01 | 1.2s
[   146] loss=-0.2087 | res=3.14e-05 | grad=5.06e-01 | 1.2s
[   147] loss=-0.2449 | res=2.63e-05 | grad=4.32e-01 | 1.2s
[   148] loss=-0.2173 | res=5.11e-08 | grad=3.93e-01 | 1.2s
[   149] loss=-0.2589 | res=6.64e-08 | grad=6.27e-01 | 1.2s
[   150] loss=-0.2265 | res=2.61e-06 | grad=4.14e-01 | 1.2s
[   151] loss=-0.2568 | res=5.93e-08 | grad=4.86e-01 | 1.2s
[   152] loss=-0.2371 | res=5.72e-08 | grad=4.08e-01 | 1.2s
[   153] loss=-0.2541 | res=7.89e-06 | grad=6.53e-01 | 1.2s
[   154] loss=-0.2593 | res=7.23e-08 | grad=4.39e-01 | 1.2s
[   155] loss=-0.2914 | res=5.80e-05 | grad=6.16e-01 | 1.2s
[   156] loss=-0.2536 | res=6.22e-08 | grad=3.93e-01 | 1.2s
[   157] loss=-0.2879 | res=1.31e-05 | grad=4.19e-01 | 1.2s
[   158] loss=-0.2729 | res=5.07e-06 | grad=3.78e-01 | 1.2s
[   159] loss=-0.2703 | res=3.95e-08 | grad=4.54e-01 | 1.2s
[   160] loss=-0.2737 | res=6.80e-08 | grad=6.26e-01 | 1.2s
[   161] loss=-0.2573 | res=4.55e-08 | grad=6.63e-01 | 1.2s
[   162] loss=-0.2179 | res=6.51e-08 | grad=9.56e-01 | 1.2s
[   163] loss=-0.2328 | res=5.75e-06 | grad=7.68e-01 | 1.2s
[   164] loss=-0.2494 | res=3.28e-08 | grad=3.99e-01 | 1.2s
[   165] loss=-0.2341 | res=4.06e-08 | grad=6.56e-01 | 1.2s
[   166] loss=-0.2541 | res=4.22e-08 | grad=5.38e-01 | 1.2s
[   167] loss=-0.2759 | res=3.45e-08 | grad=8.39e-01 | 1.2s
[   168] loss=-0.2034 | res=4.56e-08 | grad=6.32e-01 | 1.2s
[   169] loss=-0.2514 | res=4.69e-08 | grad=5.26e-01 | 1.2s
[   170] loss=-0.2579 | res=4.81e-08 | grad=7.78e-01 | 1.2s
[   171] loss=-0.2413 | res=3.60e-08 | grad=6.62e-01 | 1.2s
[   172] loss=-0.2301 | res=5.12e-08 | grad=5.18e-01 | 1.2s
[   173] loss=-0.2547 | res=9.69e-07 | grad=5.70e-01 | 1.2s
[   174] loss=-0.2426 | res=4.54e-08 | grad=5.00e-01 | 1.2s
[   175] loss=-0.2290 | res=4.84e-08 | grad=4.53e-01 | 1.2s
[   176] loss=-0.2558 | res=4.87e-08 | grad=4.22e-01 | 1.2s
[   177] loss=-0.2165 | res=3.29e-05 | grad=6.65e-01 | 1.2s
[   178] loss=-0.2531 | res=6.92e-08 | grad=4.61e-01 | 1.2s
[   179] loss=-0.2117 | res=3.49e-08 | grad=8.55e-01 | 1.2s
[   180] loss=-0.2352 | res=8.01e-05 | grad=5.44e-01 | 1.2s
[   181] loss=-0.2653 | res=5.35e-08 | grad=3.28e-01 | 1.2s
[   182] loss=-0.2563 | res=5.35e-08 | grad=3.29e-01 | 1.2s
[   183] loss=-0.2275 | res=6.79e-08 | grad=3.71e-01 | 1.2s
[   184] loss=-0.2425 | res=7.48e-08 | grad=6.07e-01 | 1.2s
[   185] loss=-0.2370 | res=2.96e-08 | grad=3.92e-01 | 1.2s
[   186] loss=-0.2502 | res=3.22e-08 | grad=5.34e-01 | 1.2s
[   187] loss=-0.2467 | res=1.89e-06 | grad=4.53e-01 | 1.2s
[   188] loss=-0.2335 | res=3.86e-08 | grad=4.02e-01 | 1.2s
[   189] loss=-0.2330 | res=4.30e-08 | grad=5.94e-01 | 1.2s
[   190] loss=-0.2141 | res=1.27e-05 | grad=5.35e-01 | 1.2s
[   191] loss=-0.2405 | res=3.07e-08 | grad=4.88e-01 | 1.2s
[   192] loss=-0.2613 | res=5.45e-08 | grad=6.04e-01 | 1.2s
[   193] loss=-0.2232 | res=4.94e-08 | grad=6.08e-01 | 1.2s
[   194] loss=-0.2331 | res=4.30e-08 | grad=4.42e-01 | 1.2s
[   195] loss=-0.2494 | res=3.07e-05 | grad=4.21e-01 | 1.2s
[   196] loss=-0.2301 | res=5.34e-08 | grad=4.89e-01 | 1.2s
[   197] loss=-0.2690 | res=5.24e-08 | grad=4.64e-01 | 1.2s
[   198] loss=-0.2379 | res=2.24e-08 | grad=4.11e-01 | 1.2s
[   199] loss=-0.2497 | res=3.81e-08 | grad=5.42e-01 | 1.2s
[   200] loss=-0.2592 | res=4.70e-08 | grad=4.47e-01 | 1.2s
[   201] loss=-0.2605 | res=8.00e-08 | grad=4.90e-01 | 1.2s
[   202] loss=-0.2579 | res=4.18e-08 | grad=3.01e-01 | 1.2s
[   203] loss=-0.2720 | res=4.61e-08 | grad=6.13e-01 | 1.2s
[   204] loss=-0.2493 | res=4.20e-08 | grad=4.51e-01 | 1.2s
[   205] loss=-0.2504 | res=4.69e-08 | grad=5.75e-01 | 1.2s
[   206] loss=-0.2293 | res=5.74e-08 | grad=7.73e-01 | 1.2s
[   207] loss=-0.2666 | res=4.45e-08 | grad=4.09e-01 | 1.2s
[   208] loss=-0.2552 | res=5.00e-06 | grad=3.87e-01 | 1.2s
[   209] loss=-0.2175 | res=5.62e-08 | grad=6.39e-01 | 1.2s
[   210] loss=-0.2628 | res=3.53e-08 | grad=5.45e-01 | 1.2s
[   211] loss=-0.2632 | res=1.21e-05 | grad=5.79e-01 | 1.2s
[   212] loss=-0.2318 | res=4.46e-08 | grad=4.59e-01 | 1.2s
[   213] loss=-0.2359 | res=4.75e-08 | grad=5.56e-01 | 1.2s
[   214] loss=-0.2580 | res=4.84e-08 | grad=5.21e-01 | 1.2s
[   215] loss=-0.2664 | res=2.83e-08 | grad=6.70e-01 | 1.2s
[   216] loss=-0.2617 | res=3.51e-08 | grad=5.58e-01 | 1.2s
[   217] loss=-0.2479 | res=4.61e-08 | grad=5.82e-01 | 1.2s
[   218] loss=-0.2308 | res=5.58e-08 | grad=6.56e-01 | 1.2s
[   219] loss=-0.2300 | res=5.19e-08 | grad=6.24e-01 | 1.2s
[   220] loss=-0.2668 | res=6.52e-08 | grad=4.51e-01 | 1.2s
[   221] loss=-0.2477 | res=4.29e-08 | grad=3.78e-01 | 1.2s
[   222] loss=-0.2664 | res=7.01e-06 | grad=6.06e-01 | 1.2s
[   223] loss=-0.2489 | res=3.89e-08 | grad=4.81e-01 | 1.2s
[   224] loss=-0.2589 | res=4.67e-08 | grad=2.91e-01 | 1.2s
[   225] loss=-0.2201 | res=7.10e-07 | grad=6.02e-01 | 1.2s
[   226] loss=-0.2539 | res=5.52e-08 | grad=3.95e-01 | 1.2s
[   227] loss=-0.2412 | res=8.80e-06 | grad=2.85e-01 | 1.2s
[   228] loss=-0.2303 | res=5.37e-08 | grad=4.84e-01 | 1.2s
[   229] loss=-0.2559 | res=1.77e-05 | grad=6.08e-01 | 1.2s
[   230] loss=-0.2689 | res=4.69e-08 | grad=7.31e-01 | 1.2s
[   231] loss=-0.2708 | res=5.48e-06 | grad=5.54e-01 | 1.2s
[   232] loss=-0.2637 | res=3.81e-05 | grad=3.76e-01 | 1.2s
[   233] loss=-0.2312 | res=2.11e-08 | grad=5.16e-01 | 1.2s
[   234] loss=-0.2080 | res=3.57e-08 | grad=8.20e-01 | 1.2s
[   235] loss=-0.2423 | res=4.91e-08 | grad=3.29e-01 | 1.2s
[   236] loss=-0.2413 | res=2.15e-08 | grad=3.51e-01 | 1.2s
[   237] loss=-0.2607 | res=8.79e-06 | grad=5.22e-01 | 1.2s
[   238] loss=-0.2754 | res=4.29e-08 | grad=7.37e-01 | 1.2s
[   239] loss=-0.2555 | res=5.50e-08 | grad=4.64e-01 | 1.2s
[   240] loss=-0.2270 | res=1.86e-08 | grad=3.79e-01 | 1.2s
[   241] loss=-0.2462 | res=4.86e-08 | grad=2.82e-01 | 1.2s
[   242] loss=-0.2533 | res=3.98e-08 | grad=5.05e-01 | 1.2s
[   243] loss=-0.2550 | res=4.45e-08 | grad=4.82e-01 | 1.2s
[   244] loss=-0.2234 | res=3.97e-08 | grad=5.83e-01 | 1.2s
[   245] loss=-0.2419 | res=4.97e-08 | grad=4.38e-01 | 1.2s
[   246] loss=-0.2268 | res=4.31e-08 | grad=6.57e-01 | 1.2s
[   247] loss=-0.2536 | res=3.34e-08 | grad=4.25e-01 | 1.2s
[   248] loss=-0.2553 | res=5.83e-08 | grad=5.01e-01 | 1.2s
[   249] loss=-0.2856 | res=3.92e-08 | grad=6.37e-01 | 1.2s
[   250] loss=-0.2723 | res=3.42e-08 | grad=6.56e-01 | 1.2s
[   251] loss=-0.2331 | res=4.74e-05 | grad=5.66e-01 | 1.2s
[   252] loss=-0.2435 | res=3.66e-08 | grad=4.10e-01 | 1.2s
[   253] loss=-0.2579 | res=4.09e-08 | grad=4.79e-01 | 1.2s
[   254] loss=-0.2208 | res=3.68e-08 | grad=8.63e-01 | 1.2s
[   255] loss=-0.2580 | res=5.91e-08 | grad=6.24e-01 | 1.2s
[   256] loss=-0.2514 | res=4.48e-08 | grad=4.36e-01 | 1.2s
[   257] loss=-0.2430 | res=3.23e-08 | grad=3.77e-01 | 1.2s
[   258] loss=-0.2224 | res=4.04e-08 | grad=5.45e-01 | 1.2s
[   259] loss=-0.2662 | res=1.23e-05 | grad=5.39e-01 | 1.2s
[   260] loss=-0.2510 | res=6.48e-08 | grad=4.42e-01 | 1.2s
[   261] loss=-0.2478 | res=4.50e-08 | grad=5.07e-01 | 1.2s
[   262] loss=-0.2587 | res=2.99e-08 | grad=5.46e-01 | 1.2s
[   263] loss=-0.2695 | res=1.43e-05 | grad=6.15e-01 | 1.2s
[   264] loss=-0.2528 | res=1.02e-05 | grad=3.86e-01 | 1.2s
[   265] loss=-0.2282 | res=2.52e-05 | grad=5.48e-01 | 1.2s
[   266] loss=-0.2429 | res=2.96e-05 | grad=5.50e-01 | 1.2s
[   267] loss=-0.2780 | res=3.60e-08 | grad=3.76e-01 | 1.2s
[   268] loss=-0.2579 | res=3.32e-08 | grad=4.34e-01 | 1.2s
[   269] loss=-0.2367 | res=1.15e-05 | grad=6.69e-01 | 1.2s
[   270] loss=-0.2537 | res=7.66e-08 | grad=4.88e-01 | 1.2s
[   271] loss=-0.2405 | res=2.32e-05 | grad=5.42e-01 | 1.2s
[   272] loss=-0.2431 | res=5.43e-08 | grad=4.71e-01 | 1.2s
[   273] loss=-0.2107 | res=4.32e-08 | grad=6.05e-01 | 1.2s
[   274] loss=-0.2325 | res=7.10e-05 | grad=3.16e-01 | 1.2s
[   275] loss=-0.2507 | res=9.11e-05 | grad=5.28e-01 | 1.2s
[   276] loss=-0.2392 | res=5.90e-08 | grad=6.02e-01 | 1.2s
[   277] loss=-0.2576 | res=5.09e-08 | grad=7.40e-01 | 1.2s
[   278] loss=-0.2576 | res=5.22e-08 | grad=6.60e-01 | 1.2s
[   279] loss=-0.2438 | res=5.45e-08 | grad=4.41e-01 | 1.2s
[   280] loss=-0.2320 | res=2.25e-05 | grad=3.53e-01 | 1.2s
[   281] loss=-0.2397 | res=4.93e-08 | grad=5.13e-01 | 1.2s
[   282] loss=-0.2554 | res=2.23e-05 | grad=5.87e-01 | 1.2s
[   283] loss=-0.2513 | res=8.23e-06 | grad=4.49e-01 | 1.2s
[   284] loss=-0.2752 | res=5.40e-06 | grad=4.46e-01 | 1.2s
[   285] loss=-0.2397 | res=5.44e-08 | grad=5.17e-01 | 1.2s
[   286] loss=-0.2261 | res=1.93e-06 | grad=7.16e-01 | 1.2s
[   287] loss=-0.2369 | res=7.06e-08 | grad=5.72e-01 | 1.2s
[   288] loss=-0.2578 | res=4.56e-08 | grad=4.94e-01 | 1.2s
[   289] loss=-0.2491 | res=6.92e-07 | grad=3.82e-01 | 1.2s
[   290] loss=-0.2147 | res=3.56e-08 | grad=5.33e-01 | 1.2s
[   291] loss=-0.2483 | res=4.89e-08 | grad=7.16e-01 | 1.2s
[   292] loss=-0.2440 | res=5.53e-08 | grad=6.05e-01 | 1.2s
[   293] loss=-0.2751 | res=4.41e-08 | grad=7.67e-01 | 1.2s
[   294] loss=-0.2368 | res=1.40e-07 | grad=4.08e-01 | 1.2s
[   295] loss=-0.2323 | res=5.42e-08 | grad=4.82e-01 | 1.2s
[   296] loss=-0.2425 | res=2.85e-08 | grad=3.24e-01 | 1.2s
[   297] loss=-0.2541 | res=8.56e-06 | grad=4.40e-01 | 1.2s
[   298] loss=-0.2310 | res=4.06e-08 | grad=7.87e-01 | 1.2s
[   299] loss=-0.2429 | res=4.11e-08 | grad=4.15e-01 | 1.2s
[   300] loss=-0.2164 | res=7.12e-05 | grad=7.20e-01 | 1.2s
[   301] loss=-0.2374 | res=6.55e-05 | grad=4.57e-01 | 1.2s
[   302] loss=-0.2335 | res=5.87e-08 | grad=3.76e-01 | 1.2s
[   303] loss=-0.2625 | res=4.63e-08 | grad=6.29e-01 | 1.2s
[   304] loss=-0.2380 | res=4.48e-08 | grad=4.47e-01 | 1.2s
[   305] loss=-0.2448 | res=3.28e-08 | grad=6.45e-01 | 1.2s
[   306] loss=-0.2592 | res=3.76e-08 | grad=5.68e-01 | 1.2s
[   307] loss=-0.2538 | res=4.03e-06 | grad=4.31e-01 | 1.2s
[   308] loss=-0.2463 | res=5.81e-08 | grad=3.18e-01 | 1.2s
[   309] loss=-0.2438 | res=7.31e-08 | grad=3.74e-01 | 1.2s
[   310] loss=-0.2342 | res=2.90e-08 | grad=3.12e-01 | 1.2s
[   311] loss=-0.2298 | res=2.61e-05 | grad=3.79e-01 | 1.2s
[   312] loss=-0.2672 | res=4.22e-08 | grad=2.93e-01 | 1.2s
[   313] loss=-0.2805 | res=4.63e-08 | grad=4.85e-01 | 1.2s
[   314] loss=-0.2345 | res=8.66e-06 | grad=4.84e-01 | 1.2s
[   315] loss=-0.2617 | res=4.47e-08 | grad=2.85e-01 | 1.2s
[   316] loss=-0.2757 | res=4.73e-08 | grad=4.67e-01 | 1.2s
[   317] loss=-0.2438 | res=6.62e-08 | grad=5.96e-01 | 1.2s
[   318] loss=-0.2361 | res=6.43e-08 | grad=5.19e-01 | 1.2s
[   319] loss=-0.2479 | res=3.54e-08 | grad=2.87e-01 | 1.2s
[   320] loss=-0.2500 | res=5.44e-08 | grad=3.58e-01 | 1.2s
[   321] loss=-0.2195 | res=3.59e-08 | grad=5.70e-01 | 1.2s
[   322] loss=-0.2173 | res=1.15e-07 | grad=5.94e-01 | 1.2s
[   323] loss=-0.2547 | res=4.17e-08 | grad=5.55e-01 | 1.2s
[   324] loss=-0.2315 | res=7.74e-08 | grad=4.06e-01 | 1.2s
[   325] loss=-0.2261 | res=4.51e-08 | grad=2.93e-01 | 1.2s
[   326] loss=-0.2454 | res=1.04e-05 | grad=6.61e-01 | 1.2s
[   327] loss=-0.2399 | res=4.72e-08 | grad=6.64e-01 | 1.2s
[   328] loss=-0.2686 | res=3.24e-08 | grad=8.30e-01 | 1.2s
[   329] loss=-0.2736 | res=9.37e-07 | grad=7.29e-01 | 1.2s
[   330] loss=-0.2282 | res=3.05e-08 | grad=5.07e-01 | 1.2s
[   331] loss=-0.2267 | res=4.65e-08 | grad=5.60e-01 | 1.2s
[   332] loss=-0.2407 | res=5.89e-05 | grad=6.65e-01 | 1.2s
[   333] loss=-0.2201 | res=3.52e-05 | grad=8.71e-01 | 1.2s
[   334] loss=-0.2681 | res=4.67e-05 | grad=3.19e-01 | 1.2s
[   335] loss=-0.2498 | res=3.70e-08 | grad=3.22e-01 | 1.2s
[   336] loss=-0.2403 | res=5.40e-08 | grad=4.14e-01 | 1.2s
[   337] loss=-0.2443 | res=5.95e-08 | grad=3.60e-01 | 1.2s
[   338] loss=-0.2685 | res=2.78e-05 | grad=6.49e-01 | 1.2s
[   339] loss=-0.2506 | res=1.70e-06 | grad=4.31e-01 | 1.2s
[   340] loss=-0.2510 | res=3.97e-08 | grad=4.05e-01 | 1.2s
[   341] loss=-0.2471 | res=4.06e-08 | grad=3.40e-01 | 1.2s
[   342] loss=-0.2346 | res=2.66e-06 | grad=4.43e-01 | 1.2s
[   343] loss=-0.2271 | res=1.90e-05 | grad=5.04e-01 | 1.2s
[   344] loss=-0.2541 | res=4.09e-08 | grad=3.06e-01 | 1.2s
[   345] loss=-0.2519 | res=5.43e-08 | grad=2.82e-01 | 1.2s
[   346] loss=-0.2658 | res=4.08e-08 | grad=3.24e-01 | 1.2s
[   347] loss=-0.2412 | res=5.33e-08 | grad=4.97e-01 | 1.2s
[   348] loss=-0.2485 | res=3.26e-05 | grad=4.37e-01 | 1.2s
[   349] loss=-0.2360 | res=4.90e-08 | grad=4.63e-01 | 1.2s
[   350] loss=-0.2434 | res=1.75e-06 | grad=2.86e-01 | 1.2s
[   351] loss=-0.3008 | res=2.84e-08 | grad=9.30e-01 | 1.2s
[   352] loss=-0.2365 | res=4.47e-08 | grad=4.40e-01 | 1.2s
[   353] loss=-0.2271 | res=3.53e-08 | grad=4.29e-01 | 1.2s
[   354] loss=-0.2310 | res=3.78e-06 | grad=4.32e-01 | 1.2s
[   355] loss=-0.2574 | res=4.50e-08 | grad=3.04e-01 | 1.2s
[   356] loss=-0.2384 | res=4.23e-05 | grad=3.59e-01 | 1.2s
[   357] loss=-0.2551 | res=4.96e-08 | grad=2.97e-01 | 1.2s
[   358] loss=-0.2303 | res=2.86e-06 | grad=5.27e-01 | 1.2s
[   359] loss=-0.2313 | res=1.11e-04 | grad=4.35e-01 | 1.2s
[   360] loss=-0.2384 | res=4.70e-08 | grad=3.96e-01 | 1.2s
[   361] loss=-0.2455 | res=5.64e-08 | grad=4.47e-01 | 1.2s
[   362] loss=-0.2533 | res=9.50e-08 | grad=4.73e-01 | 1.2s
[   363] loss=-0.2503 | res=1.15e-05 | grad=2.95e-01 | 1.2s
[   364] loss=-0.2408 | res=3.71e-05 | grad=3.76e-01 | 1.2s
[   365] loss=-0.2509 | res=4.27e-08 | grad=4.30e-01 | 1.2s
[   366] loss=-0.2271 | res=4.94e-08 | grad=5.13e-01 | 1.2s
[   367] loss=-0.2357 | res=3.55e-08 | grad=2.96e-01 | 1.2s
[   368] loss=-0.2456 | res=4.43e-08 | grad=3.43e-01 | 1.2s
[   369] loss=-0.2486 | res=4.36e-08 | grad=3.61e-01 | 1.2s
[   370] loss=-0.2333 | res=4.77e-08 | grad=4.65e-01 | 1.2s
[   371] loss=-0.2462 | res=4.78e-08 | grad=3.69e-01 | 1.2s
[   372] loss=-0.2558 | res=3.91e-08 | grad=3.23e-01 | 1.2s
[   373] loss=-0.2598 | res=2.93e-06 | grad=5.10e-01 | 1.2s
[   374] loss=-0.2278 | res=5.96e-08 | grad=4.39e-01 | 1.2s
[   375] loss=-0.2485 | res=3.40e-08 | grad=4.30e-01 | 1.2s
[   376] loss=-0.2300 | res=5.32e-08 | grad=3.76e-01 | 1.2s
[   377] loss=-0.2829 | res=5.07e-08 | grad=8.06e-01 | 1.2s
[   378] loss=-0.2428 | res=8.62e-08 | grad=3.11e-01 | 1.2s
[   379] loss=-0.2489 | res=5.18e-08 | grad=3.52e-01 | 1.2s
[   380] loss=-0.2395 | res=3.44e-08 | grad=3.80e-01 | 1.2s
[   381] loss=-0.2461 | res=1.74e-05 | grad=3.55e-01 | 1.2s
[   382] loss=-0.2462 | res=6.69e-05 | grad=4.19e-01 | 1.2s
[   383] loss=-0.2514 | res=4.82e-08 | grad=4.27e-01 | 1.2s
[   384] loss=-0.2442 | res=1.63e-05 | grad=3.43e-01 | 1.2s
[   385] loss=-0.2710 | res=2.68e-08 | grad=6.45e-01 | 1.2s
[   386] loss=-0.2526 | res=3.60e-08 | grad=4.01e-01 | 1.2s
[   387] loss=-0.2423 | res=5.04e-08 | grad=2.23e-01 | 1.2s
[   388] loss=-0.2443 | res=5.73e-08 | grad=3.01e-01 | 1.2s
[   389] loss=-0.2148 | res=5.73e-07 | grad=6.80e-01 | 1.2s
[   390] loss=-0.2477 | res=5.98e-08 | grad=1.96e-01 | 1.2s
[   391] loss=-0.2519 | res=1.13e-07 | grad=3.49e-01 | 1.2s
[   392] loss=-0.2554 | res=4.72e-08 | grad=4.48e-01 | 1.2s
[   393] loss=-0.2296 | res=2.49e-05 | grad=4.65e-01 | 1.2s
[   394] loss=-0.2372 | res=4.53e-08 | grad=2.64e-01 | 1.2s
[   395] loss=-0.2324 | res=2.99e-08 | grad=3.82e-01 | 1.2s
[   396] loss=-0.2406 | res=9.28e-06 | grad=5.07e-01 | 1.2s
[   397] loss=-0.2450 | res=3.91e-06 | grad=3.73e-01 | 1.2s
[   398] loss=-0.2121 | res=3.04e-08 | grad=5.20e-01 | 1.2s
[   399] loss=-0.2376 | res=2.85e-08 | grad=2.48e-01 | 1.2s
[   400] loss=-0.2458 | res=2.28e-06 | grad=5.09e-01 | 1.2s
[   401] loss=-0.2303 | res=5.56e-08 | grad=5.94e-01 | 1.2s
[   402] loss=-0.2404 | res=3.12e-08 | grad=6.22e-01 | 1.2s
[   403] loss=-0.2547 | res=4.68e-08 | grad=5.02e-01 | 1.2s
[   404] loss=-0.2761 | res=4.40e-08 | grad=7.49e-01 | 1.2s
[   405] loss=-0.2657 | res=4.93e-08 | grad=3.61e-01 | 1.2s
[   406] loss=-0.2367 | res=4.14e-08 | grad=5.69e-01 | 1.2s
[   407] loss=-0.2718 | res=4.34e-08 | grad=3.37e-01 | 1.2s
[   408] loss=-0.2400 | res=1.78e-07 | grad=5.91e-01 | 1.2s
[   409] loss=-0.2481 | res=3.43e-08 | grad=5.10e-01 | 1.2s
[   410] loss=-0.2953 | res=3.55e-05 | grad=3.48e-01 | 1.2s
[   411] loss=-0.2451 | res=5.84e-06 | grad=7.11e-01 | 1.2s
[   412] loss=-0.2266 | res=4.73e-08 | grad=7.09e-01 | 1.2s
[   413] loss=-0.2292 | res=4.18e-07 | grad=5.45e-01 | 1.2s
[   414] loss=-0.2747 | res=6.82e-08 | grad=7.76e-01 | 1.2s
[   415] loss=-0.2400 | res=3.82e-08 | grad=3.69e-01 | 1.2s
[   416] loss=-0.2218 | res=4.63e-08 | grad=3.47e-01 | 1.2s
[   417] loss=-0.2736 | res=5.24e-06 | grad=9.39e-01 | 1.2s
[   418] loss=-0.2331 | res=3.05e-08 | grad=2.89e-01 | 1.2s
[   419] loss=-0.2632 | res=2.82e-05 | grad=5.16e-01 | 1.2s
[   420] loss=-0.2735 | res=3.52e-08 | grad=7.29e-01 | 1.2s
[   421] loss=-0.2427 | res=5.17e-08 | grad=3.93e-01 | 1.2s
[   422] loss=-0.2258 | res=4.61e-08 | grad=6.48e-01 | 1.2s
[   423] loss=-0.2150 | res=4.03e-08 | grad=7.03e-01 | 1.2s
[   424] loss=-0.2819 | res=2.55e-05 | grad=4.10e-01 | 1.2s
[   425] loss=-0.2459 | res=4.19e-08 | grad=3.41e-01 | 1.2s
[   426] loss=-0.2364 | res=3.79e-08 | grad=4.42e-01 | 1.2s
[   427] loss=-0.2197 | res=2.55e-07 | grad=5.96e-01 | 1.2s
[   428] loss=-0.2611 | res=4.14e-08 | grad=4.87e-01 | 1.2s
[   429] loss=-0.2513 | res=1.83e-08 | grad=3.16e-01 | 1.2s
[   430] loss=-0.2476 | res=4.12e-08 | grad=3.36e-01 | 1.2s
[   431] loss=-0.2577 | res=3.58e-08 | grad=5.76e-01 | 1.2s
[   432] loss=-0.2251 | res=3.33e-08 | grad=3.50e-01 | 1.2s
[   433] loss=-0.2412 | res=6.47e-08 | grad=4.12e-01 | 1.2s
[   434] loss=-0.2485 | res=3.63e-08 | grad=2.98e-01 | 1.2s
[   435] loss=-0.2476 | res=4.77e-08 | grad=3.17e-01 | 1.2s
[   436] loss=-0.2347 | res=5.58e-08 | grad=4.73e-01 | 1.2s
[   437] loss=-0.2628 | res=5.05e-08 | grad=3.81e-01 | 1.2s
[   438] loss=-0.2634 | res=5.17e-08 | grad=3.57e-01 | 1.2s
[   439] loss=-0.2585 | res=3.20e-08 | grad=3.24e-01 | 1.2s
[   440] loss=-0.2553 | res=4.83e-08 | grad=3.48e-01 | 1.2s
[   441] loss=-0.2652 | res=9.81e-06 | grad=3.52e-01 | 1.2s
[   442] loss=-0.2255 | res=6.24e-08 | grad=7.14e-01 | 1.2s
[   443] loss=-0.2604 | res=4.01e-08 | grad=4.05e-01 | 1.2s
[   444] loss=-0.2451 | res=1.78e-08 | grad=3.97e-01 | 1.2s
[   445] loss=-0.2473 | res=2.48e-08 | grad=2.73e-01 | 1.2s
[   446] loss=-0.2487 | res=3.73e-05 | grad=3.69e-01 | 1.2s
[   447] loss=-0.2444 | res=2.28e-06 | grad=2.98e-01 | 1.2s
[   448] loss=-0.2343 | res=4.61e-06 | grad=2.62e-01 | 1.2s
[   449] loss=-0.2506 | res=3.84e-08 | grad=4.23e-01 | 1.2s
[   450] loss=-0.2548 | res=4.02e-08 | grad=5.08e-01 | 1.2s
[   451] loss=-0.2688 | res=4.89e-08 | grad=5.62e-01 | 1.2s
[   452] loss=-0.2110 | res=2.35e-05 | grad=7.70e-01 | 1.2s
[   453] loss=-0.2415 | res=4.35e-06 | grad=3.11e-01 | 1.2s
[   454] loss=-0.2451 | res=4.46e-08 | grad=4.13e-01 | 1.2s
[   455] loss=-0.2524 | res=5.90e-08 | grad=4.17e-01 | 1.2s
[   456] loss=-0.2224 | res=7.04e-08 | grad=4.71e-01 | 1.2s
[   457] loss=-0.2123 | res=3.34e-08 | grad=5.42e-01 | 1.2s
[   458] loss=-0.2437 | res=3.76e-05 | grad=4.59e-01 | 1.2s
[   459] loss=-0.2553 | res=1.99e-08 | grad=8.14e-01 | 1.2s
[   460] loss=-0.2520 | res=5.87e-08 | grad=5.72e-01 | 1.2s
[   461] loss=-0.2496 | res=3.19e-08 | grad=4.24e-01 | 1.2s
[   462] loss=-0.2596 | res=3.39e-08 | grad=4.25e-01 | 1.2s
[   463] loss=-0.2566 | res=5.47e-08 | grad=2.36e-01 | 1.2s
[   464] loss=-0.2470 | res=2.55e-05 | grad=4.37e-01 | 1.2s
[   465] loss=-0.2725 | res=5.64e-08 | grad=2.55e-01 | 1.2s
[   466] loss=-0.2719 | res=3.95e-05 | grad=2.99e-01 | 1.2s
[   467] loss=-0.2301 | res=5.24e-08 | grad=7.65e-01 | 1.2s
[   468] loss=-0.2416 | res=2.92e-06 | grad=5.85e-01 | 1.2s
[   469] loss=-0.2796 | res=4.97e-08 | grad=3.02e-01 | 1.2s
[   470] loss=-0.2408 | res=5.21e-08 | grad=3.91e-01 | 1.2s
[   471] loss=-0.2774 | res=4.20e-08 | grad=5.43e-01 | 1.2s
[   472] loss=-0.2570 | res=4.55e-08 | grad=2.83e-01 | 1.2s
[   473] loss=-0.2375 | res=4.08e-08 | grad=2.87e-01 | 1.2s
[   474] loss=-0.2568 | res=5.03e-08 | grad=4.62e-01 | 1.2s
[   475] loss=-0.2239 | res=6.58e-08 | grad=5.00e-01 | 1.2s
[   476] loss=-0.2630 | res=5.12e-08 | grad=4.46e-01 | 1.2s
[   477] loss=-0.2492 | res=5.13e-08 | grad=3.47e-01 | 1.2s
[   478] loss=-0.2540 | res=5.11e-08 | grad=3.38e-01 | 1.2s
[   479] loss=-0.2522 | res=7.49e-08 | grad=2.83e-01 | 1.2s
[   480] loss=-0.2538 | res=5.67e-08 | grad=2.82e-01 | 1.2s
[   481] loss=-0.2446 | res=3.21e-08 | grad=2.79e-01 | 1.2s
[   482] loss=-0.2691 | res=2.71e-05 | grad=2.68e-01 | 1.2s
[   483] loss=-0.2671 | res=3.59e-08 | grad=3.74e-01 | 1.2s
[   484] loss=-0.2079 | res=7.29e-08 | grad=8.92e-01 | 1.2s
[   485] loss=-0.2287 | res=4.48e-08 | grad=6.06e-01 | 1.2s
[   486] loss=-0.2479 | res=4.75e-08 | grad=2.15e-01 | 1.2s
[   487] loss=-0.2321 | res=5.45e-08 | grad=2.62e-01 | 1.2s
[   488] loss=-0.2440 | res=2.88e-05 | grad=4.27e-01 | 1.2s
[   489] loss=-0.2110 | res=3.23e-05 | grad=3.43e-01 | 1.2s
[   490] loss=-0.2359 | res=3.31e-06 | grad=3.96e-01 | 1.2s
[   491] loss=-0.2431 | res=3.16e-08 | grad=5.98e-01 | 1.2s
[   492] loss=-0.2495 | res=3.67e-08 | grad=6.85e-01 | 1.2s
[   493] loss=-0.2380 | res=2.73e-05 | grad=2.63e-01 | 1.2s
[   494] loss=-0.2858 | res=5.43e-08 | grad=9.42e-01 | 1.2s
[   495] loss=-0.2535 | res=5.23e-08 | grad=2.20e-01 | 1.2s
[   496] loss=-0.2221 | res=6.17e-08 | grad=6.00e-01 | 1.2s
[   497] loss=-0.2567 | res=8.79e-07 | grad=5.02e-01 | 1.2s
[   498] loss=-0.2691 | res=1.26e-07 | grad=2.25e-01 | 1.2s
[   499] loss=-0.2337 | res=3.35e-08 | grad=6.69e-01 | 1.2s
[   500] loss=-0.2428 | res=6.33e-06 | grad=5.04e-01 | 1.2s
[   501] loss=-0.2447 | res=5.51e-08 | grad=5.06e-01 | 1.2s
[   502] loss=-0.2727 | res=4.57e-08 | grad=5.07e-01 | 1.2s
[   503] loss=-0.2406 | res=3.67e-08 | grad=3.10e-01 | 1.2s
[   504] loss=-0.2212 | res=9.82e-06 | grad=2.96e-01 | 1.2s
[   505] loss=-0.2419 | res=1.03e-06 | grad=5.02e-01 | 1.2s
[   506] loss=-0.2403 | res=5.62e-08 | grad=4.17e-01 | 1.2s
[   507] loss=-0.2597 | res=2.65e-08 | grad=5.70e-01 | 1.2s
[   508] loss=-0.2307 | res=1.09e-05 | grad=4.20e-01 | 1.2s
[   509] loss=-0.2505 | res=3.03e-05 | grad=3.89e-01 | 1.2s
[   510] loss=-0.2478 | res=8.19e-08 | grad=2.52e-01 | 1.2s
[   511] loss=-0.2545 | res=4.41e-08 | grad=2.39e-01 | 1.2s
[   512] loss=-0.2446 | res=2.79e-08 | grad=3.39e-01 | 1.2s
[   513] loss=-0.2445 | res=3.84e-05 | grad=4.23e-01 | 1.2s
[   514] loss=-0.2268 | res=4.82e-08 | grad=5.94e-01 | 1.2s
[   515] loss=-0.2462 | res=5.36e-08 | grad=2.87e-01 | 1.2s
[   516] loss=-0.2389 | res=5.34e-08 | grad=2.88e-01 | 1.2s
[   517] loss=-0.2557 | res=1.74e-05 | grad=2.74e-01 | 1.2s
[   518] loss=-0.2613 | res=6.10e-08 | grad=5.48e-01 | 1.2s
[   519] loss=-0.2543 | res=7.29e-08 | grad=6.75e-01 | 1.2s
[   520] loss=-0.2291 | res=5.48e-08 | grad=4.42e-01 | 1.2s
[   521] loss=-0.2573 | res=4.31e-08 | grad=4.23e-01 | 1.2s
[   522] loss=-0.2413 | res=2.83e-08 | grad=3.35e-01 | 1.2s
[   523] loss=-0.2599 | res=3.76e-08 | grad=2.63e-01 | 1.2s
[   524] loss=-0.2748 | res=2.40e-07 | grad=3.60e-01 | 1.2s
[   525] loss=-0.2243 | res=3.43e-08 | grad=6.05e-01 | 1.2s
[   526] loss=-0.2231 | res=3.03e-05 | grad=7.43e-01 | 1.2s
[   527] loss=-0.2104 | res=5.22e-05 | grad=8.18e-01 | 1.2s
[   528] loss=-0.2857 | res=2.31e-05 | grad=7.28e-01 | 1.2s
[   529] loss=-0.2387 | res=5.07e-08 | grad=3.61e-01 | 1.2s
[   530] loss=-0.2550 | res=3.67e-08 | grad=3.51e-01 | 1.2s
[   531] loss=-0.2686 | res=1.65e-05 | grad=5.91e-01 | 1.2s
[   532] loss=-0.2556 | res=4.50e-08 | grad=4.64e-01 | 1.2s
[   533] loss=-0.2566 | res=7.98e-05 | grad=4.20e-01 | 1.2s
[   534] loss=-0.2350 | res=3.33e-06 | grad=3.83e-01 | 1.2s
[   535] loss=-0.2458 | res=1.90e-06 | grad=3.76e-01 | 1.2s
[   536] loss=-0.2592 | res=3.12e-08 | grad=2.75e-01 | 1.2s
[   537] loss=-0.2713 | res=3.73e-08 | grad=3.48e-01 | 1.2s
[   538] loss=-0.2444 | res=5.39e-08 | grad=3.59e-01 | 1.2s
[   539] loss=-0.2251 | res=1.62e-07 | grad=6.95e-01 | 1.2s
[   540] loss=-0.2166 | res=2.07e-05 | grad=7.60e-01 | 1.2s
[   541] loss=-0.2530 | res=4.02e-08 | grad=2.69e-01 | 1.2s
[   542] loss=-0.2457 | res=3.39e-08 | grad=3.91e-01 | 1.2s
[   543] loss=-0.2632 | res=2.21e-07 | grad=5.92e-01 | 1.2s
[   544] loss=-0.2596 | res=1.06e-05 | grad=5.86e-01 | 1.2s
[   545] loss=-0.2925 | res=4.30e-08 | grad=1.06e+00 | 1.2s
[   546] loss=-0.2551 | res=5.18e-08 | grad=4.88e-01 | 1.2s
[   547] loss=-0.2102 | res=3.53e-07 | grad=8.57e-01 | 1.2s
[   548] loss=-0.2681 | res=4.62e-08 | grad=3.09e-01 | 1.2s
[   549] loss=-0.2493 | res=1.76e-07 | grad=4.15e-01 | 1.2s
[   550] loss=-0.2302 | res=6.51e-05 | grad=6.12e-01 | 1.2s
[   551] loss=-0.2621 | res=4.51e-08 | grad=3.59e-01 | 1.2s
[   552] loss=-0.2203 | res=5.17e-08 | grad=7.05e-01 | 1.2s
[   553] loss=-0.2416 | res=2.57e-05 | grad=2.25e-01 | 1.2s
[   554] loss=-0.2556 | res=2.85e-08 | grad=3.38e-01 | 1.2s
[   555] loss=-0.2479 | res=5.49e-08 | grad=5.03e-01 | 1.2s
[   556] loss=-0.2389 | res=2.39e-08 | grad=2.77e-01 | 1.2s
[   557] loss=-0.2450 | res=8.10e-06 | grad=3.93e-01 | 1.2s
[   558] loss=-0.2559 | res=2.02e-08 | grad=4.99e-01 | 1.2s
[   559] loss=-0.2564 | res=4.56e-08 | grad=3.78e-01 | 1.2s
[   560] loss=-0.2330 | res=5.08e-08 | grad=3.72e-01 | 1.2s
[   561] loss=-0.2385 | res=3.21e-08 | grad=3.58e-01 | 1.2s
[   562] loss=-0.2600 | res=4.51e-08 | grad=2.31e-01 | 1.2s
[   563] loss=-0.2733 | res=3.41e-08 | grad=3.21e-01 | 1.2s
[   564] loss=-0.2576 | res=7.02e-07 | grad=4.00e-01 | 1.2s
[   565] loss=-0.2694 | res=2.95e-08 | grad=1.48e-01 | 1.2s
[   566] loss=-0.2432 | res=2.99e-06 | grad=4.92e-01 | 1.2s
[   567] loss=-0.2657 | res=1.53e-05 | grad=1.95e-01 | 1.2s
[   568] loss=-0.2489 | res=3.75e-05 | grad=1.96e-01 | 1.2s
[   569] loss=-0.2764 | res=5.42e-08 | grad=3.09e-01 | 1.2s
[   570] loss=-0.2286 | res=3.75e-08 | grad=4.48e-01 | 1.2s
[   571] loss=-0.2262 | res=4.61e-08 | grad=5.49e-01 | 1.2s
[   572] loss=-0.2204 | res=4.61e-05 | grad=4.12e-01 | 1.2s
[   573] loss=-0.2628 | res=2.88e-08 | grad=6.65e-01 | 1.2s
[   574] loss=-0.2563 | res=2.83e-05 | grad=7.00e-01 | 1.2s
[   575] loss=-0.2437 | res=2.76e-08 | grad=4.67e-01 | 1.2s
[   576] loss=-0.2452 | res=3.34e-08 | grad=3.29e-01 | 1.2s
[   577] loss=-0.2561 | res=9.63e-06 | grad=4.63e-01 | 1.2s
[   578] loss=-0.2409 | res=1.90e-06 | grad=3.21e-01 | 1.2s
[   579] loss=-0.2375 | res=5.05e-08 | grad=4.22e-01 | 1.2s
[   580] loss=-0.2558 | res=1.88e-06 | grad=3.49e-01 | 1.2s
[   581] loss=-0.2110 | res=2.41e-05 | grad=8.78e-01 | 1.2s
[   582] loss=-0.2626 | res=1.67e-07 | grad=2.10e-01 | 1.2s
[   583] loss=-0.2841 | res=3.01e-08 | grad=6.21e-01 | 1.2s
[   584] loss=-0.2267 | res=4.24e-08 | grad=4.30e-01 | 1.2s
[   585] loss=-0.2487 | res=4.49e-06 | grad=2.88e-01 | 1.2s
[   586] loss=-0.2698 | res=3.42e-06 | grad=3.50e-01 | 1.2s
[   587] loss=-0.2623 | res=1.28e-06 | grad=4.39e-01 | 1.2s
[   588] loss=-0.2665 | res=2.36e-05 | grad=3.87e-01 | 1.2s
[   589] loss=-0.2402 | res=1.53e-05 | grad=1.87e-01 | 1.2s
[   590] loss=-0.2715 | res=3.58e-08 | grad=4.34e-01 | 1.2s
[   591] loss=-0.2518 | res=3.62e-08 | grad=2.68e-01 | 1.2s
[   592] loss=-0.2576 | res=5.95e-08 | grad=3.07e-01 | 1.2s
[   593] loss=-0.2322 | res=3.00e-06 | grad=7.23e-01 | 1.2s
[   594] loss=-0.2507 | res=6.98e-08 | grad=4.34e-01 | 1.2s
[   595] loss=-0.2463 | res=3.74e-05 | grad=4.21e-01 | 1.2s
[   596] loss=-0.2718 | res=4.03e-08 | grad=3.31e-01 | 1.2s
[   597] loss=-0.2446 | res=2.59e-08 | grad=2.37e-01 | 1.2s
[   598] loss=-0.2535 | res=5.77e-05 | grad=2.51e-01 | 1.2s
[   599] loss=-0.2342 | res=4.10e-08 | grad=2.30e-01 | 1.2s
[   600] loss=-0.2755 | res=5.76e-08 | grad=6.94e-01 | 1.2s
[   601] loss=-0.2714 | res=1.52e-06 | grad=5.73e-01 | 1.2s
[   602] loss=-0.2656 | res=4.19e-08 | grad=3.08e-01 | 1.2s
[   603] loss=-0.2307 | res=4.59e-08 | grad=4.80e-01 | 1.2s
[   604] loss=-0.2485 | res=5.94e-08 | grad=4.87e-01 | 1.2s
[   605] loss=-0.2763 | res=1.01e-06 | grad=3.20e-01 | 1.2s
[   606] loss=-0.2336 | res=6.75e-05 | grad=6.08e-01 | 1.2s
[   607] loss=-0.2613 | res=4.89e-08 | grad=3.75e-01 | 1.2s
[   608] loss=-0.2409 | res=4.56e-08 | grad=4.48e-01 | 1.2s
[   609] loss=-0.2636 | res=1.27e-05 | grad=3.48e-01 | 1.2s
[   610] loss=-0.2617 | res=1.45e-06 | grad=3.27e-01 | 1.2s
[   611] loss=-0.2639 | res=5.18e-08 | grad=4.37e-01 | 1.2s
[   612] loss=-0.2298 | res=8.18e-06 | grad=3.63e-01 | 1.2s
[   613] loss=-0.2622 | res=4.69e-08 | grad=3.92e-01 | 1.2s
[   614] loss=-0.2280 | res=4.36e-08 | grad=2.88e-01 | 1.2s
[   615] loss=-0.2516 | res=4.77e-08 | grad=2.76e-01 | 1.2s
[   616] loss=-0.2448 | res=2.80e-08 | grad=3.54e-01 | 1.2s
[   617] loss=-0.2496 | res=4.81e-08 | grad=3.11e-01 | 1.2s
[   618] loss=-0.2572 | res=1.66e-05 | grad=2.58e-01 | 1.2s
[   619] loss=-0.2406 | res=4.58e-08 | grad=2.27e-01 | 1.2s
[   620] loss=-0.2458 | res=3.13e-08 | grad=3.10e-01 | 1.2s
[   621] loss=-0.2493 | res=2.77e-07 | grad=2.96e-01 | 1.2s
[   622] loss=-0.2522 | res=3.98e-08 | grad=2.60e-01 | 1.2s
[   623] loss=-0.2279 | res=2.50e-06 | grad=4.89e-01 | 1.2s
[   624] loss=-0.2377 | res=5.77e-08 | grad=2.74e-01 | 1.2s
[   625] loss=-0.2699 | res=2.99e-08 | grad=6.06e-01 | 1.2s
[   626] loss=-0.2367 | res=7.52e-07 | grad=1.71e-01 | 1.2s
[   627] loss=-0.2485 | res=5.33e-08 | grad=3.86e-01 | 1.2s
[   628] loss=-0.2518 | res=5.76e-06 | grad=3.69e-01 | 1.2s
[   629] loss=-0.2395 | res=3.24e-05 | grad=2.84e-01 | 1.2s
[   630] loss=-0.2555 | res=2.73e-08 | grad=3.24e-01 | 1.2s
[   631] loss=-0.2343 | res=5.75e-08 | grad=4.64e-01 | 1.2s
[   632] loss=-0.2309 | res=4.54e-06 | grad=4.73e-01 | 1.2s
[   633] loss=-0.2500 | res=2.42e-08 | grad=2.71e-01 | 1.2s
[   634] loss=-0.2414 | res=3.55e-05 | grad=2.55e-01 | 1.2s
[   635] loss=-0.2395 | res=7.25e-06 | grad=3.03e-01 | 1.2s
[   636] loss=-0.2522 | res=4.47e-08 | grad=2.96e-01 | 1.2s
[   637] loss=-0.2436 | res=1.05e-05 | grad=3.60e-01 | 1.2s
[   638] loss=-0.2786 | res=3.12e-06 | grad=7.60e-01 | 1.2s
[   639] loss=-0.2674 | res=4.61e-08 | grad=4.93e-01 | 1.2s
[   640] loss=-0.2341 | res=5.90e-08 | grad=5.01e-01 | 1.2s
[   641] loss=-0.2015 | res=3.82e-05 | grad=1.05e+00 | 1.2s
[   642] loss=-0.2610 | res=3.25e-06 | grad=2.33e-01 | 1.2s
[   643] loss=-0.2457 | res=7.05e-08 | grad=3.94e-01 | 1.2s
[   644] loss=-0.2254 | res=4.98e-08 | grad=5.95e-01 | 1.2s
[   645] loss=-0.2483 | res=3.55e-08 | grad=3.92e-01 | 1.2s
[   646] loss=-0.2658 | res=1.80e-06 | grad=5.63e-01 | 1.2s
[   647] loss=-0.2375 | res=4.67e-08 | grad=2.81e-01 | 1.2s
[   648] loss=-0.2313 | res=3.97e-08 | grad=2.41e-01 | 1.2s
[   649] loss=-0.2233 | res=4.96e-08 | grad=3.91e-01 | 1.2s
[   650] loss=-0.2706 | res=4.75e-08 | grad=7.83e-01 | 1.2s
[   651] loss=-0.2707 | res=1.97e-08 | grad=7.05e-01 | 1.2s
[   652] loss=-0.2672 | res=3.84e-08 | grad=4.19e-01 | 1.2s
[   653] loss=-0.2881 | res=2.64e-08 | grad=5.37e-01 | 1.2s
[   654] loss=-0.2405 | res=5.05e-08 | grad=7.43e-01 | 1.2s
[   655] loss=-0.2404 | res=1.24e-04 | grad=8.07e-01 | 1.2s
[   656] loss=-0.2454 | res=3.79e-08 | grad=6.67e-01 | 1.2s
[   657] loss=-0.2336 | res=4.99e-08 | grad=8.60e-01 | 1.2s
[   658] loss=-0.2555 | res=3.56e-08 | grad=2.37e-01 | 1.2s
[   659] loss=-0.2575 | res=1.25e-07 | grad=2.12e-01 | 1.2s
[   660] loss=-0.2471 | res=5.48e-08 | grad=3.68e-01 | 1.2s
[   661] loss=-0.2524 | res=1.73e-05 | grad=6.75e-01 | 1.2s
[   662] loss=-0.2588 | res=2.31e-08 | grad=6.23e-01 | 1.2s
[   663] loss=-0.2515 | res=4.59e-08 | grad=6.13e-01 | 1.2s
[   664] loss=-0.2462 | res=2.23e-06 | grad=4.50e-01 | 1.2s
[   665] loss=-0.2651 | res=4.78e-08 | grad=3.83e-01 | 1.2s
[   666] loss=-0.2390 | res=1.52e-05 | grad=4.79e-01 | 1.2s
[   667] loss=-0.2661 | res=4.10e-08 | grad=2.24e-01 | 1.2s
[   668] loss=-0.2461 | res=2.74e-05 | grad=5.19e-01 | 1.2s
[   669] loss=-0.2837 | res=4.02e-07 | grad=1.56e-01 | 1.2s
[   670] loss=-0.2180 | res=6.01e-08 | grad=1.01e+00 | 1.2s
[   671] loss=-0.2687 | res=3.64e-08 | grad=2.44e-01 | 1.2s
[   672] loss=-0.2573 | res=7.76e-05 | grad=2.61e-01 | 1.2s
[   673] loss=-0.2518 | res=1.55e-07 | grad=2.53e-01 | 1.2s
[   674] loss=-0.2408 | res=4.64e-08 | grad=2.80e-01 | 1.2s
[   675] loss=-0.2674 | res=6.06e-08 | grad=5.44e-01 | 1.2s
[   676] loss=-0.2887 | res=3.29e-08 | grad=8.72e-01 | 1.2s
[   677] loss=-0.2259 | res=1.46e-05 | grad=4.02e-01 | 1.2s
[   678] loss=-0.2346 | res=4.28e-05 | grad=3.49e-01 | 1.2s
[   679] loss=-0.2765 | res=1.07e-05 | grad=4.55e-01 | 1.2s
[   680] loss=-0.2739 | res=3.83e-08 | grad=3.17e-01 | 1.2s
[   681] loss=-0.2458 | res=4.62e-05 | grad=4.44e-01 | 1.2s
[   682] loss=-0.2439 | res=5.39e-06 | grad=5.44e-01 | 1.2s
[   683] loss=-0.2592 | res=2.49e-07 | grad=2.62e-01 | 1.2s
[   684] loss=-0.2495 | res=4.28e-08 | grad=3.27e-01 | 1.2s
[   685] loss=-0.2565 | res=6.62e-07 | grad=2.26e-01 | 1.2s
[   686] loss=-0.2612 | res=7.79e-06 | grad=3.41e-01 | 1.2s
[   687] loss=-0.2200 | res=2.71e-06 | grad=5.79e-01 | 1.2s
[   688] loss=-0.2756 | res=2.57e-06 | grad=6.12e-01 | 1.2s
[   689] loss=-0.2506 | res=8.03e-06 | grad=2.14e-01 | 1.2s
[   690] loss=-0.2561 | res=5.03e-08 | grad=1.88e-01 | 1.2s
[   691] loss=-0.2360 | res=3.05e-06 | grad=3.00e-01 | 1.2s
[   692] loss=-0.2591 | res=3.62e-08 | grad=2.73e-01 | 1.2s
[   693] loss=-0.2192 | res=4.99e-08 | grad=5.54e-01 | 1.2s
[   694] loss=-0.2604 | res=5.81e-08 | grad=3.45e-01 | 1.2s
[   695] loss=-0.2646 | res=2.90e-08 | grad=4.50e-01 | 1.2s
[   696] loss=-0.2691 | res=4.44e-08 | grad=4.10e-01 | 1.2s
[   697] loss=-0.2620 | res=6.67e-08 | grad=2.42e-01 | 1.2s
[   698] loss=-0.2587 | res=3.24e-08 | grad=2.12e-01 | 1.2s
[   699] loss=-0.2471 | res=3.33e-08 | grad=4.52e-01 | 1.2s
[   700] loss=-0.2613 | res=5.44e-08 | grad=2.84e-01 | 1.2s
[   701] loss=-0.2495 | res=1.54e-05 | grad=5.02e-01 | 1.2s
[   702] loss=-0.2350 | res=3.75e-08 | grad=6.70e-01 | 1.2s
[   703] loss=-0.2636 | res=2.91e-08 | grad=4.25e-01 | 1.2s
[   704] loss=-0.2418 | res=2.53e-07 | grad=2.02e-01 | 1.2s
[   705] loss=-0.2479 | res=5.96e-08 | grad=2.31e-01 | 1.2s
[   706] loss=-0.2174 | res=1.36e-05 | grad=3.44e-01 | 1.2s
[   707] loss=-0.2563 | res=2.96e-08 | grad=5.77e-01 | 1.2s
[   708] loss=-0.2437 | res=2.99e-08 | grad=3.66e-01 | 1.2s
[   709] loss=-0.2398 | res=5.36e-08 | grad=2.69e-01 | 1.2s
[   710] loss=-0.2414 | res=1.14e-05 | grad=2.57e-01 | 1.2s
[   711] loss=-0.2306 | res=3.36e-06 | grad=3.61e-01 | 1.2s
[   712] loss=-0.2469 | res=3.44e-08 | grad=2.56e-01 | 1.2s
[   713] loss=-0.2278 | res=4.39e-08 | grad=4.42e-01 | 1.2s
[   714] loss=-0.2321 | res=3.68e-08 | grad=3.56e-01 | 1.2s
[   715] loss=-0.2116 | res=5.15e-06 | grad=5.30e-01 | 1.2s
[   716] loss=-0.2527 | res=4.86e-08 | grad=3.58e-01 | 1.2s
[   717] loss=-0.2435 | res=3.61e-08 | grad=4.35e-01 | 1.2s
[   718] loss=-0.2608 | res=5.55e-08 | grad=6.02e-01 | 1.2s
[   719] loss=-0.2542 | res=9.51e-06 | grad=4.38e-01 | 1.2s
[   720] loss=-0.2591 | res=3.92e-08 | grad=2.83e-01 | 1.2s
[   721] loss=-0.2642 | res=5.79e-08 | grad=3.96e-01 | 1.2s
[   722] loss=-0.2848 | res=5.98e-08 | grad=3.32e-01 | 1.2s
[   723] loss=-0.2345 | res=5.81e-05 | grad=9.42e-01 | 1.2s
[   724] loss=-0.2352 | res=3.48e-05 | grad=8.17e-01 | 1.2s
[   725] loss=-0.2435 | res=5.00e-08 | grad=5.90e-01 | 1.2s
[   726] loss=-0.2642 | res=2.87e-05 | grad=3.27e-01 | 1.2s
[   727] loss=-0.2534 | res=4.29e-08 | grad=2.61e-01 | 1.2s
[   728] loss=-0.2263 | res=4.56e-08 | grad=4.04e-01 | 1.2s
[   729] loss=-0.2553 | res=5.33e-08 | grad=4.90e-01 | 1.2s
[   730] loss=-0.2693 | res=2.29e-05 | grad=7.93e-01 | 1.2s
[   731] loss=-0.2451 | res=1.96e-05 | grad=4.77e-01 | 1.2s
[   732] loss=-0.2390 | res=4.22e-06 | grad=2.57e-01 | 1.2s
[   733] loss=-0.2448 | res=3.86e-05 | grad=3.61e-01 | 1.2s
[   734] loss=-0.2325 | res=3.86e-08 | grad=2.95e-01 | 1.2s
[   735] loss=-0.2252 | res=3.17e-08 | grad=5.47e-01 | 1.2s
[   736] loss=-0.2391 | res=3.31e-08 | grad=3.78e-01 | 1.2s
[   737] loss=-0.2476 | res=3.74e-08 | grad=2.26e-01 | 1.2s
[   738] loss=-0.2207 | res=1.16e-05 | grad=4.59e-01 | 1.2s
[   739] loss=-0.2288 | res=3.77e-08 | grad=2.09e-01 | 1.2s
[   740] loss=-0.2491 | res=4.73e-08 | grad=2.40e-01 | 1.2s
[   741] loss=-0.2358 | res=5.51e-08 | grad=2.29e-01 | 1.2s
[   742] loss=-0.2296 | res=3.73e-08 | grad=2.78e-01 | 1.2s
[   743] loss=-0.2483 | res=2.25e-08 | grad=4.97e-01 | 1.2s
[   744] loss=-0.2543 | res=1.82e-05 | grad=4.57e-01 | 1.2s
[   745] loss=-0.2718 | res=3.85e-08 | grad=6.05e-01 | 1.2s
[   746] loss=-0.2542 | res=4.66e-08 | grad=2.29e-01 | 1.2s
[   747] loss=-0.2172 | res=4.98e-08 | grad=7.79e-01 | 1.2s
[   748] loss=-0.2652 | res=2.08e-08 | grad=3.04e-01 | 1.2s
[   749] loss=-0.2681 | res=4.91e-08 | grad=2.75e-01 | 1.2s
[   750] loss=-0.1962 | res=5.58e-08 | grad=1.28e+00 | 1.2s
[   751] loss=-0.2182 | res=3.94e-08 | grad=7.03e-01 | 1.2s
[   752] loss=-0.2549 | res=5.97e-05 | grad=3.08e-01 | 1.2s
[   753] loss=-0.2193 | res=1.65e-05 | grad=3.17e-01 | 1.2s
[   754] loss=-0.2379 | res=4.64e-08 | grad=3.93e-01 | 1.2s
[   755] loss=-0.2008 | res=9.29e-06 | grad=2.93e-01 | 1.2s
[   756] loss=-0.2389 | res=3.10e-08 | grad=7.47e-01 | 1.2s
[   757] loss=-0.2383 | res=4.59e-08 | grad=8.84e-01 | 1.2s
[   758] loss=-0.2437 | res=2.59e-08 | grad=7.16e-01 | 1.2s
[   759] loss=-0.2583 | res=4.32e-08 | grad=6.21e-01 | 1.2s
[   760] loss=-0.2248 | res=1.02e-05 | grad=4.22e-01 | 1.2s
[   761] loss=-0.2468 | res=4.75e-08 | grad=4.20e-01 | 1.2s
[   762] loss=-0.2602 | res=5.34e-08 | grad=1.96e-01 | 1.2s
[   763] loss=-0.2764 | res=5.44e-05 | grad=2.76e-01 | 1.2s
[   764] loss=-0.2427 | res=4.30e-08 | grad=5.66e-01 | 1.2s
[   765] loss=-0.2308 | res=4.68e-08 | grad=9.34e-01 | 1.2s
[   766] loss=-0.2478 | res=6.02e-08 | grad=3.22e-01 | 1.2s
[   767] loss=-0.2170 | res=4.29e-06 | grad=4.82e-01 | 1.2s
[   768] loss=-0.2280 | res=1.22e-05 | grad=3.15e-01 | 1.2s
[   769] loss=-0.2707 | res=4.49e-07 | grad=9.99e-01 | 1.2s
[   770] loss=-0.2732 | res=3.82e-08 | grad=1.13e+00 | 1.2s
[   771] loss=-0.2601 | res=5.82e-08 | grad=7.06e-01 | 1.2s
[   772] loss=-0.2521 | res=2.86e-08 | grad=3.28e-01 | 1.2s
[   773] loss=-0.2526 | res=1.16e-06 | grad=1.57e-01 | 1.2s
[   774] loss=-0.2725 | res=9.97e-06 | grad=1.96e-01 | 1.2s
[   775] loss=-0.2608 | res=4.83e-08 | grad=4.26e-01 | 1.2s
[   776] loss=-0.2116 | res=2.14e-06 | grad=1.18e+00 | 1.2s
[   777] loss=-0.2541 | res=5.08e-08 | grad=5.28e-01 | 1.2s
[   778] loss=-0.2283 | res=4.04e-08 | grad=7.89e-01 | 1.2s
[   779] loss=-0.2231 | res=3.71e-08 | grad=5.22e-01 | 1.2s
[   780] loss=-0.2683 | res=5.55e-08 | grad=6.00e-01 | 1.2s
[   781] loss=-0.2527 | res=4.70e-08 | grad=6.22e-01 | 1.2s
[   782] loss=-0.2434 | res=3.16e-08 | grad=6.22e-01 | 1.2s
[   783] loss=-0.2595 | res=2.96e-08 | grad=7.76e-01 | 1.2s
[   784] loss=-0.2790 | res=2.46e-08 | grad=1.03e+00 | 1.2s
[   785] loss=-0.2306 | res=5.02e-08 | grad=3.30e-01 | 1.2s
[   786] loss=-0.2360 | res=2.12e-06 | grad=3.37e-01 | 1.2s
[   787] loss=-0.2402 | res=9.41e-06 | grad=5.78e-01 | 1.2s
[   788] loss=-0.2437 | res=8.50e-06 | grad=5.88e-01 | 1.2s
[   789] loss=-0.2804 | res=5.48e-08 | grad=2.44e-01 | 1.2s
[   790] loss=-0.2591 | res=5.06e-06 | grad=2.60e-01 | 1.2s
[   791] loss=-0.2261 | res=5.30e-08 | grad=6.00e-01 | 1.2s
[   792] loss=-0.2629 | res=4.80e-08 | grad=2.48e-01 | 1.2s
[   793] loss=-0.2530 | res=5.10e-08 | grad=2.39e-01 | 1.2s
[   794] loss=-0.2868 | res=4.05e-08 | grad=7.83e-01 | 1.2s
[   795] loss=-0.2226 | res=5.67e-08 | grad=6.00e-01 | 1.2s
[   796] loss=-0.2531 | res=3.30e-08 | grad=3.09e-01 | 1.2s
[   797] loss=-0.2833 | res=1.77e-05 | grad=6.89e-01 | 1.2s
[   798] loss=-0.2645 | res=5.20e-08 | grad=2.89e-01 | 1.2s
[   799] loss=-0.2561 | res=4.62e-08 | grad=1.90e-01 | 1.2s
[   800] loss=-0.2832 | res=9.79e-06 | grad=3.31e-01 | 1.2s
[   801] loss=-0.2752 | res=4.47e-08 | grad=1.72e-01 | 1.2s
[   802] loss=-0.2513 | res=4.92e-08 | grad=5.76e-01 | 1.2s
[   803] loss=-0.2507 | res=4.23e-08 | grad=5.85e-01 | 1.2s
[   804] loss=-0.2265 | res=4.30e-08 | grad=9.23e-01 | 1.2s
[   805] loss=-0.2411 | res=4.58e-05 | grad=4.56e-01 | 1.2s
[   806] loss=-0.2181 | res=1.15e-07 | grad=5.04e-01 | 1.2s
[   807] loss=-0.2313 | res=3.45e-08 | grad=2.09e-01 | 1.2s
[   808] loss=-0.2455 | res=2.20e-08 | grad=6.10e-01 | 1.2s
[   809] loss=-0.2817 | res=3.44e-06 | grad=1.41e+00 | 1.2s
[   810] loss=-0.2297 | res=3.62e-08 | grad=3.67e-01 | 1.2s
[   811] loss=-0.2335 | res=4.86e-08 | grad=3.56e-01 | 1.2s
[   812] loss=-0.2530 | res=1.55e-06 | grad=4.88e-01 | 1.2s
[   813] loss=-0.2306 | res=3.30e-08 | grad=2.32e-01 | 1.2s
[   814] loss=-0.2388 | res=1.82e-05 | grad=2.83e-01 | 1.2s
[   815] loss=-0.2378 | res=4.79e-08 | grad=3.97e-01 | 1.2s
[   816] loss=-0.2506 | res=5.96e-08 | grad=3.36e-01 | 1.2s
[   817] loss=-0.2363 | res=7.62e-08 | grad=5.85e-01 | 1.2s
[   818] loss=-0.2425 | res=6.43e-08 | grad=3.77e-01 | 1.2s
[   819] loss=-0.2568 | res=4.29e-08 | grad=1.79e-01 | 1.2s
[   820] loss=-0.2515 | res=1.62e-06 | grad=2.34e-01 | 1.2s
[   821] loss=-0.2522 | res=9.35e-07 | grad=2.15e-01 | 1.2s
[   822] loss=-0.2596 | res=4.15e-08 | grad=3.81e-01 | 1.2s
[   823] loss=-0.2441 | res=4.17e-08 | grad=1.61e-01 | 1.2s
[   824] loss=-0.2622 | res=4.30e-08 | grad=4.60e-01 | 1.2s
[   825] loss=-0.2385 | res=1.11e-05 | grad=2.73e-01 | 1.2s
[   826] loss=-0.2472 | res=7.43e-08 | grad=2.51e-01 | 1.2s
[   827] loss=-0.2487 | res=5.57e-08 | grad=2.20e-01 | 1.2s
[   828] loss=-0.2369 | res=4.07e-08 | grad=3.22e-01 | 1.2s
[   829] loss=-0.2377 | res=1.84e-05 | grad=4.43e-01 | 1.2s
[   830] loss=-0.2904 | res=3.95e-08 | grad=6.70e-01 | 1.2s
[   831] loss=-0.2502 | res=5.00e-08 | grad=3.50e-01 | 1.2s
[   832] loss=-0.2527 | res=5.87e-07 | grad=2.21e-01 | 1.2s
[   833] loss=-0.2251 | res=3.80e-08 | grad=5.28e-01 | 1.2s
[   834] loss=-0.2309 | res=1.23e-07 | grad=4.29e-01 | 1.2s
[   835] loss=-0.2567 | res=2.17e-05 | grad=3.39e-01 | 1.2s
[   836] loss=-0.2655 | res=7.10e-08 | grad=5.97e-01 | 1.2s
[   837] loss=-0.2538 | res=6.11e-08 | grad=3.84e-01 | 1.2s
[   838] loss=-0.2608 | res=4.47e-08 | grad=3.77e-01 | 1.2s
[   839] loss=-0.2286 | res=4.49e-08 | grad=5.69e-01 | 1.2s
[   840] loss=-0.2412 | res=8.03e-05 | grad=3.90e-01 | 1.2s
[   841] loss=-0.2697 | res=9.49e-06 | grad=4.03e-01 | 1.2s
[   842] loss=-0.2343 | res=4.31e-08 | grad=3.72e-01 | 1.2s
[   843] loss=-0.2835 | res=5.22e-08 | grad=5.26e-01 | 1.2s
[   844] loss=-0.2349 | res=3.71e-05 | grad=4.94e-01 | 1.2s
[   845] loss=-0.2129 | res=3.69e-05 | grad=6.85e-01 | 1.2s
[   846] loss=-0.2783 | res=6.31e-08 | grad=5.42e-01 | 1.2s
[   847] loss=-0.2698 | res=5.66e-08 | grad=4.29e-01 | 1.2s
[   848] loss=-0.2708 | res=5.24e-08 | grad=3.67e-01 | 1.2s
[   849] loss=-0.2525 | res=5.04e-05 | grad=2.36e-01 | 1.2s
[   850] loss=-0.2597 | res=3.54e-08 | grad=2.07e-01 | 1.2s
[   851] loss=-0.2364 | res=3.28e-08 | grad=4.97e-01 | 1.2s
[   852] loss=-0.2768 | res=2.39e-05 | grad=1.88e-01 | 1.2s
[   853] loss=-0.2595 | res=2.84e-06 | grad=2.38e-01 | 1.2s
[   854] loss=-0.2535 | res=4.10e-08 | grad=2.98e-01 | 1.2s
[   855] loss=-0.2395 | res=5.42e-08 | grad=3.67e-01 | 1.2s
[   856] loss=-0.2327 | res=1.63e-06 | grad=3.49e-01 | 1.2s
[   857] loss=-0.2474 | res=1.63e-07 | grad=2.16e-01 | 1.2s
[   858] loss=-0.2596 | res=3.22e-08 | grad=4.82e-01 | 1.2s
[   859] loss=-0.2704 | res=3.94e-08 | grad=7.44e-01 | 1.2s
[   860] loss=-0.2457 | res=1.02e-05 | grad=1.63e-01 | 1.2s
[   861] loss=-0.2268 | res=4.52e-08 | grad=3.58e-01 | 1.2s
[   862] loss=-0.2538 | res=3.97e-08 | grad=2.26e-01 | 1.2s
[   863] loss=-0.2372 | res=1.66e-05 | grad=4.49e-01 | 1.2s
[   864] loss=-0.2245 | res=5.67e-08 | grad=5.29e-01 | 1.2s
[   865] loss=-0.2426 | res=1.90e-06 | grad=2.07e-01 | 1.2s
[   866] loss=-0.2232 | res=5.43e-08 | grad=2.89e-01 | 1.2s
[   867] loss=-0.2388 | res=6.25e-08 | grad=2.96e-01 | 1.2s
[   868] loss=-0.2309 | res=6.62e-06 | grad=2.87e-01 | 1.2s
[   869] loss=-0.2627 | res=3.12e-08 | grad=7.75e-01 | 1.2s
[   870] loss=-0.2602 | res=4.73e-06 | grad=5.51e-01 | 1.2s
[   871] loss=-0.2692 | res=4.96e-08 | grad=6.18e-01 | 1.2s
[   872] loss=-0.2591 | res=4.54e-08 | grad=2.53e-01 | 1.2s
[   873] loss=-0.2383 | res=7.11e-06 | grad=5.45e-01 | 1.2s
[   874] loss=-0.2571 | res=7.81e-07 | grad=3.70e-01 | 1.2s
[   875] loss=-0.2504 | res=4.67e-08 | grad=6.14e-01 | 1.2s
[   876] loss=-0.2354 | res=5.35e-08 | grad=6.92e-01 | 1.2s
[   877] loss=-0.2140 | res=5.44e-08 | grad=9.35e-01 | 1.2s
[   878] loss=-0.2608 | res=3.63e-05 | grad=2.74e-01 | 1.2s
[   879] loss=-0.2563 | res=4.07e-08 | grad=4.35e-01 | 1.2s
[   880] loss=-0.2810 | res=2.48e-05 | grad=1.00e+00 | 1.2s
[   881] loss=-0.2278 | res=4.68e-08 | grad=1.39e-01 | 1.2s
[   882] loss=-0.2455 | res=3.69e-08 | grad=3.26e-01 | 1.2s
[   883] loss=-0.2508 | res=4.06e-08 | grad=2.80e-01 | 1.2s
[   884] loss=-0.2438 | res=4.72e-08 | grad=2.28e-01 | 1.2s
[   885] loss=-0.2491 | res=4.16e-07 | grad=2.73e-01 | 1.2s
[   886] loss=-0.2358 | res=1.51e-05 | grad=3.88e-01 | 1.2s
[   887] loss=-0.2532 | res=5.93e-08 | grad=2.43e-01 | 1.2s
[   888] loss=-0.2309 | res=2.59e-05 | grad=3.97e-01 | 1.2s
[   889] loss=-0.2178 | res=3.65e-08 | grad=4.99e-01 | 1.2s
[   890] loss=-0.2505 | res=5.27e-08 | grad=2.91e-01 | 1.2s
[   891] loss=-0.2254 | res=4.88e-05 | grad=2.14e-01 | 1.2s
[   892] loss=-0.2536 | res=3.65e-08 | grad=4.62e-01 | 1.2s
[   893] loss=-0.2971 | res=3.75e-08 | grad=1.10e+00 | 1.2s
[   894] loss=-0.2468 | res=2.18e-06 | grad=2.68e-01 | 1.2s
[   895] loss=-0.2462 | res=4.91e-06 | grad=2.93e-01 | 1.2s
[   896] loss=-0.2509 | res=3.46e-08 | grad=3.27e-01 | 1.2s
[   897] loss=-0.2469 | res=4.67e-08 | grad=3.74e-01 | 1.2s
[   898] loss=-0.2420 | res=1.84e-06 | grad=4.85e-01 | 1.2s
[   899] loss=-0.2216 | res=3.73e-08 | grad=7.12e-01 | 1.2s
[   900] loss=-0.2773 | res=1.97e-06 | grad=3.85e-01 | 1.2s
[   901] loss=-0.2671 | res=1.92e-05 | grad=3.75e-01 | 1.2s
[   902] loss=-0.2673 | res=7.50e-07 | grad=4.05e-01 | 1.2s
[   903] loss=-0.2496 | res=2.93e-06 | grad=1.84e-01 | 1.2s
[   904] loss=-0.2179 | res=6.97e-08 | grad=7.46e-01 | 1.2s
[   905] loss=-0.2545 | res=3.85e-08 | grad=2.44e-01 | 1.2s
[   906] loss=-0.2378 | res=4.10e-08 | grad=2.14e-01 | 1.2s
[   907] loss=-0.2466 | res=3.10e-08 | grad=2.34e-01 | 1.2s
[   908] loss=-0.2591 | res=2.71e-08 | grad=2.61e-01 | 1.2s
[   909] loss=-0.2495 | res=6.71e-08 | grad=2.52e-01 | 1.2s
[   910] loss=-0.2414 | res=2.77e-08 | grad=2.29e-01 | 1.2s
[   911] loss=-0.2479 | res=3.16e-08 | grad=2.64e-01 | 1.2s
[   912] loss=-0.2535 | res=4.53e-08 | grad=2.36e-01 | 1.2s
[   913] loss=-0.2302 | res=4.59e-08 | grad=2.70e-01 | 1.2s
[   914] loss=-0.2400 | res=4.16e-08 | grad=2.18e-01 | 1.2s
[   915] loss=-0.2116 | res=6.32e-08 | grad=6.69e-01 | 1.2s
[   916] loss=-0.2660 | res=5.06e-08 | grad=4.32e-01 | 1.2s
[   917] loss=-0.2352 | res=3.97e-08 | grad=1.69e-01 | 1.2s
[   918] loss=-0.2362 | res=6.76e-06 | grad=1.87e-01 | 1.2s
[   919] loss=-0.2407 | res=5.18e-08 | grad=2.23e-01 | 1.2s
[   920] loss=-0.2424 | res=3.30e-08 | grad=3.06e-01 | 1.2s
[   921] loss=-0.2388 | res=8.15e-06 | grad=1.78e-01 | 1.2s
[   922] loss=-0.2683 | res=3.47e-08 | grad=6.15e-01 | 1.2s
[   923] loss=-0.2808 | res=2.03e-05 | grad=5.15e-01 | 1.2s
[   924] loss=-0.2556 | res=4.08e-08 | grad=1.76e-01 | 1.2s
[   925] loss=-0.2231 | res=4.79e-07 | grad=9.07e-01 | 1.2s
[   926] loss=-0.2677 | res=1.34e-05 | grad=2.17e-01 | 1.2s
[   927] loss=-0.2331 | res=1.52e-06 | grad=7.21e-01 | 1.2s
[   928] loss=-0.2247 | res=4.65e-08 | grad=5.42e-01 | 1.2s
[   929] loss=-0.2674 | res=4.40e-08 | grad=2.56e-01 | 1.2s
[   930] loss=-0.2518 | res=3.75e-08 | grad=3.40e-01 | 1.2s
[   931] loss=-0.2445 | res=4.71e-08 | grad=2.64e-01 | 1.2s
[   932] loss=-0.2672 | res=4.51e-08 | grad=6.22e-01 | 1.2s
[   933] loss=-0.2391 | res=4.57e-08 | grad=1.86e-01 | 1.2s
[   934] loss=-0.2702 | res=3.73e-08 | grad=6.60e-01 | 1.2s
[   935] loss=-0.2683 | res=3.75e-08 | grad=2.92e-01 | 1.2s
[   936] loss=-0.2510 | res=1.23e-05 | grad=2.34e-01 | 1.2s
[   937] loss=-0.2400 | res=3.32e-08 | grad=6.62e-01 | 1.2s
[   938] loss=-0.2292 | res=4.75e-05 | grad=8.12e-01 | 1.2s
[   939] loss=-0.2243 | res=4.97e-08 | grad=7.08e-01 | 1.2s
[   940] loss=-0.2572 | res=6.23e-08 | grad=2.08e-01 | 1.2s
[   941] loss=-0.2159 | res=2.07e-05 | grad=5.20e-01 | 1.2s
[   942] loss=-0.2413 | res=5.36e-08 | grad=3.42e-01 | 1.2s
[   943] loss=-0.2282 | res=6.18e-07 | grad=2.23e-01 | 1.2s
[   944] loss=-0.2239 | res=3.41e-08 | grad=4.95e-01 | 1.2s
[   945] loss=-0.2526 | res=3.15e-05 | grad=1.03e+00 | 1.2s
[   946] loss=-0.2326 | res=4.95e-08 | grad=6.10e-01 | 1.2s
[   947] loss=-0.2636 | res=5.35e-08 | grad=8.19e-01 | 1.2s
[   948] loss=-0.2824 | res=2.83e-08 | grad=6.64e-01 | 1.2s
[   949] loss=-0.2828 | res=4.99e-08 | grad=2.50e-01 | 1.2s
[   950] loss=-0.2568 | res=1.94e-06 | grad=7.69e-01 | 1.2s
[   951] loss=-0.2277 | res=1.25e-05 | grad=1.22e+00 | 1.2s
[   952] loss=-0.2382 | res=5.27e-08 | grad=1.09e+00 | 1.2s
[   953] loss=-0.2876 | res=4.33e-08 | grad=2.17e-01 | 1.2s
[   954] loss=-0.2369 | res=1.71e-05 | grad=6.90e-01 | 1.2s
[   955] loss=-0.2463 | res=5.37e-08 | grad=3.46e-01 | 1.2s
[   956] loss=-0.2315 | res=2.72e-06 | grad=2.37e-01 | 1.2s
[   957] loss=-0.2339 | res=1.30e-05 | grad=2.64e-01 | 1.2s
[   958] loss=-0.2421 | res=3.87e-08 | grad=6.57e-01 | 1.2s
[   959] loss=-0.2677 | res=3.34e-08 | grad=1.17e+00 | 1.2s
[   960] loss=-0.2597 | res=4.94e-06 | grad=9.42e-01 | 1.2s
[   961] loss=-0.2658 | res=5.72e-06 | grad=7.21e-01 | 1.2s
[   962] loss=-0.2823 | res=7.38e-06 | grad=4.23e-01 | 1.2s
[   963] loss=-0.2167 | res=5.52e-08 | grad=8.62e-01 | 1.2s
[   964] loss=-0.2550 | res=6.48e-08 | grad=6.24e-01 | 1.2s
[   965] loss=-0.2632 | res=4.89e-08 | grad=4.97e-01 | 1.2s
[   966] loss=-0.2321 | res=2.78e-08 | grad=9.06e-01 | 1.2s
[   967] loss=-0.2227 | res=7.12e-08 | grad=8.98e-01 | 1.2s
[   968] loss=-0.2818 | res=2.80e-05 | grad=3.77e-01 | 1.2s
[   969] loss=-0.2300 | res=3.04e-08 | grad=3.87e-01 | 1.2s
[   970] loss=-0.2321 | res=2.41e-05 | grad=2.54e-01 | 1.2s
[   971] loss=-0.2245 | res=5.24e-06 | grad=3.24e-01 | 1.2s
[   972] loss=-0.2440 | res=5.65e-05 | grad=6.63e-01 | 1.2s
[   973] loss=-0.2295 | res=3.80e-08 | grad=4.65e-01 | 1.2s
[   974] loss=-0.2615 | res=5.71e-08 | grad=9.07e-01 | 1.2s
[   975] loss=-0.2509 | res=4.46e-08 | grad=4.76e-01 | 1.2s
[   976] loss=-0.2496 | res=8.73e-06 | grad=3.20e-01 | 1.2s
[   977] loss=-0.2562 | res=2.85e-05 | grad=1.72e-01 | 1.2s
[   978] loss=-0.2281 | res=1.32e-05 | grad=5.81e-01 | 1.2s
[   979] loss=-0.2498 | res=1.24e-05 | grad=3.91e-01 | 1.2s
[   980] loss=-0.2248 | res=1.68e-05 | grad=5.54e-01 | 1.2s
[   981] loss=-0.2102 | res=3.09e-05 | grad=9.42e-01 | 1.2s
[   982] loss=-0.2280 | res=7.40e-05 | grad=5.45e-01 | 1.2s
[   983] loss=-0.2493 | res=4.01e-08 | grad=1.84e-01 | 1.2s
[   984] loss=-0.2768 | res=2.85e-08 | grad=8.45e-01 | 1.2s
[   985] loss=-0.2649 | res=3.44e-08 | grad=7.28e-01 | 1.2s
[   986] loss=-0.2425 | res=3.06e-08 | grad=4.30e-01 | 1.2s
[   987] loss=-0.2500 | res=2.18e-08 | grad=3.62e-01 | 1.2s
[   988] loss=-0.2634 | res=6.58e-06 | grad=3.80e-01 | 1.2s
[   989] loss=-0.2534 | res=1.44e-05 | grad=1.95e-01 | 1.2s
[   990] loss=-0.2378 | res=6.49e-08 | grad=5.25e-01 | 1.2s
[   991] loss=-0.2729 | res=5.02e-08 | grad=2.31e-01 | 1.2s
[   992] loss=-0.2618 | res=5.41e-08 | grad=2.51e-01 | 1.2s
[   993] loss=-0.2332 | res=5.27e-08 | grad=8.10e-01 | 1.2s
[   994] loss=-0.2348 | res=4.79e-05 | grad=5.70e-01 | 1.2s
[   995] loss=-0.2359 | res=5.75e-08 | grad=3.70e-01 | 1.2s
[   996] loss=-0.2644 | res=3.71e-08 | grad=4.45e-01 | 1.2s
[   997] loss=-0.2328 | res=8.28e-08 | grad=1.89e-01 | 1.2s
[   998] loss=-0.2151 | res=4.61e-08 | grad=2.79e-01 | 1.2s
[   999] loss=-0.2536 | res=8.70e-07 | grad=6.01e-01 | 1.2s
[  1000] loss=-0.2453 | res=4.86e-08 | grad=5.10e-01 | 1.2s
  KL = 0.0330 +/- 0.0032  |  ESS = 968.2 (ratio: 0.946)
  Runtime = 1214.6s

[Ours] Training on S10...
/home/sjbhatt/anaconda3/envs/rcpms-jax/lib/python3.10/site-packages/jax/_src/ops/scatter.py:92: FutureWarning: scatter inputs have incompatible types: cannot safely cast value from dtype=int64 to dtype=int32 with jax_numpy_dtype_promotion='standard'. In future JAX releases this will result in an error.
  warnings.warn(
/home/sjbhatt/anaconda3/envs/rcpms-jax/lib/python3.10/site-packages/jax/_src/ops/scatter.py:92: FutureWarning: scatter inputs have incompatible types: cannot safely cast value from dtype=int64 to dtype=int32 with jax_numpy_dtype_promotion='standard'. In future JAX releases this will result in an error.
  warnings.warn(
[     1] loss=0.0803 | res=3.44e-08 | grad=4.28e+00 | 6.3s
[     2] loss=-0.0054 | res=4.57e-08 | grad=3.60e+00 | 1.2s
[     3] loss=-0.0512 | res=4.10e-08 | grad=2.56e+00 | 1.2s
[     4] loss=-0.1297 | res=3.96e-08 | grad=2.22e+00 | 1.2s
[     5] loss=-0.1527 | res=1.48e-07 | grad=1.86e+00 | 1.2s
[     6] loss=-0.1677 | res=8.07e-08 | grad=1.27e+00 | 1.2s
[     7] loss=-0.1925 | res=3.54e-05 | grad=1.17e+00 | 1.2s
[     8] loss=-0.1788 | res=4.86e-05 | grad=1.04e+00 | 1.2s
[     9] loss=-0.1936 | res=2.22e-06 | grad=1.33e+00 | 1.2s
[    10] loss=-0.1937 | res=1.17e-07 | grad=1.27e+00 | 1.2s
[    11] loss=-0.1659 | res=4.13e-06 | grad=1.53e+00 | 1.2s
[    12] loss=-0.2168 | res=7.28e-08 | grad=1.21e+00 | 1.2s
[    13] loss=-0.1921 | res=7.95e-07 | grad=1.26e+00 | 1.2s
[    14] loss=-0.1853 | res=9.25e-05 | grad=1.23e+00 | 1.2s
[    15] loss=-0.2047 | res=6.60e-08 | grad=1.05e+00 | 1.2s
[    16] loss=-0.1794 | res=7.43e-08 | grad=1.11e+00 | 1.2s
[    17] loss=-0.1755 | res=1.74e-05 | grad=8.76e-01 | 1.2s
[    18] loss=-0.2088 | res=6.28e-08 | grad=8.70e-01 | 1.2s
[    19] loss=-0.1825 | res=4.96e-06 | grad=6.79e-01 | 1.2s
[    20] loss=-0.1930 | res=4.24e-05 | grad=7.34e-01 | 1.2s
[    21] loss=-0.1860 | res=6.71e-08 | grad=8.44e-01 | 1.2s
[    22] loss=-0.1929 | res=7.07e-05 | grad=7.32e-01 | 1.2s
[    23] loss=-0.1990 | res=6.26e-08 | grad=6.63e-01 | 1.2s
[    24] loss=-0.2007 | res=8.75e-08 | grad=8.43e-01 | 1.2s
[    25] loss=-0.2092 | res=1.79e-05 | grad=9.51e-01 | 1.2s
[    26] loss=-0.1981 | res=5.19e-08 | grad=7.23e-01 | 1.2s
[    27] loss=-0.1945 | res=1.89e-05 | grad=7.62e-01 | 1.2s
[    28] loss=-0.2229 | res=1.81e-05 | grad=7.50e-01 | 1.2s
[    29] loss=-0.2261 | res=5.54e-08 | grad=9.65e-01 | 1.2s
[    30] loss=-0.2225 | res=1.34e-05 | grad=8.06e-01 | 1.2s
[    31] loss=-0.2163 | res=5.54e-05 | grad=4.53e-01 | 1.2s
[    32] loss=-0.1983 | res=8.54e-08 | grad=5.76e-01 | 1.2s
[    33] loss=-0.1857 | res=8.91e-08 | grad=8.44e-01 | 1.2s
[    34] loss=-0.2403 | res=3.06e-07 | grad=5.54e-01 | 1.2s
[    35] loss=-0.2049 | res=8.29e-08 | grad=8.10e-01 | 1.2s
[    36] loss=-0.2217 | res=7.91e-08 | grad=8.47e-01 | 1.2s
[    37] loss=-0.1939 | res=4.88e-05 | grad=8.02e-01 | 1.2s
[    38] loss=-0.2331 | res=5.21e-05 | grad=5.77e-01 | 1.2s
[    39] loss=-0.2284 | res=1.68e-06 | grad=4.25e-01 | 1.2s
[    40] loss=-0.2237 | res=6.17e-08 | grad=7.62e-01 | 1.2s
[    41] loss=-0.2040 | res=1.17e-05 | grad=5.24e-01 | 1.2s
[    42] loss=-0.2122 | res=7.09e-08 | grad=6.11e-01 | 1.2s
[    43] loss=-0.2185 | res=7.58e-08 | grad=7.03e-01 | 1.2s
[    44] loss=-0.2259 | res=6.53e-08 | grad=5.17e-01 | 1.2s
[    45] loss=-0.2140 | res=5.66e-08 | grad=5.49e-01 | 1.2s
[    46] loss=-0.2169 | res=7.44e-08 | grad=5.65e-01 | 1.2s
[    47] loss=-0.2147 | res=5.82e-08 | grad=7.34e-01 | 1.2s
[    48] loss=-0.2008 | res=8.81e-08 | grad=6.79e-01 | 1.2s
[    49] loss=-0.1880 | res=3.85e-08 | grad=5.14e-01 | 1.2s
[    50] loss=-0.2121 | res=7.05e-08 | grad=5.69e-01 | 1.2s
[    51] loss=-0.2121 | res=6.75e-08 | grad=5.43e-01 | 1.2s
[    52] loss=-0.2050 | res=2.33e-07 | grad=5.12e-01 | 1.2s
[    53] loss=-0.2115 | res=5.23e-05 | grad=7.03e-01 | 1.2s
[    54] loss=-0.1917 | res=8.42e-08 | grad=7.39e-01 | 1.2s
[    55] loss=-0.2140 | res=4.89e-08 | grad=4.99e-01 | 1.2s
[    56] loss=-0.2249 | res=2.84e-06 | grad=4.87e-01 | 1.2s
[    57] loss=-0.1900 | res=6.70e-08 | grad=6.48e-01 | 1.2s
[    58] loss=-0.2161 | res=2.25e-05 | grad=6.55e-01 | 1.2s
[    59] loss=-0.2195 | res=6.73e-08 | grad=6.18e-01 | 1.2s
[    60] loss=-0.2259 | res=5.59e-08 | grad=8.48e-01 | 1.2s
[    61] loss=-0.2120 | res=6.37e-06 | grad=7.51e-01 | 1.2s
[    62] loss=-0.1940 | res=6.07e-08 | grad=5.58e-01 | 1.2s
[    63] loss=-0.2050 | res=7.35e-08 | grad=5.30e-01 | 1.2s
[    64] loss=-0.2173 | res=3.76e-06 | grad=4.47e-01 | 1.2s
[    65] loss=-0.1972 | res=5.80e-07 | grad=8.22e-01 | 1.2s
[    66] loss=-0.2037 | res=6.61e-08 | grad=4.96e-01 | 1.2s
[    67] loss=-0.2164 | res=2.17e-05 | grad=6.33e-01 | 1.2s
[    68] loss=-0.2180 | res=6.61e-05 | grad=4.07e-01 | 1.2s
[    69] loss=-0.2342 | res=7.24e-08 | grad=6.19e-01 | 1.2s
[    70] loss=-0.2152 | res=4.30e-08 | grad=5.38e-01 | 1.2s
[    71] loss=-0.2168 | res=6.87e-08 | grad=7.86e-01 | 1.2s
[    72] loss=-0.2243 | res=8.06e-08 | grad=7.87e-01 | 1.2s
[    73] loss=-0.2013 | res=4.80e-08 | grad=4.89e-01 | 1.2s
[    74] loss=-0.2262 | res=5.38e-08 | grad=6.08e-01 | 1.2s
[    75] loss=-0.2264 | res=6.64e-08 | grad=6.65e-01 | 1.2s
[    76] loss=-0.2260 | res=1.21e-06 | grad=6.45e-01 | 1.2s
[    77] loss=-0.2551 | res=4.15e-05 | grad=7.63e-01 | 1.2s
[    78] loss=-0.1845 | res=3.01e-05 | grad=7.91e-01 | 1.2s
[    79] loss=-0.1827 | res=6.36e-08 | grad=9.06e-01 | 1.2s
[    80] loss=-0.2334 | res=9.13e-07 | grad=4.09e-01 | 1.2s
[    81] loss=-0.1985 | res=4.28e-05 | grad=6.72e-01 | 1.2s
[    82] loss=-0.2500 | res=4.08e-08 | grad=7.95e-01 | 1.2s
[    83] loss=-0.2042 | res=7.48e-08 | grad=6.14e-01 | 1.2s
[    84] loss=-0.2392 | res=1.92e-06 | grad=6.50e-01 | 1.2s
[    85] loss=-0.1706 | res=4.16e-05 | grad=8.18e-01 | 1.2s
[    86] loss=-0.2199 | res=7.87e-08 | grad=6.41e-01 | 1.2s
[    87] loss=-0.2027 | res=4.55e-06 | grad=5.93e-01 | 1.2s
[    88] loss=-0.2053 | res=8.21e-06 | grad=6.30e-01 | 1.2s
[    89] loss=-0.2208 | res=7.13e-08 | grad=5.05e-01 | 1.2s
[    90] loss=-0.2262 | res=2.88e-05 | grad=9.37e-01 | 1.2s
[    91] loss=-0.2151 | res=6.41e-08 | grad=5.38e-01 | 1.2s
[    92] loss=-0.1997 | res=5.27e-08 | grad=4.95e-01 | 1.2s
[    93] loss=-0.2162 | res=6.17e-08 | grad=5.52e-01 | 1.2s
[    94] loss=-0.2294 | res=8.57e-05 | grad=5.19e-01 | 1.2s
[    95] loss=-0.2009 | res=4.42e-06 | grad=6.32e-01 | 1.2s
[    96] loss=-0.2213 | res=4.25e-06 | grad=5.14e-01 | 1.2s
[    97] loss=-0.1993 | res=4.79e-06 | grad=7.35e-01 | 1.2s
[    98] loss=-0.2177 | res=8.11e-08 | grad=5.13e-01 | 1.2s
[    99] loss=-0.2029 | res=8.63e-08 | grad=6.20e-01 | 1.2s
[   100] loss=-0.2320 | res=5.83e-08 | grad=5.93e-01 | 1.2s
[   101] loss=-0.1915 | res=6.61e-08 | grad=5.98e-01 | 1.2s
[   102] loss=-0.1932 | res=7.55e-08 | grad=6.14e-01 | 1.2s
[   103] loss=-0.2342 | res=7.77e-08 | grad=5.82e-01 | 1.2s
[   104] loss=-0.2092 | res=1.96e-05 | grad=5.27e-01 | 1.2s
[   105] loss=-0.2147 | res=2.53e-07 | grad=4.54e-01 | 1.2s
[   106] loss=-0.2325 | res=8.50e-08 | grad=8.19e-01 | 1.2s
[   107] loss=-0.2142 | res=5.70e-08 | grad=4.41e-01 | 1.2s
[   108] loss=-0.1952 | res=6.66e-08 | grad=4.93e-01 | 1.2s
[   109] loss=-0.2245 | res=5.13e-08 | grad=4.53e-01 | 1.2s
[   110] loss=-0.2181 | res=4.88e-05 | grad=9.17e-01 | 1.2s
[   111] loss=-0.2098 | res=4.82e-06 | grad=7.75e-01 | 1.2s
[   112] loss=-0.2244 | res=6.64e-08 | grad=8.08e-01 | 1.2s
[   113] loss=-0.2234 | res=5.31e-08 | grad=4.21e-01 | 1.2s
[   114] loss=-0.2071 | res=7.75e-08 | grad=8.69e-01 | 1.2s
[   115] loss=-0.1978 | res=8.81e-08 | grad=7.03e-01 | 1.2s
[   116] loss=-0.2303 | res=5.12e-08 | grad=5.47e-01 | 1.2s
[   117] loss=-0.2110 | res=2.07e-05 | grad=6.76e-01 | 1.2s
[   118] loss=-0.2121 | res=2.73e-05 | grad=5.72e-01 | 1.2s
[   119] loss=-0.2054 | res=6.06e-08 | grad=4.36e-01 | 1.2s
[   120] loss=-0.2189 | res=2.98e-08 | grad=4.43e-01 | 1.2s
[   121] loss=-0.2192 | res=4.23e-08 | grad=5.58e-01 | 1.2s
[   122] loss=-0.2253 | res=6.15e-08 | grad=6.71e-01 | 1.2s
[   123] loss=-0.2167 | res=6.22e-08 | grad=4.20e-01 | 1.2s
[   124] loss=-0.1670 | res=6.98e-08 | grad=7.32e-01 | 1.2s
[   125] loss=-0.2097 | res=4.57e-08 | grad=4.41e-01 | 1.2s
[   126] loss=-0.2352 | res=6.27e-08 | grad=8.04e-01 | 1.2s
[   127] loss=-0.2035 | res=5.23e-05 | grad=5.18e-01 | 1.2s
[   128] loss=-0.2193 | res=1.64e-06 | grad=3.88e-01 | 1.2s
[   129] loss=-0.2265 | res=5.17e-08 | grad=4.45e-01 | 1.2s
[   130] loss=-0.1779 | res=2.14e-05 | grad=7.40e-01 | 1.2s
[   131] loss=-0.2003 | res=5.70e-08 | grad=6.24e-01 | 1.2s
[   132] loss=-0.2041 | res=7.88e-08 | grad=4.40e-01 | 1.2s
[   133] loss=-0.2079 | res=5.46e-08 | grad=5.95e-01 | 1.2s
[   134] loss=-0.2290 | res=3.78e-05 | grad=5.10e-01 | 1.2s
[   135] loss=-0.1842 | res=6.85e-08 | grad=5.59e-01 | 1.2s
[   136] loss=-0.2025 | res=3.85e-08 | grad=4.44e-01 | 1.2s
[   137] loss=-0.2073 | res=4.91e-05 | grad=6.48e-01 | 1.2s
[   138] loss=-0.2272 | res=5.60e-08 | grad=6.36e-01 | 1.2s
[   139] loss=-0.2353 | res=1.46e-05 | grad=6.85e-01 | 1.2s
[   140] loss=-0.2287 | res=3.65e-08 | grad=6.92e-01 | 1.2s
[   141] loss=-0.1820 | res=2.29e-05 | grad=6.39e-01 | 1.2s
[   142] loss=-0.2234 | res=4.53e-08 | grad=6.42e-01 | 1.2s
[   143] loss=-0.2047 | res=7.17e-08 | grad=7.46e-01 | 1.2s
[   144] loss=-0.2364 | res=5.54e-08 | grad=4.70e-01 | 1.2s
[   145] loss=-0.2275 | res=5.12e-08 | grad=7.13e-01 | 1.2s
[   146] loss=-0.2277 | res=5.97e-08 | grad=4.70e-01 | 1.2s
[   147] loss=-0.1994 | res=6.13e-06 | grad=5.98e-01 | 1.2s
[   148] loss=-0.2442 | res=5.81e-08 | grad=4.42e-01 | 1.2s
[   149] loss=-0.2131 | res=2.18e-05 | grad=5.54e-01 | 1.2s
[   150] loss=-0.2148 | res=7.62e-08 | grad=6.29e-01 | 1.2s
[   151] loss=-0.2200 | res=7.16e-05 | grad=6.10e-01 | 1.2s
[   152] loss=-0.2188 | res=6.94e-08 | grad=5.27e-01 | 1.2s
[   153] loss=-0.2034 | res=8.14e-05 | grad=5.99e-01 | 1.2s
[   154] loss=-0.2012 | res=8.32e-08 | grad=4.40e-01 | 1.2s
[   155] loss=-0.2076 | res=6.14e-08 | grad=4.18e-01 | 1.2s
[   156] loss=-0.2072 | res=3.84e-08 | grad=6.68e-01 | 1.2s
[   157] loss=-0.2128 | res=2.02e-05 | grad=6.01e-01 | 1.2s
[   158] loss=-0.2075 | res=4.96e-06 | grad=4.26e-01 | 1.2s
[   159] loss=-0.2168 | res=6.98e-08 | grad=4.34e-01 | 1.2s
[   160] loss=-0.2339 | res=1.56e-05 | grad=8.31e-01 | 1.2s
[   161] loss=-0.2126 | res=2.77e-05 | grad=5.85e-01 | 1.2s
[   162] loss=-0.2165 | res=1.56e-05 | grad=4.87e-01 | 1.2s
[   163] loss=-0.2250 | res=4.79e-08 | grad=3.18e-01 | 1.2s
[   164] loss=-0.2391 | res=5.74e-08 | grad=4.94e-01 | 1.2s
[   165] loss=-0.1980 | res=8.09e-05 | grad=6.51e-01 | 1.2s
[   166] loss=-0.2042 | res=5.53e-08 | grad=6.74e-01 | 1.2s
[   167] loss=-0.2045 | res=4.12e-06 | grad=6.05e-01 | 1.2s
[   168] loss=-0.2295 | res=7.63e-06 | grad=4.00e-01 | 1.2s
[   169] loss=-0.1957 | res=5.04e-08 | grad=7.32e-01 | 1.2s
[   170] loss=-0.1765 | res=5.93e-08 | grad=7.35e-01 | 1.2s
[   171] loss=-0.2106 | res=1.46e-06 | grad=7.57e-01 | 1.2s
[   172] loss=-0.2372 | res=7.77e-06 | grad=8.12e-01 | 1.2s
[   173] loss=-0.1904 | res=5.96e-08 | grad=2.94e-01 | 1.2s
[   174] loss=-0.2212 | res=2.19e-05 | grad=7.54e-01 | 1.2s
[   175] loss=-0.2146 | res=6.85e-08 | grad=6.57e-01 | 1.2s
[   176] loss=-0.2199 | res=2.33e-05 | grad=7.28e-01 | 1.2s
[   177] loss=-0.2180 | res=9.28e-05 | grad=4.38e-01 | 1.2s
[   178] loss=-0.2217 | res=7.15e-08 | grad=4.34e-01 | 1.2s
[   179] loss=-0.2083 | res=7.22e-08 | grad=3.91e-01 | 1.2s
[   180] loss=-0.2385 | res=5.26e-08 | grad=6.45e-01 | 1.2s
[   181] loss=-0.2005 | res=3.67e-05 | grad=7.23e-01 | 1.2s
[   182] loss=-0.1938 | res=6.59e-08 | grad=7.29e-01 | 1.2s
[   183] loss=-0.2008 | res=2.37e-05 | grad=5.89e-01 | 1.2s
[   184] loss=-0.2170 | res=1.04e-06 | grad=5.65e-01 | 1.2s
[   185] loss=-0.2052 | res=4.46e-06 | grad=6.51e-01 | 1.2s
[   186] loss=-0.2042 | res=1.92e-05 | grad=4.16e-01 | 1.2s
[   187] loss=-0.1473 | res=6.57e-06 | grad=9.96e-01 | 1.2s
[   188] loss=-0.1966 | res=7.46e-08 | grad=4.19e-01 | 1.2s
[   189] loss=-0.2241 | res=6.95e-06 | grad=8.87e-01 | 1.2s
[   190] loss=-0.2076 | res=6.69e-08 | grad=6.05e-01 | 1.2s
[   191] loss=-0.1999 | res=3.41e-08 | grad=6.76e-01 | 1.2s
[   192] loss=-0.2051 | res=6.08e-08 | grad=7.97e-01 | 1.2s
[   193] loss=-0.2034 | res=8.32e-06 | grad=6.40e-01 | 1.2s
[   194] loss=-0.1975 | res=3.71e-08 | grad=5.12e-01 | 1.2s
[   195] loss=-0.2304 | res=2.16e-05 | grad=6.06e-01 | 1.2s
[   196] loss=-0.1956 | res=7.42e-05 | grad=4.48e-01 | 1.2s
[   197] loss=-0.1903 | res=1.24e-06 | grad=6.52e-01 | 1.2s
[   198] loss=-0.2194 | res=6.76e-06 | grad=4.54e-01 | 1.2s
[   199] loss=-0.2056 | res=6.08e-08 | grad=5.46e-01 | 1.2s
[   200] loss=-0.2239 | res=3.05e-05 | grad=5.79e-01 | 1.2s
[   201] loss=-0.2024 | res=3.02e-07 | grad=5.72e-01 | 1.2s
[   202] loss=-0.2115 | res=5.86e-08 | grad=5.93e-01 | 1.2s
[   203] loss=-0.2071 | res=6.78e-08 | grad=4.32e-01 | 1.2s
[   204] loss=-0.2115 | res=9.68e-05 | grad=7.09e-01 | 1.2s
[   205] loss=-0.2143 | res=4.74e-08 | grad=4.89e-01 | 1.2s
[   206] loss=-0.1971 | res=1.73e-06 | grad=3.78e-01 | 1.2s
[   207] loss=-0.2403 | res=5.86e-08 | grad=9.65e-01 | 1.2s
[   208] loss=-0.2065 | res=4.42e-08 | grad=4.02e-01 | 1.2s
[   209] loss=-0.2099 | res=2.38e-07 | grad=6.27e-01 | 1.2s
[   210] loss=-0.1894 | res=3.00e-05 | grad=5.67e-01 | 1.2s
[   211] loss=-0.2283 | res=4.46e-08 | grad=6.06e-01 | 1.2s
[   212] loss=-0.1971 | res=1.57e-07 | grad=5.90e-01 | 1.2s
[   213] loss=-0.2178 | res=3.05e-05 | grad=4.53e-01 | 1.2s
[   214] loss=-0.2206 | res=4.51e-08 | grad=4.21e-01 | 1.2s
[   215] loss=-0.2109 | res=5.39e-08 | grad=3.29e-01 | 1.2s
[   216] loss=-0.2016 | res=4.80e-05 | grad=6.27e-01 | 1.2s
[   217] loss=-0.2153 | res=6.77e-08 | grad=4.24e-01 | 1.2s
[   218] loss=-0.1963 | res=6.03e-08 | grad=7.44e-01 | 1.2s
[   219] loss=-0.2134 | res=6.07e-08 | grad=5.32e-01 | 1.2s
[   220] loss=-0.2274 | res=7.27e-08 | grad=5.59e-01 | 1.2s
[   221] loss=-0.2324 | res=4.33e-05 | grad=6.16e-01 | 1.3s
[   222] loss=-0.2091 | res=7.29e-08 | grad=3.53e-01 | 1.2s
[   223] loss=-0.2211 | res=9.20e-06 | grad=4.54e-01 | 1.2s
[   224] loss=-0.2024 | res=4.12e-08 | grad=4.22e-01 | 1.2s
[   225] loss=-0.2352 | res=3.68e-08 | grad=6.72e-01 | 1.2s
[   226] loss=-0.2216 | res=1.85e-06 | grad=3.15e-01 | 1.2s
[   227] loss=-0.2093 | res=1.24e-05 | grad=5.88e-01 | 1.2s
[   228] loss=-0.2215 | res=5.98e-08 | grad=4.04e-01 | 1.2s
[   229] loss=-0.2176 | res=3.38e-05 | grad=4.50e-01 | 1.2s
[   230] loss=-0.2145 | res=2.38e-05 | grad=3.94e-01 | 1.2s
[   231] loss=-0.2183 | res=8.11e-08 | grad=3.88e-01 | 1.2s
[   232] loss=-0.2077 | res=4.20e-08 | grad=2.98e-01 | 1.2s
[   233] loss=-0.1975 | res=4.87e-08 | grad=4.85e-01 | 1.2s
[   234] loss=-0.2518 | res=1.72e-05 | grad=6.90e-01 | 1.2s
[   235] loss=-0.2104 | res=4.66e-08 | grad=5.06e-01 | 1.2s
[   236] loss=-0.2151 | res=8.04e-08 | grad=5.41e-01 | 1.2s
[   237] loss=-0.1848 | res=7.49e-05 | grad=5.53e-01 | 1.2s
[   238] loss=-0.2173 | res=4.46e-08 | grad=4.19e-01 | 1.2s
[   239] loss=-0.2265 | res=6.77e-08 | grad=5.37e-01 | 1.2s
[   240] loss=-0.2353 | res=9.08e-06 | grad=5.90e-01 | 1.2s
[   241] loss=-0.2128 | res=6.77e-08 | grad=4.24e-01 | 1.2s
[   242] loss=-0.2262 | res=5.53e-05 | grad=3.74e-01 | 1.2s
[   243] loss=-0.1987 | res=3.35e-07 | grad=4.11e-01 | 1.2s
[   244] loss=-0.2035 | res=1.51e-06 | grad=5.80e-01 | 1.2s
[   245] loss=-0.2045 | res=5.59e-08 | grad=4.16e-01 | 1.2s
[   246] loss=-0.2173 | res=1.17e-04 | grad=4.80e-01 | 1.2s
[   247] loss=-0.2201 | res=4.82e-08 | grad=4.06e-01 | 1.2s
[   248] loss=-0.1978 | res=5.33e-08 | grad=5.32e-01 | 1.2s
[   249] loss=-0.2075 | res=5.54e-08 | grad=5.21e-01 | 1.2s
[   250] loss=-0.2254 | res=7.52e-05 | grad=6.17e-01 | 1.2s
[   251] loss=-0.2077 | res=7.48e-08 | grad=4.44e-01 | 1.2s
[   252] loss=-0.2162 | res=4.23e-08 | grad=4.51e-01 | 1.2s
[   253] loss=-0.2160 | res=6.65e-08 | grad=4.92e-01 | 1.2s
[   254] loss=-0.2002 | res=7.01e-08 | grad=4.55e-01 | 1.2s
[   255] loss=-0.2122 | res=5.75e-08 | grad=6.93e-01 | 1.2s
[   256] loss=-0.2069 | res=6.43e-06 | grad=6.65e-01 | 1.2s
[   257] loss=-0.1714 | res=3.83e-08 | grad=8.78e-01 | 1.2s
[   258] loss=-0.2044 | res=3.02e-06 | grad=5.71e-01 | 1.2s
[   259] loss=-0.2257 | res=5.73e-08 | grad=5.23e-01 | 1.2s
[   260] loss=-0.2116 | res=1.69e-06 | grad=4.14e-01 | 1.2s
[   261] loss=-0.2249 | res=4.46e-08 | grad=5.60e-01 | 1.2s
[   262] loss=-0.2502 | res=4.08e-06 | grad=9.17e-01 | 1.2s
[   263] loss=-0.2293 | res=1.61e-07 | grad=3.59e-01 | 1.2s
[   264] loss=-0.2138 | res=3.86e-05 | grad=4.74e-01 | 1.2s
[   265] loss=-0.2021 | res=2.55e-08 | grad=6.60e-01 | 1.2s
[   266] loss=-0.2094 | res=6.61e-08 | grad=4.62e-01 | 1.2s
[   267] loss=-0.1995 | res=5.16e-08 | grad=6.46e-01 | 1.2s
[   268] loss=-0.2213 | res=6.38e-08 | grad=4.95e-01 | 1.2s
[   269] loss=-0.2097 | res=5.07e-08 | grad=5.26e-01 | 1.2s
[   270] loss=-0.1895 | res=4.05e-08 | grad=5.57e-01 | 1.2s
[   271] loss=-0.1892 | res=7.58e-06 | grad=5.09e-01 | 1.2s
[   272] loss=-0.1973 | res=3.03e-05 | grad=4.02e-01 | 1.2s
[   273] loss=-0.2350 | res=5.42e-05 | grad=9.39e-01 | 1.2s
[   274] loss=-0.2143 | res=4.40e-08 | grad=7.61e-01 | 1.2s
[   275] loss=-0.2324 | res=4.93e-08 | grad=7.96e-01 | 1.2s
[   276] loss=-0.1996 | res=5.86e-05 | grad=5.50e-01 | 1.2s
[   277] loss=-0.2096 | res=5.43e-08 | grad=4.82e-01 | 1.2s
[   278] loss=-0.2436 | res=9.90e-06 | grad=5.05e-01 | 1.2s
[   279] loss=-0.1933 | res=1.63e-05 | grad=6.95e-01 | 1.2s
[   280] loss=-0.1893 | res=1.91e-05 | grad=7.70e-01 | 1.2s
[   281] loss=-0.2239 | res=3.11e-05 | grad=4.54e-01 | 1.2s
[   282] loss=-0.1972 | res=4.54e-08 | grad=5.69e-01 | 1.2s
[   283] loss=-0.2051 | res=4.57e-08 | grad=5.09e-01 | 1.2s
[   284] loss=-0.1884 | res=7.57e-06 | grad=5.46e-01 | 1.2s
[   285] loss=-0.2013 | res=5.77e-08 | grad=6.09e-01 | 1.2s
[   286] loss=-0.2122 | res=6.54e-08 | grad=5.59e-01 | 1.2s
[   287] loss=-0.2293 | res=4.85e-08 | grad=8.58e-01 | 1.2s
[   288] loss=-0.2315 | res=3.99e-08 | grad=8.21e-01 | 1.2s
[   289] loss=-0.2119 | res=3.43e-08 | grad=6.40e-01 | 1.2s
[   290] loss=-0.1967 | res=1.67e-05 | grad=4.30e-01 | 1.2s
[   291] loss=-0.2198 | res=9.60e-06 | grad=3.38e-01 | 1.2s
[   292] loss=-0.2079 | res=5.43e-08 | grad=3.81e-01 | 1.2s
[   293] loss=-0.2081 | res=6.54e-08 | grad=8.10e-01 | 1.2s
[   294] loss=-0.1946 | res=6.13e-08 | grad=7.05e-01 | 1.2s
[   295] loss=-0.2074 | res=3.91e-05 | grad=5.45e-01 | 1.2s
[   296] loss=-0.2063 | res=2.23e-05 | grad=4.76e-01 | 1.2s
[   297] loss=-0.2218 | res=5.92e-08 | grad=4.64e-01 | 1.2s
[   298] loss=-0.2197 | res=6.02e-08 | grad=4.83e-01 | 1.2s
[   299] loss=-0.2301 | res=6.15e-08 | grad=6.53e-01 | 1.2s
[   300] loss=-0.2224 | res=7.53e-06 | grad=3.80e-01 | 1.2s
[   301] loss=-0.2001 | res=4.78e-08 | grad=3.67e-01 | 1.2s
[   302] loss=-0.2108 | res=5.11e-08 | grad=3.96e-01 | 1.2s
[   303] loss=-0.1919 | res=5.84e-08 | grad=6.04e-01 | 1.2s
[   304] loss=-0.2014 | res=4.24e-06 | grad=4.45e-01 | 1.2s
[   305] loss=-0.2007 | res=5.75e-08 | grad=6.23e-01 | 1.2s
[   306] loss=-0.2079 | res=1.65e-06 | grad=4.86e-01 | 1.2s
[   307] loss=-0.2091 | res=7.32e-08 | grad=4.78e-01 | 1.2s
[   308] loss=-0.2274 | res=4.61e-08 | grad=4.83e-01 | 1.2s
[   309] loss=-0.1949 | res=2.05e-06 | grad=4.57e-01 | 1.2s
[   310] loss=-0.2096 | res=4.90e-08 | grad=4.51e-01 | 1.2s
[   311] loss=-0.2168 | res=5.74e-08 | grad=2.63e-01 | 1.2s
[   312] loss=-0.2389 | res=3.68e-08 | grad=5.97e-01 | 1.2s
[   313] loss=-0.2115 | res=6.14e-08 | grad=3.70e-01 | 1.2s
[   314] loss=-0.2283 | res=1.03e-07 | grad=5.99e-01 | 1.2s
[   315] loss=-0.2253 | res=4.33e-08 | grad=3.87e-01 | 1.2s
[   316] loss=-0.2149 | res=7.87e-08 | grad=4.19e-01 | 1.2s
[   317] loss=-0.2202 | res=3.21e-05 | grad=4.31e-01 | 1.2s
[   318] loss=-0.1838 | res=7.53e-06 | grad=8.12e-01 | 1.2s
[   319] loss=-0.2222 | res=5.33e-08 | grad=3.88e-01 | 1.2s
[   320] loss=-0.2088 | res=3.94e-08 | grad=2.60e-01 | 1.2s
[   321] loss=-0.2080 | res=5.49e-08 | grad=3.14e-01 | 1.2s
[   322] loss=-0.2322 | res=5.46e-08 | grad=6.15e-01 | 1.2s
[   323] loss=-0.1945 | res=5.28e-08 | grad=3.29e-01 | 1.2s
[   324] loss=-0.1980 | res=4.50e-08 | grad=2.56e-01 | 1.2s
[   325] loss=-0.2397 | res=5.70e-08 | grad=7.22e-01 | 1.2s
[   326] loss=-0.2455 | res=3.77e-06 | grad=9.47e-01 | 1.2s
[   327] loss=-0.2164 | res=1.00e-05 | grad=4.09e-01 | 1.2s
[   328] loss=-0.2357 | res=5.13e-08 | grad=5.66e-01 | 1.2s
[   329] loss=-0.2300 | res=4.93e-08 | grad=5.01e-01 | 1.2s
[   330] loss=-0.2264 | res=3.53e-05 | grad=5.01e-01 | 1.2s
[   331] loss=-0.2177 | res=2.59e-05 | grad=6.23e-01 | 1.2s
[   332] loss=-0.1970 | res=1.71e-05 | grad=9.72e-01 | 1.2s
[   333] loss=-0.2075 | res=1.71e-05 | grad=5.90e-01 | 1.2s
[   334] loss=-0.2101 | res=2.25e-06 | grad=4.54e-01 | 1.2s
[   335] loss=-0.2018 | res=1.18e-06 | grad=4.45e-01 | 1.2s
[   336] loss=-0.2438 | res=4.12e-08 | grad=6.53e-01 | 1.2s
[   337] loss=-0.2307 | res=3.59e-07 | grad=6.69e-01 | 1.2s
[   338] loss=-0.2026 | res=6.69e-08 | grad=5.57e-01 | 1.2s
[   339] loss=-0.2204 | res=5.80e-08 | grad=6.03e-01 | 1.2s
[   340] loss=-0.2225 | res=4.59e-08 | grad=4.51e-01 | 1.2s
[   341] loss=-0.2142 | res=4.59e-08 | grad=3.29e-01 | 1.2s
[   342] loss=-0.2182 | res=4.74e-08 | grad=5.56e-01 | 1.2s
[   343] loss=-0.2068 | res=5.09e-08 | grad=4.92e-01 | 1.2s
[   344] loss=-0.2365 | res=5.02e-08 | grad=5.55e-01 | 1.2s
[   345] loss=-0.1733 | res=1.23e-05 | grad=9.77e-01 | 1.2s
[   346] loss=-0.2244 | res=5.62e-08 | grad=4.24e-01 | 1.2s
[   347] loss=-0.1845 | res=1.37e-05 | grad=6.91e-01 | 1.2s
[   348] loss=-0.2179 | res=3.37e-08 | grad=4.86e-01 | 1.2s
[   349] loss=-0.1981 | res=1.36e-07 | grad=4.40e-01 | 1.2s
[   350] loss=-0.1814 | res=5.96e-08 | grad=4.52e-01 | 1.2s
[   351] loss=-0.2053 | res=8.96e-08 | grad=6.56e-01 | 1.2s
[   352] loss=-0.2070 | res=4.13e-08 | grad=6.01e-01 | 1.2s
[   353] loss=-0.2105 | res=5.78e-06 | grad=5.94e-01 | 1.2s
[   354] loss=-0.2073 | res=6.57e-08 | grad=4.72e-01 | 1.2s
[   355] loss=-0.2123 | res=5.97e-08 | grad=5.00e-01 | 1.2s
[   356] loss=-0.2059 | res=8.15e-08 | grad=3.23e-01 | 1.2s
[   357] loss=-0.2434 | res=5.70e-08 | grad=6.05e-01 | 1.2s
[   358] loss=-0.2104 | res=2.94e-07 | grad=4.97e-01 | 1.2s
[   359] loss=-0.2321 | res=3.28e-05 | grad=6.14e-01 | 1.2s
[   360] loss=-0.2054 | res=6.80e-08 | grad=7.08e-01 | 1.2s
[   361] loss=-0.2236 | res=5.86e-05 | grad=3.99e-01 | 1.2s
[   362] loss=-0.1724 | res=1.53e-05 | grad=9.93e-01 | 1.2s
[   363] loss=-0.1711 | res=6.65e-08 | grad=1.05e+00 | 1.2s
[   364] loss=-0.1908 | res=5.51e-07 | grad=5.42e-01 | 1.2s
[   365] loss=-0.1946 | res=5.38e-08 | grad=3.20e-01 | 1.2s
[   366] loss=-0.2180 | res=3.91e-08 | grad=1.09e+00 | 1.2s
[   367] loss=-0.1962 | res=4.64e-08 | grad=7.39e-01 | 1.2s
[   368] loss=-0.2216 | res=4.67e-08 | grad=1.04e+00 | 1.2s
[   369] loss=-0.2048 | res=4.90e-08 | grad=7.28e-01 | 1.2s
[   370] loss=-0.1761 | res=6.09e-08 | grad=4.37e-01 | 1.2s
[   371] loss=-0.2412 | res=3.75e-05 | grad=8.43e-01 | 1.2s
[   372] loss=-0.2236 | res=5.27e-08 | grad=4.04e-01 | 1.2s
[   373] loss=-0.2094 | res=6.46e-08 | grad=4.53e-01 | 1.2s
[   374] loss=-0.1955 | res=7.01e-08 | grad=8.83e-01 | 1.2s
[   375] loss=-0.2232 | res=6.31e-07 | grad=4.44e-01 | 1.2s
[   376] loss=-0.2243 | res=6.84e-05 | grad=5.92e-01 | 1.2s
[   377] loss=-0.1922 | res=6.74e-08 | grad=8.13e-01 | 1.2s
[   378] loss=-0.2114 | res=4.20e-08 | grad=6.13e-01 | 1.2s
[   379] loss=-0.2146 | res=6.64e-08 | grad=3.14e-01 | 1.2s
[   380] loss=-0.2203 | res=4.92e-08 | grad=3.16e-01 | 1.2s
[   381] loss=-0.2086 | res=4.35e-08 | grad=3.35e-01 | 1.2s
[   382] loss=-0.2197 | res=1.74e-05 | grad=5.79e-01 | 1.2s
[   383] loss=-0.1916 | res=3.66e-08 | grad=6.26e-01 | 1.2s
[   384] loss=-0.2286 | res=6.07e-08 | grad=7.40e-01 | 1.2s
[   385] loss=-0.2180 | res=6.37e-05 | grad=4.98e-01 | 1.2s
[   386] loss=-0.2113 | res=5.53e-08 | grad=2.93e-01 | 1.2s
[   387] loss=-0.2058 | res=2.09e-05 | grad=3.04e-01 | 1.2s
[   388] loss=-0.2078 | res=3.57e-08 | grad=4.17e-01 | 1.2s
[   389] loss=-0.2046 | res=4.04e-08 | grad=4.40e-01 | 1.2s
[   390] loss=-0.2335 | res=6.53e-08 | grad=5.03e-01 | 1.2s
[   391] loss=-0.2130 | res=4.03e-05 | grad=4.26e-01 | 1.2s
[   392] loss=-0.2050 | res=2.02e-05 | grad=4.38e-01 | 1.2s
[   393] loss=-0.2267 | res=1.82e-05 | grad=3.67e-01 | 1.2s
[   394] loss=-0.1975 | res=1.72e-05 | grad=5.00e-01 | 1.2s
[   395] loss=-0.2143 | res=2.98e-06 | grad=4.44e-01 | 1.2s
[   396] loss=-0.2347 | res=6.64e-06 | grad=5.55e-01 | 1.2s
[   397] loss=-0.1974 | res=4.79e-08 | grad=4.08e-01 | 1.2s
[   398] loss=-0.2083 | res=1.44e-05 | grad=3.62e-01 | 1.2s
[   399] loss=-0.1927 | res=2.38e-05 | grad=5.35e-01 | 1.2s
[   400] loss=-0.2150 | res=4.02e-07 | grad=5.62e-01 | 1.2s
[   401] loss=-0.2402 | res=5.18e-08 | grad=8.17e-01 | 1.2s
[   402] loss=-0.1995 | res=6.34e-08 | grad=2.70e-01 | 1.2s
[   403] loss=-0.2016 | res=6.06e-05 | grad=4.18e-01 | 1.2s
[   404] loss=-0.2126 | res=3.88e-08 | grad=4.35e-01 | 1.2s
[   405] loss=-0.2228 | res=7.40e-08 | grad=3.90e-01 | 1.2s
[   406] loss=-0.1926 | res=1.46e-05 | grad=5.64e-01 | 1.2s
[   407] loss=-0.2359 | res=5.07e-08 | grad=3.64e-01 | 1.2s
[   408] loss=-0.2215 | res=4.58e-08 | grad=3.51e-01 | 1.2s
[   409] loss=-0.1897 | res=8.02e-06 | grad=7.80e-01 | 1.2s
[   410] loss=-0.2181 | res=6.13e-08 | grad=4.56e-01 | 1.2s
[   411] loss=-0.2197 | res=3.77e-08 | grad=3.07e-01 | 1.2s
[   412] loss=-0.1817 | res=5.23e-07 | grad=6.71e-01 | 1.2s
[   413] loss=-0.2153 | res=7.29e-08 | grad=2.52e-01 | 1.2s
[   414] loss=-0.2311 | res=5.90e-08 | grad=5.81e-01 | 1.2s
[   415] loss=-0.2407 | res=3.93e-08 | grad=7.89e-01 | 1.2s
[   416] loss=-0.2132 | res=5.15e-08 | grad=4.02e-01 | 1.2s
[   417] loss=-0.2156 | res=7.11e-05 | grad=4.36e-01 | 1.2s
[   418] loss=-0.2220 | res=7.13e-05 | grad=5.44e-01 | 1.2s
[   419] loss=-0.2061 | res=9.29e-06 | grad=4.83e-01 | 1.2s
[   420] loss=-0.2006 | res=4.29e-08 | grad=5.11e-01 | 1.2s
[   421] loss=-0.2227 | res=4.09e-08 | grad=3.87e-01 | 1.2s
[   422] loss=-0.1980 | res=4.28e-08 | grad=5.02e-01 | 1.2s
[   423] loss=-0.2213 | res=7.94e-08 | grad=2.78e-01 | 1.2s
[   424] loss=-0.2161 | res=4.42e-08 | grad=2.68e-01 | 1.2s
[   425] loss=-0.2255 | res=5.45e-08 | grad=3.81e-01 | 1.2s
[   426] loss=-0.2197 | res=1.94e-05 | grad=2.58e-01 | 1.2s
[   427] loss=-0.2196 | res=4.33e-08 | grad=4.24e-01 | 1.2s
[   428] loss=-0.1937 | res=4.23e-08 | grad=4.70e-01 | 1.2s
[   429] loss=-0.2009 | res=1.27e-05 | grad=2.84e-01 | 1.2s
[   430] loss=-0.2313 | res=7.27e-08 | grad=5.05e-01 | 1.2s
[   431] loss=-0.2265 | res=1.95e-08 | grad=5.24e-01 | 1.2s
[   432] loss=-0.2273 | res=1.77e-05 | grad=5.06e-01 | 1.2s
[   433] loss=-0.2116 | res=8.26e-08 | grad=3.02e-01 | 1.2s
[   434] loss=-0.2345 | res=4.90e-08 | grad=2.85e-01 | 1.2s
[   435] loss=-0.2065 | res=5.71e-08 | grad=4.55e-01 | 1.2s
[   436] loss=-0.1979 | res=6.64e-08 | grad=6.97e-01 | 1.2s
[   437] loss=-0.2181 | res=4.49e-08 | grad=4.91e-01 | 1.2s
[   438] loss=-0.2039 | res=8.16e-05 | grad=4.55e-01 | 1.2s
[   439] loss=-0.1934 | res=7.48e-05 | grad=3.74e-01 | 1.2s
[   440] loss=-0.2287 | res=1.40e-05 | grad=5.41e-01 | 1.2s
[   441] loss=-0.2322 | res=4.57e-06 | grad=5.28e-01 | 1.2s
[   442] loss=-0.1819 | res=6.86e-08 | grad=3.67e-01 | 1.2s
[   443] loss=-0.2198 | res=3.83e-05 | grad=4.90e-01 | 1.2s
[   444] loss=-0.1954 | res=5.88e-06 | grad=2.89e-01 | 1.2s
[   445] loss=-0.2187 | res=3.14e-08 | grad=6.48e-01 | 1.2s
[   446] loss=-0.2125 | res=3.64e-08 | grad=3.35e-01 | 1.2s
[   447] loss=-0.2156 | res=7.50e-06 | grad=3.00e-01 | 1.2s
[   448] loss=-0.2287 | res=6.12e-08 | grad=3.37e-01 | 1.2s
[   449] loss=-0.2133 | res=3.34e-08 | grad=3.76e-01 | 1.2s
[   450] loss=-0.2093 | res=1.06e-06 | grad=5.50e-01 | 1.2s
[   451] loss=-0.1946 | res=7.51e-08 | grad=8.78e-01 | 1.2s
[   452] loss=-0.2227 | res=6.61e-08 | grad=3.28e-01 | 1.2s
[   453] loss=-0.2317 | res=4.54e-08 | grad=4.61e-01 | 1.2s
[   454] loss=-0.1865 | res=1.33e-05 | grad=7.13e-01 | 1.2s
[   455] loss=-0.1996 | res=6.75e-08 | grad=2.48e-01 | 1.2s
[   456] loss=-0.1961 | res=7.74e-07 | grad=2.52e-01 | 1.2s
[   457] loss=-0.2173 | res=3.75e-08 | grad=6.24e-01 | 1.2s
[   458] loss=-0.2153 | res=3.28e-06 | grad=5.33e-01 | 1.2s
[   459] loss=-0.1932 | res=1.37e-05 | grad=2.44e-01 | 1.2s
[   460] loss=-0.2112 | res=5.23e-08 | grad=4.44e-01 | 1.2s
[   461] loss=-0.2045 | res=5.27e-06 | grad=3.28e-01 | 1.2s
[   462] loss=-0.2171 | res=4.28e-08 | grad=4.15e-01 | 1.2s
[   463] loss=-0.2067 | res=3.13e-06 | grad=2.75e-01 | 1.2s
[   464] loss=-0.2002 | res=5.75e-08 | grad=4.45e-01 | 1.2s
[   465] loss=-0.2254 | res=8.96e-06 | grad=3.56e-01 | 1.2s
[   466] loss=-0.2175 | res=3.14e-06 | grad=2.92e-01 | 1.2s
[   467] loss=-0.2276 | res=4.71e-05 | grad=3.44e-01 | 1.2s
[   468] loss=-0.2079 | res=1.93e-06 | grad=4.20e-01 | 1.2s
[   469] loss=-0.2208 | res=1.18e-05 | grad=4.40e-01 | 1.2s
[   470] loss=-0.2326 | res=5.32e-08 | grad=4.71e-01 | 1.2s
[   471] loss=-0.2396 | res=6.53e-08 | grad=4.23e-01 | 1.2s
[   472] loss=-0.2088 | res=1.30e-07 | grad=4.58e-01 | 1.2s
[   473] loss=-0.2006 | res=5.62e-08 | grad=4.13e-01 | 1.2s
[   474] loss=-0.2087 | res=6.34e-08 | grad=4.86e-01 | 1.2s
[   475] loss=-0.1995 | res=5.48e-08 | grad=4.83e-01 | 1.2s
[   476] loss=-0.2239 | res=4.30e-06 | grad=3.96e-01 | 1.2s
[   477] loss=-0.2309 | res=4.68e-08 | grad=5.62e-01 | 1.2s
[   478] loss=-0.2078 | res=1.88e-05 | grad=3.02e-01 | 1.2s
[   479] loss=-0.2168 | res=5.34e-08 | grad=3.18e-01 | 1.2s
[   480] loss=-0.2105 | res=6.51e-08 | grad=2.67e-01 | 1.2s
[   481] loss=-0.2360 | res=6.21e-06 | grad=5.73e-01 | 1.2s
[   482] loss=-0.2015 | res=6.80e-08 | grad=4.24e-01 | 1.2s
[   483] loss=-0.2354 | res=4.26e-08 | grad=3.40e-01 | 1.2s
[   484] loss=-0.2235 | res=7.51e-08 | grad=3.29e-01 | 1.2s
[   485] loss=-0.2123 | res=2.51e-05 | grad=3.29e-01 | 1.2s
[   486] loss=-0.2138 | res=2.78e-07 | grad=3.72e-01 | 1.2s
[   487] loss=-0.2107 | res=1.27e-06 | grad=4.42e-01 | 1.2s
[   488] loss=-0.2037 | res=5.21e-05 | grad=5.23e-01 | 1.2s
[   489] loss=-0.1921 | res=8.44e-08 | grad=4.77e-01 | 1.2s
[   490] loss=-0.2065 | res=1.07e-05 | grad=3.74e-01 | 1.2s
[   491] loss=-0.2021 | res=4.43e-05 | grad=4.88e-01 | 1.2s
[   492] loss=-0.2131 | res=3.17e-05 | grad=6.02e-01 | 1.2s
[   493] loss=-0.1830 | res=8.06e-08 | grad=3.16e-01 | 1.2s
[   494] loss=-0.2099 | res=4.46e-08 | grad=3.96e-01 | 1.2s
[   495] loss=-0.1960 | res=5.31e-08 | grad=3.13e-01 | 1.2s
[   496] loss=-0.2094 | res=7.67e-08 | grad=5.12e-01 | 1.2s
[   497] loss=-0.2116 | res=2.77e-07 | grad=4.26e-01 | 1.2s
[   498] loss=-0.2223 | res=4.01e-08 | grad=4.25e-01 | 1.2s
[   499] loss=-0.1960 | res=4.13e-08 | grad=4.26e-01 | 1.2s
[   500] loss=-0.2052 | res=2.19e-06 | grad=3.75e-01 | 1.2s
[   501] loss=-0.1929 | res=8.64e-08 | grad=6.26e-01 | 1.2s
[   502] loss=-0.2269 | res=3.87e-08 | grad=3.17e-01 | 1.2s
[   503] loss=-0.2094 | res=1.62e-06 | grad=2.40e-01 | 1.2s
[   504] loss=-0.2014 | res=6.84e-06 | grad=5.76e-01 | 1.2s
[   505] loss=-0.2115 | res=6.19e-08 | grad=2.24e-01 | 1.2s
[   506] loss=-0.1838 | res=3.41e-07 | grad=6.06e-01 | 1.2s
[   507] loss=-0.2135 | res=1.11e-05 | grad=2.67e-01 | 1.2s
[   508] loss=-0.2271 | res=4.83e-08 | grad=6.64e-01 | 1.2s
[   509] loss=-0.2056 | res=1.02e-05 | grad=4.30e-01 | 1.2s
[   510] loss=-0.2139 | res=4.03e-08 | grad=4.33e-01 | 1.2s
[   511] loss=-0.2230 | res=1.23e-05 | grad=3.67e-01 | 1.2s
[   512] loss=-0.2081 | res=5.20e-08 | grad=2.18e-01 | 1.2s
[   513] loss=-0.2354 | res=6.91e-08 | grad=4.17e-01 | 1.2s
[   514] loss=-0.2181 | res=8.91e-07 | grad=3.22e-01 | 1.2s
[   515] loss=-0.2262 | res=1.41e-05 | grad=2.43e-01 | 1.2s
[   516] loss=-0.1971 | res=7.22e-08 | grad=6.54e-01 | 1.2s
[   517] loss=-0.1727 | res=3.38e-05 | grad=9.71e-01 | 1.2s
[   518] loss=-0.1972 | res=6.09e-08 | grad=4.98e-01 | 1.2s
[   519] loss=-0.2113 | res=1.46e-07 | grad=4.19e-01 | 1.2s
[   520] loss=-0.2114 | res=5.11e-08 | grad=5.20e-01 | 1.2s
[   521] loss=-0.1794 | res=7.80e-06 | grad=2.58e-01 | 1.2s
[   522] loss=-0.1954 | res=1.85e-07 | grad=3.98e-01 | 1.2s
[   523] loss=-0.2173 | res=1.31e-07 | grad=7.01e-01 | 1.2s
[   524] loss=-0.1947 | res=4.80e-08 | grad=3.32e-01 | 1.2s
[   525] loss=-0.2101 | res=3.35e-08 | grad=5.43e-01 | 1.2s
[   526] loss=-0.2197 | res=4.67e-08 | grad=5.64e-01 | 1.2s
[   527] loss=-0.2288 | res=5.17e-08 | grad=4.85e-01 | 1.2s
[   528] loss=-0.2124 | res=5.98e-06 | grad=3.72e-01 | 1.2s
[   529] loss=-0.2053 | res=5.02e-08 | grad=6.82e-01 | 1.2s
[   530] loss=-0.2382 | res=3.05e-08 | grad=2.29e-01 | 1.2s
[   531] loss=-0.2022 | res=7.09e-06 | grad=7.54e-01 | 1.2s
[   532] loss=-0.2210 | res=5.25e-08 | grad=5.31e-01 | 1.2s
[   533] loss=-0.2499 | res=7.23e-08 | grad=3.79e-01 | 1.2s
[   534] loss=-0.2218 | res=5.17e-08 | grad=4.20e-01 | 1.2s
[   535] loss=-0.1812 | res=5.02e-06 | grad=8.83e-01 | 1.2s
[   536] loss=-0.1815 | res=6.59e-08 | grad=4.93e-01 | 1.2s
[   537] loss=-0.2150 | res=3.04e-07 | grad=4.40e-01 | 1.2s
[   538] loss=-0.2215 | res=5.60e-08 | grad=6.55e-01 | 1.2s
[   539] loss=-0.2090 | res=5.02e-08 | grad=5.95e-01 | 1.2s
[   540] loss=-0.2112 | res=3.95e-06 | grad=7.03e-01 | 1.2s
[   541] loss=-0.2226 | res=4.76e-08 | grad=6.77e-01 | 1.2s
[   542] loss=-0.1920 | res=5.72e-08 | grad=4.41e-01 | 1.2s
[   543] loss=-0.2085 | res=5.85e-06 | grad=2.75e-01 | 1.2s
[   544] loss=-0.2095 | res=4.66e-05 | grad=3.96e-01 | 1.2s
[   545] loss=-0.1896 | res=5.67e-08 | grad=5.51e-01 | 1.2s
[   546] loss=-0.2210 | res=6.66e-08 | grad=3.82e-01 | 1.2s
[   547] loss=-0.2374 | res=7.62e-08 | grad=2.40e-01 | 1.2s
[   548] loss=-0.2430 | res=4.34e-08 | grad=4.21e-01 | 1.2s
[   549] loss=-0.2310 | res=4.25e-08 | grad=2.96e-01 | 1.2s
[   550] loss=-0.2162 | res=4.72e-08 | grad=3.69e-01 | 1.2s
[   551] loss=-0.2134 | res=5.13e-05 | grad=3.68e-01 | 1.2s
[   552] loss=-0.2082 | res=5.71e-08 | grad=5.17e-01 | 1.2s
[   553] loss=-0.2158 | res=6.37e-08 | grad=3.75e-01 | 1.2s
[   554] loss=-0.2155 | res=3.46e-08 | grad=2.61e-01 | 1.2s
[   555] loss=-0.2177 | res=6.29e-08 | grad=2.44e-01 | 1.2s
[   556] loss=-0.2215 | res=1.06e-06 | grad=4.59e-01 | 1.2s
[   557] loss=-0.2231 | res=7.41e-08 | grad=4.23e-01 | 1.2s
[   558] loss=-0.2151 | res=5.78e-08 | grad=3.81e-01 | 1.2s
[   559] loss=-0.2142 | res=2.06e-06 | grad=3.61e-01 | 1.2s
[   560] loss=-0.2099 | res=3.07e-05 | grad=3.48e-01 | 1.2s
[   561] loss=-0.2197 | res=9.85e-06 | grad=2.23e-01 | 1.2s
[   562] loss=-0.2387 | res=1.45e-05 | grad=4.13e-01 | 1.2s
[   563] loss=-0.2114 | res=7.56e-08 | grad=2.95e-01 | 1.2s
[   564] loss=-0.2212 | res=8.15e-08 | grad=4.54e-01 | 1.2s
[   565] loss=-0.2002 | res=5.42e-08 | grad=5.62e-01 | 1.2s
[   566] loss=-0.1931 | res=8.72e-08 | grad=6.20e-01 | 1.2s
[   567] loss=-0.2139 | res=4.71e-08 | grad=2.74e-01 | 1.2s
[   568] loss=-0.2552 | res=5.42e-08 | grad=8.48e-01 | 1.2s
[   569] loss=-0.2096 | res=5.21e-06 | grad=2.36e-01 | 1.2s
[   570] loss=-0.2252 | res=4.44e-08 | grad=4.22e-01 | 1.2s
[   571] loss=-0.1804 | res=9.81e-06 | grad=5.87e-01 | 1.2s
[   572] loss=-0.2025 | res=7.31e-08 | grad=3.41e-01 | 1.2s
[   573] loss=-0.2326 | res=1.27e-05 | grad=7.34e-01 | 1.2s
[   574] loss=-0.1838 | res=6.20e-08 | grad=4.23e-01 | 1.2s
[   575] loss=-0.2166 | res=2.45e-05 | grad=4.85e-01 | 1.2s
[   576] loss=-0.2171 | res=4.36e-05 | grad=3.60e-01 | 1.2s
[   577] loss=-0.2228 | res=3.26e-08 | grad=4.70e-01 | 1.2s
[   578] loss=-0.2251 | res=6.45e-08 | grad=3.48e-01 | 1.2s
[   579] loss=-0.2122 | res=5.53e-08 | grad=3.00e-01 | 1.2s
[   580] loss=-0.2005 | res=8.54e-08 | grad=4.73e-01 | 1.2s
[   581] loss=-0.2227 | res=2.38e-05 | grad=2.71e-01 | 1.2s
[   582] loss=-0.2140 | res=3.72e-08 | grad=3.68e-01 | 1.2s
[   583] loss=-0.1824 | res=5.06e-08 | grad=8.91e-01 | 1.2s
[   584] loss=-0.2188 | res=1.32e-05 | grad=2.89e-01 | 1.2s
[   585] loss=-0.2311 | res=4.00e-05 | grad=4.78e-01 | 1.2s
[   586] loss=-0.2043 | res=5.60e-08 | grad=2.87e-01 | 1.2s
[   587] loss=-0.1999 | res=1.65e-05 | grad=2.18e-01 | 1.2s
[   588] loss=-0.2026 | res=4.22e-08 | grad=2.79e-01 | 1.2s
[   589] loss=-0.2016 | res=7.37e-05 | grad=2.36e-01 | 1.2s
[   590] loss=-0.2131 | res=6.79e-08 | grad=4.12e-01 | 1.2s
[   591] loss=-0.2290 | res=4.63e-08 | grad=5.47e-01 | 1.2s
[   592] loss=-0.1764 | res=6.36e-08 | grad=4.80e-01 | 1.2s
[   593] loss=-0.2174 | res=5.37e-08 | grad=3.03e-01 | 1.2s
[   594] loss=-0.1939 | res=4.24e-08 | grad=3.10e-01 | 1.2s
[   595] loss=-0.2283 | res=2.12e-06 | grad=2.81e-01 | 1.2s
[   596] loss=-0.1833 | res=4.97e-08 | grad=5.75e-01 | 1.2s
[   597] loss=-0.2334 | res=5.03e-08 | grad=4.40e-01 | 1.2s
[   598] loss=-0.1919 | res=5.89e-08 | grad=5.09e-01 | 1.2s
[   599] loss=-0.1840 | res=5.01e-08 | grad=6.62e-01 | 1.2s
[   600] loss=-0.2113 | res=4.52e-08 | grad=2.79e-01 | 1.2s
[   601] loss=-0.2299 | res=4.56e-08 | grad=6.45e-01 | 1.2s
[   602] loss=-0.2221 | res=4.80e-08 | grad=5.96e-01 | 1.2s
[   603] loss=-0.2316 | res=5.21e-08 | grad=4.97e-01 | 1.2s
[   604] loss=-0.2308 | res=2.30e-06 | grad=4.78e-01 | 1.2s
[   605] loss=-0.2170 | res=1.61e-05 | grad=2.69e-01 | 1.2s
[   606] loss=-0.2294 | res=4.71e-08 | grad=3.02e-01 | 1.2s
[   607] loss=-0.2012 | res=5.19e-07 | grad=8.17e-01 | 1.2s
[   608] loss=-0.1917 | res=5.31e-05 | grad=8.24e-01 | 1.2s
[   609] loss=-0.2386 | res=2.72e-06 | grad=2.55e-01 | 1.2s
[   610] loss=-0.2264 | res=9.28e-06 | grad=2.48e-01 | 1.2s
[   611] loss=-0.2343 | res=3.18e-08 | grad=4.54e-01 | 1.2s
[   612] loss=-0.1862 | res=3.62e-06 | grad=5.72e-01 | 1.2s
[   613] loss=-0.1978 | res=6.75e-06 | grad=2.73e-01 | 1.2s
[   614] loss=-0.2138 | res=6.66e-08 | grad=3.75e-01 | 1.2s
[   615] loss=-0.2103 | res=4.86e-08 | grad=3.30e-01 | 1.2s
[   616] loss=-0.2114 | res=4.02e-08 | grad=4.96e-01 | 1.2s
[   617] loss=-0.2102 | res=1.58e-05 | grad=4.16e-01 | 1.2s
[   618] loss=-0.2189 | res=5.40e-08 | grad=4.50e-01 | 1.2s
[   619] loss=-0.1978 | res=5.73e-08 | grad=2.47e-01 | 1.2s
[   620] loss=-0.2129 | res=4.26e-08 | grad=2.67e-01 | 1.2s
[   621] loss=-0.2195 | res=5.13e-08 | grad=2.76e-01 | 1.2s
[   622] loss=-0.2192 | res=1.16e-05 | grad=3.67e-01 | 1.2s
[   623] loss=-0.2166 | res=5.11e-08 | grad=3.57e-01 | 1.2s
[   624] loss=-0.2287 | res=4.05e-05 | grad=3.25e-01 | 1.2s
[   625] loss=-0.1907 | res=6.52e-05 | grad=7.56e-01 | 1.2s
[   626] loss=-0.2105 | res=2.80e-08 | grad=2.79e-01 | 1.2s
[   627] loss=-0.1919 | res=4.08e-08 | grad=4.26e-01 | 1.2s
[   628] loss=-0.2033 | res=2.91e-06 | grad=3.38e-01 | 1.2s
[   629] loss=-0.2315 | res=5.81e-08 | grad=6.64e-01 | 1.2s
[   630] loss=-0.1625 | res=5.79e-08 | grad=5.60e-01 | 1.2s
[   631] loss=-0.2439 | res=2.61e-08 | grad=1.21e+00 | 1.2s
[   632] loss=-0.2008 | res=5.17e-08 | grad=4.67e-01 | 1.2s
[   633] loss=-0.2146 | res=5.55e-08 | grad=4.11e-01 | 1.2s
[   634] loss=-0.2155 | res=2.09e-05 | grad=3.25e-01 | 1.2s
[   635] loss=-0.2338 | res=6.67e-08 | grad=3.94e-01 | 1.2s
[   636] loss=-0.2014 | res=4.38e-08 | grad=5.19e-01 | 1.2s
[   637] loss=-0.2097 | res=1.60e-05 | grad=5.67e-01 | 1.2s
[   638] loss=-0.1989 | res=5.23e-05 | grad=7.50e-01 | 1.2s
[   639] loss=-0.2100 | res=5.69e-08 | grad=5.64e-01 | 1.2s
[   640] loss=-0.1910 | res=8.01e-05 | grad=7.52e-01 | 1.2s
[   641] loss=-0.2319 | res=1.49e-05 | grad=4.03e-01 | 1.2s
[   642] loss=-0.1896 | res=3.01e-05 | grad=2.79e-01 | 1.2s
[   643] loss=-0.2239 | res=4.98e-06 | grad=6.46e-01 | 1.2s
[   644] loss=-0.2102 | res=3.11e-08 | grad=5.80e-01 | 1.2s
[   645] loss=-0.2330 | res=1.40e-07 | grad=9.55e-01 | 1.2s
[   646] loss=-0.2275 | res=3.36e-05 | grad=4.16e-01 | 1.2s
[   647] loss=-0.1754 | res=1.11e-04 | grad=7.59e-01 | 1.2s
[   648] loss=-0.2251 | res=1.43e-05 | grad=2.80e-01 | 1.2s
[   649] loss=-0.2560 | res=4.64e-08 | grad=6.46e-01 | 1.2s
[   650] loss=-0.2369 | res=2.63e-06 | grad=3.92e-01 | 1.2s
[   651] loss=-0.2012 | res=6.25e-08 | grad=8.81e-01 | 1.2s
[   652] loss=-0.1803 | res=4.29e-08 | grad=1.15e+00 | 1.2s
[   653] loss=-0.2203 | res=3.51e-07 | grad=3.38e-01 | 1.2s
[   654] loss=-0.1980 | res=5.61e-08 | grad=5.96e-01 | 1.2s
[   655] loss=-0.2018 | res=1.07e-06 | grad=2.14e-01 | 1.2s
[   656] loss=-0.2322 | res=8.20e-06 | grad=7.68e-01 | 1.2s
[   657] loss=-0.1972 | res=5.36e-08 | grad=3.05e-01 | 1.2s
[   658] loss=-0.2077 | res=3.78e-08 | grad=5.88e-01 | 1.2s
[   659] loss=-0.2014 | res=5.43e-08 | grad=4.27e-01 | 1.2s
[   660] loss=-0.2289 | res=2.29e-06 | grad=7.67e-01 | 1.2s
[   661] loss=-0.2271 | res=1.76e-07 | grad=5.57e-01 | 1.2s
[   662] loss=-0.2253 | res=1.36e-05 | grad=2.43e-01 | 1.2s
[   663] loss=-0.2297 | res=4.93e-08 | grad=2.72e-01 | 1.2s
[   664] loss=-0.2191 | res=1.82e-05 | grad=4.21e-01 | 1.2s
[   665] loss=-0.1883 | res=5.80e-08 | grad=1.11e+00 | 1.2s
[   666] loss=-0.2381 | res=2.70e-05 | grad=2.82e-01 | 1.2s
[   667] loss=-0.2163 | res=2.05e-06 | grad=4.69e-01 | 1.2s
[   668] loss=-0.2280 | res=4.89e-08 | grad=2.03e-01 | 1.2s
[   669] loss=-0.2271 | res=1.05e-05 | grad=2.75e-01 | 1.2s
[   670] loss=-0.2189 | res=4.16e-08 | grad=3.49e-01 | 1.2s
[   671] loss=-0.2130 | res=9.15e-08 | grad=2.94e-01 | 1.2s
[   672] loss=-0.2207 | res=7.20e-06 | grad=3.92e-01 | 1.2s
[   673] loss=-0.1974 | res=3.96e-08 | grad=3.08e-01 | 1.2s
[   674] loss=-0.2262 | res=5.42e-08 | grad=3.41e-01 | 1.2s
[   675] loss=-0.2075 | res=6.24e-08 | grad=1.93e-01 | 1.2s
[   676] loss=-0.2055 | res=9.13e-06 | grad=2.86e-01 | 1.2s
[   677] loss=-0.1930 | res=2.06e-05 | grad=4.05e-01 | 1.2s
[   678] loss=-0.2288 | res=1.39e-05 | grad=4.95e-01 | 1.2s
[   679] loss=-0.2103 | res=6.57e-08 | grad=2.98e-01 | 1.2s
[   680] loss=-0.2262 | res=4.05e-08 | grad=4.07e-01 | 1.2s
[   681] loss=-0.2243 | res=7.16e-08 | grad=3.48e-01 | 1.2s
[   682] loss=-0.2192 | res=1.47e-05 | grad=3.03e-01 | 1.2s
[   683] loss=-0.2214 | res=2.72e-06 | grad=4.05e-01 | 1.2s
[   684] loss=-0.1981 | res=1.09e-05 | grad=6.91e-01 | 1.2s
[   685] loss=-0.2079 | res=1.28e-05 | grad=5.22e-01 | 1.2s
[   686] loss=-0.2362 | res=5.25e-08 | grad=4.27e-01 | 1.2s
[   687] loss=-0.2127 | res=1.12e-04 | grad=2.76e-01 | 1.2s
[   688] loss=-0.2352 | res=6.02e-08 | grad=4.28e-01 | 1.2s
[   689] loss=-0.2076 | res=4.58e-08 | grad=2.70e-01 | 1.2s
[   690] loss=-0.2088 | res=7.14e-08 | grad=2.99e-01 | 1.2s
[   691] loss=-0.1859 | res=5.21e-08 | grad=4.57e-01 | 1.2s
[   692] loss=-0.2041 | res=2.75e-08 | grad=2.97e-01 | 1.2s
[   693] loss=-0.1986 | res=9.75e-05 | grad=3.30e-01 | 1.2s
[   694] loss=-0.1933 | res=7.48e-08 | grad=2.35e-01 | 1.2s
[   695] loss=-0.2148 | res=1.30e-07 | grad=5.87e-01 | 1.2s
[   696] loss=-0.2292 | res=5.01e-08 | grad=6.96e-01 | 1.2s
[   697] loss=-0.1971 | res=6.17e-08 | grad=2.62e-01 | 1.2s
[   698] loss=-0.2035 | res=6.63e-08 | grad=3.75e-01 | 1.2s
[   699] loss=-0.1939 | res=3.71e-08 | grad=4.49e-01 | 1.2s
[   700] loss=-0.2296 | res=5.98e-08 | grad=3.67e-01 | 1.2s
[   701] loss=-0.1883 | res=4.33e-08 | grad=6.14e-01 | 1.2s
[   702] loss=-0.2134 | res=4.12e-08 | grad=1.34e-01 | 1.2s
[   703] loss=-0.2181 | res=1.53e-05 | grad=2.52e-01 | 1.2s
[   704] loss=-0.1938 | res=3.80e-06 | grad=4.67e-01 | 1.2s
[   705] loss=-0.2095 | res=6.06e-08 | grad=3.11e-01 | 1.2s
[   706] loss=-0.1950 | res=7.80e-08 | grad=2.23e-01 | 1.2s
[   707] loss=-0.1962 | res=6.37e-08 | grad=3.86e-01 | 1.2s
[   708] loss=-0.2206 | res=5.05e-08 | grad=6.04e-01 | 1.2s
[   709] loss=-0.2083 | res=6.83e-08 | grad=4.37e-01 | 1.2s
[   710] loss=-0.2154 | res=3.63e-05 | grad=4.47e-01 | 1.2s
[   711] loss=-0.1845 | res=6.94e-07 | grad=5.50e-01 | 1.2s
[   712] loss=-0.2025 | res=1.01e-07 | grad=3.33e-01 | 1.2s
[   713] loss=-0.2040 | res=8.11e-05 | grad=2.55e-01 | 1.2s
[   714] loss=-0.2289 | res=1.72e-05 | grad=4.00e-01 | 1.2s
[   715] loss=-0.2130 | res=2.50e-05 | grad=2.96e-01 | 1.2s
[   716] loss=-0.2407 | res=7.96e-08 | grad=4.96e-01 | 1.2s
[   717] loss=-0.1980 | res=6.75e-08 | grad=4.89e-01 | 1.2s
[   718] loss=-0.2149 | res=6.24e-08 | grad=3.13e-01 | 1.2s
[   719] loss=-0.2211 | res=8.03e-06 | grad=2.69e-01 | 1.2s
[   720] loss=-0.2125 | res=3.36e-08 | grad=2.94e-01 | 1.2s
[   721] loss=-0.2279 | res=7.11e-08 | grad=2.36e-01 | 1.2s
[   722] loss=-0.2214 | res=2.85e-06 | grad=2.44e-01 | 1.2s
[   723] loss=-0.2307 | res=2.90e-06 | grad=2.84e-01 | 1.2s
[   724] loss=-0.2172 | res=5.74e-08 | grad=2.20e-01 | 1.2s
[   725] loss=-0.2405 | res=2.99e-05 | grad=3.59e-01 | 1.2s
[   726] loss=-0.2002 | res=4.16e-05 | grad=4.93e-01 | 1.2s
[   727] loss=-0.2064 | res=2.86e-05 | grad=3.20e-01 | 1.2s
[   728] loss=-0.2172 | res=6.16e-08 | grad=2.06e-01 | 1.2s
[   729] loss=-0.2113 | res=1.25e-05 | grad=1.67e-01 | 1.2s
[   730] loss=-0.2132 | res=6.37e-08 | grad=2.41e-01 | 1.2s
[   731] loss=-0.2296 | res=1.97e-07 | grad=4.89e-01 | 1.2s
[   732] loss=-0.2332 | res=5.02e-08 | grad=4.94e-01 | 1.2s
[   733] loss=-0.2231 | res=2.91e-05 | grad=3.69e-01 | 1.2s
[   734] loss=-0.2110 | res=2.70e-05 | grad=3.16e-01 | 1.2s
[   735] loss=-0.2339 | res=8.44e-06 | grad=2.34e-01 | 1.2s
[   736] loss=-0.2262 | res=4.86e-06 | grad=3.48e-01 | 1.2s
[   737] loss=-0.2007 | res=2.21e-05 | grad=5.58e-01 | 1.2s
[   738] loss=-0.2128 | res=4.64e-08 | grad=3.90e-01 | 1.2s
[   739] loss=-0.2248 | res=3.75e-06 | grad=2.85e-01 | 1.2s
[   740] loss=-0.2307 | res=6.64e-08 | grad=3.13e-01 | 1.2s
[   741] loss=-0.1927 | res=4.49e-06 | grad=5.87e-01 | 1.2s
[   742] loss=-0.2353 | res=4.90e-08 | grad=3.53e-01 | 1.2s
[   743] loss=-0.2006 | res=1.69e-05 | grad=2.66e-01 | 1.2s
[   744] loss=-0.1761 | res=3.18e-06 | grad=6.17e-01 | 1.2s
[   745] loss=-0.2230 | res=6.23e-08 | grad=6.43e-01 | 1.2s
[   746] loss=-0.1896 | res=7.28e-06 | grad=2.26e-01 | 1.2s
[   747] loss=-0.2253 | res=6.24e-08 | grad=6.53e-01 | 1.2s
[   748] loss=-0.2118 | res=3.55e-08 | grad=5.85e-01 | 1.2s
[   749] loss=-0.2013 | res=7.05e-08 | grad=2.59e-01 | 1.2s
[   750] loss=-0.2092 | res=6.23e-08 | grad=2.85e-01 | 1.2s
[   751] loss=-0.2079 | res=8.23e-07 | grad=2.83e-01 | 1.3s
[   752] loss=-0.2152 | res=5.40e-08 | grad=1.79e-01 | 1.2s
[   753] loss=-0.1914 | res=5.97e-08 | grad=5.88e-01 | 1.2s
[   754] loss=-0.2011 | res=4.10e-08 | grad=5.01e-01 | 1.2s
[   755] loss=-0.2132 | res=7.20e-08 | grad=3.13e-01 | 1.2s
[   756] loss=-0.1922 | res=4.05e-06 | grad=3.65e-01 | 1.2s
[   757] loss=-0.1807 | res=5.62e-08 | grad=3.35e-01 | 1.2s
[   758] loss=-0.2290 | res=3.12e-06 | grad=8.17e-01 | 1.2s
[   759] loss=-0.1968 | res=5.09e-08 | grad=2.59e-01 | 1.2s
[   760] loss=-0.2151 | res=2.94e-08 | grad=5.44e-01 | 1.2s
[   761] loss=-0.2298 | res=6.03e-08 | grad=8.38e-01 | 1.2s
[   762] loss=-0.2476 | res=3.11e-08 | grad=8.12e-01 | 1.2s
[   763] loss=-0.2055 | res=1.81e-05 | grad=4.41e-01 | 1.2s
[   764] loss=-0.2112 | res=1.64e-05 | grad=4.72e-01 | 1.2s
[   765] loss=-0.1741 | res=2.11e-05 | grad=1.23e+00 | 1.2s
[   766] loss=-0.1839 | res=2.56e-06 | grad=1.02e+00 | 1.2s
[   767] loss=-0.2164 | res=8.23e-05 | grad=2.44e-01 | 1.2s
[   768] loss=-0.2107 | res=1.88e-05 | grad=2.59e-01 | 1.2s
[   769] loss=-0.2095 | res=1.98e-06 | grad=3.99e-01 | 1.2s
[   770] loss=-0.1992 | res=5.18e-08 | grad=3.79e-01 | 1.2s
[   771] loss=-0.1928 | res=4.24e-08 | grad=4.29e-01 | 1.2s
[   772] loss=-0.2261 | res=4.05e-08 | grad=9.88e-01 | 1.2s
[   773] loss=-0.2295 | res=4.04e-08 | grad=7.91e-01 | 1.2s
[   774] loss=-0.2173 | res=2.51e-05 | grad=3.52e-01 | 1.2s
[   775] loss=-0.2547 | res=7.63e-06 | grad=6.99e-01 | 1.2s
[   776] loss=-0.2299 | res=2.21e-07 | grad=2.73e-01 | 1.2s
[   777] loss=-0.1763 | res=4.59e-06 | grad=1.30e+00 | 1.2s
[   778] loss=-0.2000 | res=5.43e-08 | grad=1.08e+00 | 1.2s
[   779] loss=-0.1999 | res=2.82e-07 | grad=9.36e-01 | 1.2s
[   780] loss=-0.2239 | res=6.66e-08 | grad=2.68e-01 | 1.2s
[   781] loss=-0.1875 | res=2.34e-07 | grad=6.12e-01 | 1.2s
[   782] loss=-0.2097 | res=1.50e-05 | grad=2.82e-01 | 1.2s
[   783] loss=-0.2274 | res=4.85e-08 | grad=7.59e-01 | 1.2s
[   784] loss=-0.2048 | res=3.55e-08 | grad=5.02e-01 | 1.2s
[   785] loss=-0.2416 | res=6.02e-07 | grad=1.15e+00 | 1.2s
[   786] loss=-0.2292 | res=5.12e-08 | grad=7.28e-01 | 1.2s
[   787] loss=-0.2185 | res=6.71e-08 | grad=2.71e-01 | 1.2s
[   788] loss=-0.2299 | res=6.15e-08 | grad=3.14e-01 | 1.2s
[   789] loss=-0.2004 | res=5.89e-08 | grad=6.18e-01 | 1.2s
[   790] loss=-0.2101 | res=3.19e-05 | grad=6.96e-01 | 1.2s
[   791] loss=-0.2119 | res=4.95e-08 | grad=7.52e-01 | 1.2s
[   792] loss=-0.2228 | res=5.25e-05 | grad=3.75e-01 | 1.2s
[   793] loss=-0.2354 | res=5.41e-08 | grad=3.70e-01 | 1.2s
[   794] loss=-0.2071 | res=1.72e-05 | grad=3.13e-01 | 1.2s
[   795] loss=-0.2016 | res=1.93e-05 | grad=4.90e-01 | 1.2s
[   796] loss=-0.2155 | res=3.85e-08 | grad=3.22e-01 | 1.2s
[   797] loss=-0.2178 | res=3.59e-05 | grad=4.03e-01 | 1.2s
[   798] loss=-0.2255 | res=2.40e-05 | grad=5.61e-01 | 1.2s
[   799] loss=-0.2152 | res=4.86e-08 | grad=4.47e-01 | 1.2s
[   800] loss=-0.2330 | res=6.43e-06 | grad=6.17e-01 | 1.2s
[   801] loss=-0.2333 | res=4.22e-08 | grad=4.37e-01 | 1.2s
[   802] loss=-0.2068 | res=5.30e-08 | grad=4.76e-01 | 1.2s
[   803] loss=-0.2042 | res=3.16e-05 | grad=6.19e-01 | 1.2s
[   804] loss=-0.2190 | res=6.97e-08 | grad=2.98e-01 | 1.2s
[   805] loss=-0.2140 | res=8.47e-05 | grad=4.43e-01 | 1.2s
[   806] loss=-0.1942 | res=6.20e-06 | grad=7.02e-01 | 1.2s
[   807] loss=-0.2166 | res=2.00e-06 | grad=3.27e-01 | 1.2s
[   808] loss=-0.2112 | res=2.50e-05 | grad=1.91e-01 | 1.2s
[   809] loss=-0.2573 | res=4.64e-08 | grad=9.57e-01 | 1.2s
[   810] loss=-0.1966 | res=6.61e-06 | grad=1.73e-01 | 1.2s
[   811] loss=-0.1982 | res=5.64e-08 | grad=2.69e-01 | 1.2s
[   812] loss=-0.1993 | res=1.86e-06 | grad=3.54e-01 | 1.2s
[   813] loss=-0.2037 | res=1.20e-07 | grad=1.76e-01 | 1.2s
[   814] loss=-0.2079 | res=4.77e-05 | grad=2.02e-01 | 1.2s
[   815] loss=-0.2238 | res=1.41e-05 | grad=5.44e-01 | 1.2s
[   816] loss=-0.2254 | res=1.34e-05 | grad=3.46e-01 | 1.2s
[   817] loss=-0.2171 | res=6.42e-06 | grad=3.43e-01 | 1.2s
[   818] loss=-0.2221 | res=3.29e-05 | grad=1.94e-01 | 1.2s
[   819] loss=-0.2230 | res=4.83e-08 | grad=2.17e-01 | 1.2s
[   820] loss=-0.2336 | res=4.10e-08 | grad=2.41e-01 | 1.2s
[   821] loss=-0.2137 | res=2.14e-06 | grad=5.56e-01 | 1.2s
[   822] loss=-0.2080 | res=1.68e-05 | grad=5.56e-01 | 1.2s
[   823] loss=-0.2024 | res=7.63e-08 | grad=6.40e-01 | 1.2s
[   824] loss=-0.2170 | res=5.74e-08 | grad=2.48e-01 | 1.2s
[   825] loss=-0.2021 | res=5.79e-08 | grad=3.52e-01 | 1.2s
[   826] loss=-0.2345 | res=5.82e-08 | grad=6.47e-01 | 1.2s
[   827] loss=-0.2195 | res=2.65e-07 | grad=4.15e-01 | 1.2s
[   828] loss=-0.1965 | res=6.16e-08 | grad=2.76e-01 | 1.2s
[   829] loss=-0.1789 | res=7.20e-08 | grad=4.13e-01 | 1.2s
[   830] loss=-0.2158 | res=4.16e-08 | grad=3.87e-01 | 1.2s
[   831] loss=-0.2316 | res=5.17e-08 | grad=7.16e-01 | 1.2s
[   832] loss=-0.2111 | res=8.71e-05 | grad=3.23e-01 | 1.2s
[   833] loss=-0.1969 | res=5.92e-08 | grad=2.75e-01 | 1.2s
[   834] loss=-0.2046 | res=5.20e-08 | grad=2.97e-01 | 1.2s
[   835] loss=-0.2267 | res=2.76e-05 | grad=2.59e-01 | 1.2s
[   836] loss=-0.1873 | res=4.21e-08 | grad=6.85e-01 | 1.2s
[   837] loss=-0.2059 | res=3.42e-08 | grad=2.60e-01 | 1.2s
[   838] loss=-0.2240 | res=7.53e-08 | grad=2.22e-01 | 1.2s
[   839] loss=-0.2229 | res=6.31e-06 | grad=3.00e-01 | 1.2s
[   840] loss=-0.2440 | res=5.20e-08 | grad=5.49e-01 | 1.2s
[   841] loss=-0.2026 | res=6.92e-08 | grad=4.11e-01 | 1.2s
[   842] loss=-0.2330 | res=1.67e-07 | grad=2.48e-01 | 1.2s
[   843] loss=-0.2262 | res=1.20e-05 | grad=2.63e-01 | 1.2s
[   844] loss=-0.1925 | res=7.44e-06 | grad=7.40e-01 | 1.2s
[   845] loss=-0.2360 | res=5.41e-05 | grad=2.20e-01 | 1.2s
[   846] loss=-0.2083 | res=2.52e-05 | grad=4.52e-01 | 1.2s
[   847] loss=-0.2169 | res=1.22e-05 | grad=2.27e-01 | 1.2s
[   848] loss=-0.2181 | res=5.69e-08 | grad=2.34e-01 | 1.2s
[   849] loss=-0.2139 | res=1.09e-05 | grad=1.52e-01 | 1.2s
[   850] loss=-0.2172 | res=1.35e-06 | grad=2.21e-01 | 1.2s
[   851] loss=-0.2033 | res=7.01e-06 | grad=2.08e-01 | 1.2s
[   852] loss=-0.2161 | res=5.97e-08 | grad=3.30e-01 | 1.2s
[   853] loss=-0.2066 | res=4.44e-08 | grad=2.26e-01 | 1.2s
[   854] loss=-0.2173 | res=1.72e-05 | grad=1.97e-01 | 1.2s
[   855] loss=-0.2232 | res=4.57e-06 | grad=3.41e-01 | 1.2s
[   856] loss=-0.2293 | res=2.51e-05 | grad=3.70e-01 | 1.2s
[   857] loss=-0.1889 | res=6.81e-07 | grad=5.36e-01 | 1.2s
[   858] loss=-0.2780 | res=6.41e-07 | grad=1.17e+00 | 1.2s
[   859] loss=-0.1974 | res=5.32e-08 | grad=6.18e-01 | 1.2s
[   860] loss=-0.2228 | res=3.86e-08 | grad=3.09e-01 | 1.2s
[   861] loss=-0.2202 | res=2.98e-06 | grad=2.08e-01 | 1.2s
[   862] loss=-0.2081 | res=6.30e-08 | grad=5.78e-01 | 1.2s
[   863] loss=-0.2099 | res=1.79e-06 | grad=4.53e-01 | 1.2s
[   864] loss=-0.1932 | res=7.05e-08 | grad=5.84e-01 | 1.2s
[   865] loss=-0.2161 | res=6.07e-06 | grad=1.82e-01 | 1.2s
[   866] loss=-0.2001 | res=5.67e-05 | grad=2.26e-01 | 1.2s
[   867] loss=-0.2069 | res=4.71e-08 | grad=3.60e-01 | 1.2s
[   868] loss=-0.2047 | res=3.39e-08 | grad=5.07e-01 | 1.2s
[   869] loss=-0.2038 | res=5.57e-08 | grad=5.97e-01 | 1.2s
[   870] loss=-0.2094 | res=3.14e-08 | grad=5.01e-01 | 1.2s
[   871] loss=-0.2259 | res=4.48e-06 | grad=6.66e-01 | 1.2s
[   872] loss=-0.2012 | res=5.43e-08 | grad=2.56e-01 | 1.2s
[   873] loss=-0.2115 | res=1.22e-04 | grad=1.98e-01 | 1.2s
[   874] loss=-0.2080 | res=4.86e-08 | grad=4.73e-01 | 1.2s
[   875] loss=-0.2105 | res=4.75e-08 | grad=3.95e-01 | 1.2s
[   876] loss=-0.2053 | res=7.94e-06 | grad=4.58e-01 | 1.2s
[   877] loss=-0.2120 | res=4.78e-08 | grad=2.99e-01 | 1.2s
[   878] loss=-0.1975 | res=6.56e-08 | grad=4.47e-01 | 1.2s
[   879] loss=-0.2108 | res=6.63e-05 | grad=2.80e-01 | 1.2s
[   880] loss=-0.2265 | res=5.34e-08 | grad=4.81e-01 | 1.2s
[   881] loss=-0.2086 | res=1.01e-05 | grad=2.63e-01 | 1.2s
[   882] loss=-0.1990 | res=4.80e-06 | grad=2.98e-01 | 1.2s
[   883] loss=-0.1998 | res=4.06e-08 | grad=2.51e-01 | 1.2s
[   884] loss=-0.2058 | res=4.08e-08 | grad=4.50e-01 | 1.2s
[   885] loss=-0.2145 | res=5.44e-08 | grad=3.15e-01 | 1.2s
[   886] loss=-0.2183 | res=1.01e-05 | grad=3.52e-01 | 1.2s
[   887] loss=-0.2460 | res=2.96e-06 | grad=6.68e-01 | 1.2s
[   888] loss=-0.2172 | res=1.18e-05 | grad=3.72e-01 | 1.2s
[   889] loss=-0.2006 | res=6.40e-08 | grad=6.06e-01 | 1.2s
[   890] loss=-0.2070 | res=1.84e-06 | grad=7.62e-01 | 1.2s
[   891] loss=-0.2134 | res=5.23e-06 | grad=3.25e-01 | 1.2s
[   892] loss=-0.2187 | res=1.59e-05 | grad=3.37e-01 | 1.2s
[   893] loss=-0.2204 | res=4.81e-08 | grad=1.96e-01 | 1.2s
[   894] loss=-0.2170 | res=5.37e-05 | grad=1.91e-01 | 1.2s
[   895] loss=-0.2262 | res=5.00e-05 | grad=4.08e-01 | 1.2s
[   896] loss=-0.2250 | res=4.51e-08 | grad=4.80e-01 | 1.2s
[   897] loss=-0.2243 | res=4.14e-08 | grad=4.05e-01 | 1.2s
[   898] loss=-0.2127 | res=2.66e-07 | grad=2.38e-01 | 1.2s
[   899] loss=-0.2071 | res=7.84e-06 | grad=2.22e-01 | 1.2s
[   900] loss=-0.2099 | res=1.42e-05 | grad=2.47e-01 | 1.2s
[   901] loss=-0.2089 | res=9.15e-05 | grad=3.59e-01 | 1.2s
[   902] loss=-0.2228 | res=8.19e-06 | grad=1.50e-01 | 1.2s
[   903] loss=-0.2122 | res=4.20e-05 | grad=2.27e-01 | 1.2s
[   904] loss=-0.2261 | res=6.59e-08 | grad=2.58e-01 | 1.2s
[   905] loss=-0.2047 | res=3.21e-05 | grad=2.44e-01 | 1.2s
[   906] loss=-0.1965 | res=5.93e-08 | grad=3.34e-01 | 1.2s
[   907] loss=-0.1884 | res=5.21e-06 | grad=4.34e-01 | 1.2s
[   908] loss=-0.2236 | res=8.97e-06 | grad=4.79e-01 | 1.2s
[   909] loss=-0.2174 | res=5.92e-08 | grad=5.29e-01 | 1.2s
[   910] loss=-0.2266 | res=4.40e-08 | grad=7.38e-01 | 1.2s
[   911] loss=-0.1981 | res=3.13e-06 | grad=2.20e-01 | 1.2s
[   912] loss=-0.1873 | res=3.05e-05 | grad=5.38e-01 | 1.2s
[   913] loss=-0.1904 | res=6.08e-05 | grad=4.26e-01 | 1.2s
[   914] loss=-0.2018 | res=1.98e-06 | grad=3.32e-01 | 1.2s
[   915] loss=-0.2127 | res=2.98e-06 | grad=2.36e-01 | 1.2s
[   916] loss=-0.2112 | res=7.20e-08 | grad=2.68e-01 | 1.2s
[   917] loss=-0.2218 | res=2.21e-05 | grad=4.11e-01 | 1.2s
[   918] loss=-0.2255 | res=6.99e-05 | grad=5.16e-01 | 1.2s
[   919] loss=-0.2148 | res=1.97e-05 | grad=1.59e-01 | 1.2s
[   920] loss=-0.2227 | res=1.27e-05 | grad=1.90e-01 | 1.2s
[   921] loss=-0.2101 | res=9.48e-06 | grad=3.59e-01 | 1.2s
[   922] loss=-0.1839 | res=6.97e-08 | grad=7.21e-01 | 1.2s
[   923] loss=-0.2045 | res=2.31e-05 | grad=3.69e-01 | 1.2s
[   924] loss=-0.2168 | res=4.55e-08 | grad=1.38e-01 | 1.2s
[   925] loss=-0.2148 | res=6.43e-08 | grad=1.62e-01 | 1.2s
[   926] loss=-0.2041 | res=3.06e-06 | grad=1.69e-01 | 1.2s
[   927] loss=-0.2167 | res=5.49e-05 | grad=3.52e-01 | 1.2s
[   928] loss=-0.2197 | res=3.69e-08 | grad=6.49e-01 | 1.2s
[   929] loss=-0.1979 | res=1.24e-06 | grad=2.37e-01 | 1.2s
[   930] loss=-0.2036 | res=6.80e-08 | grad=2.02e-01 | 1.2s
[   931] loss=-0.1969 | res=5.33e-08 | grad=3.66e-01 | 1.2s
[   932] loss=-0.1902 | res=6.27e-08 | grad=2.86e-01 | 1.2s
[   933] loss=-0.2283 | res=5.32e-08 | grad=3.80e-01 | 1.1s
[   934] loss=-0.2318 | res=5.05e-08 | grad=6.33e-01 | 1.2s
[   935] loss=-0.2116 | res=2.91e-05 | grad=1.89e-01 | 1.2s
[   936] loss=-0.2040 | res=2.07e-05 | grad=2.40e-01 | 1.2s
[   937] loss=-0.2244 | res=5.84e-08 | grad=2.89e-01 | 1.2s
[   938] loss=-0.2011 | res=2.05e-05 | grad=4.54e-01 | 1.2s
[   939] loss=-0.1904 | res=5.15e-08 | grad=6.49e-01 | 1.2s
[   940] loss=-0.2519 | res=5.50e-08 | grad=6.91e-01 | 1.2s
[   941] loss=-0.1834 | res=1.68e-05 | grad=7.83e-01 | 1.2s
[   942] loss=-0.2276 | res=5.67e-08 | grad=4.26e-01 | 1.2s
[   943] loss=-0.2199 | res=5.67e-08 | grad=2.33e-01 | 1.2s
[   944] loss=-0.2259 | res=7.77e-06 | grad=4.48e-01 | 1.2s
[   945] loss=-0.1972 | res=1.51e-05 | grad=2.03e-01 | 1.2s
[   946] loss=-0.2014 | res=4.11e-08 | grad=3.32e-01 | 1.2s
[   947] loss=-0.2175 | res=4.79e-08 | grad=2.22e-01 | 1.2s
[   948] loss=-0.2291 | res=2.61e-05 | grad=4.05e-01 | 1.2s
[   949] loss=-0.1922 | res=5.01e-08 | grad=4.51e-01 | 1.2s
[   950] loss=-0.2218 | res=6.58e-06 | grad=2.39e-01 | 1.2s
[   951] loss=-0.2200 | res=5.91e-08 | grad=1.67e-01 | 1.2s
[   952] loss=-0.1805 | res=2.34e-06 | grad=8.55e-01 | 1.2s
[   953] loss=-0.2160 | res=2.36e-05 | grad=1.90e-01 | 1.2s
[   954] loss=-0.2376 | res=1.60e-05 | grad=6.08e-01 | 1.2s
[   955] loss=-0.2081 | res=1.67e-05 | grad=2.69e-01 | 1.2s
[   956] loss=-0.2195 | res=4.53e-08 | grad=2.55e-01 | 1.2s
[   957] loss=-0.2172 | res=7.97e-08 | grad=2.48e-01 | 1.2s
[   958] loss=-0.2114 | res=5.44e-08 | grad=2.03e-01 | 1.2s
[   959] loss=-0.2333 | res=8.03e-06 | grad=4.02e-01 | 1.2s
[   960] loss=-0.1839 | res=2.13e-06 | grad=7.60e-01 | 1.2s
[   961] loss=-0.2030 | res=5.87e-08 | grad=3.63e-01 | 1.2s
[   962] loss=-0.2088 | res=2.65e-05 | grad=2.73e-01 | 1.2s
[   963] loss=-0.2075 | res=4.58e-08 | grad=1.46e-01 | 1.2s
[   964] loss=-0.2285 | res=3.88e-05 | grad=6.67e-01 | 1.2s
[   965] loss=-0.1998 | res=4.14e-07 | grad=1.94e-01 | 1.2s
[   966] loss=-0.2190 | res=1.20e-05 | grad=4.20e-01 | 1.2s
[   967] loss=-0.2062 | res=1.49e-05 | grad=2.27e-01 | 1.2s
[   968] loss=-0.2330 | res=7.06e-06 | grad=6.09e-01 | 1.2s
[   969] loss=-0.1862 | res=1.04e-04 | grad=6.65e-01 | 1.2s
[   970] loss=-0.1991 | res=5.85e-07 | grad=5.97e-01 | 1.2s
[   971] loss=-0.2001 | res=2.79e-05 | grad=5.07e-01 | 1.2s
[   972] loss=-0.1897 | res=5.94e-08 | grad=4.90e-01 | 1.2s
[   973] loss=-0.2217 | res=2.96e-05 | grad=4.84e-01 | 1.2s
[   974] loss=-0.1918 | res=5.27e-08 | grad=2.15e-01 | 1.2s
[   975] loss=-0.2545 | res=5.79e-08 | grad=1.32e+00 | 1.2s
[   976] loss=-0.2162 | res=3.54e-05 | grad=4.34e-01 | 1.2s
[   977] loss=-0.2109 | res=3.01e-06 | grad=2.31e-01 | 1.2s
[   978] loss=-0.2195 | res=7.70e-08 | grad=1.55e-01 | 1.2s
[   979] loss=-0.2065 | res=1.01e-05 | grad=4.51e-01 | 1.2s
[   980] loss=-0.1781 | res=6.67e-08 | grad=8.99e-01 | 1.2s
[   981] loss=-0.1961 | res=5.73e-08 | grad=6.76e-01 | 1.2s
[   982] loss=-0.2413 | res=7.26e-06 | grad=4.93e-01 | 1.2s
[   983] loss=-0.2019 | res=7.22e-06 | grad=3.40e-01 | 1.2s
[   984] loss=-0.1905 | res=5.90e-08 | grad=2.95e-01 | 1.2s
[   985] loss=-0.2196 | res=2.38e-07 | grad=4.61e-01 | 1.2s
[   986] loss=-0.2242 | res=3.87e-08 | grad=6.80e-01 | 1.2s
[   987] loss=-0.2241 | res=1.04e-06 | grad=4.79e-01 | 1.2s
[   988] loss=-0.2276 | res=3.05e-08 | grad=4.45e-01 | 1.2s
[   989] loss=-0.2224 | res=5.36e-08 | grad=1.87e-01 | 1.2s
[   990] loss=-0.2228 | res=2.95e-05 | grad=2.60e-01 | 1.2s
[   991] loss=-0.2074 | res=1.52e-06 | grad=5.65e-01 | 1.2s
[   992] loss=-0.2115 | res=1.40e-06 | grad=5.00e-01 | 1.2s
[   993] loss=-0.2478 | res=4.73e-08 | grad=4.28e-01 | 1.2s
[   994] loss=-0.2359 | res=8.87e-06 | grad=1.92e-01 | 1.2s
[   995] loss=-0.1923 | res=7.74e-08 | grad=7.08e-01 | 1.2s
[   996] loss=-0.1966 | res=5.10e-05 | grad=6.03e-01 | 1.2s
[   997] loss=-0.2039 | res=4.91e-05 | grad=2.53e-01 | 1.2s
[   998] loss=-0.1888 | res=4.22e-08 | grad=3.44e-01 | 1.2s
[   999] loss=-0.2320 | res=5.87e-08 | grad=7.03e-01 | 1.2s
[  1000] loss=-0.2164 | res=4.43e-08 | grad=7.59e-01 | 1.2s
  KL = 0.0365 +/- 0.0035  |  ESS = 956.5 (ratio: 0.934)
  Runtime = 1222.2s

Saved: experiments/final_results/ours_sweep_sphere.npz

======================================================================
RUNNING RCPM ON SPHERE
======================================================================

############################################################
# GAMMA = 1.0
############################################################

[RCPM gamma=1.0] Training on dim=2...
  [  500] loss = 0.0670
  [ 1000] loss = 0.1651
  [ 1500] loss = 0.0777
  [ 2000] loss = 0.1256
  [ 2500] loss = 0.0100
  [ 3000] loss = 0.0148
  [ 3500] loss = 0.0277
  [ 4000] loss = -0.0014
  [ 4500] loss = -0.0030
  [ 5000] loss = 0.0036
  KL divergence = 0.0044 +/- 0.0009
  ESS = 1019.7 +/- 0.2 (ratio: 0.996)
  Runtime = 38.1s

[RCPM gamma=1.0] Training on dim=3...
  [  500] loss = 1.6037
  [ 1000] loss = 1.0861
  [ 1500] loss = 0.6142
  [ 2000] loss = 0.7028
  [ 2500] loss = 0.8695
  [ 3000] loss = 0.6011
  [ 3500] loss = 0.4731
  [ 4000] loss = 0.8213
  [ 4500] loss = 0.5224
  [ 5000] loss = 0.3165
  KL divergence = 0.4346 +/- 0.0165
  ESS = 567.2 +/- 1.6 (ratio: 0.554)
  Runtime = 486.7s

[RCPM gamma=1.0] Training on dim=4...
  [  500] loss = 1.1594
  [ 1000] loss = 0.4536
  [ 1500] loss = 0.3919
  [ 2000] loss = 0.4823
  [ 2500] loss = 0.2120
  [ 3000] loss = 0.1552
  [ 3500] loss = 0.2573
  [ 4000] loss = 0.0137
  [ 4500] loss = 0.0457
  [ 5000] loss = 0.2364
  KL divergence = 0.1927 +/- 0.0059
  ESS = 785.6 +/- 2.2 (ratio: 0.767)
  Runtime = 595.8s

[RCPM gamma=1.0] Training on dim=5...
  [  500] loss = 0.9281
  [ 1000] loss = 0.5539
  [ 1500] loss = 0.2316
  [ 2000] loss = 0.3120
  [ 2500] loss = 0.2214
  [ 3000] loss = 0.3164
  [ 3500] loss = 0.1938
  [ 4000] loss = 0.2485
  [ 4500] loss = 0.2942
  [ 5000] loss = 0.1911
  KL divergence = 0.2164 +/- 0.0092
  ESS = 727.6 +/- 3.1 (ratio: 0.711)
  Runtime = 688.9s

[RCPM gamma=1.0] Training on dim=6...
  [  500] loss = 0.9433
  [ 1000] loss = 0.3803
  [ 1500] loss = 0.3529
  [ 2000] loss = 0.3068
  [ 2500] loss = 0.3170
  [ 3000] loss = 0.1943
  [ 3500] loss = 0.3768
  [ 4000] loss = 0.2477
  [ 4500] loss = 0.1016
  [ 5000] loss = 0.2624
  KL divergence = 0.2804 +/- 0.0094
  ESS = 583.9 +/- 4.9 (ratio: 0.570)
  Runtime = 786.9s

[RCPM gamma=1.0] Training on dim=7...
  [  500] loss = 0.3834
  [ 1000] loss = 0.1754
  [ 1500] loss = 0.1258
  [ 2000] loss = 0.0933
  [ 2500] loss = 0.1515
  [ 3000] loss = 0.1739
  [ 3500] loss = 0.1089
  [ 4000] loss = 0.1499
  [ 4500] loss = 0.1794
  [ 5000] loss = 0.1479
  KL divergence = 0.1226 +/- 0.0021
  ESS = 827.1 +/- 3.2 (ratio: 0.808)
  Runtime = 886.4s

[RCPM gamma=1.0] Training on dim=8...
  [  500] loss = 0.3583
  [ 1000] loss = 0.2096
  [ 1500] loss = 0.2436
  [ 2000] loss = 0.1861
  [ 2500] loss = 0.1651
  [ 3000] loss = 0.2074
  [ 3500] loss = 0.1689
  [ 4000] loss = 0.2819
  [ 4500] loss = 0.4867
  [ 5000] loss = 0.3121
  KL divergence = 0.2452 +/- 0.0017
  ESS = 651.8 +/- 10.3 (ratio: 0.637)
  Runtime = 968.5s

[RCPM gamma=1.0] Training on dim=9...
  [  500] loss = 0.1584
  [ 1000] loss = 0.2524
  [ 1500] loss = 0.1731
  [ 2000] loss = 0.1545
  [ 2500] loss = 0.0572
  [ 3000] loss = 0.0965
  [ 3500] loss = 0.0293
  [ 4000] loss = 0.0691
  [ 4500] loss = 0.3238
  [ 5000] loss = 0.1948
  KL divergence = 0.1262 +/- 0.0116
  ESS = 805.3 +/- 5.6 (ratio: 0.786)
  Runtime = 1097.3s

[RCPM gamma=1.0] Training on dim=10...
  [  500] loss = 0.1643
  [ 1000] loss = 0.1362
  [ 1500] loss = 0.0982
  [ 2000] loss = 0.0964
  [ 2500] loss = 0.0923
  [ 3000] loss = 0.0972
  [ 3500] loss = 0.0637
  [ 4000] loss = 0.0418
  [ 4500] loss = 0.0724
  [ 5000] loss = 0.1248
  KL divergence = 0.1239 +/- 0.0027
  ESS = 791.2 +/- 5.7 (ratio: 0.773)
  Runtime = 1195.0s

############################################################
# GAMMA = 0.1
############################################################

[RCPM gamma=0.1] Training on dim=2...
  [  500] loss = 0.1609
  [ 1000] loss = 0.1180
  [ 1500] loss = 0.0071
  [ 2000] loss = 0.0351
  [ 2500] loss = 0.0371
  [ 3000] loss = 0.0164
  [ 3500] loss = 0.0214
  [ 4000] loss = 0.0111
  [ 4500] loss = 0.0038
  [ 5000] loss = 0.0129
  KL divergence = 0.0069 +/- 0.0014
  ESS = 1013.9 +/- 0.2 (ratio: 0.990)
  Runtime = 36.3s

[RCPM gamma=0.1] Training on dim=3...
  [  500] loss = 3.9563
  [ 1000] loss = 3.3449
  [ 1500] loss = 1.8570
  [ 2000] loss = 2.0932
  [ 2500] loss = 2.3175
  [ 3000] loss = 2.1171
  [ 3500] loss = 2.0572
  [ 4000] loss = 1.8239
  [ 4500] loss = 1.9268
  [ 5000] loss = 1.7932
  KL divergence = 1.8293 +/- 0.0174
  ESS = 64.1 +/- 10.8 (ratio: 0.063)
  Runtime = 509.5s

[RCPM gamma=0.1] Training on dim=4...
  [  500] loss = 4.7608
  [ 1000] loss = 4.0158
  [ 1500] loss = 3.8294
  [ 2000] loss = 3.9799
  [ 2500] loss = 3.3707
  [ 3000] loss = 3.4247
  [ 3500] loss = 3.0605
  [ 4000] loss = 3.1504
  [ 4500] loss = 2.8327
  [ 5000] loss = 3.6019
  KL divergence = 3.3070 +/- 0.0279
  ESS = 32.3 +/- 9.6 (ratio: 0.032)
  Runtime = 613.3s

[RCPM gamma=0.1] Training on dim=5...
  [  500] loss = 6.3926
  [ 1000] loss = 5.5521
  [ 1500] loss = 4.7899
  [ 2000] loss = 5.4846
  [ 2500] loss = 4.4066
  [ 3000] loss = 4.7910
  [ 3500] loss = 4.1355
  [ 4000] loss = 3.9817
  [ 4500] loss = 4.1694
  [ 5000] loss = 3.1149
  KL divergence = 3.3639 +/- 0.0297
  ESS = 27.9 +/- 4.0 (ratio: 0.027)
  Runtime = 707.2s

[RCPM gamma=0.1] Training on dim=6...
  [  500] loss = 7.6304
  [ 1000] loss = 6.5963
  [ 1500] loss = 6.5566
  [ 2000] loss = 6.0503
  [ 2500] loss = 5.2625
  [ 3000] loss = 5.4888
  [ 3500] loss = 5.0666
  [ 4000] loss = 5.1685
  [ 4500] loss = 4.6588
  [ 5000] loss = 4.7291
  KL divergence = 4.5680 +/- 0.0405
  ESS = 12.8 +/- 3.4 (ratio: 0.013)
  Runtime = 810.2s

[RCPM gamma=0.1] Training on dim=7...
  [  500] loss = 7.1214
  [ 1000] loss = 5.8967
  [ 1500] loss = 6.5769
  [ 2000] loss = 6.5652
  [ 2500] loss = 5.8498
  [ 3000] loss = 5.6829
  [ 3500] loss = 6.1181
  [ 4000] loss = 7.4559
  [ 4500] loss = 6.1057
  [ 5000] loss = 6.8843
  KL divergence = 7.1771 +/- 0.0844
  ESS = 7.2 +/- 1.5 (ratio: 0.007)
  Runtime = 902.2s

[RCPM gamma=0.1] Training on dim=8...
  [  500] loss = 9.2045
  [ 1000] loss = 8.8479
  [ 1500] loss = 9.9109
  [ 2000] loss = 9.5086
  [ 2500] loss = 8.3437
  [ 3000] loss = 8.0721
  [ 3500] loss = 9.2159
  [ 4000] loss = 8.6414
  [ 4500] loss = 7.9021
  [ 5000] loss = 7.7355
  KL divergence = 7.9155 +/- 0.0574
  ESS = 7.7 +/- 2.3 (ratio: 0.007)
  Runtime = 989.3s

[RCPM gamma=0.1] Training on dim=9...
  [  500] loss = 11.7946
  [ 1000] loss = 10.5745
  [ 1500] loss = 10.5299
  [ 2000] loss = 10.0361
  [ 2500] loss = 8.9089
  [ 3000] loss = 9.6359
  [ 3500] loss = 9.8283
  [ 4000] loss = 9.4818
  [ 4500] loss = 9.1030
  [ 5000] loss = 9.1425
  KL divergence = 9.4998 +/- 0.0475
  ESS = 6.0 +/- 2.1 (ratio: 0.006)
  Runtime = 1084.2s

[RCPM gamma=0.1] Training on dim=10...
  [  500] loss = 10.9990
  [ 1000] loss = 10.1991
  [ 1500] loss = 10.7629
  [ 2000] loss = 10.7328
  [ 2500] loss = 10.2475
  [ 3000] loss = 12.2632
  [ 3500] loss = 10.4655
  [ 4000] loss = 10.0387
  [ 4500] loss = 9.3230
  [ 5000] loss = 9.7108
  KL divergence = 9.7826 +/- 0.0745
  ESS = 8.5 +/- 1.3 (ratio: 0.008)
  Runtime = 1177.4s

############################################################
# GAMMA = 0.05
############################################################

[RCPM gamma=0.05] Training on dim=2...
  [  500] loss = 0.2943
  [ 1000] loss = 0.2561
  [ 1500] loss = 0.0619
  [ 2000] loss = 0.1100
  [ 2500] loss = 0.0385
  [ 3000] loss = 0.0373
  [ 3500] loss = 0.0738
  [ 4000] loss = 0.0033
  [ 4500] loss = 0.0359
  [ 5000] loss = 0.0023
  KL divergence = 0.0341 +/- 0.0034
  ESS = 976.9 +/- 1.1 (ratio: 0.954)
  Runtime = 38.7s

[RCPM gamma=0.05] Training on dim=3...
  [  500] loss = 6.2583
  [ 1000] loss = 6.4657
  [ 1500] loss = 5.6002
  [ 2000] loss = 6.2274
  [ 2500] loss = 5.6279
  [ 3000] loss = 5.4871
  [ 3500] loss = 5.3328
  [ 4000] loss = 5.2014
  [ 4500] loss = 6.4441
  [ 5000] loss = 5.6493
  KL divergence = 5.3664 +/- 0.0368
  ESS = 18.5 +/- 7.6 (ratio: 0.018)
  Runtime = 497.3s

[RCPM gamma=0.05] Training on dim=4...
  [  500] loss = 8.4576
  [ 1000] loss = 7.9081
  [ 1500] loss = 7.0611
  [ 2000] loss = 6.3744
  [ 2500] loss = 7.5118
  [ 3000] loss = 7.3531
  [ 3500] loss = 6.8625
  [ 4000] loss = 9.1315
  [ 4500] loss = 6.6125
  [ 5000] loss = 6.4415
  KL divergence = 6.4117 +/- 0.0804
  ESS = 8.0 +/- 2.3 (ratio: 0.008)
  Runtime = 598.2s

[RCPM gamma=0.05] Training on dim=5...
  [  500] loss = 14.1442
  [ 1000] loss = 13.3059
  [ 1500] loss = 12.4534
  [ 2000] loss = 13.3447
  [ 2500] loss = 12.5567
  [ 3000] loss = 12.2185
  [ 3500] loss = 12.4635
  [ 4000] loss = 11.1913
  [ 4500] loss = 11.2398
  [ 5000] loss = 10.3471
  KL divergence = 10.5108 +/- 0.0989
  ESS = 6.1 +/- 2.5 (ratio: 0.006)
  Runtime = 692.2s

[RCPM gamma=0.05] Training on dim=6...
  [  500] loss = 16.1798
  [ 1000] loss = 14.0656
  [ 1500] loss = 13.7472
  [ 2000] loss = 13.7344
  [ 2500] loss = 14.3993
  [ 3000] loss = 15.0076
  [ 3500] loss = 12.7382
  [ 4000] loss = 13.7362
  [ 4500] loss = 15.2125
  [ 5000] loss = 13.9964
  KL divergence = 13.3800 +/- 0.0569
  ESS = 3.0 +/- 1.0 (ratio: 0.003)
  Runtime = 779.5s

[RCPM gamma=0.05] Training on dim=7...
  [  500] loss = 20.3327
  [ 1000] loss = 18.2782
  [ 1500] loss = 18.6413
  [ 2000] loss = 20.1133
  [ 2500] loss = 18.1569
  [ 3000] loss = 18.8802
  [ 3500] loss = 20.2349
  [ 4000] loss = 18.8392
  [ 4500] loss = 17.9977
  [ 5000] loss = 19.4706
  KL divergence = 19.1998 +/- 0.0700
  ESS = 2.0 +/- 0.5 (ratio: 0.002)
  Runtime = 875.6s

[RCPM gamma=0.05] Training on dim=8...
  [  500] loss = 26.8143
  [ 1000] loss = 24.0542
  [ 1500] loss = 23.6345
  [ 2000] loss = 24.9626
  [ 2500] loss = 22.8809
  [ 3000] loss = 24.5875
  [ 3500] loss = 24.8063
  [ 4000] loss = 24.1469
  [ 4500] loss = 22.9456
  [ 5000] loss = 23.6999
  KL divergence = 24.1119 +/- 0.1004
  ESS = 2.7 +/- 0.6 (ratio: 0.003)
  Runtime = 980.7s

[RCPM gamma=0.05] Training on dim=9...
  [  500] loss = 28.8486
  [ 1000] loss = 29.0381
  [ 1500] loss = 27.3043
  [ 2000] loss = 26.2599
  [ 2500] loss = 30.3907
  [ 3000] loss = 27.4428
  [ 3500] loss = 26.1515
  [ 4000] loss = 23.8952
  [ 4500] loss = 23.2175
  [ 5000] loss = 26.0977
  KL divergence = 26.6845 +/- 0.1368
  ESS = 2.2 +/- 0.6 (ratio: 0.002)
  Runtime = 1086.7s

[RCPM gamma=0.05] Training on dim=10...
  [  500] loss = 33.1803
  [ 1000] loss = 31.8442
  [ 1500] loss = 32.2137
  [ 2000] loss = 30.9380
  [ 2500] loss = 30.0385
  [ 3000] loss = 31.4123
  [ 3500] loss = 32.7447
  [ 4000] loss = 30.2669
  [ 4500] loss = 28.5578
  [ 5000] loss = 28.5267
  KL divergence = 27.3660 +/- 0.1088
  ESS = 1.8 +/- 0.4 (ratio: 0.002)
  Runtime = 1177.2s

############################################################
# GAMMA = 0.01
############################################################

[RCPM gamma=0.01] Training on dim=2...
  [  500] loss = 6.9806
  [ 1000] loss = 4.4758
  [ 1500] loss = 2.9903
  [ 2000] loss = 2.5662
  [ 2500] loss = 1.4678
  [ 3000] loss = 1.7176
  [ 3500] loss = 1.0047
  [ 4000] loss = 1.1306
  [ 4500] loss = 0.9682
  [ 5000] loss = 0.7687
  KL divergence = 0.7964 +/- 0.0044
  ESS = 266.5 +/- 36.0 (ratio: 0.260)
  Runtime = 39.5s

[RCPM gamma=0.01] Training on dim=3...
  [  500] loss = 24.5141
  [ 1000] loss = 23.4472
  [ 1500] loss = 30.8440
  [ 2000] loss = 25.2550
  [ 2500] loss = 31.7242
  [ 3000] loss = 28.7782
  [ 3500] loss = 25.0976
  [ 4000] loss = 27.3944
  [ 4500] loss = 26.3858
  [ 5000] loss = 26.5718
  KL divergence = 25.5556 +/- 0.1127
  ESS = 7.2 +/- 1.5 (ratio: 0.007)
  Runtime = 497.9s

[RCPM gamma=0.01] Training on dim=4...
  [  500] loss = 42.0732
  [ 1000] loss = 42.2344
  [ 1500] loss = 45.3743
  [ 2000] loss = 40.9313
  [ 2500] loss = 40.3485
  [ 3000] loss = 41.8835
  [ 3500] loss = 47.7727
  [ 4000] loss = 44.0477
  [ 4500] loss = 44.3391
  [ 5000] loss = 49.0228
  KL divergence = 46.8654 +/- 0.2251
  ESS = 1.6 +/- 0.2 (ratio: 0.002)
  Runtime = 599.9s

[RCPM gamma=0.01] Training on dim=5...
  [  500] loss = 57.4331
  [ 1000] loss = 60.8027
  [ 1500] loss = 61.4463
  [ 2000] loss = 56.9379
  [ 2500] loss = 59.4913
  [ 3000] loss = 61.9621
  [ 3500] loss = 63.1269
  [ 4000] loss = 64.0491
  [ 4500] loss = 61.3780
  [ 5000] loss = 61.5644
  KL divergence = 61.2854 +/- 0.1171
  ESS = 1.9 +/- 0.2 (ratio: 0.002)
  Runtime = 693.5s

[RCPM gamma=0.01] Training on dim=6...
  [  500] loss = 70.0524
  [ 1000] loss = 70.6020
  [ 1500] loss = 74.2545
  [ 2000] loss = 73.0577
  [ 2500] loss = 75.0968
  [ 3000] loss = 81.3263
  [ 3500] loss = 76.1529
  [ 4000] loss = 74.3873
  [ 4500] loss = 75.6528
  [ 5000] loss = 78.1967
  KL divergence = 77.9559 +/- 0.4344
  ESS = 1.1 +/- 0.1 (ratio: 0.001)
  Runtime = 790.4s

[RCPM gamma=0.01] Training on dim=7...
  [  500] loss = 92.2703
  [ 1000] loss = 90.5609
  [ 1500] loss = 83.4108
  [ 2000] loss = 81.7425
  [ 2500] loss = 82.3183
  [ 3000] loss = 89.4038
  [ 3500] loss = 79.4578
  [ 4000] loss = 91.7485
  [ 4500] loss = 89.3729
  [ 5000] loss = 90.3177
  KL divergence = 90.2909 +/- 0.1124
  ESS = 1.7 +/- 0.3 (ratio: 0.002)
  Runtime = 891.1s

[RCPM gamma=0.01] Training on dim=8...
  [  500] loss = 102.7170
  [ 1000] loss = 98.9698
  [ 1500] loss = 106.6250
  [ 2000] loss = 107.9862
  [ 2500] loss = 107.5285
  [ 3000] loss = 109.8458
  [ 3500] loss = 107.8755
  [ 4000] loss = 115.6975
  [ 4500] loss = 110.6711
  [ 5000] loss = 108.0230
  KL divergence = 106.0478 +/- 0.0862
  ESS = 1.2 +/- 0.1 (ratio: 0.001)
  Runtime = 962.3s

[RCPM gamma=0.01] Training on dim=9...
  [  500] loss = 114.5226
  [ 1000] loss = 119.4630
  [ 1500] loss = 118.7314
  [ 2000] loss = 121.1453
  [ 2500] loss = 139.4289
  [ 3000] loss = 131.0524
  [ 3500] loss = 125.5652
  [ 4000] loss = 130.9533
  [ 4500] loss = 138.6336
  [ 5000] loss = 142.0744
  KL divergence = 137.7945 +/- 0.3356
  ESS = 1.2 +/- 0.2 (ratio: 0.001)
  Runtime = 1070.2s

[RCPM gamma=0.01] Training on dim=10...
  [  500] loss = 134.5590
  [ 1000] loss = 139.3861
  [ 1500] loss = 133.1826
  [ 2000] loss = 142.9061
  [ 2500] loss = 135.2639
  [ 3000] loss = 136.5099
  [ 3500] loss = 136.7086
  [ 4000] loss = 142.5244
  [ 4500] loss = 142.6486
  [ 5000] loss = 144.7080
  KL divergence = 144.1706 +/- 0.2852
  ESS = 1.1 +/- 0.1 (ratio: 0.001)
  Runtime = 1167.8s

############################################################
# GAMMA = 0.005
############################################################

[RCPM gamma=0.005] Training on dim=2...
  [  500] loss = 13.3009
  [ 1000] loss = 10.1297
  [ 1500] loss = 7.3431
  [ 2000] loss = 6.6908
  [ 2500] loss = 5.5759
  [ 3000] loss = 5.2923
  [ 3500] loss = 5.8562
  [ 4000] loss = 4.2632
  [ 4500] loss = 4.1358
  [ 5000] loss = 4.1785
  KL divergence = 4.0282 +/- 0.0813
  ESS = 35.6 +/- 10.0 (ratio: 0.035)
  Runtime = 36.5s

[RCPM gamma=0.005] Training on dim=3...
  [  500] loss = 37.0780
  [ 1000] loss = 39.3399
  [ 1500] loss = 40.6862
  [ 2000] loss = 39.1152
  [ 2500] loss = 44.9149
  [ 3000] loss = 44.1433
  [ 3500] loss = 45.2285
  [ 4000] loss = 43.6857
  [ 4500] loss = 46.5717
  [ 5000] loss = 38.6299
  KL divergence = 40.3347 +/- 0.1619
  ESS = 1.5 +/- 0.3 (ratio: 0.001)
  Runtime = 495.3s

[RCPM gamma=0.005] Training on dim=4...
  [  500] loss = 64.3367
  [ 1000] loss = 67.4302
  [ 1500] loss = 66.1608
  [ 2000] loss = 65.9807
  [ 2500] loss = 68.9633
  [ 3000] loss = 68.6178
  [ 3500] loss = 66.2765
  [ 4000] loss = 61.2148
  [ 4500] loss = 61.2922
  [ 5000] loss = 67.1164
  KL divergence = 66.2949 +/- 0.1478
  ESS = 1.4 +/- 0.1 (ratio: 0.001)
  Runtime = 590.4s

[RCPM gamma=0.005] Training on dim=5...
  [  500] loss = 83.1021
  [ 1000] loss = 86.1112
  [ 1500] loss = 79.3749
  [ 2000] loss = 83.1092
  [ 2500] loss = 85.0354
  [ 3000] loss = 88.7853
  [ 3500] loss = 93.8187
  [ 4000] loss = 89.7291
  [ 4500] loss = 92.7699
  [ 5000] loss = 93.7297
  KL divergence = 93.1247 +/- 0.2662
  ESS = 1.1 +/- 0.1 (ratio: 0.001)
  Runtime = 691.2s

[RCPM gamma=0.005] Training on dim=6...
  [  500] loss = 100.7985
  [ 1000] loss = 106.4134
  [ 1500] loss = 109.5410
  [ 2000] loss = 107.7765
  [ 2500] loss = 108.4047
  [ 3000] loss = 108.1212
  [ 3500] loss = 110.6394
  [ 4000] loss = 111.5524
  [ 4500] loss = 104.4608
  [ 5000] loss = 109.3835
  KL divergence = 111.5773 +/- 0.3498
  ESS = 1.3 +/- 0.1 (ratio: 0.001)
  Runtime = 793.9s

[RCPM gamma=0.005] Training on dim=7...
  [  500] loss = 125.1704
  [ 1000] loss = 131.0464
  [ 1500] loss = 121.2099
  [ 2000] loss = 121.6355
  [ 2500] loss = 128.7555
  [ 3000] loss = 129.9782
  [ 3500] loss = 124.3846
  [ 4000] loss = 123.9494
  [ 4500] loss = 127.4321
  [ 5000] loss = 127.9591
  KL divergence = 128.2358 +/- 0.4883
  ESS = 1.5 +/- 0.4 (ratio: 0.001)
  Runtime = 889.9s

[RCPM gamma=0.005] Training on dim=8...
  [  500] loss = 138.3824
  [ 1000] loss = 141.7872
  [ 1500] loss = 147.9577
  [ 2000] loss = 146.8229
  [ 2500] loss = 143.6865
  [ 3000] loss = 139.5168
  [ 3500] loss = 136.9625
  [ 4000] loss = 143.2490
  [ 4500] loss = 152.2175
  [ 5000] loss = 155.7009
  KL divergence = 152.9164 +/- 0.4366
  ESS = 1.3 +/- 0.3 (ratio: 0.001)
  Runtime = 1000.3s

[RCPM gamma=0.005] Training on dim=9...
  [  500] loss = 156.4587
  [ 1000] loss = 151.7969
  [ 1500] loss = 164.0912
  [ 2000] loss = 161.1167
  [ 2500] loss = 161.6151
  [ 3000] loss = 161.8661
  [ 3500] loss = 152.9223
  [ 4000] loss = 160.0293
  [ 4500] loss = 155.3429
  [ 5000] loss = 154.2046
  KL divergence = 153.4214 +/- 0.2043
  ESS = 1.0 +/- 0.0 (ratio: 0.001)
  Runtime = 1107.1s

[RCPM gamma=0.005] Training on dim=10...
  [  500] loss = 180.3275
  [ 1000] loss = 181.0877
  [ 1500] loss = 187.2823
  [ 2000] loss = 182.8812
  [ 2500] loss = 181.3260
  [ 3000] loss = 185.4913
  [ 3500] loss = 182.3520
  [ 4000] loss = 193.9952
  [ 4500] loss = 188.6147
  [ 5000] loss = 190.0410
  KL divergence = 189.2141 +/- 0.4194
  ESS = 1.4 +/- 0.3 (ratio: 0.001)
  Runtime = 1191.2s

############################################################
# GAMMA = 0.001
############################################################

[RCPM gamma=0.001] Training on dim=2...
  [  500] loss = 40.8329
  [ 1000] loss = 39.3836
  [ 1500] loss = 34.7204
  [ 2000] loss = 36.0743
  [ 2500] loss = 34.9667
  [ 3000] loss = 35.2064
  [ 3500] loss = 33.1252
  [ 4000] loss = 30.2181
  [ 4500] loss = 28.3143
  [ 5000] loss = 27.2110
  KL divergence = 28.9156 +/- 0.1164
  ESS = 1.9 +/- 0.4 (ratio: 0.002)
  Runtime = 38.4s

[RCPM gamma=0.001] Training on dim=3...
  [  500] loss = 68.6500
  [ 1000] loss = 70.3009
  [ 1500] loss = 67.2492
  [ 2000] loss = 67.4643
  [ 2500] loss = 65.2851
  [ 3000] loss = 66.4400
  [ 3500] loss = 65.6425
  [ 4000] loss = 64.9285
  [ 4500] loss = 62.1302
  [ 5000] loss = 60.8848
  KL divergence = 61.6799 +/- 0.1081
  ESS = 1.4 +/- 0.2 (ratio: 0.001)
  Runtime = 510.5s

[RCPM gamma=0.001] Training on dim=4...
  [  500] loss = 94.2511
  [ 1000] loss = 92.5665
  [ 1500] loss = 90.6098
  [ 2000] loss = 91.2141
  [ 2500] loss = 86.7706
  [ 3000] loss = 88.3870
  [ 3500] loss = 88.1073
  [ 4000] loss = 94.1783
  [ 4500] loss = 88.9866
  [ 5000] loss = 88.8441
  KL divergence = 88.3993 +/- 0.1367
  ESS = 1.7 +/- 0.5 (ratio: 0.002)
  Runtime = 606.3s

[RCPM gamma=0.001] Training on dim=5...
  [  500] loss = 116.2523
  [ 1000] loss = 116.9497
  [ 1500] loss = 117.6344
  [ 2000] loss = 113.8627
  [ 2500] loss = 114.3855
  [ 3000] loss = 117.6227
  [ 3500] loss = 116.7937
  [ 4000] loss = 116.8487
  [ 4500] loss = 116.8591
  [ 5000] loss = 117.3083
  KL divergence = 117.5413 +/- 0.1816
  ESS = 1.1 +/- 0.1 (ratio: 0.001)
  Runtime = 701.8s

[RCPM gamma=0.001] Training on dim=6...
  [  500] loss = 133.7810
  [ 1000] loss = 139.5655
  [ 1500] loss = 137.4790
  [ 2000] loss = 135.7993
  [ 2500] loss = 135.3238
  [ 3000] loss = 135.6886
  [ 3500] loss = 139.1995
  [ 4000] loss = 140.0746
  [ 4500] loss = 138.3018
  [ 5000] loss = 139.5136
  KL divergence = 139.3928 +/- 0.2853
  ESS = 1.3 +/- 0.2 (ratio: 0.001)
  Runtime = 799.4s

[RCPM gamma=0.001] Training on dim=7...
  [  500] loss = 151.5321
  [ 1000] loss = 153.3236
  [ 1500] loss = 148.8391
  [ 2000] loss = 154.5396
  [ 2500] loss = 155.3171
  [ 3000] loss = 154.5826
  [ 3500] loss = 156.1668
  [ 4000] loss = 157.3506
  [ 4500] loss = 154.8677
  [ 5000] loss = 153.0177
  KL divergence = 153.7182 +/- 0.1996
  ESS = 1.7 +/- 0.2 (ratio: 0.002)
  Runtime = 905.9s

[RCPM gamma=0.001] Training on dim=8...
  [  500] loss = 176.0559
  [ 1000] loss = 177.7578
  [ 1500] loss = 180.3387
  [ 2000] loss = 182.9788
  [ 2500] loss = 186.0302
  [ 3000] loss = 186.1687
  [ 3500] loss = 191.2101
  [ 4000] loss = 191.6741
  [ 4500] loss = 192.2927
  [ 5000] loss = 191.9091
  KL divergence = 191.3676 +/- 0.1167
  ESS = 1.5 +/- 0.3 (ratio: 0.001)
  Runtime = 1008.4s

[RCPM gamma=0.001] Training on dim=9...
  [  500] loss = 199.4282
  [ 1000] loss = 199.5025
  [ 1500] loss = 208.2968
  [ 2000] loss = 210.7164
  [ 2500] loss = 213.8756
  [ 3000] loss = 213.4940
  [ 3500] loss = 215.0109
  [ 4000] loss = 213.9448
  [ 4500] loss = 214.9093
  [ 5000] loss = 215.7082
  KL divergence = 215.9892 +/- 0.1042
  ESS = 1.0 +/- 0.0 (ratio: 0.001)
  Runtime = 1102.7s

[RCPM gamma=0.001] Training on dim=10...
  [  500] loss = 224.4201
  [ 1000] loss = 236.6009
  [ 1500] loss = 239.0974
  [ 2000] loss = 238.5863
  [ 2500] loss = 238.8831
  [ 3000] loss = 238.1210
  [ 3500] loss = 236.8199
  [ 4000] loss = 236.4471
  [ 4500] loss = 233.5971
  [ 5000] loss = 236.9750
  KL divergence = 236.6608 +/- 0.0865
  ESS = 1.1 +/- 0.1 (ratio: 0.001)
  Runtime = 1181.3s

Saved: experiments/final_results/rcpm_sweep_sphere.npz

======================================================================
EXPERIMENT COMPLETE: SPHERE
======================================================================
