nohup: ignoring input
Running on: [RocmDevice(id=0)]
Running experiments on: sphere
Dimensions: [2, 5, 10, 20, 30, 40]
LANDMARK_METHOD = fps (candidates=4096)

======================================================================
DEFAULT CONFIGURATION PARAMETERS (from src/base.py)
======================================================================

[ModelConfig]
  network_type:   mlp
  hidden_dims:    (128, 128)
  n_landmarks:    128
  use_layernorm:  True
  last_scale:     0.01
  activation:     silu
  leaky_slope:    0.01
  softplus_beta:  1
  max_dist:       3.14159

[SolverConfig]
  inner_steps:      2500
  inner_lr:         0.05
  grad_clip:        None
  lr_decay:         False
  tolerance:        1e-06
  min_steps:        1000
  momentum:         0.0
  logsumexp_init:   True
  logsumexp_gamma:  0.1

[TrainingConfig]
  n_steps:        1000
  batch_size:     256
  learning_rate:  0.001
  lr_decay:       False
  lr_decay_alpha: 0.05
  log_every:      1
  eval_every:     None
  eval_size:      1024
  seed:           12345

======================================================================


======================================================================
RUNNING OUR METHOD ON SPHERE
======================================================================

[Ours] Training on S2...
/home/sjbhatt/anaconda3/envs/rcpms-jax/lib/python3.10/site-packages/jax/_src/ops/scatter.py:92: FutureWarning: scatter inputs have incompatible types: cannot safely cast value from dtype=int64 to dtype=int32 with jax_numpy_dtype_promotion='standard'. In future JAX releases this will result in an error.
  warnings.warn(
/home/sjbhatt/anaconda3/envs/rcpms-jax/lib/python3.10/site-packages/jax/_src/ops/scatter.py:92: FutureWarning: scatter inputs have incompatible types: cannot safely cast value from dtype=int64 to dtype=int32 with jax_numpy_dtype_promotion='standard'. In future JAX releases this will result in an error.
  warnings.warn(
[     1] loss=-0.0854 | res=2.01e-04 | grad=6.99e+00 | 9.6s
[     2] loss=-0.2283 | res=2.34e-04 | grad=6.06e+00 | 1.1s
[     3] loss=-0.3280 | res=3.03e-09 | grad=4.87e+00 | 1.1s
[     4] loss=-0.4633 | res=1.58e-04 | grad=5.05e+00 | 1.1s
[     5] loss=-0.5356 | res=1.91e-04 | grad=4.24e+00 | 1.1s
[     6] loss=-0.6359 | res=7.47e-05 | grad=3.67e+00 | 1.2s
[     7] loss=-0.7429 | res=6.18e-04 | grad=3.40e+00 | 1.1s
[     8] loss=-0.7098 | res=1.52e-04 | grad=1.54e+00 | 1.1s
[     9] loss=-0.7684 | res=8.53e-09 | grad=1.12e+00 | 1.1s
[    10] loss=-0.7491 | res=6.74e-09 | grad=4.61e-01 | 1.1s
[    11] loss=-0.8744 | res=7.87e-09 | grad=4.32e-01 | 1.1s
[    12] loss=-0.7402 | res=6.65e-09 | grad=6.88e-01 | 1.0s
[    13] loss=-0.8391 | res=1.01e-04 | grad=8.90e-01 | 1.0s
[    14] loss=-0.8267 | res=1.60e-08 | grad=1.21e+00 | 1.1s
[    15] loss=-0.8372 | res=1.53e-04 | grad=1.21e+00 | 1.0s
[    16] loss=-0.8796 | res=9.07e-09 | grad=9.62e-01 | 1.1s
[    17] loss=-0.7718 | res=1.05e-08 | grad=1.06e+00 | 1.1s
[    18] loss=-0.8300 | res=3.43e-09 | grad=1.40e+00 | 1.1s
[    19] loss=-0.8692 | res=3.18e-12 | grad=9.90e-01 | 1.1s
[    20] loss=-0.7842 | res=9.75e-09 | grad=8.73e-01 | 1.0s
[    21] loss=-0.7670 | res=1.12e-08 | grad=1.11e+00 | 1.0s
[    22] loss=-0.9329 | res=9.53e-05 | grad=3.72e-01 | 1.1s
[    23] loss=-0.7971 | res=8.05e-09 | grad=9.25e-01 | 1.1s
[    24] loss=-0.8345 | res=6.61e-09 | grad=5.12e-01 | 1.1s
[    25] loss=-0.7266 | res=3.78e-09 | grad=6.95e-01 | 1.1s
[    26] loss=-0.7595 | res=1.53e-04 | grad=2.93e-01 | 1.1s
[    27] loss=-0.7327 | res=1.31e-04 | grad=4.72e-01 | 1.0s
[    28] loss=-0.6825 | res=5.61e-05 | grad=5.03e-01 | 1.1s
[    29] loss=-0.7501 | res=8.55e-09 | grad=3.95e-01 | 1.1s
[    30] loss=-0.8139 | res=2.38e-04 | grad=7.69e-01 | 1.1s
[    31] loss=-0.8789 | res=1.16e-04 | grad=1.05e+00 | 1.1s
[    32] loss=-0.7935 | res=2.20e-04 | grad=9.81e-01 | 1.1s
[    33] loss=-0.8814 | res=1.51e-04 | grad=9.43e-01 | 1.1s
[    34] loss=-0.7298 | res=9.22e-09 | grad=3.90e-01 | 1.1s
[    35] loss=-0.8721 | res=1.17e-04 | grad=4.47e-01 | 1.1s
[    36] loss=-0.9094 | res=5.42e-05 | grad=1.01e+00 | 1.1s
[    37] loss=-0.7016 | res=2.36e-09 | grad=1.00e+00 | 1.1s
[    38] loss=-0.8218 | res=9.55e-09 | grad=5.69e-01 | 1.1s
[    39] loss=-0.7888 | res=6.85e-09 | grad=4.84e-01 | 1.1s
[    40] loss=-0.9070 | res=8.89e-05 | grad=3.61e-01 | 1.1s
[    41] loss=-0.8763 | res=1.08e-08 | grad=3.48e-01 | 1.1s
[    42] loss=-0.9233 | res=4.89e-09 | grad=3.14e-01 | 1.1s
[    43] loss=-0.7778 | res=1.15e-08 | grad=7.10e-01 | 1.1s
[    44] loss=-0.7164 | res=1.55e-04 | grad=9.61e-01 | 1.1s
[    45] loss=-0.8525 | res=3.61e-09 | grad=3.86e-01 | 1.1s
[    46] loss=-0.7371 | res=4.20e-05 | grad=9.62e-01 | 1.1s
[    47] loss=-0.8702 | res=3.78e-09 | grad=2.44e-01 | 1.1s
[    48] loss=-0.7610 | res=1.21e-11 | grad=6.35e-01 | 1.1s
[    49] loss=-0.8764 | res=2.27e-04 | grad=3.82e-01 | 1.1s
[    50] loss=-0.7000 | res=2.11e-04 | grad=7.30e-01 | 1.1s
[    51] loss=-0.7855 | res=1.02e-08 | grad=8.49e-01 | 1.1s
[    52] loss=-0.8538 | res=4.70e-05 | grad=7.27e-01 | 1.1s
[    53] loss=-0.9079 | res=9.04e-05 | grad=8.73e-01 | 1.1s
[    54] loss=-0.9183 | res=2.44e-09 | grad=5.63e-01 | 1.1s
[    55] loss=-0.8454 | res=9.34e-09 | grad=1.97e-01 | 1.1s
[    56] loss=-0.7839 | res=9.27e-05 | grad=5.89e-01 | 1.1s
[    57] loss=-0.8139 | res=2.79e-04 | grad=3.08e-01 | 1.1s
[    58] loss=-0.8797 | res=9.54e-12 | grad=6.13e-01 | 1.1s
[    59] loss=-0.8084 | res=5.13e-04 | grad=3.67e-01 | 1.1s
[    60] loss=-0.8729 | res=7.62e-09 | grad=6.01e-01 | 1.1s
[    61] loss=-0.8340 | res=3.66e-04 | grad=2.90e-01 | 1.1s
[    62] loss=-0.8094 | res=2.97e-09 | grad=3.69e-01 | 1.0s
[    63] loss=-0.7938 | res=1.42e-08 | grad=5.18e-01 | 1.1s
[    64] loss=-0.7849 | res=3.69e-09 | grad=3.24e-01 | 1.1s
[    65] loss=-0.7996 | res=1.61e-08 | grad=3.84e-01 | 1.1s
[    66] loss=-0.8701 | res=5.58e-09 | grad=5.34e-01 | 1.0s
[    67] loss=-0.8527 | res=1.57e-04 | grad=5.69e-01 | 1.1s
[    68] loss=-0.7465 | res=5.11e-04 | grad=7.07e-01 | 1.1s
[    69] loss=-0.9716 | res=5.68e-09 | grad=4.28e-01 | 1.1s
[    70] loss=-0.7670 | res=1.19e-04 | grad=3.17e-01 | 1.1s
[    71] loss=-0.8985 | res=2.10e-04 | grad=3.78e-01 | 1.1s
[    72] loss=-0.7538 | res=8.79e-09 | grad=4.22e-01 | 1.1s
[    73] loss=-0.8328 | res=6.95e-09 | grad=2.70e-01 | 1.1s
[    74] loss=-0.8844 | res=1.58e-04 | grad=2.02e-01 | 1.0s
[    75] loss=-0.7604 | res=2.46e-04 | grad=3.52e-01 | 1.1s
[    76] loss=-0.8625 | res=6.80e-09 | grad=1.66e-01 | 1.1s
[    77] loss=-0.8961 | res=6.47e-05 | grad=6.71e-01 | 1.1s
[    78] loss=-0.8223 | res=5.22e-05 | grad=4.10e-01 | 1.1s
[    79] loss=-0.8199 | res=1.74e-05 | grad=2.39e-01 | 1.1s
[    80] loss=-0.8254 | res=3.25e-05 | grad=7.10e-01 | 1.1s
[    81] loss=-0.7200 | res=5.61e-09 | grad=6.19e-01 | 1.1s
[    82] loss=-0.7124 | res=8.77e-05 | grad=7.09e-01 | 1.1s
[    83] loss=-0.8058 | res=6.01e-05 | grad=7.42e-01 | 1.1s
[    84] loss=-0.8857 | res=2.16e-04 | grad=6.97e-01 | 1.1s
[    85] loss=-0.8130 | res=2.49e-04 | grad=4.77e-01 | 1.1s
[    86] loss=-0.7501 | res=1.74e-04 | grad=3.82e-01 | 1.1s
[    87] loss=-0.7823 | res=9.94e-05 | grad=4.13e-01 | 1.1s
[    88] loss=-0.7503 | res=4.62e-09 | grad=3.80e-01 | 1.1s
[    89] loss=-0.8060 | res=4.92e-06 | grad=3.89e-01 | 1.1s
[    90] loss=-0.7843 | res=1.39e-08 | grad=3.36e-01 | 1.1s
[    91] loss=-0.8506 | res=7.03e-05 | grad=5.64e-01 | 1.1s
[    92] loss=-0.8918 | res=1.00e-04 | grad=2.43e-01 | 1.0s
[    93] loss=-0.8954 | res=3.83e-09 | grad=4.30e-01 | 1.1s
[    94] loss=-0.8275 | res=1.53e-04 | grad=2.60e-01 | 1.1s
[    95] loss=-0.7911 | res=1.09e-04 | grad=4.93e-01 | 1.1s
[    96] loss=-0.8227 | res=1.62e-08 | grad=5.66e-01 | 1.0s
[    97] loss=-0.7994 | res=1.29e-04 | grad=2.03e-01 | 1.1s
[    98] loss=-0.8169 | res=2.63e-04 | grad=2.21e-01 | 1.1s
[    99] loss=-0.8552 | res=2.56e-05 | grad=3.73e-01 | 1.1s
[   100] loss=-0.9014 | res=6.79e-09 | grad=4.55e-01 | 1.1s
[   101] loss=-0.8820 | res=1.04e-08 | grad=2.96e-01 | 1.1s
[   102] loss=-0.7158 | res=1.19e-04 | grad=4.95e-01 | 1.1s
[   103] loss=-0.7445 | res=1.95e-08 | grad=5.66e-01 | 1.1s
[   104] loss=-0.7849 | res=8.15e-05 | grad=4.14e-01 | 1.1s
[   105] loss=-0.8648 | res=1.01e-08 | grad=1.86e-01 | 1.1s
[   106] loss=-0.7844 | res=6.40e-05 | grad=3.83e-01 | 1.1s
[   107] loss=-0.8129 | res=7.00e-10 | grad=4.21e-01 | 1.1s
[   108] loss=-0.8488 | res=1.21e-04 | grad=3.25e-01 | 1.1s
[   109] loss=-0.8045 | res=7.30e-05 | grad=3.78e-01 | 1.1s
[   110] loss=-0.7977 | res=4.58e-05 | grad=6.70e-01 | 1.1s
[   111] loss=-0.8865 | res=8.74e-09 | grad=3.32e-01 | 1.1s
[   112] loss=-0.8804 | res=9.59e-05 | grad=4.35e-01 | 1.1s
[   113] loss=-0.8717 | res=2.88e-04 | grad=1.96e-01 | 1.1s
[   114] loss=-0.8369 | res=2.57e-04 | grad=5.23e-01 | 1.1s
[   115] loss=-0.7897 | res=2.80e-04 | grad=2.10e-01 | 1.1s
[   116] loss=-0.8800 | res=6.86e-05 | grad=6.53e-01 | 1.1s
[   117] loss=-0.8640 | res=6.43e-05 | grad=3.45e-01 | 1.1s
[   118] loss=-0.7788 | res=1.17e-04 | grad=8.08e-01 | 1.1s
[   119] loss=-0.7492 | res=1.12e-08 | grad=8.27e-01 | 1.1s
[   120] loss=-0.8675 | res=1.13e-04 | grad=6.98e-01 | 1.1s
[   121] loss=-0.8400 | res=1.87e-04 | grad=4.05e-01 | 1.1s
[   122] loss=-0.7880 | res=5.90e-05 | grad=4.46e-01 | 1.1s
[   123] loss=-0.8018 | res=5.58e-05 | grad=4.61e-01 | 1.1s
[   124] loss=-0.8922 | res=2.26e-04 | grad=5.67e-01 | 1.1s
[   125] loss=-0.8669 | res=1.57e-09 | grad=7.42e-01 | 1.1s
[   126] loss=-0.8982 | res=2.50e-04 | grad=3.32e-01 | 1.1s
[   127] loss=-0.7662 | res=1.55e-05 | grad=7.84e-01 | 1.1s
[   128] loss=-0.8116 | res=8.09e-06 | grad=4.82e-01 | 1.1s
[   129] loss=-0.8075 | res=6.03e-09 | grad=3.78e-01 | 1.1s
[   130] loss=-0.8499 | res=8.78e-09 | grad=5.55e-01 | 1.1s
[   131] loss=-0.9353 | res=2.75e-05 | grad=6.66e-01 | 1.1s
[   132] loss=-0.8029 | res=9.75e-09 | grad=4.37e-01 | 1.0s
[   133] loss=-0.7575 | res=1.48e-12 | grad=6.96e-01 | 1.1s
[   134] loss=-0.7283 | res=1.42e-05 | grad=7.86e-01 | 1.1s
[   135] loss=-0.8243 | res=6.32e-05 | grad=6.72e-01 | 1.1s
[   136] loss=-0.7337 | res=4.99e-05 | grad=5.43e-01 | 1.1s
[   137] loss=-0.8189 | res=8.75e-09 | grad=4.89e-01 | 1.1s
[   138] loss=-0.8865 | res=1.40e-08 | grad=7.63e-01 | 1.1s
[   139] loss=-0.8086 | res=2.61e-09 | grad=3.63e-01 | 1.1s
[   140] loss=-0.8665 | res=5.75e-09 | grad=4.28e-01 | 1.1s
[   141] loss=-0.7715 | res=1.73e-08 | grad=2.38e-01 | 1.1s
[   142] loss=-0.7999 | res=5.00e-05 | grad=5.57e-01 | 1.1s
[   143] loss=-0.9001 | res=1.12e-08 | grad=2.28e-01 | 1.1s
[   144] loss=-0.8921 | res=1.21e-04 | grad=4.27e-01 | 1.1s
[   145] loss=-0.9227 | res=4.56e-09 | grad=6.65e-01 | 1.1s
[   146] loss=-0.8917 | res=9.13e-05 | grad=4.40e-01 | 1.1s
[   147] loss=-0.7572 | res=2.56e-09 | grad=4.92e-01 | 1.1s
[   148] loss=-0.7865 | res=4.00e-09 | grad=4.45e-01 | 1.1s
[   149] loss=-0.8372 | res=1.79e-04 | grad=3.56e-01 | 1.1s
[   150] loss=-0.7807 | res=4.10e-09 | grad=4.97e-01 | 1.1s
[   151] loss=-0.8457 | res=1.75e-04 | grad=6.37e-01 | 1.1s
[   152] loss=-0.8311 | res=3.16e-09 | grad=2.93e-01 | 1.1s
[   153] loss=-0.7605 | res=2.13e-04 | grad=4.69e-01 | 1.1s
[   154] loss=-0.7125 | res=1.13e-08 | grad=5.62e-01 | 1.1s
[   155] loss=-0.7825 | res=4.00e-09 | grad=6.23e-01 | 1.1s
[   156] loss=-0.8250 | res=3.29e-04 | grad=2.90e-01 | 1.1s
[   157] loss=-0.7713 | res=7.77e-04 | grad=1.69e-01 | 1.1s
[   158] loss=-0.9098 | res=5.73e-09 | grad=4.59e-01 | 1.1s
[   159] loss=-0.7220 | res=1.50e-09 | grad=5.51e-01 | 1.1s
[   160] loss=-0.8624 | res=6.84e-05 | grad=3.91e-01 | 1.1s
[   161] loss=-0.7877 | res=3.44e-04 | grad=1.74e-01 | 1.1s
[   162] loss=-0.8558 | res=2.19e-15 | grad=5.61e-01 | 1.1s
[   163] loss=-0.8174 | res=1.43e-08 | grad=5.21e-01 | 1.1s
[   164] loss=-0.8311 | res=9.27e-05 | grad=4.18e-01 | 1.1s
[   165] loss=-0.8497 | res=2.13e-04 | grad=2.26e-01 | 1.1s
[   166] loss=-0.7373 | res=1.69e-15 | grad=4.93e-01 | 1.1s
[   167] loss=-0.8139 | res=1.26e-04 | grad=5.25e-01 | 1.1s
[   168] loss=-0.8078 | res=2.07e-09 | grad=1.20e-01 | 1.1s
[   169] loss=-0.8363 | res=1.25e-05 | grad=3.53e-01 | 1.1s
[   170] loss=-0.8082 | res=1.45e-08 | grad=4.89e-01 | 1.1s
[   171] loss=-0.8221 | res=5.14e-05 | grad=3.24e-01 | 1.1s
[   172] loss=-0.7712 | res=7.36e-06 | grad=2.30e-01 | 1.1s
[   173] loss=-0.8967 | res=5.50e-05 | grad=6.70e-01 | 1.1s
[   174] loss=-0.7063 | res=8.48e-09 | grad=8.33e-01 | 1.0s
[   175] loss=-0.7806 | res=6.32e-05 | grad=1.69e-01 | 1.1s
[   176] loss=-0.9203 | res=9.11e-09 | grad=4.74e-01 | 1.1s
[   177] loss=-0.8530 | res=5.88e-05 | grad=6.80e-01 | 1.1s
[   178] loss=-0.8168 | res=1.09e-04 | grad=2.13e-01 | 1.1s
[   179] loss=-0.8409 | res=2.92e-05 | grad=3.81e-01 | 1.1s
[   180] loss=-0.8459 | res=1.96e-04 | grad=6.37e-01 | 1.1s
[   181] loss=-0.8252 | res=1.68e-04 | grad=5.70e-01 | 1.1s
[   182] loss=-0.7293 | res=1.33e-08 | grad=5.29e-01 | 1.1s
[   183] loss=-0.8252 | res=1.38e-04 | grad=2.68e-01 | 1.1s
[   184] loss=-0.8237 | res=3.59e-09 | grad=2.83e-01 | 1.1s
[   185] loss=-0.8226 | res=1.63e-15 | grad=4.62e-01 | 1.1s
[   186] loss=-0.8432 | res=6.80e-10 | grad=7.73e-01 | 1.1s
[   187] loss=-0.9239 | res=2.35e-04 | grad=4.80e-01 | 1.1s
[   188] loss=-0.9001 | res=8.48e-09 | grad=4.26e-01 | 1.1s
[   189] loss=-0.8680 | res=3.85e-09 | grad=5.33e-01 | 1.1s
[   190] loss=-0.8228 | res=2.51e-04 | grad=4.96e-01 | 1.1s
[   191] loss=-0.8795 | res=1.11e-08 | grad=2.63e-01 | 1.1s
[   192] loss=-0.8624 | res=2.50e-04 | grad=5.84e-01 | 1.1s
[   193] loss=-0.9040 | res=6.38e-05 | grad=3.97e-01 | 1.1s
[   194] loss=-0.8957 | res=1.07e-04 | grad=4.37e-01 | 1.1s
[   195] loss=-0.8477 | res=8.25e-05 | grad=5.34e-01 | 1.1s
[   196] loss=-0.7938 | res=1.41e-08 | grad=6.77e-01 | 1.1s
[   197] loss=-0.8280 | res=5.12e-05 | grad=5.19e-01 | 1.1s
[   198] loss=-0.6644 | res=1.68e-04 | grad=1.03e+00 | 1.1s
[   199] loss=-0.8613 | res=1.03e-07 | grad=2.87e-01 | 1.1s
[   200] loss=-0.8265 | res=8.16e-05 | grad=2.66e-01 | 1.1s
[   201] loss=-0.8125 | res=6.54e-09 | grad=6.52e-01 | 1.1s
[   202] loss=-0.8741 | res=5.81e-09 | grad=3.95e-01 | 1.1s
[   203] loss=-0.8323 | res=2.96e-09 | grad=5.30e-01 | 1.1s
[   204] loss=-0.8801 | res=1.45e-15 | grad=4.82e-01 | 1.0s
[   205] loss=-0.8174 | res=2.14e-04 | grad=4.76e-01 | 1.1s
[   206] loss=-0.8667 | res=5.05e-05 | grad=7.89e-01 | 1.1s
[   207] loss=-0.8778 | res=2.83e-04 | grad=5.64e-01 | 1.1s
[   208] loss=-0.7593 | res=5.08e-05 | grad=4.78e-01 | 1.1s
[   209] loss=-0.8663 | res=4.50e-09 | grad=4.65e-01 | 1.1s
[   210] loss=-0.7976 | res=7.41e-05 | grad=3.60e-01 | 1.1s
[   211] loss=-0.7472 | res=1.80e-04 | grad=3.69e-01 | 1.1s
[   212] loss=-0.8169 | res=7.42e-05 | grad=7.23e-01 | 1.0s
[   213] loss=-0.9022 | res=6.35e-05 | grad=3.05e-01 | 1.1s
[   214] loss=-0.8159 | res=1.47e-04 | grad=4.96e-01 | 1.1s
[   215] loss=-0.8520 | res=7.72e-09 | grad=3.67e-01 | 1.1s
[   216] loss=-0.8011 | res=2.74e-05 | grad=5.69e-01 | 1.1s
[   217] loss=-0.9199 | res=5.88e-05 | grad=5.10e-01 | 1.1s
[   218] loss=-0.8968 | res=4.56e-10 | grad=4.60e-01 | 1.1s
[   219] loss=-0.9027 | res=1.61e-04 | grad=4.95e-01 | 1.1s
[   220] loss=-0.8229 | res=1.60e-04 | grad=3.25e-01 | 1.1s
[   221] loss=-0.8422 | res=6.04e-05 | grad=5.55e-01 | 1.1s
[   222] loss=-0.8241 | res=4.55e-05 | grad=1.84e-01 | 1.1s
[   223] loss=-0.8731 | res=3.89e-05 | grad=3.76e-01 | 1.1s
[   224] loss=-0.8503 | res=1.40e-04 | grad=1.66e-01 | 1.1s
[   225] loss=-0.8421 | res=2.40e-15 | grad=4.01e-01 | 1.1s
[   226] loss=-0.7865 | res=3.16e-09 | grad=4.74e-01 | 1.1s
[   227] loss=-0.7502 | res=1.53e-08 | grad=5.31e-01 | 1.1s
[   228] loss=-0.9195 | res=1.81e-15 | grad=5.42e-01 | 1.1s
[   229] loss=-0.7334 | res=2.21e-04 | grad=3.56e-01 | 1.1s
[   230] loss=-0.8239 | res=5.64e-05 | grad=6.44e-01 | 1.1s
[   231] loss=-0.8318 | res=2.57e-04 | grad=3.64e-01 | 1.1s
[   232] loss=-0.8579 | res=5.31e-09 | grad=3.19e-01 | 1.1s
[   233] loss=-0.8669 | res=1.47e-15 | grad=8.10e-01 | 1.1s
[   234] loss=-0.8046 | res=9.43e-09 | grad=9.24e-02 | 1.1s
[   235] loss=-0.8226 | res=1.58e-04 | grad=2.30e-01 | 1.1s
[   236] loss=-0.7724 | res=1.70e-09 | grad=3.00e-01 | 1.1s
[   237] loss=-0.8042 | res=3.31e-09 | grad=2.18e-01 | 1.1s
[   238] loss=-0.8212 | res=2.25e-04 | grad=5.48e-01 | 1.1s
[   239] loss=-0.8243 | res=2.25e-04 | grad=2.75e-01 | 1.1s
[   240] loss=-0.8695 | res=1.05e-04 | grad=2.51e-01 | 1.0s
[   241] loss=-0.8061 | res=1.92e-08 | grad=3.93e-01 | 1.1s
[   242] loss=-0.8360 | res=7.84e-14 | grad=3.88e-01 | 1.1s
[   243] loss=-0.9091 | res=4.86e-04 | grad=3.87e-01 | 1.1s
[   244] loss=-0.8650 | res=1.64e-04 | grad=4.74e-01 | 1.1s
[   245] loss=-0.7924 | res=5.85e-09 | grad=3.96e-01 | 1.1s
[   246] loss=-0.8178 | res=1.44e-08 | grad=3.65e-01 | 1.1s
[   247] loss=-0.8230 | res=7.65e-05 | grad=2.54e-01 | 1.1s
[   248] loss=-0.8548 | res=1.42e-04 | grad=1.84e-01 | 1.1s
[   249] loss=-0.7009 | res=1.81e-15 | grad=7.80e-01 | 1.1s
[   250] loss=-0.8456 | res=1.20e-04 | grad=2.32e-01 | 1.1s
[   251] loss=-0.7326 | res=2.56e-04 | grad=6.95e-01 | 1.1s
[   252] loss=-0.8530 | res=1.11e-04 | grad=3.50e-01 | 1.1s
[   253] loss=-0.8681 | res=3.29e-09 | grad=5.78e-01 | 1.1s
[   254] loss=-0.8179 | res=7.40e-05 | grad=8.69e-02 | 1.1s
[   255] loss=-0.8126 | res=1.33e-04 | grad=4.79e-01 | 1.1s
[   256] loss=-0.9821 | res=8.29e-05 | grad=1.06e+00 | 1.1s
[   257] loss=-0.8558 | res=5.53e-09 | grad=5.79e-01 | 1.1s
[   258] loss=-0.7694 | res=1.99e-15 | grad=3.85e-01 | 1.1s
[   259] loss=-0.8910 | res=6.19e-05 | grad=4.25e-01 | 1.1s
[   260] loss=-0.7571 | res=6.32e-05 | grad=6.32e-01 | 1.1s
[   261] loss=-0.8413 | res=5.24e-05 | grad=3.64e-01 | 1.1s
[   262] loss=-0.8179 | res=3.55e-04 | grad=3.91e-01 | 1.1s
[   263] loss=-0.7916 | res=1.95e-11 | grad=4.27e-01 | 1.1s
[   264] loss=-0.9649 | res=2.76e-09 | grad=4.92e-01 | 1.1s
[   265] loss=-0.7845 | res=5.68e-05 | grad=6.41e-01 | 1.1s
[   266] loss=-0.7356 | res=6.72e-05 | grad=6.99e-01 | 1.1s
[   267] loss=-0.8141 | res=5.17e-09 | grad=1.64e-01 | 1.1s
[   268] loss=-0.8431 | res=1.70e-04 | grad=2.92e-01 | 1.1s
[   269] loss=-0.8705 | res=1.23e-04 | grad=5.36e-01 | 1.1s
[   270] loss=-0.8844 | res=1.41e-04 | grad=7.48e-01 | 1.1s
[   271] loss=-0.8486 | res=7.28e-09 | grad=2.46e-01 | 1.1s
[   272] loss=-0.8323 | res=1.24e-04 | grad=1.86e-01 | 1.1s
[   273] loss=-0.8070 | res=3.09e-04 | grad=4.97e-01 | 1.1s
[   274] loss=-0.8247 | res=1.30e-04 | grad=3.63e-01 | 1.1s
[   275] loss=-0.8279 | res=9.86e-09 | grad=2.51e-01 | 1.1s
[   276] loss=-0.8449 | res=1.43e-04 | grad=4.57e-01 | 1.1s
[   277] loss=-0.8393 | res=6.21e-05 | grad=2.80e-01 | 1.1s
[   278] loss=-0.8518 | res=2.84e-04 | grad=1.92e-01 | 1.1s
[   279] loss=-0.7936 | res=6.80e-05 | grad=3.43e-01 | 1.1s
[   280] loss=-0.8879 | res=1.08e-04 | grad=2.25e-01 | 1.1s
[   281] loss=-0.8391 | res=4.78e-09 | grad=3.81e-01 | 1.1s
[   282] loss=-0.7797 | res=2.59e-09 | grad=2.55e-01 | 1.1s
[   283] loss=-0.8253 | res=1.29e-04 | grad=2.40e-01 | 1.1s
[   284] loss=-0.8827 | res=1.84e-04 | grad=2.95e-01 | 1.1s
[   285] loss=-0.8429 | res=1.43e-12 | grad=8.38e-02 | 1.1s
[   286] loss=-0.7762 | res=5.45e-05 | grad=3.52e-01 | 1.1s
[   287] loss=-0.8406 | res=1.84e-09 | grad=1.15e-01 | 1.1s
[   288] loss=-0.8201 | res=8.33e-05 | grad=4.08e-01 | 1.1s
[   289] loss=-0.8516 | res=5.95e-05 | grad=1.65e-01 | 1.1s
[   290] loss=-0.7324 | res=7.00e-05 | grad=6.22e-01 | 1.1s
[   291] loss=-0.8866 | res=5.89e-05 | grad=6.27e-01 | 1.1s
[   292] loss=-0.8736 | res=1.58e-04 | grad=4.78e-01 | 1.1s
[   293] loss=-0.8696 | res=5.48e-05 | grad=9.98e-02 | 1.1s
[   294] loss=-0.8249 | res=8.47e-05 | grad=2.49e-01 | 1.1s
[   295] loss=-0.8179 | res=7.97e-05 | grad=1.05e-01 | 1.1s
[   296] loss=-0.7897 | res=3.37e-15 | grad=2.20e-01 | 1.1s
[   297] loss=-0.7630 | res=3.38e-09 | grad=2.90e-01 | 1.1s
[   298] loss=-0.8325 | res=1.08e-04 | grad=2.49e-01 | 1.1s
[   299] loss=-0.7800 | res=2.11e-09 | grad=2.99e-01 | 1.1s
[   300] loss=-0.8133 | res=4.25e-10 | grad=3.19e-01 | 1.1s
[   301] loss=-0.8360 | res=1.44e-04 | grad=1.53e-01 | 1.1s
[   302] loss=-0.8360 | res=4.38e-09 | grad=3.64e-01 | 1.1s
[   303] loss=-0.8807 | res=2.95e-04 | grad=2.74e-01 | 1.1s
[   304] loss=-0.8719 | res=2.34e-04 | grad=3.74e-01 | 1.1s
[   305] loss=-0.9113 | res=6.08e-05 | grad=5.13e-01 | 1.1s
[   306] loss=-0.8798 | res=4.17e-09 | grad=3.99e-01 | 1.1s
[   307] loss=-0.7935 | res=7.56e-05 | grad=4.00e-01 | 1.1s
[   308] loss=-0.7333 | res=2.02e-04 | grad=7.18e-01 | 1.1s
[   309] loss=-0.8550 | res=7.93e-05 | grad=1.68e-01 | 1.0s
[   310] loss=-0.9425 | res=1.03e-04 | grad=4.79e-01 | 1.0s
[   311] loss=-0.8446 | res=1.06e-04 | grad=3.81e-01 | 1.1s
[   312] loss=-0.7598 | res=2.55e-04 | grad=6.54e-01 | 1.1s
[   313] loss=-0.7919 | res=1.58e-04 | grad=4.10e-01 | 1.1s
[   314] loss=-0.8032 | res=5.30e-05 | grad=2.97e-01 | 1.1s
[   315] loss=-0.8195 | res=1.34e-04 | grad=3.38e-01 | 1.1s
[   316] loss=-0.8863 | res=5.30e-05 | grad=7.54e-01 | 1.1s
[   317] loss=-0.7131 | res=1.22e-04 | grad=2.19e-01 | 1.1s
[   318] loss=-0.8008 | res=1.85e-09 | grad=2.15e-01 | 1.1s
[   319] loss=-0.8277 | res=2.62e-04 | grad=5.75e-01 | 1.1s
[   320] loss=-0.9200 | res=1.92e-09 | grad=1.06e+00 | 1.1s
[   321] loss=-0.7994 | res=1.88e-09 | grad=1.18e-01 | 1.1s
[   322] loss=-0.7410 | res=1.25e-04 | grad=2.55e-01 | 1.1s
[   323] loss=-0.8424 | res=6.68e-05 | grad=1.64e-01 | 1.1s
[   324] loss=-0.8781 | res=5.73e-05 | grad=6.90e-01 | 1.1s
[   325] loss=-0.8900 | res=6.59e-05 | grad=2.30e-01 | 1.1s
[   326] loss=-0.9080 | res=5.52e-05 | grad=3.95e-01 | 1.1s
[   327] loss=-0.8279 | res=5.67e-05 | grad=6.35e-01 | 1.1s
[   328] loss=-0.8128 | res=1.32e-04 | grad=4.32e-01 | 1.1s
[   329] loss=-0.8517 | res=2.92e-04 | grad=3.72e-01 | 1.1s
[   330] loss=-0.8330 | res=6.01e-05 | grad=4.26e-01 | 1.1s
[   331] loss=-0.8736 | res=1.54e-04 | grad=2.93e-01 | 1.1s
[   332] loss=-0.9410 | res=1.52e-04 | grad=5.92e-01 | 1.1s
[   333] loss=-0.8293 | res=3.08e-04 | grad=2.02e-01 | 1.1s
[   334] loss=-0.8280 | res=1.45e-04 | grad=2.83e-01 | 1.1s
[   335] loss=-0.7570 | res=7.50e-09 | grad=5.20e-01 | 1.1s
[   336] loss=-0.8998 | res=1.78e-04 | grad=2.95e-01 | 1.1s
[   337] loss=-0.8088 | res=2.33e-09 | grad=5.69e-01 | 1.1s
[   338] loss=-0.7455 | res=1.13e-04 | grad=3.78e-01 | 1.1s
[   339] loss=-0.8792 | res=2.64e-11 | grad=7.23e-01 | 1.1s
[   340] loss=-0.8811 | res=2.73e-04 | grad=7.16e-01 | 1.1s
[   341] loss=-0.8728 | res=7.05e-05 | grad=3.07e-01 | 1.1s
[   342] loss=-0.8787 | res=6.82e-05 | grad=4.30e-01 | 1.1s
[   343] loss=-0.8644 | res=1.49e-04 | grad=9.21e-02 | 1.1s
[   344] loss=-0.9000 | res=1.55e-15 | grad=2.67e-01 | 1.1s
[   345] loss=-0.8393 | res=5.55e-05 | grad=2.83e-01 | 1.1s
[   346] loss=-0.7889 | res=9.12e-05 | grad=3.33e-01 | 1.1s
[   347] loss=-0.8585 | res=5.58e-09 | grad=3.05e-01 | 1.1s
[   348] loss=-0.8306 | res=7.86e-05 | grad=5.63e-01 | 1.1s
[   349] loss=-0.8168 | res=1.38e-14 | grad=2.63e-01 | 1.1s
[   350] loss=-0.9644 | res=4.08e-04 | grad=5.03e-01 | 1.0s
[   351] loss=-0.8039 | res=5.82e-05 | grad=3.66e-01 | 1.0s
[   352] loss=-0.7016 | res=6.32e-05 | grad=6.39e-01 | 1.0s
[   353] loss=-0.9274 | res=6.96e-12 | grad=4.23e-01 | 1.0s
[   354] loss=-0.7847 | res=3.11e-05 | grad=3.37e-01 | 1.0s
[   355] loss=-0.8690 | res=1.08e-04 | grad=3.06e-01 | 1.0s
[   356] loss=-0.9159 | res=1.98e-04 | grad=6.14e-01 | 1.0s
[   357] loss=-0.8626 | res=2.41e-05 | grad=1.91e-01 | 1.1s
[   358] loss=-0.8309 | res=1.83e-04 | grad=2.81e-01 | 1.1s
[   359] loss=-0.7575 | res=4.86e-05 | grad=5.41e-01 | 1.1s
[   360] loss=-0.9192 | res=2.96e-08 | grad=2.54e-01 | 1.1s
[   361] loss=-0.9104 | res=6.42e-05 | grad=4.36e-01 | 1.1s
[   362] loss=-0.8384 | res=5.34e-09 | grad=3.87e-01 | 1.1s
[   363] loss=-0.8068 | res=6.94e-05 | grad=3.34e-01 | 1.1s
[   364] loss=-0.8264 | res=3.16e-11 | grad=1.04e-01 | 1.1s
[   365] loss=-0.7902 | res=2.15e-09 | grad=4.36e-01 | 1.1s
[   366] loss=-0.8412 | res=7.56e-05 | grad=2.95e-01 | 1.0s
[   367] loss=-0.8805 | res=5.06e-09 | grad=4.90e-01 | 1.1s
[   368] loss=-0.7876 | res=2.32e-09 | grad=4.08e-01 | 1.1s
[   369] loss=-0.7657 | res=7.60e-09 | grad=3.83e-01 | 1.1s
[   370] loss=-0.8088 | res=4.54e-09 | grad=4.61e-01 | 1.1s
[   371] loss=-0.7943 | res=3.05e-09 | grad=4.03e-01 | 1.1s
[   372] loss=-0.9038 | res=2.60e-09 | grad=7.03e-01 | 1.0s
[   373] loss=-0.8128 | res=1.49e-15 | grad=4.57e-01 | 1.1s
[   374] loss=-0.8117 | res=2.78e-09 | grad=2.31e-01 | 1.1s
[   375] loss=-0.8022 | res=9.02e-09 | grad=2.97e-01 | 1.1s
[   376] loss=-0.8577 | res=5.58e-09 | grad=4.38e-01 | 1.1s
[   377] loss=-0.8936 | res=1.91e-10 | grad=4.49e-01 | 1.1s
[   378] loss=-0.7184 | res=5.40e-05 | grad=6.99e-01 | 1.1s
[   379] loss=-0.8361 | res=3.55e-09 | grad=2.90e-01 | 1.1s
[   380] loss=-0.7894 | res=1.20e-08 | grad=5.12e-01 | 1.1s
[   381] loss=-0.8414 | res=9.05e-05 | grad=2.64e-01 | 1.1s
[   382] loss=-0.8086 | res=1.65e-04 | grad=1.33e-01 | 1.1s
[   383] loss=-0.9001 | res=1.53e-04 | grad=6.70e-01 | 1.1s
[   384] loss=-0.8589 | res=5.55e-05 | grad=1.70e-01 | 1.1s
[   385] loss=-0.8385 | res=1.84e-04 | grad=2.33e-01 | 1.1s
[   386] loss=-0.7475 | res=1.60e-09 | grad=5.25e-01 | 1.1s
[   387] loss=-0.7520 | res=5.62e-05 | grad=7.74e-01 | 1.1s
[   388] loss=-0.8520 | res=5.61e-05 | grad=3.66e-01 | 1.1s
[   389] loss=-0.8735 | res=5.37e-05 | grad=7.23e-01 | 1.1s
[   390] loss=-0.8110 | res=6.87e-09 | grad=3.76e-01 | 1.0s
[   391] loss=-0.8194 | res=6.68e-09 | grad=5.15e-01 | 1.1s
[   392] loss=-0.8684 | res=3.52e-04 | grad=7.62e-01 | 1.1s
[   393] loss=-0.9295 | res=5.18e-09 | grad=5.88e-01 | 1.1s
[   394] loss=-0.8684 | res=4.93e-04 | grad=7.14e-01 | 1.1s
[   395] loss=-0.8178 | res=1.99e-09 | grad=1.39e-01 | 1.1s
[   396] loss=-0.8717 | res=5.25e-06 | grad=6.88e-01 | 1.1s
[   397] loss=-0.7964 | res=1.36e-04 | grad=4.09e-01 | 1.1s
[   398] loss=-0.8029 | res=2.89e-09 | grad=6.40e-01 | 1.1s
[   399] loss=-0.8099 | res=6.20e-05 | grad=6.14e-01 | 1.1s
[   400] loss=-0.7583 | res=1.84e-15 | grad=8.02e-01 | 1.1s
[   401] loss=-0.9099 | res=1.83e-04 | grad=4.16e-01 | 1.1s
[   402] loss=-0.7911 | res=7.10e-05 | grad=3.41e-01 | 1.1s
[   403] loss=-0.8858 | res=3.52e-05 | grad=4.62e-01 | 1.1s
[   404] loss=-0.8853 | res=5.90e-04 | grad=5.33e-01 | 1.1s
[   405] loss=-0.8443 | res=1.30e-04 | grad=7.63e-01 | 1.1s
[   406] loss=-0.7702 | res=9.05e-09 | grad=5.29e-01 | 1.1s
[   407] loss=-0.8177 | res=1.33e-04 | grad=3.06e-01 | 1.1s
[   408] loss=-0.8610 | res=9.60e-05 | grad=4.54e-01 | 1.1s
[   409] loss=-0.9406 | res=3.94e-09 | grad=7.62e-01 | 1.1s
[   410] loss=-0.9178 | res=3.14e-09 | grad=5.88e-01 | 1.1s
[   411] loss=-0.7709 | res=1.06e-04 | grad=6.12e-01 | 1.1s
[   412] loss=-0.8353 | res=6.75e-05 | grad=3.16e-01 | 1.1s
[   413] loss=-0.9215 | res=5.88e-05 | grad=4.34e-01 | 1.1s
[   414] loss=-0.8617 | res=4.99e-04 | grad=8.27e-02 | 1.1s
[   415] loss=-0.8583 | res=1.70e-15 | grad=4.95e-01 | 1.1s
[   416] loss=-0.8893 | res=5.56e-15 | grad=2.82e-01 | 1.1s
[   417] loss=-0.7997 | res=5.47e-05 | grad=6.04e-01 | 1.1s
[   418] loss=-0.8824 | res=6.21e-05 | grad=1.36e-01 | 1.1s
[   419] loss=-0.8275 | res=6.79e-15 | grad=3.41e-01 | 1.1s
[   420] loss=-0.9069 | res=7.65e-05 | grad=3.04e-01 | 1.1s
[   421] loss=-0.7523 | res=6.25e-05 | grad=4.46e-01 | 1.1s
[   422] loss=-0.9259 | res=9.87e-05 | grad=4.80e-01 | 1.1s
[   423] loss=-0.8133 | res=1.69e-15 | grad=2.52e-01 | 1.1s
[   424] loss=-0.8391 | res=1.31e-08 | grad=2.83e-01 | 1.1s
[   425] loss=-0.8311 | res=7.40e-05 | grad=2.77e-01 | 1.1s
[   426] loss=-0.9142 | res=7.83e-05 | grad=5.92e-01 | 1.1s
[   427] loss=-0.8195 | res=3.30e-12 | grad=4.08e-01 | 1.1s
[   428] loss=-0.8287 | res=1.46e-04 | grad=2.51e-01 | 1.1s
[   429] loss=-0.8730 | res=3.62e-09 | grad=2.45e-01 | 1.1s
[   430] loss=-0.8024 | res=1.33e-04 | grad=2.42e-01 | 1.1s
[   431] loss=-0.7455 | res=1.63e-15 | grad=1.26e-01 | 1.1s
[   432] loss=-0.8570 | res=3.09e-09 | grad=4.92e-01 | 1.1s
[   433] loss=-0.8274 | res=6.51e-05 | grad=3.54e-01 | 1.1s
[   434] loss=-0.8596 | res=2.38e-09 | grad=1.61e-01 | 1.1s
[   435] loss=-0.8895 | res=1.83e-08 | grad=3.57e-01 | 1.1s
[   436] loss=-0.8019 | res=4.45e-14 | grad=3.67e-01 | 1.1s
[   437] loss=-0.8082 | res=1.18e-04 | grad=3.90e-01 | 1.1s
[   438] loss=-0.7829 | res=1.77e-15 | grad=5.15e-01 | 1.1s
[   439] loss=-0.8317 | res=2.07e-04 | grad=4.23e-01 | 1.1s
[   440] loss=-0.8313 | res=4.48e-04 | grad=1.88e-01 | 1.1s
[   441] loss=-0.8391 | res=4.20e-05 | grad=5.60e-01 | 1.1s
[   442] loss=-0.9196 | res=5.58e-09 | grad=4.95e-01 | 1.1s
[   443] loss=-0.8718 | res=5.59e-05 | grad=5.71e-01 | 1.1s
[   444] loss=-0.8598 | res=2.44e-04 | grad=3.10e-01 | 1.1s
[   445] loss=-0.8545 | res=5.80e-05 | grad=5.10e-01 | 1.2s
[   446] loss=-0.8542 | res=5.12e-04 | grad=1.19e-01 | 1.1s
[   447] loss=-0.8415 | res=1.55e-05 | grad=5.20e-01 | 1.1s
[   448] loss=-0.7438 | res=2.37e-04 | grad=8.41e-01 | 1.1s
[   449] loss=-0.8136 | res=6.32e-05 | grad=5.64e-01 | 1.1s
[   450] loss=-0.8303 | res=2.39e-15 | grad=4.29e-01 | 1.1s
[   451] loss=-0.7456 | res=1.44e-04 | grad=6.84e-01 | 1.1s
[   452] loss=-0.7449 | res=2.27e-09 | grad=7.60e-01 | 1.1s
[   453] loss=-0.7141 | res=2.49e-04 | grad=1.24e-01 | 1.1s
[   454] loss=-0.8586 | res=1.56e-04 | grad=4.45e-01 | 1.1s
[   455] loss=-0.8806 | res=6.64e-05 | grad=7.73e-01 | 1.1s
[   456] loss=-0.7805 | res=7.66e-05 | grad=5.37e-01 | 1.1s
[   457] loss=-0.8777 | res=7.59e-09 | grad=1.01e+00 | 1.1s
[   458] loss=-0.9247 | res=1.85e-12 | grad=7.90e-01 | 1.1s
[   459] loss=-0.9590 | res=1.84e-04 | grad=1.14e+00 | 1.1s
[   460] loss=-0.8058 | res=1.82e-15 | grad=3.74e-01 | 1.1s
[   461] loss=-0.8327 | res=6.04e-15 | grad=6.99e-01 | 1.1s
[   462] loss=-0.8308 | res=1.40e-04 | grad=6.20e-01 | 1.1s
[   463] loss=-0.8230 | res=3.04e-04 | grad=7.77e-01 | 1.1s
[   464] loss=-0.8977 | res=1.79e-15 | grad=3.78e-01 | 1.1s
[   465] loss=-0.9008 | res=1.56e-04 | grad=3.87e-01 | 1.1s
[   466] loss=-0.8156 | res=5.52e-05 | grad=6.18e-01 | 1.1s
[   467] loss=-0.7416 | res=6.34e-05 | grad=3.72e-01 | 1.1s
[   468] loss=-0.7809 | res=4.14e-09 | grad=5.13e-01 | 1.1s
[   469] loss=-0.8594 | res=1.25e-05 | grad=2.97e-01 | 1.1s
[   470] loss=-0.9016 | res=2.38e-09 | grad=4.98e-01 | 1.1s
[   471] loss=-0.9020 | res=3.43e-12 | grad=5.36e-01 | 1.1s
[   472] loss=-0.8180 | res=6.11e-09 | grad=1.49e-01 | 1.1s
[   473] loss=-0.7703 | res=9.36e-09 | grad=2.78e-01 | 1.1s
[   474] loss=-0.8523 | res=8.75e-05 | grad=4.70e-01 | 1.1s
[   475] loss=-0.8316 | res=5.45e-05 | grad=2.77e-01 | 1.1s
[   476] loss=-0.8848 | res=5.11e-10 | grad=2.91e-01 | 1.1s
[   477] loss=-0.8021 | res=5.53e-05 | grad=2.63e-01 | 1.1s
[   478] loss=-0.9228 | res=1.00e-09 | grad=4.27e-01 | 1.1s
[   479] loss=-0.8836 | res=1.05e-04 | grad=3.04e-01 | 1.1s
[   480] loss=-0.8071 | res=8.94e-05 | grad=4.37e-01 | 1.1s
[   481] loss=-0.8653 | res=2.33e-09 | grad=1.78e-01 | 1.1s
[   482] loss=-0.8495 | res=1.54e-15 | grad=1.57e-01 | 1.1s
[   483] loss=-0.8944 | res=7.49e-05 | grad=1.13e-01 | 1.1s
[   484] loss=-0.8141 | res=1.51e-15 | grad=2.18e-01 | 1.1s
[   485] loss=-0.8187 | res=6.13e-09 | grad=4.14e-01 | 1.1s
[   486] loss=-0.8313 | res=2.14e-04 | grad=9.95e-02 | 1.1s
[   487] loss=-0.8796 | res=3.97e-05 | grad=2.33e-01 | 1.1s
[   488] loss=-0.8403 | res=4.70e-10 | grad=1.94e-01 | 1.1s
[   489] loss=-0.8152 | res=1.50e-15 | grad=1.52e-01 | 1.1s
[   490] loss=-0.8336 | res=1.53e-15 | grad=1.26e-01 | 1.1s
[   491] loss=-0.9278 | res=7.88e-09 | grad=5.02e-01 | 1.1s
[   492] loss=-0.8971 | res=1.98e-15 | grad=2.07e-01 | 1.1s
[   493] loss=-0.7607 | res=1.52e-04 | grad=4.87e-01 | 1.1s
[   494] loss=-0.8741 | res=7.29e-15 | grad=2.54e-01 | 1.1s
[   495] loss=-0.9219 | res=1.42e-15 | grad=4.47e-01 | 1.1s
[   496] loss=-0.8560 | res=5.39e-11 | grad=1.21e-01 | 1.1s
[   497] loss=-0.8134 | res=1.62e-15 | grad=1.50e-01 | 1.1s
[   498] loss=-0.8789 | res=5.04e-10 | grad=3.40e-01 | 1.1s
[   499] loss=-0.9813 | res=1.77e-15 | grad=6.45e-01 | 1.1s
[   500] loss=-0.9583 | res=3.84e-09 | grad=2.90e-01 | 1.1s
[   501] loss=-0.9403 | res=5.66e-05 | grad=3.87e-01 | 1.1s
[   502] loss=-0.8851 | res=2.09e-04 | grad=2.94e-01 | 1.1s
[   503] loss=-0.8168 | res=9.95e-05 | grad=6.89e-01 | 1.1s
[   504] loss=-0.8473 | res=9.46e-05 | grad=6.25e-01 | 1.1s
[   505] loss=-0.8427 | res=4.67e-09 | grad=5.97e-01 | 1.1s
[   506] loss=-0.7748 | res=4.18e-04 | grad=6.27e-01 | 1.1s
[   507] loss=-0.8554 | res=1.68e-04 | grad=3.76e-01 | 1.1s
[   508] loss=-0.8151 | res=5.63e-05 | grad=3.54e-01 | 1.1s
[   509] loss=-0.8152 | res=6.91e-05 | grad=2.22e-01 | 1.1s
[   510] loss=-0.8524 | res=4.73e-09 | grad=4.99e-01 | 1.1s
[   511] loss=-0.8267 | res=1.87e-04 | grad=2.40e-01 | 1.1s
[   512] loss=-0.7961 | res=1.66e-15 | grad=4.06e-01 | 1.1s
[   513] loss=-0.6885 | res=5.12e-05 | grad=3.14e-01 | 1.1s
[   514] loss=-0.7769 | res=3.70e-09 | grad=2.09e-01 | 1.1s
[   515] loss=-0.7873 | res=1.47e-04 | grad=4.85e-01 | 1.1s
[   516] loss=-0.8187 | res=4.40e-04 | grad=5.98e-01 | 1.1s
[   517] loss=-0.7433 | res=3.22e-09 | grad=2.35e-01 | 1.1s
[   518] loss=-0.9288 | res=2.00e-04 | grad=6.88e-01 | 1.1s
[   519] loss=-0.7769 | res=4.34e-09 | grad=2.16e-01 | 1.1s
[   520] loss=-0.8538 | res=1.54e-14 | grad=1.92e-01 | 1.1s
[   521] loss=-0.8411 | res=3.69e-09 | grad=4.30e-01 | 1.1s
[   522] loss=-0.8134 | res=1.85e-15 | grad=6.15e-01 | 1.1s
[   523] loss=-0.8614 | res=5.83e-05 | grad=4.52e-01 | 1.1s
[   524] loss=-0.8255 | res=5.14e-09 | grad=3.77e-01 | 1.1s
[   525] loss=-0.7720 | res=7.70e-10 | grad=2.34e-01 | 1.1s
[   526] loss=-0.8874 | res=6.03e-09 | grad=4.30e-01 | 1.1s
[   527] loss=-0.8144 | res=1.63e-15 | grad=1.77e-01 | 1.1s
[   528] loss=-0.8813 | res=1.41e-04 | grad=5.33e-01 | 1.1s
[   529] loss=-0.8346 | res=7.91e-05 | grad=1.71e-01 | 1.0s
[   530] loss=-0.8983 | res=4.45e-05 | grad=4.33e-01 | 1.1s
[   531] loss=-0.8836 | res=1.37e-04 | grad=2.33e-01 | 1.1s
[   532] loss=-0.7989 | res=8.54e-05 | grad=2.07e-01 | 1.1s
[   533] loss=-0.8260 | res=1.73e-08 | grad=1.44e-01 | 1.1s
[   534] loss=-0.8888 | res=1.16e-04 | grad=2.86e-01 | 1.1s
[   535] loss=-0.8166 | res=4.84e-05 | grad=1.57e-01 | 1.1s
[   536] loss=-0.8809 | res=1.10e-09 | grad=1.03e-01 | 1.1s
[   537] loss=-0.8358 | res=7.28e-05 | grad=1.93e-01 | 1.1s
[   538] loss=-0.7864 | res=6.91e-05 | grad=4.90e-01 | 1.1s
[   539] loss=-0.8922 | res=6.45e-05 | grad=5.15e-01 | 1.1s
[   540] loss=-0.9140 | res=1.51e-15 | grad=4.90e-01 | 1.1s
[   541] loss=-0.7940 | res=5.83e-05 | grad=2.53e-01 | 1.1s
[   542] loss=-0.8673 | res=6.89e-09 | grad=4.18e-01 | 1.0s
[   543] loss=-0.8052 | res=1.27e-09 | grad=3.68e-01 | 1.0s
[   544] loss=-0.8987 | res=1.50e-15 | grad=3.40e-01 | 1.1s
[   545] loss=-0.7990 | res=5.40e-05 | grad=1.55e-01 | 1.1s
[   546] loss=-0.8784 | res=7.63e-05 | grad=3.92e-01 | 1.1s
[   547] loss=-0.8017 | res=3.37e-09 | grad=6.57e-01 | 1.0s
[   548] loss=-0.7989 | res=5.08e-09 | grad=1.97e-01 | 1.1s
[   549] loss=-0.7833 | res=1.23e-08 | grad=3.37e-01 | 1.0s
[   550] loss=-0.7890 | res=3.56e-05 | grad=2.33e-01 | 1.1s
[   551] loss=-0.8289 | res=7.06e-09 | grad=4.24e-01 | 1.1s
[   552] loss=-0.8247 | res=8.91e-12 | grad=6.87e-01 | 1.1s
[   553] loss=-0.8642 | res=7.68e-09 | grad=4.27e-01 | 1.1s
[   554] loss=-0.7956 | res=2.56e-09 | grad=4.67e-01 | 1.1s
[   555] loss=-0.8612 | res=1.01e-04 | grad=3.12e-01 | 1.1s
[   556] loss=-0.7713 | res=1.73e-15 | grad=5.23e-01 | 1.1s
[   557] loss=-0.8436 | res=5.85e-15 | grad=2.79e-01 | 1.1s
[   558] loss=-0.7964 | res=5.05e-05 | grad=3.37e-01 | 1.1s
[   559] loss=-0.8425 | res=1.65e-15 | grad=4.46e-01 | 1.1s
[   560] loss=-0.7629 | res=9.81e-05 | grad=3.22e-01 | 1.1s
[   561] loss=-0.8187 | res=5.06e-09 | grad=3.78e-01 | 1.1s
[   562] loss=-0.7797 | res=5.95e-09 | grad=1.98e-01 | 1.1s
[   563] loss=-0.7901 | res=1.33e-04 | grad=2.97e-01 | 1.1s
[   564] loss=-0.8048 | res=5.32e-05 | grad=3.95e-01 | 1.1s
[   565] loss=-0.7632 | res=6.63e-10 | grad=2.77e-01 | 1.1s
[   566] loss=-0.8781 | res=4.97e-09 | grad=6.57e-01 | 1.1s
[   567] loss=-0.8112 | res=3.86e-09 | grad=3.32e-01 | 1.1s
[   568] loss=-0.8314 | res=3.80e-09 | grad=7.08e-01 | 1.1s
[   569] loss=-0.8461 | res=6.53e-05 | grad=2.91e-01 | 1.1s
[   570] loss=-0.8121 | res=4.35e-09 | grad=4.15e-01 | 1.1s
[   571] loss=-0.8338 | res=1.67e-05 | grad=3.45e-01 | 1.1s
[   572] loss=-0.9132 | res=6.37e-05 | grad=4.55e-01 | 1.1s
[   573] loss=-0.9465 | res=6.48e-05 | grad=4.75e-01 | 1.1s
[   574] loss=-0.8404 | res=2.14e-04 | grad=6.45e-01 | 1.1s
[   575] loss=-0.7696 | res=6.35e-05 | grad=5.78e-01 | 1.1s
[   576] loss=-0.8347 | res=1.82e-09 | grad=6.16e-01 | 1.1s
[   577] loss=-0.8315 | res=1.56e-09 | grad=5.09e-01 | 1.1s
[   578] loss=-0.8586 | res=1.85e-08 | grad=4.32e-01 | 1.1s
[   579] loss=-0.7938 | res=3.03e-09 | grad=3.18e-01 | 1.1s
[   580] loss=-0.8926 | res=1.03e-04 | grad=3.28e-01 | 1.1s
[   581] loss=-0.7707 | res=3.65e-09 | grad=2.89e-01 | 1.1s
[   582] loss=-0.8316 | res=1.48e-13 | grad=2.72e-01 | 1.1s
[   583] loss=-0.8207 | res=4.06e-15 | grad=4.35e-01 | 1.1s
[   584] loss=-0.7507 | res=1.60e-15 | grad=1.78e-01 | 1.1s
[   585] loss=-0.7793 | res=3.73e-09 | grad=3.60e-01 | 1.1s
[   586] loss=-0.8401 | res=3.23e-09 | grad=6.30e-01 | 1.1s
[   587] loss=-0.8065 | res=6.60e-05 | grad=4.12e-01 | 1.1s
[   588] loss=-0.7858 | res=6.73e-05 | grad=1.98e-01 | 1.1s
[   589] loss=-0.8074 | res=6.85e-05 | grad=1.85e-01 | 1.1s
[   590] loss=-0.9186 | res=3.67e-05 | grad=5.28e-01 | 1.1s
[   591] loss=-0.8472 | res=4.36e-15 | grad=2.96e-01 | 1.1s
[   592] loss=-0.8458 | res=1.89e-05 | grad=3.78e-01 | 1.1s
[   593] loss=-0.9156 | res=4.25e-09 | grad=2.40e-01 | 1.1s
[   594] loss=-0.7653 | res=7.29e-09 | grad=7.99e-01 | 1.1s
[   595] loss=-0.7998 | res=3.75e-09 | grad=5.60e-01 | 1.1s
[   596] loss=-0.7126 | res=2.38e-04 | grad=6.30e-01 | 1.1s
[   597] loss=-0.7780 | res=1.38e-15 | grad=4.19e-01 | 1.1s
[   598] loss=-0.8946 | res=3.11e-04 | grad=2.04e-01 | 1.1s
[   599] loss=-0.8787 | res=9.79e-05 | grad=2.06e-01 | 1.1s
[   600] loss=-0.8428 | res=1.36e-15 | grad=2.24e-01 | 1.1s
[   601] loss=-0.8285 | res=7.20e-05 | grad=1.22e-01 | 1.1s
[   602] loss=-0.8826 | res=3.84e-05 | grad=2.33e-01 | 1.1s
[   603] loss=-0.8082 | res=1.29e-15 | grad=4.72e-01 | 1.1s
[   604] loss=-0.8594 | res=3.33e-05 | grad=3.16e-01 | 1.1s
[   605] loss=-0.8292 | res=1.97e-09 | grad=1.09e-01 | 1.1s
[   606] loss=-0.9514 | res=1.61e-04 | grad=5.70e-01 | 1.1s
[   607] loss=-0.9271 | res=3.58e-09 | grad=5.10e-01 | 1.1s
[   608] loss=-0.8297 | res=1.28e-04 | grad=2.53e-01 | 1.1s
[   609] loss=-0.9218 | res=3.41e-04 | grad=4.15e-01 | 1.1s
[   610] loss=-0.7525 | res=4.13e-09 | grad=5.47e-01 | 1.1s
[   611] loss=-0.9307 | res=2.48e-09 | grad=4.36e-01 | 1.1s
[   612] loss=-0.9443 | res=5.54e-05 | grad=2.60e-01 | 1.1s
[   613] loss=-0.7344 | res=6.11e-05 | grad=8.09e-01 | 1.1s
[   614] loss=-0.7774 | res=3.09e-04 | grad=6.15e-01 | 1.1s
[   615] loss=-0.8676 | res=9.59e-06 | grad=2.29e-01 | 1.1s
[   616] loss=-0.8009 | res=1.63e-15 | grad=4.31e-01 | 1.1s
[   617] loss=-0.7738 | res=8.08e-05 | grad=4.38e-01 | 1.1s
[   618] loss=-0.9036 | res=1.61e-15 | grad=5.90e-01 | 1.1s
[   619] loss=-0.8565 | res=5.69e-05 | grad=1.86e-01 | 1.1s
[   620] loss=-0.8984 | res=4.76e-05 | grad=6.10e-01 | 1.1s
[   621] loss=-0.8424 | res=5.38e-09 | grad=3.31e-01 | 1.1s
[   622] loss=-0.8330 | res=3.69e-09 | grad=2.59e-01 | 1.1s
[   623] loss=-0.8143 | res=1.30e-05 | grad=3.18e-01 | 1.1s
[   624] loss=-0.8153 | res=4.71e-04 | grad=2.54e-01 | 1.1s
[   625] loss=-0.8085 | res=4.63e-05 | grad=2.49e-01 | 1.1s
[   626] loss=-0.8002 | res=1.60e-04 | grad=1.65e-01 | 1.1s
[   627] loss=-0.9545 | res=6.58e-05 | grad=5.23e-01 | 1.1s
[   628] loss=-0.8950 | res=2.81e-09 | grad=2.85e-01 | 1.1s
[   629] loss=-0.8396 | res=6.89e-05 | grad=1.08e-01 | 1.1s
[   630] loss=-0.8377 | res=5.24e-09 | grad=1.60e-01 | 1.0s
[   631] loss=-0.8558 | res=3.48e-10 | grad=3.78e-01 | 1.0s
[   632] loss=-0.9550 | res=1.96e-09 | grad=2.83e-01 | 1.0s
[   633] loss=-0.6994 | res=2.23e-14 | grad=1.07e+00 | 1.0s
[   634] loss=-0.7987 | res=2.61e-09 | grad=4.87e-01 | 1.0s
[   635] loss=-0.8138 | res=3.99e-04 | grad=3.56e-01 | 1.1s
[   636] loss=-0.8057 | res=2.51e-09 | grad=1.31e-01 | 1.1s
[   637] loss=-0.7929 | res=1.61e-09 | grad=1.74e-01 | 1.1s
[   638] loss=-0.8584 | res=3.37e-05 | grad=5.51e-01 | 1.1s
[   639] loss=-0.7043 | res=2.91e-04 | grad=3.51e-01 | 1.1s
[   640] loss=-0.8152 | res=1.32e-15 | grad=3.19e-01 | 1.1s
[   641] loss=-0.9007 | res=1.98e-09 | grad=8.22e-01 | 1.1s
[   642] loss=-0.7449 | res=2.82e-04 | grad=1.40e-01 | 1.1s
[   643] loss=-0.8397 | res=1.24e-15 | grad=3.55e-01 | 1.1s
[   644] loss=-0.8716 | res=1.42e-15 | grad=4.31e-01 | 1.1s
[   645] loss=-0.8434 | res=3.51e-08 | grad=3.67e-01 | 1.1s
[   646] loss=-0.8782 | res=1.76e-04 | grad=3.13e-01 | 1.1s
[   647] loss=-0.8208 | res=6.65e-09 | grad=3.10e-01 | 1.1s
[   648] loss=-0.8886 | res=6.08e-12 | grad=4.27e-01 | 1.1s
[   649] loss=-0.9230 | res=7.91e-14 | grad=9.90e-02 | 1.1s
[   650] loss=-0.9417 | res=1.08e-04 | grad=1.51e-01 | 1.1s
[   651] loss=-0.7932 | res=1.02e-14 | grad=3.94e-01 | 1.1s
[   652] loss=-0.9092 | res=1.88e-09 | grad=3.51e-01 | 1.1s
[   653] loss=-0.8406 | res=1.66e-15 | grad=3.50e-01 | 1.1s
[   654] loss=-0.8048 | res=2.54e-04 | grad=7.83e-01 | 1.1s
[   655] loss=-0.9382 | res=1.39e-04 | grad=3.27e-01 | 1.1s
[   656] loss=-0.8229 | res=4.27e-04 | grad=2.66e-01 | 1.1s
[   657] loss=-0.8980 | res=1.04e-08 | grad=1.59e-01 | 1.1s
[   658] loss=-0.7801 | res=6.54e-05 | grad=1.75e-01 | 1.1s
[   659] loss=-0.7747 | res=6.59e-06 | grad=1.90e-01 | 1.1s
[   660] loss=-0.8418 | res=4.55e-05 | grad=4.53e-01 | 1.1s
[   661] loss=-0.8364 | res=1.44e-04 | grad=5.17e-01 | 1.1s
[   662] loss=-0.7975 | res=1.55e-09 | grad=2.45e-01 | 1.1s
[   663] loss=-0.8142 | res=3.20e-09 | grad=5.57e-01 | 1.1s
[   664] loss=-0.7710 | res=6.72e-05 | grad=2.03e-01 | 1.1s
[   665] loss=-0.8341 | res=1.53e-15 | grad=2.63e-01 | 1.1s
[   666] loss=-0.8933 | res=2.29e-05 | grad=3.60e-01 | 1.1s
[   667] loss=-0.7966 | res=1.62e-04 | grad=3.16e-01 | 1.1s
[   668] loss=-0.8903 | res=4.76e-09 | grad=4.17e-01 | 1.1s
[   669] loss=-0.7645 | res=3.61e-09 | grad=6.70e-01 | 1.1s
[   670] loss=-0.8171 | res=9.08e-04 | grad=3.41e-01 | 1.1s
[   671] loss=-0.7503 | res=5.23e-12 | grad=4.92e-01 | 1.1s
[   672] loss=-0.7972 | res=9.14e-05 | grad=5.26e-01 | 1.1s
[   673] loss=-0.8557 | res=2.30e-09 | grad=3.88e-01 | 1.1s
[   674] loss=-0.8680 | res=4.70e-14 | grad=2.84e-01 | 1.1s
[   675] loss=-0.8809 | res=3.56e-09 | grad=5.06e-01 | 1.1s
[   676] loss=-0.9227 | res=7.43e-09 | grad=5.98e-01 | 1.1s
[   677] loss=-0.8528 | res=1.49e-15 | grad=3.01e-01 | 1.1s
[   678] loss=-0.7331 | res=4.74e-09 | grad=6.73e-01 | 1.1s
[   679] loss=-0.9022 | res=3.86e-09 | grad=3.21e-01 | 1.1s
[   680] loss=-0.8199 | res=1.53e-15 | grad=1.61e-01 | 1.1s
[   681] loss=-0.8978 | res=2.53e-09 | grad=1.62e-01 | 1.1s
[   682] loss=-0.9027 | res=1.54e-15 | grad=4.34e-01 | 1.1s
[   683] loss=-0.8295 | res=6.97e-05 | grad=4.13e-01 | 1.1s
[   684] loss=-0.7699 | res=7.10e-05 | grad=7.55e-01 | 1.1s
[   685] loss=-0.8115 | res=3.02e-09 | grad=3.26e-01 | 1.1s
[   686] loss=-0.7993 | res=9.22e-05 | grad=3.93e-01 | 1.1s
[   687] loss=-0.8597 | res=8.27e-05 | grad=2.73e-01 | 1.1s
[   688] loss=-0.7797 | res=3.05e-04 | grad=3.31e-01 | 1.1s
[   689] loss=-0.8670 | res=3.68e-09 | grad=9.54e-02 | 1.1s
[   690] loss=-0.7522 | res=4.67e-14 | grad=1.59e-01 | 1.1s
[   691] loss=-0.8163 | res=7.42e-05 | grad=1.13e-01 | 1.0s
[   692] loss=-0.9131 | res=2.38e-09 | grad=5.91e-01 | 1.0s
[   693] loss=-0.8634 | res=2.48e-05 | grad=3.60e-01 | 1.0s
[   694] loss=-0.8614 | res=2.46e-04 | grad=4.26e-01 | 1.0s
[   695] loss=-0.7880 | res=1.11e-04 | grad=1.27e-01 | 0.9s
[   696] loss=-0.8667 | res=2.79e-09 | grad=3.85e-01 | 1.0s
[   697] loss=-0.7792 | res=4.76e-09 | grad=3.27e-01 | 1.0s
[   698] loss=-0.8328 | res=1.71e-15 | grad=3.60e-01 | 1.0s
[   699] loss=-0.8007 | res=4.89e-09 | grad=1.44e-01 | 1.0s
[   700] loss=-0.8205 | res=1.00e-04 | grad=1.26e-01 | 1.0s
[   701] loss=-0.8820 | res=7.07e-05 | grad=2.32e-01 | 1.0s
[   702] loss=-0.8062 | res=9.20e-09 | grad=2.59e-01 | 1.0s
[   703] loss=-0.7967 | res=3.07e-14 | grad=2.09e-01 | 1.0s
[   704] loss=-0.7741 | res=5.67e-05 | grad=2.82e-01 | 1.0s
[   705] loss=-0.8837 | res=8.89e-09 | grad=3.43e-01 | 1.1s
[   706] loss=-0.8186 | res=6.06e-05 | grad=1.85e-01 | 1.1s
[   707] loss=-0.8448 | res=7.76e-05 | grad=1.28e-01 | 1.1s
[   708] loss=-0.8461 | res=1.99e-12 | grad=3.39e-01 | 1.1s
[   709] loss=-0.8032 | res=2.72e-04 | grad=3.86e-01 | 1.1s
[   710] loss=-0.8374 | res=6.41e-05 | grad=1.51e-01 | 1.1s
[   711] loss=-0.7939 | res=4.12e-09 | grad=2.46e-01 | 1.1s
[   712] loss=-0.9549 | res=7.02e-09 | grad=9.09e-01 | 1.1s
[   713] loss=-0.7457 | res=2.43e-09 | grad=4.20e-01 | 1.1s
[   714] loss=-0.8717 | res=9.66e-09 | grad=3.31e-01 | 1.1s
[   715] loss=-0.8762 | res=3.44e-04 | grad=3.89e-01 | 1.1s
[   716] loss=-0.9016 | res=4.44e-09 | grad=2.85e-01 | 1.1s
[   717] loss=-0.8222 | res=6.37e-05 | grad=4.66e-01 | 1.1s
[   718] loss=-0.6682 | res=1.46e-15 | grad=8.17e-01 | 1.1s
[   719] loss=-0.9293 | res=1.88e-04 | grad=3.81e-01 | 1.1s
[   720] loss=-0.8698 | res=3.12e-10 | grad=2.04e-01 | 1.1s
[   721] loss=-0.7355 | res=1.77e-15 | grad=6.67e-01 | 1.1s
[   722] loss=-0.9245 | res=6.42e-10 | grad=5.59e-01 | 1.1s
[   723] loss=-0.8203 | res=1.62e-10 | grad=3.02e-01 | 1.1s
[   724] loss=-0.8210 | res=3.97e-10 | grad=3.37e-01 | 1.1s
[   725] loss=-0.8488 | res=7.32e-05 | grad=4.13e-01 | 1.1s
[   726] loss=-0.8252 | res=1.27e-04 | grad=2.27e-01 | 1.1s
[   727] loss=-0.7845 | res=1.20e-09 | grad=2.48e-01 | 1.1s
[   728] loss=-0.8149 | res=1.65e-04 | grad=1.07e-01 | 1.1s
[   729] loss=-0.7772 | res=2.74e-14 | grad=4.14e-01 | 1.1s
[   730] loss=-0.8889 | res=2.32e-05 | grad=4.55e-01 | 1.1s
[   731] loss=-0.7293 | res=9.98e-05 | grad=7.62e-01 | 1.1s
[   732] loss=-0.7392 | res=6.14e-09 | grad=3.68e-01 | 1.1s
[   733] loss=-0.7734 | res=6.74e-05 | grad=3.64e-01 | 1.1s
[   734] loss=-0.8059 | res=1.55e-15 | grad=1.44e-01 | 1.1s
[   735] loss=-0.8816 | res=2.45e-04 | grad=1.81e-01 | 1.1s
[   736] loss=-0.7334 | res=6.75e-05 | grad=3.36e-01 | 1.1s
[   737] loss=-0.8704 | res=6.13e-05 | grad=5.90e-01 | 1.1s
[   738] loss=-0.8666 | res=3.12e-09 | grad=4.39e-01 | 1.1s
[   739] loss=-0.8548 | res=1.00e-04 | grad=6.11e-01 | 1.1s
[   740] loss=-0.8592 | res=1.52e-15 | grad=3.60e-01 | 1.1s
[   741] loss=-0.8103 | res=1.30e-10 | grad=3.36e-01 | 1.1s
[   742] loss=-0.8699 | res=1.51e-04 | grad=2.97e-01 | 1.1s
[   743] loss=-0.7341 | res=3.05e-04 | grad=5.15e-01 | 1.1s
[   744] loss=-0.7329 | res=6.57e-05 | grad=5.39e-01 | 1.1s
[   745] loss=-0.9058 | res=1.14e-08 | grad=4.05e-01 | 1.1s
[   746] loss=-0.8472 | res=1.47e-15 | grad=1.24e-01 | 1.1s
[   747] loss=-0.8262 | res=1.72e-08 | grad=3.40e-01 | 1.1s
[   748] loss=-0.8202 | res=5.16e-05 | grad=2.50e-01 | 1.1s
[   749] loss=-0.8320 | res=2.65e-04 | grad=1.94e-01 | 1.1s
[   750] loss=-0.8366 | res=6.44e-05 | grad=1.39e-01 | 1.1s
[   751] loss=-0.8253 | res=1.39e-15 | grad=3.13e-01 | 1.1s
[   752] loss=-0.7852 | res=4.92e-10 | grad=3.40e-01 | 1.1s
[   753] loss=-0.8460 | res=4.05e-09 | grad=1.36e-01 | 1.1s
[   754] loss=-0.8525 | res=5.79e-05 | grad=2.96e-01 | 1.1s
[   755] loss=-0.8247 | res=1.86e-04 | grad=2.38e-01 | 1.1s
[   756] loss=-0.8276 | res=6.13e-05 | grad=2.81e-01 | 1.1s
[   757] loss=-0.9352 | res=1.30e-08 | grad=3.82e-01 | 1.1s
[   758] loss=-0.7642 | res=6.78e-05 | grad=5.70e-01 | 1.1s
[   759] loss=-0.9023 | res=3.23e-05 | grad=3.65e-01 | 1.1s
[   760] loss=-0.9048 | res=1.07e-04 | grad=3.45e-01 | 1.1s
[   761] loss=-0.8246 | res=1.35e-15 | grad=2.13e-01 | 1.1s
[   762] loss=-0.9238 | res=2.05e-04 | grad=2.74e-01 | 1.1s
[   763] loss=-0.7665 | res=7.59e-05 | grad=3.57e-01 | 1.1s
[   764] loss=-0.8294 | res=1.60e-15 | grad=4.05e-01 | 1.1s
[   765] loss=-0.8034 | res=4.35e-09 | grad=1.88e-01 | 1.1s
[   766] loss=-0.8007 | res=3.68e-04 | grad=4.84e-01 | 1.1s
[   767] loss=-0.8582 | res=2.26e-09 | grad=2.40e-01 | 1.1s
[   768] loss=-0.8295 | res=1.75e-15 | grad=2.46e-01 | 1.1s
[   769] loss=-0.8825 | res=6.74e-05 | grad=2.49e-01 | 1.1s
[   770] loss=-0.8829 | res=2.50e-09 | grad=4.31e-01 | 1.1s
[   771] loss=-0.8380 | res=7.49e-05 | grad=3.96e-01 | 1.1s
[   772] loss=-0.7669 | res=8.75e-09 | grad=2.98e-01 | 1.1s
[   773] loss=-0.8173 | res=1.03e-04 | grad=3.64e-01 | 1.1s
[   774] loss=-0.8334 | res=1.04e-04 | grad=3.36e-01 | 1.1s
[   775] loss=-0.8252 | res=1.92e-09 | grad=2.14e-01 | 1.1s
[   776] loss=-0.7742 | res=1.99e-08 | grad=4.83e-01 | 1.1s
[   777] loss=-0.8706 | res=2.91e-04 | grad=2.28e-01 | 1.1s
[   778] loss=-0.8095 | res=4.30e-05 | grad=1.38e-01 | 1.1s
[   779] loss=-0.6926 | res=2.54e-05 | grad=6.06e-01 | 1.1s
[   780] loss=-0.8650 | res=1.22e-08 | grad=4.30e-01 | 1.1s
[   781] loss=-0.8523 | res=2.79e-12 | grad=5.72e-01 | 1.1s
[   782] loss=-0.8664 | res=2.96e-09 | grad=5.25e-01 | 1.1s
[   783] loss=-0.7419 | res=1.66e-12 | grad=3.70e-01 | 1.1s
[   784] loss=-0.7936 | res=1.53e-15 | grad=1.69e-01 | 1.1s
[   785] loss=-0.7630 | res=6.08e-05 | grad=1.29e-01 | 1.1s
[   786] loss=-0.7749 | res=1.28e-13 | grad=1.89e-01 | 1.1s
[   787] loss=-0.8848 | res=1.99e-09 | grad=3.85e-01 | 1.1s
[   788] loss=-0.9846 | res=7.17e-05 | grad=9.63e-01 | 1.1s
[   789] loss=-0.8090 | res=1.56e-08 | grad=3.42e-01 | 1.1s
[   790] loss=-0.7953 | res=1.58e-04 | grad=2.66e-01 | 1.1s
[   791] loss=-0.8791 | res=1.81e-04 | grad=2.18e-01 | 1.1s
[   792] loss=-0.7101 | res=1.25e-04 | grad=5.22e-01 | 1.1s
[   793] loss=-0.8640 | res=3.27e-08 | grad=2.75e-01 | 1.1s
[   794] loss=-0.8427 | res=1.33e-14 | grad=2.36e-01 | 1.1s
[   795] loss=-0.8356 | res=2.22e-09 | grad=9.51e-02 | 1.1s
[   796] loss=-0.8588 | res=9.38e-09 | grad=3.86e-01 | 1.1s
[   797] loss=-0.8753 | res=3.09e-05 | grad=2.61e-01 | 1.1s
[   798] loss=-0.7139 | res=2.46e-09 | grad=6.33e-01 | 1.1s
[   799] loss=-0.8848 | res=5.90e-05 | grad=1.16e-01 | 1.1s
[   800] loss=-0.8677 | res=1.69e-04 | grad=3.02e-01 | 1.1s
[   801] loss=-0.8397 | res=2.90e-11 | grad=9.89e-02 | 1.1s
[   802] loss=-0.7646 | res=1.01e-04 | grad=3.08e-01 | 1.1s
[   803] loss=-0.8914 | res=2.81e-09 | grad=4.08e-01 | 1.1s
[   804] loss=-0.8761 | res=2.40e-04 | grad=5.07e-01 | 1.1s
[   805] loss=-0.9344 | res=6.94e-09 | grad=4.65e-01 | 1.1s
[   806] loss=-0.9037 | res=1.52e-09 | grad=1.20e-01 | 1.1s
[   807] loss=-0.8067 | res=1.61e-04 | grad=2.09e-01 | 1.1s
[   808] loss=-0.8131 | res=6.54e-05 | grad=6.21e-01 | 1.1s
[   809] loss=-0.7419 | res=2.88e-04 | grad=6.20e-01 | 1.1s
[   810] loss=-0.7190 | res=1.57e-15 | grad=5.93e-01 | 1.1s
[   811] loss=-0.7530 | res=5.44e-11 | grad=5.64e-01 | 1.1s
[   812] loss=-0.7840 | res=7.04e-05 | grad=2.67e-01 | 1.1s
[   813] loss=-0.7963 | res=1.37e-05 | grad=1.95e-01 | 1.2s
[   814] loss=-0.8638 | res=1.33e-15 | grad=6.72e-01 | 1.1s
[   815] loss=-0.9068 | res=1.46e-15 | grad=8.35e-01 | 1.1s
[   816] loss=-0.8497 | res=1.69e-09 | grad=4.87e-01 | 1.1s
[   817] loss=-0.7879 | res=1.24e-04 | grad=2.12e-01 | 1.1s
[   818] loss=-0.8423 | res=2.10e-04 | grad=4.06e-01 | 1.1s
[   819] loss=-0.7358 | res=1.31e-04 | grad=5.87e-01 | 1.1s
[   820] loss=-0.8263 | res=1.46e-10 | grad=3.73e-01 | 1.1s
[   821] loss=-0.8305 | res=6.00e-05 | grad=3.49e-01 | 1.1s
[   822] loss=-0.8451 | res=9.10e-12 | grad=1.46e-01 | 1.1s
[   823] loss=-0.8943 | res=3.33e-09 | grad=1.10e-01 | 1.1s
[   824] loss=-0.7627 | res=2.43e-09 | grad=5.71e-01 | 1.1s
[   825] loss=-0.9049 | res=1.36e-04 | grad=1.53e-01 | 1.1s
[   826] loss=-0.7498 | res=6.43e-05 | grad=5.20e-01 | 1.1s
[   827] loss=-0.7319 | res=5.28e-05 | grad=3.01e-01 | 1.1s
[   828] loss=-0.9493 | res=2.55e-04 | grad=1.01e+00 | 1.1s
[   829] loss=-0.9141 | res=4.14e-14 | grad=5.19e-01 | 1.1s
[   830] loss=-0.8978 | res=4.27e-05 | grad=4.21e-01 | 1.1s
[   831] loss=-0.9163 | res=1.25e-08 | grad=3.14e-01 | 1.1s
[   832] loss=-0.8920 | res=2.92e-09 | grad=1.41e-01 | 1.1s
[   833] loss=-0.8368 | res=6.01e-05 | grad=4.24e-01 | 1.1s
[   834] loss=-0.8701 | res=5.69e-09 | grad=4.67e-01 | 1.1s
[   835] loss=-0.9614 | res=2.86e-12 | grad=1.23e-01 | 1.1s
[   836] loss=-0.8297 | res=4.16e-04 | grad=5.16e-01 | 1.1s
[   837] loss=-0.7401 | res=1.56e-15 | grad=6.53e-01 | 1.2s
[   838] loss=-0.8400 | res=5.16e-11 | grad=2.56e-01 | 1.1s
[   839] loss=-0.9331 | res=3.38e-04 | grad=3.75e-01 | 1.1s
[   840] loss=-0.8403 | res=9.48e-09 | grad=3.19e-01 | 1.1s
[   841] loss=-0.7951 | res=2.52e-10 | grad=2.11e-01 | 1.1s
[   842] loss=-0.8049 | res=6.67e-09 | grad=1.84e-01 | 1.1s
[   843] loss=-0.7477 | res=4.96e-06 | grad=4.45e-01 | 1.1s
[   844] loss=-0.9003 | res=3.89e-09 | grad=8.01e-01 | 1.1s
[   845] loss=-0.8326 | res=3.54e-09 | grad=7.03e-01 | 1.1s
[   846] loss=-0.8038 | res=8.80e-10 | grad=2.91e-01 | 1.1s
[   847] loss=-0.7958 | res=4.44e-05 | grad=3.34e-01 | 1.1s
[   848] loss=-0.8151 | res=4.40e-09 | grad=3.91e-01 | 1.1s
[   849] loss=-0.8774 | res=1.69e-09 | grad=4.84e-01 | 1.1s
[   850] loss=-0.8659 | res=6.16e-11 | grad=1.56e-01 | 1.1s
[   851] loss=-0.9860 | res=3.17e-09 | grad=3.95e-01 | 1.1s
[   852] loss=-0.8696 | res=1.43e-15 | grad=6.27e-02 | 1.1s
[   853] loss=-0.8385 | res=6.74e-05 | grad=4.80e-01 | 1.1s
[   854] loss=-0.8136 | res=2.12e-09 | grad=6.13e-01 | 1.1s
[   855] loss=-0.7853 | res=4.67e-09 | grad=6.89e-01 | 1.1s
[   856] loss=-0.9202 | res=4.31e-09 | grad=1.98e-01 | 1.1s
[   857] loss=-0.7798 | res=1.52e-05 | grad=6.58e-01 | 1.1s
[   858] loss=-0.8413 | res=1.36e-13 | grad=3.93e-01 | 1.1s
[   859] loss=-0.7292 | res=1.79e-04 | grad=4.41e-01 | 1.1s
[   860] loss=-0.8493 | res=4.73e-05 | grad=5.26e-01 | 1.1s
[   861] loss=-0.7161 | res=4.33e-04 | grad=1.10e-01 | 1.1s
[   862] loss=-0.8852 | res=3.60e-04 | grad=1.11e+00 | 1.1s
[   863] loss=-0.7995 | res=6.30e-05 | grad=6.04e-01 | 1.1s
[   864] loss=-0.9268 | res=6.19e-05 | grad=9.29e-01 | 1.1s
[   865] loss=-0.8154 | res=9.75e-05 | grad=4.00e-01 | 1.1s
[   866] loss=-0.9060 | res=1.31e-15 | grad=5.71e-01 | 1.1s
[   867] loss=-0.8520 | res=1.08e-09 | grad=3.60e-01 | 1.1s
[   868] loss=-0.8697 | res=2.89e-04 | grad=3.97e-01 | 1.1s
[   869] loss=-0.8003 | res=1.30e-04 | grad=7.00e-01 | 1.1s
[   870] loss=-0.9936 | res=1.80e-15 | grad=2.62e-01 | 1.1s
[   871] loss=-0.8047 | res=6.39e-05 | grad=3.15e-01 | 1.1s
[   872] loss=-0.8232 | res=1.93e-04 | grad=1.07e+00 | 1.1s
[   873] loss=-0.8465 | res=1.68e-15 | grad=6.75e-01 | 1.1s
[   874] loss=-0.8468 | res=1.69e-04 | grad=3.69e-01 | 1.1s
[   875] loss=-0.8941 | res=1.40e-04 | grad=3.44e-01 | 1.1s
[   876] loss=-0.8656 | res=2.27e-05 | grad=4.94e-01 | 1.1s
[   877] loss=-0.8647 | res=8.49e-05 | grad=8.20e-01 | 1.1s
[   878] loss=-0.8827 | res=2.89e-04 | grad=5.96e-01 | 1.1s
[   879] loss=-0.8689 | res=1.45e-04 | grad=4.58e-01 | 1.1s
[   880] loss=-0.8418 | res=1.58e-04 | grad=7.06e-01 | 1.1s
[   881] loss=-0.8543 | res=4.45e-09 | grad=1.49e-01 | 1.1s
[   882] loss=-0.8073 | res=6.08e-05 | grad=1.96e-01 | 1.1s
[   883] loss=-0.7916 | res=2.75e-04 | grad=5.45e-01 | 1.1s
[   884] loss=-0.8089 | res=1.32e-11 | grad=3.90e-01 | 1.1s
[   885] loss=-0.8133 | res=1.90e-04 | grad=3.68e-01 | 1.1s
[   886] loss=-0.8862 | res=2.30e-04 | grad=1.53e-01 | 1.1s
[   887] loss=-0.8135 | res=1.59e-15 | grad=2.73e-01 | 1.1s
[   888] loss=-0.8509 | res=6.53e-05 | grad=2.33e-01 | 1.1s
[   889] loss=-0.8503 | res=3.23e-09 | grad=1.53e-01 | 1.1s
[   890] loss=-0.8238 | res=5.91e-05 | grad=1.22e-01 | 1.1s
[   891] loss=-0.8922 | res=1.47e-15 | grad=3.00e-01 | 1.1s
[   892] loss=-0.7989 | res=6.74e-05 | grad=2.92e-01 | 1.1s
[   893] loss=-0.8966 | res=4.37e-04 | grad=2.92e-01 | 1.1s
[   894] loss=-0.8487 | res=2.65e-04 | grad=2.11e-01 | 1.1s
[   895] loss=-0.8098 | res=5.87e-09 | grad=2.68e-01 | 1.1s
[   896] loss=-0.9234 | res=9.59e-05 | grad=5.45e-01 | 1.1s
[   897] loss=-0.8476 | res=1.45e-15 | grad=3.17e-01 | 1.1s
[   898] loss=-0.8214 | res=1.32e-04 | grad=7.41e-02 | 1.1s
[   899] loss=-0.7600 | res=1.47e-08 | grad=2.33e-01 | 1.1s
[   900] loss=-0.8653 | res=1.44e-15 | grad=1.18e-01 | 1.1s
[   901] loss=-0.9194 | res=5.04e-05 | grad=3.46e-01 | 1.1s
[   902] loss=-0.8845 | res=6.32e-05 | grad=2.85e-01 | 1.1s
[   903] loss=-0.8426 | res=3.56e-15 | grad=2.22e-01 | 1.1s
[   904] loss=-0.7999 | res=8.02e-15 | grad=4.72e-01 | 1.1s
[   905] loss=-0.9063 | res=6.07e-05 | grad=3.39e-01 | 1.1s
[   906] loss=-0.7746 | res=3.88e-05 | grad=5.34e-01 | 1.1s
[   907] loss=-0.7942 | res=1.86e-08 | grad=3.19e-01 | 1.1s
[   908] loss=-0.8829 | res=1.71e-04 | grad=2.61e-01 | 1.1s
[   909] loss=-0.9151 | res=2.19e-04 | grad=6.01e-01 | 1.1s
[   910] loss=-0.8720 | res=9.58e-05 | grad=3.16e-01 | 1.1s
[   911] loss=-0.8457 | res=2.17e-04 | grad=2.86e-01 | 1.1s
[   912] loss=-0.8948 | res=1.99e-04 | grad=2.43e-01 | 1.1s
[   913] loss=-0.8035 | res=3.62e-09 | grad=1.06e-01 | 1.1s
[   914] loss=-0.8290 | res=5.86e-09 | grad=4.00e-01 | 1.1s
[   915] loss=-0.7979 | res=1.89e-09 | grad=1.41e-01 | 1.1s
[   916] loss=-0.7930 | res=1.04e-14 | grad=3.60e-01 | 1.1s
[   917] loss=-0.6879 | res=1.57e-15 | grad=6.93e-01 | 1.1s
[   918] loss=-0.8036 | res=1.41e-12 | grad=4.72e-01 | 1.1s
[   919] loss=-0.7543 | res=1.39e-15 | grad=2.16e-01 | 1.1s
[   920] loss=-0.8715 | res=1.42e-15 | grad=5.57e-01 | 1.1s
[   921] loss=-0.8184 | res=1.54e-04 | grad=4.27e-01 | 1.1s
[   922] loss=-0.8463 | res=1.49e-05 | grad=4.32e-01 | 1.1s
[   923] loss=-0.8245 | res=2.27e-04 | grad=4.05e-01 | 1.1s
[   924] loss=-0.8761 | res=7.03e-05 | grad=4.88e-01 | 1.1s
[   925] loss=-0.7934 | res=1.86e-04 | grad=3.84e-01 | 1.1s
[   926] loss=-0.7784 | res=1.90e-04 | grad=3.89e-01 | 1.1s
[   927] loss=-0.8091 | res=2.26e-04 | grad=2.43e-01 | 1.1s
[   928] loss=-0.8611 | res=4.70e-09 | grad=1.77e-01 | 1.1s
[   929] loss=-0.8324 | res=6.34e-05 | grad=2.05e-01 | 1.1s
[   930] loss=-0.8856 | res=1.72e-14 | grad=1.21e-01 | 1.1s
[   931] loss=-0.8678 | res=1.32e-04 | grad=7.80e-02 | 1.1s
[   932] loss=-0.8237 | res=4.23e-09 | grad=5.16e-01 | 1.1s
[   933] loss=-0.6759 | res=1.84e-04 | grad=9.49e-01 | 1.1s
[   934] loss=-0.8217 | res=2.17e-04 | grad=3.45e-01 | 1.1s
[   935] loss=-0.8762 | res=1.35e-09 | grad=4.70e-01 | 1.1s
[   936] loss=-0.8126 | res=1.44e-15 | grad=2.89e-01 | 1.1s
[   937] loss=-0.7817 | res=1.26e-09 | grad=3.20e-01 | 1.1s
[   938] loss=-0.8566 | res=6.24e-11 | grad=4.92e-01 | 1.1s
[   939] loss=-0.7802 | res=1.55e-04 | grad=4.51e-01 | 1.1s
[   940] loss=-0.9001 | res=1.71e-15 | grad=7.77e-01 | 1.1s
[   941] loss=-0.8611 | res=9.55e-05 | grad=3.15e-01 | 1.1s
[   942] loss=-0.8370 | res=3.38e-05 | grad=1.89e-01 | 1.1s
[   943] loss=-0.8511 | res=1.67e-11 | grad=2.24e-01 | 1.1s
[   944] loss=-0.8420 | res=8.46e-11 | grad=4.24e-01 | 1.1s
[   945] loss=-0.8420 | res=4.39e-05 | grad=4.76e-01 | 1.1s
[   946] loss=-0.8236 | res=6.86e-05 | grad=5.31e-01 | 1.1s
[   947] loss=-0.7467 | res=1.86e-15 | grad=9.79e-01 | 1.1s
[   948] loss=-0.8055 | res=3.10e-09 | grad=3.95e-01 | 1.1s
[   949] loss=-0.9203 | res=5.94e-10 | grad=2.67e-01 | 1.1s
[   950] loss=-0.9293 | res=7.02e-09 | grad=6.43e-01 | 1.1s
[   951] loss=-0.7307 | res=6.40e-05 | grad=2.32e-01 | 1.1s
[   952] loss=-0.8854 | res=5.73e-05 | grad=4.14e-01 | 1.1s
[   953] loss=-0.8879 | res=4.49e-05 | grad=4.80e-01 | 1.1s
[   954] loss=-0.8550 | res=9.71e-05 | grad=2.32e-01 | 1.1s
[   955] loss=-0.9000 | res=2.13e-04 | grad=3.66e-01 | 1.1s
[   956] loss=-0.8239 | res=6.25e-05 | grad=1.54e-01 | 1.1s
[   957] loss=-0.9507 | res=9.34e-13 | grad=4.98e-01 | 1.1s
[   958] loss=-0.8002 | res=3.93e-09 | grad=5.55e-01 | 1.1s
[   959] loss=-0.7911 | res=2.38e-04 | grad=3.87e-01 | 1.1s
[   960] loss=-0.7799 | res=1.02e-04 | grad=4.51e-01 | 1.1s
[   961] loss=-0.8588 | res=3.37e-09 | grad=1.13e-01 | 1.1s
[   962] loss=-0.8944 | res=1.38e-15 | grad=2.13e-01 | 1.1s
[   963] loss=-0.8061 | res=1.56e-15 | grad=4.81e-01 | 1.1s
[   964] loss=-0.9089 | res=8.34e-05 | grad=3.14e-01 | 1.1s
[   965] loss=-0.8133 | res=2.90e-11 | grad=3.76e-01 | 1.1s
[   966] loss=-0.8214 | res=3.14e-11 | grad=1.70e-01 | 1.1s
[   967] loss=-0.8473 | res=3.27e-04 | grad=1.32e-01 | 1.1s
[   968] loss=-0.8431 | res=2.14e-09 | grad=1.97e-01 | 1.1s
[   969] loss=-0.8234 | res=3.76e-04 | grad=2.58e-01 | 1.1s
[   970] loss=-0.7758 | res=5.88e-09 | grad=1.06e-01 | 1.1s
[   971] loss=-0.8866 | res=5.29e-10 | grad=4.44e-01 | 1.1s
[   972] loss=-0.8228 | res=8.69e-05 | grad=3.33e-01 | 1.1s
[   973] loss=-0.7944 | res=1.63e-09 | grad=1.53e-01 | 1.1s
[   974] loss=-0.8057 | res=1.61e-15 | grad=3.43e-01 | 1.1s
[   975] loss=-0.7814 | res=4.14e-04 | grad=4.85e-01 | 1.2s
[   976] loss=-0.9380 | res=2.95e-14 | grad=5.11e-01 | 1.1s
[   977] loss=-0.9321 | res=2.15e-10 | grad=7.32e-01 | 1.1s
[   978] loss=-0.8063 | res=3.72e-10 | grad=4.08e-01 | 1.1s
[   979] loss=-0.7840 | res=7.40e-05 | grad=4.03e-01 | 1.1s
[   980] loss=-0.8728 | res=1.53e-15 | grad=2.08e-01 | 1.1s
[   981] loss=-0.8570 | res=5.92e-05 | grad=1.39e-01 | 1.1s
[   982] loss=-0.8284 | res=7.58e-05 | grad=2.62e-01 | 1.1s
[   983] loss=-0.8483 | res=2.97e-04 | grad=1.99e-01 | 1.1s
[   984] loss=-0.7751 | res=3.34e-08 | grad=2.27e-01 | 1.1s
[   985] loss=-0.7881 | res=1.58e-04 | grad=1.86e-01 | 1.1s
[   986] loss=-0.8621 | res=4.53e-15 | grad=3.50e-01 | 1.1s
[   987] loss=-0.8705 | res=1.45e-15 | grad=1.11e-01 | 1.1s
[   988] loss=-0.7909 | res=6.53e-05 | grad=2.22e-01 | 1.1s
[   989] loss=-0.7632 | res=1.33e-04 | grad=4.12e-01 | 1.1s
[   990] loss=-0.8722 | res=1.38e-15 | grad=3.73e-01 | 1.1s
[   991] loss=-0.7839 | res=3.77e-09 | grad=2.76e-01 | 1.1s
[   992] loss=-0.8684 | res=3.11e-09 | grad=3.56e-01 | 1.1s
[   993] loss=-0.7471 | res=6.33e-04 | grad=6.20e-01 | 1.1s
[   994] loss=-0.8391 | res=2.47e-09 | grad=3.42e-01 | 1.1s
[   995] loss=-0.8612 | res=1.96e-09 | grad=4.31e-01 | 1.1s
[   996] loss=-0.7896 | res=1.60e-04 | grad=1.72e-01 | 1.1s
[   997] loss=-0.8663 | res=9.47e-05 | grad=1.21e-01 | 1.2s
[   998] loss=-0.8099 | res=7.50e-05 | grad=1.62e-01 | 1.1s
[   999] loss=-0.8053 | res=2.74e-04 | grad=3.14e-01 | 1.1s
[  1000] loss=-0.8394 | res=1.54e-09 | grad=2.52e-01 | 1.1s
  KL = 0.0197 +/- 0.0009  |  ESS = 1004.3 (ratio: 0.981)
  Runtime = 1098.2s

[Ours] Training on S5...
/home/sjbhatt/anaconda3/envs/rcpms-jax/lib/python3.10/site-packages/jax/_src/ops/scatter.py:92: FutureWarning: scatter inputs have incompatible types: cannot safely cast value from dtype=int64 to dtype=int32 with jax_numpy_dtype_promotion='standard'. In future JAX releases this will result in an error.
  warnings.warn(
/home/sjbhatt/anaconda3/envs/rcpms-jax/lib/python3.10/site-packages/jax/_src/ops/scatter.py:92: FutureWarning: scatter inputs have incompatible types: cannot safely cast value from dtype=int64 to dtype=int32 with jax_numpy_dtype_promotion='standard'. In future JAX releases this will result in an error.
  warnings.warn(
[     1] loss=0.0009 | res=6.43e-09 | grad=4.50e+00 | 6.7s
[     2] loss=-0.1053 | res=3.05e-09 | grad=4.27e+00 | 1.2s
[     3] loss=-0.1890 | res=2.01e-08 | grad=3.88e+00 | 1.2s
[     4] loss=-0.2538 | res=1.41e-08 | grad=2.92e+00 | 1.2s
[     5] loss=-0.3657 | res=1.83e-08 | grad=3.21e+00 | 1.2s
[     6] loss=-0.3706 | res=2.82e-08 | grad=2.01e+00 | 1.2s
[     7] loss=-0.4062 | res=3.99e-08 | grad=1.35e+00 | 1.1s
[     8] loss=-0.4403 | res=5.37e-08 | grad=1.04e+00 | 1.2s
[     9] loss=-0.4302 | res=5.18e-08 | grad=9.02e-01 | 1.2s
[    10] loss=-0.4269 | res=7.55e-08 | grad=1.31e+00 | 1.2s
[    11] loss=-0.4268 | res=6.85e-08 | grad=1.59e+00 | 1.2s
[    12] loss=-0.4599 | res=4.46e-08 | grad=1.42e+00 | 1.2s
[    13] loss=-0.4112 | res=5.57e-08 | grad=1.84e+00 | 1.2s
[    14] loss=-0.3594 | res=8.06e-08 | grad=1.83e+00 | 1.1s
[    15] loss=-0.4377 | res=4.49e-08 | grad=1.34e+00 | 1.2s
[    16] loss=-0.4849 | res=5.06e-08 | grad=1.19e+00 | 1.2s
[    17] loss=-0.4197 | res=3.81e-08 | grad=1.15e+00 | 1.2s
[    18] loss=-0.4613 | res=2.07e-08 | grad=9.14e-01 | 1.2s
[    19] loss=-0.4479 | res=2.62e-08 | grad=4.51e-01 | 1.2s
[    20] loss=-0.5707 | res=1.73e-08 | grad=1.09e+00 | 1.2s
[    21] loss=-0.4169 | res=4.14e-08 | grad=3.50e-01 | 1.2s
[    22] loss=-0.4321 | res=2.17e-08 | grad=5.37e-01 | 1.2s
[    23] loss=-0.4823 | res=1.69e-08 | grad=9.31e-01 | 1.2s
[    24] loss=-0.4581 | res=1.21e-08 | grad=7.54e-01 | 1.2s
[    25] loss=-0.4210 | res=1.86e-08 | grad=6.10e-01 | 1.2s
[    26] loss=-0.5525 | res=1.43e-08 | grad=9.41e-01 | 1.2s
[    27] loss=-0.5083 | res=6.80e-09 | grad=8.74e-01 | 1.2s
[    28] loss=-0.4432 | res=2.02e-08 | grad=7.92e-01 | 1.2s
[    29] loss=-0.4436 | res=2.12e-08 | grad=6.22e-01 | 1.2s
[    30] loss=-0.4533 | res=1.84e-08 | grad=4.14e-01 | 1.2s
[    31] loss=-0.4510 | res=2.70e-08 | grad=6.11e-01 | 1.2s
[    32] loss=-0.3935 | res=1.55e-08 | grad=6.60e-01 | 1.2s
[    33] loss=-0.4828 | res=2.74e-08 | grad=5.86e-01 | 1.2s
[    34] loss=-0.4910 | res=3.19e-08 | grad=4.92e-01 | 1.2s
[    35] loss=-0.4574 | res=1.77e-08 | grad=4.75e-01 | 1.1s
[    36] loss=-0.4033 | res=2.21e-08 | grad=8.46e-01 | 1.2s
[    37] loss=-0.4538 | res=1.14e-08 | grad=4.22e-01 | 1.2s
[    38] loss=-0.4393 | res=1.28e-08 | grad=7.70e-01 | 1.2s
[    39] loss=-0.4340 | res=2.02e-08 | grad=5.16e-01 | 1.2s
[    40] loss=-0.4819 | res=2.21e-08 | grad=3.77e-01 | 1.2s
[    41] loss=-0.3993 | res=1.47e-08 | grad=7.72e-01 | 1.2s
[    42] loss=-0.5151 | res=2.07e-08 | grad=3.56e-01 | 1.2s
[    43] loss=-0.4156 | res=3.02e-08 | grad=5.13e-01 | 1.2s
[    44] loss=-0.4445 | res=1.74e-08 | grad=6.08e-01 | 1.2s
[    45] loss=-0.4522 | res=1.52e-08 | grad=6.76e-01 | 1.2s
[    46] loss=-0.4431 | res=1.90e-08 | grad=7.33e-01 | 1.2s
[    47] loss=-0.3866 | res=2.23e-08 | grad=3.89e-01 | 1.2s
[    48] loss=-0.4597 | res=3.20e-08 | grad=4.49e-01 | 1.2s
[    49] loss=-0.4816 | res=2.13e-08 | grad=7.12e-01 | 1.2s
[    50] loss=-0.4704 | res=1.55e-08 | grad=6.63e-01 | 1.2s
[    51] loss=-0.4783 | res=1.26e-08 | grad=6.20e-01 | 1.2s
[    52] loss=-0.4188 | res=9.98e-09 | grad=6.26e-01 | 1.2s
[    53] loss=-0.4700 | res=3.12e-08 | grad=4.49e-01 | 1.2s
[    54] loss=-0.4557 | res=2.67e-08 | grad=3.40e-01 | 1.1s
[    55] loss=-0.4590 | res=7.23e-09 | grad=4.57e-01 | 1.2s
[    56] loss=-0.4559 | res=9.79e-09 | grad=4.51e-01 | 1.2s
[    57] loss=-0.4611 | res=1.89e-08 | grad=3.42e-01 | 1.2s
[    58] loss=-0.4098 | res=1.59e-08 | grad=7.54e-01 | 1.2s
[    59] loss=-0.4287 | res=1.58e-08 | grad=6.25e-01 | 1.2s
[    60] loss=-0.4342 | res=2.57e-08 | grad=5.07e-01 | 1.2s
[    61] loss=-0.3921 | res=2.61e-08 | grad=6.39e-01 | 1.2s
[    62] loss=-0.5392 | res=3.22e-08 | grad=6.00e-01 | 1.2s
[    63] loss=-0.4369 | res=1.94e-08 | grad=5.32e-01 | 1.2s
[    64] loss=-0.4581 | res=1.87e-08 | grad=6.42e-01 | 1.2s
[    65] loss=-0.5000 | res=1.91e-08 | grad=5.62e-01 | 1.2s
[    66] loss=-0.4772 | res=6.55e-09 | grad=4.26e-01 | 1.2s
[    67] loss=-0.4832 | res=5.47e-08 | grad=7.56e-01 | 1.2s
[    68] loss=-0.4365 | res=9.33e-09 | grad=4.73e-01 | 1.2s
[    69] loss=-0.4098 | res=3.17e-08 | grad=8.24e-01 | 1.2s
[    70] loss=-0.4357 | res=9.05e-09 | grad=6.15e-01 | 1.2s
[    71] loss=-0.4237 | res=3.39e-08 | grad=8.95e-01 | 1.2s
[    72] loss=-0.4029 | res=2.32e-08 | grad=6.17e-01 | 1.2s
[    73] loss=-0.4468 | res=8.33e-09 | grad=5.16e-01 | 1.2s
[    74] loss=-0.4931 | res=1.95e-08 | grad=6.92e-01 | 1.2s
[    75] loss=-0.4489 | res=3.67e-08 | grad=5.63e-01 | 1.2s
[    76] loss=-0.4309 | res=2.60e-08 | grad=5.10e-01 | 1.2s
[    77] loss=-0.4847 | res=5.83e-09 | grad=5.30e-01 | 1.2s
[    78] loss=-0.4792 | res=7.40e-09 | grad=7.15e-01 | 1.2s
[    79] loss=-0.4621 | res=6.69e-09 | grad=8.44e-01 | 1.2s
[    80] loss=-0.4128 | res=1.23e-08 | grad=7.96e-01 | 1.2s
[    81] loss=-0.4032 | res=2.25e-08 | grad=6.43e-01 | 1.2s
[    82] loss=-0.4693 | res=8.06e-09 | grad=6.10e-01 | 1.2s
[    83] loss=-0.4123 | res=8.21e-09 | grad=6.19e-01 | 1.2s
[    84] loss=-0.4542 | res=1.83e-08 | grad=3.66e-01 | 1.2s
[    85] loss=-0.3977 | res=7.16e-09 | grad=5.65e-01 | 1.2s
[    86] loss=-0.4913 | res=2.02e-08 | grad=6.58e-01 | 1.2s
[    87] loss=-0.4616 | res=1.47e-08 | grad=4.66e-01 | 1.2s
[    88] loss=-0.4466 | res=1.96e-08 | grad=2.43e-01 | 1.2s
[    89] loss=-0.4597 | res=2.84e-08 | grad=5.57e-01 | 1.2s
[    90] loss=-0.4981 | res=1.22e-08 | grad=6.70e-01 | 1.2s
[    91] loss=-0.4302 | res=2.30e-08 | grad=4.24e-01 | 1.2s
[    92] loss=-0.4327 | res=4.80e-08 | grad=5.66e-01 | 1.2s
[    93] loss=-0.4470 | res=1.37e-08 | grad=4.09e-01 | 1.2s
[    94] loss=-0.4763 | res=2.43e-08 | grad=4.87e-01 | 1.2s
[    95] loss=-0.4296 | res=2.57e-08 | grad=3.35e-01 | 1.2s
[    96] loss=-0.4572 | res=2.73e-08 | grad=3.61e-01 | 1.2s
[    97] loss=-0.4595 | res=2.25e-08 | grad=2.93e-01 | 1.2s
[    98] loss=-0.4308 | res=2.77e-08 | grad=4.55e-01 | 1.2s
[    99] loss=-0.4306 | res=2.27e-08 | grad=4.46e-01 | 1.2s
[   100] loss=-0.4801 | res=1.43e-08 | grad=4.05e-01 | 1.2s
[   101] loss=-0.4625 | res=2.13e-08 | grad=3.70e-01 | 1.2s
[   102] loss=-0.4405 | res=5.20e-09 | grad=3.61e-01 | 1.2s
[   103] loss=-0.4898 | res=1.21e-08 | grad=3.88e-01 | 1.2s
[   104] loss=-0.4307 | res=2.15e-08 | grad=5.68e-01 | 1.2s
[   105] loss=-0.4293 | res=3.51e-08 | grad=4.16e-01 | 1.2s
[   106] loss=-0.4476 | res=1.93e-08 | grad=4.73e-01 | 1.2s
[   107] loss=-0.4284 | res=1.43e-08 | grad=3.43e-01 | 1.2s
[   108] loss=-0.5243 | res=5.59e-09 | grad=9.49e-01 | 1.2s
[   109] loss=-0.4481 | res=6.03e-09 | grad=4.91e-01 | 1.2s
[   110] loss=-0.4222 | res=2.58e-08 | grad=7.19e-01 | 1.2s
[   111] loss=-0.4292 | res=3.66e-08 | grad=7.08e-01 | 1.2s
[   112] loss=-0.4108 | res=5.06e-07 | grad=5.18e-01 | 1.1s
[   113] loss=-0.4910 | res=1.21e-08 | grad=6.26e-01 | 1.2s
[   114] loss=-0.4448 | res=2.69e-08 | grad=4.09e-01 | 1.2s
[   115] loss=-0.4091 | res=2.84e-08 | grad=3.83e-01 | 1.2s
[   116] loss=-0.4459 | res=9.43e-09 | grad=3.77e-01 | 1.2s
[   117] loss=-0.4396 | res=1.92e-08 | grad=3.70e-01 | 1.2s
[   118] loss=-0.4510 | res=1.38e-08 | grad=6.07e-01 | 1.2s
[   119] loss=-0.4556 | res=2.50e-08 | grad=5.26e-01 | 1.2s
[   120] loss=-0.4903 | res=2.05e-08 | grad=5.83e-01 | 1.2s
[   121] loss=-0.4627 | res=2.74e-08 | grad=4.20e-01 | 1.2s
[   122] loss=-0.4701 | res=1.76e-08 | grad=3.52e-01 | 1.2s
[   123] loss=-0.4237 | res=1.83e-08 | grad=4.79e-01 | 1.2s
[   124] loss=-0.4407 | res=3.51e-08 | grad=5.92e-01 | 1.2s
[   125] loss=-0.5122 | res=2.46e-08 | grad=7.36e-01 | 1.2s
[   126] loss=-0.4784 | res=2.37e-08 | grad=3.74e-01 | 1.2s
[   127] loss=-0.4857 | res=3.00e-08 | grad=2.30e-01 | 1.2s
[   128] loss=-0.4497 | res=1.51e-08 | grad=4.72e-01 | 1.2s
[   129] loss=-0.4400 | res=1.71e-08 | grad=5.54e-01 | 1.2s
[   130] loss=-0.4544 | res=4.77e-09 | grad=4.17e-01 | 1.2s
[   131] loss=-0.4478 | res=2.13e-08 | grad=3.43e-01 | 1.2s
[   132] loss=-0.4681 | res=1.04e-08 | grad=5.65e-01 | 1.2s
[   133] loss=-0.4039 | res=1.95e-08 | grad=4.92e-01 | 1.2s
[   134] loss=-0.5112 | res=1.26e-08 | grad=7.13e-01 | 1.2s
[   135] loss=-0.4644 | res=1.24e-08 | grad=3.23e-01 | 1.2s
[   136] loss=-0.4674 | res=1.64e-08 | grad=6.73e-01 | 1.2s
[   137] loss=-0.4408 | res=1.61e-08 | grad=3.84e-01 | 1.2s
[   138] loss=-0.4235 | res=1.55e-08 | grad=6.60e-01 | 1.2s
[   139] loss=-0.4461 | res=3.32e-08 | grad=3.24e-01 | 1.2s
[   140] loss=-0.4850 | res=1.26e-08 | grad=6.86e-01 | 1.2s
[   141] loss=-0.4108 | res=1.33e-08 | grad=5.08e-01 | 1.2s
[   142] loss=-0.4845 | res=7.07e-09 | grad=7.21e-01 | 1.2s
[   143] loss=-0.4315 | res=1.26e-08 | grad=4.37e-01 | 1.2s
[   144] loss=-0.4318 | res=8.59e-09 | grad=3.49e-01 | 1.2s
[   145] loss=-0.4719 | res=2.34e-08 | grad=4.90e-01 | 1.2s
[   146] loss=-0.4752 | res=1.65e-08 | grad=3.93e-01 | 1.2s
[   147] loss=-0.4741 | res=7.01e-06 | grad=7.06e-01 | 1.2s
[   148] loss=-0.4470 | res=2.02e-08 | grad=3.05e-01 | 1.2s
[   149] loss=-0.4509 | res=1.77e-08 | grad=3.84e-01 | 1.2s
[   150] loss=-0.4613 | res=8.81e-09 | grad=4.54e-01 | 1.2s
[   151] loss=-0.4653 | res=1.83e-08 | grad=4.40e-01 | 1.1s
[   152] loss=-0.4916 | res=2.43e-09 | grad=5.02e-01 | 1.2s
[   153] loss=-0.4764 | res=1.13e-08 | grad=5.71e-01 | 1.2s
[   154] loss=-0.4425 | res=1.14e-08 | grad=5.82e-01 | 1.2s
[   155] loss=-0.3918 | res=1.68e-08 | grad=6.91e-01 | 1.2s
[   156] loss=-0.4403 | res=3.78e-08 | grad=3.99e-01 | 1.2s
[   157] loss=-0.4488 | res=1.84e-08 | grad=5.32e-01 | 1.2s
[   158] loss=-0.4125 | res=2.51e-08 | grad=5.43e-01 | 1.2s
[   159] loss=-0.4468 | res=2.36e-08 | grad=5.37e-01 | 1.2s
[   160] loss=-0.4667 | res=1.60e-08 | grad=4.85e-01 | 1.2s
[   161] loss=-0.4727 | res=2.11e-08 | grad=4.48e-01 | 1.2s
[   162] loss=-0.4918 | res=1.86e-06 | grad=5.32e-01 | 1.2s
[   163] loss=-0.4400 | res=3.22e-08 | grad=3.82e-01 | 1.2s
[   164] loss=-0.4404 | res=1.43e-08 | grad=6.53e-01 | 1.2s
[   165] loss=-0.4719 | res=1.36e-05 | grad=4.43e-01 | 1.2s
[   166] loss=-0.4696 | res=3.61e-09 | grad=3.63e-01 | 1.2s
[   167] loss=-0.4774 | res=1.86e-08 | grad=3.09e-01 | 1.2s
[   168] loss=-0.4779 | res=7.34e-09 | grad=3.88e-01 | 1.2s
[   169] loss=-0.4680 | res=1.55e-08 | grad=5.84e-01 | 1.2s
[   170] loss=-0.4408 | res=2.09e-08 | grad=1.09e+00 | 1.1s
[   171] loss=-0.4372 | res=1.97e-08 | grad=5.07e-01 | 1.2s
[   172] loss=-0.4301 | res=1.36e-08 | grad=6.64e-01 | 1.2s
[   173] loss=-0.4681 | res=9.62e-09 | grad=2.33e-01 | 1.2s
[   174] loss=-0.4611 | res=4.54e-06 | grad=4.74e-01 | 1.1s
[   175] loss=-0.4269 | res=2.53e-08 | grad=7.01e-01 | 1.2s
[   176] loss=-0.4584 | res=1.23e-08 | grad=7.50e-01 | 1.2s
[   177] loss=-0.4650 | res=1.20e-08 | grad=6.92e-01 | 1.2s
[   178] loss=-0.4454 | res=1.68e-08 | grad=6.49e-01 | 1.2s
[   179] loss=-0.5028 | res=2.20e-08 | grad=5.82e-01 | 1.2s
[   180] loss=-0.4438 | res=1.51e-08 | grad=4.55e-01 | 1.2s
[   181] loss=-0.4579 | res=1.42e-08 | grad=5.94e-01 | 1.2s
[   182] loss=-0.4678 | res=3.25e-08 | grad=4.64e-01 | 1.2s
[   183] loss=-0.4642 | res=1.97e-08 | grad=4.09e-01 | 1.2s
[   184] loss=-0.4020 | res=2.30e-08 | grad=8.93e-01 | 1.2s
[   185] loss=-0.4300 | res=1.43e-08 | grad=5.19e-01 | 1.2s
[   186] loss=-0.5258 | res=2.15e-08 | grad=7.59e-01 | 1.2s
[   187] loss=-0.4370 | res=3.19e-08 | grad=8.68e-01 | 1.2s
[   188] loss=-0.4340 | res=2.59e-08 | grad=5.29e-01 | 1.2s
[   189] loss=-0.4727 | res=1.62e-08 | grad=4.78e-01 | 1.2s
[   190] loss=-0.4330 | res=4.88e-09 | grad=4.07e-01 | 1.1s
[   191] loss=-0.4284 | res=1.99e-08 | grad=2.69e-01 | 1.2s
[   192] loss=-0.4697 | res=2.51e-08 | grad=5.08e-01 | 1.2s
[   193] loss=-0.5115 | res=1.34e-08 | grad=7.83e-01 | 1.2s
[   194] loss=-0.4404 | res=2.37e-08 | grad=5.20e-01 | 1.2s
[   195] loss=-0.4208 | res=5.07e-09 | grad=5.97e-01 | 1.2s
[   196] loss=-0.4427 | res=3.67e-08 | grad=5.03e-01 | 1.2s
[   197] loss=-0.4573 | res=2.97e-08 | grad=6.63e-01 | 1.2s
[   198] loss=-0.4648 | res=2.02e-08 | grad=2.60e-01 | 1.2s
[   199] loss=-0.4596 | res=1.00e-08 | grad=2.16e-01 | 1.2s
[   200] loss=-0.4541 | res=1.04e-08 | grad=3.90e-01 | 1.2s
[   201] loss=-0.4492 | res=1.31e-08 | grad=3.84e-01 | 1.2s
[   202] loss=-0.5285 | res=2.77e-08 | grad=5.81e-01 | 1.2s
[   203] loss=-0.4736 | res=1.57e-08 | grad=3.72e-01 | 1.2s
[   204] loss=-0.5349 | res=1.65e-08 | grad=6.24e-01 | 1.2s
[   205] loss=-0.4077 | res=6.01e-09 | grad=8.74e-01 | 1.2s
[   206] loss=-0.4413 | res=6.90e-09 | grad=5.23e-01 | 1.2s
[   207] loss=-0.4762 | res=1.82e-08 | grad=3.77e-01 | 1.2s
[   208] loss=-0.4423 | res=2.36e-08 | grad=5.51e-01 | 1.2s
[   209] loss=-0.4430 | res=1.74e-08 | grad=5.20e-01 | 1.1s
[   210] loss=-0.4711 | res=4.62e-09 | grad=5.99e-01 | 1.2s
[   211] loss=-0.4773 | res=2.18e-08 | grad=3.96e-01 | 1.2s
[   212] loss=-0.4536 | res=2.39e-08 | grad=4.21e-01 | 1.2s
[   213] loss=-0.4570 | res=4.59e-09 | grad=3.85e-01 | 1.2s
[   214] loss=-0.4414 | res=1.11e-08 | grad=5.01e-01 | 1.2s
[   215] loss=-0.5022 | res=2.43e-08 | grad=6.12e-01 | 1.2s
[   216] loss=-0.4647 | res=2.37e-08 | grad=3.05e-01 | 1.2s
[   217] loss=-0.4784 | res=1.40e-08 | grad=4.23e-01 | 1.2s
[   218] loss=-0.4316 | res=1.93e-08 | grad=7.60e-01 | 1.2s
[   219] loss=-0.4633 | res=2.13e-08 | grad=3.41e-01 | 1.2s
[   220] loss=-0.4496 | res=9.48e-09 | grad=2.57e-01 | 1.2s
[   221] loss=-0.4588 | res=2.32e-08 | grad=2.13e-01 | 1.2s
[   222] loss=-0.4376 | res=3.26e-08 | grad=5.14e-01 | 1.2s
[   223] loss=-0.4724 | res=2.04e-08 | grad=1.90e-01 | 1.2s
[   224] loss=-0.4665 | res=7.92e-09 | grad=2.60e-01 | 1.2s
[   225] loss=-0.4730 | res=1.24e-08 | grad=6.87e-01 | 1.2s
[   226] loss=-0.4477 | res=2.40e-08 | grad=4.11e-01 | 1.2s
[   227] loss=-0.4743 | res=2.11e-08 | grad=4.62e-01 | 1.2s
[   228] loss=-0.4710 | res=2.03e-08 | grad=4.03e-01 | 1.2s
[   229] loss=-0.4452 | res=1.44e-05 | grad=4.46e-01 | 1.1s
[   230] loss=-0.4962 | res=2.30e-08 | grad=4.23e-01 | 1.2s
[   231] loss=-0.4585 | res=1.57e-08 | grad=4.39e-01 | 1.2s
[   232] loss=-0.4322 | res=3.23e-08 | grad=5.24e-01 | 1.2s
[   233] loss=-0.4264 | res=1.46e-08 | grad=4.26e-01 | 1.2s
[   234] loss=-0.4568 | res=9.19e-09 | grad=4.68e-01 | 1.2s
[   235] loss=-0.4901 | res=1.56e-08 | grad=5.53e-01 | 1.2s
[   236] loss=-0.4928 | res=8.42e-09 | grad=4.85e-01 | 1.2s
[   237] loss=-0.4501 | res=1.82e-08 | grad=5.16e-01 | 1.2s
[   238] loss=-0.4444 | res=1.52e-08 | grad=1.90e-01 | 1.1s
[   239] loss=-0.3789 | res=8.34e-09 | grad=8.13e-01 | 1.2s
[   240] loss=-0.4577 | res=1.36e-08 | grad=3.21e-01 | 1.2s
[   241] loss=-0.4856 | res=3.14e-08 | grad=3.11e-01 | 1.2s
[   242] loss=-0.4058 | res=1.50e-08 | grad=4.97e-01 | 1.2s
[   243] loss=-0.4241 | res=2.18e-08 | grad=3.39e-01 | 1.2s
[   244] loss=-0.4199 | res=1.64e-08 | grad=3.83e-01 | 1.2s
[   245] loss=-0.4593 | res=1.19e-08 | grad=3.90e-01 | 1.1s
[   246] loss=-0.4377 | res=1.49e-08 | grad=2.81e-01 | 1.2s
[   247] loss=-0.4431 | res=1.16e-08 | grad=4.08e-01 | 1.2s
[   248] loss=-0.4627 | res=1.21e-08 | grad=6.45e-01 | 1.1s
[   249] loss=-0.4015 | res=2.09e-08 | grad=4.04e-01 | 1.2s
[   250] loss=-0.4461 | res=2.73e-08 | grad=5.23e-01 | 1.2s
[   251] loss=-0.5047 | res=2.01e-08 | grad=7.23e-01 | 1.2s
[   252] loss=-0.4565 | res=1.69e-08 | grad=4.02e-01 | 1.2s
[   253] loss=-0.4718 | res=1.23e-08 | grad=4.04e-01 | 1.2s
[   254] loss=-0.4944 | res=7.30e-09 | grad=4.84e-01 | 1.2s
[   255] loss=-0.4640 | res=2.14e-08 | grad=5.52e-01 | 1.2s
[   256] loss=-0.4744 | res=2.31e-08 | grad=5.10e-01 | 1.2s
[   257] loss=-0.4457 | res=2.28e-08 | grad=6.20e-01 | 1.2s
[   258] loss=-0.4768 | res=2.06e-08 | grad=5.21e-01 | 1.2s
[   259] loss=-0.4880 | res=1.03e-08 | grad=4.87e-01 | 1.2s
[   260] loss=-0.4657 | res=3.26e-08 | grad=3.21e-01 | 1.2s
[   261] loss=-0.4708 | res=1.91e-08 | grad=4.05e-01 | 1.2s
[   262] loss=-0.4583 | res=1.04e-08 | grad=2.23e-01 | 1.2s
[   263] loss=-0.4714 | res=1.04e-08 | grad=4.23e-01 | 1.2s
[   264] loss=-0.4426 | res=1.33e-08 | grad=5.39e-01 | 1.2s
[   265] loss=-0.4819 | res=2.11e-08 | grad=5.23e-01 | 1.2s
[   266] loss=-0.4806 | res=2.65e-08 | grad=4.05e-01 | 1.2s
[   267] loss=-0.4501 | res=1.87e-08 | grad=4.54e-01 | 1.2s
[   268] loss=-0.4178 | res=1.56e-08 | grad=5.61e-01 | 1.1s
[   269] loss=-0.4378 | res=1.05e-08 | grad=2.93e-01 | 1.2s
[   270] loss=-0.4496 | res=7.33e-09 | grad=4.22e-01 | 1.2s
[   271] loss=-0.5083 | res=9.05e-09 | grad=6.60e-01 | 1.2s
[   272] loss=-0.4017 | res=1.62e-08 | grad=7.96e-01 | 1.1s
[   273] loss=-0.4910 | res=8.81e-09 | grad=5.00e-01 | 1.1s
[   274] loss=-0.4657 | res=4.69e-09 | grad=1.57e-01 | 1.2s
[   275] loss=-0.4801 | res=1.10e-08 | grad=2.69e-01 | 1.2s
[   276] loss=-0.4951 | res=2.65e-08 | grad=6.53e-01 | 1.2s
[   277] loss=-0.4415 | res=1.72e-08 | grad=3.01e-01 | 1.2s
[   278] loss=-0.4387 | res=1.12e-08 | grad=5.37e-01 | 1.2s
[   279] loss=-0.4997 | res=1.46e-08 | grad=3.73e-01 | 1.2s
[   280] loss=-0.4573 | res=2.25e-08 | grad=5.07e-01 | 1.2s
[   281] loss=-0.4204 | res=1.84e-08 | grad=5.90e-01 | 1.2s
[   282] loss=-0.4923 | res=2.25e-08 | grad=6.07e-01 | 1.2s
[   283] loss=-0.4295 | res=1.58e-08 | grad=5.94e-01 | 1.1s
[   284] loss=-0.4447 | res=1.00e-08 | grad=6.12e-01 | 1.2s
[   285] loss=-0.3869 | res=7.46e-09 | grad=7.07e-01 | 1.2s
[   286] loss=-0.4425 | res=1.20e-08 | grad=5.58e-01 | 1.1s
[   287] loss=-0.4552 | res=1.63e-08 | grad=4.76e-01 | 1.1s
[   288] loss=-0.5118 | res=1.45e-08 | grad=8.92e-01 | 1.2s
[   289] loss=-0.4895 | res=2.44e-08 | grad=8.37e-01 | 1.2s
[   290] loss=-0.3946 | res=1.14e-08 | grad=3.20e-01 | 1.2s
[   291] loss=-0.4535 | res=7.34e-09 | grad=5.43e-01 | 1.2s
[   292] loss=-0.4095 | res=1.40e-08 | grad=4.61e-01 | 1.2s
[   293] loss=-0.4701 | res=1.43e-08 | grad=2.55e-01 | 1.1s
[   294] loss=-0.4112 | res=5.79e-09 | grad=5.91e-01 | 1.2s
[   295] loss=-0.4848 | res=1.27e-08 | grad=6.97e-01 | 1.2s
[   296] loss=-0.4788 | res=9.53e-09 | grad=3.66e-01 | 1.2s
[   297] loss=-0.4539 | res=1.00e-08 | grad=5.51e-01 | 1.2s
[   298] loss=-0.4759 | res=1.88e-08 | grad=4.70e-01 | 1.2s
[   299] loss=-0.4699 | res=2.67e-08 | grad=3.74e-01 | 1.2s
[   300] loss=-0.4741 | res=3.35e-08 | grad=4.74e-01 | 1.2s
[   301] loss=-0.4181 | res=1.79e-08 | grad=6.71e-01 | 1.2s
[   302] loss=-0.4502 | res=6.24e-09 | grad=4.50e-01 | 1.2s
[   303] loss=-0.4451 | res=1.70e-08 | grad=3.30e-01 | 1.2s
[   304] loss=-0.4262 | res=2.67e-08 | grad=6.78e-01 | 1.2s
[   305] loss=-0.4002 | res=2.61e-08 | grad=4.09e-01 | 1.2s
[   306] loss=-0.4806 | res=1.52e-08 | grad=6.09e-01 | 1.2s
[   307] loss=-0.4789 | res=4.75e-09 | grad=5.63e-01 | 1.1s
[   308] loss=-0.4424 | res=1.09e-08 | grad=3.32e-01 | 1.2s
[   309] loss=-0.4999 | res=2.40e-08 | grad=7.55e-01 | 1.2s
[   310] loss=-0.4910 | res=2.17e-08 | grad=3.63e-01 | 1.2s
[   311] loss=-0.5155 | res=1.79e-08 | grad=5.84e-01 | 1.2s
[   312] loss=-0.4361 | res=2.40e-08 | grad=7.77e-01 | 1.2s
[   313] loss=-0.4410 | res=1.72e-08 | grad=5.16e-01 | 1.2s
[   314] loss=-0.4501 | res=2.82e-08 | grad=6.07e-01 | 1.2s
[   315] loss=-0.4600 | res=2.25e-08 | grad=4.93e-01 | 1.2s
[   316] loss=-0.4683 | res=1.55e-08 | grad=3.10e-01 | 1.1s
[   317] loss=-0.4807 | res=2.12e-08 | grad=4.35e-01 | 1.2s
[   318] loss=-0.4834 | res=4.39e-09 | grad=5.17e-01 | 1.2s
[   319] loss=-0.5544 | res=2.18e-08 | grad=8.49e-01 | 1.2s
[   320] loss=-0.4231 | res=2.11e-08 | grad=6.36e-01 | 1.1s
[   321] loss=-0.4508 | res=9.56e-09 | grad=5.59e-01 | 1.2s
[   322] loss=-0.4335 | res=1.82e-08 | grad=7.70e-01 | 1.2s
[   323] loss=-0.4671 | res=2.06e-08 | grad=4.47e-01 | 1.1s
[   324] loss=-0.4660 | res=1.56e-08 | grad=3.72e-01 | 1.2s
[   325] loss=-0.4605 | res=1.28e-08 | grad=3.32e-01 | 1.2s
[   326] loss=-0.4442 | res=2.93e-09 | grad=2.35e-01 | 1.2s
[   327] loss=-0.4018 | res=1.65e-08 | grad=3.83e-01 | 1.2s
[   328] loss=-0.4572 | res=1.09e-06 | grad=2.50e-01 | 1.2s
[   329] loss=-0.4862 | res=6.25e-09 | grad=4.54e-01 | 1.2s
[   330] loss=-0.4527 | res=2.08e-08 | grad=3.79e-01 | 1.2s
[   331] loss=-0.4471 | res=1.58e-08 | grad=5.87e-01 | 1.2s
[   332] loss=-0.4194 | res=2.75e-08 | grad=4.34e-01 | 1.2s
[   333] loss=-0.4855 | res=1.06e-08 | grad=4.49e-01 | 1.1s
[   334] loss=-0.5095 | res=8.12e-09 | grad=7.56e-01 | 1.2s
[   335] loss=-0.4855 | res=1.77e-08 | grad=3.62e-01 | 1.2s
[   336] loss=-0.4923 | res=1.04e-08 | grad=3.99e-01 | 1.2s
[   337] loss=-0.4490 | res=1.55e-08 | grad=3.89e-01 | 1.2s
[   338] loss=-0.4641 | res=1.33e-08 | grad=5.36e-01 | 1.2s
[   339] loss=-0.4923 | res=1.86e-08 | grad=2.95e-01 | 1.2s
[   340] loss=-0.4244 | res=3.01e-08 | grad=7.90e-01 | 1.2s
[   341] loss=-0.4291 | res=2.25e-08 | grad=7.61e-01 | 1.2s
[   342] loss=-0.4533 | res=2.38e-08 | grad=5.11e-01 | 1.2s
[   343] loss=-0.4082 | res=1.16e-08 | grad=5.11e-01 | 1.2s
[   344] loss=-0.4847 | res=5.90e-09 | grad=7.07e-01 | 1.2s
[   345] loss=-0.4267 | res=1.50e-08 | grad=4.33e-01 | 1.2s
[   346] loss=-0.4436 | res=7.04e-09 | grad=7.06e-01 | 1.1s
[   347] loss=-0.4417 | res=1.87e-08 | grad=6.27e-01 | 1.2s
[   348] loss=-0.4908 | res=7.46e-09 | grad=9.67e-01 | 1.2s
[   349] loss=-0.4567 | res=9.62e-09 | grad=5.53e-01 | 1.2s
[   350] loss=-0.4980 | res=1.80e-08 | grad=6.20e-01 | 1.1s
[   351] loss=-0.4816 | res=1.70e-08 | grad=5.44e-01 | 1.2s
[   352] loss=-0.5056 | res=1.05e-08 | grad=3.70e-01 | 1.2s
[   353] loss=-0.4753 | res=1.55e-08 | grad=5.67e-01 | 1.2s
[   354] loss=-0.4259 | res=2.33e-08 | grad=1.05e+00 | 1.2s
[   355] loss=-0.4509 | res=4.38e-08 | grad=1.07e+00 | 1.2s
[   356] loss=-0.4573 | res=1.61e-08 | grad=7.42e-01 | 1.2s
[   357] loss=-0.4605 | res=1.44e-08 | grad=5.34e-01 | 1.2s
[   358] loss=-0.4900 | res=3.23e-08 | grad=3.80e-01 | 1.2s
[   359] loss=-0.4356 | res=2.73e-08 | grad=4.13e-01 | 1.2s
[   360] loss=-0.4406 | res=1.78e-08 | grad=5.00e-01 | 1.2s
[   361] loss=-0.4725 | res=1.39e-08 | grad=7.95e-01 | 1.2s
[   362] loss=-0.4250 | res=1.93e-08 | grad=4.53e-01 | 1.2s
[   363] loss=-0.4294 | res=1.41e-08 | grad=6.22e-01 | 1.2s
[   364] loss=-0.4917 | res=1.70e-08 | grad=8.83e-01 | 1.2s
[   365] loss=-0.4378 | res=1.47e-08 | grad=6.89e-01 | 1.2s
[   366] loss=-0.4942 | res=1.35e-08 | grad=6.45e-01 | 1.1s
[   367] loss=-0.4529 | res=1.93e-08 | grad=4.74e-01 | 1.2s
[   368] loss=-0.5001 | res=1.38e-08 | grad=3.21e-01 | 1.2s
[   369] loss=-0.4819 | res=2.85e-08 | grad=4.17e-01 | 1.2s
[   370] loss=-0.4538 | res=1.17e-08 | grad=6.28e-01 | 1.2s
[   371] loss=-0.4411 | res=2.08e-08 | grad=8.04e-01 | 1.2s
[   372] loss=-0.4063 | res=1.36e-08 | grad=1.25e+00 | 1.1s
[   373] loss=-0.4428 | res=1.01e-08 | grad=7.38e-01 | 1.2s
[   374] loss=-0.4953 | res=1.87e-08 | grad=4.68e-01 | 1.2s
[   375] loss=-0.5049 | res=3.97e-09 | grad=5.97e-01 | 1.2s
[   376] loss=-0.4429 | res=2.24e-08 | grad=2.73e-01 | 1.2s
[   377] loss=-0.4317 | res=1.53e-08 | grad=4.94e-01 | 1.2s
[   378] loss=-0.4526 | res=1.62e-08 | grad=7.07e-01 | 1.2s
[   379] loss=-0.4419 | res=1.08e-08 | grad=5.36e-01 | 1.2s
[   380] loss=-0.4438 | res=1.98e-08 | grad=5.07e-01 | 1.2s
[   381] loss=-0.4738 | res=1.34e-08 | grad=5.31e-01 | 1.2s
[   382] loss=-0.4765 | res=6.21e-09 | grad=5.11e-01 | 1.2s
[   383] loss=-0.5035 | res=3.15e-06 | grad=5.17e-01 | 1.2s
[   384] loss=-0.4334 | res=9.07e-09 | grad=4.73e-01 | 1.2s
[   385] loss=-0.4078 | res=1.16e-08 | grad=7.80e-01 | 1.1s
[   386] loss=-0.4498 | res=1.13e-08 | grad=5.60e-01 | 1.2s
[   387] loss=-0.4429 | res=1.99e-08 | grad=5.67e-01 | 1.2s
[   388] loss=-0.4004 | res=2.96e-08 | grad=9.51e-01 | 1.2s
[   389] loss=-0.4438 | res=3.95e-08 | grad=4.20e-01 | 1.2s
[   390] loss=-0.4518 | res=1.89e-08 | grad=2.46e-01 | 1.2s
[   391] loss=-0.4430 | res=8.41e-09 | grad=5.19e-01 | 1.2s
[   392] loss=-0.4622 | res=2.97e-09 | grad=5.89e-01 | 1.2s
[   393] loss=-0.4293 | res=1.58e-08 | grad=4.36e-01 | 1.2s
[   394] loss=-0.4235 | res=1.23e-08 | grad=3.73e-01 | 1.2s
[   395] loss=-0.4397 | res=2.08e-08 | grad=6.55e-01 | 1.2s
[   396] loss=-0.4798 | res=1.51e-08 | grad=7.32e-01 | 1.2s
[   397] loss=-0.4446 | res=7.74e-09 | grad=4.54e-01 | 1.2s
[   398] loss=-0.4259 | res=2.99e-08 | grad=3.33e-01 | 1.2s
[   399] loss=-0.4487 | res=7.24e-09 | grad=3.91e-01 | 1.2s
[   400] loss=-0.4673 | res=6.68e-09 | grad=3.02e-01 | 1.2s
[   401] loss=-0.4733 | res=1.55e-08 | grad=4.18e-01 | 1.2s
[   402] loss=-0.5154 | res=1.21e-08 | grad=2.72e-01 | 1.2s
[   403] loss=-0.4569 | res=1.54e-08 | grad=5.09e-01 | 1.2s
[   404] loss=-0.4599 | res=2.14e-08 | grad=4.41e-01 | 1.2s
[   405] loss=-0.4223 | res=1.97e-08 | grad=9.69e-01 | 1.2s
[   406] loss=-0.4869 | res=2.05e-08 | grad=4.86e-01 | 1.2s
[   407] loss=-0.3971 | res=2.02e-08 | grad=8.72e-01 | 1.2s
[   408] loss=-0.4829 | res=1.57e-08 | grad=4.67e-01 | 1.2s
[   409] loss=-0.4882 | res=1.30e-08 | grad=4.60e-01 | 1.2s
[   410] loss=-0.4703 | res=2.79e-08 | grad=4.78e-01 | 1.2s
[   411] loss=-0.4400 | res=8.63e-09 | grad=4.01e-01 | 1.2s
[   412] loss=-0.4886 | res=1.26e-08 | grad=5.76e-01 | 1.2s
[   413] loss=-0.4198 | res=1.03e-08 | grad=2.48e-01 | 1.2s
[   414] loss=-0.4430 | res=1.10e-08 | grad=2.80e-01 | 1.2s
[   415] loss=-0.4720 | res=1.87e-08 | grad=3.78e-01 | 1.2s
[   416] loss=-0.4483 | res=8.66e-09 | grad=2.51e-01 | 1.2s
[   417] loss=-0.4652 | res=9.82e-09 | grad=1.81e-01 | 1.2s
[   418] loss=-0.5082 | res=2.30e-08 | grad=4.72e-01 | 1.2s
[   419] loss=-0.4215 | res=1.43e-08 | grad=5.18e-01 | 1.2s
[   420] loss=-0.4659 | res=1.56e-08 | grad=4.00e-01 | 1.2s
[   421] loss=-0.4317 | res=6.53e-09 | grad=3.24e-01 | 1.2s
[   422] loss=-0.4516 | res=8.11e-09 | grad=3.00e-01 | 1.2s
[   423] loss=-0.5009 | res=1.13e-08 | grad=5.29e-01 | 1.2s
[   424] loss=-0.4540 | res=1.34e-08 | grad=4.42e-01 | 1.1s
[   425] loss=-0.5319 | res=2.39e-08 | grad=6.18e-01 | 1.2s
[   426] loss=-0.4105 | res=1.91e-08 | grad=5.72e-01 | 1.2s
[   427] loss=-0.4248 | res=2.24e-08 | grad=5.69e-01 | 1.2s
[   428] loss=-0.4148 | res=1.54e-08 | grad=4.40e-01 | 1.2s
[   429] loss=-0.4177 | res=1.90e-08 | grad=4.75e-01 | 1.2s
[   430] loss=-0.5142 | res=1.62e-08 | grad=8.18e-01 | 1.2s
[   431] loss=-0.4662 | res=1.95e-08 | grad=3.44e-01 | 1.2s
[   432] loss=-0.4801 | res=9.89e-09 | grad=5.61e-01 | 1.2s
[   433] loss=-0.4765 | res=1.19e-08 | grad=5.36e-01 | 1.2s
[   434] loss=-0.4281 | res=8.77e-09 | grad=2.51e-01 | 1.2s
[   435] loss=-0.5481 | res=1.04e-08 | grad=9.26e-01 | 1.2s
[   436] loss=-0.4474 | res=2.84e-08 | grad=5.35e-01 | 1.2s
[   437] loss=-0.4456 | res=6.14e-09 | grad=3.59e-01 | 1.2s
[   438] loss=-0.4771 | res=1.67e-08 | grad=5.63e-01 | 1.2s
[   439] loss=-0.4694 | res=1.59e-08 | grad=4.99e-01 | 1.2s
[   440] loss=-0.4256 | res=2.94e-08 | grad=7.82e-01 | 1.2s
[   441] loss=-0.4887 | res=1.07e-08 | grad=3.18e-01 | 1.2s
[   442] loss=-0.5135 | res=8.66e-09 | grad=6.79e-01 | 1.2s
[   443] loss=-0.4700 | res=1.39e-08 | grad=3.10e-01 | 1.2s
[   444] loss=-0.4862 | res=2.67e-08 | grad=3.49e-01 | 1.2s
[   445] loss=-0.4620 | res=1.06e-08 | grad=4.00e-01 | 1.2s
[   446] loss=-0.5223 | res=2.06e-08 | grad=2.92e-01 | 1.2s
[   447] loss=-0.4666 | res=1.34e-07 | grad=2.26e-01 | 1.2s
[   448] loss=-0.4537 | res=1.16e-08 | grad=2.65e-01 | 1.2s
[   449] loss=-0.5221 | res=2.83e-08 | grad=4.28e-01 | 1.2s
[   450] loss=-0.4707 | res=1.27e-08 | grad=3.32e-01 | 1.2s
[   451] loss=-0.4931 | res=1.90e-08 | grad=2.82e-01 | 1.2s
[   452] loss=-0.4330 | res=2.88e-08 | grad=7.04e-01 | 1.2s
[   453] loss=-0.5585 | res=7.79e-09 | grad=6.92e-01 | 1.2s
[   454] loss=-0.5023 | res=1.50e-08 | grad=3.33e-01 | 1.2s
[   455] loss=-0.4355 | res=1.99e-08 | grad=5.20e-01 | 1.1s
[   456] loss=-0.4889 | res=2.52e-08 | grad=4.72e-01 | 1.2s
[   457] loss=-0.4689 | res=7.54e-09 | grad=3.45e-01 | 1.2s
[   458] loss=-0.5349 | res=4.81e-09 | grad=5.00e-01 | 1.2s
[   459] loss=-0.4479 | res=2.81e-08 | grad=4.83e-01 | 1.2s
[   460] loss=-0.4828 | res=1.31e-08 | grad=2.54e-01 | 1.2s
[   461] loss=-0.4631 | res=2.44e-08 | grad=5.10e-01 | 1.2s
[   462] loss=-0.4386 | res=1.27e-07 | grad=5.26e-01 | 1.2s
[   463] loss=-0.4033 | res=3.24e-08 | grad=7.50e-01 | 1.1s
[   464] loss=-0.4710 | res=1.02e-08 | grad=5.01e-01 | 1.2s
[   465] loss=-0.4496 | res=2.25e-08 | grad=3.58e-01 | 1.2s
[   466] loss=-0.4258 | res=8.82e-09 | grad=2.65e-01 | 1.2s
[   467] loss=-0.4640 | res=1.11e-08 | grad=4.96e-01 | 1.2s
[   468] loss=-0.4470 | res=2.62e-09 | grad=4.07e-01 | 1.2s
[   469] loss=-0.4505 | res=1.58e-08 | grad=3.26e-01 | 1.2s
[   470] loss=-0.4989 | res=9.71e-09 | grad=6.10e-01 | 1.2s
[   471] loss=-0.4965 | res=9.34e-09 | grad=5.44e-01 | 1.2s
[   472] loss=-0.4872 | res=9.63e-10 | grad=3.03e-01 | 1.2s
[   473] loss=-0.4124 | res=1.23e-08 | grad=8.04e-01 | 1.2s
[   474] loss=-0.4459 | res=3.36e-08 | grad=5.94e-01 | 1.2s
[   475] loss=-0.4358 | res=2.00e-08 | grad=5.62e-01 | 1.2s
[   476] loss=-0.4859 | res=1.68e-08 | grad=4.78e-01 | 1.2s
[   477] loss=-0.4420 | res=1.28e-08 | grad=4.60e-01 | 1.2s
[   478] loss=-0.4691 | res=2.90e-08 | grad=3.16e-01 | 1.2s
[   479] loss=-0.4231 | res=1.71e-08 | grad=4.02e-01 | 1.2s
[   480] loss=-0.4256 | res=2.04e-08 | grad=2.69e-01 | 1.2s
[   481] loss=-0.4018 | res=2.41e-08 | grad=5.28e-01 | 1.2s
[   482] loss=-0.4866 | res=1.14e-08 | grad=8.78e-01 | 1.2s
[   483] loss=-0.4827 | res=1.51e-08 | grad=8.08e-01 | 1.2s
[   484] loss=-0.5064 | res=1.25e-08 | grad=1.09e+00 | 1.2s
[   485] loss=-0.4390 | res=2.75e-08 | grad=2.93e-01 | 1.2s
[   486] loss=-0.4393 | res=1.27e-08 | grad=2.39e-01 | 1.2s
[   487] loss=-0.4550 | res=1.14e-08 | grad=3.29e-01 | 1.2s
[   488] loss=-0.4493 | res=3.78e-08 | grad=5.08e-01 | 1.2s
[   489] loss=-0.4885 | res=1.65e-08 | grad=3.29e-01 | 1.2s
[   490] loss=-0.4820 | res=1.75e-08 | grad=5.83e-01 | 1.2s
[   491] loss=-0.4615 | res=1.70e-08 | grad=6.96e-01 | 1.2s
[   492] loss=-0.4709 | res=7.46e-09 | grad=2.76e-01 | 1.2s
[   493] loss=-0.4340 | res=4.66e-09 | grad=3.80e-01 | 1.2s
[   494] loss=-0.4332 | res=1.13e-08 | grad=3.41e-01 | 1.2s
[   495] loss=-0.4084 | res=9.86e-09 | grad=5.33e-01 | 1.2s
[   496] loss=-0.4308 | res=1.49e-08 | grad=2.98e-01 | 1.2s
[   497] loss=-0.4401 | res=1.11e-08 | grad=2.07e-01 | 1.2s
[   498] loss=-0.4471 | res=1.57e-08 | grad=5.41e-01 | 1.2s
[   499] loss=-0.4797 | res=2.18e-08 | grad=7.87e-01 | 1.2s
[   500] loss=-0.4691 | res=7.40e-07 | grad=8.29e-01 | 1.2s
[   501] loss=-0.4516 | res=1.44e-08 | grad=3.76e-01 | 1.2s
[   502] loss=-0.4808 | res=1.59e-08 | grad=5.19e-01 | 1.2s
[   503] loss=-0.4139 | res=1.49e-08 | grad=6.05e-01 | 1.2s
[   504] loss=-0.4568 | res=1.55e-08 | grad=4.93e-01 | 1.2s
[   505] loss=-0.4305 | res=4.02e-08 | grad=8.32e-01 | 1.2s
[   506] loss=-0.4678 | res=2.46e-08 | grad=3.06e-01 | 1.2s
[   507] loss=-0.4423 | res=1.50e-08 | grad=4.16e-01 | 1.2s
[   508] loss=-0.4593 | res=1.34e-08 | grad=4.47e-01 | 1.2s
[   509] loss=-0.4781 | res=1.10e-08 | grad=2.77e-01 | 1.2s
[   510] loss=-0.4500 | res=1.52e-08 | grad=3.22e-01 | 1.2s
[   511] loss=-0.4452 | res=1.66e-08 | grad=2.47e-01 | 1.2s
[   512] loss=-0.4538 | res=7.26e-06 | grad=3.72e-01 | 1.2s
[   513] loss=-0.4941 | res=1.03e-08 | grad=7.90e-01 | 1.2s
[   514] loss=-0.4555 | res=1.81e-08 | grad=3.16e-01 | 1.2s
[   515] loss=-0.5229 | res=1.88e-08 | grad=5.31e-01 | 1.2s
[   516] loss=-0.4530 | res=1.63e-08 | grad=2.75e-01 | 1.2s
[   517] loss=-0.4291 | res=1.86e-08 | grad=5.42e-01 | 1.2s
[   518] loss=-0.4919 | res=8.67e-09 | grad=3.09e-01 | 1.2s
[   519] loss=-0.4636 | res=1.21e-08 | grad=3.55e-01 | 1.2s
[   520] loss=-0.4862 | res=1.44e-08 | grad=2.30e-01 | 1.2s
[   521] loss=-0.4456 | res=6.89e-09 | grad=6.29e-01 | 1.1s
[   522] loss=-0.4859 | res=1.50e-08 | grad=2.82e-01 | 1.2s
[   523] loss=-0.4337 | res=1.22e-08 | grad=4.84e-01 | 1.2s
[   524] loss=-0.4629 | res=1.77e-08 | grad=2.97e-01 | 1.2s
[   525] loss=-0.4873 | res=2.33e-08 | grad=4.73e-01 | 1.2s
[   526] loss=-0.4658 | res=8.05e-09 | grad=4.70e-01 | 1.2s
[   527] loss=-0.4421 | res=1.95e-08 | grad=2.61e-01 | 1.2s
[   528] loss=-0.4537 | res=3.25e-08 | grad=3.15e-01 | 1.2s
[   529] loss=-0.4787 | res=1.64e-08 | grad=2.49e-01 | 1.2s
[   530] loss=-0.4317 | res=3.42e-08 | grad=5.96e-01 | 1.2s
[   531] loss=-0.5311 | res=1.76e-08 | grad=7.12e-01 | 1.2s
[   532] loss=-0.4773 | res=1.22e-08 | grad=4.19e-01 | 1.2s
[   533] loss=-0.4608 | res=2.06e-08 | grad=3.05e-01 | 1.2s
[   534] loss=-0.4490 | res=9.42e-09 | grad=3.70e-01 | 1.2s
[   535] loss=-0.4835 | res=1.03e-08 | grad=2.90e-01 | 1.2s
[   536] loss=-0.4695 | res=1.92e-08 | grad=3.64e-01 | 1.2s
[   537] loss=-0.4417 | res=1.08e-08 | grad=5.29e-01 | 1.2s
[   538] loss=-0.3826 | res=9.67e-09 | grad=7.82e-01 | 1.2s
[   539] loss=-0.4549 | res=1.97e-08 | grad=3.52e-01 | 1.2s
[   540] loss=-0.4677 | res=8.99e-09 | grad=2.85e-01 | 1.2s
[   541] loss=-0.4848 | res=1.68e-08 | grad=5.66e-01 | 1.2s
[   542] loss=-0.4900 | res=1.17e-08 | grad=6.18e-01 | 1.2s
[   543] loss=-0.4396 | res=3.85e-10 | grad=2.94e-01 | 1.2s
[   544] loss=-0.4760 | res=9.27e-09 | grad=4.77e-01 | 1.2s
[   545] loss=-0.5176 | res=1.95e-08 | grad=7.48e-01 | 1.2s
[   546] loss=-0.4857 | res=6.70e-09 | grad=5.61e-01 | 1.2s
[   547] loss=-0.5346 | res=1.77e-08 | grad=4.34e-01 | 1.2s
[   548] loss=-0.3941 | res=2.05e-08 | grad=1.01e+00 | 1.2s
[   549] loss=-0.4465 | res=1.92e-08 | grad=6.81e-01 | 1.2s
[   550] loss=-0.4324 | res=1.76e-08 | grad=8.44e-01 | 1.2s
[   551] loss=-0.4470 | res=9.81e-09 | grad=5.11e-01 | 1.2s
[   552] loss=-0.4940 | res=7.57e-09 | grad=3.32e-01 | 1.2s
[   553] loss=-0.4855 | res=4.56e-09 | grad=2.90e-01 | 1.2s
[   554] loss=-0.4862 | res=2.36e-08 | grad=3.40e-01 | 1.2s
[   555] loss=-0.4515 | res=8.29e-09 | grad=3.22e-01 | 1.2s
[   556] loss=-0.4784 | res=5.34e-09 | grad=5.35e-01 | 1.2s
[   557] loss=-0.4676 | res=7.89e-09 | grad=4.94e-01 | 1.2s
[   558] loss=-0.4926 | res=1.54e-08 | grad=5.68e-01 | 1.2s
[   559] loss=-0.4828 | res=3.08e-09 | grad=4.15e-01 | 1.2s
[   560] loss=-0.4516 | res=1.16e-08 | grad=6.44e-01 | 1.2s
[   561] loss=-0.4506 | res=4.93e-09 | grad=4.51e-01 | 1.2s
[   562] loss=-0.4686 | res=6.55e-09 | grad=2.76e-01 | 1.2s
[   563] loss=-0.4691 | res=1.38e-08 | grad=1.28e-01 | 1.2s
[   564] loss=-0.4188 | res=1.82e-08 | grad=7.11e-01 | 1.2s
[   565] loss=-0.4952 | res=1.86e-08 | grad=3.21e-01 | 1.2s
[   566] loss=-0.4333 | res=2.25e-08 | grad=5.70e-01 | 1.2s
[   567] loss=-0.4607 | res=2.23e-08 | grad=2.33e-01 | 1.2s
[   568] loss=-0.4842 | res=1.60e-08 | grad=5.25e-01 | 1.2s
[   569] loss=-0.4971 | res=5.17e-05 | grad=5.64e-01 | 1.2s
[   570] loss=-0.4870 | res=1.14e-08 | grad=4.49e-01 | 1.2s
[   571] loss=-0.4736 | res=5.81e-09 | grad=3.52e-01 | 1.2s
[   572] loss=-0.4510 | res=1.40e-08 | grad=3.94e-01 | 1.2s
[   573] loss=-0.4347 | res=2.83e-08 | grad=4.28e-01 | 1.2s
[   574] loss=-0.4766 | res=5.34e-09 | grad=2.47e-01 | 1.2s
[   575] loss=-0.4158 | res=1.82e-08 | grad=6.10e-01 | 1.2s
[   576] loss=-0.4792 | res=1.89e-08 | grad=2.46e-01 | 1.2s
[   577] loss=-0.4673 | res=1.52e-08 | grad=2.99e-01 | 1.2s
[   578] loss=-0.4806 | res=2.42e-08 | grad=3.00e-01 | 1.1s
[   579] loss=-0.4677 | res=3.68e-09 | grad=4.31e-01 | 1.1s
[   580] loss=-0.5148 | res=6.92e-09 | grad=5.03e-01 | 1.2s
[   581] loss=-0.4395 | res=3.87e-08 | grad=4.08e-01 | 1.2s
[   582] loss=-0.4503 | res=4.68e-09 | grad=2.29e-01 | 1.2s
[   583] loss=-0.4659 | res=1.94e-08 | grad=1.92e-01 | 1.2s
[   584] loss=-0.4467 | res=1.61e-08 | grad=4.74e-01 | 1.2s
[   585] loss=-0.4591 | res=2.33e-08 | grad=2.70e-01 | 1.2s
[   586] loss=-0.4760 | res=2.22e-08 | grad=3.55e-01 | 1.2s
[   587] loss=-0.4657 | res=8.85e-09 | grad=2.14e-01 | 1.2s
[   588] loss=-0.4872 | res=2.26e-08 | grad=3.83e-01 | 1.2s
[   589] loss=-0.4429 | res=1.53e-08 | grad=2.43e-01 | 1.2s
[   590] loss=-0.5152 | res=1.04e-08 | grad=5.03e-01 | 1.2s
[   591] loss=-0.4542 | res=1.98e-08 | grad=1.43e-01 | 1.2s
[   592] loss=-0.5164 | res=1.44e-08 | grad=6.31e-01 | 1.2s
[   593] loss=-0.4749 | res=2.14e-08 | grad=3.00e-01 | 1.2s
[   594] loss=-0.4444 | res=1.40e-08 | grad=4.15e-01 | 1.2s
[   595] loss=-0.4770 | res=1.09e-08 | grad=1.54e-01 | 1.2s
[   596] loss=-0.4797 | res=2.06e-08 | grad=5.06e-01 | 1.2s
[   597] loss=-0.4735 | res=2.13e-08 | grad=2.59e-01 | 1.2s
[   598] loss=-0.4814 | res=1.26e-08 | grad=3.85e-01 | 1.2s
[   599] loss=-0.5048 | res=1.18e-08 | grad=2.43e-01 | 1.2s
[   600] loss=-0.4997 | res=1.41e-08 | grad=2.26e-01 | 1.2s
[   601] loss=-0.4860 | res=1.50e-08 | grad=4.47e-01 | 1.2s
[   602] loss=-0.4411 | res=1.36e-08 | grad=5.05e-01 | 1.2s
[   603] loss=-0.4615 | res=3.01e-08 | grad=4.63e-01 | 1.2s
[   604] loss=-0.4681 | res=1.13e-08 | grad=2.54e-01 | 1.2s
[   605] loss=-0.4448 | res=2.88e-08 | grad=3.21e-01 | 1.2s
[   606] loss=-0.4817 | res=1.51e-08 | grad=4.93e-01 | 1.2s
[   607] loss=-0.4529 | res=1.68e-08 | grad=4.02e-01 | 1.2s
[   608] loss=-0.4699 | res=1.66e-08 | grad=4.79e-01 | 1.2s
[   609] loss=-0.5075 | res=6.38e-09 | grad=5.93e-01 | 1.2s
[   610] loss=-0.4412 | res=3.33e-08 | grad=3.14e-01 | 1.2s
[   611] loss=-0.4678 | res=1.39e-08 | grad=3.98e-01 | 1.2s
[   612] loss=-0.4026 | res=2.94e-08 | grad=8.67e-01 | 1.2s
[   613] loss=-0.4732 | res=1.63e-08 | grad=3.83e-01 | 1.2s
[   614] loss=-0.4725 | res=1.23e-08 | grad=3.59e-01 | 1.2s
[   615] loss=-0.4391 | res=2.57e-08 | grad=4.66e-01 | 1.2s
[   616] loss=-0.4512 | res=1.37e-08 | grad=3.50e-01 | 1.2s
[   617] loss=-0.4746 | res=1.97e-08 | grad=2.19e-01 | 1.2s
[   618] loss=-0.4460 | res=8.94e-09 | grad=2.44e-01 | 1.2s
[   619] loss=-0.4697 | res=2.32e-08 | grad=3.10e-01 | 1.2s
[   620] loss=-0.5075 | res=1.64e-08 | grad=6.27e-01 | 1.2s
[   621] loss=-0.4187 | res=1.11e-08 | grad=6.28e-01 | 1.2s
[   622] loss=-0.4175 | res=1.48e-08 | grad=3.19e-01 | 1.2s
[   623] loss=-0.5053 | res=7.81e-09 | grad=4.93e-01 | 1.2s
[   624] loss=-0.4825 | res=1.44e-08 | grad=4.67e-01 | 1.2s
[   625] loss=-0.4596 | res=1.27e-08 | grad=3.75e-01 | 1.2s
[   626] loss=-0.4338 | res=1.87e-08 | grad=5.33e-01 | 1.2s
[   627] loss=-0.5035 | res=2.16e-08 | grad=3.77e-01 | 1.2s
[   628] loss=-0.5454 | res=5.05e-09 | grad=8.06e-01 | 1.2s
[   629] loss=-0.4357 | res=2.78e-09 | grad=5.13e-01 | 1.2s
[   630] loss=-0.4389 | res=2.09e-08 | grad=5.48e-01 | 1.2s
[   631] loss=-0.4565 | res=2.18e-08 | grad=4.27e-01 | 1.2s
[   632] loss=-0.4228 | res=1.95e-08 | grad=7.56e-01 | 1.2s
[   633] loss=-0.4783 | res=2.22e-08 | grad=2.99e-01 | 1.2s
[   634] loss=-0.4766 | res=4.97e-09 | grad=5.21e-01 | 1.2s
[   635] loss=-0.4819 | res=2.73e-08 | grad=2.18e-01 | 1.2s
[   636] loss=-0.5071 | res=2.08e-08 | grad=7.73e-01 | 1.2s
[   637] loss=-0.4933 | res=9.28e-09 | grad=3.69e-01 | 1.1s
[   638] loss=-0.4630 | res=1.77e-08 | grad=3.67e-01 | 1.2s
[   639] loss=-0.4935 | res=1.24e-08 | grad=4.42e-01 | 1.2s
[   640] loss=-0.4394 | res=6.64e-09 | grad=5.41e-01 | 1.2s
[   641] loss=-0.4754 | res=1.22e-08 | grad=2.49e-01 | 1.2s
[   642] loss=-0.5073 | res=4.44e-09 | grad=3.35e-01 | 1.2s
[   643] loss=-0.4528 | res=1.62e-08 | grad=5.27e-01 | 1.2s
[   644] loss=-0.4469 | res=1.71e-08 | grad=7.10e-01 | 1.2s
[   645] loss=-0.4979 | res=3.30e-09 | grad=1.55e-01 | 1.2s
[   646] loss=-0.4690 | res=1.71e-08 | grad=3.74e-01 | 1.2s
[   647] loss=-0.4763 | res=2.00e-08 | grad=2.15e-01 | 1.2s
[   648] loss=-0.4837 | res=3.44e-06 | grad=1.79e-01 | 1.2s
[   649] loss=-0.4573 | res=1.40e-08 | grad=2.75e-01 | 1.2s
[   650] loss=-0.4873 | res=1.31e-08 | grad=4.84e-01 | 1.2s
[   651] loss=-0.4411 | res=2.62e-08 | grad=2.72e-01 | 1.2s
[   652] loss=-0.4457 | res=1.28e-08 | grad=3.30e-01 | 1.2s
[   653] loss=-0.4972 | res=1.52e-08 | grad=7.72e-01 | 1.2s
[   654] loss=-0.4707 | res=1.07e-08 | grad=4.17e-01 | 1.2s
[   655] loss=-0.4706 | res=2.02e-08 | grad=2.01e-01 | 1.2s
[   656] loss=-0.5397 | res=6.36e-09 | grad=5.38e-01 | 1.1s
[   657] loss=-0.4601 | res=2.84e-08 | grad=3.91e-01 | 1.2s
[   658] loss=-0.4470 | res=1.49e-08 | grad=7.54e-01 | 1.2s
[   659] loss=-0.4037 | res=1.42e-08 | grad=1.00e+00 | 1.2s
[   660] loss=-0.4947 | res=8.48e-09 | grad=1.89e-01 | 1.2s
[   661] loss=-0.4703 | res=1.14e-08 | grad=3.03e-01 | 1.1s
[   662] loss=-0.4872 | res=1.22e-08 | grad=2.33e-01 | 1.2s
[   663] loss=-0.4748 | res=1.58e-08 | grad=1.72e-01 | 1.2s
[   664] loss=-0.4609 | res=1.53e-08 | grad=2.50e-01 | 1.2s
[   665] loss=-0.4781 | res=6.78e-09 | grad=4.55e-01 | 1.2s
[   666] loss=-0.4667 | res=3.16e-09 | grad=2.31e-01 | 1.2s
[   667] loss=-0.4766 | res=5.76e-09 | grad=2.64e-01 | 1.2s
[   668] loss=-0.4983 | res=8.60e-09 | grad=4.16e-01 | 1.2s
[   669] loss=-0.4797 | res=9.01e-09 | grad=2.00e-01 | 1.2s
[   670] loss=-0.4628 | res=7.58e-09 | grad=3.58e-01 | 1.2s
[   671] loss=-0.4233 | res=6.58e-09 | grad=6.52e-01 | 1.2s
[   672] loss=-0.4438 | res=6.67e-09 | grad=4.66e-01 | 1.2s
[   673] loss=-0.4310 | res=1.34e-08 | grad=3.70e-01 | 1.2s
[   674] loss=-0.4415 | res=6.03e-09 | grad=2.88e-01 | 1.2s
[   675] loss=-0.4832 | res=3.26e-08 | grad=3.71e-01 | 1.2s
[   676] loss=-0.4137 | res=2.25e-08 | grad=3.58e-01 | 1.2s
[   677] loss=-0.5125 | res=1.77e-08 | grad=1.01e+00 | 1.2s
[   678] loss=-0.5015 | res=4.55e-09 | grad=9.38e-01 | 1.2s
[   679] loss=-0.4252 | res=7.26e-09 | grad=3.89e-01 | 1.2s
[   680] loss=-0.4384 | res=2.09e-08 | grad=3.77e-01 | 1.2s
[   681] loss=-0.4345 | res=2.00e-08 | grad=5.48e-01 | 1.2s
[   682] loss=-0.4346 | res=9.25e-09 | grad=4.28e-01 | 1.2s
[   683] loss=-0.5413 | res=5.80e-09 | grad=7.46e-01 | 1.2s
[   684] loss=-0.4356 | res=1.41e-08 | grad=4.61e-01 | 1.2s
[   685] loss=-0.5021 | res=1.56e-08 | grad=1.83e-01 | 1.2s
[   686] loss=-0.4533 | res=9.03e-06 | grad=3.44e-01 | 1.2s
[   687] loss=-0.5023 | res=1.34e-08 | grad=3.33e-01 | 1.2s
[   688] loss=-0.4356 | res=1.10e-08 | grad=2.40e-01 | 1.2s
[   689] loss=-0.5006 | res=1.44e-08 | grad=4.89e-01 | 1.2s
[   690] loss=-0.4443 | res=1.05e-08 | grad=5.47e-01 | 1.2s
[   691] loss=-0.4007 | res=2.16e-08 | grad=3.92e-01 | 1.2s
[   692] loss=-0.4820 | res=2.33e-08 | grad=3.34e-01 | 1.2s
[   693] loss=-0.4595 | res=8.28e-09 | grad=3.05e-01 | 1.2s
[   694] loss=-0.4771 | res=2.47e-08 | grad=2.89e-01 | 1.2s
[   695] loss=-0.4763 | res=2.64e-08 | grad=3.54e-01 | 1.2s
[   696] loss=-0.4730 | res=1.80e-08 | grad=1.34e-01 | 1.2s
[   697] loss=-0.5246 | res=1.39e-08 | grad=6.64e-01 | 1.2s
[   698] loss=-0.4577 | res=1.33e-08 | grad=2.15e-01 | 1.2s
[   699] loss=-0.4606 | res=2.19e-08 | grad=4.34e-01 | 1.2s
[   700] loss=-0.4495 | res=1.76e-08 | grad=3.91e-01 | 1.2s
[   701] loss=-0.4611 | res=1.22e-08 | grad=5.25e-01 | 1.2s
[   702] loss=-0.5350 | res=1.41e-08 | grad=6.07e-01 | 1.2s
[   703] loss=-0.5051 | res=2.64e-08 | grad=3.48e-01 | 1.2s
[   704] loss=-0.4497 | res=3.14e-08 | grad=3.69e-01 | 1.2s
[   705] loss=-0.4459 | res=9.41e-09 | grad=5.00e-01 | 1.2s
[   706] loss=-0.4527 | res=7.72e-09 | grad=3.57e-01 | 1.2s
[   707] loss=-0.4354 | res=1.74e-08 | grad=4.26e-01 | 1.2s
[   708] loss=-0.4927 | res=1.29e-08 | grad=4.41e-01 | 1.2s
[   709] loss=-0.4313 | res=1.37e-08 | grad=2.60e-01 | 1.2s
[   710] loss=-0.4623 | res=1.44e-08 | grad=4.92e-01 | 1.2s
[   711] loss=-0.4514 | res=1.18e-08 | grad=2.93e-01 | 1.2s
[   712] loss=-0.4381 | res=1.26e-08 | grad=1.93e-01 | 1.2s
[   713] loss=-0.5317 | res=2.75e-08 | grad=7.75e-01 | 1.2s
[   714] loss=-0.4733 | res=2.27e-08 | grad=3.29e-01 | 1.1s
[   715] loss=-0.4451 | res=6.47e-09 | grad=4.61e-01 | 1.2s
[   716] loss=-0.4445 | res=2.99e-08 | grad=4.86e-01 | 1.2s
[   717] loss=-0.4893 | res=9.86e-09 | grad=2.89e-01 | 1.2s
[   718] loss=-0.4847 | res=2.54e-08 | grad=2.21e-01 | 1.2s
[   719] loss=-0.4421 | res=1.09e-08 | grad=4.03e-01 | 1.2s
[   720] loss=-0.5013 | res=6.59e-09 | grad=3.84e-01 | 1.2s
[   721] loss=-0.4988 | res=1.17e-08 | grad=3.39e-01 | 1.2s
[   722] loss=-0.4967 | res=1.95e-08 | grad=1.83e-01 | 1.2s
[   723] loss=-0.5022 | res=2.49e-09 | grad=3.24e-01 | 1.2s
[   724] loss=-0.4856 | res=1.61e-08 | grad=1.82e-01 | 1.2s
[   725] loss=-0.4815 | res=9.79e-09 | grad=2.24e-01 | 1.2s
[   726] loss=-0.4991 | res=1.97e-08 | grad=1.66e-01 | 1.2s
[   727] loss=-0.4252 | res=1.30e-08 | grad=8.50e-01 | 1.2s
[   728] loss=-0.4928 | res=2.83e-08 | grad=3.71e-01 | 1.2s
[   729] loss=-0.4481 | res=2.54e-08 | grad=3.51e-01 | 1.2s
[   730] loss=-0.4080 | res=4.88e-08 | grad=5.69e-01 | 1.2s
[   731] loss=-0.4809 | res=2.85e-09 | grad=3.48e-01 | 1.2s
[   732] loss=-0.4509 | res=2.24e-08 | grad=2.02e-01 | 1.2s
[   733] loss=-0.4765 | res=1.77e-08 | grad=3.38e-01 | 1.2s
[   734] loss=-0.4720 | res=7.45e-09 | grad=4.15e-01 | 1.2s
[   735] loss=-0.4843 | res=1.49e-08 | grad=3.59e-01 | 1.2s
[   736] loss=-0.4827 | res=1.21e-08 | grad=5.42e-01 | 1.2s
[   737] loss=-0.4586 | res=1.32e-08 | grad=2.80e-01 | 1.2s
[   738] loss=-0.4761 | res=2.21e-08 | grad=2.95e-01 | 1.2s
[   739] loss=-0.5101 | res=3.56e-05 | grad=2.90e-01 | 1.2s
[   740] loss=-0.4416 | res=2.82e-08 | grad=6.21e-01 | 1.2s
[   741] loss=-0.4794 | res=2.54e-08 | grad=2.78e-01 | 1.2s
[   742] loss=-0.4383 | res=8.01e-09 | grad=6.56e-01 | 1.2s
[   743] loss=-0.4890 | res=1.08e-08 | grad=2.11e-01 | 1.2s
[   744] loss=-0.4513 | res=1.37e-08 | grad=4.10e-01 | 1.2s
[   745] loss=-0.4590 | res=7.76e-09 | grad=1.97e-01 | 1.2s
[   746] loss=-0.4635 | res=1.33e-08 | grad=3.19e-01 | 1.2s
[   747] loss=-0.4408 | res=2.78e-08 | grad=2.70e-01 | 1.2s
[   748] loss=-0.4866 | res=9.56e-09 | grad=6.77e-01 | 1.2s
[   749] loss=-0.4355 | res=1.23e-08 | grad=2.69e-01 | 1.2s
[   750] loss=-0.4664 | res=9.23e-09 | grad=3.08e-01 | 1.1s
[   751] loss=-0.5100 | res=1.49e-08 | grad=5.29e-01 | 1.2s
[   752] loss=-0.4781 | res=1.80e-08 | grad=2.34e-01 | 1.2s
[   753] loss=-0.4906 | res=1.67e-08 | grad=1.66e-01 | 1.1s
[   754] loss=-0.4628 | res=2.33e-08 | grad=3.98e-01 | 1.2s
[   755] loss=-0.4494 | res=2.48e-08 | grad=6.20e-01 | 1.2s
[   756] loss=-0.4615 | res=1.39e-08 | grad=5.98e-01 | 1.2s
[   757] loss=-0.4874 | res=2.05e-08 | grad=2.49e-01 | 1.2s
[   758] loss=-0.4398 | res=9.89e-09 | grad=2.96e-01 | 1.2s
[   759] loss=-0.4504 | res=1.89e-08 | grad=3.53e-01 | 1.2s
[   760] loss=-0.4351 | res=2.00e-08 | grad=2.38e-01 | 1.2s
[   761] loss=-0.4478 | res=1.54e-08 | grad=4.71e-01 | 1.2s
[   762] loss=-0.4565 | res=1.32e-08 | grad=6.35e-01 | 1.2s
[   763] loss=-0.4633 | res=1.50e-08 | grad=6.64e-01 | 1.2s
[   764] loss=-0.4628 | res=2.06e-08 | grad=4.71e-01 | 1.2s
[   765] loss=-0.4505 | res=1.66e-08 | grad=2.24e-01 | 1.2s
[   766] loss=-0.4076 | res=1.06e-08 | grad=5.99e-01 | 1.2s
[   767] loss=-0.4593 | res=1.56e-08 | grad=2.09e-01 | 1.2s
[   768] loss=-0.4655 | res=6.10e-09 | grad=2.35e-01 | 1.2s
[   769] loss=-0.4427 | res=2.07e-08 | grad=3.42e-01 | 1.2s
[   770] loss=-0.4411 | res=3.31e-08 | grad=4.27e-01 | 1.2s
[   771] loss=-0.5031 | res=1.23e-08 | grad=4.19e-01 | 1.2s
[   772] loss=-0.5177 | res=2.10e-08 | grad=7.17e-01 | 1.2s
[   773] loss=-0.4803 | res=1.05e-08 | grad=2.01e-01 | 1.2s
[   774] loss=-0.4299 | res=1.59e-08 | grad=5.39e-01 | 1.2s
[   775] loss=-0.4867 | res=9.81e-09 | grad=2.27e-01 | 1.2s
[   776] loss=-0.4531 | res=4.08e-09 | grad=3.07e-01 | 1.2s
[   777] loss=-0.4992 | res=4.03e-09 | grad=2.58e-01 | 1.2s
[   778] loss=-0.4687 | res=1.99e-08 | grad=3.29e-01 | 1.2s
[   779] loss=-0.4740 | res=1.63e-08 | grad=1.49e-01 | 1.2s
[   780] loss=-0.4118 | res=5.67e-09 | grad=5.08e-01 | 1.2s
[   781] loss=-0.4858 | res=1.09e-08 | grad=5.02e-01 | 1.2s
[   782] loss=-0.4679 | res=8.00e-09 | grad=4.02e-01 | 1.2s
[   783] loss=-0.5172 | res=2.78e-08 | grad=6.69e-01 | 1.2s
[   784] loss=-0.4745 | res=1.20e-08 | grad=3.09e-01 | 1.1s
[   785] loss=-0.4382 | res=1.86e-08 | grad=3.19e-01 | 1.2s
[   786] loss=-0.4335 | res=1.48e-08 | grad=5.36e-01 | 1.2s
[   787] loss=-0.4607 | res=2.67e-08 | grad=3.34e-01 | 1.2s
[   788] loss=-0.4783 | res=1.67e-08 | grad=2.18e-01 | 1.2s
[   789] loss=-0.5057 | res=1.20e-08 | grad=3.18e-01 | 1.2s
[   790] loss=-0.4377 | res=1.63e-08 | grad=3.94e-01 | 1.2s
[   791] loss=-0.4527 | res=1.38e-08 | grad=2.67e-01 | 1.2s
[   792] loss=-0.4469 | res=4.54e-09 | grad=3.04e-01 | 1.1s
[   793] loss=-0.4918 | res=1.53e-08 | grad=4.10e-01 | 1.2s
[   794] loss=-0.4249 | res=6.33e-09 | grad=3.10e-01 | 1.2s
[   795] loss=-0.4813 | res=6.00e-09 | grad=4.24e-01 | 1.2s
[   796] loss=-0.4489 | res=1.20e-08 | grad=2.82e-01 | 1.2s
[   797] loss=-0.4568 | res=2.74e-08 | grad=1.21e-01 | 1.2s
[   798] loss=-0.4268 | res=1.81e-08 | grad=5.24e-01 | 1.2s
[   799] loss=-0.4651 | res=1.76e-08 | grad=2.77e-01 | 1.2s
[   800] loss=-0.4403 | res=1.53e-08 | grad=3.73e-01 | 1.2s
[   801] loss=-0.4349 | res=1.11e-08 | grad=1.69e-01 | 1.2s
[   802] loss=-0.4783 | res=1.65e-08 | grad=4.06e-01 | 1.2s
[   803] loss=-0.4567 | res=1.52e-08 | grad=2.61e-01 | 1.2s
[   804] loss=-0.4794 | res=3.48e-08 | grad=4.96e-01 | 1.2s
[   805] loss=-0.4995 | res=7.00e-09 | grad=3.32e-01 | 1.2s
[   806] loss=-0.4785 | res=1.32e-08 | grad=1.69e-01 | 1.2s
[   807] loss=-0.5222 | res=8.55e-09 | grad=5.14e-01 | 1.2s
[   808] loss=-0.4608 | res=2.36e-08 | grad=5.40e-01 | 1.2s
[   809] loss=-0.4740 | res=1.33e-08 | grad=4.67e-01 | 1.2s
[   810] loss=-0.4769 | res=1.52e-08 | grad=4.24e-01 | 1.2s
[   811] loss=-0.4862 | res=1.41e-08 | grad=2.77e-01 | 1.2s
[   812] loss=-0.4165 | res=1.09e-08 | grad=7.53e-01 | 1.2s
[   813] loss=-0.4190 | res=5.60e-09 | grad=5.32e-01 | 1.2s
[   814] loss=-0.4277 | res=1.58e-08 | grad=3.09e-01 | 1.2s
[   815] loss=-0.4440 | res=1.41e-08 | grad=2.72e-01 | 1.2s
[   816] loss=-0.3805 | res=9.16e-09 | grad=2.53e-01 | 1.2s
[   817] loss=-0.4690 | res=1.05e-08 | grad=1.09e+00 | 1.2s
[   818] loss=-0.5182 | res=1.56e-08 | grad=1.67e+00 | 1.2s
[   819] loss=-0.4256 | res=8.88e-09 | grad=3.14e-01 | 1.2s
[   820] loss=-0.4608 | res=1.33e-08 | grad=5.23e-01 | 1.2s
[   821] loss=-0.5144 | res=1.85e-08 | grad=5.98e-01 | 1.2s
[   822] loss=-0.4474 | res=1.51e-08 | grad=3.22e-01 | 1.2s
[   823] loss=-0.4268 | res=2.79e-08 | grad=8.76e-01 | 1.2s
[   824] loss=-0.4070 | res=1.53e-08 | grad=9.11e-01 | 1.2s
[   825] loss=-0.4351 | res=2.22e-08 | grad=8.21e-01 | 1.2s
[   826] loss=-0.4920 | res=2.42e-08 | grad=3.43e-01 | 1.2s
[   827] loss=-0.4529 | res=1.42e-08 | grad=3.39e-01 | 1.2s
[   828] loss=-0.5013 | res=8.94e-09 | grad=5.19e-01 | 1.2s
[   829] loss=-0.4607 | res=1.52e-08 | grad=1.59e-01 | 1.2s
[   830] loss=-0.5175 | res=5.20e-09 | grad=1.01e+00 | 1.2s
[   831] loss=-0.4616 | res=2.70e-08 | grad=2.22e-01 | 1.1s
[   832] loss=-0.4471 | res=1.35e-08 | grad=1.92e-01 | 1.2s
[   833] loss=-0.5019 | res=2.02e-08 | grad=3.55e-01 | 1.2s
[   834] loss=-0.4677 | res=1.94e-09 | grad=2.60e-01 | 1.2s
[   835] loss=-0.4883 | res=9.61e-09 | grad=1.76e-01 | 1.2s
[   836] loss=-0.4891 | res=1.26e-08 | grad=2.68e-01 | 1.2s
[   837] loss=-0.4646 | res=1.59e-08 | grad=4.48e-01 | 1.2s
[   838] loss=-0.4572 | res=1.60e-08 | grad=6.83e-01 | 1.2s
[   839] loss=-0.4081 | res=1.55e-08 | grad=8.77e-01 | 1.1s
[   840] loss=-0.3991 | res=3.46e-09 | grad=6.49e-01 | 1.2s
[   841] loss=-0.4249 | res=1.76e-08 | grad=2.22e-01 | 1.2s
[   842] loss=-0.5047 | res=1.43e-08 | grad=1.22e+00 | 1.2s
[   843] loss=-0.4574 | res=1.16e-08 | grad=8.95e-01 | 1.2s
[   844] loss=-0.4900 | res=1.26e-08 | grad=1.08e+00 | 1.2s
[   845] loss=-0.4740 | res=2.17e-08 | grad=4.37e-01 | 1.2s
[   846] loss=-0.4591 | res=1.89e-08 | grad=2.84e-01 | 1.2s
[   847] loss=-0.5263 | res=1.05e-08 | grad=5.39e-01 | 1.2s
[   848] loss=-0.5015 | res=1.16e-08 | grad=4.90e-01 | 1.2s
[   849] loss=-0.4357 | res=5.72e-09 | grad=1.18e+00 | 1.2s
[   850] loss=-0.4296 | res=1.12e-08 | grad=1.07e+00 | 1.2s
[   851] loss=-0.4583 | res=2.03e-08 | grad=8.24e-01 | 1.2s
[   852] loss=-0.4954 | res=1.88e-08 | grad=2.73e-01 | 1.2s
[   853] loss=-0.4661 | res=1.03e-08 | grad=2.18e-01 | 1.2s
[   854] loss=-0.4953 | res=1.76e-08 | grad=4.68e-01 | 1.2s
[   855] loss=-0.4487 | res=1.51e-08 | grad=1.61e-01 | 1.2s
[   856] loss=-0.4370 | res=7.98e-09 | grad=2.61e-01 | 1.2s
[   857] loss=-0.4940 | res=6.41e-09 | grad=9.38e-01 | 1.2s
[   858] loss=-0.4688 | res=1.46e-08 | grad=5.25e-01 | 1.2s
[   859] loss=-0.3981 | res=3.40e-09 | grad=4.69e-01 | 1.2s
[   860] loss=-0.4611 | res=1.56e-08 | grad=2.67e-01 | 1.2s
[   861] loss=-0.4124 | res=2.67e-08 | grad=6.08e-01 | 1.2s
[   862] loss=-0.4628 | res=1.65e-08 | grad=1.71e-01 | 1.2s
[   863] loss=-0.4378 | res=1.08e-08 | grad=1.62e-01 | 1.2s
[   864] loss=-0.4647 | res=7.28e-09 | grad=1.79e-01 | 1.2s
[   865] loss=-0.4513 | res=9.61e-09 | grad=1.83e-01 | 1.2s
[   866] loss=-0.3694 | res=1.74e-07 | grad=7.91e-01 | 1.2s
[   867] loss=-0.4805 | res=1.62e-08 | grad=4.07e-01 | 1.2s
[   868] loss=-0.4652 | res=6.38e-09 | grad=3.14e-01 | 1.2s
[   869] loss=-0.4606 | res=1.44e-08 | grad=3.18e-01 | 1.2s
[   870] loss=-0.4878 | res=1.37e-08 | grad=5.72e-01 | 1.1s
[   871] loss=-0.4494 | res=6.88e-09 | grad=2.77e-01 | 1.2s
[   872] loss=-0.4464 | res=8.85e-09 | grad=2.43e-01 | 1.2s
[   873] loss=-0.4614 | res=5.69e-09 | grad=2.92e-01 | 1.2s
[   874] loss=-0.4352 | res=1.04e-08 | grad=5.39e-01 | 1.2s
[   875] loss=-0.4260 | res=7.62e-09 | grad=5.18e-01 | 1.2s
[   876] loss=-0.4508 | res=1.27e-08 | grad=4.40e-01 | 1.2s
[   877] loss=-0.4463 | res=5.98e-09 | grad=2.56e-01 | 1.2s
[   878] loss=-0.4513 | res=4.60e-09 | grad=2.12e-01 | 1.2s
[   879] loss=-0.5156 | res=2.11e-08 | grad=8.30e-01 | 1.2s
[   880] loss=-0.4565 | res=9.58e-09 | grad=2.52e-01 | 1.2s
[   881] loss=-0.4218 | res=1.29e-08 | grad=2.72e-01 | 1.2s
[   882] loss=-0.4621 | res=1.63e-08 | grad=3.88e-01 | 1.2s
[   883] loss=-0.5001 | res=1.54e-08 | grad=3.55e-01 | 1.2s
[   884] loss=-0.4739 | res=1.28e-08 | grad=1.70e-01 | 1.2s
[   885] loss=-0.4596 | res=1.24e-08 | grad=2.85e-01 | 1.2s
[   886] loss=-0.4407 | res=5.80e-09 | grad=3.89e-01 | 1.2s
[   887] loss=-0.4705 | res=1.31e-08 | grad=2.21e-01 | 1.2s
[   888] loss=-0.4828 | res=8.53e-09 | grad=2.92e-01 | 1.2s
[   889] loss=-0.4994 | res=1.57e-08 | grad=4.63e-01 | 1.2s
[   890] loss=-0.5031 | res=1.02e-08 | grad=2.45e-01 | 1.2s
[   891] loss=-0.4471 | res=3.34e-08 | grad=5.31e-01 | 1.2s
[   892] loss=-0.4757 | res=1.78e-08 | grad=3.10e-01 | 1.2s
[   893] loss=-0.4535 | res=1.21e-08 | grad=1.85e-01 | 1.2s
[   894] loss=-0.4257 | res=1.36e-08 | grad=4.59e-01 | 1.2s
[   895] loss=-0.4612 | res=1.73e-08 | grad=2.34e-01 | 1.2s
[   896] loss=-0.4192 | res=1.43e-08 | grad=3.83e-01 | 1.2s
[   897] loss=-0.4706 | res=1.02e-08 | grad=3.03e-01 | 1.1s
[   898] loss=-0.4922 | res=1.79e-08 | grad=7.27e-01 | 1.2s
[   899] loss=-0.4803 | res=7.16e-09 | grad=7.20e-01 | 1.2s
[   900] loss=-0.4828 | res=1.92e-08 | grad=5.89e-01 | 1.2s
[   901] loss=-0.4573 | res=1.16e-08 | grad=2.23e-01 | 1.2s
[   902] loss=-0.4722 | res=1.52e-08 | grad=2.10e-01 | 1.2s
[   903] loss=-0.4433 | res=1.28e-08 | grad=4.48e-01 | 1.2s
[   904] loss=-0.4136 | res=1.91e-06 | grad=1.01e+00 | 1.2s
[   905] loss=-0.4645 | res=1.23e-08 | grad=2.86e-01 | 1.2s
[   906] loss=-0.4494 | res=1.88e-08 | grad=3.64e-01 | 1.2s
[   907] loss=-0.4695 | res=2.21e-08 | grad=2.52e-01 | 1.2s
[   908] loss=-0.4765 | res=1.06e-08 | grad=3.20e-01 | 1.2s
[   909] loss=-0.4492 | res=1.52e-08 | grad=2.21e-01 | 1.2s
[   910] loss=-0.4220 | res=1.08e-08 | grad=2.48e-01 | 1.2s
[   911] loss=-0.5025 | res=1.64e-08 | grad=6.55e-01 | 1.1s
[   912] loss=-0.4591 | res=1.18e-08 | grad=2.10e-01 | 1.2s
[   913] loss=-0.4112 | res=1.18e-08 | grad=6.16e-01 | 1.1s
[   914] loss=-0.4622 | res=2.20e-08 | grad=1.83e-01 | 1.2s
[   915] loss=-0.4133 | res=6.81e-09 | grad=3.34e-01 | 1.2s
[   916] loss=-0.4692 | res=2.52e-08 | grad=2.20e-01 | 1.2s
[   917] loss=-0.4781 | res=1.88e-08 | grad=5.36e-01 | 1.1s
[   918] loss=-0.4738 | res=1.07e-08 | grad=2.91e-01 | 1.2s
[   919] loss=-0.4292 | res=1.58e-08 | grad=5.20e-01 | 1.1s
[   920] loss=-0.4792 | res=9.53e-09 | grad=1.81e-01 | 1.2s
[   921] loss=-0.4493 | res=2.23e-08 | grad=2.50e-01 | 1.1s
[   922] loss=-0.4663 | res=1.56e-08 | grad=2.05e-01 | 1.2s
[   923] loss=-0.4315 | res=8.86e-09 | grad=3.27e-01 | 1.1s
[   924] loss=-0.4462 | res=1.49e-08 | grad=1.97e-01 | 1.2s
[   925] loss=-0.4301 | res=1.95e-08 | grad=3.24e-01 | 1.2s
[   926] loss=-0.4598 | res=1.39e-08 | grad=2.66e-01 | 1.1s
[   927] loss=-0.4651 | res=1.59e-08 | grad=3.50e-01 | 1.1s
[   928] loss=-0.4842 | res=1.75e-08 | grad=4.80e-01 | 1.1s
[   929] loss=-0.4241 | res=1.72e-08 | grad=3.27e-01 | 1.1s
[   930] loss=-0.4855 | res=1.59e-08 | grad=2.08e-01 | 1.1s
[   931] loss=-0.4562 | res=1.12e-08 | grad=1.87e-01 | 1.2s
[   932] loss=-0.4348 | res=5.78e-09 | grad=2.81e-01 | 1.1s
[   933] loss=-0.4755 | res=1.14e-08 | grad=2.65e-01 | 1.1s
[   934] loss=-0.4686 | res=9.69e-09 | grad=1.37e-01 | 1.2s
[   935] loss=-0.4461 | res=2.67e-08 | grad=3.77e-01 | 1.1s
[   936] loss=-0.5287 | res=9.42e-09 | grad=8.49e-01 | 1.2s
[   937] loss=-0.4553 | res=1.03e-08 | grad=4.21e-01 | 1.2s
[   938] loss=-0.4726 | res=9.97e-09 | grad=4.96e-01 | 1.2s
[   939] loss=-0.4394 | res=1.33e-08 | grad=5.17e-01 | 1.2s
[   940] loss=-0.4264 | res=8.03e-09 | grad=5.40e-01 | 1.2s
[   941] loss=-0.4585 | res=3.22e-08 | grad=2.66e-01 | 1.2s
[   942] loss=-0.4530 | res=1.09e-08 | grad=1.63e-01 | 1.2s
[   943] loss=-0.4688 | res=8.40e-09 | grad=4.42e-01 | 1.2s
[   944] loss=-0.4377 | res=7.23e-09 | grad=2.07e-01 | 1.2s
[   945] loss=-0.4763 | res=1.55e-08 | grad=5.11e-01 | 1.2s
[   946] loss=-0.4684 | res=1.06e-08 | grad=5.63e-01 | 1.2s
[   947] loss=-0.4606 | res=2.24e-08 | grad=2.57e-01 | 1.2s
[   948] loss=-0.4757 | res=1.48e-08 | grad=2.40e-01 | 1.2s
[   949] loss=-0.4557 | res=7.22e-09 | grad=2.91e-01 | 1.2s
[   950] loss=-0.4728 | res=1.77e-08 | grad=1.62e-01 | 1.2s
[   951] loss=-0.4549 | res=5.15e-09 | grad=3.27e-01 | 1.2s
[   952] loss=-0.4656 | res=3.08e-09 | grad=3.43e-01 | 1.2s
[   953] loss=-0.4654 | res=1.00e-08 | grad=2.97e-01 | 1.1s
[   954] loss=-0.4479 | res=1.28e-08 | grad=3.10e-01 | 1.2s
[   955] loss=-0.4302 | res=1.35e-08 | grad=3.19e-01 | 1.2s
[   956] loss=-0.4405 | res=5.20e-09 | grad=1.56e-01 | 1.2s
[   957] loss=-0.4447 | res=1.62e-08 | grad=2.08e-01 | 1.2s
[   958] loss=-0.4293 | res=1.63e-08 | grad=2.25e-01 | 1.2s
[   959] loss=-0.4542 | res=1.66e-08 | grad=5.95e-01 | 1.2s
[   960] loss=-0.4587 | res=7.44e-09 | grad=3.52e-01 | 1.2s
[   961] loss=-0.4704 | res=3.54e-09 | grad=6.38e-01 | 1.2s
[   962] loss=-0.4612 | res=2.13e-08 | grad=2.81e-01 | 1.2s
[   963] loss=-0.4574 | res=1.71e-08 | grad=1.72e-01 | 1.2s
[   964] loss=-0.5042 | res=4.15e-09 | grad=4.87e-01 | 1.2s
[   965] loss=-0.5239 | res=9.01e-09 | grad=3.30e-01 | 1.2s
[   966] loss=-0.4244 | res=2.45e-08 | grad=1.19e+00 | 1.2s
[   967] loss=-0.4353 | res=1.57e-08 | grad=8.61e-01 | 1.2s
[   968] loss=-0.4149 | res=7.96e-09 | grad=6.68e-01 | 1.1s
[   969] loss=-0.4814 | res=2.21e-08 | grad=1.86e-01 | 1.2s
[   970] loss=-0.4673 | res=2.36e-06 | grad=2.06e-01 | 1.2s
[   971] loss=-0.4205 | res=1.03e-08 | grad=3.09e-01 | 1.2s
[   972] loss=-0.4401 | res=4.51e-09 | grad=3.34e-01 | 1.2s
[   973] loss=-0.4376 | res=1.51e-08 | grad=5.39e-01 | 1.2s
[   974] loss=-0.4532 | res=1.32e-08 | grad=6.10e-01 | 1.2s
[   975] loss=-0.4600 | res=2.94e-08 | grad=4.51e-01 | 1.2s
[   976] loss=-0.5074 | res=1.03e-08 | grad=1.09e+00 | 1.2s
[   977] loss=-0.4604 | res=2.67e-08 | grad=2.76e-01 | 1.2s
[   978] loss=-0.4053 | res=2.86e-08 | grad=5.35e-01 | 1.2s
[   979] loss=-0.4416 | res=7.92e-09 | grad=5.66e-01 | 1.2s
[   980] loss=-0.4227 | res=1.67e-09 | grad=5.72e-01 | 1.2s
[   981] loss=-0.4895 | res=1.83e-08 | grad=1.68e-01 | 1.2s
[   982] loss=-0.4546 | res=1.35e-08 | grad=4.77e-01 | 1.2s
[   983] loss=-0.5019 | res=1.38e-08 | grad=2.70e-01 | 1.1s
[   984] loss=-0.4700 | res=1.95e-08 | grad=2.91e-01 | 1.2s
[   985] loss=-0.4707 | res=9.33e-09 | grad=2.28e-01 | 1.2s
[   986] loss=-0.4483 | res=1.70e-08 | grad=1.45e-01 | 1.2s
[   987] loss=-0.4756 | res=1.02e-08 | grad=3.47e-01 | 1.2s
[   988] loss=-0.4912 | res=2.80e-08 | grad=4.13e-01 | 1.1s
[   989] loss=-0.4804 | res=1.04e-08 | grad=3.01e-01 | 1.2s
[   990] loss=-0.4122 | res=2.66e-08 | grad=6.37e-01 | 1.2s
[   991] loss=-0.4522 | res=2.29e-08 | grad=1.92e-01 | 1.2s
[   992] loss=-0.5040 | res=7.85e-09 | grad=6.02e-01 | 1.2s
[   993] loss=-0.5070 | res=3.45e-09 | grad=5.07e-01 | 1.2s
[   994] loss=-0.4584 | res=1.53e-08 | grad=2.09e-01 | 1.2s
[   995] loss=-0.4829 | res=2.05e-08 | grad=1.60e-01 | 1.2s
[   996] loss=-0.4868 | res=1.56e-08 | grad=2.55e-01 | 1.1s
[   997] loss=-0.4440 | res=8.97e-09 | grad=3.89e-01 | 1.1s
[   998] loss=-0.4353 | res=9.27e-09 | grad=6.62e-01 | 1.1s
[   999] loss=-0.5043 | res=5.85e-09 | grad=1.53e-01 | 1.1s
[  1000] loss=-0.4522 | res=1.81e-08 | grad=3.73e-01 | 1.2s
  KL = 0.0084 +/- 0.0006  |  ESS = 1003.5 (ratio: 0.980)
  Runtime = 1178.6s

[Ours] Training on S10...
/home/sjbhatt/anaconda3/envs/rcpms-jax/lib/python3.10/site-packages/jax/_src/ops/scatter.py:92: FutureWarning: scatter inputs have incompatible types: cannot safely cast value from dtype=int64 to dtype=int32 with jax_numpy_dtype_promotion='standard'. In future JAX releases this will result in an error.
  warnings.warn(
/home/sjbhatt/anaconda3/envs/rcpms-jax/lib/python3.10/site-packages/jax/_src/ops/scatter.py:92: FutureWarning: scatter inputs have incompatible types: cannot safely cast value from dtype=int64 to dtype=int32 with jax_numpy_dtype_promotion='standard'. In future JAX releases this will result in an error.
  warnings.warn(
[     1] loss=0.0803 | res=3.74e-08 | grad=4.28e+00 | 6.8s
[     2] loss=-0.0054 | res=5.01e-08 | grad=3.60e+00 | 1.2s
[     3] loss=-0.0512 | res=4.50e-08 | grad=2.56e+00 | 1.2s
[     4] loss=-0.1297 | res=4.57e-08 | grad=2.22e+00 | 1.2s
[     5] loss=-0.1527 | res=7.56e-08 | grad=1.86e+00 | 1.2s
[     6] loss=-0.1677 | res=1.25e-05 | grad=1.27e+00 | 1.2s
[     7] loss=-0.1925 | res=8.80e-08 | grad=1.17e+00 | 1.2s
[     8] loss=-0.1788 | res=6.12e-06 | grad=1.04e+00 | 1.2s
[     9] loss=-0.1936 | res=3.33e-07 | grad=1.33e+00 | 1.2s
[    10] loss=-0.1937 | res=1.30e-07 | grad=1.27e+00 | 1.2s
[    11] loss=-0.1659 | res=2.32e-05 | grad=1.53e+00 | 1.2s
[    12] loss=-0.2168 | res=8.41e-08 | grad=1.21e+00 | 1.2s
[    13] loss=-0.1921 | res=9.97e-05 | grad=1.26e+00 | 1.2s
[    14] loss=-0.1853 | res=3.66e-05 | grad=1.23e+00 | 1.2s
[    15] loss=-0.2047 | res=6.57e-08 | grad=1.05e+00 | 1.2s
[    16] loss=-0.1794 | res=8.49e-08 | grad=1.11e+00 | 1.2s
[    17] loss=-0.1755 | res=2.52e-05 | grad=8.76e-01 | 1.2s
[    18] loss=-0.2088 | res=6.42e-08 | grad=8.70e-01 | 1.2s
[    19] loss=-0.1825 | res=1.54e-05 | grad=6.79e-01 | 1.2s
[    20] loss=-0.1930 | res=9.23e-06 | grad=7.34e-01 | 1.2s
[    21] loss=-0.1860 | res=7.91e-08 | grad=8.44e-01 | 1.2s
[    22] loss=-0.1929 | res=4.70e-07 | grad=7.32e-01 | 1.2s
[    23] loss=-0.1990 | res=7.02e-08 | grad=6.63e-01 | 1.2s
[    24] loss=-0.2007 | res=8.78e-08 | grad=8.43e-01 | 1.2s
[    25] loss=-0.2092 | res=7.63e-06 | grad=9.51e-01 | 1.2s
[    26] loss=-0.1981 | res=5.55e-08 | grad=7.23e-01 | 1.2s
[    27] loss=-0.1945 | res=8.30e-06 | grad=7.62e-01 | 1.2s
[    28] loss=-0.2229 | res=9.47e-08 | grad=7.50e-01 | 1.2s
[    29] loss=-0.2261 | res=4.70e-08 | grad=9.65e-01 | 1.2s
[    30] loss=-0.2225 | res=6.01e-05 | grad=8.06e-01 | 1.2s
[    31] loss=-0.2163 | res=1.07e-05 | grad=4.53e-01 | 1.2s
[    32] loss=-0.1983 | res=7.92e-08 | grad=5.76e-01 | 1.2s
[    33] loss=-0.1857 | res=1.96e-05 | grad=8.44e-01 | 1.2s
[    34] loss=-0.2403 | res=1.08e-05 | grad=5.53e-01 | 1.2s
[    35] loss=-0.2049 | res=9.35e-08 | grad=8.10e-01 | 1.2s
[    36] loss=-0.2217 | res=7.95e-08 | grad=8.47e-01 | 1.2s
[    37] loss=-0.1939 | res=2.29e-06 | grad=8.03e-01 | 1.2s
[    38] loss=-0.2331 | res=1.99e-05 | grad=5.77e-01 | 1.2s
[    39] loss=-0.2284 | res=2.32e-06 | grad=4.25e-01 | 1.2s
[    40] loss=-0.2237 | res=6.13e-08 | grad=7.62e-01 | 1.2s
[    41] loss=-0.2040 | res=4.77e-05 | grad=5.24e-01 | 1.2s
[    42] loss=-0.2122 | res=7.66e-08 | grad=6.11e-01 | 1.2s
[    43] loss=-0.2185 | res=8.50e-08 | grad=7.03e-01 | 1.2s
[    44] loss=-0.2259 | res=5.78e-08 | grad=5.17e-01 | 1.2s
[    45] loss=-0.2140 | res=6.78e-08 | grad=5.49e-01 | 1.2s
[    46] loss=-0.2169 | res=6.86e-08 | grad=5.65e-01 | 1.2s
[    47] loss=-0.2147 | res=7.50e-08 | grad=7.34e-01 | 1.2s
[    48] loss=-0.2008 | res=8.76e-08 | grad=6.79e-01 | 1.2s
[    49] loss=-0.1880 | res=4.22e-08 | grad=5.14e-01 | 1.2s
[    50] loss=-0.2121 | res=6.47e-08 | grad=5.69e-01 | 1.2s
[    51] loss=-0.2121 | res=7.02e-08 | grad=5.43e-01 | 1.2s
[    52] loss=-0.2050 | res=7.52e-08 | grad=5.12e-01 | 1.2s
[    53] loss=-0.2115 | res=1.24e-05 | grad=7.03e-01 | 1.2s
[    54] loss=-0.1917 | res=7.18e-08 | grad=7.40e-01 | 1.2s
[    55] loss=-0.2140 | res=1.41e-04 | grad=4.99e-01 | 1.2s
[    56] loss=-0.2249 | res=1.29e-07 | grad=4.87e-01 | 1.2s
[    57] loss=-0.1900 | res=6.35e-08 | grad=6.48e-01 | 1.2s
[    58] loss=-0.2161 | res=6.47e-07 | grad=6.55e-01 | 1.2s
[    59] loss=-0.2195 | res=6.44e-08 | grad=6.18e-01 | 1.2s
[    60] loss=-0.2259 | res=5.04e-08 | grad=8.48e-01 | 1.2s
[    61] loss=-0.2120 | res=2.05e-06 | grad=7.51e-01 | 1.2s
[    62] loss=-0.1940 | res=6.87e-08 | grad=5.58e-01 | 1.2s
[    63] loss=-0.2050 | res=7.24e-08 | grad=5.30e-01 | 1.2s
[    64] loss=-0.2173 | res=7.94e-08 | grad=4.47e-01 | 1.2s
[    65] loss=-0.1972 | res=1.01e-05 | grad=8.22e-01 | 1.2s
[    66] loss=-0.2037 | res=7.39e-08 | grad=4.96e-01 | 1.2s
[    67] loss=-0.2164 | res=5.83e-07 | grad=6.33e-01 | 1.2s
[    68] loss=-0.2180 | res=1.31e-05 | grad=4.07e-01 | 1.2s
[    69] loss=-0.2342 | res=6.21e-08 | grad=6.19e-01 | 1.2s
[    70] loss=-0.2152 | res=3.96e-08 | grad=5.38e-01 | 1.2s
[    71] loss=-0.2168 | res=7.27e-08 | grad=7.86e-01 | 1.2s
[    72] loss=-0.2243 | res=8.51e-08 | grad=7.87e-01 | 1.2s
[    73] loss=-0.2013 | res=5.09e-08 | grad=4.89e-01 | 1.2s
[    74] loss=-0.2262 | res=5.17e-08 | grad=6.08e-01 | 1.2s
[    75] loss=-0.2264 | res=6.26e-08 | grad=6.65e-01 | 1.2s
[    76] loss=-0.2260 | res=6.60e-07 | grad=6.45e-01 | 1.2s
[    77] loss=-0.2551 | res=8.40e-06 | grad=7.63e-01 | 1.2s
[    78] loss=-0.1845 | res=1.07e-06 | grad=7.91e-01 | 1.2s
[    79] loss=-0.1827 | res=6.36e-08 | grad=9.06e-01 | 1.2s
[    80] loss=-0.2334 | res=5.56e-08 | grad=4.09e-01 | 1.2s
[    81] loss=-0.1985 | res=1.29e-05 | grad=6.71e-01 | 1.2s
[    82] loss=-0.2500 | res=4.05e-08 | grad=7.95e-01 | 1.3s
[    83] loss=-0.2042 | res=7.08e-08 | grad=6.14e-01 | 1.3s
[    84] loss=-0.2392 | res=8.86e-08 | grad=6.50e-01 | 1.2s
[    85] loss=-0.1706 | res=1.26e-05 | grad=8.18e-01 | 1.2s
[    86] loss=-0.2199 | res=8.04e-08 | grad=6.41e-01 | 1.2s
[    87] loss=-0.2027 | res=8.20e-08 | grad=5.93e-01 | 1.2s
[    88] loss=-0.2053 | res=4.82e-08 | grad=6.30e-01 | 1.2s
[    89] loss=-0.2208 | res=6.41e-08 | grad=5.05e-01 | 1.2s
[    90] loss=-0.2262 | res=1.09e-04 | grad=9.37e-01 | 1.2s
[    91] loss=-0.2151 | res=6.76e-08 | grad=5.38e-01 | 1.2s
[    92] loss=-0.1997 | res=5.08e-08 | grad=4.95e-01 | 1.2s
[    93] loss=-0.2162 | res=4.87e-08 | grad=5.52e-01 | 1.2s
[    94] loss=-0.2294 | res=6.76e-05 | grad=5.19e-01 | 1.2s
[    95] loss=-0.2009 | res=6.86e-08 | grad=6.32e-01 | 1.2s
[    96] loss=-0.2213 | res=1.19e-05 | grad=5.14e-01 | 1.2s
[    97] loss=-0.1993 | res=3.19e-06 | grad=7.35e-01 | 1.2s
[    98] loss=-0.2177 | res=5.66e-05 | grad=5.13e-01 | 1.2s
[    99] loss=-0.2029 | res=9.40e-08 | grad=6.20e-01 | 1.2s
[   100] loss=-0.2320 | res=5.82e-08 | grad=5.93e-01 | 1.2s
[   101] loss=-0.1915 | res=6.47e-08 | grad=5.98e-01 | 1.2s
[   102] loss=-0.1932 | res=7.19e-08 | grad=6.14e-01 | 1.2s
[   103] loss=-0.2342 | res=7.96e-08 | grad=5.82e-01 | 1.2s
[   104] loss=-0.2092 | res=8.67e-08 | grad=5.26e-01 | 1.2s
[   105] loss=-0.2147 | res=6.09e-08 | grad=4.54e-01 | 1.2s
[   106] loss=-0.2325 | res=8.33e-08 | grad=8.19e-01 | 1.2s
[   107] loss=-0.2142 | res=5.99e-08 | grad=4.41e-01 | 1.2s
[   108] loss=-0.1952 | res=7.43e-08 | grad=4.93e-01 | 1.2s
[   109] loss=-0.2245 | res=4.51e-08 | grad=4.53e-01 | 1.2s
[   110] loss=-0.2181 | res=6.25e-06 | grad=9.17e-01 | 1.2s
[   111] loss=-0.2098 | res=1.81e-06 | grad=7.74e-01 | 1.2s
[   112] loss=-0.2244 | res=6.55e-08 | grad=8.08e-01 | 1.2s
[   113] loss=-0.2234 | res=1.13e-05 | grad=4.21e-01 | 1.2s
[   114] loss=-0.2071 | res=8.60e-08 | grad=8.69e-01 | 1.2s
[   115] loss=-0.1978 | res=8.26e-08 | grad=7.03e-01 | 1.2s
[   116] loss=-0.2303 | res=5.69e-08 | grad=5.47e-01 | 1.2s
[   117] loss=-0.2110 | res=6.36e-08 | grad=6.76e-01 | 1.2s
[   118] loss=-0.2121 | res=2.99e-05 | grad=5.72e-01 | 1.2s
[   119] loss=-0.2054 | res=5.78e-08 | grad=4.36e-01 | 1.3s
[   120] loss=-0.2189 | res=4.90e-08 | grad=4.43e-01 | 1.2s
[   121] loss=-0.2192 | res=4.02e-08 | grad=5.58e-01 | 1.2s
[   122] loss=-0.2253 | res=3.28e-06 | grad=6.71e-01 | 1.2s
[   123] loss=-0.2167 | res=6.30e-08 | grad=4.20e-01 | 1.2s
[   124] loss=-0.1670 | res=7.30e-08 | grad=7.32e-01 | 1.2s
[   125] loss=-0.2097 | res=4.95e-08 | grad=4.41e-01 | 1.2s
[   126] loss=-0.2352 | res=6.39e-08 | grad=8.04e-01 | 1.2s
[   127] loss=-0.2035 | res=1.35e-06 | grad=5.18e-01 | 1.2s
[   128] loss=-0.2193 | res=2.10e-05 | grad=3.88e-01 | 1.2s
[   129] loss=-0.2265 | res=4.92e-08 | grad=4.45e-01 | 1.2s
[   130] loss=-0.1779 | res=1.53e-06 | grad=7.40e-01 | 1.2s
[   131] loss=-0.2003 | res=5.76e-08 | grad=6.24e-01 | 1.2s
[   132] loss=-0.2041 | res=5.77e-05 | grad=4.40e-01 | 1.2s
[   133] loss=-0.2079 | res=5.53e-08 | grad=5.95e-01 | 1.2s
[   134] loss=-0.2290 | res=1.96e-06 | grad=5.10e-01 | 1.2s
[   135] loss=-0.1842 | res=1.52e-07 | grad=5.59e-01 | 1.2s
[   136] loss=-0.2025 | res=3.57e-08 | grad=4.44e-01 | 1.2s
[   137] loss=-0.2073 | res=9.95e-06 | grad=6.48e-01 | 1.2s
[   138] loss=-0.2272 | res=5.47e-08 | grad=6.36e-01 | 1.2s
[   139] loss=-0.2353 | res=3.28e-05 | grad=6.85e-01 | 1.2s
[   140] loss=-0.2287 | res=3.95e-08 | grad=6.92e-01 | 1.2s
[   141] loss=-0.1820 | res=4.18e-05 | grad=6.39e-01 | 1.2s
[   142] loss=-0.2234 | res=4.62e-08 | grad=6.42e-01 | 1.2s
[   143] loss=-0.2047 | res=7.05e-08 | grad=7.46e-01 | 1.2s
[   144] loss=-0.2364 | res=4.25e-06 | grad=4.70e-01 | 1.2s
[   145] loss=-0.2275 | res=6.26e-08 | grad=7.13e-01 | 1.2s
[   146] loss=-0.2277 | res=5.87e-08 | grad=4.70e-01 | 1.2s
[   147] loss=-0.1994 | res=7.68e-08 | grad=5.98e-01 | 1.2s
[   148] loss=-0.2442 | res=4.66e-08 | grad=4.42e-01 | 1.2s
[   149] loss=-0.2131 | res=5.45e-05 | grad=5.54e-01 | 1.2s
[   150] loss=-0.2148 | res=6.07e-08 | grad=6.29e-01 | 1.2s
[   151] loss=-0.2200 | res=5.20e-08 | grad=6.10e-01 | 1.2s
[   152] loss=-0.2188 | res=6.52e-08 | grad=5.27e-01 | 1.2s
[   153] loss=-0.2034 | res=6.89e-05 | grad=5.99e-01 | 1.2s
[   154] loss=-0.2012 | res=4.63e-06 | grad=4.40e-01 | 1.2s
[   155] loss=-0.2076 | res=6.13e-08 | grad=4.18e-01 | 1.2s
[   156] loss=-0.2072 | res=4.29e-08 | grad=6.68e-01 | 1.2s
[   157] loss=-0.2128 | res=1.71e-06 | grad=6.01e-01 | 1.2s
[   158] loss=-0.2075 | res=5.94e-08 | grad=4.26e-01 | 1.2s
[   159] loss=-0.2168 | res=7.68e-08 | grad=4.34e-01 | 1.2s
[   160] loss=-0.2339 | res=6.65e-06 | grad=8.31e-01 | 1.2s
[   161] loss=-0.2126 | res=1.47e-05 | grad=5.85e-01 | 1.2s
[   162] loss=-0.2165 | res=5.84e-06 | grad=4.87e-01 | 1.2s
[   163] loss=-0.2250 | res=5.28e-08 | grad=3.18e-01 | 1.2s
[   164] loss=-0.2391 | res=4.79e-08 | grad=4.94e-01 | 1.2s
[   165] loss=-0.1980 | res=9.99e-06 | grad=6.51e-01 | 1.2s
[   166] loss=-0.2042 | res=7.47e-07 | grad=6.74e-01 | 1.2s
[   167] loss=-0.2045 | res=1.00e-06 | grad=6.05e-01 | 1.2s
[   168] loss=-0.2295 | res=1.20e-05 | grad=4.00e-01 | 1.2s
[   169] loss=-0.1957 | res=5.06e-08 | grad=7.32e-01 | 1.2s
[   170] loss=-0.1765 | res=5.71e-08 | grad=7.35e-01 | 1.2s
[   171] loss=-0.2106 | res=5.59e-08 | grad=7.57e-01 | 1.2s
[   172] loss=-0.2372 | res=1.88e-05 | grad=8.12e-01 | 1.2s
[   173] loss=-0.1904 | res=6.86e-08 | grad=2.94e-01 | 1.2s
[   174] loss=-0.2212 | res=4.06e-05 | grad=7.54e-01 | 1.2s
[   175] loss=-0.2146 | res=7.18e-08 | grad=6.57e-01 | 1.2s
[   176] loss=-0.2199 | res=4.73e-05 | grad=7.28e-01 | 1.2s
[   177] loss=-0.2180 | res=3.31e-06 | grad=4.38e-01 | 1.2s
[   178] loss=-0.2217 | res=7.04e-08 | grad=4.34e-01 | 1.2s
[   179] loss=-0.2083 | res=5.38e-08 | grad=3.91e-01 | 1.2s
[   180] loss=-0.2385 | res=3.85e-05 | grad=6.45e-01 | 1.2s
[   181] loss=-0.2005 | res=2.34e-05 | grad=7.23e-01 | 1.2s
[   182] loss=-0.1938 | res=6.44e-08 | grad=7.29e-01 | 1.2s
[   183] loss=-0.2008 | res=9.38e-06 | grad=5.89e-01 | 1.2s
[   184] loss=-0.2170 | res=1.59e-05 | grad=5.65e-01 | 1.2s
[   185] loss=-0.2052 | res=9.21e-06 | grad=6.51e-01 | 1.2s
[   186] loss=-0.2042 | res=1.82e-05 | grad=4.16e-01 | 1.2s
[   187] loss=-0.1473 | res=9.10e-07 | grad=9.96e-01 | 1.2s
[   188] loss=-0.1966 | res=7.99e-08 | grad=4.19e-01 | 1.2s
[   189] loss=-0.2241 | res=1.75e-05 | grad=8.87e-01 | 1.2s
[   190] loss=-0.2076 | res=6.59e-08 | grad=6.05e-01 | 1.2s
[   191] loss=-0.1999 | res=4.03e-08 | grad=6.76e-01 | 1.2s
[   192] loss=-0.2051 | res=5.48e-08 | grad=7.97e-01 | 1.2s
[   193] loss=-0.2034 | res=1.67e-05 | grad=6.40e-01 | 1.2s
[   194] loss=-0.1975 | res=4.49e-08 | grad=5.12e-01 | 1.2s
[   195] loss=-0.2304 | res=5.11e-08 | grad=6.06e-01 | 1.2s
[   196] loss=-0.1956 | res=2.47e-05 | grad=4.48e-01 | 1.2s
[   197] loss=-0.1903 | res=1.62e-07 | grad=6.52e-01 | 1.2s
[   198] loss=-0.2194 | res=2.66e-05 | grad=4.54e-01 | 1.2s
[   199] loss=-0.2056 | res=5.14e-08 | grad=5.46e-01 | 1.2s
[   200] loss=-0.2239 | res=4.19e-05 | grad=5.79e-01 | 1.2s
[   201] loss=-0.2024 | res=1.36e-05 | grad=5.72e-01 | 1.2s
[   202] loss=-0.2115 | res=4.68e-08 | grad=5.93e-01 | 1.2s
[   203] loss=-0.2071 | res=7.28e-08 | grad=4.32e-01 | 1.2s
[   204] loss=-0.2115 | res=5.85e-06 | grad=7.09e-01 | 1.2s
[   205] loss=-0.2143 | res=4.11e-08 | grad=4.89e-01 | 1.2s
[   206] loss=-0.1971 | res=2.41e-05 | grad=3.78e-01 | 1.2s
[   207] loss=-0.2403 | res=6.08e-08 | grad=9.65e-01 | 1.2s
[   208] loss=-0.2065 | res=4.79e-08 | grad=4.02e-01 | 1.2s
[   209] loss=-0.2099 | res=9.22e-06 | grad=6.27e-01 | 1.2s
[   210] loss=-0.1894 | res=2.29e-05 | grad=5.67e-01 | 1.2s
[   211] loss=-0.2283 | res=4.60e-08 | grad=6.06e-01 | 1.2s
[   212] loss=-0.1971 | res=5.67e-08 | grad=5.90e-01 | 1.2s
[   213] loss=-0.2178 | res=1.17e-05 | grad=4.53e-01 | 1.2s
[   214] loss=-0.2206 | res=4.42e-08 | grad=4.21e-01 | 1.2s
[   215] loss=-0.2109 | res=9.47e-08 | grad=3.29e-01 | 1.2s
[   216] loss=-0.2016 | res=7.86e-05 | grad=6.27e-01 | 1.2s
[   217] loss=-0.2153 | res=5.66e-08 | grad=4.24e-01 | 1.2s
[   218] loss=-0.1963 | res=6.22e-08 | grad=7.44e-01 | 1.2s
[   219] loss=-0.2134 | res=5.49e-08 | grad=5.32e-01 | 1.2s
[   220] loss=-0.2274 | res=8.84e-06 | grad=5.59e-01 | 1.2s
[   221] loss=-0.2324 | res=4.22e-05 | grad=6.16e-01 | 1.2s
[   222] loss=-0.2091 | res=5.86e-08 | grad=3.53e-01 | 1.2s
[   223] loss=-0.2211 | res=3.74e-05 | grad=4.54e-01 | 1.2s
[   224] loss=-0.2024 | res=4.47e-08 | grad=4.22e-01 | 1.2s
[   225] loss=-0.2352 | res=3.62e-08 | grad=6.72e-01 | 1.2s
[   226] loss=-0.2216 | res=3.55e-05 | grad=3.15e-01 | 1.2s
[   227] loss=-0.2093 | res=3.11e-05 | grad=5.88e-01 | 1.2s
[   228] loss=-0.2215 | res=1.30e-06 | grad=4.04e-01 | 1.2s
[   229] loss=-0.2176 | res=2.00e-05 | grad=4.50e-01 | 1.2s
[   230] loss=-0.2145 | res=5.86e-06 | grad=3.94e-01 | 1.2s
[   231] loss=-0.2183 | res=5.24e-08 | grad=3.88e-01 | 1.2s
[   232] loss=-0.2077 | res=4.12e-05 | grad=2.98e-01 | 1.2s
[   233] loss=-0.1975 | res=4.86e-08 | grad=4.85e-01 | 1.2s
[   234] loss=-0.2518 | res=4.64e-06 | grad=6.90e-01 | 1.2s
[   235] loss=-0.2104 | res=5.44e-08 | grad=5.06e-01 | 1.2s
[   236] loss=-0.2151 | res=7.63e-08 | grad=5.41e-01 | 1.2s
[   237] loss=-0.1848 | res=9.39e-05 | grad=5.53e-01 | 1.2s
[   238] loss=-0.2173 | res=4.06e-08 | grad=4.19e-01 | 1.2s
[   239] loss=-0.2265 | res=6.69e-08 | grad=5.37e-01 | 1.2s
[   240] loss=-0.2353 | res=2.70e-05 | grad=5.90e-01 | 1.2s
[   241] loss=-0.2128 | res=7.10e-08 | grad=4.24e-01 | 1.2s
[   242] loss=-0.2262 | res=3.83e-05 | grad=3.74e-01 | 1.2s
[   243] loss=-0.1987 | res=2.49e-05 | grad=4.11e-01 | 1.2s
[   244] loss=-0.2035 | res=3.85e-05 | grad=5.80e-01 | 1.2s
[   245] loss=-0.2045 | res=4.58e-08 | grad=4.16e-01 | 1.2s
[   246] loss=-0.2173 | res=4.23e-05 | grad=4.80e-01 | 1.2s
[   247] loss=-0.2201 | res=6.31e-08 | grad=4.06e-01 | 1.2s
[   248] loss=-0.1978 | res=6.75e-08 | grad=5.32e-01 | 1.2s
[   249] loss=-0.2075 | res=5.37e-08 | grad=5.21e-01 | 1.2s
[   250] loss=-0.2254 | res=2.36e-05 | grad=6.18e-01 | 1.2s
[   251] loss=-0.2077 | res=6.97e-08 | grad=4.44e-01 | 1.2s
[   252] loss=-0.2162 | res=4.47e-08 | grad=4.51e-01 | 1.2s
[   253] loss=-0.2160 | res=6.40e-08 | grad=4.92e-01 | 1.2s
[   254] loss=-0.2002 | res=1.69e-07 | grad=4.55e-01 | 1.2s
[   255] loss=-0.2122 | res=6.05e-08 | grad=6.93e-01 | 1.2s
[   256] loss=-0.2069 | res=9.13e-06 | grad=6.65e-01 | 1.2s
[   257] loss=-0.1714 | res=2.72e-05 | grad=8.78e-01 | 1.2s
[   258] loss=-0.2044 | res=3.06e-06 | grad=5.71e-01 | 1.2s
[   259] loss=-0.2257 | res=5.10e-08 | grad=5.23e-01 | 1.2s
[   260] loss=-0.2116 | res=1.21e-05 | grad=4.13e-01 | 1.2s
[   261] loss=-0.2249 | res=4.39e-08 | grad=5.60e-01 | 1.2s
[   262] loss=-0.2502 | res=4.05e-05 | grad=9.17e-01 | 1.2s
[   263] loss=-0.2293 | res=2.83e-08 | grad=3.59e-01 | 1.2s
[   264] loss=-0.2138 | res=1.01e-05 | grad=4.74e-01 | 1.2s
[   265] loss=-0.2021 | res=3.21e-08 | grad=6.60e-01 | 1.2s
[   266] loss=-0.2094 | res=6.51e-08 | grad=4.62e-01 | 1.2s
[   267] loss=-0.1995 | res=5.62e-08 | grad=6.46e-01 | 1.3s
[   268] loss=-0.2213 | res=7.74e-07 | grad=4.95e-01 | 1.3s
[   269] loss=-0.2097 | res=4.09e-08 | grad=5.26e-01 | 1.3s
[   270] loss=-0.1895 | res=4.07e-08 | grad=5.57e-01 | 1.3s
[   271] loss=-0.1892 | res=6.54e-06 | grad=5.09e-01 | 1.2s
[   272] loss=-0.1973 | res=3.34e-05 | grad=4.02e-01 | 1.2s
[   273] loss=-0.2350 | res=5.34e-08 | grad=9.39e-01 | 1.2s
[   274] loss=-0.2143 | res=4.13e-08 | grad=7.61e-01 | 1.2s
[   275] loss=-0.2324 | res=5.87e-08 | grad=7.96e-01 | 1.2s
[   276] loss=-0.1996 | res=4.83e-08 | grad=5.50e-01 | 1.2s
[   277] loss=-0.2096 | res=5.35e-08 | grad=4.82e-01 | 1.2s
[   278] loss=-0.2436 | res=3.39e-05 | grad=5.05e-01 | 1.2s
[   279] loss=-0.1933 | res=9.15e-06 | grad=6.95e-01 | 1.2s
[   280] loss=-0.1893 | res=6.17e-08 | grad=7.70e-01 | 1.2s
[   281] loss=-0.2239 | res=1.42e-05 | grad=4.54e-01 | 1.2s
[   282] loss=-0.1972 | res=5.16e-08 | grad=5.69e-01 | 1.2s
[   283] loss=-0.2051 | res=1.07e-05 | grad=5.09e-01 | 1.2s
[   284] loss=-0.1884 | res=6.15e-06 | grad=5.46e-01 | 1.2s
[   285] loss=-0.2013 | res=3.73e-05 | grad=6.09e-01 | 1.2s
[   286] loss=-0.2122 | res=6.38e-08 | grad=5.59e-01 | 1.2s
[   287] loss=-0.2293 | res=4.81e-08 | grad=8.58e-01 | 1.2s
[   288] loss=-0.2315 | res=4.29e-08 | grad=8.21e-01 | 1.2s
[   289] loss=-0.2119 | res=2.74e-08 | grad=6.40e-01 | 1.2s
[   290] loss=-0.1967 | res=5.02e-08 | grad=4.30e-01 | 1.2s
[   291] loss=-0.2198 | res=9.93e-07 | grad=3.38e-01 | 1.2s
[   292] loss=-0.2079 | res=6.41e-06 | grad=3.81e-01 | 1.2s
[   293] loss=-0.2081 | res=6.92e-08 | grad=8.10e-01 | 1.2s
[   294] loss=-0.1946 | res=7.16e-08 | grad=7.05e-01 | 1.2s
[   295] loss=-0.2074 | res=1.68e-05 | grad=5.45e-01 | 1.2s
[   296] loss=-0.2063 | res=1.20e-05 | grad=4.76e-01 | 1.2s
[   297] loss=-0.2218 | res=1.31e-05 | grad=4.64e-01 | 1.2s
[   298] loss=-0.2197 | res=5.82e-08 | grad=4.83e-01 | 1.2s
[   299] loss=-0.2301 | res=5.95e-08 | grad=6.53e-01 | 1.2s
[   300] loss=-0.2224 | res=5.30e-06 | grad=3.80e-01 | 1.2s
[   301] loss=-0.2001 | res=4.79e-08 | grad=3.67e-01 | 1.2s
[   302] loss=-0.2108 | res=5.80e-08 | grad=3.96e-01 | 1.2s
[   303] loss=-0.1919 | res=5.76e-08 | grad=6.04e-01 | 1.2s
[   304] loss=-0.2014 | res=2.89e-05 | grad=4.45e-01 | 1.2s
[   305] loss=-0.2007 | res=4.82e-08 | grad=6.23e-01 | 1.2s
[   306] loss=-0.2079 | res=3.28e-06 | grad=4.86e-01 | 1.2s
[   307] loss=-0.2091 | res=6.85e-08 | grad=4.78e-01 | 1.2s
[   308] loss=-0.2274 | res=4.90e-08 | grad=4.83e-01 | 1.2s
[   309] loss=-0.1949 | res=4.76e-08 | grad=4.57e-01 | 1.2s
[   310] loss=-0.2096 | res=4.36e-08 | grad=4.51e-01 | 1.2s
[   311] loss=-0.2168 | res=5.74e-08 | grad=2.63e-01 | 1.2s
[   312] loss=-0.2389 | res=3.92e-08 | grad=5.97e-01 | 1.2s
[   313] loss=-0.2115 | res=3.28e-06 | grad=3.70e-01 | 1.2s
[   314] loss=-0.2283 | res=4.69e-05 | grad=5.99e-01 | 1.2s
[   315] loss=-0.2253 | res=3.13e-08 | grad=3.87e-01 | 1.2s
[   316] loss=-0.2149 | res=7.38e-08 | grad=4.19e-01 | 1.2s
[   317] loss=-0.2202 | res=4.02e-06 | grad=4.31e-01 | 1.2s
[   318] loss=-0.1838 | res=1.88e-06 | grad=8.12e-01 | 1.2s
[   319] loss=-0.2222 | res=4.49e-08 | grad=3.88e-01 | 1.2s
[   320] loss=-0.2088 | res=3.50e-08 | grad=2.60e-01 | 1.2s
[   321] loss=-0.2080 | res=4.05e-08 | grad=3.14e-01 | 1.2s
[   322] loss=-0.2322 | res=5.47e-08 | grad=6.15e-01 | 1.2s
[   323] loss=-0.1945 | res=5.96e-08 | grad=3.29e-01 | 1.2s
[   324] loss=-0.1980 | res=4.59e-08 | grad=2.56e-01 | 1.2s
[   325] loss=-0.2397 | res=5.24e-08 | grad=7.22e-01 | 1.2s
[   326] loss=-0.2455 | res=6.09e-05 | grad=9.47e-01 | 1.2s
[   327] loss=-0.2164 | res=1.19e-05 | grad=4.09e-01 | 1.2s
[   328] loss=-0.2357 | res=5.80e-08 | grad=5.66e-01 | 1.2s
[   329] loss=-0.2300 | res=4.36e-08 | grad=5.01e-01 | 1.2s
[   330] loss=-0.2264 | res=6.70e-08 | grad=5.01e-01 | 1.2s
[   331] loss=-0.2177 | res=2.47e-05 | grad=6.23e-01 | 1.2s
[   332] loss=-0.1970 | res=7.28e-06 | grad=9.72e-01 | 1.2s
[   333] loss=-0.2075 | res=3.85e-06 | grad=5.90e-01 | 1.2s
[   334] loss=-0.2101 | res=4.28e-06 | grad=4.54e-01 | 1.2s
[   335] loss=-0.2018 | res=3.07e-06 | grad=4.45e-01 | 1.2s
[   336] loss=-0.2438 | res=3.62e-06 | grad=6.53e-01 | 1.2s
[   337] loss=-0.2307 | res=1.85e-05 | grad=6.69e-01 | 1.2s
[   338] loss=-0.2026 | res=6.26e-08 | grad=5.57e-01 | 1.2s
[   339] loss=-0.2204 | res=4.93e-08 | grad=6.03e-01 | 1.2s
[   340] loss=-0.2225 | res=5.64e-08 | grad=4.51e-01 | 1.2s
[   341] loss=-0.2142 | res=4.72e-08 | grad=3.29e-01 | 1.2s
[   342] loss=-0.2182 | res=4.42e-08 | grad=5.56e-01 | 1.2s
[   343] loss=-0.2068 | res=4.76e-08 | grad=4.92e-01 | 1.2s
[   344] loss=-0.2365 | res=6.01e-08 | grad=5.55e-01 | 1.2s
[   345] loss=-0.1733 | res=3.34e-05 | grad=9.77e-01 | 1.2s
[   346] loss=-0.2244 | res=5.50e-08 | grad=4.24e-01 | 1.2s
[   347] loss=-0.1845 | res=2.35e-05 | grad=6.91e-01 | 1.2s
[   348] loss=-0.2179 | res=2.45e-07 | grad=4.86e-01 | 1.2s
[   349] loss=-0.1981 | res=6.39e-08 | grad=4.40e-01 | 1.2s
[   350] loss=-0.1814 | res=6.64e-08 | grad=4.52e-01 | 1.2s
[   351] loss=-0.2053 | res=1.74e-05 | grad=6.57e-01 | 1.2s
[   352] loss=-0.2070 | res=5.53e-06 | grad=6.01e-01 | 1.2s
[   353] loss=-0.2105 | res=1.20e-05 | grad=5.94e-01 | 1.2s
[   354] loss=-0.2073 | res=7.13e-08 | grad=4.72e-01 | 1.2s
[   355] loss=-0.2123 | res=9.72e-08 | grad=5.00e-01 | 1.2s
[   356] loss=-0.2059 | res=9.15e-08 | grad=3.23e-01 | 1.2s
[   357] loss=-0.2434 | res=3.66e-05 | grad=6.05e-01 | 1.2s
[   358] loss=-0.2104 | res=6.88e-08 | grad=4.97e-01 | 1.2s
[   359] loss=-0.2321 | res=2.11e-05 | grad=6.14e-01 | 1.2s
[   360] loss=-0.2054 | res=6.81e-08 | grad=7.08e-01 | 1.2s
[   361] loss=-0.2236 | res=8.83e-05 | grad=3.99e-01 | 1.2s
[   362] loss=-0.1724 | res=1.52e-06 | grad=9.93e-01 | 1.2s
[   363] loss=-0.1711 | res=8.99e-06 | grad=1.05e+00 | 1.2s
[   364] loss=-0.1908 | res=2.50e-06 | grad=5.42e-01 | 1.2s
[   365] loss=-0.1946 | res=5.76e-08 | grad=3.20e-01 | 1.2s
[   366] loss=-0.2180 | res=3.75e-08 | grad=1.09e+00 | 1.2s
[   367] loss=-0.1962 | res=3.92e-08 | grad=7.39e-01 | 1.2s
[   368] loss=-0.2216 | res=3.32e-08 | grad=1.04e+00 | 1.2s
[   369] loss=-0.2048 | res=4.43e-08 | grad=7.28e-01 | 1.2s
[   370] loss=-0.1761 | res=6.94e-08 | grad=4.37e-01 | 1.2s
[   371] loss=-0.2412 | res=6.23e-07 | grad=8.43e-01 | 1.2s
[   372] loss=-0.2236 | res=7.09e-08 | grad=4.04e-01 | 1.2s
[   373] loss=-0.2094 | res=2.55e-06 | grad=4.53e-01 | 1.2s
[   374] loss=-0.1955 | res=7.33e-08 | grad=8.83e-01 | 1.2s
[   375] loss=-0.2232 | res=4.25e-06 | grad=4.44e-01 | 1.2s
[   376] loss=-0.2243 | res=6.13e-08 | grad=5.92e-01 | 1.2s
[   377] loss=-0.1922 | res=6.60e-08 | grad=8.13e-01 | 1.2s
[   378] loss=-0.2114 | res=4.65e-08 | grad=6.13e-01 | 1.2s
[   379] loss=-0.2146 | res=2.07e-05 | grad=3.14e-01 | 1.2s
[   380] loss=-0.2203 | res=4.92e-08 | grad=3.16e-01 | 1.2s
[   381] loss=-0.2086 | res=4.01e-08 | grad=3.35e-01 | 1.2s
[   382] loss=-0.2197 | res=6.83e-06 | grad=5.79e-01 | 1.2s
[   383] loss=-0.1916 | res=4.76e-08 | grad=6.26e-01 | 1.2s
[   384] loss=-0.2286 | res=6.35e-08 | grad=7.40e-01 | 1.2s
[   385] loss=-0.2180 | res=3.26e-05 | grad=4.98e-01 | 1.2s
[   386] loss=-0.2113 | res=6.16e-08 | grad=2.93e-01 | 1.2s
[   387] loss=-0.2058 | res=1.86e-05 | grad=3.04e-01 | 1.2s
[   388] loss=-0.2078 | res=4.11e-08 | grad=4.17e-01 | 1.2s
[   389] loss=-0.2046 | res=1.93e-05 | grad=4.39e-01 | 1.2s
[   390] loss=-0.2335 | res=5.89e-08 | grad=5.03e-01 | 1.2s
[   391] loss=-0.2130 | res=2.15e-05 | grad=4.26e-01 | 1.2s
[   392] loss=-0.2050 | res=5.21e-08 | grad=4.38e-01 | 1.2s
[   393] loss=-0.2267 | res=6.95e-08 | grad=3.67e-01 | 1.2s
[   394] loss=-0.1975 | res=6.42e-05 | grad=5.00e-01 | 1.2s
[   395] loss=-0.2143 | res=4.06e-06 | grad=4.44e-01 | 1.2s
[   396] loss=-0.2347 | res=1.99e-05 | grad=5.55e-01 | 1.2s
[   397] loss=-0.1974 | res=4.62e-08 | grad=4.08e-01 | 1.2s
[   398] loss=-0.2083 | res=2.75e-05 | grad=3.62e-01 | 1.2s
[   399] loss=-0.1927 | res=6.27e-06 | grad=5.35e-01 | 1.2s
[   400] loss=-0.2150 | res=6.70e-08 | grad=5.62e-01 | 1.2s
[   401] loss=-0.2402 | res=5.73e-08 | grad=8.17e-01 | 1.2s
[   402] loss=-0.1995 | res=5.82e-08 | grad=2.70e-01 | 1.2s
[   403] loss=-0.2016 | res=2.78e-05 | grad=4.18e-01 | 1.2s
[   404] loss=-0.2126 | res=3.03e-05 | grad=4.35e-01 | 1.2s
[   405] loss=-0.2228 | res=8.03e-06 | grad=3.90e-01 | 1.2s
[   406] loss=-0.1926 | res=4.28e-06 | grad=5.64e-01 | 1.2s
[   407] loss=-0.2359 | res=5.38e-08 | grad=3.64e-01 | 1.2s
[   408] loss=-0.2215 | res=4.38e-08 | grad=3.51e-01 | 1.2s
[   409] loss=-0.1897 | res=2.96e-05 | grad=7.80e-01 | 1.2s
[   410] loss=-0.2181 | res=7.70e-08 | grad=4.56e-01 | 1.2s
[   411] loss=-0.2197 | res=2.80e-08 | grad=3.07e-01 | 1.2s
[   412] loss=-0.1817 | res=2.51e-07 | grad=6.71e-01 | 1.2s
[   413] loss=-0.2153 | res=6.53e-08 | grad=2.52e-01 | 1.2s
[   414] loss=-0.2311 | res=6.37e-07 | grad=5.81e-01 | 1.2s
[   415] loss=-0.2407 | res=7.70e-06 | grad=7.89e-01 | 1.2s
[   416] loss=-0.2132 | res=4.88e-08 | grad=4.02e-01 | 1.2s
[   417] loss=-0.2156 | res=6.69e-06 | grad=4.36e-01 | 1.2s
[   418] loss=-0.2220 | res=3.67e-06 | grad=5.44e-01 | 1.2s
[   419] loss=-0.2061 | res=2.04e-06 | grad=4.83e-01 | 1.2s
[   420] loss=-0.2006 | res=1.22e-05 | grad=5.11e-01 | 1.2s
[   421] loss=-0.2227 | res=5.09e-08 | grad=3.87e-01 | 1.2s
[   422] loss=-0.1980 | res=4.71e-08 | grad=5.02e-01 | 1.2s
[   423] loss=-0.2213 | res=1.11e-05 | grad=2.78e-01 | 1.2s
[   424] loss=-0.2161 | res=3.91e-08 | grad=2.68e-01 | 1.2s
[   425] loss=-0.2255 | res=8.36e-06 | grad=3.81e-01 | 1.2s
[   426] loss=-0.2197 | res=5.86e-06 | grad=2.58e-01 | 1.2s
[   427] loss=-0.2196 | res=4.84e-08 | grad=4.24e-01 | 1.2s
[   428] loss=-0.1937 | res=4.74e-08 | grad=4.70e-01 | 1.2s
[   429] loss=-0.2009 | res=2.41e-06 | grad=2.84e-01 | 1.2s
[   430] loss=-0.2313 | res=7.61e-08 | grad=5.05e-01 | 1.2s
[   431] loss=-0.2265 | res=2.44e-08 | grad=5.24e-01 | 1.3s
[   432] loss=-0.2273 | res=4.47e-08 | grad=5.06e-01 | 1.2s
[   433] loss=-0.2116 | res=7.58e-08 | grad=3.02e-01 | 1.2s
[   434] loss=-0.2345 | res=4.73e-08 | grad=2.85e-01 | 1.2s
[   435] loss=-0.2065 | res=3.56e-07 | grad=4.55e-01 | 1.2s
[   436] loss=-0.1979 | res=6.56e-08 | grad=6.97e-01 | 1.2s
[   437] loss=-0.2181 | res=4.16e-08 | grad=4.91e-01 | 1.2s
[   438] loss=-0.2039 | res=1.56e-06 | grad=4.55e-01 | 1.2s
[   439] loss=-0.1934 | res=4.28e-05 | grad=3.74e-01 | 1.2s
[   440] loss=-0.2287 | res=5.56e-06 | grad=5.41e-01 | 1.2s
[   441] loss=-0.2322 | res=4.95e-06 | grad=5.28e-01 | 1.3s
[   442] loss=-0.1819 | res=7.49e-08 | grad=3.67e-01 | 1.2s
[   443] loss=-0.2198 | res=6.59e-08 | grad=4.90e-01 | 1.2s
[   444] loss=-0.1954 | res=4.82e-08 | grad=2.89e-01 | 1.2s
[   445] loss=-0.2187 | res=3.29e-08 | grad=6.48e-01 | 1.3s
[   446] loss=-0.2125 | res=4.64e-08 | grad=3.35e-01 | 1.2s
[   447] loss=-0.2156 | res=8.33e-06 | grad=3.00e-01 | 1.3s
[   448] loss=-0.2287 | res=5.16e-08 | grad=3.37e-01 | 1.2s
[   449] loss=-0.2133 | res=1.55e-05 | grad=3.76e-01 | 1.2s
[   450] loss=-0.2093 | res=1.41e-05 | grad=5.50e-01 | 1.2s
[   451] loss=-0.1946 | res=8.19e-08 | grad=8.78e-01 | 1.2s
[   452] loss=-0.2227 | res=3.89e-07 | grad=3.28e-01 | 1.2s
[   453] loss=-0.2317 | res=4.33e-08 | grad=4.61e-01 | 1.2s
[   454] loss=-0.1865 | res=3.11e-05 | grad=7.13e-01 | 1.2s
[   455] loss=-0.1996 | res=2.92e-05 | grad=2.48e-01 | 1.2s
[   456] loss=-0.1961 | res=2.08e-05 | grad=2.52e-01 | 1.2s
[   457] loss=-0.2173 | res=5.48e-08 | grad=6.24e-01 | 1.3s
[   458] loss=-0.2153 | res=3.98e-08 | grad=5.33e-01 | 1.2s
[   459] loss=-0.1932 | res=3.22e-05 | grad=2.44e-01 | 1.2s
[   460] loss=-0.2112 | res=4.62e-08 | grad=4.44e-01 | 1.2s
[   461] loss=-0.2045 | res=6.00e-08 | grad=3.28e-01 | 1.2s
[   462] loss=-0.2171 | res=3.95e-08 | grad=4.15e-01 | 1.2s
[   463] loss=-0.2067 | res=4.69e-08 | grad=2.75e-01 | 1.2s
[   464] loss=-0.2002 | res=5.50e-08 | grad=4.45e-01 | 1.2s
[   465] loss=-0.2254 | res=3.52e-06 | grad=3.56e-01 | 1.2s
[   466] loss=-0.2175 | res=4.64e-06 | grad=2.92e-01 | 1.2s
[   467] loss=-0.2276 | res=5.41e-08 | grad=3.44e-01 | 1.2s
[   468] loss=-0.2079 | res=1.28e-05 | grad=4.20e-01 | 1.2s
[   469] loss=-0.2208 | res=8.13e-05 | grad=4.40e-01 | 1.2s
[   470] loss=-0.2326 | res=3.49e-05 | grad=4.71e-01 | 1.2s
[   471] loss=-0.2396 | res=3.95e-05 | grad=4.23e-01 | 1.2s
[   472] loss=-0.2088 | res=6.20e-08 | grad=4.58e-01 | 1.2s
[   473] loss=-0.2006 | res=6.21e-05 | grad=4.13e-01 | 1.2s
[   474] loss=-0.2087 | res=5.87e-08 | grad=4.86e-01 | 1.2s
[   475] loss=-0.1995 | res=5.18e-08 | grad=4.83e-01 | 1.2s
[   476] loss=-0.2239 | res=4.71e-08 | grad=3.96e-01 | 1.2s
[   477] loss=-0.2309 | res=4.58e-08 | grad=5.62e-01 | 1.2s
[   478] loss=-0.2078 | res=1.15e-05 | grad=3.02e-01 | 1.2s
[   479] loss=-0.2168 | res=6.22e-08 | grad=3.18e-01 | 1.2s
[   480] loss=-0.2105 | res=6.44e-08 | grad=2.67e-01 | 1.2s
[   481] loss=-0.2360 | res=2.84e-06 | grad=5.73e-01 | 1.2s
[   482] loss=-0.2015 | res=6.15e-06 | grad=4.24e-01 | 1.2s
[   483] loss=-0.2354 | res=3.82e-08 | grad=3.40e-01 | 1.2s
[   484] loss=-0.2235 | res=6.63e-08 | grad=3.29e-01 | 1.2s
[   485] loss=-0.2123 | res=8.75e-06 | grad=3.29e-01 | 1.2s
[   486] loss=-0.2138 | res=8.95e-06 | grad=3.72e-01 | 1.2s
[   487] loss=-0.2107 | res=9.65e-06 | grad=4.42e-01 | 1.2s
[   488] loss=-0.2037 | res=2.77e-05 | grad=5.23e-01 | 1.2s
[   489] loss=-0.1921 | res=8.07e-08 | grad=4.77e-01 | 1.2s
[   490] loss=-0.2065 | res=3.09e-06 | grad=3.74e-01 | 1.2s
[   491] loss=-0.2021 | res=2.89e-05 | grad=4.88e-01 | 1.2s
[   492] loss=-0.2131 | res=5.68e-05 | grad=6.02e-01 | 1.2s
[   493] loss=-0.1830 | res=7.88e-08 | grad=3.16e-01 | 1.2s
[   494] loss=-0.2099 | res=1.54e-07 | grad=3.96e-01 | 1.2s
[   495] loss=-0.1960 | res=6.31e-08 | grad=3.13e-01 | 1.2s
[   496] loss=-0.2094 | res=6.24e-08 | grad=5.12e-01 | 1.2s
[   497] loss=-0.2116 | res=6.52e-08 | grad=4.26e-01 | 1.2s
[   498] loss=-0.2223 | res=3.87e-08 | grad=4.25e-01 | 1.2s
[   499] loss=-0.1960 | res=5.25e-08 | grad=4.26e-01 | 1.2s
[   500] loss=-0.2052 | res=1.72e-06 | grad=3.75e-01 | 1.2s
[   501] loss=-0.1929 | res=9.03e-08 | grad=6.26e-01 | 1.2s
[   502] loss=-0.2269 | res=5.23e-08 | grad=3.17e-01 | 1.2s
[   503] loss=-0.2094 | res=6.54e-06 | grad=2.40e-01 | 1.2s
[   504] loss=-0.2014 | res=1.52e-05 | grad=5.76e-01 | 1.2s
[   505] loss=-0.2115 | res=6.58e-08 | grad=2.24e-01 | 1.2s
[   506] loss=-0.1838 | res=5.47e-08 | grad=6.06e-01 | 1.2s
[   507] loss=-0.2135 | res=6.39e-08 | grad=2.67e-01 | 1.2s
[   508] loss=-0.2271 | res=4.77e-08 | grad=6.64e-01 | 1.2s
[   509] loss=-0.2056 | res=2.63e-05 | grad=4.30e-01 | 1.2s
[   510] loss=-0.2139 | res=3.84e-08 | grad=4.33e-01 | 1.2s
[   511] loss=-0.2230 | res=1.43e-05 | grad=3.67e-01 | 1.2s
[   512] loss=-0.2081 | res=4.52e-08 | grad=2.18e-01 | 1.2s
[   513] loss=-0.2354 | res=6.77e-08 | grad=4.17e-01 | 1.2s
[   514] loss=-0.2181 | res=6.83e-06 | grad=3.22e-01 | 1.2s
[   515] loss=-0.2262 | res=4.78e-08 | grad=2.43e-01 | 1.2s
[   516] loss=-0.1971 | res=7.04e-08 | grad=6.54e-01 | 1.2s
[   517] loss=-0.1727 | res=5.59e-05 | grad=9.71e-01 | 1.2s
[   518] loss=-0.1972 | res=5.49e-08 | grad=4.98e-01 | 1.2s
[   519] loss=-0.2113 | res=3.23e-06 | grad=4.19e-01 | 1.2s
[   520] loss=-0.2114 | res=3.10e-05 | grad=5.20e-01 | 1.2s
[   521] loss=-0.1794 | res=1.59e-05 | grad=2.58e-01 | 1.3s
[   522] loss=-0.1954 | res=4.19e-05 | grad=3.98e-01 | 1.2s
[   523] loss=-0.2173 | res=4.10e-06 | grad=7.01e-01 | 1.2s
[   524] loss=-0.1947 | res=4.37e-08 | grad=3.32e-01 | 1.2s
[   525] loss=-0.2101 | res=4.73e-08 | grad=5.43e-01 | 1.2s
[   526] loss=-0.2197 | res=4.20e-08 | grad=5.64e-01 | 1.2s
[   527] loss=-0.2288 | res=4.44e-08 | grad=4.85e-01 | 1.2s
[   528] loss=-0.2124 | res=4.29e-08 | grad=3.72e-01 | 1.2s
[   529] loss=-0.2053 | res=3.46e-06 | grad=6.82e-01 | 1.2s
[   530] loss=-0.2382 | res=8.71e-08 | grad=2.29e-01 | 1.2s
[   531] loss=-0.2022 | res=4.28e-07 | grad=7.54e-01 | 1.2s
[   532] loss=-0.2210 | res=6.66e-08 | grad=5.31e-01 | 1.2s
[   533] loss=-0.2499 | res=6.10e-08 | grad=3.79e-01 | 1.2s
[   534] loss=-0.2218 | res=5.16e-08 | grad=4.20e-01 | 1.2s
[   535] loss=-0.1812 | res=5.31e-06 | grad=8.83e-01 | 1.2s
[   536] loss=-0.1815 | res=1.94e-05 | grad=4.93e-01 | 1.2s
[   537] loss=-0.2150 | res=1.49e-07 | grad=4.40e-01 | 1.2s
[   538] loss=-0.2215 | res=5.75e-08 | grad=6.55e-01 | 1.2s
[   539] loss=-0.2090 | res=4.39e-08 | grad=5.95e-01 | 1.2s
[   540] loss=-0.2112 | res=4.05e-05 | grad=7.03e-01 | 1.2s
[   541] loss=-0.2226 | res=4.24e-08 | grad=6.77e-01 | 1.2s
[   542] loss=-0.1920 | res=5.71e-08 | grad=4.41e-01 | 1.2s
[   543] loss=-0.2085 | res=2.02e-05 | grad=2.75e-01 | 1.2s
[   544] loss=-0.2095 | res=1.94e-05 | grad=3.96e-01 | 1.2s
[   545] loss=-0.1896 | res=5.96e-08 | grad=5.51e-01 | 1.2s
[   546] loss=-0.2210 | res=6.72e-06 | grad=3.82e-01 | 1.2s
[   547] loss=-0.2374 | res=7.31e-08 | grad=2.40e-01 | 1.2s
[   548] loss=-0.2430 | res=4.47e-08 | grad=4.21e-01 | 1.2s
[   549] loss=-0.2310 | res=3.34e-08 | grad=2.96e-01 | 1.2s
[   550] loss=-0.2162 | res=4.14e-08 | grad=3.69e-01 | 1.2s
[   551] loss=-0.2134 | res=3.87e-05 | grad=3.68e-01 | 1.2s
[   552] loss=-0.2082 | res=5.06e-08 | grad=5.17e-01 | 1.2s
[   553] loss=-0.2158 | res=6.75e-08 | grad=3.75e-01 | 1.2s
[   554] loss=-0.2155 | res=2.67e-06 | grad=2.61e-01 | 1.2s
[   555] loss=-0.2177 | res=5.50e-08 | grad=2.44e-01 | 1.2s
[   556] loss=-0.2215 | res=4.58e-08 | grad=4.59e-01 | 1.2s
[   557] loss=-0.2231 | res=7.53e-08 | grad=4.23e-01 | 1.2s
[   558] loss=-0.2151 | res=5.18e-08 | grad=3.81e-01 | 1.2s
[   559] loss=-0.2142 | res=6.29e-07 | grad=3.61e-01 | 1.2s
[   560] loss=-0.2099 | res=1.20e-05 | grad=3.48e-01 | 1.2s
[   561] loss=-0.2197 | res=4.80e-07 | grad=2.23e-01 | 1.2s
[   562] loss=-0.2387 | res=3.89e-05 | grad=4.13e-01 | 1.2s
[   563] loss=-0.2114 | res=6.98e-08 | grad=2.95e-01 | 1.2s
[   564] loss=-0.2212 | res=7.41e-08 | grad=4.54e-01 | 1.2s
[   565] loss=-0.2002 | res=2.08e-05 | grad=5.62e-01 | 1.2s
[   566] loss=-0.1931 | res=7.86e-08 | grad=6.20e-01 | 1.2s
[   567] loss=-0.2139 | res=5.03e-08 | grad=2.74e-01 | 1.2s
[   568] loss=-0.2552 | res=5.79e-08 | grad=8.48e-01 | 1.2s
[   569] loss=-0.2096 | res=5.65e-07 | grad=2.36e-01 | 1.2s
[   570] loss=-0.2252 | res=4.38e-08 | grad=4.22e-01 | 1.2s
[   571] loss=-0.1804 | res=6.40e-05 | grad=5.86e-01 | 1.2s
[   572] loss=-0.2025 | res=7.27e-08 | grad=3.41e-01 | 1.2s
[   573] loss=-0.2326 | res=6.83e-08 | grad=7.34e-01 | 1.2s
[   574] loss=-0.1838 | res=4.73e-07 | grad=4.23e-01 | 1.2s
[   575] loss=-0.2166 | res=1.39e-05 | grad=4.85e-01 | 1.2s
[   576] loss=-0.2171 | res=7.63e-07 | grad=3.60e-01 | 1.2s
[   577] loss=-0.2228 | res=4.05e-08 | grad=4.70e-01 | 1.2s
[   578] loss=-0.2251 | res=6.59e-08 | grad=3.48e-01 | 1.2s
[   579] loss=-0.2122 | res=6.54e-08 | grad=3.00e-01 | 1.2s
[   580] loss=-0.2005 | res=7.59e-06 | grad=4.73e-01 | 1.2s
[   581] loss=-0.2227 | res=3.30e-05 | grad=2.71e-01 | 1.2s
[   582] loss=-0.2140 | res=4.00e-08 | grad=3.68e-01 | 1.2s
[   583] loss=-0.1824 | res=5.20e-08 | grad=8.91e-01 | 1.2s
[   584] loss=-0.2188 | res=5.14e-08 | grad=2.89e-01 | 1.2s
[   585] loss=-0.2311 | res=1.84e-06 | grad=4.78e-01 | 1.2s
[   586] loss=-0.2043 | res=5.71e-08 | grad=2.87e-01 | 1.2s
[   587] loss=-0.1999 | res=5.16e-05 | grad=2.18e-01 | 1.2s
[   588] loss=-0.2026 | res=4.56e-08 | grad=2.79e-01 | 1.2s
[   589] loss=-0.2016 | res=3.65e-05 | grad=2.36e-01 | 1.2s
[   590] loss=-0.2131 | res=6.75e-08 | grad=4.12e-01 | 1.2s
[   591] loss=-0.2290 | res=4.01e-06 | grad=5.47e-01 | 1.2s
[   592] loss=-0.1764 | res=6.33e-08 | grad=4.80e-01 | 1.0s
[   593] loss=-0.2174 | res=9.57e-06 | grad=3.03e-01 | 1.2s
[   594] loss=-0.1939 | res=4.85e-08 | grad=3.10e-01 | 1.1s
[   595] loss=-0.2283 | res=5.27e-08 | grad=2.81e-01 | 1.2s
[   596] loss=-0.1833 | res=5.06e-08 | grad=5.75e-01 | 1.2s
[   597] loss=-0.2334 | res=6.13e-08 | grad=4.40e-01 | 1.2s
[   598] loss=-0.1919 | res=6.08e-08 | grad=5.08e-01 | 1.2s
[   599] loss=-0.1840 | res=6.79e-07 | grad=6.62e-01 | 1.2s
[   600] loss=-0.2113 | res=4.78e-08 | grad=2.79e-01 | 1.2s
[   601] loss=-0.2299 | res=4.35e-08 | grad=6.45e-01 | 1.2s
[   602] loss=-0.2221 | res=3.12e-05 | grad=5.96e-01 | 1.2s
[   603] loss=-0.2316 | res=5.52e-08 | grad=4.97e-01 | 1.2s
[   604] loss=-0.2308 | res=8.49e-06 | grad=4.78e-01 | 1.2s
[   605] loss=-0.2170 | res=4.74e-05 | grad=2.69e-01 | 1.2s
[   606] loss=-0.2294 | res=4.53e-08 | grad=3.02e-01 | 1.2s
[   607] loss=-0.2012 | res=5.67e-08 | grad=8.17e-01 | 1.2s
[   608] loss=-0.1917 | res=2.27e-05 | grad=8.24e-01 | 1.2s
[   609] loss=-0.2386 | res=2.69e-06 | grad=2.55e-01 | 1.2s
[   610] loss=-0.2264 | res=6.00e-06 | grad=2.48e-01 | 1.2s
[   611] loss=-0.2343 | res=3.88e-08 | grad=4.54e-01 | 1.2s
[   612] loss=-0.1862 | res=6.33e-08 | grad=5.72e-01 | 1.2s
[   613] loss=-0.1978 | res=7.62e-05 | grad=2.73e-01 | 1.2s
[   614] loss=-0.2138 | res=5.90e-08 | grad=3.75e-01 | 1.2s
[   615] loss=-0.2103 | res=4.70e-08 | grad=3.30e-01 | 1.2s
[   616] loss=-0.2114 | res=4.21e-08 | grad=4.96e-01 | 1.2s
[   617] loss=-0.2102 | res=2.15e-05 | grad=4.16e-01 | 1.2s
[   618] loss=-0.2189 | res=4.97e-08 | grad=4.50e-01 | 1.2s
[   619] loss=-0.1978 | res=5.90e-08 | grad=2.47e-01 | 1.2s
[   620] loss=-0.2129 | res=5.38e-08 | grad=2.67e-01 | 1.2s
[   621] loss=-0.2195 | res=4.89e-08 | grad=2.76e-01 | 1.2s
[   622] loss=-0.2192 | res=4.82e-07 | grad=3.67e-01 | 1.2s
[   623] loss=-0.2166 | res=1.56e-05 | grad=3.57e-01 | 1.2s
[   624] loss=-0.2287 | res=9.74e-07 | grad=3.25e-01 | 1.2s
[   625] loss=-0.1907 | res=2.21e-05 | grad=7.56e-01 | 1.2s
[   626] loss=-0.2105 | res=3.73e-08 | grad=2.79e-01 | 1.2s
[   627] loss=-0.1919 | res=2.20e-06 | grad=4.26e-01 | 1.2s
[   628] loss=-0.2033 | res=6.20e-08 | grad=3.38e-01 | 1.2s
[   629] loss=-0.2315 | res=5.14e-08 | grad=6.64e-01 | 1.2s
[   630] loss=-0.1625 | res=6.18e-08 | grad=5.60e-01 | 1.2s
[   631] loss=-0.2439 | res=2.96e-08 | grad=1.21e+00 | 1.2s
[   632] loss=-0.2008 | res=4.02e-08 | grad=4.67e-01 | 1.2s
[   633] loss=-0.2146 | res=4.61e-08 | grad=4.11e-01 | 1.2s
[   634] loss=-0.2155 | res=2.17e-05 | grad=3.25e-01 | 1.2s
[   635] loss=-0.2338 | res=5.87e-08 | grad=3.94e-01 | 1.2s
[   636] loss=-0.2014 | res=5.04e-08 | grad=5.19e-01 | 1.2s
[   637] loss=-0.2097 | res=3.36e-05 | grad=5.67e-01 | 1.2s
[   638] loss=-0.1989 | res=2.37e-05 | grad=7.50e-01 | 1.2s
[   639] loss=-0.2100 | res=4.73e-08 | grad=5.64e-01 | 1.2s
[   640] loss=-0.1910 | res=7.73e-05 | grad=7.52e-01 | 1.2s
[   641] loss=-0.2319 | res=1.03e-06 | grad=4.03e-01 | 1.2s
[   642] loss=-0.1896 | res=6.17e-08 | grad=2.79e-01 | 1.2s
[   643] loss=-0.2239 | res=5.11e-06 | grad=6.46e-01 | 1.2s
[   644] loss=-0.2102 | res=2.76e-08 | grad=5.80e-01 | 1.2s
[   645] loss=-0.2330 | res=4.55e-08 | grad=9.55e-01 | 1.2s
[   646] loss=-0.2275 | res=2.91e-05 | grad=4.16e-01 | 1.2s
[   647] loss=-0.1754 | res=3.47e-06 | grad=7.60e-01 | 1.2s
[   648] loss=-0.2251 | res=1.01e-05 | grad=2.80e-01 | 1.2s
[   649] loss=-0.2560 | res=6.48e-08 | grad=6.46e-01 | 1.2s
[   650] loss=-0.2369 | res=4.92e-06 | grad=3.92e-01 | 1.2s
[   651] loss=-0.2012 | res=6.41e-08 | grad=8.81e-01 | 1.2s
[   652] loss=-0.1803 | res=5.46e-08 | grad=1.15e+00 | 1.2s
[   653] loss=-0.2203 | res=3.90e-08 | grad=3.38e-01 | 1.2s
[   654] loss=-0.1980 | res=6.27e-08 | grad=5.96e-01 | 1.2s
[   655] loss=-0.2018 | res=4.74e-08 | grad=2.14e-01 | 1.2s
[   656] loss=-0.2322 | res=3.62e-06 | grad=7.68e-01 | 1.2s
[   657] loss=-0.1972 | res=4.54e-08 | grad=3.05e-01 | 1.3s
[   658] loss=-0.2077 | res=4.44e-08 | grad=5.88e-01 | 1.2s
[   659] loss=-0.2014 | res=5.00e-08 | grad=4.27e-01 | 1.2s
[   660] loss=-0.2289 | res=6.87e-06 | grad=7.67e-01 | 1.2s
[   661] loss=-0.2271 | res=2.27e-07 | grad=5.57e-01 | 1.2s
[   662] loss=-0.2253 | res=1.73e-05 | grad=2.44e-01 | 1.2s
[   663] loss=-0.2297 | res=5.16e-08 | grad=2.72e-01 | 1.2s
[   664] loss=-0.2191 | res=4.53e-05 | grad=4.21e-01 | 1.2s
[   665] loss=-0.1883 | res=1.96e-05 | grad=1.11e+00 | 1.2s
[   666] loss=-0.2381 | res=4.73e-06 | grad=2.82e-01 | 1.2s
[   667] loss=-0.2163 | res=6.72e-08 | grad=4.69e-01 | 1.2s
[   668] loss=-0.2280 | res=4.74e-08 | grad=2.03e-01 | 1.2s
[   669] loss=-0.2271 | res=5.13e-08 | grad=2.75e-01 | 1.2s
[   670] loss=-0.2189 | res=4.18e-08 | grad=3.49e-01 | 1.2s
[   671] loss=-0.2130 | res=2.02e-07 | grad=2.94e-01 | 1.2s
[   672] loss=-0.2207 | res=2.93e-06 | grad=3.92e-01 | 1.2s
[   673] loss=-0.1974 | res=4.24e-08 | grad=3.08e-01 | 1.2s
[   674] loss=-0.2262 | res=5.24e-08 | grad=3.41e-01 | 1.2s
[   675] loss=-0.2075 | res=4.83e-08 | grad=1.93e-01 | 1.2s
[   676] loss=-0.2055 | res=5.38e-05 | grad=2.86e-01 | 1.2s
[   677] loss=-0.1930 | res=1.90e-05 | grad=4.05e-01 | 1.2s
[   678] loss=-0.2288 | res=9.89e-05 | grad=4.95e-01 | 1.2s
[   679] loss=-0.2103 | res=6.39e-08 | grad=2.98e-01 | 1.2s
[   680] loss=-0.2262 | res=4.60e-08 | grad=4.07e-01 | 1.2s
[   681] loss=-0.2243 | res=6.06e-08 | grad=3.48e-01 | 1.2s
[   682] loss=-0.2192 | res=8.72e-05 | grad=3.03e-01 | 1.2s
[   683] loss=-0.2214 | res=3.66e-06 | grad=4.05e-01 | 1.2s
[   684] loss=-0.1981 | res=2.66e-06 | grad=6.91e-01 | 1.2s
[   685] loss=-0.2079 | res=5.27e-05 | grad=5.22e-01 | 1.2s
[   686] loss=-0.2362 | res=6.09e-08 | grad=4.27e-01 | 1.2s
[   687] loss=-0.2127 | res=3.55e-05 | grad=2.76e-01 | 1.2s
[   688] loss=-0.2352 | res=5.57e-08 | grad=4.28e-01 | 1.2s
[   689] loss=-0.2076 | res=4.53e-08 | grad=2.70e-01 | 1.2s
[   690] loss=-0.2088 | res=7.27e-06 | grad=2.99e-01 | 1.2s
[   691] loss=-0.1859 | res=5.36e-08 | grad=4.57e-01 | 1.2s
[   692] loss=-0.2041 | res=3.73e-08 | grad=2.97e-01 | 1.2s
[   693] loss=-0.1986 | res=1.88e-05 | grad=3.30e-01 | 1.2s
[   694] loss=-0.1933 | res=6.70e-08 | grad=2.35e-01 | 1.2s
[   695] loss=-0.2148 | res=2.51e-06 | grad=5.87e-01 | 1.2s
[   696] loss=-0.2292 | res=5.01e-08 | grad=6.96e-01 | 1.2s
[   697] loss=-0.1972 | res=5.71e-08 | grad=2.62e-01 | 1.2s
[   698] loss=-0.2035 | res=7.41e-08 | grad=3.75e-01 | 1.2s
[   699] loss=-0.1939 | res=3.47e-08 | grad=4.49e-01 | 1.2s
[   700] loss=-0.2296 | res=7.04e-08 | grad=3.67e-01 | 1.2s
[   701] loss=-0.1883 | res=4.25e-08 | grad=6.14e-01 | 1.2s
[   702] loss=-0.2134 | res=7.55e-06 | grad=1.34e-01 | 1.2s
[   703] loss=-0.2181 | res=5.44e-05 | grad=2.52e-01 | 1.2s
[   704] loss=-0.1938 | res=2.91e-06 | grad=4.67e-01 | 1.2s
[   705] loss=-0.2095 | res=5.94e-08 | grad=3.11e-01 | 1.2s
[   706] loss=-0.1950 | res=7.45e-08 | grad=2.22e-01 | 1.2s
[   707] loss=-0.1962 | res=6.00e-08 | grad=3.86e-01 | 1.2s
[   708] loss=-0.2206 | res=5.52e-08 | grad=6.04e-01 | 1.2s
[   709] loss=-0.2083 | res=1.12e-06 | grad=4.37e-01 | 1.2s
[   710] loss=-0.2154 | res=1.49e-05 | grad=4.47e-01 | 1.2s
[   711] loss=-0.1845 | res=3.39e-06 | grad=5.50e-01 | 1.2s
[   712] loss=-0.2025 | res=3.29e-08 | grad=3.33e-01 | 1.2s
[   713] loss=-0.2040 | res=2.82e-05 | grad=2.55e-01 | 1.2s
[   714] loss=-0.2289 | res=3.60e-05 | grad=4.00e-01 | 1.2s
[   715] loss=-0.2130 | res=5.73e-05 | grad=2.95e-01 | 1.2s
[   716] loss=-0.2407 | res=4.87e-08 | grad=4.96e-01 | 1.2s
[   717] loss=-0.1980 | res=6.50e-08 | grad=4.89e-01 | 1.2s
[   718] loss=-0.2149 | res=3.84e-06 | grad=3.13e-01 | 1.2s
[   719] loss=-0.2211 | res=1.03e-05 | grad=2.69e-01 | 1.2s
[   720] loss=-0.2125 | res=3.37e-08 | grad=2.94e-01 | 1.2s
[   721] loss=-0.2279 | res=7.22e-08 | grad=2.36e-01 | 1.2s
[   722] loss=-0.2214 | res=1.11e-05 | grad=2.44e-01 | 1.2s
[   723] loss=-0.2307 | res=5.59e-08 | grad=2.84e-01 | 1.2s
[   724] loss=-0.2172 | res=7.30e-08 | grad=2.20e-01 | 1.2s
[   725] loss=-0.2405 | res=1.71e-05 | grad=3.59e-01 | 1.2s
[   726] loss=-0.2002 | res=7.21e-06 | grad=4.93e-01 | 1.2s
[   727] loss=-0.2064 | res=5.81e-08 | grad=3.20e-01 | 1.2s
[   728] loss=-0.2172 | res=4.71e-08 | grad=2.06e-01 | 1.2s
[   729] loss=-0.2113 | res=4.55e-05 | grad=1.67e-01 | 1.2s
[   730] loss=-0.2132 | res=7.90e-08 | grad=2.41e-01 | 1.2s
[   731] loss=-0.2296 | res=1.08e-04 | grad=4.89e-01 | 1.2s
[   732] loss=-0.2332 | res=6.37e-08 | grad=4.94e-01 | 1.2s
[   733] loss=-0.2231 | res=2.81e-05 | grad=3.69e-01 | 1.2s
[   734] loss=-0.2110 | res=3.89e-05 | grad=3.16e-01 | 1.2s
[   735] loss=-0.2339 | res=2.14e-06 | grad=2.34e-01 | 1.2s
[   736] loss=-0.2262 | res=3.98e-06 | grad=3.47e-01 | 1.2s
[   737] loss=-0.2007 | res=5.23e-06 | grad=5.58e-01 | 1.2s
[   738] loss=-0.2128 | res=4.73e-08 | grad=3.90e-01 | 1.2s
[   739] loss=-0.2248 | res=6.09e-07 | grad=2.85e-01 | 1.2s
[   740] loss=-0.2307 | res=6.21e-08 | grad=3.13e-01 | 1.2s
[   741] loss=-0.1927 | res=1.78e-05 | grad=5.87e-01 | 1.2s
[   742] loss=-0.2353 | res=2.70e-06 | grad=3.53e-01 | 1.2s
[   743] loss=-0.2006 | res=6.01e-05 | grad=2.66e-01 | 1.2s
[   744] loss=-0.1761 | res=7.78e-05 | grad=6.17e-01 | 1.2s
[   745] loss=-0.2230 | res=7.03e-08 | grad=6.43e-01 | 1.2s
[   746] loss=-0.1896 | res=1.03e-05 | grad=2.26e-01 | 1.2s
[   747] loss=-0.2253 | res=5.59e-08 | grad=6.53e-01 | 1.2s
[   748] loss=-0.2118 | res=3.36e-08 | grad=5.85e-01 | 1.2s
[   749] loss=-0.2013 | res=7.54e-08 | grad=2.59e-01 | 1.2s
[   750] loss=-0.2092 | res=6.05e-08 | grad=2.85e-01 | 1.2s
[   751] loss=-0.2079 | res=1.21e-05 | grad=2.83e-01 | 1.2s
[   752] loss=-0.2152 | res=5.03e-08 | grad=1.79e-01 | 1.2s
[   753] loss=-0.1914 | res=7.33e-08 | grad=5.88e-01 | 1.2s
[   754] loss=-0.2011 | res=1.39e-05 | grad=5.01e-01 | 1.2s
[   755] loss=-0.2132 | res=6.66e-08 | grad=3.13e-01 | 1.2s
[   756] loss=-0.1922 | res=4.64e-08 | grad=3.65e-01 | 1.2s
[   757] loss=-0.1807 | res=1.80e-05 | grad=3.35e-01 | 1.2s
[   758] loss=-0.2290 | res=4.78e-06 | grad=8.17e-01 | 1.2s
[   759] loss=-0.1968 | res=5.18e-08 | grad=2.59e-01 | 1.2s
[   760] loss=-0.2151 | res=2.62e-08 | grad=5.44e-01 | 1.2s
[   761] loss=-0.2298 | res=5.25e-08 | grad=8.38e-01 | 1.2s
[   762] loss=-0.2476 | res=3.20e-08 | grad=8.12e-01 | 1.2s
[   763] loss=-0.2055 | res=6.00e-08 | grad=4.41e-01 | 1.2s
[   764] loss=-0.2112 | res=2.87e-05 | grad=4.72e-01 | 1.2s
[   765] loss=-0.1741 | res=2.08e-05 | grad=1.23e+00 | 1.2s
[   766] loss=-0.1839 | res=3.73e-06 | grad=1.02e+00 | 1.2s
[   767] loss=-0.2164 | res=4.54e-05 | grad=2.44e-01 | 1.2s
[   768] loss=-0.2107 | res=8.46e-06 | grad=2.59e-01 | 1.2s
[   769] loss=-0.2095 | res=4.03e-05 | grad=3.99e-01 | 1.2s
[   770] loss=-0.1992 | res=9.75e-06 | grad=3.79e-01 | 1.2s
[   771] loss=-0.1928 | res=4.41e-08 | grad=4.29e-01 | 1.2s
[   772] loss=-0.2261 | res=5.72e-06 | grad=9.88e-01 | 1.2s
[   773] loss=-0.2295 | res=6.32e-06 | grad=7.91e-01 | 1.2s
[   774] loss=-0.2173 | res=7.29e-06 | grad=3.52e-01 | 1.2s
[   775] loss=-0.2547 | res=9.90e-07 | grad=6.99e-01 | 1.2s
[   776] loss=-0.2299 | res=2.11e-06 | grad=2.73e-01 | 1.2s
[   777] loss=-0.1763 | res=2.88e-05 | grad=1.30e+00 | 1.2s
[   778] loss=-0.2000 | res=5.33e-08 | grad=1.08e+00 | 1.2s
[   779] loss=-0.1999 | res=1.87e-05 | grad=9.36e-01 | 1.2s
[   780] loss=-0.2239 | res=2.81e-07 | grad=2.68e-01 | 1.2s
[   781] loss=-0.1875 | res=6.73e-08 | grad=6.12e-01 | 1.2s
[   782] loss=-0.2097 | res=3.45e-06 | grad=2.82e-01 | 1.2s
[   783] loss=-0.2274 | res=4.68e-08 | grad=7.59e-01 | 1.2s
[   784] loss=-0.2048 | res=3.62e-08 | grad=5.02e-01 | 1.2s
[   785] loss=-0.2416 | res=4.83e-08 | grad=1.15e+00 | 1.2s
[   786] loss=-0.2292 | res=4.73e-08 | grad=7.28e-01 | 1.2s
[   787] loss=-0.2185 | res=6.52e-08 | grad=2.71e-01 | 1.2s
[   788] loss=-0.2299 | res=5.91e-08 | grad=3.14e-01 | 1.2s
[   789] loss=-0.2004 | res=5.19e-08 | grad=6.18e-01 | 1.2s
[   790] loss=-0.2101 | res=1.68e-05 | grad=6.96e-01 | 1.2s
[   791] loss=-0.2119 | res=4.86e-08 | grad=7.52e-01 | 1.2s
[   792] loss=-0.2228 | res=8.19e-06 | grad=3.75e-01 | 1.2s
[   793] loss=-0.2354 | res=5.26e-08 | grad=3.70e-01 | 1.2s
[   794] loss=-0.2071 | res=7.26e-08 | grad=3.13e-01 | 1.2s
[   795] loss=-0.2016 | res=5.34e-05 | grad=4.90e-01 | 1.2s
[   796] loss=-0.2155 | res=4.66e-08 | grad=3.22e-01 | 1.2s
[   797] loss=-0.2178 | res=8.18e-07 | grad=4.03e-01 | 1.2s
[   798] loss=-0.2255 | res=4.82e-08 | grad=5.61e-01 | 1.2s
[   799] loss=-0.2152 | res=7.37e-07 | grad=4.47e-01 | 1.2s
[   800] loss=-0.2330 | res=5.98e-05 | grad=6.17e-01 | 1.2s
[   801] loss=-0.2333 | res=4.05e-08 | grad=4.37e-01 | 1.2s
[   802] loss=-0.2068 | res=4.38e-08 | grad=4.76e-01 | 1.2s
[   803] loss=-0.2042 | res=4.51e-08 | grad=6.19e-01 | 1.2s
[   804] loss=-0.2190 | res=6.84e-08 | grad=2.98e-01 | 1.2s
[   805] loss=-0.2140 | res=7.11e-06 | grad=4.43e-01 | 1.2s
[   806] loss=-0.1942 | res=5.52e-05 | grad=7.02e-01 | 1.2s
[   807] loss=-0.2166 | res=4.45e-06 | grad=3.27e-01 | 1.2s
[   808] loss=-0.2112 | res=2.36e-06 | grad=1.91e-01 | 1.2s
[   809] loss=-0.2573 | res=3.71e-08 | grad=9.57e-01 | 1.2s
[   810] loss=-0.1966 | res=3.10e-06 | grad=1.73e-01 | 1.2s
[   811] loss=-0.1982 | res=4.83e-08 | grad=2.69e-01 | 1.2s
[   812] loss=-0.1993 | res=4.71e-06 | grad=3.54e-01 | 1.2s
[   813] loss=-0.2037 | res=1.03e-05 | grad=1.76e-01 | 1.2s
[   814] loss=-0.2079 | res=6.20e-05 | grad=2.02e-01 | 1.2s
[   815] loss=-0.2238 | res=7.27e-06 | grad=5.44e-01 | 1.2s
[   816] loss=-0.2254 | res=1.22e-05 | grad=3.46e-01 | 1.2s
[   817] loss=-0.2171 | res=3.79e-06 | grad=3.43e-01 | 1.2s
[   818] loss=-0.2221 | res=8.88e-06 | grad=1.94e-01 | 1.2s
[   819] loss=-0.2230 | res=1.09e-05 | grad=2.17e-01 | 1.2s
[   820] loss=-0.2336 | res=4.12e-08 | grad=2.41e-01 | 1.2s
[   821] loss=-0.2137 | res=6.15e-08 | grad=5.56e-01 | 1.2s
[   822] loss=-0.2080 | res=8.15e-06 | grad=5.56e-01 | 1.2s
[   823] loss=-0.2024 | res=8.34e-08 | grad=6.40e-01 | 1.2s
[   824] loss=-0.2170 | res=5.10e-08 | grad=2.48e-01 | 1.2s
[   825] loss=-0.2021 | res=6.43e-08 | grad=3.52e-01 | 1.2s
[   826] loss=-0.2345 | res=5.68e-08 | grad=6.47e-01 | 1.2s
[   827] loss=-0.2195 | res=1.74e-05 | grad=4.15e-01 | 1.2s
[   828] loss=-0.1965 | res=5.38e-08 | grad=2.76e-01 | 1.2s
[   829] loss=-0.1789 | res=5.93e-08 | grad=4.13e-01 | 1.2s
[   830] loss=-0.2158 | res=4.64e-08 | grad=3.87e-01 | 1.2s
[   831] loss=-0.2316 | res=5.73e-08 | grad=7.16e-01 | 1.2s
[   832] loss=-0.2111 | res=3.05e-05 | grad=3.23e-01 | 1.2s
[   833] loss=-0.1969 | res=6.45e-08 | grad=2.75e-01 | 1.2s
[   834] loss=-0.2046 | res=6.11e-08 | grad=2.97e-01 | 1.2s
[   835] loss=-0.2267 | res=5.25e-08 | grad=2.59e-01 | 1.2s
[   836] loss=-0.1873 | res=3.12e-08 | grad=6.85e-01 | 1.2s
[   837] loss=-0.2059 | res=4.01e-08 | grad=2.60e-01 | 1.2s
[   838] loss=-0.2240 | res=6.72e-08 | grad=2.22e-01 | 1.2s
[   839] loss=-0.2229 | res=5.96e-08 | grad=3.00e-01 | 1.2s
[   840] loss=-0.2440 | res=4.97e-08 | grad=5.49e-01 | 1.2s
[   841] loss=-0.2026 | res=3.51e-05 | grad=4.11e-01 | 1.2s
[   842] loss=-0.2330 | res=5.68e-07 | grad=2.48e-01 | 1.2s
[   843] loss=-0.2262 | res=5.96e-08 | grad=2.63e-01 | 1.2s
[   844] loss=-0.1925 | res=5.25e-06 | grad=7.40e-01 | 1.2s
[   845] loss=-0.2360 | res=1.02e-04 | grad=2.20e-01 | 1.2s
[   846] loss=-0.2083 | res=4.52e-05 | grad=4.52e-01 | 1.2s
[   847] loss=-0.2169 | res=6.25e-08 | grad=2.27e-01 | 1.2s
[   848] loss=-0.2181 | res=4.91e-08 | grad=2.34e-01 | 1.2s
[   849] loss=-0.2139 | res=4.03e-06 | grad=1.52e-01 | 1.2s
[   850] loss=-0.2172 | res=7.01e-06 | grad=2.21e-01 | 1.2s
[   851] loss=-0.2033 | res=3.11e-05 | grad=2.08e-01 | 1.2s
[   852] loss=-0.2161 | res=5.45e-08 | grad=3.30e-01 | 1.2s
[   853] loss=-0.2066 | res=3.82e-08 | grad=2.26e-01 | 1.2s
[   854] loss=-0.2173 | res=4.06e-06 | grad=1.97e-01 | 1.2s
[   855] loss=-0.2232 | res=4.39e-08 | grad=3.41e-01 | 1.2s
[   856] loss=-0.2293 | res=8.83e-06 | grad=3.70e-01 | 1.2s
[   857] loss=-0.1889 | res=4.86e-06 | grad=5.36e-01 | 1.2s
[   858] loss=-0.2780 | res=6.21e-06 | grad=1.17e+00 | 1.2s
[   859] loss=-0.1974 | res=5.92e-08 | grad=6.18e-01 | 1.2s
[   860] loss=-0.2228 | res=4.36e-08 | grad=3.09e-01 | 1.2s
[   861] loss=-0.2202 | res=4.27e-08 | grad=2.08e-01 | 1.3s
[   862] loss=-0.2081 | res=5.44e-08 | grad=5.78e-01 | 1.2s
[   863] loss=-0.2099 | res=4.32e-05 | grad=4.53e-01 | 1.3s
[   864] loss=-0.1932 | res=7.55e-08 | grad=5.84e-01 | 1.2s
[   865] loss=-0.2161 | res=1.96e-06 | grad=1.82e-01 | 1.2s
[   866] loss=-0.2001 | res=1.19e-05 | grad=2.26e-01 | 1.2s
[   867] loss=-0.2069 | res=5.55e-08 | grad=3.60e-01 | 1.2s
[   868] loss=-0.2047 | res=1.37e-05 | grad=5.07e-01 | 1.2s
[   869] loss=-0.2038 | res=2.01e-05 | grad=5.97e-01 | 1.2s
[   870] loss=-0.2094 | res=2.77e-08 | grad=5.01e-01 | 1.2s
[   871] loss=-0.2259 | res=2.28e-07 | grad=6.66e-01 | 1.2s
[   872] loss=-0.2012 | res=4.99e-08 | grad=2.56e-01 | 1.2s
[   873] loss=-0.2115 | res=4.04e-05 | grad=1.98e-01 | 1.2s
[   874] loss=-0.2080 | res=4.04e-06 | grad=4.73e-01 | 1.2s
[   875] loss=-0.2105 | res=4.20e-08 | grad=3.94e-01 | 1.2s
[   876] loss=-0.2053 | res=3.33e-05 | grad=4.58e-01 | 1.2s
[   877] loss=-0.2120 | res=5.27e-08 | grad=2.99e-01 | 1.2s
[   878] loss=-0.1975 | res=6.89e-08 | grad=4.47e-01 | 1.2s
[   879] loss=-0.2108 | res=2.18e-05 | grad=2.80e-01 | 1.2s
[   880] loss=-0.2265 | res=5.88e-08 | grad=4.81e-01 | 1.2s
[   881] loss=-0.2086 | res=8.63e-06 | grad=2.63e-01 | 1.2s
[   882] loss=-0.1990 | res=4.61e-08 | grad=2.98e-01 | 1.2s
[   883] loss=-0.1998 | res=1.09e-06 | grad=2.51e-01 | 1.2s
[   884] loss=-0.2058 | res=4.82e-08 | grad=4.50e-01 | 1.2s
[   885] loss=-0.2145 | res=4.27e-08 | grad=3.15e-01 | 1.2s
[   886] loss=-0.2183 | res=6.30e-08 | grad=3.52e-01 | 1.2s
[   887] loss=-0.2460 | res=6.72e-06 | grad=6.68e-01 | 1.2s
[   888] loss=-0.2172 | res=2.13e-05 | grad=3.72e-01 | 1.2s
[   889] loss=-0.2006 | res=5.40e-08 | grad=6.06e-01 | 1.2s
[   890] loss=-0.2070 | res=4.61e-08 | grad=7.62e-01 | 1.2s
[   891] loss=-0.2134 | res=5.07e-08 | grad=3.25e-01 | 1.2s
[   892] loss=-0.2187 | res=1.93e-05 | grad=3.37e-01 | 1.2s
[   893] loss=-0.2204 | res=5.15e-08 | grad=1.96e-01 | 1.2s
[   894] loss=-0.2170 | res=6.90e-08 | grad=1.91e-01 | 1.2s
[   895] loss=-0.2262 | res=5.64e-08 | grad=4.08e-01 | 1.2s
[   896] loss=-0.2250 | res=6.55e-06 | grad=4.80e-01 | 1.2s
[   897] loss=-0.2243 | res=4.49e-08 | grad=4.05e-01 | 1.2s
[   898] loss=-0.2127 | res=2.60e-06 | grad=2.38e-01 | 1.2s
[   899] loss=-0.2071 | res=8.67e-06 | grad=2.22e-01 | 1.2s
[   900] loss=-0.2099 | res=4.07e-05 | grad=2.47e-01 | 1.2s
[   901] loss=-0.2089 | res=6.96e-05 | grad=3.58e-01 | 1.2s
[   902] loss=-0.2228 | res=5.43e-05 | grad=1.50e-01 | 1.2s
[   903] loss=-0.2122 | res=2.46e-05 | grad=2.27e-01 | 1.2s
[   904] loss=-0.2261 | res=5.71e-06 | grad=2.58e-01 | 1.2s
[   905] loss=-0.2047 | res=5.12e-05 | grad=2.44e-01 | 1.2s
[   906] loss=-0.1965 | res=6.51e-08 | grad=3.34e-01 | 1.2s
[   907] loss=-0.1884 | res=4.77e-08 | grad=4.34e-01 | 1.2s
[   908] loss=-0.2236 | res=7.50e-08 | grad=4.79e-01 | 1.2s
[   909] loss=-0.2174 | res=5.38e-08 | grad=5.29e-01 | 1.2s
[   910] loss=-0.2266 | res=4.22e-08 | grad=7.38e-01 | 1.2s
[   911] loss=-0.1981 | res=6.39e-08 | grad=2.20e-01 | 1.2s
[   912] loss=-0.1873 | res=5.09e-06 | grad=5.38e-01 | 1.2s
[   913] loss=-0.1904 | res=5.64e-05 | grad=4.26e-01 | 1.2s
[   914] loss=-0.2018 | res=5.33e-08 | grad=3.32e-01 | 1.2s
[   915] loss=-0.2127 | res=5.16e-06 | grad=2.36e-01 | 1.2s
[   916] loss=-0.2112 | res=1.47e-06 | grad=2.68e-01 | 1.2s
[   917] loss=-0.2218 | res=6.57e-08 | grad=4.11e-01 | 1.2s
[   918] loss=-0.2255 | res=3.29e-05 | grad=5.16e-01 | 1.2s
[   919] loss=-0.2148 | res=1.66e-05 | grad=1.59e-01 | 1.2s
[   920] loss=-0.2227 | res=4.49e-05 | grad=1.90e-01 | 1.2s
[   921] loss=-0.2101 | res=2.15e-05 | grad=3.59e-01 | 1.2s
[   922] loss=-0.1839 | res=5.17e-08 | grad=7.21e-01 | 1.2s
[   923] loss=-0.2045 | res=1.70e-05 | grad=3.69e-01 | 1.2s
[   924] loss=-0.2168 | res=4.58e-08 | grad=1.38e-01 | 1.2s
[   925] loss=-0.2148 | res=7.01e-08 | grad=1.62e-01 | 1.2s
[   926] loss=-0.2041 | res=3.14e-05 | grad=1.69e-01 | 1.2s
[   927] loss=-0.2167 | res=2.26e-05 | grad=3.52e-01 | 1.2s
[   928] loss=-0.2197 | res=3.36e-08 | grad=6.49e-01 | 1.2s
[   929] loss=-0.1979 | res=2.80e-05 | grad=2.37e-01 | 1.2s
[   930] loss=-0.2036 | res=6.39e-08 | grad=2.02e-01 | 1.2s
[   931] loss=-0.1969 | res=1.41e-05 | grad=3.66e-01 | 1.2s
[   932] loss=-0.1902 | res=6.20e-08 | grad=2.86e-01 | 1.2s
[   933] loss=-0.2283 | res=5.36e-08 | grad=3.80e-01 | 1.2s
[   934] loss=-0.2318 | res=4.87e-08 | grad=6.33e-01 | 1.2s
[   935] loss=-0.2116 | res=5.72e-08 | grad=1.89e-01 | 1.2s
[   936] loss=-0.2040 | res=3.60e-08 | grad=2.40e-01 | 1.2s
[   937] loss=-0.2244 | res=5.66e-08 | grad=2.89e-01 | 1.2s
[   938] loss=-0.2011 | res=1.64e-05 | grad=4.54e-01 | 1.2s
[   939] loss=-0.1904 | res=5.94e-08 | grad=6.49e-01 | 1.2s
[   940] loss=-0.2519 | res=4.98e-08 | grad=6.91e-01 | 1.2s
[   941] loss=-0.1834 | res=4.75e-06 | grad=7.83e-01 | 1.2s
[   942] loss=-0.2276 | res=3.84e-06 | grad=4.26e-01 | 1.2s
[   943] loss=-0.2199 | res=5.47e-08 | grad=2.33e-01 | 1.2s
[   944] loss=-0.2259 | res=4.55e-08 | grad=4.48e-01 | 1.2s
[   945] loss=-0.1972 | res=2.58e-05 | grad=2.03e-01 | 1.2s
[   946] loss=-0.2014 | res=3.19e-08 | grad=3.32e-01 | 1.2s
[   947] loss=-0.2175 | res=5.21e-08 | grad=2.22e-01 | 1.2s
[   948] loss=-0.2291 | res=1.07e-05 | grad=4.05e-01 | 1.2s
[   949] loss=-0.1922 | res=4.97e-08 | grad=4.51e-01 | 1.2s
[   950] loss=-0.2218 | res=3.06e-06 | grad=2.39e-01 | 1.2s
[   951] loss=-0.2200 | res=5.93e-08 | grad=1.67e-01 | 1.2s
[   952] loss=-0.1805 | res=1.22e-05 | grad=8.55e-01 | 1.2s
[   953] loss=-0.2160 | res=2.65e-05 | grad=1.90e-01 | 1.2s
[   954] loss=-0.2376 | res=8.22e-06 | grad=6.08e-01 | 1.2s
[   955] loss=-0.2081 | res=4.05e-08 | grad=2.69e-01 | 1.2s
[   956] loss=-0.2195 | res=5.40e-08 | grad=2.55e-01 | 1.2s
[   957] loss=-0.2172 | res=7.55e-08 | grad=2.48e-01 | 1.2s
[   958] loss=-0.2114 | res=1.25e-07 | grad=2.03e-01 | 1.2s
[   959] loss=-0.2333 | res=1.24e-05 | grad=4.02e-01 | 1.2s
[   960] loss=-0.1839 | res=2.30e-05 | grad=7.60e-01 | 1.2s
[   961] loss=-0.2030 | res=6.20e-08 | grad=3.63e-01 | 1.2s
[   962] loss=-0.2088 | res=7.40e-08 | grad=2.73e-01 | 1.2s
[   963] loss=-0.2075 | res=4.84e-08 | grad=1.46e-01 | 1.2s
[   964] loss=-0.2285 | res=6.85e-05 | grad=6.67e-01 | 1.2s
[   965] loss=-0.1998 | res=5.22e-06 | grad=1.94e-01 | 1.2s
[   966] loss=-0.2190 | res=2.49e-07 | grad=4.20e-01 | 1.2s
[   967] loss=-0.2062 | res=1.37e-05 | grad=2.27e-01 | 1.2s
[   968] loss=-0.2330 | res=6.26e-06 | grad=6.09e-01 | 1.2s
[   969] loss=-0.1862 | res=9.25e-06 | grad=6.66e-01 | 1.2s
[   970] loss=-0.1991 | res=8.41e-08 | grad=5.96e-01 | 1.2s
[   971] loss=-0.2001 | res=6.78e-08 | grad=5.07e-01 | 1.2s
[   972] loss=-0.1897 | res=5.12e-08 | grad=4.89e-01 | 1.2s
[   973] loss=-0.2217 | res=1.59e-05 | grad=4.84e-01 | 1.2s
[   974] loss=-0.1918 | res=4.18e-08 | grad=2.15e-01 | 1.2s
[   975] loss=-0.2545 | res=5.28e-08 | grad=1.32e+00 | 1.2s
[   976] loss=-0.2162 | res=6.71e-06 | grad=4.34e-01 | 1.2s
[   977] loss=-0.2109 | res=8.00e-06 | grad=2.31e-01 | 1.2s
[   978] loss=-0.2195 | res=6.92e-08 | grad=1.55e-01 | 1.2s
[   979] loss=-0.2065 | res=4.02e-05 | grad=4.51e-01 | 1.2s
[   980] loss=-0.1781 | res=8.33e-08 | grad=8.99e-01 | 1.2s
[   981] loss=-0.1961 | res=4.28e-06 | grad=6.76e-01 | 1.2s
[   982] loss=-0.2413 | res=8.02e-06 | grad=4.93e-01 | 1.2s
[   983] loss=-0.2020 | res=2.95e-05 | grad=3.40e-01 | 1.2s
[   984] loss=-0.1905 | res=3.58e-06 | grad=2.95e-01 | 1.2s
[   985] loss=-0.2196 | res=3.10e-08 | grad=4.61e-01 | 1.2s
[   986] loss=-0.2242 | res=4.18e-08 | grad=6.80e-01 | 1.2s
[   987] loss=-0.2241 | res=1.70e-05 | grad=4.79e-01 | 1.2s
[   988] loss=-0.2276 | res=2.54e-08 | grad=4.45e-01 | 1.2s
[   989] loss=-0.2224 | res=3.71e-06 | grad=1.87e-01 | 1.2s
[   990] loss=-0.2228 | res=4.27e-05 | grad=2.59e-01 | 1.2s
[   991] loss=-0.2074 | res=1.62e-05 | grad=5.65e-01 | 1.2s
[   992] loss=-0.2115 | res=1.57e-04 | grad=5.01e-01 | 1.2s
[   993] loss=-0.2478 | res=4.96e-08 | grad=4.28e-01 | 1.2s
[   994] loss=-0.2359 | res=6.87e-08 | grad=1.92e-01 | 1.2s
[   995] loss=-0.1923 | res=5.81e-06 | grad=7.08e-01 | 1.2s
[   996] loss=-0.1966 | res=7.52e-06 | grad=6.03e-01 | 1.2s
[   997] loss=-0.2039 | res=4.06e-05 | grad=2.53e-01 | 1.2s
[   998] loss=-0.1888 | res=3.81e-08 | grad=3.44e-01 | 1.2s
[   999] loss=-0.2320 | res=5.75e-08 | grad=7.03e-01 | 1.2s
[  1000] loss=-0.2164 | res=4.46e-08 | grad=7.59e-01 | 1.2s
  KL = 0.0365 +/- 0.0035  |  ESS = 956.5 (ratio: 0.934)
  Runtime = 1225.9s

[Ours] Training on S20...
/home/sjbhatt/anaconda3/envs/rcpms-jax/lib/python3.10/site-packages/jax/_src/ops/scatter.py:92: FutureWarning: scatter inputs have incompatible types: cannot safely cast value from dtype=int64 to dtype=int32 with jax_numpy_dtype_promotion='standard'. In future JAX releases this will result in an error.
  warnings.warn(
/home/sjbhatt/anaconda3/envs/rcpms-jax/lib/python3.10/site-packages/jax/_src/ops/scatter.py:92: FutureWarning: scatter inputs have incompatible types: cannot safely cast value from dtype=int64 to dtype=int32 with jax_numpy_dtype_promotion='standard'. In future JAX releases this will result in an error.
  warnings.warn(
[     1] loss=0.0952 | res=7.55e-05 | grad=3.04e+00 | 6.8s
[     2] loss=0.0453 | res=2.49e-04 | grad=2.02e+00 | 0.7s
[     3] loss=0.0114 | res=4.35e-05 | grad=1.17e+00 | 0.6s
[     4] loss=0.0011 | res=2.29e-05 | grad=1.11e+00 | 0.6s
[     5] loss=0.0003 | res=8.82e-05 | grad=9.77e-01 | 0.6s
[     6] loss=-0.0063 | res=1.50e-07 | grad=1.04e+00 | 0.7s
[     7] loss=-0.0170 | res=1.78e-04 | grad=9.20e-01 | 0.8s
[     8] loss=-0.0075 | res=1.41e-04 | grad=9.97e-01 | 0.8s
[     9] loss=-0.0049 | res=6.85e-05 | grad=1.08e+00 | 0.8s
[    10] loss=-0.0190 | res=1.38e-04 | grad=8.50e-01 | 0.7s
[    11] loss=-0.0105 | res=1.04e-04 | grad=8.41e-01 | 0.7s
[    12] loss=-0.0129 | res=1.82e-04 | grad=7.21e-01 | 0.7s
[    13] loss=-0.0216 | res=2.24e-04 | grad=6.38e-01 | 0.6s
[    14] loss=-0.0293 | res=2.16e-05 | grad=6.55e-01 | 0.8s
[    15] loss=-0.0160 | res=1.55e-07 | grad=7.12e-01 | 0.7s
[    16] loss=-0.0193 | res=1.38e-05 | grad=6.55e-01 | 0.7s
[    17] loss=-0.0209 | res=1.22e-07 | grad=6.43e-01 | 0.6s
[    18] loss=-0.0199 | res=9.39e-05 | grad=7.25e-01 | 0.8s
[    19] loss=-0.0258 | res=5.11e-06 | grad=6.78e-01 | 0.7s
[    20] loss=-0.0257 | res=1.13e-07 | grad=6.57e-01 | 0.6s
[    21] loss=-0.0216 | res=1.35e-07 | grad=5.74e-01 | 0.8s
[    22] loss=-0.0212 | res=2.39e-05 | grad=5.98e-01 | 0.7s
[    23] loss=-0.0216 | res=1.00e-05 | grad=5.37e-01 | 0.8s
[    24] loss=-0.0159 | res=5.03e-05 | grad=6.48e-01 | 0.7s
[    25] loss=-0.0198 | res=8.40e-08 | grad=6.89e-01 | 0.6s
[    26] loss=-0.0179 | res=4.64e-05 | grad=7.00e-01 | 0.7s
[    27] loss=-0.0230 | res=8.21e-06 | grad=9.60e-01 | 0.8s
[    28] loss=-0.0237 | res=1.87e-05 | grad=6.21e-01 | 0.7s
[    29] loss=-0.0138 | res=6.57e-06 | grad=7.42e-01 | 0.8s
[    30] loss=-0.0352 | res=2.75e-05 | grad=7.63e-01 | 0.7s
[    31] loss=-0.0194 | res=8.77e-05 | grad=6.63e-01 | 0.7s
[    32] loss=-0.0183 | res=2.53e-05 | grad=7.79e-01 | 0.6s
[    33] loss=-0.0254 | res=5.96e-05 | grad=9.05e-01 | 0.6s
[    34] loss=-0.0271 | res=3.18e-06 | grad=5.53e-01 | 0.7s
[    35] loss=-0.0302 | res=1.03e-06 | grad=7.47e-01 | 0.6s
[    36] loss=-0.0236 | res=2.31e-05 | grad=7.45e-01 | 0.7s
[    37] loss=-0.0267 | res=2.09e-05 | grad=5.66e-01 | 0.6s
[    38] loss=-0.0362 | res=1.09e-05 | grad=5.48e-01 | 0.8s
[    39] loss=-0.0295 | res=1.33e-05 | grad=6.48e-01 | 0.7s
[    40] loss=-0.0238 | res=1.64e-06 | grad=6.66e-01 | 0.7s
[    41] loss=-0.0270 | res=1.16e-05 | grad=6.68e-01 | 0.7s
[    42] loss=-0.0294 | res=1.06e-05 | grad=6.30e-01 | 0.7s
[    43] loss=-0.0245 | res=3.41e-05 | grad=5.73e-01 | 0.7s
[    44] loss=-0.0248 | res=2.62e-05 | grad=4.49e-01 | 0.7s
[    45] loss=-0.0373 | res=4.28e-05 | grad=6.13e-01 | 0.8s
[    46] loss=-0.0188 | res=4.21e-05 | grad=5.93e-01 | 0.7s
[    47] loss=-0.0238 | res=2.53e-05 | grad=5.74e-01 | 0.6s
[    48] loss=-0.0173 | res=1.10e-04 | grad=6.92e-01 | 0.6s
[    49] loss=-0.0232 | res=5.08e-06 | grad=5.95e-01 | 0.6s
[    50] loss=-0.0269 | res=2.85e-05 | grad=5.47e-01 | 0.7s
[    51] loss=-0.0328 | res=4.68e-05 | grad=9.13e-01 | 0.7s
[    52] loss=-0.0238 | res=1.37e-05 | grad=6.87e-01 | 0.6s
[    53] loss=-0.0229 | res=4.56e-06 | grad=6.15e-01 | 0.6s
[    54] loss=-0.0231 | res=8.54e-05 | grad=6.65e-01 | 0.7s
[    55] loss=-0.0296 | res=4.76e-06 | grad=6.12e-01 | 0.8s
[    56] loss=-0.0251 | res=1.05e-05 | grad=6.11e-01 | 0.8s
[    57] loss=-0.0331 | res=1.51e-04 | grad=6.63e-01 | 0.7s
[    58] loss=-0.0286 | res=1.37e-04 | grad=5.85e-01 | 0.6s
[    59] loss=-0.0335 | res=2.83e-06 | grad=6.29e-01 | 0.6s
[    60] loss=-0.0234 | res=9.31e-06 | grad=6.82e-01 | 0.7s
[    61] loss=-0.0361 | res=3.74e-05 | grad=6.16e-01 | 0.7s
[    62] loss=-0.0331 | res=1.67e-05 | grad=4.83e-01 | 0.6s
[    63] loss=-0.0322 | res=1.07e-07 | grad=6.78e-01 | 0.6s
[    64] loss=-0.0286 | res=4.33e-07 | grad=6.00e-01 | 0.7s
[    65] loss=-0.0168 | res=1.30e-04 | grad=7.73e-01 | 0.6s
[    66] loss=-0.0302 | res=1.51e-05 | grad=6.23e-01 | 0.7s
[    67] loss=-0.0337 | res=4.58e-06 | grad=5.21e-01 | 0.7s
[    68] loss=-0.0328 | res=7.25e-05 | grad=5.20e-01 | 0.7s
[    69] loss=-0.0278 | res=2.87e-06 | grad=6.09e-01 | 0.7s
[    70] loss=-0.0270 | res=4.34e-06 | grad=4.88e-01 | 0.7s
[    71] loss=-0.0260 | res=4.89e-05 | grad=5.93e-01 | 0.7s
[    72] loss=-0.0291 | res=2.55e-06 | grad=5.30e-01 | 0.8s
[    73] loss=-0.0294 | res=1.70e-05 | grad=8.10e-01 | 0.6s
[    74] loss=-0.0309 | res=5.35e-06 | grad=6.58e-01 | 0.7s
[    75] loss=-0.0288 | res=7.47e-06 | grad=5.44e-01 | 0.6s
[    76] loss=-0.0209 | res=2.21e-05 | grad=5.54e-01 | 0.7s
[    77] loss=-0.0236 | res=4.66e-05 | grad=5.29e-01 | 0.7s
[    78] loss=-0.0332 | res=3.28e-05 | grad=5.44e-01 | 0.6s
[    79] loss=-0.0307 | res=7.50e-06 | grad=6.08e-01 | 0.7s
[    80] loss=-0.0299 | res=1.25e-04 | grad=5.49e-01 | 0.6s
[    81] loss=-0.0377 | res=1.64e-05 | grad=5.42e-01 | 0.6s
[    82] loss=-0.0303 | res=5.74e-06 | grad=5.21e-01 | 0.6s
[    83] loss=-0.0288 | res=3.17e-05 | grad=6.49e-01 | 0.6s
[    84] loss=-0.0252 | res=2.25e-05 | grad=6.95e-01 | 0.6s
[    85] loss=-0.0234 | res=4.69e-05 | grad=7.34e-01 | 0.6s
[    86] loss=-0.0337 | res=6.46e-05 | grad=4.80e-01 | 0.7s
[    87] loss=-0.0318 | res=4.19e-05 | grad=4.64e-01 | 0.8s
[    88] loss=-0.0331 | res=6.81e-05 | grad=5.11e-01 | 0.7s
[    89] loss=-0.0188 | res=1.74e-05 | grad=6.51e-01 | 0.6s
[    90] loss=-0.0358 | res=1.45e-05 | grad=5.51e-01 | 0.6s
[    91] loss=-0.0320 | res=1.94e-05 | grad=5.22e-01 | 0.7s
[    92] loss=-0.0278 | res=4.68e-05 | grad=4.69e-01 | 0.7s
[    93] loss=-0.0404 | res=1.06e-07 | grad=6.96e-01 | 0.8s
[    94] loss=-0.0348 | res=9.67e-06 | grad=5.78e-01 | 0.6s
[    95] loss=-0.0327 | res=8.50e-05 | grad=4.79e-01 | 0.6s
[    96] loss=-0.0332 | res=8.89e-05 | grad=5.04e-01 | 0.7s
[    97] loss=-0.0171 | res=4.56e-05 | grad=8.17e-01 | 0.7s
[    98] loss=-0.0266 | res=2.35e-05 | grad=5.28e-01 | 0.7s
[    99] loss=-0.0268 | res=3.66e-05 | grad=4.47e-01 | 0.7s
[   100] loss=-0.0252 | res=1.19e-05 | grad=5.58e-01 | 0.7s
[   101] loss=-0.0340 | res=3.28e-06 | grad=4.97e-01 | 0.7s
[   102] loss=-0.0252 | res=6.73e-05 | grad=4.57e-01 | 0.6s
[   103] loss=-0.0249 | res=2.45e-05 | grad=5.44e-01 | 0.6s
[   104] loss=-0.0227 | res=3.20e-05 | grad=5.10e-01 | 0.6s
[   105] loss=-0.0309 | res=2.34e-05 | grad=5.09e-01 | 0.8s
[   106] loss=-0.0233 | res=2.62e-06 | grad=4.88e-01 | 0.7s
[   107] loss=-0.0235 | res=1.09e-04 | grad=5.63e-01 | 0.6s
[   108] loss=-0.0308 | res=1.21e-05 | grad=4.93e-01 | 0.7s
[   109] loss=-0.0272 | res=2.25e-05 | grad=5.86e-01 | 0.6s
[   110] loss=-0.0301 | res=7.11e-05 | grad=6.09e-01 | 0.8s
[   111] loss=-0.0287 | res=1.95e-05 | grad=5.58e-01 | 0.8s
[   112] loss=-0.0169 | res=8.05e-08 | grad=7.13e-01 | 0.6s
[   113] loss=-0.0247 | res=1.91e-05 | grad=6.20e-01 | 0.7s
[   114] loss=-0.0288 | res=9.36e-05 | grad=4.71e-01 | 0.8s
[   115] loss=-0.0357 | res=3.92e-05 | grad=6.11e-01 | 0.7s
[   116] loss=-0.0234 | res=3.54e-05 | grad=5.20e-01 | 0.6s
[   117] loss=-0.0276 | res=4.67e-05 | grad=5.56e-01 | 0.7s
[   118] loss=-0.0361 | res=8.15e-05 | grad=6.94e-01 | 0.7s
[   119] loss=-0.0331 | res=6.45e-05 | grad=5.25e-01 | 0.7s
[   120] loss=-0.0363 | res=4.38e-05 | grad=5.46e-01 | 0.7s
[   121] loss=-0.0279 | res=6.76e-05 | grad=5.50e-01 | 0.7s
[   122] loss=-0.0301 | res=1.01e-07 | grad=5.87e-01 | 0.7s
[   123] loss=-0.0242 | res=5.01e-05 | grad=6.03e-01 | 0.7s
[   124] loss=-0.0250 | res=1.16e-07 | grad=5.52e-01 | 0.7s
[   125] loss=-0.0356 | res=3.08e-05 | grad=5.11e-01 | 0.6s
[   126] loss=-0.0261 | res=2.35e-04 | grad=5.69e-01 | 0.7s
[   127] loss=-0.0354 | res=7.03e-06 | grad=5.00e-01 | 0.6s
[   128] loss=-0.0223 | res=9.45e-06 | grad=5.97e-01 | 0.7s
[   129] loss=-0.0214 | res=1.96e-05 | grad=5.23e-01 | 0.6s
[   130] loss=-0.0195 | res=1.87e-05 | grad=5.12e-01 | 0.6s
[   131] loss=-0.0224 | res=1.60e-05 | grad=5.69e-01 | 0.6s
[   132] loss=-0.0240 | res=1.32e-05 | grad=5.70e-01 | 0.7s
[   133] loss=-0.0322 | res=4.77e-05 | grad=6.93e-01 | 0.6s
[   134] loss=-0.0207 | res=4.68e-05 | grad=4.49e-01 | 0.7s
[   135] loss=-0.0336 | res=2.37e-05 | grad=7.43e-01 | 0.7s
[   136] loss=-0.0272 | res=1.68e-05 | grad=5.94e-01 | 0.6s
[   137] loss=-0.0173 | res=1.37e-05 | grad=5.50e-01 | 0.7s
[   138] loss=-0.0241 | res=9.82e-06 | grad=5.13e-01 | 0.7s
[   139] loss=-0.0262 | res=2.42e-05 | grad=4.44e-01 | 0.7s
[   140] loss=-0.0234 | res=6.10e-05 | grad=4.76e-01 | 0.7s
[   141] loss=-0.0321 | res=9.05e-05 | grad=5.13e-01 | 0.7s
[   142] loss=-0.0233 | res=2.73e-05 | grad=6.04e-01 | 0.7s
[   143] loss=-0.0205 | res=1.30e-04 | grad=7.10e-01 | 0.7s
[   144] loss=-0.0292 | res=3.03e-05 | grad=4.47e-01 | 0.6s
[   145] loss=-0.0309 | res=1.41e-04 | grad=5.60e-01 | 0.8s
[   146] loss=-0.0180 | res=3.96e-06 | grad=5.60e-01 | 0.6s
[   147] loss=-0.0314 | res=2.84e-05 | grad=5.98e-01 | 0.7s
[   148] loss=-0.0267 | res=8.33e-05 | grad=4.10e-01 | 0.6s
[   149] loss=-0.0299 | res=2.66e-05 | grad=6.23e-01 | 0.6s
[   150] loss=-0.0333 | res=2.99e-05 | grad=5.69e-01 | 0.6s
[   151] loss=-0.0240 | res=2.84e-05 | grad=4.57e-01 | 0.6s
[   152] loss=-0.0380 | res=2.30e-05 | grad=5.03e-01 | 0.8s
[   153] loss=-0.0227 | res=1.79e-05 | grad=5.33e-01 | 0.7s
[   154] loss=-0.0312 | res=7.99e-08 | grad=4.71e-01 | 0.8s
[   155] loss=-0.0341 | res=6.17e-05 | grad=4.06e-01 | 0.7s
[   156] loss=-0.0244 | res=1.42e-05 | grad=6.78e-01 | 0.7s
[   157] loss=-0.0328 | res=4.17e-05 | grad=4.37e-01 | 0.6s
[   158] loss=-0.0313 | res=3.18e-06 | grad=4.54e-01 | 0.8s
[   159] loss=-0.0246 | res=9.54e-08 | grad=5.67e-01 | 0.6s
[   160] loss=-0.0329 | res=6.13e-05 | grad=5.31e-01 | 0.7s
[   161] loss=-0.0307 | res=1.31e-04 | grad=4.53e-01 | 0.7s
[   162] loss=-0.0222 | res=4.46e-05 | grad=4.99e-01 | 0.8s
[   163] loss=-0.0299 | res=2.06e-05 | grad=5.84e-01 | 0.7s
[   164] loss=-0.0284 | res=8.87e-08 | grad=4.87e-01 | 0.7s
[   165] loss=-0.0346 | res=3.92e-05 | grad=6.47e-01 | 0.8s
[   166] loss=-0.0291 | res=6.43e-05 | grad=4.27e-01 | 0.6s
[   167] loss=-0.0319 | res=3.42e-06 | grad=4.64e-01 | 0.7s
[   168] loss=-0.0238 | res=1.64e-05 | grad=5.59e-01 | 0.7s
[   169] loss=-0.0196 | res=3.19e-05 | grad=6.28e-01 | 0.8s
[   170] loss=-0.0232 | res=8.28e-05 | grad=5.07e-01 | 0.7s
[   171] loss=-0.0265 | res=3.20e-05 | grad=4.28e-01 | 0.7s
[   172] loss=-0.0379 | res=2.27e-05 | grad=5.54e-01 | 0.7s
[   173] loss=-0.0262 | res=6.13e-05 | grad=5.08e-01 | 0.6s
[   174] loss=-0.0403 | res=2.21e-05 | grad=7.26e-01 | 0.8s
[   175] loss=-0.0325 | res=8.76e-05 | grad=5.15e-01 | 0.8s
[   176] loss=-0.0320 | res=3.84e-05 | grad=5.81e-01 | 0.8s
[   177] loss=-0.0254 | res=1.06e-04 | grad=5.72e-01 | 0.6s
[   178] loss=-0.0224 | res=9.97e-05 | grad=5.63e-01 | 0.7s
[   179] loss=-0.0303 | res=1.20e-04 | grad=5.56e-01 | 0.7s
[   180] loss=-0.0232 | res=1.81e-05 | grad=5.70e-01 | 0.7s
[   181] loss=-0.0267 | res=5.46e-05 | grad=3.80e-01 | 0.8s
[   182] loss=-0.0275 | res=6.79e-06 | grad=5.12e-01 | 0.7s
[   183] loss=-0.0279 | res=1.94e-05 | grad=4.81e-01 | 0.7s
[   184] loss=-0.0296 | res=8.79e-08 | grad=4.69e-01 | 0.8s
[   185] loss=-0.0305 | res=4.25e-05 | grad=5.37e-01 | 0.8s
[   186] loss=-0.0276 | res=1.10e-05 | grad=5.63e-01 | 0.7s
[   187] loss=-0.0331 | res=1.20e-07 | grad=5.72e-01 | 0.8s
[   188] loss=-0.0434 | res=5.08e-05 | grad=6.78e-01 | 0.8s
[   189] loss=-0.0273 | res=2.76e-05 | grad=5.30e-01 | 0.7s
[   190] loss=-0.0158 | res=5.34e-06 | grad=8.98e-01 | 0.7s
[   191] loss=-0.0267 | res=2.09e-05 | grad=6.26e-01 | 0.6s
[   192] loss=-0.0297 | res=1.33e-04 | grad=5.26e-01 | 0.8s
[   193] loss=-0.0314 | res=4.34e-05 | grad=5.27e-01 | 0.7s
[   194] loss=-0.0266 | res=4.54e-05 | grad=4.74e-01 | 0.8s
[   195] loss=-0.0177 | res=3.24e-05 | grad=6.03e-01 | 0.7s
[   196] loss=-0.0313 | res=2.51e-05 | grad=4.63e-01 | 0.8s
[   197] loss=-0.0224 | res=8.91e-05 | grad=4.41e-01 | 0.7s
[   198] loss=-0.0300 | res=6.51e-05 | grad=7.20e-01 | 0.7s
[   199] loss=-0.0268 | res=3.11e-05 | grad=5.17e-01 | 0.6s
[   200] loss=-0.0228 | res=2.21e-05 | grad=4.67e-01 | 0.8s
[   201] loss=-0.0278 | res=6.41e-06 | grad=4.90e-01 | 0.8s
[   202] loss=-0.0290 | res=1.51e-05 | grad=4.31e-01 | 0.7s
[   203] loss=-0.0339 | res=6.49e-05 | grad=4.61e-01 | 0.7s
[   204] loss=-0.0265 | res=4.06e-05 | grad=4.44e-01 | 0.8s
[   205] loss=-0.0324 | res=4.97e-05 | grad=4.24e-01 | 0.6s
[   206] loss=-0.0360 | res=1.56e-04 | grad=5.35e-01 | 0.8s
[   207] loss=-0.0271 | res=1.92e-05 | grad=6.08e-01 | 0.6s
[   208] loss=-0.0329 | res=8.01e-06 | grad=4.46e-01 | 0.7s
[   209] loss=-0.0368 | res=2.57e-05 | grad=5.57e-01 | 0.8s
[   210] loss=-0.0286 | res=5.69e-05 | grad=4.78e-01 | 0.7s
[   211] loss=-0.0303 | res=5.49e-06 | grad=6.19e-01 | 0.8s
[   212] loss=-0.0224 | res=6.83e-05 | grad=5.62e-01 | 0.7s
[   213] loss=-0.0274 | res=9.16e-06 | grad=3.84e-01 | 0.7s
[   214] loss=-0.0315 | res=7.87e-05 | grad=5.29e-01 | 0.7s
[   215] loss=-0.0302 | res=1.36e-05 | grad=4.97e-01 | 0.8s
[   216] loss=-0.0273 | res=1.41e-05 | grad=5.15e-01 | 0.7s
[   217] loss=-0.0315 | res=3.81e-05 | grad=5.26e-01 | 0.8s
[   218] loss=-0.0270 | res=2.64e-05 | grad=5.14e-01 | 0.7s
[   219] loss=-0.0292 | res=5.80e-05 | grad=5.48e-01 | 0.7s
[   220] loss=-0.0228 | res=5.67e-05 | grad=4.82e-01 | 0.7s
[   221] loss=-0.0310 | res=5.56e-06 | grad=5.68e-01 | 0.8s
[   222] loss=-0.0224 | res=5.07e-05 | grad=5.32e-01 | 0.6s
[   223] loss=-0.0341 | res=2.80e-05 | grad=4.24e-01 | 0.7s
[   224] loss=-0.0328 | res=6.56e-05 | grad=3.64e-01 | 0.6s
[   225] loss=-0.0337 | res=1.74e-05 | grad=5.10e-01 | 0.6s
[   226] loss=-0.0295 | res=1.13e-04 | grad=4.62e-01 | 0.6s
[   227] loss=-0.0298 | res=1.35e-04 | grad=4.62e-01 | 0.7s
[   228] loss=-0.0290 | res=2.03e-04 | grad=3.82e-01 | 0.7s
[   229] loss=-0.0232 | res=3.55e-05 | grad=6.10e-01 | 0.7s
[   230] loss=-0.0260 | res=4.71e-05 | grad=5.38e-01 | 0.6s
[   231] loss=-0.0243 | res=1.83e-05 | grad=4.74e-01 | 0.7s
[   232] loss=-0.0261 | res=2.76e-07 | grad=5.58e-01 | 0.7s
[   233] loss=-0.0347 | res=6.86e-05 | grad=5.96e-01 | 0.7s
[   234] loss=-0.0209 | res=7.34e-05 | grad=4.14e-01 | 0.7s
[   235] loss=-0.0267 | res=9.21e-05 | grad=4.07e-01 | 0.7s
[   236] loss=-0.0300 | res=3.03e-05 | grad=5.24e-01 | 0.8s
[   237] loss=-0.0270 | res=7.73e-05 | grad=4.89e-01 | 0.8s
[   238] loss=-0.0259 | res=8.76e-05 | grad=5.13e-01 | 0.8s
[   239] loss=-0.0283 | res=1.28e-05 | grad=4.41e-01 | 0.6s
[   240] loss=-0.0293 | res=1.52e-05 | grad=4.26e-01 | 0.7s
[   241] loss=-0.0312 | res=3.42e-05 | grad=5.24e-01 | 0.8s
[   242] loss=-0.0284 | res=2.82e-05 | grad=5.17e-01 | 0.7s
[   243] loss=-0.0270 | res=1.52e-05 | grad=4.95e-01 | 0.6s
[   244] loss=-0.0227 | res=2.30e-05 | grad=6.18e-01 | 0.7s
[   245] loss=-0.0294 | res=8.16e-05 | grad=3.82e-01 | 0.7s
[   246] loss=-0.0331 | res=5.63e-05 | grad=4.15e-01 | 0.7s
[   247] loss=-0.0323 | res=3.24e-05 | grad=6.31e-01 | 0.6s
[   248] loss=-0.0311 | res=6.74e-05 | grad=4.38e-01 | 0.7s
[   249] loss=-0.0336 | res=5.95e-05 | grad=6.37e-01 | 0.7s
[   250] loss=-0.0215 | res=4.43e-05 | grad=6.02e-01 | 0.6s
[   251] loss=-0.0227 | res=3.18e-05 | grad=6.49e-01 | 0.8s
[   252] loss=-0.0295 | res=2.72e-05 | grad=4.69e-01 | 0.6s
[   253] loss=-0.0196 | res=1.05e-04 | grad=6.00e-01 | 0.8s
[   254] loss=-0.0324 | res=8.15e-06 | grad=6.12e-01 | 0.6s
[   255] loss=-0.0268 | res=1.27e-05 | grad=4.19e-01 | 0.8s
[   256] loss=-0.0256 | res=2.88e-05 | grad=4.87e-01 | 0.8s
[   257] loss=-0.0356 | res=7.62e-07 | grad=5.83e-01 | 0.7s
[   258] loss=-0.0318 | res=5.94e-05 | grad=5.09e-01 | 0.8s
[   259] loss=-0.0202 | res=2.22e-05 | grad=4.71e-01 | 0.8s
[   260] loss=-0.0361 | res=2.08e-06 | grad=4.47e-01 | 0.7s
[   261] loss=-0.0353 | res=8.08e-08 | grad=5.32e-01 | 0.6s
[   262] loss=-0.0288 | res=1.08e-05 | grad=3.88e-01 | 0.8s
[   263] loss=-0.0251 | res=5.44e-05 | grad=5.56e-01 | 0.7s
[   264] loss=-0.0275 | res=2.98e-05 | grad=5.31e-01 | 0.6s
[   265] loss=-0.0328 | res=4.28e-06 | grad=3.65e-01 | 0.7s
[   266] loss=-0.0252 | res=7.22e-06 | grad=4.59e-01 | 0.8s
[   267] loss=-0.0219 | res=1.24e-05 | grad=4.99e-01 | 0.8s
[   268] loss=-0.0243 | res=1.63e-05 | grad=3.56e-01 | 0.6s
[   269] loss=-0.0275 | res=8.30e-06 | grad=5.09e-01 | 0.8s
[   270] loss=-0.0260 | res=9.42e-06 | grad=4.54e-01 | 0.7s
[   271] loss=-0.0263 | res=4.90e-05 | grad=5.14e-01 | 0.8s
[   272] loss=-0.0273 | res=2.42e-05 | grad=3.62e-01 | 0.7s
[   273] loss=-0.0218 | res=5.86e-05 | grad=4.57e-01 | 0.8s
[   274] loss=-0.0268 | res=8.57e-05 | grad=6.59e-01 | 0.7s
[   275] loss=-0.0276 | res=4.87e-05 | grad=4.30e-01 | 0.8s
[   276] loss=-0.0323 | res=2.21e-05 | grad=4.51e-01 | 0.8s
[   277] loss=-0.0254 | res=1.06e-07 | grad=4.03e-01 | 0.6s
[   278] loss=-0.0265 | res=6.44e-05 | grad=4.55e-01 | 0.6s
[   279] loss=-0.0299 | res=9.41e-08 | grad=4.30e-01 | 0.6s
[   280] loss=-0.0311 | res=4.38e-05 | grad=4.19e-01 | 0.6s
[   281] loss=-0.0211 | res=2.27e-05 | grad=6.72e-01 | 0.7s
[   282] loss=-0.0322 | res=3.61e-05 | grad=5.17e-01 | 0.6s
[   283] loss=-0.0335 | res=8.79e-08 | grad=3.95e-01 | 0.6s
[   284] loss=-0.0213 | res=1.39e-05 | grad=5.88e-01 | 0.8s
[   285] loss=-0.0298 | res=8.85e-06 | grad=4.56e-01 | 0.7s
[   286] loss=-0.0284 | res=2.09e-05 | grad=4.98e-01 | 0.7s
[   287] loss=-0.0301 | res=6.42e-05 | grad=4.16e-01 | 0.7s
[   288] loss=-0.0291 | res=2.74e-05 | grad=4.38e-01 | 0.6s
[   289] loss=-0.0284 | res=9.64e-08 | grad=2.88e-01 | 0.8s
[   290] loss=-0.0320 | res=1.58e-05 | grad=4.97e-01 | 0.8s
[   291] loss=-0.0296 | res=5.48e-05 | grad=3.86e-01 | 0.8s
[   292] loss=-0.0252 | res=2.84e-06 | grad=5.06e-01 | 0.8s
[   293] loss=-0.0204 | res=1.60e-05 | grad=5.92e-01 | 0.6s
[   294] loss=-0.0326 | res=8.51e-05 | grad=3.37e-01 | 0.7s
[   295] loss=-0.0252 | res=2.84e-05 | grad=4.21e-01 | 0.8s
[   296] loss=-0.0262 | res=6.62e-05 | grad=4.53e-01 | 0.8s
[   297] loss=-0.0237 | res=1.35e-05 | grad=3.78e-01 | 0.6s
[   298] loss=-0.0337 | res=3.96e-05 | grad=6.74e-01 | 0.7s
[   299] loss=-0.0245 | res=8.22e-05 | grad=2.95e-01 | 0.8s
[   300] loss=-0.0391 | res=7.88e-05 | grad=7.42e-01 | 0.8s
[   301] loss=-0.0258 | res=1.07e-04 | grad=3.40e-01 | 0.7s
[   302] loss=-0.0263 | res=4.57e-05 | grad=3.62e-01 | 0.8s
[   303] loss=-0.0263 | res=5.46e-05 | grad=3.40e-01 | 0.6s
[   304] loss=-0.0278 | res=3.76e-05 | grad=4.51e-01 | 0.7s
[   305] loss=-0.0228 | res=9.12e-05 | grad=5.03e-01 | 0.8s
[   306] loss=-0.0330 | res=8.72e-05 | grad=4.11e-01 | 0.7s
[   307] loss=-0.0305 | res=1.47e-05 | grad=3.89e-01 | 0.6s
[   308] loss=-0.0310 | res=6.95e-05 | grad=3.85e-01 | 0.7s
[   309] loss=-0.0286 | res=1.23e-04 | grad=3.60e-01 | 0.6s
[   310] loss=-0.0370 | res=1.14e-05 | grad=4.69e-01 | 0.8s
[   311] loss=-0.0258 | res=7.47e-05 | grad=3.91e-01 | 0.8s
[   312] loss=-0.0267 | res=4.26e-05 | grad=4.31e-01 | 0.7s
[   313] loss=-0.0262 | res=6.96e-05 | grad=4.46e-01 | 0.6s
[   314] loss=-0.0263 | res=7.64e-05 | grad=3.40e-01 | 0.6s
[   315] loss=-0.0253 | res=6.88e-05 | grad=2.94e-01 | 0.8s
[   316] loss=-0.0242 | res=6.00e-05 | grad=4.59e-01 | 0.7s
[   317] loss=-0.0316 | res=1.37e-05 | grad=5.15e-01 | 0.8s
[   318] loss=-0.0294 | res=7.72e-05 | grad=3.82e-01 | 0.7s
[   319] loss=-0.0278 | res=1.67e-05 | grad=4.36e-01 | 0.7s
[   320] loss=-0.0277 | res=1.16e-05 | grad=4.69e-01 | 0.7s
[   321] loss=-0.0319 | res=2.00e-05 | grad=5.07e-01 | 0.7s
[   322] loss=-0.0339 | res=3.40e-05 | grad=3.33e-01 | 0.8s
[   323] loss=-0.0405 | res=1.38e-04 | grad=4.27e-01 | 0.6s
[   324] loss=-0.0234 | res=4.48e-05 | grad=6.18e-01 | 0.6s
[   325] loss=-0.0277 | res=8.74e-05 | grad=5.10e-01 | 0.8s
[   326] loss=-0.0286 | res=4.36e-05 | grad=4.87e-01 | 0.6s
[   327] loss=-0.0281 | res=3.88e-05 | grad=4.16e-01 | 0.8s
[   328] loss=-0.0269 | res=8.63e-05 | grad=3.62e-01 | 0.6s
[   329] loss=-0.0282 | res=2.28e-05 | grad=4.37e-01 | 0.8s
[   330] loss=-0.0258 | res=1.48e-04 | grad=3.13e-01 | 0.8s
[   331] loss=-0.0330 | res=7.88e-06 | grad=5.44e-01 | 0.7s
[   332] loss=-0.0251 | res=4.46e-05 | grad=4.11e-01 | 0.7s
[   333] loss=-0.0321 | res=3.42e-05 | grad=5.70e-01 | 0.6s
[   334] loss=-0.0298 | res=4.67e-05 | grad=4.04e-01 | 0.6s
[   335] loss=-0.0244 | res=6.75e-05 | grad=3.87e-01 | 0.6s
[   336] loss=-0.0359 | res=3.50e-05 | grad=4.06e-01 | 0.7s
[   337] loss=-0.0266 | res=9.80e-08 | grad=5.00e-01 | 0.8s
[   338] loss=-0.0404 | res=9.30e-05 | grad=4.48e-01 | 0.8s
[   339] loss=-0.0375 | res=8.42e-05 | grad=4.06e-01 | 0.6s
[   340] loss=-0.0312 | res=7.26e-05 | grad=4.54e-01 | 0.8s
[   341] loss=-0.0264 | res=4.35e-05 | grad=6.34e-01 | 0.8s
[   342] loss=-0.0290 | res=2.44e-05 | grad=4.14e-01 | 0.7s
[   343] loss=-0.0294 | res=1.57e-05 | grad=3.90e-01 | 0.8s
[   344] loss=-0.0311 | res=3.60e-05 | grad=2.52e-01 | 0.6s
[   345] loss=-0.0395 | res=3.73e-05 | grad=5.92e-01 | 0.8s
[   346] loss=-0.0291 | res=9.44e-06 | grad=4.59e-01 | 0.7s
[   347] loss=-0.0239 | res=3.81e-05 | grad=3.57e-01 | 0.6s
[   348] loss=-0.0247 | res=1.08e-04 | grad=4.58e-01 | 0.7s
[   349] loss=-0.0228 | res=2.46e-05 | grad=3.69e-01 | 0.8s
[   350] loss=-0.0293 | res=2.78e-05 | grad=4.40e-01 | 0.6s
[   351] loss=-0.0362 | res=4.21e-05 | grad=6.25e-01 | 0.7s
[   352] loss=-0.0243 | res=6.39e-05 | grad=3.79e-01 | 0.6s
[   353] loss=-0.0291 | res=1.83e-04 | grad=3.57e-01 | 0.6s
[   354] loss=-0.0291 | res=1.10e-05 | grad=3.44e-01 | 0.6s
[   355] loss=-0.0303 | res=8.86e-06 | grad=3.00e-01 | 0.8s
[   356] loss=-0.0313 | res=7.48e-08 | grad=3.90e-01 | 0.7s
[   357] loss=-0.0318 | res=6.58e-05 | grad=3.27e-01 | 0.8s
[   358] loss=-0.0306 | res=2.49e-05 | grad=4.56e-01 | 0.7s
[   359] loss=-0.0269 | res=4.15e-05 | grad=4.95e-01 | 0.8s
[   360] loss=-0.0312 | res=1.05e-04 | grad=3.62e-01 | 0.6s
[   361] loss=-0.0350 | res=1.10e-05 | grad=3.88e-01 | 0.8s
[   362] loss=-0.0277 | res=5.93e-05 | grad=4.50e-01 | 0.7s
[   363] loss=-0.0307 | res=7.12e-05 | grad=3.78e-01 | 0.8s
[   364] loss=-0.0180 | res=2.50e-05 | grad=5.87e-01 | 0.6s
[   365] loss=-0.0189 | res=3.93e-05 | grad=5.64e-01 | 0.6s
[   366] loss=-0.0233 | res=3.78e-05 | grad=2.79e-01 | 0.7s
[   367] loss=-0.0224 | res=5.86e-05 | grad=3.55e-01 | 0.8s
[   368] loss=-0.0308 | res=5.72e-05 | grad=7.95e-01 | 0.7s
[   369] loss=-0.0233 | res=5.14e-06 | grad=5.05e-01 | 0.8s
[   370] loss=-0.0287 | res=7.50e-05 | grad=6.11e-01 | 0.6s
[   371] loss=-0.0304 | res=7.90e-05 | grad=4.76e-01 | 0.7s
[   372] loss=-0.0312 | res=1.79e-06 | grad=4.47e-01 | 0.6s
[   373] loss=-0.0411 | res=1.30e-05 | grad=5.75e-01 | 0.8s
[   374] loss=-0.0320 | res=1.56e-05 | grad=4.81e-01 | 0.6s
[   375] loss=-0.0375 | res=2.67e-05 | grad=4.30e-01 | 0.6s
[   376] loss=-0.0313 | res=2.81e-05 | grad=6.56e-01 | 0.7s
[   377] loss=-0.0226 | res=3.72e-05 | grad=9.15e-01 | 0.8s
[   378] loss=-0.0360 | res=7.05e-05 | grad=4.40e-01 | 0.8s
[   379] loss=-0.0306 | res=7.77e-05 | grad=3.97e-01 | 0.6s
[   380] loss=-0.0227 | res=1.60e-04 | grad=5.32e-01 | 0.7s
[   381] loss=-0.0278 | res=1.08e-05 | grad=2.83e-01 | 0.8s
[   382] loss=-0.0347 | res=6.37e-05 | grad=6.29e-01 | 0.7s
[   383] loss=-0.0321 | res=6.64e-05 | grad=6.56e-01 | 0.7s
[   384] loss=-0.0254 | res=9.21e-08 | grad=4.44e-01 | 0.7s
[   385] loss=-0.0279 | res=9.65e-05 | grad=5.24e-01 | 0.7s
[   386] loss=-0.0331 | res=5.65e-05 | grad=7.10e-01 | 0.8s
[   387] loss=-0.0240 | res=3.98e-05 | grad=4.18e-01 | 0.6s
[   388] loss=-0.0312 | res=5.07e-05 | grad=3.11e-01 | 0.7s
[   389] loss=-0.0339 | res=9.95e-06 | grad=3.09e-01 | 0.7s
[   390] loss=-0.0271 | res=1.50e-05 | grad=4.92e-01 | 0.7s
[   391] loss=-0.0224 | res=1.03e-04 | grad=7.31e-01 | 0.7s
[   392] loss=-0.0273 | res=5.27e-06 | grad=4.68e-01 | 0.7s
[   393] loss=-0.0353 | res=3.51e-05 | grad=3.34e-01 | 0.8s
[   394] loss=-0.0320 | res=7.22e-05 | grad=2.86e-01 | 0.7s
[   395] loss=-0.0302 | res=3.03e-05 | grad=3.41e-01 | 0.8s
[   396] loss=-0.0207 | res=6.17e-05 | grad=4.45e-01 | 0.8s
[   397] loss=-0.0334 | res=1.92e-05 | grad=5.14e-01 | 0.6s
[   398] loss=-0.0278 | res=8.13e-05 | grad=4.64e-01 | 0.6s
[   399] loss=-0.0384 | res=8.22e-05 | grad=7.44e-01 | 0.8s
[   400] loss=-0.0305 | res=4.12e-05 | grad=3.52e-01 | 0.7s
[   401] loss=-0.0310 | res=6.25e-05 | grad=3.51e-01 | 0.7s
[   402] loss=-0.0314 | res=4.47e-05 | grad=3.38e-01 | 0.8s
[   403] loss=-0.0413 | res=1.74e-05 | grad=4.50e-01 | 0.6s
[   404] loss=-0.0156 | res=7.82e-06 | grad=8.37e-01 | 0.8s
[   405] loss=-0.0269 | res=5.59e-05 | grad=4.89e-01 | 0.7s
[   406] loss=-0.0291 | res=1.65e-05 | grad=3.86e-01 | 0.7s
[   407] loss=-0.0325 | res=1.67e-05 | grad=4.73e-01 | 0.8s
[   408] loss=-0.0298 | res=6.67e-05 | grad=3.55e-01 | 0.6s
[   409] loss=-0.0246 | res=1.21e-05 | grad=3.15e-01 | 0.8s
[   410] loss=-0.0348 | res=3.55e-05 | grad=5.06e-01 | 0.6s
[   411] loss=-0.0305 | res=5.26e-05 | grad=3.64e-01 | 0.6s
[   412] loss=-0.0334 | res=4.41e-05 | grad=5.07e-01 | 0.7s
[   413] loss=-0.0292 | res=2.26e-05 | grad=3.19e-01 | 0.8s
[   414] loss=-0.0305 | res=2.28e-05 | grad=3.48e-01 | 0.8s
[   415] loss=-0.0292 | res=6.00e-05 | grad=3.73e-01 | 0.8s
[   416] loss=-0.0225 | res=5.35e-05 | grad=5.63e-01 | 0.8s
[   417] loss=-0.0297 | res=1.49e-05 | grad=3.52e-01 | 0.7s
[   418] loss=-0.0317 | res=8.11e-05 | grad=2.99e-01 | 0.8s
[   419] loss=-0.0299 | res=8.09e-05 | grad=3.37e-01 | 0.7s
[   420] loss=-0.0250 | res=3.10e-05 | grad=3.61e-01 | 0.8s
[   421] loss=-0.0360 | res=1.04e-05 | grad=5.81e-01 | 0.7s
[   422] loss=-0.0274 | res=1.53e-04 | grad=3.46e-01 | 0.7s
[   423] loss=-0.0381 | res=7.75e-08 | grad=6.08e-01 | 0.7s
[   424] loss=-0.0248 | res=4.81e-05 | grad=4.22e-01 | 0.8s
[   425] loss=-0.0304 | res=1.14e-04 | grad=3.45e-01 | 0.6s
[   426] loss=-0.0209 | res=1.37e-05 | grad=5.08e-01 | 0.6s
[   427] loss=-0.0305 | res=6.96e-05 | grad=3.29e-01 | 0.6s
[   428] loss=-0.0339 | res=3.63e-05 | grad=2.98e-01 | 0.6s
[   429] loss=-0.0249 | res=2.03e-05 | grad=3.89e-01 | 0.8s
[   430] loss=-0.0350 | res=7.36e-05 | grad=3.77e-01 | 0.8s
[   431] loss=-0.0202 | res=3.89e-05 | grad=4.37e-01 | 0.8s
[   432] loss=-0.0356 | res=7.37e-05 | grad=3.52e-01 | 0.7s
[   433] loss=-0.0320 | res=1.03e-05 | grad=3.90e-01 | 0.7s
[   434] loss=-0.0292 | res=1.12e-05 | grad=3.94e-01 | 0.8s
[   435] loss=-0.0282 | res=7.81e-06 | grad=3.05e-01 | 0.6s
[   436] loss=-0.0335 | res=9.27e-08 | grad=3.59e-01 | 0.8s
[   437] loss=-0.0323 | res=3.00e-05 | grad=3.40e-01 | 0.8s
[   438] loss=-0.0269 | res=1.44e-04 | grad=3.35e-01 | 0.7s
[   439] loss=-0.0362 | res=9.62e-06 | grad=3.98e-01 | 0.7s
[   440] loss=-0.0438 | res=6.95e-06 | grad=5.37e-01 | 0.8s
[   441] loss=-0.0235 | res=6.16e-05 | grad=5.57e-01 | 0.8s
[   442] loss=-0.0337 | res=3.23e-05 | grad=2.90e-01 | 0.8s
[   443] loss=-0.0196 | res=1.28e-04 | grad=7.63e-01 | 0.8s
[   444] loss=-0.0308 | res=8.43e-05 | grad=3.52e-01 | 0.8s
[   445] loss=-0.0291 | res=1.04e-06 | grad=4.02e-01 | 0.6s
[   446] loss=-0.0326 | res=3.75e-06 | grad=4.25e-01 | 0.8s
[   447] loss=-0.0326 | res=3.08e-05 | grad=4.08e-01 | 0.7s
[   448] loss=-0.0353 | res=6.58e-05 | grad=5.15e-01 | 0.6s
[   449] loss=-0.0287 | res=4.02e-05 | grad=3.49e-01 | 0.7s
[   450] loss=-0.0276 | res=5.87e-05 | grad=2.85e-01 | 0.6s
[   451] loss=-0.0262 | res=1.06e-04 | grad=3.71e-01 | 0.6s
[   452] loss=-0.0294 | res=1.93e-04 | grad=3.03e-01 | 0.8s
[   453] loss=-0.0226 | res=7.10e-06 | grad=4.83e-01 | 0.7s
[   454] loss=-0.0329 | res=6.23e-05 | grad=2.89e-01 | 0.6s
[   455] loss=-0.0283 | res=2.21e-05 | grad=2.64e-01 | 0.7s
[   456] loss=-0.0394 | res=1.59e-05 | grad=6.48e-01 | 0.6s
[   457] loss=-0.0303 | res=2.20e-05 | grad=2.84e-01 | 0.6s
[   458] loss=-0.0228 | res=2.78e-05 | grad=5.23e-01 | 0.7s
[   459] loss=-0.0338 | res=2.80e-05 | grad=3.11e-01 | 0.8s
[   460] loss=-0.0242 | res=6.23e-05 | grad=4.48e-01 | 0.7s
[   461] loss=-0.0244 | res=1.45e-05 | grad=3.78e-01 | 0.7s
[   462] loss=-0.0333 | res=1.33e-05 | grad=3.63e-01 | 0.8s
[   463] loss=-0.0390 | res=7.91e-08 | grad=5.45e-01 | 0.6s
[   464] loss=-0.0286 | res=4.95e-05 | grad=3.01e-01 | 0.7s
[   465] loss=-0.0381 | res=6.20e-05 | grad=4.06e-01 | 0.8s
[   466] loss=-0.0343 | res=4.76e-05 | grad=3.02e-01 | 0.8s
[   467] loss=-0.0287 | res=1.55e-05 | grad=3.96e-01 | 0.8s
[   468] loss=-0.0371 | res=6.50e-05 | grad=2.98e-01 | 0.7s
[   469] loss=-0.0387 | res=7.41e-05 | grad=2.94e-01 | 0.8s
[   470] loss=-0.0145 | res=4.32e-05 | grad=9.07e-01 | 0.8s
[   471] loss=-0.0295 | res=1.24e-05 | grad=3.52e-01 | 0.7s
[   472] loss=-0.0308 | res=1.01e-04 | grad=2.63e-01 | 0.7s
[   473] loss=-0.0216 | res=5.00e-05 | grad=4.12e-01 | 0.6s
[   474] loss=-0.0257 | res=1.03e-04 | grad=2.53e-01 | 0.7s
[   475] loss=-0.0372 | res=2.17e-05 | grad=7.82e-01 | 0.7s
[   476] loss=-0.0269 | res=8.08e-05 | grad=3.73e-01 | 0.7s
[   477] loss=-0.0343 | res=9.16e-08 | grad=6.19e-01 | 0.8s
[   478] loss=-0.0310 | res=2.08e-05 | grad=3.86e-01 | 0.7s
[   479] loss=-0.0289 | res=2.67e-06 | grad=3.27e-01 | 0.8s
[   480] loss=-0.0338 | res=3.15e-05 | grad=3.32e-01 | 0.8s
[   481] loss=-0.0292 | res=8.36e-06 | grad=3.62e-01 | 0.8s
[   482] loss=-0.0392 | res=3.15e-05 | grad=2.79e-01 | 0.8s
[   483] loss=-0.0231 | res=1.08e-07 | grad=6.98e-01 | 0.6s
[   484] loss=-0.0289 | res=7.83e-05 | grad=4.62e-01 | 0.8s
[   485] loss=-0.0228 | res=5.23e-05 | grad=5.46e-01 | 0.7s
[   486] loss=-0.0323 | res=3.80e-05 | grad=3.02e-01 | 0.8s
[   487] loss=-0.0362 | res=2.64e-05 | grad=4.02e-01 | 0.6s
[   488] loss=-0.0247 | res=5.26e-05 | grad=3.06e-01 | 0.7s
[   489] loss=-0.0328 | res=4.59e-05 | grad=4.54e-01 | 0.6s
[   490] loss=-0.0263 | res=3.67e-05 | grad=3.26e-01 | 0.8s
[   491] loss=-0.0250 | res=3.78e-05 | grad=2.45e-01 | 0.7s
[   492] loss=-0.0255 | res=7.37e-08 | grad=2.51e-01 | 0.6s
[   493] loss=-0.0365 | res=6.24e-05 | grad=5.95e-01 | 0.6s
[   494] loss=-0.0257 | res=4.51e-05 | grad=3.41e-01 | 0.7s
[   495] loss=-0.0301 | res=4.42e-05 | grad=3.80e-01 | 0.7s
[   496] loss=-0.0354 | res=3.04e-05 | grad=2.90e-01 | 0.8s
[   497] loss=-0.0311 | res=4.83e-05 | grad=2.96e-01 | 0.6s
[   498] loss=-0.0303 | res=1.18e-04 | grad=3.59e-01 | 0.7s
[   499] loss=-0.0306 | res=1.35e-05 | grad=3.65e-01 | 0.6s
[   500] loss=-0.0316 | res=6.71e-08 | grad=3.16e-01 | 0.6s
[   501] loss=-0.0345 | res=5.96e-05 | grad=2.97e-01 | 0.7s
[   502] loss=-0.0336 | res=4.41e-05 | grad=2.61e-01 | 0.6s
[   503] loss=-0.0281 | res=1.37e-04 | grad=3.34e-01 | 0.6s
[   504] loss=-0.0291 | res=2.51e-05 | grad=2.65e-01 | 0.7s
[   505] loss=-0.0302 | res=9.31e-06 | grad=3.15e-01 | 0.8s
[   506] loss=-0.0287 | res=9.54e-05 | grad=3.21e-01 | 0.7s
[   507] loss=-0.0366 | res=3.85e-06 | grad=5.20e-01 | 0.8s
[   508] loss=-0.0326 | res=5.59e-05 | grad=3.82e-01 | 0.6s
[   509] loss=-0.0205 | res=1.35e-04 | grad=4.09e-01 | 0.8s
[   510] loss=-0.0324 | res=2.25e-05 | grad=2.77e-01 | 0.7s
[   511] loss=-0.0330 | res=6.49e-05 | grad=3.01e-01 | 0.8s
[   512] loss=-0.0288 | res=5.53e-05 | grad=2.84e-01 | 0.7s
[   513] loss=-0.0260 | res=6.83e-05 | grad=3.43e-01 | 0.6s
[   514] loss=-0.0363 | res=4.26e-05 | grad=3.15e-01 | 0.8s
[   515] loss=-0.0297 | res=7.25e-05 | grad=2.83e-01 | 0.7s
[   516] loss=-0.0324 | res=5.05e-05 | grad=2.44e-01 | 0.7s
[   517] loss=-0.0303 | res=1.13e-04 | grad=3.21e-01 | 0.7s
[   518] loss=-0.0281 | res=4.47e-05 | grad=2.97e-01 | 0.7s
[   519] loss=-0.0314 | res=8.79e-06 | grad=2.45e-01 | 0.7s
[   520] loss=-0.0305 | res=1.48e-05 | grad=3.29e-01 | 0.7s
[   521] loss=-0.0325 | res=3.73e-05 | grad=2.75e-01 | 0.6s
[   522] loss=-0.0351 | res=6.62e-05 | grad=3.82e-01 | 0.6s
[   523] loss=-0.0281 | res=1.55e-05 | grad=2.99e-01 | 0.8s
[   524] loss=-0.0327 | res=2.81e-05 | grad=2.94e-01 | 0.6s
[   525] loss=-0.0326 | res=5.24e-05 | grad=2.32e-01 | 0.8s
[   526] loss=-0.0298 | res=5.78e-05 | grad=3.01e-01 | 0.7s
[   527] loss=-0.0297 | res=1.62e-05 | grad=3.02e-01 | 0.7s
[   528] loss=-0.0279 | res=3.70e-05 | grad=3.41e-01 | 0.7s
[   529] loss=-0.0278 | res=3.58e-05 | grad=2.83e-01 | 0.8s
[   530] loss=-0.0255 | res=1.02e-05 | grad=4.12e-01 | 0.7s
[   531] loss=-0.0247 | res=1.31e-05 | grad=2.97e-01 | 0.7s
[   532] loss=-0.0286 | res=1.44e-04 | grad=3.21e-01 | 0.7s
[   533] loss=-0.0268 | res=9.11e-05 | grad=3.25e-01 | 0.7s
[   534] loss=-0.0298 | res=8.73e-05 | grad=3.96e-01 | 0.6s
[   535] loss=-0.0243 | res=1.03e-07 | grad=2.42e-01 | 0.7s
[   536] loss=-0.0249 | res=9.47e-05 | grad=3.00e-01 | 0.7s
[   537] loss=-0.0294 | res=6.38e-05 | grad=3.33e-01 | 0.7s
[   538] loss=-0.0273 | res=6.37e-05 | grad=2.64e-01 | 0.6s
[   539] loss=-0.0308 | res=8.04e-05 | grad=3.43e-01 | 0.6s
[   540] loss=-0.0274 | res=1.69e-05 | grad=3.29e-01 | 0.7s
[   541] loss=-0.0198 | res=5.59e-05 | grad=5.11e-01 | 0.8s
[   542] loss=-0.0260 | res=9.56e-06 | grad=3.00e-01 | 0.7s
[   543] loss=-0.0309 | res=9.76e-05 | grad=3.08e-01 | 0.7s
[   544] loss=-0.0363 | res=4.83e-05 | grad=5.37e-01 | 0.8s
[   545] loss=-0.0229 | res=3.70e-05 | grad=3.69e-01 | 0.7s
[   546] loss=-0.0247 | res=7.04e-05 | grad=3.47e-01 | 0.7s
[   547] loss=-0.0346 | res=2.65e-05 | grad=4.50e-01 | 0.7s
[   548] loss=-0.0260 | res=3.96e-05 | grad=2.68e-01 | 0.7s
[   549] loss=-0.0287 | res=1.81e-05 | grad=2.61e-01 | 0.7s
[   550] loss=-0.0297 | res=1.55e-05 | grad=2.68e-01 | 0.7s
[   551] loss=-0.0326 | res=2.33e-05 | grad=3.34e-01 | 0.7s
[   552] loss=-0.0227 | res=7.29e-05 | grad=4.53e-01 | 0.8s
[   553] loss=-0.0250 | res=1.05e-04 | grad=3.56e-01 | 0.6s
[   554] loss=-0.0238 | res=3.65e-05 | grad=3.79e-01 | 0.7s
[   555] loss=-0.0262 | res=8.39e-05 | grad=2.70e-01 | 0.8s
[   556] loss=-0.0311 | res=5.45e-05 | grad=4.04e-01 | 0.7s
[   557] loss=-0.0335 | res=1.59e-05 | grad=5.20e-01 | 0.7s
[   558] loss=-0.0272 | res=1.71e-04 | grad=2.99e-01 | 0.8s
[   559] loss=-0.0257 | res=9.17e-05 | grad=3.16e-01 | 0.6s
[   560] loss=-0.0252 | res=2.71e-05 | grad=2.76e-01 | 0.7s
[   561] loss=-0.0394 | res=3.04e-05 | grad=5.43e-01 | 0.7s
[   562] loss=-0.0305 | res=1.15e-04 | grad=3.28e-01 | 0.6s
[   563] loss=-0.0353 | res=3.87e-05 | grad=2.89e-01 | 0.8s
[   564] loss=-0.0225 | res=4.22e-05 | grad=5.19e-01 | 0.8s
[   565] loss=-0.0319 | res=5.74e-05 | grad=3.36e-01 | 0.8s
[   566] loss=-0.0278 | res=6.96e-05 | grad=3.89e-01 | 0.7s
[   567] loss=-0.0269 | res=2.99e-05 | grad=3.61e-01 | 0.7s
[   568] loss=-0.0343 | res=4.66e-05 | grad=3.94e-01 | 0.7s
[   569] loss=-0.0331 | res=3.29e-05 | grad=3.05e-01 | 0.7s
[   570] loss=-0.0329 | res=9.86e-05 | grad=3.43e-01 | 0.7s
[   571] loss=-0.0251 | res=1.64e-05 | grad=3.36e-01 | 0.8s
[   572] loss=-0.0261 | res=2.90e-05 | grad=2.91e-01 | 0.6s
[   573] loss=-0.0288 | res=9.72e-05 | grad=2.52e-01 | 0.6s
[   574] loss=-0.0301 | res=5.22e-05 | grad=3.15e-01 | 0.7s
[   575] loss=-0.0289 | res=9.53e-05 | grad=2.97e-01 | 0.6s
[   576] loss=-0.0295 | res=3.54e-05 | grad=2.63e-01 | 0.7s
[   577] loss=-0.0294 | res=2.88e-05 | grad=2.68e-01 | 0.7s
[   578] loss=-0.0251 | res=8.16e-05 | grad=3.28e-01 | 0.6s
[   579] loss=-0.0337 | res=4.11e-05 | grad=3.45e-01 | 0.7s
[   580] loss=-0.0355 | res=2.03e-06 | grad=3.63e-01 | 0.6s
[   581] loss=-0.0209 | res=8.94e-05 | grad=5.58e-01 | 0.8s
[   582] loss=-0.0281 | res=4.08e-05 | grad=3.01e-01 | 0.7s
[   583] loss=-0.0305 | res=5.19e-05 | grad=2.90e-01 | 0.7s
[   584] loss=-0.0269 | res=2.92e-05 | grad=2.98e-01 | 0.7s
[   585] loss=-0.0270 | res=8.74e-05 | grad=2.97e-01 | 0.7s
[   586] loss=-0.0271 | res=2.11e-05 | grad=3.64e-01 | 0.6s
[   587] loss=-0.0299 | res=2.50e-05 | grad=2.92e-01 | 0.7s
[   588] loss=-0.0281 | res=3.82e-05 | grad=3.14e-01 | 0.7s
[   589] loss=-0.0186 | res=1.91e-05 | grad=4.14e-01 | 0.6s
[   590] loss=-0.0335 | res=2.20e-05 | grad=5.46e-01 | 0.7s
[   591] loss=-0.0334 | res=3.94e-05 | grad=4.70e-01 | 0.6s
[   592] loss=-0.0314 | res=4.37e-05 | grad=2.69e-01 | 0.7s
[   593] loss=-0.0241 | res=7.54e-05 | grad=3.56e-01 | 0.7s
[   594] loss=-0.0296 | res=4.43e-05 | grad=3.07e-01 | 0.6s
[   595] loss=-0.0376 | res=1.48e-04 | grad=3.10e-01 | 0.7s
[   596] loss=-0.0302 | res=5.29e-05 | grad=3.04e-01 | 0.6s
[   597] loss=-0.0314 | res=6.22e-05 | grad=3.21e-01 | 0.7s
[   598] loss=-0.0313 | res=5.89e-05 | grad=3.36e-01 | 0.7s
[   599] loss=-0.0288 | res=2.77e-05 | grad=2.97e-01 | 0.7s
[   600] loss=-0.0314 | res=8.45e-06 | grad=2.42e-01 | 0.7s
[   601] loss=-0.0288 | res=7.18e-05 | grad=2.55e-01 | 0.6s
[   602] loss=-0.0300 | res=2.36e-06 | grad=2.34e-01 | 0.7s
[   603] loss=-0.0323 | res=9.68e-05 | grad=3.51e-01 | 0.7s
[   604] loss=-0.0279 | res=2.51e-05 | grad=2.73e-01 | 0.7s
[   605] loss=-0.0323 | res=7.02e-06 | grad=3.64e-01 | 0.7s
[   606] loss=-0.0288 | res=8.79e-05 | grad=2.43e-01 | 0.7s
[   607] loss=-0.0285 | res=1.25e-05 | grad=2.39e-01 | 0.6s
[   608] loss=-0.0375 | res=1.61e-05 | grad=3.91e-01 | 0.6s
[   609] loss=-0.0329 | res=2.22e-05 | grad=2.87e-01 | 0.7s
[   610] loss=-0.0317 | res=6.70e-05 | grad=2.98e-01 | 0.7s
[   611] loss=-0.0331 | res=6.25e-05 | grad=2.71e-01 | 0.7s
[   612] loss=-0.0329 | res=5.31e-05 | grad=2.34e-01 | 0.6s
[   613] loss=-0.0304 | res=8.14e-05 | grad=2.95e-01 | 0.6s
[   614] loss=-0.0350 | res=3.28e-05 | grad=2.51e-01 | 0.7s
[   615] loss=-0.0211 | res=7.71e-05 | grad=6.30e-01 | 0.6s
[   616] loss=-0.0316 | res=8.60e-05 | grad=3.72e-01 | 0.7s
[   617] loss=-0.0291 | res=2.68e-05 | grad=2.45e-01 | 0.6s
[   618] loss=-0.0378 | res=3.96e-05 | grad=6.94e-01 | 0.7s
[   619] loss=-0.0203 | res=5.30e-05 | grad=4.03e-01 | 0.7s
[   620] loss=-0.0262 | res=5.83e-05 | grad=2.08e-01 | 0.6s
[   621] loss=-0.0317 | res=5.04e-05 | grad=4.59e-01 | 0.7s
[   622] loss=-0.0348 | res=5.05e-05 | grad=4.96e-01 | 0.6s
[   623] loss=-0.0277 | res=5.15e-05 | grad=2.13e-01 | 0.7s
[   624] loss=-0.0270 | res=6.72e-05 | grad=3.30e-01 | 0.6s
[   625] loss=-0.0176 | res=9.23e-05 | grad=6.55e-01 | 0.7s
[   626] loss=-0.0339 | res=3.59e-05 | grad=2.40e-01 | 0.6s
[   627] loss=-0.0317 | res=1.71e-05 | grad=3.33e-01 | 0.7s
[   628] loss=-0.0224 | res=7.20e-05 | grad=4.11e-01 | 0.6s
[   629] loss=-0.0360 | res=4.02e-05 | grad=4.68e-01 | 0.7s
[   630] loss=-0.0370 | res=4.03e-05 | grad=4.70e-01 | 0.7s
[   631] loss=-0.0298 | res=5.88e-05 | grad=2.40e-01 | 0.7s
[   632] loss=-0.0232 | res=1.07e-04 | grad=4.02e-01 | 0.7s
[   633] loss=-0.0287 | res=4.47e-05 | grad=2.98e-01 | 0.7s
[   634] loss=-0.0282 | res=8.38e-05 | grad=2.37e-01 | 0.7s
[   635] loss=-0.0268 | res=1.53e-05 | grad=3.00e-01 | 0.7s
[   636] loss=-0.0239 | res=3.42e-05 | grad=3.15e-01 | 0.6s
[   637] loss=-0.0274 | res=6.52e-05 | grad=2.58e-01 | 0.7s
[   638] loss=-0.0386 | res=5.25e-05 | grad=7.20e-01 | 0.6s
[   639] loss=-0.0323 | res=6.48e-05 | grad=3.37e-01 | 0.6s
[   640] loss=-0.0265 | res=6.64e-06 | grad=2.71e-01 | 0.7s
[   641] loss=-0.0304 | res=3.72e-06 | grad=3.06e-01 | 0.7s
[   642] loss=-0.0297 | res=4.99e-05 | grad=2.78e-01 | 0.7s
[   643] loss=-0.0393 | res=7.68e-05 | grad=3.37e-01 | 0.6s
[   644] loss=-0.0278 | res=2.78e-05 | grad=4.03e-01 | 0.7s
[   645] loss=-0.0250 | res=6.07e-05 | grad=4.95e-01 | 0.7s
[   646] loss=-0.0283 | res=4.58e-05 | grad=3.07e-01 | 0.6s
[   647] loss=-0.0256 | res=5.82e-05 | grad=3.91e-01 | 0.8s
[   648] loss=-0.0256 | res=1.31e-04 | grad=2.72e-01 | 0.7s
[   649] loss=-0.0337 | res=2.79e-05 | grad=5.68e-01 | 0.7s
[   650] loss=-0.0266 | res=1.17e-04 | grad=3.39e-01 | 0.7s
[   651] loss=-0.0271 | res=1.15e-04 | grad=2.89e-01 | 0.6s
[   652] loss=-0.0278 | res=4.18e-05 | grad=2.34e-01 | 0.7s
[   653] loss=-0.0282 | res=8.09e-08 | grad=3.61e-01 | 0.6s
[   654] loss=-0.0248 | res=6.46e-05 | grad=2.62e-01 | 0.7s
[   655] loss=-0.0293 | res=5.00e-05 | grad=2.42e-01 | 0.7s
[   656] loss=-0.0293 | res=6.39e-05 | grad=2.62e-01 | 0.7s
[   657] loss=-0.0259 | res=5.02e-05 | grad=2.83e-01 | 0.7s
[   658] loss=-0.0335 | res=3.13e-05 | grad=2.59e-01 | 0.8s
[   659] loss=-0.0313 | res=3.85e-05 | grad=2.53e-01 | 0.7s
[   660] loss=-0.0335 | res=7.10e-05 | grad=2.71e-01 | 0.6s
[   661] loss=-0.0286 | res=8.53e-05 | grad=3.23e-01 | 0.6s
[   662] loss=-0.0372 | res=1.04e-04 | grad=2.75e-01 | 0.7s
[   663] loss=-0.0281 | res=2.43e-05 | grad=3.48e-01 | 0.7s
[   664] loss=-0.0406 | res=1.78e-04 | grad=4.05e-01 | 0.7s
[   665] loss=-0.0336 | res=3.21e-05 | grad=2.83e-01 | 0.6s
[   666] loss=-0.0366 | res=5.97e-05 | grad=2.79e-01 | 0.7s
[   667] loss=-0.0425 | res=5.45e-05 | grad=3.59e-01 | 0.7s
[   668] loss=-0.0354 | res=8.26e-05 | grad=2.57e-01 | 0.6s
[   669] loss=-0.0189 | res=1.97e-05 | grad=8.81e-01 | 0.7s
[   670] loss=-0.0259 | res=6.53e-05 | grad=5.19e-01 | 0.6s
[   671] loss=-0.0222 | res=1.28e-05 | grad=4.83e-01 | 0.7s
[   672] loss=-0.0312 | res=4.57e-06 | grad=2.24e-01 | 0.6s
[   673] loss=-0.0249 | res=6.27e-05 | grad=3.90e-01 | 0.8s
[   674] loss=-0.0292 | res=7.62e-06 | grad=5.03e-01 | 0.7s
[   675] loss=-0.0293 | res=1.40e-04 | grad=5.27e-01 | 0.8s
[   676] loss=-0.0255 | res=4.40e-06 | grad=2.76e-01 | 0.7s
[   677] loss=-0.0278 | res=1.85e-04 | grad=4.07e-01 | 0.8s
[   678] loss=-0.0301 | res=3.33e-05 | grad=3.97e-01 | 0.6s
[   679] loss=-0.0283 | res=2.42e-05 | grad=3.02e-01 | 0.8s
[   680] loss=-0.0301 | res=8.82e-05 | grad=2.31e-01 | 0.7s
[   681] loss=-0.0281 | res=9.82e-05 | grad=3.16e-01 | 0.7s
[   682] loss=-0.0231 | res=5.57e-05 | grad=5.85e-01 | 0.7s
[   683] loss=-0.0278 | res=7.41e-05 | grad=3.92e-01 | 0.7s
[   684] loss=-0.0232 | res=1.97e-05 | grad=4.66e-01 | 0.6s
[   685] loss=-0.0315 | res=6.21e-05 | grad=1.91e-01 | 0.7s
[   686] loss=-0.0300 | res=7.08e-05 | grad=2.55e-01 | 0.6s
[   687] loss=-0.0228 | res=3.63e-05 | grad=2.62e-01 | 0.6s
[   688] loss=-0.0218 | res=3.60e-05 | grad=2.40e-01 | 0.7s
[   689] loss=-0.0319 | res=9.89e-05 | grad=5.53e-01 | 0.6s
[   690] loss=-0.0270 | res=5.38e-05 | grad=3.49e-01 | 0.7s
[   691] loss=-0.0339 | res=6.04e-08 | grad=6.37e-01 | 0.7s
[   692] loss=-0.0265 | res=3.61e-05 | grad=2.37e-01 | 0.7s
[   693] loss=-0.0318 | res=2.91e-05 | grad=2.91e-01 | 0.7s
[   694] loss=-0.0328 | res=1.25e-05 | grad=2.62e-01 | 0.8s
[   695] loss=-0.0302 | res=5.78e-05 | grad=3.15e-01 | 0.6s
[   696] loss=-0.0268 | res=4.94e-05 | grad=4.99e-01 | 0.7s
[   697] loss=-0.0334 | res=9.60e-05 | grad=2.85e-01 | 0.7s
[   698] loss=-0.0305 | res=3.19e-05 | grad=3.54e-01 | 0.7s
[   699] loss=-0.0286 | res=9.06e-05 | grad=3.75e-01 | 0.6s
[   700] loss=-0.0302 | res=3.29e-05 | grad=1.98e-01 | 0.7s
[   701] loss=-0.0230 | res=8.04e-05 | grad=4.17e-01 | 0.8s
[   702] loss=-0.0358 | res=3.73e-05 | grad=4.95e-01 | 0.7s
[   703] loss=-0.0265 | res=3.19e-05 | grad=2.47e-01 | 0.7s
[   704] loss=-0.0322 | res=6.93e-05 | grad=5.44e-01 | 0.6s
[   705] loss=-0.0257 | res=4.28e-05 | grad=2.03e-01 | 0.7s
[   706] loss=-0.0334 | res=3.13e-06 | grad=3.96e-01 | 0.7s
[   707] loss=-0.0297 | res=9.48e-05 | grad=2.18e-01 | 0.7s
[   708] loss=-0.0334 | res=2.76e-05 | grad=2.55e-01 | 0.6s
[   709] loss=-0.0362 | res=2.87e-05 | grad=2.35e-01 | 0.7s
[   710] loss=-0.0226 | res=5.46e-05 | grad=5.95e-01 | 0.7s
[   711] loss=-0.0295 | res=1.29e-05 | grad=3.64e-01 | 0.6s
[   712] loss=-0.0292 | res=9.16e-05 | grad=3.21e-01 | 0.7s
[   713] loss=-0.0294 | res=1.97e-05 | grad=2.69e-01 | 0.7s
[   714] loss=-0.0327 | res=2.70e-05 | grad=1.91e-01 | 0.7s
[   715] loss=-0.0312 | res=5.05e-05 | grad=2.82e-01 | 0.8s
[   716] loss=-0.0245 | res=7.92e-05 | grad=2.54e-01 | 0.6s
[   717] loss=-0.0194 | res=7.40e-05 | grad=3.36e-01 | 0.8s
[   718] loss=-0.0290 | res=1.85e-07 | grad=3.08e-01 | 0.7s
[   719] loss=-0.0306 | res=8.40e-05 | grad=5.08e-01 | 0.7s
[   720] loss=-0.0276 | res=6.17e-05 | grad=3.33e-01 | 0.6s
[   721] loss=-0.0292 | res=2.61e-05 | grad=3.58e-01 | 0.8s
[   722] loss=-0.0277 | res=1.69e-05 | grad=2.29e-01 | 0.6s
[   723] loss=-0.0260 | res=3.01e-05 | grad=2.50e-01 | 0.8s
[   724] loss=-0.0343 | res=5.22e-05 | grad=3.94e-01 | 0.7s
[   725] loss=-0.0318 | res=8.02e-05 | grad=2.40e-01 | 0.7s
[   726] loss=-0.0173 | res=1.03e-05 | grad=7.08e-01 | 0.6s
[   727] loss=-0.0282 | res=9.24e-05 | grad=3.10e-01 | 0.7s
[   728] loss=-0.0335 | res=3.60e-05 | grad=2.04e-01 | 0.7s
[   729] loss=-0.0304 | res=5.02e-05 | grad=2.87e-01 | 0.7s
[   730] loss=-0.0268 | res=6.73e-05 | grad=3.09e-01 | 0.7s
[   731] loss=-0.0292 | res=6.15e-05 | grad=2.44e-01 | 0.6s
[   732] loss=-0.0248 | res=1.39e-04 | grad=2.43e-01 | 0.7s
[   733] loss=-0.0363 | res=3.63e-05 | grad=4.85e-01 | 0.8s
[   734] loss=-0.0290 | res=4.30e-05 | grad=2.37e-01 | 0.6s
[   735] loss=-0.0326 | res=3.53e-05 | grad=3.49e-01 | 0.7s
[   736] loss=-0.0300 | res=3.62e-05 | grad=2.78e-01 | 0.6s
[   737] loss=-0.0345 | res=9.94e-05 | grad=2.31e-01 | 0.8s
[   738] loss=-0.0289 | res=6.34e-05 | grad=2.82e-01 | 0.7s
[   739] loss=-0.0273 | res=8.29e-05 | grad=3.53e-01 | 0.7s
[   740] loss=-0.0329 | res=2.61e-05 | grad=2.51e-01 | 0.6s
[   741] loss=-0.0301 | res=1.23e-05 | grad=2.91e-01 | 0.8s
[   742] loss=-0.0303 | res=9.56e-05 | grad=3.20e-01 | 0.6s
[   743] loss=-0.0269 | res=6.90e-05 | grad=2.94e-01 | 0.7s
[   744] loss=-0.0234 | res=3.54e-05 | grad=3.04e-01 | 0.7s
[   745] loss=-0.0285 | res=1.77e-05 | grad=1.75e-01 | 0.8s
[   746] loss=-0.0264 | res=2.98e-05 | grad=1.94e-01 | 0.7s
[   747] loss=-0.0277 | res=4.02e-05 | grad=2.97e-01 | 0.7s
[   748] loss=-0.0310 | res=3.69e-05 | grad=5.24e-01 | 0.7s
[   749] loss=-0.0265 | res=3.77e-05 | grad=3.00e-01 | 0.8s
[   750] loss=-0.0270 | res=1.85e-05 | grad=2.55e-01 | 0.7s
[   751] loss=-0.0338 | res=3.18e-05 | grad=4.42e-01 | 0.7s
[   752] loss=-0.0283 | res=7.48e-05 | grad=2.31e-01 | 0.7s
[   753] loss=-0.0342 | res=5.91e-05 | grad=1.88e-01 | 0.6s
[   754] loss=-0.0239 | res=1.44e-05 | grad=5.05e-01 | 0.7s
[   755] loss=-0.0344 | res=1.51e-04 | grad=2.30e-01 | 0.7s
[   756] loss=-0.0235 | res=1.35e-05 | grad=5.84e-01 | 0.6s
[   757] loss=-0.0389 | res=1.16e-05 | grad=2.71e-01 | 0.7s
[   758] loss=-0.0193 | res=5.96e-05 | grad=5.74e-01 | 0.6s
[   759] loss=-0.0315 | res=5.99e-05 | grad=2.29e-01 | 0.7s
[   760] loss=-0.0260 | res=4.22e-05 | grad=2.43e-01 | 0.6s
[   761] loss=-0.0295 | res=2.23e-05 | grad=2.61e-01 | 0.7s
[   762] loss=-0.0382 | res=8.51e-08 | grad=6.18e-01 | 0.7s
[   763] loss=-0.0265 | res=4.62e-05 | grad=2.40e-01 | 0.7s
[   764] loss=-0.0348 | res=4.30e-05 | grad=4.35e-01 | 0.7s
[   765] loss=-0.0290 | res=2.76e-06 | grad=1.85e-01 | 0.7s
[   766] loss=-0.0259 | res=3.31e-05 | grad=2.53e-01 | 0.7s
[   767] loss=-0.0361 | res=4.95e-05 | grad=3.08e-01 | 0.7s
[   768] loss=-0.0305 | res=4.15e-05 | grad=2.46e-01 | 0.7s
[   769] loss=-0.0322 | res=6.81e-05 | grad=2.16e-01 | 0.7s
[   770] loss=-0.0299 | res=6.61e-05 | grad=3.42e-01 | 0.6s
[   771] loss=-0.0326 | res=1.59e-05 | grad=2.50e-01 | 0.7s
[   772] loss=-0.0319 | res=4.38e-05 | grad=2.05e-01 | 0.7s
[   773] loss=-0.0272 | res=5.46e-05 | grad=3.23e-01 | 0.7s
[   774] loss=-0.0384 | res=5.27e-05 | grad=4.05e-01 | 0.6s
[   775] loss=-0.0246 | res=6.52e-05 | grad=3.46e-01 | 0.6s
[   776] loss=-0.0318 | res=6.39e-05 | grad=2.02e-01 | 0.7s
[   777] loss=-0.0268 | res=2.34e-05 | grad=1.94e-01 | 0.6s
[   778] loss=-0.0331 | res=7.33e-05 | grad=2.96e-01 | 0.7s
[   779] loss=-0.0282 | res=6.31e-05 | grad=2.03e-01 | 0.6s
[   780] loss=-0.0327 | res=7.89e-05 | grad=3.23e-01 | 0.7s
[   781] loss=-0.0355 | res=7.80e-07 | grad=3.77e-01 | 0.7s
[   782] loss=-0.0320 | res=2.02e-05 | grad=2.87e-01 | 0.7s
[   783] loss=-0.0357 | res=2.14e-05 | grad=2.81e-01 | 0.7s
[   784] loss=-0.0265 | res=2.32e-05 | grad=4.90e-01 | 0.6s
[   785] loss=-0.0274 | res=3.70e-05 | grad=4.38e-01 | 0.8s
[   786] loss=-0.0284 | res=8.88e-08 | grad=4.20e-01 | 0.7s
[   787] loss=-0.0283 | res=4.35e-05 | grad=2.80e-01 | 0.7s
[   788] loss=-0.0361 | res=2.66e-05 | grad=3.04e-01 | 0.6s
[   789] loss=-0.0278 | res=4.45e-05 | grad=2.00e-01 | 0.6s
[   790] loss=-0.0249 | res=3.95e-05 | grad=1.92e-01 | 0.7s
[   791] loss=-0.0305 | res=5.70e-05 | grad=3.07e-01 | 0.7s
[   792] loss=-0.0278 | res=4.31e-05 | grad=2.57e-01 | 0.7s
[   793] loss=-0.0356 | res=9.29e-05 | grad=5.35e-01 | 0.6s
[   794] loss=-0.0371 | res=7.17e-07 | grad=4.67e-01 | 0.6s
[   795] loss=-0.0269 | res=3.59e-05 | grad=2.20e-01 | 0.7s
[   796] loss=-0.0197 | res=1.49e-04 | grad=5.82e-01 | 0.7s
[   797] loss=-0.0282 | res=1.46e-05 | grad=2.36e-01 | 0.7s
[   798] loss=-0.0229 | res=1.79e-05 | grad=4.29e-01 | 0.7s
[   799] loss=-0.0321 | res=1.44e-04 | grad=2.27e-01 | 0.7s
[   800] loss=-0.0303 | res=1.89e-05 | grad=2.38e-01 | 0.8s
[   801] loss=-0.0342 | res=2.05e-05 | grad=3.41e-01 | 0.6s
[   802] loss=-0.0369 | res=2.95e-05 | grad=4.10e-01 | 0.7s
[   803] loss=-0.0282 | res=2.56e-05 | grad=2.21e-01 | 0.7s
[   804] loss=-0.0310 | res=1.48e-05 | grad=2.17e-01 | 0.6s
[   805] loss=-0.0267 | res=4.54e-05 | grad=2.81e-01 | 0.7s
[   806] loss=-0.0267 | res=4.71e-05 | grad=3.20e-01 | 0.6s
[   807] loss=-0.0333 | res=6.63e-05 | grad=2.04e-01 | 0.7s
[   808] loss=-0.0325 | res=7.42e-05 | grad=2.25e-01 | 0.7s
[   809] loss=-0.0318 | res=1.86e-05 | grad=2.39e-01 | 0.8s
[   810] loss=-0.0316 | res=1.58e-05 | grad=2.21e-01 | 0.6s
[   811] loss=-0.0288 | res=4.61e-05 | grad=2.39e-01 | 0.7s
[   812] loss=-0.0287 | res=8.15e-06 | grad=2.27e-01 | 0.6s
[   813] loss=-0.0292 | res=7.64e-05 | grad=2.43e-01 | 0.7s
[   814] loss=-0.0246 | res=7.33e-05 | grad=2.81e-01 | 0.6s
[   815] loss=-0.0249 | res=9.09e-05 | grad=2.14e-01 | 0.8s
[   816] loss=-0.0289 | res=5.85e-05 | grad=2.77e-01 | 0.7s
[   817] loss=-0.0234 | res=2.63e-05 | grad=2.68e-01 | 0.7s
[   818] loss=-0.0321 | res=6.25e-05 | grad=4.21e-01 | 0.6s
[   819] loss=-0.0225 | res=2.70e-05 | grad=2.38e-01 | 0.7s
[   820] loss=-0.0371 | res=4.28e-05 | grad=5.95e-01 | 0.8s
[   821] loss=-0.0339 | res=5.08e-05 | grad=3.67e-01 | 0.7s
[   822] loss=-0.0302 | res=1.11e-04 | grad=2.32e-01 | 0.7s
[   823] loss=-0.0188 | res=8.76e-05 | grad=6.83e-01 | 0.7s
[   824] loss=-0.0231 | res=5.17e-05 | grad=4.95e-01 | 0.6s
[   825] loss=-0.0303 | res=9.16e-05 | grad=2.44e-01 | 0.8s
[   826] loss=-0.0265 | res=2.15e-05 | grad=2.99e-01 | 0.7s
[   827] loss=-0.0223 | res=3.58e-05 | grad=3.58e-01 | 0.7s
[   828] loss=-0.0217 | res=2.88e-05 | grad=2.79e-01 | 0.6s
[   829] loss=-0.0251 | res=9.26e-08 | grad=2.87e-01 | 0.7s
[   830] loss=-0.0278 | res=1.46e-06 | grad=3.96e-01 | 0.6s
[   831] loss=-0.0276 | res=3.59e-05 | grad=5.28e-01 | 0.7s
[   832] loss=-0.0316 | res=3.73e-05 | grad=5.51e-01 | 0.7s
[   833] loss=-0.0353 | res=3.89e-05 | grad=5.78e-01 | 0.7s
[   834] loss=-0.0352 | res=8.52e-08 | grad=3.52e-01 | 0.6s
[   835] loss=-0.0292 | res=4.43e-05 | grad=2.99e-01 | 0.7s
[   836] loss=-0.0334 | res=1.42e-05 | grad=3.46e-01 | 0.7s
[   837] loss=-0.0426 | res=1.18e-05 | grad=2.12e-01 | 0.8s
[   838] loss=-0.0272 | res=4.11e-05 | grad=8.14e-01 | 0.7s
[   839] loss=-0.0242 | res=6.36e-05 | grad=8.54e-01 | 0.7s
[   840] loss=-0.0171 | res=3.22e-05 | grad=8.69e-01 | 0.7s
[   841] loss=-0.0285 | res=9.64e-05 | grad=1.98e-01 | 0.7s
[   842] loss=-0.0300 | res=3.14e-05 | grad=2.62e-01 | 0.7s
[   843] loss=-0.0272 | res=3.00e-05 | grad=3.28e-01 | 0.7s
[   844] loss=-0.0235 | res=6.73e-06 | grad=3.17e-01 | 0.7s
[   845] loss=-0.0291 | res=1.03e-05 | grad=6.70e-01 | 0.6s
[   846] loss=-0.0308 | res=4.00e-05 | grad=7.30e-01 | 0.8s
[   847] loss=-0.0330 | res=1.47e-04 | grad=7.02e-01 | 0.6s
[   848] loss=-0.0270 | res=5.43e-05 | grad=2.80e-01 | 0.7s
[   849] loss=-0.0321 | res=5.28e-06 | grad=2.98e-01 | 0.7s
[   850] loss=-0.0282 | res=3.40e-05 | grad=2.77e-01 | 0.6s
[   851] loss=-0.0251 | res=1.45e-04 | grad=4.56e-01 | 0.7s
[   852] loss=-0.0194 | res=7.01e-05 | grad=7.44e-01 | 0.7s
[   853] loss=-0.0292 | res=3.49e-05 | grad=3.93e-01 | 0.7s
[   854] loss=-0.0335 | res=9.10e-05 | grad=2.35e-01 | 0.7s
[   855] loss=-0.0322 | res=8.44e-05 | grad=1.67e-01 | 0.7s
[   856] loss=-0.0298 | res=2.49e-05 | grad=2.06e-01 | 0.7s
[   857] loss=-0.0264 | res=1.25e-04 | grad=2.11e-01 | 0.7s
[   858] loss=-0.0326 | res=8.93e-05 | grad=3.05e-01 | 0.6s
[   859] loss=-0.0287 | res=1.06e-04 | grad=2.30e-01 | 0.8s
[   860] loss=-0.0365 | res=5.02e-05 | grad=5.77e-01 | 0.6s
[   861] loss=-0.0306 | res=1.89e-05 | grad=2.57e-01 | 0.8s
[   862] loss=-0.0366 | res=1.26e-04 | grad=4.29e-01 | 0.7s
[   863] loss=-0.0287 | res=9.84e-05 | grad=2.22e-01 | 0.7s
[   864] loss=-0.0303 | res=2.75e-05 | grad=2.78e-01 | 0.7s
[   865] loss=-0.0220 | res=1.70e-05 | grad=5.45e-01 | 0.7s
[   866] loss=-0.0193 | res=4.41e-05 | grad=6.01e-01 | 0.6s
[   867] loss=-0.0331 | res=1.06e-04 | grad=1.92e-01 | 0.8s
[   868] loss=-0.0273 | res=3.20e-05 | grad=2.55e-01 | 0.7s
[   869] loss=-0.0324 | res=7.92e-05 | grad=2.29e-01 | 0.7s
[   870] loss=-0.0384 | res=4.07e-05 | grad=5.57e-01 | 0.7s
[   871] loss=-0.0228 | res=2.36e-06 | grad=2.56e-01 | 0.7s
[   872] loss=-0.0313 | res=2.48e-05 | grad=2.34e-01 | 0.6s
[   873] loss=-0.0329 | res=4.37e-05 | grad=2.94e-01 | 0.8s
[   874] loss=-0.0212 | res=6.07e-05 | grad=3.33e-01 | 0.7s
[   875] loss=-0.0394 | res=9.65e-05 | grad=5.02e-01 | 0.7s
[   876] loss=-0.0328 | res=2.67e-05 | grad=2.03e-01 | 0.8s
[   877] loss=-0.0303 | res=2.14e-05 | grad=1.66e-01 | 0.6s
[   878] loss=-0.0286 | res=3.24e-05 | grad=2.96e-01 | 0.7s
[   879] loss=-0.0264 | res=5.34e-06 | grad=3.53e-01 | 0.8s
[   880] loss=-0.0228 | res=2.55e-05 | grad=4.53e-01 | 0.7s
[   881] loss=-0.0343 | res=3.03e-05 | grad=2.57e-01 | 0.8s
[   882] loss=-0.0205 | res=8.50e-05 | grad=4.84e-01 | 0.7s
[   883] loss=-0.0253 | res=8.42e-05 | grad=2.16e-01 | 0.7s
[   884] loss=-0.0357 | res=8.95e-05 | grad=4.92e-01 | 0.7s
[   885] loss=-0.0296 | res=1.00e-04 | grad=2.89e-01 | 0.7s
[   886] loss=-0.0242 | res=1.37e-04 | grad=1.62e-01 | 0.6s
[   887] loss=-0.0316 | res=1.21e-04 | grad=3.30e-01 | 0.8s
[   888] loss=-0.0266 | res=5.50e-05 | grad=1.57e-01 | 0.7s
[   889] loss=-0.0351 | res=8.08e-08 | grad=4.11e-01 | 0.7s
[   890] loss=-0.0344 | res=1.59e-05 | grad=3.27e-01 | 0.8s
[   891] loss=-0.0361 | res=4.73e-05 | grad=2.11e-01 | 0.7s
[   892] loss=-0.0282 | res=4.80e-05 | grad=3.44e-01 | 0.8s
[   893] loss=-0.0262 | res=1.35e-04 | grad=4.80e-01 | 0.6s
[   894] loss=-0.0305 | res=1.52e-05 | grad=2.90e-01 | 0.7s
[   895] loss=-0.0260 | res=3.36e-05 | grad=3.71e-01 | 0.7s
[   896] loss=-0.0249 | res=6.37e-05 | grad=3.79e-01 | 0.6s
[   897] loss=-0.0357 | res=5.78e-05 | grad=3.08e-01 | 0.8s
[   898] loss=-0.0285 | res=3.57e-05 | grad=2.10e-01 | 0.7s
[   899] loss=-0.0298 | res=1.08e-06 | grad=1.93e-01 | 0.6s
[   900] loss=-0.0325 | res=2.88e-05 | grad=3.92e-01 | 0.7s
[   901] loss=-0.0218 | res=1.17e-04 | grad=2.68e-01 | 0.7s
[   902] loss=-0.0357 | res=2.47e-05 | grad=4.87e-01 | 0.8s
[   903] loss=-0.0252 | res=1.07e-04 | grad=1.74e-01 | 0.6s
[   904] loss=-0.0308 | res=1.78e-05 | grad=2.92e-01 | 0.7s
[   905] loss=-0.0289 | res=4.51e-05 | grad=1.77e-01 | 0.7s
[   906] loss=-0.0243 | res=1.01e-04 | grad=2.60e-01 | 0.7s
[   907] loss=-0.0275 | res=8.70e-05 | grad=2.06e-01 | 0.6s
[   908] loss=-0.0356 | res=8.70e-05 | grad=2.45e-01 | 0.7s
[   909] loss=-0.0318 | res=4.91e-06 | grad=1.54e-01 | 0.7s
[   910] loss=-0.0364 | res=9.68e-05 | grad=2.46e-01 | 0.7s
[   911] loss=-0.0338 | res=7.73e-05 | grad=1.98e-01 | 0.6s
[   912] loss=-0.0285 | res=2.33e-05 | grad=2.89e-01 | 0.7s
[   913] loss=-0.0283 | res=5.21e-05 | grad=3.09e-01 | 0.7s
[   914] loss=-0.0395 | res=3.24e-05 | grad=2.59e-01 | 0.6s
[   915] loss=-0.0354 | res=1.21e-04 | grad=2.03e-01 | 0.7s
[   916] loss=-0.0315 | res=6.82e-05 | grad=2.18e-01 | 0.6s
[   917] loss=-0.0275 | res=1.13e-04 | grad=3.70e-01 | 0.8s
[   918] loss=-0.0213 | res=7.18e-05 | grad=5.14e-01 | 0.7s
[   919] loss=-0.0308 | res=1.53e-05 | grad=1.73e-01 | 0.7s
[   920] loss=-0.0268 | res=6.95e-05 | grad=2.49e-01 | 0.8s
[   921] loss=-0.0329 | res=7.35e-05 | grad=3.66e-01 | 0.6s
[   922] loss=-0.0314 | res=5.89e-08 | grad=3.33e-01 | 0.7s
[   923] loss=-0.0289 | res=8.02e-05 | grad=2.56e-01 | 0.7s
[   924] loss=-0.0256 | res=5.24e-05 | grad=2.31e-01 | 0.8s
[   925] loss=-0.0291 | res=3.82e-05 | grad=2.48e-01 | 0.6s
[   926] loss=-0.0300 | res=1.96e-05 | grad=2.15e-01 | 0.7s
[   927] loss=-0.0389 | res=6.16e-05 | grad=4.37e-01 | 0.7s
[   928] loss=-0.0313 | res=4.03e-05 | grad=2.35e-01 | 0.6s
[   929] loss=-0.0331 | res=1.24e-05 | grad=2.22e-01 | 0.7s
[   930] loss=-0.0303 | res=5.76e-05 | grad=2.65e-01 | 0.8s
[   931] loss=-0.0215 | res=1.34e-04 | grad=5.96e-01 | 0.7s
[   932] loss=-0.0283 | res=2.48e-05 | grad=3.31e-01 | 0.7s
[   933] loss=-0.0273 | res=5.42e-06 | grad=2.73e-01 | 0.7s
[   934] loss=-0.0332 | res=3.09e-05 | grad=2.14e-01 | 0.8s
[   935] loss=-0.0315 | res=6.54e-05 | grad=2.06e-01 | 0.6s
[   936] loss=-0.0230 | res=1.76e-05 | grad=2.31e-01 | 0.6s
[   937] loss=-0.0299 | res=1.18e-04 | grad=2.45e-01 | 0.8s
[   938] loss=-0.0240 | res=1.72e-05 | grad=1.78e-01 | 0.7s
[   939] loss=-0.0309 | res=5.97e-08 | grad=4.49e-01 | 0.7s
[   940] loss=-0.0350 | res=6.25e-05 | grad=5.15e-01 | 0.7s
[   941] loss=-0.0271 | res=9.77e-06 | grad=1.90e-01 | 0.6s
[   942] loss=-0.0278 | res=4.63e-05 | grad=1.36e-01 | 0.7s
[   943] loss=-0.0290 | res=2.14e-05 | grad=1.70e-01 | 0.7s
[   944] loss=-0.0299 | res=1.47e-04 | grad=1.50e-01 | 0.6s
[   945] loss=-0.0329 | res=2.82e-05 | grad=1.81e-01 | 0.8s
[   946] loss=-0.0277 | res=2.78e-05 | grad=2.83e-01 | 0.7s
[   947] loss=-0.0309 | res=3.17e-05 | grad=2.11e-01 | 0.7s
[   948] loss=-0.0322 | res=1.79e-05 | grad=1.88e-01 | 0.7s
[   949] loss=-0.0269 | res=1.12e-05 | grad=3.17e-01 | 0.6s
[   950] loss=-0.0291 | res=2.41e-05 | grad=1.94e-01 | 0.7s
[   951] loss=-0.0274 | res=1.71e-04 | grad=1.79e-01 | 0.7s
[   952] loss=-0.0249 | res=4.55e-05 | grad=2.79e-01 | 0.8s
[   953] loss=-0.0322 | res=5.23e-05 | grad=2.76e-01 | 0.7s
[   954] loss=-0.0222 | res=4.86e-05 | grad=2.08e-01 | 0.8s
[   955] loss=-0.0405 | res=4.86e-05 | grad=6.77e-01 | 0.6s
[   956] loss=-0.0306 | res=2.75e-05 | grad=3.32e-01 | 0.6s
[   957] loss=-0.0349 | res=6.03e-05 | grad=3.83e-01 | 0.8s
[   958] loss=-0.0276 | res=4.83e-05 | grad=1.93e-01 | 0.6s
[   959] loss=-0.0330 | res=5.01e-05 | grad=2.37e-01 | 0.8s
[   960] loss=-0.0303 | res=3.78e-05 | grad=2.13e-01 | 0.7s
[   961] loss=-0.0323 | res=4.72e-05 | grad=2.27e-01 | 0.6s
[   962] loss=-0.0243 | res=1.04e-07 | grad=4.79e-01 | 0.7s
[   963] loss=-0.0191 | res=5.41e-05 | grad=6.29e-01 | 0.8s
[   964] loss=-0.0230 | res=8.40e-05 | grad=4.01e-01 | 0.8s
[   965] loss=-0.0336 | res=2.91e-05 | grad=2.58e-01 | 0.6s
[   966] loss=-0.0337 | res=4.74e-05 | grad=3.81e-01 | 0.7s
[   967] loss=-0.0279 | res=7.29e-05 | grad=2.40e-01 | 0.7s
[   968] loss=-0.0250 | res=6.51e-06 | grad=1.68e-01 | 0.6s
[   969] loss=-0.0268 | res=9.88e-06 | grad=2.42e-01 | 0.6s
[   970] loss=-0.0261 | res=4.55e-05 | grad=2.21e-01 | 0.8s
[   971] loss=-0.0323 | res=1.12e-05 | grad=3.88e-01 | 0.7s
[   972] loss=-0.0263 | res=2.57e-05 | grad=1.91e-01 | 0.7s
[   973] loss=-0.0248 | res=1.04e-07 | grad=1.92e-01 | 0.8s
[   974] loss=-0.0294 | res=4.94e-05 | grad=1.54e-01 | 0.7s
[   975] loss=-0.0350 | res=6.19e-05 | grad=2.97e-01 | 0.6s
[   976] loss=-0.0247 | res=8.40e-05 | grad=3.55e-01 | 0.8s
[   977] loss=-0.0331 | res=6.34e-05 | grad=2.08e-01 | 0.7s
[   978] loss=-0.0289 | res=1.83e-06 | grad=2.33e-01 | 0.7s
[   979] loss=-0.0264 | res=4.47e-05 | grad=3.14e-01 | 0.7s
[   980] loss=-0.0316 | res=6.39e-05 | grad=1.54e-01 | 0.7s
[   981] loss=-0.0250 | res=6.20e-05 | grad=2.77e-01 | 0.6s
[   982] loss=-0.0249 | res=5.71e-05 | grad=2.26e-01 | 0.7s
[   983] loss=-0.0274 | res=7.18e-05 | grad=2.17e-01 | 0.7s
[   984] loss=-0.0225 | res=7.58e-08 | grad=1.76e-01 | 0.7s
[   985] loss=-0.0259 | res=6.59e-05 | grad=1.93e-01 | 0.8s
[   986] loss=-0.0261 | res=1.94e-05 | grad=2.33e-01 | 0.7s
[   987] loss=-0.0288 | res=6.35e-05 | grad=3.63e-01 | 0.7s
[   988] loss=-0.0298 | res=3.45e-05 | grad=3.54e-01 | 0.8s
[   989] loss=-0.0300 | res=5.23e-05 | grad=2.91e-01 | 0.7s
[   990] loss=-0.0303 | res=2.53e-05 | grad=2.20e-01 | 0.8s
[   991] loss=-0.0226 | res=3.29e-06 | grad=2.76e-01 | 0.6s
[   992] loss=-0.0245 | res=2.88e-05 | grad=3.16e-01 | 0.7s
[   993] loss=-0.0262 | res=1.53e-05 | grad=2.76e-01 | 0.7s
[   994] loss=-0.0294 | res=7.82e-05 | grad=1.83e-01 | 0.7s
[   995] loss=-0.0325 | res=6.50e-05 | grad=1.95e-01 | 0.6s
[   996] loss=-0.0283 | res=3.76e-05 | grad=1.99e-01 | 0.8s
[   997] loss=-0.0319 | res=7.08e-05 | grad=1.95e-01 | 0.6s
[   998] loss=-0.0249 | res=2.62e-05 | grad=2.89e-01 | 0.7s
[   999] loss=-0.0233 | res=1.33e-04 | grad=2.51e-01 | 0.7s
[  1000] loss=-0.0272 | res=2.87e-05 | grad=1.92e-01 | 0.7s
  KL = 0.0226 +/- 0.0035  |  ESS = 974.1 (ratio: 0.951)
  Runtime = 702.1s

[Ours] Training on S30...
  [High-D scaling] n_landmarks: 128 -> 512, hidden_dims: (128, 128) -> (128, 128)
/home/sjbhatt/anaconda3/envs/rcpms-jax/lib/python3.10/site-packages/jax/_src/ops/scatter.py:92: FutureWarning: scatter inputs have incompatible types: cannot safely cast value from dtype=int64 to dtype=int32 with jax_numpy_dtype_promotion='standard'. In future JAX releases this will result in an error.
  warnings.warn(
/home/sjbhatt/anaconda3/envs/rcpms-jax/lib/python3.10/site-packages/jax/_src/ops/scatter.py:92: FutureWarning: scatter inputs have incompatible types: cannot safely cast value from dtype=int64 to dtype=int32 with jax_numpy_dtype_promotion='standard'. In future JAX releases this will result in an error.
  warnings.warn(
[     1] loss=0.1227 | res=9.05e-04 | grad=3.29e+00 | 8.7s
[     2] loss=0.0637 | res=5.12e-04 | grad=1.57e+00 | 1.2s
[     3] loss=0.0473 | res=5.20e-04 | grad=1.45e+00 | 1.2s
[     4] loss=0.0261 | res=2.51e-04 | grad=1.11e+00 | 1.2s
[     5] loss=0.0345 | res=2.77e-04 | grad=1.30e+00 | 1.2s
[     6] loss=0.0132 | res=2.93e-04 | grad=9.99e-01 | 1.2s
[     7] loss=0.0140 | res=4.29e-04 | grad=8.40e-01 | 1.2s
[     8] loss=0.0128 | res=3.59e-04 | grad=8.18e-01 | 1.2s
[     9] loss=0.0100 | res=1.01e-04 | grad=7.72e-01 | 1.2s
[    10] loss=0.0070 | res=1.63e-04 | grad=7.59e-01 | 1.2s
[    11] loss=0.0083 | res=1.00e-04 | grad=7.29e-01 | 1.2s
[    12] loss=0.0057 | res=1.80e-04 | grad=6.79e-01 | 1.2s
[    13] loss=0.0059 | res=1.71e-04 | grad=5.24e-01 | 1.2s
[    14] loss=0.0055 | res=1.04e-04 | grad=6.06e-01 | 1.2s
[    15] loss=0.0013 | res=1.02e-04 | grad=5.69e-01 | 1.2s
[    16] loss=0.0061 | res=1.43e-04 | grad=7.12e-01 | 1.2s
[    17] loss=0.0044 | res=2.92e-04 | grad=5.38e-01 | 1.2s
[    18] loss=0.0041 | res=1.04e-04 | grad=6.15e-01 | 1.2s
[    19] loss=0.0024 | res=2.61e-05 | grad=7.07e-01 | 1.2s
[    20] loss=0.0028 | res=7.18e-05 | grad=6.29e-01 | 1.2s
[    21] loss=0.0015 | res=1.34e-04 | grad=6.82e-01 | 1.2s
[    22] loss=0.0041 | res=9.99e-05 | grad=6.52e-01 | 1.2s
[    23] loss=0.0022 | res=1.68e-04 | grad=5.70e-01 | 1.2s
[    24] loss=0.0016 | res=2.38e-04 | grad=5.51e-01 | 1.2s
[    25] loss=0.0014 | res=7.86e-05 | grad=5.62e-01 | 1.2s
[    26] loss=0.0020 | res=1.81e-04 | grad=5.81e-01 | 1.2s
[    27] loss=0.0034 | res=1.64e-04 | grad=5.47e-01 | 1.2s
[    28] loss=0.0004 | res=1.90e-04 | grad=5.84e-01 | 1.2s
[    29] loss=0.0015 | res=2.17e-04 | grad=5.14e-01 | 1.2s
[    30] loss=0.0014 | res=7.82e-05 | grad=4.60e-01 | 1.2s
[    31] loss=-0.0002 | res=1.88e-04 | grad=5.12e-01 | 1.2s
[    32] loss=0.0011 | res=1.90e-04 | grad=5.59e-01 | 1.2s
[    33] loss=0.0002 | res=1.24e-04 | grad=5.70e-01 | 1.2s
[    34] loss=-0.0004 | res=1.28e-04 | grad=4.24e-01 | 1.2s
[    35] loss=0.0007 | res=6.69e-05 | grad=6.21e-01 | 1.2s
[    36] loss=0.0002 | res=1.43e-04 | grad=4.95e-01 | 1.2s
[    37] loss=-0.0011 | res=1.97e-04 | grad=4.25e-01 | 1.2s
[    38] loss=-0.0006 | res=8.41e-05 | grad=4.77e-01 | 1.2s
[    39] loss=-0.0020 | res=7.09e-05 | grad=5.49e-01 | 1.2s
[    40] loss=-0.0010 | res=1.34e-04 | grad=6.14e-01 | 1.2s
[    41] loss=-0.0012 | res=6.11e-05 | grad=5.51e-01 | 1.2s
[    42] loss=0.0002 | res=1.55e-04 | grad=3.69e-01 | 1.2s
[    43] loss=0.0012 | res=2.25e-04 | grad=5.23e-01 | 1.2s
[    44] loss=-0.0005 | res=1.03e-04 | grad=4.51e-01 | 1.2s
[    45] loss=0.0015 | res=7.27e-05 | grad=5.70e-01 | 1.2s
[    46] loss=-0.0005 | res=1.01e-04 | grad=4.73e-01 | 1.2s
[    47] loss=-0.0027 | res=1.85e-05 | grad=5.02e-01 | 1.2s
[    48] loss=0.0006 | res=2.25e-05 | grad=6.13e-01 | 1.2s
[    49] loss=-0.0012 | res=2.66e-04 | grad=4.52e-01 | 1.2s
[    50] loss=0.0013 | res=8.54e-05 | grad=5.52e-01 | 1.2s
[    51] loss=0.0003 | res=1.18e-04 | grad=4.93e-01 | 1.2s
[    52] loss=0.0010 | res=1.34e-04 | grad=4.95e-01 | 1.2s
[    53] loss=-0.0031 | res=1.25e-04 | grad=4.55e-01 | 1.2s
[    54] loss=-0.0014 | res=1.52e-04 | grad=4.93e-01 | 1.2s
[    55] loss=-0.0014 | res=7.54e-05 | grad=4.25e-01 | 1.2s
[    56] loss=0.0002 | res=2.78e-04 | grad=4.16e-01 | 1.2s
[    57] loss=0.0004 | res=1.58e-05 | grad=6.28e-01 | 1.2s
[    58] loss=0.0006 | res=2.44e-04 | grad=5.12e-01 | 1.2s
[    59] loss=-0.0008 | res=9.49e-05 | grad=3.91e-01 | 1.2s
[    60] loss=-0.0000 | res=1.08e-04 | grad=4.27e-01 | 1.2s
[    61] loss=-0.0009 | res=2.14e-04 | grad=3.79e-01 | 1.2s
[    62] loss=-0.0001 | res=2.09e-04 | grad=5.63e-01 | 1.2s
[    63] loss=-0.0011 | res=1.77e-04 | grad=5.02e-01 | 1.2s
[    64] loss=-0.0019 | res=1.73e-04 | grad=5.21e-01 | 1.2s
[    65] loss=-0.0019 | res=2.11e-04 | grad=5.10e-01 | 1.2s
[    66] loss=-0.0011 | res=2.54e-04 | grad=4.11e-01 | 1.2s
[    67] loss=0.0010 | res=6.51e-05 | grad=4.92e-01 | 1.2s
[    68] loss=-0.0018 | res=4.33e-05 | grad=4.70e-01 | 1.2s
[    69] loss=-0.0020 | res=1.92e-04 | grad=4.13e-01 | 1.2s
[    70] loss=-0.0003 | res=8.27e-05 | grad=4.59e-01 | 1.2s
[    71] loss=-0.0011 | res=1.68e-04 | grad=4.57e-01 | 1.2s
[    72] loss=-0.0003 | res=1.75e-04 | grad=4.51e-01 | 1.2s
[    73] loss=-0.0025 | res=1.02e-04 | grad=4.93e-01 | 1.2s
[    74] loss=-0.0012 | res=1.05e-04 | grad=4.79e-01 | 1.2s
[    75] loss=-0.0008 | res=2.94e-04 | grad=3.78e-01 | 1.2s
[    76] loss=-0.0012 | res=1.74e-04 | grad=5.20e-01 | 1.2s
[    77] loss=-0.0027 | res=1.21e-04 | grad=3.88e-01 | 1.2s
[    78] loss=-0.0026 | res=4.92e-05 | grad=4.57e-01 | 1.2s
[    79] loss=-0.0012 | res=2.25e-04 | grad=4.26e-01 | 1.2s
[    80] loss=-0.0015 | res=9.53e-05 | grad=4.62e-01 | 1.2s
[    81] loss=0.0002 | res=1.53e-04 | grad=4.32e-01 | 1.2s
[    82] loss=-0.0001 | res=9.27e-05 | grad=5.17e-01 | 1.2s
[    83] loss=-0.0021 | res=1.45e-04 | grad=4.22e-01 | 1.2s
[    84] loss=-0.0029 | res=4.60e-05 | grad=3.21e-01 | 1.2s
[    85] loss=0.0009 | res=2.89e-04 | grad=5.49e-01 | 1.2s
[    86] loss=0.0002 | res=2.32e-04 | grad=4.16e-01 | 1.2s
[    87] loss=-0.0005 | res=1.81e-04 | grad=4.32e-01 | 1.2s
[    88] loss=-0.0001 | res=2.29e-04 | grad=4.35e-01 | 1.2s
[    89] loss=-0.0009 | res=3.30e-04 | grad=3.76e-01 | 1.2s
[    90] loss=0.0005 | res=2.63e-04 | grad=5.16e-01 | 1.2s
[    91] loss=-0.0016 | res=1.34e-04 | grad=4.67e-01 | 1.2s
[    92] loss=-0.0001 | res=1.86e-04 | grad=3.34e-01 | 1.2s
[    93] loss=-0.0004 | res=1.08e-04 | grad=4.41e-01 | 1.2s
[    94] loss=-0.0017 | res=1.00e-04 | grad=4.10e-01 | 1.2s
[    95] loss=-0.0018 | res=1.83e-04 | grad=4.07e-01 | 1.2s
[    96] loss=-0.0006 | res=1.78e-04 | grad=3.21e-01 | 1.2s
[    97] loss=-0.0006 | res=1.72e-04 | grad=4.07e-01 | 1.2s
[    98] loss=-0.0006 | res=9.02e-05 | grad=4.59e-01 | 1.2s
[    99] loss=0.0006 | res=2.40e-04 | grad=5.23e-01 | 1.2s
[   100] loss=0.0002 | res=1.33e-04 | grad=4.51e-01 | 1.2s
[   101] loss=-0.0020 | res=1.92e-04 | grad=3.09e-01 | 1.2s
[   102] loss=0.0000 | res=1.09e-04 | grad=4.59e-01 | 1.2s
[   103] loss=-0.0001 | res=2.13e-04 | grad=3.89e-01 | 1.2s
[   104] loss=-0.0010 | res=1.43e-04 | grad=4.55e-01 | 1.2s
[   105] loss=-0.0007 | res=1.92e-04 | grad=4.12e-01 | 1.2s
[   106] loss=-0.0013 | res=1.06e-04 | grad=3.26e-01 | 1.2s
[   107] loss=-0.0019 | res=1.63e-04 | grad=4.49e-01 | 1.2s
[   108] loss=-0.0006 | res=1.56e-04 | grad=4.50e-01 | 1.2s
[   109] loss=-0.0022 | res=1.12e-04 | grad=4.36e-01 | 1.2s
[   110] loss=-0.0018 | res=1.69e-04 | grad=2.92e-01 | 1.2s
[   111] loss=-0.0002 | res=6.03e-05 | grad=4.06e-01 | 1.2s
[   112] loss=-0.0025 | res=2.77e-04 | grad=3.07e-01 | 1.2s
[   113] loss=-0.0003 | res=2.04e-04 | grad=4.69e-01 | 1.2s
[   114] loss=-0.0023 | res=2.07e-04 | grad=4.35e-01 | 1.2s
[   115] loss=-0.0018 | res=1.41e-04 | grad=3.33e-01 | 1.2s
[   116] loss=0.0003 | res=3.13e-04 | grad=4.47e-01 | 1.2s
[   117] loss=-0.0012 | res=2.34e-04 | grad=3.61e-01 | 1.2s
[   118] loss=-0.0007 | res=1.39e-04 | grad=4.11e-01 | 1.2s
[   119] loss=-0.0012 | res=1.11e-04 | grad=2.85e-01 | 1.2s
[   120] loss=-0.0012 | res=1.12e-04 | grad=4.18e-01 | 1.2s
[   121] loss=-0.0003 | res=8.63e-05 | grad=3.61e-01 | 1.2s
[   122] loss=-0.0036 | res=1.25e-04 | grad=5.12e-01 | 1.2s
[   123] loss=-0.0002 | res=2.64e-04 | grad=3.92e-01 | 1.2s
[   124] loss=-0.0025 | res=4.95e-05 | grad=4.42e-01 | 1.2s
[   125] loss=-0.0012 | res=1.90e-04 | grad=3.73e-01 | 1.2s
[   126] loss=-0.0029 | res=1.19e-04 | grad=4.17e-01 | 1.2s
[   127] loss=-0.0018 | res=1.64e-04 | grad=3.31e-01 | 1.2s
[   128] loss=-0.0008 | res=1.30e-04 | grad=4.29e-01 | 1.2s
[   129] loss=-0.0020 | res=2.58e-04 | grad=3.42e-01 | 1.2s
[   130] loss=-0.0009 | res=2.31e-04 | grad=3.70e-01 | 1.2s
[   131] loss=-0.0025 | res=2.86e-04 | grad=3.99e-01 | 1.2s
[   132] loss=-0.0007 | res=1.58e-04 | grad=3.79e-01 | 1.2s
[   133] loss=-0.0021 | res=1.12e-04 | grad=3.61e-01 | 1.2s
[   134] loss=-0.0018 | res=1.23e-04 | grad=4.53e-01 | 1.2s
[   135] loss=-0.0011 | res=1.89e-04 | grad=4.22e-01 | 1.2s
[   136] loss=-0.0044 | res=1.01e-04 | grad=4.32e-01 | 1.2s
[   137] loss=-0.0018 | res=1.61e-04 | grad=3.72e-01 | 1.2s
[   138] loss=-0.0020 | res=1.16e-04 | grad=3.56e-01 | 1.2s
[   139] loss=-0.0014 | res=1.42e-04 | grad=3.65e-01 | 1.2s
[   140] loss=0.0001 | res=2.64e-04 | grad=4.15e-01 | 1.2s
[   141] loss=-0.0016 | res=4.27e-05 | grad=3.85e-01 | 1.2s
[   142] loss=-0.0021 | res=2.06e-04 | grad=3.66e-01 | 1.2s
[   143] loss=-0.0003 | res=1.64e-04 | grad=3.94e-01 | 1.2s
[   144] loss=-0.0026 | res=1.36e-04 | grad=5.13e-01 | 1.2s
[   145] loss=-0.0004 | res=2.38e-04 | grad=3.47e-01 | 1.2s
[   146] loss=-0.0017 | res=2.24e-04 | grad=4.27e-01 | 1.2s
[   147] loss=-0.0026 | res=8.63e-05 | grad=3.33e-01 | 1.2s
[   148] loss=-0.0016 | res=2.58e-04 | grad=3.25e-01 | 1.2s
[   149] loss=-0.0001 | res=2.36e-04 | grad=4.37e-01 | 1.2s
[   150] loss=0.0007 | res=2.41e-04 | grad=4.51e-01 | 1.2s
[   151] loss=-0.0023 | res=1.55e-04 | grad=3.38e-01 | 1.2s
[   152] loss=-0.0023 | res=1.70e-04 | grad=3.57e-01 | 1.2s
[   153] loss=-0.0012 | res=1.30e-04 | grad=5.45e-01 | 1.2s
[   154] loss=-0.0017 | res=1.20e-04 | grad=4.30e-01 | 1.2s
[   155] loss=-0.0020 | res=3.29e-04 | grad=2.96e-01 | 1.2s
[   156] loss=-0.0023 | res=1.10e-04 | grad=3.76e-01 | 1.2s
[   157] loss=0.0013 | res=1.87e-04 | grad=5.41e-01 | 1.2s
[   158] loss=-0.0019 | res=7.33e-05 | grad=3.55e-01 | 1.2s
[   159] loss=-0.0002 | res=1.38e-04 | grad=4.31e-01 | 1.2s
[   160] loss=-0.0005 | res=4.98e-05 | grad=3.39e-01 | 1.2s
[   161] loss=-0.0023 | res=4.54e-05 | grad=4.42e-01 | 1.2s
[   162] loss=-0.0014 | res=1.62e-04 | grad=3.73e-01 | 1.2s
[   163] loss=-0.0044 | res=1.38e-04 | grad=5.29e-01 | 1.2s
[   164] loss=-0.0014 | res=1.85e-04 | grad=3.42e-01 | 1.2s
[   165] loss=-0.0012 | res=2.49e-04 | grad=3.35e-01 | 1.2s
[   166] loss=-0.0014 | res=1.38e-04 | grad=3.57e-01 | 1.2s
[   167] loss=-0.0033 | res=1.28e-04 | grad=3.84e-01 | 1.2s
[   168] loss=-0.0016 | res=8.27e-05 | grad=3.11e-01 | 1.2s
[   169] loss=-0.0037 | res=6.32e-05 | grad=3.82e-01 | 1.2s
[   170] loss=-0.0022 | res=7.13e-05 | grad=3.51e-01 | 1.2s
[   171] loss=-0.0021 | res=1.12e-04 | grad=3.64e-01 | 1.2s
[   172] loss=0.0032 | res=1.48e-04 | grad=7.51e-01 | 1.2s
[   173] loss=0.0010 | res=1.42e-04 | grad=5.17e-01 | 1.2s
[   174] loss=-0.0012 | res=1.20e-04 | grad=3.87e-01 | 1.2s
[   175] loss=-0.0000 | res=1.19e-04 | grad=4.20e-01 | 1.2s
[   176] loss=-0.0022 | res=1.24e-04 | grad=4.75e-01 | 1.2s
[   177] loss=-0.0013 | res=1.17e-04 | grad=3.28e-01 | 1.2s
[   178] loss=-0.0008 | res=2.03e-04 | grad=3.63e-01 | 1.2s
[   179] loss=-0.0036 | res=1.90e-04 | grad=5.37e-01 | 1.2s
[   180] loss=0.0004 | res=8.55e-05 | grad=3.87e-01 | 1.2s
[   181] loss=-0.0004 | res=2.98e-04 | grad=3.21e-01 | 1.2s
[   182] loss=0.0003 | res=1.54e-04 | grad=4.27e-01 | 1.2s
[   183] loss=-0.0024 | res=3.86e-04 | grad=3.26e-01 | 1.2s
[   184] loss=-0.0022 | res=1.16e-04 | grad=3.25e-01 | 1.2s
[   185] loss=-0.0016 | res=2.10e-04 | grad=4.46e-01 | 1.2s
[   186] loss=-0.0013 | res=7.03e-05 | grad=3.82e-01 | 1.2s
[   187] loss=-0.0019 | res=1.87e-04 | grad=3.87e-01 | 1.2s
[   188] loss=0.0000 | res=6.38e-05 | grad=4.52e-01 | 1.2s
[   189] loss=-0.0014 | res=1.83e-04 | grad=3.64e-01 | 1.2s
[   190] loss=-0.0017 | res=1.25e-04 | grad=3.21e-01 | 1.2s
[   191] loss=-0.0005 | res=1.37e-04 | grad=3.36e-01 | 1.2s
[   192] loss=-0.0005 | res=6.89e-05 | grad=3.49e-01 | 1.2s
[   193] loss=-0.0010 | res=2.33e-04 | grad=2.68e-01 | 1.2s
[   194] loss=-0.0005 | res=1.44e-04 | grad=3.75e-01 | 1.2s
[   195] loss=0.0001 | res=1.43e-04 | grad=3.00e-01 | 1.2s
[   196] loss=-0.0022 | res=1.83e-04 | grad=3.73e-01 | 1.2s
[   197] loss=-0.0007 | res=2.20e-04 | grad=3.37e-01 | 1.2s
[   198] loss=-0.0009 | res=2.34e-04 | grad=3.48e-01 | 1.2s
[   199] loss=-0.0009 | res=1.49e-04 | grad=3.73e-01 | 1.2s
[   200] loss=-0.0022 | res=1.84e-04 | grad=3.63e-01 | 1.2s
[   201] loss=0.0005 | res=1.79e-04 | grad=3.77e-01 | 1.2s
[   202] loss=0.0007 | res=1.96e-04 | grad=3.61e-01 | 1.2s
[   203] loss=-0.0003 | res=1.76e-04 | grad=4.25e-01 | 1.2s
[   204] loss=0.0019 | res=1.52e-04 | grad=4.83e-01 | 1.2s
[   205] loss=-0.0018 | res=1.24e-04 | grad=2.42e-01 | 1.2s
[   206] loss=-0.0012 | res=1.68e-04 | grad=3.01e-01 | 1.2s
[   207] loss=-0.0013 | res=2.24e-04 | grad=3.61e-01 | 1.2s
[   208] loss=-0.0021 | res=2.29e-04 | grad=3.18e-01 | 1.2s
[   209] loss=-0.0020 | res=2.34e-04 | grad=3.07e-01 | 1.2s
[   210] loss=-0.0023 | res=1.86e-04 | grad=3.55e-01 | 1.2s
[   211] loss=-0.0021 | res=1.19e-04 | grad=3.04e-01 | 1.2s
[   212] loss=-0.0007 | res=1.96e-04 | grad=3.33e-01 | 1.2s
[   213] loss=-0.0025 | res=7.24e-05 | grad=3.05e-01 | 1.2s
[   214] loss=-0.0027 | res=1.62e-04 | grad=3.49e-01 | 1.2s
[   215] loss=-0.0035 | res=2.52e-04 | grad=2.81e-01 | 1.2s
[   216] loss=-0.0020 | res=1.38e-04 | grad=3.90e-01 | 1.2s
[   217] loss=-0.0020 | res=6.33e-05 | grad=3.96e-01 | 1.2s
[   218] loss=-0.0016 | res=1.55e-04 | grad=2.81e-01 | 1.2s
[   219] loss=-0.0023 | res=1.91e-04 | grad=3.51e-01 | 1.2s
[   220] loss=-0.0008 | res=2.92e-04 | grad=4.31e-01 | 1.2s
[   221] loss=-0.0009 | res=1.20e-04 | grad=2.99e-01 | 1.2s
[   222] loss=-0.0002 | res=3.15e-04 | grad=3.48e-01 | 1.2s
[   223] loss=-0.0026 | res=1.93e-04 | grad=3.33e-01 | 1.2s
[   224] loss=-0.0017 | res=2.53e-04 | grad=2.70e-01 | 1.2s
[   225] loss=-0.0014 | res=3.35e-04 | grad=3.22e-01 | 1.2s
[   226] loss=-0.0014 | res=1.01e-04 | grad=3.90e-01 | 1.2s
[   227] loss=-0.0008 | res=2.19e-04 | grad=2.91e-01 | 1.2s
[   228] loss=-0.0006 | res=1.36e-04 | grad=2.93e-01 | 1.2s
[   229] loss=-0.0008 | res=2.43e-04 | grad=3.40e-01 | 1.2s
[   230] loss=-0.0013 | res=1.43e-04 | grad=2.85e-01 | 1.2s
[   231] loss=-0.0006 | res=1.73e-04 | grad=3.05e-01 | 1.2s
[   232] loss=-0.0023 | res=2.39e-04 | grad=3.71e-01 | 1.2s
[   233] loss=-0.0005 | res=1.46e-04 | grad=2.87e-01 | 1.2s
[   234] loss=-0.0009 | res=1.18e-04 | grad=3.06e-01 | 1.2s
[   235] loss=-0.0025 | res=1.83e-04 | grad=4.05e-01 | 1.2s
[   236] loss=-0.0020 | res=8.73e-05 | grad=4.14e-01 | 1.2s
[   237] loss=-0.0011 | res=8.18e-05 | grad=2.90e-01 | 1.2s
[   238] loss=-0.0026 | res=1.43e-04 | grad=3.12e-01 | 1.2s
[   239] loss=-0.0018 | res=2.43e-04 | grad=3.46e-01 | 1.2s
[   240] loss=-0.0029 | res=1.64e-04 | grad=3.18e-01 | 1.2s
[   241] loss=-0.0012 | res=1.17e-04 | grad=3.93e-01 | 1.2s
[   242] loss=-0.0015 | res=1.61e-04 | grad=3.69e-01 | 1.2s
[   243] loss=0.0020 | res=1.57e-04 | grad=5.76e-01 | 1.2s
[   244] loss=-0.0026 | res=9.32e-05 | grad=2.88e-01 | 1.2s
[   245] loss=-0.0021 | res=2.18e-04 | grad=3.87e-01 | 1.2s
[   246] loss=-0.0006 | res=2.00e-04 | grad=3.42e-01 | 1.2s
[   247] loss=-0.0010 | res=9.45e-05 | grad=3.17e-01 | 1.2s
[   248] loss=-0.0015 | res=1.49e-04 | grad=2.76e-01 | 1.2s
[   249] loss=-0.0005 | res=1.53e-04 | grad=3.52e-01 | 1.2s
[   250] loss=-0.0008 | res=1.65e-04 | grad=3.11e-01 | 1.2s
[   251] loss=-0.0010 | res=1.80e-04 | grad=3.16e-01 | 1.2s
[   252] loss=-0.0006 | res=7.91e-05 | grad=2.62e-01 | 1.2s
[   253] loss=-0.0017 | res=2.38e-04 | grad=2.93e-01 | 1.2s
[   254] loss=-0.0021 | res=2.69e-04 | grad=2.65e-01 | 1.2s
[   255] loss=-0.0027 | res=2.11e-04 | grad=3.45e-01 | 1.2s
[   256] loss=-0.0016 | res=2.37e-04 | grad=2.81e-01 | 1.2s
[   257] loss=-0.0007 | res=2.55e-04 | grad=3.74e-01 | 1.2s
[   258] loss=-0.0029 | res=2.31e-04 | grad=2.28e-01 | 1.2s
[   259] loss=-0.0020 | res=1.60e-04 | grad=3.06e-01 | 1.2s
[   260] loss=-0.0025 | res=2.39e-04 | grad=2.64e-01 | 1.2s
[   261] loss=-0.0013 | res=2.48e-04 | grad=2.98e-01 | 1.2s
[   262] loss=0.0007 | res=2.99e-04 | grad=4.05e-01 | 1.2s
[   263] loss=-0.0025 | res=1.99e-04 | grad=3.18e-01 | 1.2s
[   264] loss=-0.0025 | res=1.77e-04 | grad=2.96e-01 | 1.2s
[   265] loss=-0.0033 | res=1.16e-04 | grad=3.68e-01 | 1.2s
[   266] loss=-0.0002 | res=2.37e-04 | grad=3.21e-01 | 1.2s
[   267] loss=-0.0028 | res=1.80e-04 | grad=2.96e-01 | 1.2s
[   268] loss=-0.0009 | res=2.16e-04 | grad=2.98e-01 | 1.2s
[   269] loss=-0.0001 | res=1.24e-04 | grad=3.65e-01 | 1.2s
[   270] loss=-0.0010 | res=1.26e-04 | grad=3.06e-01 | 1.2s
[   271] loss=-0.0016 | res=2.14e-04 | grad=2.63e-01 | 1.2s
[   272] loss=-0.0017 | res=1.99e-04 | grad=2.84e-01 | 1.2s
[   273] loss=-0.0019 | res=2.08e-04 | grad=3.21e-01 | 1.2s
[   274] loss=-0.0030 | res=8.95e-05 | grad=3.46e-01 | 1.2s
[   275] loss=-0.0020 | res=2.86e-04 | grad=3.08e-01 | 1.2s
[   276] loss=-0.0027 | res=1.66e-04 | grad=2.70e-01 | 1.2s
[   277] loss=-0.0015 | res=1.68e-04 | grad=2.49e-01 | 1.2s
[   278] loss=-0.0036 | res=9.83e-05 | grad=3.52e-01 | 1.2s
[   279] loss=-0.0022 | res=1.92e-04 | grad=3.70e-01 | 1.2s
[   280] loss=-0.0008 | res=1.66e-04 | grad=3.57e-01 | 1.2s
[   281] loss=-0.0023 | res=2.02e-04 | grad=3.23e-01 | 1.2s
[   282] loss=0.0001 | res=1.56e-04 | grad=4.67e-01 | 1.2s
[   283] loss=0.0001 | res=1.56e-04 | grad=4.13e-01 | 1.2s
[   284] loss=-0.0005 | res=3.81e-05 | grad=2.90e-01 | 1.2s
[   285] loss=-0.0002 | res=2.52e-04 | grad=3.46e-01 | 1.2s
[   286] loss=-0.0012 | res=1.22e-04 | grad=2.59e-01 | 1.2s
[   287] loss=-0.0011 | res=1.89e-04 | grad=2.91e-01 | 1.2s
[   288] loss=-0.0013 | res=1.78e-04 | grad=3.04e-01 | 1.2s
[   289] loss=-0.0007 | res=9.64e-05 | grad=3.07e-01 | 1.2s
[   290] loss=-0.0015 | res=1.67e-04 | grad=3.02e-01 | 1.2s
[   291] loss=-0.0013 | res=2.25e-04 | grad=4.29e-01 | 1.2s
[   292] loss=-0.0001 | res=1.47e-04 | grad=3.06e-01 | 1.2s
[   293] loss=0.0000 | res=1.52e-04 | grad=3.14e-01 | 1.2s
[   294] loss=-0.0015 | res=7.26e-05 | grad=3.94e-01 | 1.2s
[   295] loss=-0.0005 | res=7.47e-05 | grad=2.95e-01 | 1.2s
[   296] loss=-0.0013 | res=1.54e-04 | grad=3.11e-01 | 1.2s
[   297] loss=-0.0029 | res=1.42e-04 | grad=2.51e-01 | 1.2s
[   298] loss=0.0003 | res=1.86e-04 | grad=3.78e-01 | 1.2s
[   299] loss=-0.0028 | res=2.06e-04 | grad=3.02e-01 | 1.2s
[   300] loss=-0.0007 | res=9.29e-05 | grad=3.11e-01 | 1.2s
[   301] loss=-0.0011 | res=6.66e-05 | grad=3.44e-01 | 1.2s
[   302] loss=-0.0017 | res=2.18e-04 | grad=2.53e-01 | 1.2s
[   303] loss=-0.0019 | res=5.19e-05 | grad=2.78e-01 | 1.2s
[   304] loss=-0.0023 | res=2.42e-04 | grad=2.52e-01 | 1.2s
[   305] loss=-0.0012 | res=1.35e-04 | grad=3.12e-01 | 1.2s
[   306] loss=-0.0032 | res=6.84e-05 | grad=2.65e-01 | 1.2s
[   307] loss=-0.0018 | res=1.40e-04 | grad=2.43e-01 | 1.2s
[   308] loss=-0.0011 | res=1.60e-04 | grad=3.10e-01 | 1.2s
[   309] loss=-0.0029 | res=1.37e-04 | grad=3.57e-01 | 1.2s
[   310] loss=0.0006 | res=1.59e-04 | grad=3.19e-01 | 1.2s
[   311] loss=-0.0036 | res=1.51e-04 | grad=2.65e-01 | 1.2s
[   312] loss=-0.0016 | res=1.53e-04 | grad=2.11e-01 | 1.2s
[   313] loss=-0.0013 | res=1.84e-04 | grad=3.25e-01 | 1.2s
[   314] loss=-0.0000 | res=2.82e-04 | grad=3.03e-01 | 1.2s
[   315] loss=-0.0015 | res=7.59e-05 | grad=2.52e-01 | 1.2s
[   316] loss=-0.0034 | res=1.97e-04 | grad=3.17e-01 | 1.2s
[   317] loss=-0.0013 | res=1.94e-04 | grad=3.01e-01 | 1.2s
[   318] loss=-0.0013 | res=1.18e-04 | grad=2.78e-01 | 1.2s
[   319] loss=-0.0006 | res=8.89e-05 | grad=2.57e-01 | 1.2s
[   320] loss=-0.0012 | res=9.16e-05 | grad=2.98e-01 | 1.2s
[   321] loss=-0.0021 | res=1.66e-04 | grad=2.08e-01 | 1.2s
[   322] loss=-0.0018 | res=2.04e-04 | grad=2.29e-01 | 1.2s
[   323] loss=-0.0009 | res=1.57e-04 | grad=2.95e-01 | 1.2s
[   324] loss=-0.0024 | res=2.03e-04 | grad=2.53e-01 | 1.2s
[   325] loss=-0.0024 | res=9.23e-05 | grad=2.41e-01 | 1.2s
[   326] loss=-0.0005 | res=2.00e-04 | grad=2.77e-01 | 1.2s
[   327] loss=-0.0025 | res=1.37e-04 | grad=3.16e-01 | 1.2s
[   328] loss=-0.0021 | res=1.55e-04 | grad=2.65e-01 | 1.2s
[   329] loss=-0.0032 | res=1.23e-04 | grad=3.06e-01 | 1.2s
[   330] loss=-0.0009 | res=1.23e-04 | grad=2.86e-01 | 1.2s
[   331] loss=-0.0029 | res=1.63e-04 | grad=2.46e-01 | 1.2s
[   332] loss=-0.0023 | res=2.06e-04 | grad=2.89e-01 | 1.2s
[   333] loss=-0.0026 | res=1.01e-04 | grad=2.91e-01 | 1.2s
[   334] loss=-0.0021 | res=2.58e-04 | grad=2.81e-01 | 1.2s
[   335] loss=-0.0013 | res=2.00e-04 | grad=3.07e-01 | 1.2s
[   336] loss=-0.0014 | res=1.05e-04 | grad=2.45e-01 | 1.2s
[   337] loss=-0.0014 | res=1.33e-04 | grad=2.50e-01 | 1.2s
[   338] loss=-0.0007 | res=1.82e-04 | grad=3.18e-01 | 1.2s
[   339] loss=-0.0008 | res=2.34e-04 | grad=2.99e-01 | 1.2s
[   340] loss=-0.0015 | res=1.30e-04 | grad=2.76e-01 | 1.2s
[   341] loss=-0.0019 | res=9.28e-05 | grad=2.84e-01 | 1.2s
[   342] loss=-0.0020 | res=2.05e-04 | grad=3.48e-01 | 1.2s
[   343] loss=-0.0007 | res=1.30e-04 | grad=2.44e-01 | 1.2s
[   344] loss=-0.0012 | res=1.26e-04 | grad=1.79e-01 | 1.2s
[   345] loss=-0.0010 | res=2.70e-04 | grad=2.41e-01 | 1.2s
[   346] loss=-0.0012 | res=2.09e-04 | grad=2.50e-01 | 1.2s
[   347] loss=-0.0019 | res=1.73e-04 | grad=2.75e-01 | 1.2s
[   348] loss=-0.0013 | res=1.18e-04 | grad=2.61e-01 | 1.2s
[   349] loss=0.0007 | res=1.32e-04 | grad=3.24e-01 | 1.2s
[   350] loss=-0.0014 | res=9.62e-05 | grad=2.50e-01 | 1.2s
[   351] loss=-0.0011 | res=1.42e-04 | grad=2.51e-01 | 1.2s
[   352] loss=-0.0032 | res=1.67e-04 | grad=3.15e-01 | 1.2s
[   353] loss=-0.0020 | res=2.19e-04 | grad=2.25e-01 | 1.2s
[   354] loss=-0.0001 | res=1.09e-04 | grad=2.96e-01 | 1.2s
[   355] loss=-0.0018 | res=2.18e-04 | grad=2.51e-01 | 1.2s
[   356] loss=-0.0020 | res=1.87e-04 | grad=2.28e-01 | 1.2s
[   357] loss=-0.0005 | res=1.52e-04 | grad=2.78e-01 | 1.2s
[   358] loss=-0.0018 | res=3.15e-04 | grad=2.62e-01 | 1.2s
[   359] loss=-0.0018 | res=1.41e-04 | grad=3.16e-01 | 1.2s
[   360] loss=-0.0019 | res=7.01e-05 | grad=2.62e-01 | 1.2s
[   361] loss=-0.0008 | res=1.28e-04 | grad=2.61e-01 | 1.2s
[   362] loss=-0.0028 | res=1.54e-04 | grad=2.92e-01 | 1.2s
[   363] loss=0.0000 | res=1.20e-04 | grad=3.29e-01 | 1.2s
[   364] loss=0.0004 | res=1.47e-04 | grad=3.34e-01 | 1.2s
[   365] loss=-0.0014 | res=1.54e-04 | grad=2.31e-01 | 1.2s
[   366] loss=-0.0001 | res=1.51e-04 | grad=2.47e-01 | 1.2s
[   367] loss=-0.0020 | res=9.31e-05 | grad=3.85e-01 | 1.2s
[   368] loss=-0.0029 | res=2.31e-04 | grad=4.32e-01 | 1.2s
[   369] loss=-0.0026 | res=1.78e-04 | grad=3.43e-01 | 1.2s
[   370] loss=-0.0003 | res=1.33e-04 | grad=3.39e-01 | 1.2s
[   371] loss=-0.0011 | res=1.19e-04 | grad=2.74e-01 | 1.2s
[   372] loss=-0.0016 | res=1.85e-04 | grad=3.13e-01 | 1.2s
[   373] loss=-0.0026 | res=1.98e-04 | grad=2.83e-01 | 1.2s
[   374] loss=0.0002 | res=2.22e-04 | grad=4.13e-01 | 1.2s
[   375] loss=-0.0010 | res=2.15e-04 | grad=2.73e-01 | 1.2s
[   376] loss=-0.0022 | res=1.78e-04 | grad=2.72e-01 | 1.2s
[   377] loss=-0.0005 | res=1.71e-04 | grad=3.19e-01 | 1.2s
[   378] loss=-0.0002 | res=1.30e-04 | grad=2.76e-01 | 1.2s
[   379] loss=-0.0033 | res=2.18e-04 | grad=4.41e-01 | 1.2s
[   380] loss=-0.0006 | res=2.23e-04 | grad=2.57e-01 | 1.2s
[   381] loss=-0.0025 | res=1.22e-04 | grad=3.75e-01 | 1.2s
[   382] loss=-0.0033 | res=1.74e-04 | grad=2.97e-01 | 1.2s
[   383] loss=-0.0024 | res=1.57e-04 | grad=2.36e-01 | 1.2s
[   384] loss=-0.0005 | res=1.29e-04 | grad=2.79e-01 | 1.2s
[   385] loss=-0.0017 | res=1.32e-04 | grad=2.27e-01 | 1.2s
[   386] loss=-0.0014 | res=1.58e-04 | grad=2.56e-01 | 1.2s
[   387] loss=-0.0025 | res=1.93e-04 | grad=2.38e-01 | 1.2s
[   388] loss=0.0008 | res=8.66e-05 | grad=3.78e-01 | 1.2s
[   389] loss=-0.0004 | res=1.46e-04 | grad=2.88e-01 | 1.2s
[   390] loss=-0.0024 | res=1.47e-04 | grad=2.69e-01 | 1.2s
[   391] loss=-0.0000 | res=1.44e-04 | grad=2.73e-01 | 1.2s
[   392] loss=-0.0033 | res=1.89e-04 | grad=3.44e-01 | 1.2s
[   393] loss=-0.0001 | res=1.31e-04 | grad=2.48e-01 | 1.2s
[   394] loss=0.0001 | res=2.03e-04 | grad=2.49e-01 | 1.2s
[   395] loss=-0.0005 | res=1.60e-04 | grad=4.07e-01 | 1.2s
[   396] loss=-0.0021 | res=2.52e-04 | grad=3.84e-01 | 1.2s
[   397] loss=-0.0010 | res=1.66e-04 | grad=2.81e-01 | 1.2s
[   398] loss=0.0005 | res=2.46e-04 | grad=3.09e-01 | 1.2s
[   399] loss=-0.0007 | res=2.42e-04 | grad=2.57e-01 | 1.2s
[   400] loss=-0.0023 | res=2.75e-04 | grad=2.79e-01 | 1.2s
[   401] loss=-0.0020 | res=8.21e-05 | grad=2.55e-01 | 1.2s
[   402] loss=-0.0033 | res=2.41e-04 | grad=2.67e-01 | 1.2s
[   403] loss=-0.0011 | res=1.58e-04 | grad=2.68e-01 | 1.2s
[   404] loss=-0.0021 | res=1.32e-04 | grad=2.65e-01 | 1.2s
[   405] loss=-0.0022 | res=1.27e-04 | grad=2.53e-01 | 1.2s
[   406] loss=-0.0059 | res=1.31e-04 | grad=3.58e-01 | 1.2s
[   407] loss=-0.0025 | res=2.50e-04 | grad=2.34e-01 | 1.2s
[   408] loss=-0.0036 | res=1.53e-04 | grad=2.55e-01 | 1.2s
[   409] loss=-0.0015 | res=1.55e-04 | grad=3.13e-01 | 1.2s
[   410] loss=0.0000 | res=1.31e-04 | grad=4.26e-01 | 1.2s
[   411] loss=-0.0010 | res=3.07e-04 | grad=3.17e-01 | 1.2s
[   412] loss=-0.0001 | res=2.64e-04 | grad=3.16e-01 | 1.2s
[   413] loss=-0.0022 | res=1.83e-04 | grad=2.29e-01 | 1.2s
[   414] loss=-0.0018 | res=2.19e-04 | grad=2.10e-01 | 1.2s
[   415] loss=-0.0024 | res=1.93e-04 | grad=3.60e-01 | 1.2s
[   416] loss=-0.0006 | res=1.81e-04 | grad=2.46e-01 | 1.2s
[   417] loss=-0.0021 | res=1.09e-04 | grad=3.01e-01 | 1.2s
[   418] loss=-0.0013 | res=3.04e-04 | grad=1.99e-01 | 1.2s
[   419] loss=-0.0011 | res=1.56e-04 | grad=2.57e-01 | 1.2s
[   420] loss=-0.0010 | res=3.03e-04 | grad=2.55e-01 | 1.2s
[   421] loss=0.0008 | res=1.66e-04 | grad=3.15e-01 | 1.2s
[   422] loss=-0.0025 | res=1.31e-04 | grad=2.92e-01 | 1.2s
[   423] loss=-0.0016 | res=1.74e-04 | grad=2.37e-01 | 1.2s
[   424] loss=0.0005 | res=1.28e-04 | grad=3.50e-01 | 1.2s
[   425] loss=-0.0032 | res=1.15e-04 | grad=2.97e-01 | 1.2s
[   426] loss=-0.0022 | res=1.39e-04 | grad=2.56e-01 | 1.2s
[   427] loss=-0.0010 | res=2.04e-04 | grad=2.65e-01 | 1.2s
[   428] loss=-0.0017 | res=2.06e-04 | grad=2.55e-01 | 1.2s
[   429] loss=-0.0002 | res=1.28e-04 | grad=3.26e-01 | 1.2s
[   430] loss=-0.0023 | res=1.62e-04 | grad=2.02e-01 | 1.2s
[   431] loss=-0.0023 | res=1.45e-04 | grad=2.00e-01 | 1.2s
[   432] loss=-0.0013 | res=1.87e-04 | grad=2.45e-01 | 1.2s
[   433] loss=-0.0020 | res=1.37e-04 | grad=2.66e-01 | 1.2s
[   434] loss=-0.0026 | res=1.08e-04 | grad=2.74e-01 | 1.2s
[   435] loss=-0.0021 | res=1.42e-04 | grad=2.30e-01 | 1.2s
[   436] loss=-0.0008 | res=1.18e-04 | grad=2.54e-01 | 1.2s
[   437] loss=0.0002 | res=2.66e-04 | grad=3.57e-01 | 1.2s
[   438] loss=-0.0025 | res=2.75e-04 | grad=2.17e-01 | 1.2s
[   439] loss=-0.0024 | res=1.92e-04 | grad=2.09e-01 | 1.2s
[   440] loss=-0.0012 | res=1.76e-04 | grad=2.49e-01 | 1.2s
[   441] loss=-0.0011 | res=6.84e-05 | grad=2.47e-01 | 1.2s
[   442] loss=-0.0011 | res=1.92e-04 | grad=2.57e-01 | 1.2s
[   443] loss=-0.0020 | res=1.35e-04 | grad=3.16e-01 | 1.2s
[   444] loss=-0.0017 | res=2.14e-04 | grad=2.04e-01 | 1.2s
[   445] loss=-0.0019 | res=1.24e-04 | grad=2.44e-01 | 1.2s
[   446] loss=-0.0018 | res=1.55e-04 | grad=2.44e-01 | 1.2s
[   447] loss=-0.0018 | res=2.38e-04 | grad=1.95e-01 | 1.2s
[   448] loss=-0.0034 | res=1.35e-04 | grad=2.45e-01 | 1.2s
[   449] loss=-0.0012 | res=1.09e-04 | grad=2.36e-01 | 1.2s
[   450] loss=-0.0017 | res=9.56e-05 | grad=2.29e-01 | 1.2s
[   451] loss=0.0003 | res=7.89e-05 | grad=3.44e-01 | 1.2s
[   452] loss=-0.0020 | res=2.69e-04 | grad=2.20e-01 | 1.2s
[   453] loss=-0.0008 | res=6.80e-05 | grad=2.64e-01 | 1.2s
[   454] loss=-0.0010 | res=1.92e-04 | grad=2.69e-01 | 1.2s
[   455] loss=-0.0029 | res=8.66e-05 | grad=2.54e-01 | 1.2s
[   456] loss=-0.0029 | res=2.11e-04 | grad=3.27e-01 | 1.2s
[   457] loss=-0.0022 | res=1.82e-04 | grad=2.22e-01 | 1.2s
[   458] loss=0.0002 | res=1.15e-04 | grad=2.75e-01 | 1.2s
[   459] loss=-0.0020 | res=1.47e-04 | grad=1.83e-01 | 1.2s
[   460] loss=-0.0011 | res=1.09e-04 | grad=2.58e-01 | 1.2s
[   461] loss=-0.0005 | res=1.17e-04 | grad=2.84e-01 | 1.2s
[   462] loss=-0.0017 | res=1.04e-04 | grad=2.72e-01 | 1.2s
[   463] loss=-0.0020 | res=9.33e-05 | grad=1.99e-01 | 1.2s
[   464] loss=-0.0019 | res=2.79e-04 | grad=1.87e-01 | 1.2s
[   465] loss=-0.0022 | res=1.63e-04 | grad=2.15e-01 | 1.2s
[   466] loss=-0.0010 | res=2.36e-04 | grad=2.45e-01 | 1.2s
[   467] loss=-0.0031 | res=1.63e-04 | grad=2.22e-01 | 1.2s
[   468] loss=0.0001 | res=1.99e-04 | grad=3.05e-01 | 1.2s
[   469] loss=-0.0033 | res=1.59e-04 | grad=3.70e-01 | 1.2s
[   470] loss=-0.0013 | res=1.27e-04 | grad=3.11e-01 | 1.2s
[   471] loss=-0.0023 | res=2.29e-04 | grad=1.68e-01 | 1.2s
[   472] loss=-0.0015 | res=9.97e-05 | grad=2.62e-01 | 1.2s
[   473] loss=-0.0016 | res=1.61e-04 | grad=2.70e-01 | 1.2s
[   474] loss=-0.0023 | res=2.30e-04 | grad=2.16e-01 | 1.2s
[   475] loss=-0.0021 | res=1.42e-04 | grad=2.60e-01 | 1.2s
[   476] loss=-0.0009 | res=1.66e-04 | grad=2.51e-01 | 1.2s
[   477] loss=-0.0010 | res=1.95e-04 | grad=2.19e-01 | 1.2s
[   478] loss=-0.0020 | res=2.16e-04 | grad=2.82e-01 | 1.2s
[   479] loss=-0.0009 | res=2.56e-04 | grad=2.29e-01 | 1.2s
[   480] loss=-0.0002 | res=1.69e-04 | grad=2.81e-01 | 1.2s
[   481] loss=-0.0004 | res=9.99e-05 | grad=2.01e-01 | 1.2s
[   482] loss=-0.0005 | res=3.20e-04 | grad=2.22e-01 | 1.2s
[   483] loss=-0.0015 | res=1.93e-04 | grad=2.79e-01 | 1.2s
[   484] loss=-0.0012 | res=2.09e-04 | grad=4.39e-01 | 1.2s
[   485] loss=-0.0015 | res=2.23e-04 | grad=2.26e-01 | 1.2s
[   486] loss=-0.0013 | res=1.04e-04 | grad=3.08e-01 | 1.2s
[   487] loss=-0.0008 | res=2.47e-04 | grad=2.64e-01 | 1.2s
[   488] loss=-0.0017 | res=2.04e-04 | grad=2.25e-01 | 1.2s
[   489] loss=-0.0033 | res=8.99e-05 | grad=2.98e-01 | 1.2s
[   490] loss=-0.0012 | res=1.99e-04 | grad=2.45e-01 | 1.2s
[   491] loss=-0.0009 | res=2.06e-04 | grad=2.83e-01 | 1.2s
[   492] loss=-0.0005 | res=2.20e-04 | grad=3.10e-01 | 1.2s
[   493] loss=-0.0021 | res=1.70e-04 | grad=2.77e-01 | 1.2s
[   494] loss=-0.0017 | res=1.65e-04 | grad=2.38e-01 | 1.2s
[   495] loss=-0.0026 | res=9.99e-05 | grad=2.98e-01 | 1.2s
[   496] loss=-0.0026 | res=1.76e-04 | grad=2.13e-01 | 1.2s
[   497] loss=-0.0005 | res=2.30e-04 | grad=2.63e-01 | 1.2s
[   498] loss=-0.0020 | res=1.98e-04 | grad=2.13e-01 | 1.2s
[   499] loss=-0.0021 | res=1.59e-04 | grad=2.53e-01 | 1.2s
[   500] loss=-0.0029 | res=9.51e-05 | grad=2.94e-01 | 1.2s
[   501] loss=-0.0026 | res=1.83e-04 | grad=2.49e-01 | 1.2s
[   502] loss=-0.0021 | res=2.73e-04 | grad=2.13e-01 | 1.2s
[   503] loss=-0.0025 | res=1.91e-04 | grad=2.41e-01 | 1.2s
[   504] loss=-0.0016 | res=1.82e-04 | grad=3.02e-01 | 1.2s
[   505] loss=0.0000 | res=1.03e-04 | grad=3.68e-01 | 1.2s
[   506] loss=-0.0014 | res=1.81e-04 | grad=2.05e-01 | 1.2s
[   507] loss=0.0001 | res=3.17e-04 | grad=3.10e-01 | 1.2s
[   508] loss=-0.0016 | res=9.86e-05 | grad=1.82e-01 | 1.2s
[   509] loss=-0.0012 | res=2.45e-04 | grad=2.36e-01 | 1.2s
[   510] loss=0.0002 | res=1.45e-04 | grad=3.06e-01 | 1.2s
[   511] loss=-0.0020 | res=1.10e-04 | grad=3.94e-01 | 1.2s
[   512] loss=-0.0010 | res=3.02e-04 | grad=2.62e-01 | 1.2s
[   513] loss=-0.0022 | res=2.34e-04 | grad=4.00e-01 | 1.2s
[   514] loss=-0.0010 | res=1.69e-04 | grad=3.15e-01 | 1.2s
[   515] loss=-0.0023 | res=7.81e-05 | grad=2.97e-01 | 1.2s
[   516] loss=-0.0014 | res=1.02e-04 | grad=2.67e-01 | 1.2s
[   517] loss=-0.0026 | res=3.25e-04 | grad=2.32e-01 | 1.2s
[   518] loss=-0.0016 | res=1.49e-04 | grad=3.11e-01 | 1.2s
[   519] loss=-0.0026 | res=3.29e-04 | grad=2.24e-01 | 1.2s
[   520] loss=-0.0017 | res=1.14e-04 | grad=3.19e-01 | 1.2s
[   521] loss=-0.0021 | res=1.59e-04 | grad=2.41e-01 | 1.2s
[   522] loss=-0.0018 | res=6.99e-05 | grad=2.70e-01 | 1.2s
[   523] loss=0.0005 | res=1.09e-04 | grad=4.09e-01 | 1.2s
[   524] loss=-0.0004 | res=4.77e-05 | grad=2.57e-01 | 1.2s
[   525] loss=-0.0032 | res=7.97e-05 | grad=2.46e-01 | 1.2s
[   526] loss=-0.0012 | res=2.13e-04 | grad=2.69e-01 | 1.2s
[   527] loss=-0.0010 | res=1.70e-04 | grad=2.62e-01 | 1.2s
[   528] loss=-0.0015 | res=2.77e-04 | grad=2.33e-01 | 1.2s
[   529] loss=-0.0019 | res=1.58e-04 | grad=2.55e-01 | 1.2s
[   530] loss=-0.0026 | res=2.04e-04 | grad=2.73e-01 | 1.2s
[   531] loss=-0.0022 | res=1.42e-04 | grad=2.92e-01 | 1.2s
[   532] loss=0.0005 | res=1.30e-04 | grad=2.87e-01 | 1.2s
[   533] loss=-0.0017 | res=2.02e-04 | grad=2.96e-01 | 1.2s
[   534] loss=-0.0001 | res=1.35e-04 | grad=2.56e-01 | 1.2s
[   535] loss=-0.0032 | res=6.63e-05 | grad=3.18e-01 | 1.2s
[   536] loss=-0.0030 | res=1.89e-04 | grad=2.50e-01 | 1.2s
[   537] loss=-0.0025 | res=1.30e-04 | grad=1.95e-01 | 1.2s
[   538] loss=-0.0011 | res=1.97e-04 | grad=2.75e-01 | 1.2s
[   539] loss=-0.0023 | res=2.35e-04 | grad=2.31e-01 | 1.2s
[   540] loss=-0.0059 | res=1.68e-04 | grad=2.89e-01 | 1.2s
[   541] loss=-0.0019 | res=1.55e-04 | grad=2.88e-01 | 1.2s
[   542] loss=-0.0028 | res=1.85e-04 | grad=2.29e-01 | 1.2s
[   543] loss=-0.0025 | res=2.84e-04 | grad=2.27e-01 | 1.2s
[   544] loss=-0.0010 | res=1.40e-04 | grad=2.65e-01 | 1.2s
[   545] loss=-0.0030 | res=1.85e-04 | grad=1.85e-01 | 1.2s
[   546] loss=-0.0024 | res=1.56e-04 | grad=2.18e-01 | 1.2s
[   547] loss=-0.0042 | res=1.32e-04 | grad=2.75e-01 | 1.2s
[   548] loss=-0.0014 | res=3.79e-04 | grad=2.25e-01 | 1.2s
[   549] loss=-0.0016 | res=1.42e-04 | grad=2.60e-01 | 1.2s
[   550] loss=-0.0003 | res=1.53e-04 | grad=2.99e-01 | 1.2s
[   551] loss=-0.0027 | res=1.67e-04 | grad=2.76e-01 | 1.2s
[   552] loss=-0.0019 | res=2.65e-04 | grad=2.41e-01 | 1.2s
[   553] loss=-0.0002 | res=1.47e-04 | grad=2.29e-01 | 1.2s
[   554] loss=-0.0004 | res=1.52e-04 | grad=2.58e-01 | 1.2s
[   555] loss=-0.0014 | res=2.53e-04 | grad=2.81e-01 | 1.2s
[   556] loss=-0.0011 | res=2.52e-04 | grad=2.39e-01 | 1.2s
[   557] loss=-0.0021 | res=1.57e-04 | grad=2.56e-01 | 1.2s
[   558] loss=0.0002 | res=1.43e-04 | grad=2.67e-01 | 1.2s
[   559] loss=-0.0000 | res=2.37e-04 | grad=2.74e-01 | 1.2s
[   560] loss=-0.0013 | res=3.40e-05 | grad=2.30e-01 | 1.2s
[   561] loss=-0.0013 | res=1.41e-04 | grad=2.33e-01 | 1.2s
[   562] loss=-0.0017 | res=1.27e-04 | grad=2.16e-01 | 1.2s
[   563] loss=-0.0018 | res=1.61e-04 | grad=2.80e-01 | 1.2s
[   564] loss=-0.0024 | res=1.35e-04 | grad=2.70e-01 | 1.2s
[   565] loss=-0.0006 | res=5.10e-05 | grad=2.46e-01 | 1.2s
[   566] loss=-0.0014 | res=2.60e-04 | grad=2.41e-01 | 1.2s
[   567] loss=-0.0018 | res=2.23e-04 | grad=2.19e-01 | 1.2s
[   568] loss=-0.0018 | res=1.33e-04 | grad=2.50e-01 | 1.2s
[   569] loss=0.0013 | res=2.23e-04 | grad=4.36e-01 | 1.2s
[   570] loss=-0.0025 | res=1.95e-04 | grad=2.75e-01 | 1.2s
[   571] loss=-0.0012 | res=1.84e-04 | grad=2.13e-01 | 1.2s
[   572] loss=-0.0019 | res=1.87e-04 | grad=1.68e-01 | 1.2s
[   573] loss=-0.0026 | res=8.89e-05 | grad=2.26e-01 | 1.2s
[   574] loss=-0.0015 | res=2.96e-04 | grad=2.43e-01 | 1.2s
[   575] loss=-0.0033 | res=1.76e-04 | grad=3.03e-01 | 1.2s
[   576] loss=0.0005 | res=1.91e-04 | grad=2.90e-01 | 1.2s
[   577] loss=-0.0025 | res=7.17e-05 | grad=1.93e-01 | 1.2s
[   578] loss=-0.0003 | res=2.19e-04 | grad=2.57e-01 | 1.2s
[   579] loss=-0.0026 | res=7.84e-05 | grad=2.09e-01 | 1.2s
[   580] loss=-0.0018 | res=9.29e-05 | grad=2.37e-01 | 1.2s
[   581] loss=-0.0024 | res=2.28e-04 | grad=3.14e-01 | 1.2s
[   582] loss=-0.0022 | res=1.75e-04 | grad=2.44e-01 | 1.2s
[   583] loss=-0.0005 | res=3.12e-04 | grad=3.03e-01 | 1.2s
[   584] loss=-0.0015 | res=1.70e-04 | grad=2.46e-01 | 1.2s
[   585] loss=-0.0050 | res=1.02e-04 | grad=3.17e-01 | 1.2s
[   586] loss=0.0002 | res=1.96e-04 | grad=3.36e-01 | 1.2s
[   587] loss=-0.0022 | res=2.13e-04 | grad=1.97e-01 | 1.2s
[   588] loss=-0.0027 | res=1.23e-04 | grad=2.17e-01 | 1.2s
[   589] loss=-0.0004 | res=8.18e-05 | grad=2.60e-01 | 1.2s
[   590] loss=-0.0025 | res=2.08e-04 | grad=1.99e-01 | 1.2s
[   591] loss=-0.0027 | res=1.74e-04 | grad=1.66e-01 | 1.2s
[   592] loss=-0.0020 | res=2.44e-04 | grad=1.96e-01 | 1.2s
[   593] loss=-0.0019 | res=1.68e-04 | grad=1.98e-01 | 1.2s
[   594] loss=-0.0029 | res=1.64e-04 | grad=3.05e-01 | 1.2s
[   595] loss=-0.0016 | res=5.37e-05 | grad=2.03e-01 | 1.2s
[   596] loss=-0.0025 | res=7.51e-05 | grad=1.63e-01 | 1.2s
[   597] loss=-0.0017 | res=1.56e-04 | grad=2.36e-01 | 1.2s
[   598] loss=-0.0023 | res=2.13e-04 | grad=2.16e-01 | 1.2s
[   599] loss=-0.0023 | res=1.29e-04 | grad=2.24e-01 | 1.2s
[   600] loss=-0.0031 | res=9.15e-05 | grad=2.43e-01 | 1.2s
[   601] loss=-0.0026 | res=2.35e-04 | grad=2.70e-01 | 1.2s
[   602] loss=-0.0038 | res=1.25e-04 | grad=2.62e-01 | 1.2s
[   603] loss=-0.0034 | res=1.81e-04 | grad=2.40e-01 | 1.2s
[   604] loss=-0.0002 | res=2.13e-04 | grad=4.12e-01 | 1.2s
[   605] loss=-0.0011 | res=2.32e-04 | grad=2.72e-01 | 1.2s
[   606] loss=-0.0016 | res=1.58e-04 | grad=1.97e-01 | 1.2s
[   607] loss=-0.0005 | res=6.63e-05 | grad=2.86e-01 | 1.2s
[   608] loss=-0.0017 | res=1.93e-04 | grad=2.92e-01 | 1.2s
[   609] loss=-0.0012 | res=2.17e-04 | grad=3.05e-01 | 1.2s
[   610] loss=-0.0012 | res=1.88e-04 | grad=2.68e-01 | 1.2s
[   611] loss=-0.0032 | res=1.30e-04 | grad=2.96e-01 | 1.2s
[   612] loss=-0.0021 | res=1.82e-04 | grad=1.82e-01 | 1.2s
[   613] loss=-0.0007 | res=2.37e-04 | grad=2.70e-01 | 1.2s
[   614] loss=-0.0016 | res=6.34e-05 | grad=2.49e-01 | 1.2s
[   615] loss=-0.0027 | res=6.94e-05 | grad=2.00e-01 | 1.2s
[   616] loss=-0.0030 | res=1.22e-04 | grad=1.71e-01 | 1.2s
[   617] loss=-0.0037 | res=2.45e-04 | grad=2.24e-01 | 1.2s
[   618] loss=-0.0037 | res=3.00e-04 | grad=2.13e-01 | 1.2s
[   619] loss=-0.0032 | res=1.35e-04 | grad=2.04e-01 | 1.2s
[   620] loss=-0.0014 | res=1.49e-04 | grad=2.57e-01 | 1.2s
[   621] loss=-0.0027 | res=1.15e-04 | grad=2.37e-01 | 1.2s
[   622] loss=-0.0009 | res=1.22e-04 | grad=2.80e-01 | 1.2s
[   623] loss=0.0008 | res=9.39e-05 | grad=3.58e-01 | 1.2s
[   624] loss=-0.0015 | res=2.12e-04 | grad=1.86e-01 | 1.2s
[   625] loss=-0.0024 | res=3.91e-05 | grad=2.98e-01 | 1.2s
[   626] loss=-0.0007 | res=8.89e-05 | grad=2.20e-01 | 1.2s
[   627] loss=-0.0013 | res=1.15e-04 | grad=2.05e-01 | 1.2s
[   628] loss=-0.0014 | res=1.42e-04 | grad=2.34e-01 | 1.2s
[   629] loss=-0.0033 | res=7.69e-05 | grad=3.97e-01 | 1.2s
[   630] loss=-0.0012 | res=1.33e-04 | grad=1.96e-01 | 1.2s
[   631] loss=-0.0033 | res=2.49e-04 | grad=4.62e-01 | 1.2s
[   632] loss=-0.0018 | res=2.02e-04 | grad=2.29e-01 | 1.2s
[   633] loss=-0.0018 | res=1.04e-04 | grad=2.16e-01 | 1.2s
[   634] loss=-0.0019 | res=1.34e-04 | grad=2.47e-01 | 1.2s
[   635] loss=-0.0027 | res=8.61e-05 | grad=2.49e-01 | 1.2s
[   636] loss=-0.0033 | res=1.31e-04 | grad=1.98e-01 | 1.2s
[   637] loss=-0.0026 | res=1.46e-04 | grad=2.58e-01 | 1.2s
[   638] loss=-0.0033 | res=1.32e-04 | grad=2.08e-01 | 1.2s
[   639] loss=-0.0006 | res=1.11e-04 | grad=3.77e-01 | 1.2s
[   640] loss=-0.0015 | res=2.56e-04 | grad=2.54e-01 | 1.2s
[   641] loss=-0.0030 | res=2.43e-04 | grad=3.03e-01 | 1.2s
[   642] loss=-0.0012 | res=1.47e-04 | grad=1.96e-01 | 1.2s
[   643] loss=-0.0002 | res=2.45e-04 | grad=2.39e-01 | 1.2s
[   644] loss=-0.0019 | res=1.84e-04 | grad=2.17e-01 | 1.2s
[   645] loss=-0.0003 | res=3.26e-04 | grad=2.03e-01 | 1.2s
[   646] loss=-0.0002 | res=1.55e-04 | grad=1.81e-01 | 1.2s
[   647] loss=-0.0003 | res=1.20e-04 | grad=2.48e-01 | 1.2s
[   648] loss=-0.0010 | res=1.42e-04 | grad=2.90e-01 | 1.2s
[   649] loss=-0.0012 | res=1.86e-04 | grad=3.64e-01 | 1.2s
[   650] loss=-0.0007 | res=2.29e-04 | grad=3.45e-01 | 1.2s
[   651] loss=-0.0028 | res=4.92e-05 | grad=3.95e-01 | 1.2s
[   652] loss=-0.0012 | res=2.21e-04 | grad=2.54e-01 | 1.2s
[   653] loss=-0.0032 | res=1.57e-04 | grad=2.31e-01 | 1.2s
[   654] loss=-0.0018 | res=2.00e-04 | grad=1.87e-01 | 1.2s
[   655] loss=-0.0008 | res=1.75e-04 | grad=2.94e-01 | 1.2s
[   656] loss=-0.0017 | res=2.66e-04 | grad=2.74e-01 | 1.2s
[   657] loss=-0.0023 | res=9.80e-05 | grad=2.91e-01 | 1.2s
[   658] loss=0.0006 | res=1.09e-04 | grad=3.85e-01 | 1.2s
[   659] loss=-0.0025 | res=1.13e-04 | grad=1.86e-01 | 1.2s
[   660] loss=-0.0020 | res=1.42e-04 | grad=1.71e-01 | 1.2s
[   661] loss=-0.0024 | res=2.21e-04 | grad=2.40e-01 | 1.2s
[   662] loss=-0.0014 | res=1.02e-04 | grad=1.92e-01 | 1.2s
[   663] loss=-0.0039 | res=2.55e-04 | grad=2.65e-01 | 1.2s
[   664] loss=-0.0003 | res=1.65e-04 | grad=2.12e-01 | 1.2s
[   665] loss=0.0006 | res=2.10e-04 | grad=2.72e-01 | 1.2s
[   666] loss=-0.0029 | res=1.97e-04 | grad=3.12e-01 | 1.2s
[   667] loss=-0.0024 | res=1.85e-04 | grad=2.39e-01 | 1.2s
[   668] loss=-0.0023 | res=1.77e-04 | grad=2.26e-01 | 1.2s
[   669] loss=-0.0010 | res=1.48e-04 | grad=2.54e-01 | 1.2s
[   670] loss=-0.0010 | res=1.04e-04 | grad=1.93e-01 | 1.2s
[   671] loss=-0.0023 | res=1.33e-04 | grad=2.16e-01 | 1.2s
[   672] loss=-0.0019 | res=3.65e-04 | grad=1.91e-01 | 1.2s
[   673] loss=-0.0032 | res=1.85e-04 | grad=2.17e-01 | 1.2s
[   674] loss=0.0002 | res=1.07e-04 | grad=2.68e-01 | 1.2s
[   675] loss=-0.0014 | res=2.05e-04 | grad=2.30e-01 | 1.2s
[   676] loss=-0.0001 | res=9.02e-05 | grad=3.29e-01 | 1.2s
[   677] loss=-0.0022 | res=2.89e-04 | grad=1.91e-01 | 1.2s
[   678] loss=0.0000 | res=1.87e-04 | grad=2.66e-01 | 1.2s
[   679] loss=-0.0022 | res=2.62e-04 | grad=2.99e-01 | 1.2s
[   680] loss=-0.0012 | res=2.25e-04 | grad=1.85e-01 | 1.2s
[   681] loss=-0.0012 | res=2.32e-04 | grad=2.28e-01 | 1.2s
[   682] loss=-0.0012 | res=1.16e-04 | grad=1.82e-01 | 1.2s
[   683] loss=-0.0033 | res=1.88e-04 | grad=3.39e-01 | 1.2s
[   684] loss=-0.0024 | res=9.73e-05 | grad=3.13e-01 | 1.2s
[   685] loss=0.0003 | res=5.40e-05 | grad=3.46e-01 | 1.2s
[   686] loss=-0.0014 | res=2.82e-04 | grad=1.93e-01 | 1.2s
[   687] loss=-0.0035 | res=3.03e-04 | grad=2.05e-01 | 1.2s
[   688] loss=-0.0025 | res=1.86e-04 | grad=1.72e-01 | 1.2s
[   689] loss=-0.0016 | res=2.11e-04 | grad=1.85e-01 | 1.2s
[   690] loss=-0.0018 | res=2.45e-04 | grad=2.26e-01 | 1.2s
[   691] loss=-0.0026 | res=1.50e-04 | grad=1.99e-01 | 1.2s
[   692] loss=-0.0026 | res=2.39e-04 | grad=2.04e-01 | 1.2s
[   693] loss=-0.0015 | res=1.59e-04 | grad=2.13e-01 | 1.2s
[   694] loss=-0.0006 | res=1.70e-04 | grad=2.55e-01 | 1.2s
[   695] loss=-0.0023 | res=1.54e-04 | grad=1.48e-01 | 1.2s
[   696] loss=-0.0009 | res=2.00e-04 | grad=2.41e-01 | 1.2s
[   697] loss=-0.0008 | res=1.12e-04 | grad=2.00e-01 | 1.2s
[   698] loss=-0.0021 | res=6.23e-05 | grad=2.44e-01 | 1.3s
[   699] loss=-0.0024 | res=6.46e-05 | grad=2.38e-01 | 1.3s
[   700] loss=-0.0015 | res=1.09e-04 | grad=2.32e-01 | 1.3s
[   701] loss=-0.0006 | res=2.11e-04 | grad=2.02e-01 | 1.3s
[   702] loss=-0.0013 | res=9.28e-05 | grad=2.18e-01 | 1.2s
[   703] loss=-0.0026 | res=1.85e-04 | grad=2.39e-01 | 1.2s
[   704] loss=-0.0017 | res=1.71e-04 | grad=1.85e-01 | 1.2s
[   705] loss=-0.0027 | res=1.44e-04 | grad=1.87e-01 | 1.2s
[   706] loss=-0.0027 | res=1.37e-04 | grad=2.30e-01 | 1.2s
[   707] loss=-0.0034 | res=1.43e-04 | grad=2.02e-01 | 1.2s
[   708] loss=-0.0027 | res=2.44e-04 | grad=1.92e-01 | 1.2s
[   709] loss=-0.0024 | res=1.43e-04 | grad=2.34e-01 | 1.2s
[   710] loss=-0.0023 | res=1.18e-04 | grad=2.47e-01 | 1.2s
[   711] loss=-0.0009 | res=1.75e-04 | grad=3.23e-01 | 1.2s
[   712] loss=-0.0014 | res=3.05e-04 | grad=2.41e-01 | 1.2s
[   713] loss=-0.0034 | res=2.38e-04 | grad=2.90e-01 | 1.2s
[   714] loss=-0.0029 | res=2.09e-04 | grad=2.47e-01 | 1.2s
[   715] loss=-0.0004 | res=7.15e-05 | grad=3.02e-01 | 1.2s
[   716] loss=-0.0013 | res=2.03e-04 | grad=2.30e-01 | 1.2s
[   717] loss=-0.0017 | res=2.36e-04 | grad=2.40e-01 | 1.2s
[   718] loss=-0.0004 | res=1.06e-04 | grad=2.46e-01 | 1.2s
[   719] loss=-0.0014 | res=2.38e-04 | grad=2.20e-01 | 1.2s
[   720] loss=-0.0026 | res=1.16e-04 | grad=2.33e-01 | 1.2s
[   721] loss=-0.0013 | res=2.10e-04 | grad=3.18e-01 | 1.2s
[   722] loss=-0.0011 | res=1.89e-04 | grad=2.20e-01 | 1.2s
[   723] loss=-0.0006 | res=1.47e-04 | grad=2.10e-01 | 1.2s
[   724] loss=-0.0018 | res=8.91e-05 | grad=2.18e-01 | 1.2s
[   725] loss=-0.0013 | res=1.37e-04 | grad=2.81e-01 | 1.2s
[   726] loss=-0.0028 | res=3.08e-04 | grad=1.93e-01 | 1.2s
[   727] loss=0.0001 | res=1.76e-04 | grad=2.84e-01 | 1.2s
[   728] loss=-0.0006 | res=1.20e-04 | grad=2.75e-01 | 1.2s
[   729] loss=-0.0035 | res=2.13e-04 | grad=2.31e-01 | 1.2s
[   730] loss=-0.0023 | res=1.81e-04 | grad=1.82e-01 | 1.2s
[   731] loss=-0.0013 | res=2.45e-04 | grad=2.30e-01 | 1.2s
[   732] loss=-0.0022 | res=7.43e-05 | grad=2.08e-01 | 1.2s
[   733] loss=-0.0016 | res=3.93e-04 | grad=1.65e-01 | 1.2s
[   734] loss=-0.0021 | res=5.58e-05 | grad=2.20e-01 | 1.2s
[   735] loss=-0.0043 | res=2.01e-04 | grad=3.18e-01 | 1.2s
[   736] loss=-0.0010 | res=2.14e-04 | grad=2.04e-01 | 1.2s
[   737] loss=-0.0001 | res=1.31e-04 | grad=3.08e-01 | 1.2s
[   738] loss=-0.0009 | res=3.17e-04 | grad=1.84e-01 | 1.2s
[   739] loss=-0.0042 | res=1.52e-04 | grad=2.89e-01 | 1.2s
[   740] loss=-0.0014 | res=1.50e-04 | grad=1.99e-01 | 1.2s
[   741] loss=-0.0004 | res=2.24e-04 | grad=2.44e-01 | 1.2s
[   742] loss=-0.0019 | res=1.47e-04 | grad=2.22e-01 | 1.2s
[   743] loss=-0.0034 | res=3.07e-04 | grad=1.95e-01 | 1.2s
[   744] loss=-0.0020 | res=2.55e-04 | grad=1.60e-01 | 1.2s
[   745] loss=-0.0025 | res=1.28e-04 | grad=2.05e-01 | 1.3s
[   746] loss=-0.0012 | res=1.52e-04 | grad=2.40e-01 | 1.2s
[   747] loss=-0.0029 | res=1.27e-04 | grad=2.19e-01 | 1.2s
[   748] loss=-0.0032 | res=2.81e-04 | grad=1.90e-01 | 1.2s
[   749] loss=-0.0019 | res=1.16e-04 | grad=1.90e-01 | 1.2s
[   750] loss=-0.0012 | res=1.04e-04 | grad=2.14e-01 | 1.2s
[   751] loss=-0.0011 | res=7.68e-05 | grad=2.61e-01 | 1.2s
[   752] loss=-0.0012 | res=1.49e-04 | grad=2.12e-01 | 1.2s
[   753] loss=-0.0023 | res=1.82e-04 | grad=1.84e-01 | 1.2s
[   754] loss=-0.0030 | res=1.84e-04 | grad=2.12e-01 | 1.2s
[   755] loss=-0.0019 | res=1.86e-04 | grad=2.19e-01 | 1.2s
[   756] loss=-0.0013 | res=2.29e-04 | grad=1.83e-01 | 1.2s
[   757] loss=-0.0031 | res=1.37e-04 | grad=2.68e-01 | 1.2s
[   758] loss=-0.0001 | res=1.29e-04 | grad=2.48e-01 | 1.2s
[   759] loss=-0.0018 | res=1.28e-04 | grad=2.03e-01 | 1.2s
[   760] loss=-0.0013 | res=2.16e-04 | grad=2.01e-01 | 1.2s
[   761] loss=-0.0031 | res=1.32e-04 | grad=2.51e-01 | 1.2s
[   762] loss=-0.0005 | res=1.87e-04 | grad=2.51e-01 | 1.2s
[   763] loss=-0.0009 | res=1.69e-04 | grad=2.17e-01 | 1.2s
[   764] loss=-0.0025 | res=5.69e-05 | grad=2.41e-01 | 1.2s
[   765] loss=-0.0017 | res=1.99e-04 | grad=1.90e-01 | 1.2s
[   766] loss=-0.0014 | res=1.98e-04 | grad=1.83e-01 | 1.2s
[   767] loss=-0.0017 | res=2.48e-04 | grad=1.87e-01 | 1.2s
[   768] loss=-0.0021 | res=3.21e-04 | grad=2.04e-01 | 1.2s
[   769] loss=-0.0017 | res=2.38e-04 | grad=1.72e-01 | 1.2s
[   770] loss=-0.0019 | res=1.01e-04 | grad=2.14e-01 | 1.2s
[   771] loss=-0.0031 | res=2.34e-04 | grad=2.46e-01 | 1.2s
[   772] loss=-0.0002 | res=2.28e-04 | grad=2.59e-01 | 1.2s
[   773] loss=-0.0025 | res=1.91e-04 | grad=2.17e-01 | 1.2s
[   774] loss=-0.0001 | res=8.84e-05 | grad=3.13e-01 | 1.2s
[   775] loss=-0.0021 | res=2.33e-04 | grad=1.97e-01 | 1.2s
[   776] loss=-0.0030 | res=8.87e-05 | grad=2.52e-01 | 1.2s
[   777] loss=-0.0019 | res=9.07e-05 | grad=2.03e-01 | 1.2s
[   778] loss=-0.0029 | res=1.45e-04 | grad=1.59e-01 | 1.2s
[   779] loss=-0.0024 | res=1.86e-04 | grad=2.07e-01 | 1.2s
[   780] loss=-0.0014 | res=2.68e-04 | grad=2.30e-01 | 1.2s
[   781] loss=-0.0027 | res=2.05e-04 | grad=1.89e-01 | 1.2s
[   782] loss=-0.0023 | res=1.56e-04 | grad=1.75e-01 | 1.2s
[   783] loss=-0.0026 | res=2.35e-04 | grad=2.10e-01 | 1.2s
[   784] loss=-0.0021 | res=2.08e-04 | grad=2.17e-01 | 1.2s
[   785] loss=-0.0003 | res=1.65e-04 | grad=2.40e-01 | 1.2s
[   786] loss=-0.0009 | res=1.58e-04 | grad=2.10e-01 | 1.2s
[   787] loss=-0.0029 | res=2.22e-04 | grad=1.99e-01 | 1.2s
[   788] loss=-0.0011 | res=8.65e-05 | grad=1.95e-01 | 1.2s
[   789] loss=-0.0010 | res=1.20e-04 | grad=2.04e-01 | 1.2s
[   790] loss=-0.0031 | res=1.96e-04 | grad=2.85e-01 | 1.2s
[   791] loss=-0.0009 | res=1.62e-04 | grad=1.65e-01 | 1.2s
[   792] loss=-0.0023 | res=1.42e-04 | grad=3.02e-01 | 1.2s
[   793] loss=-0.0021 | res=2.71e-04 | grad=2.18e-01 | 1.2s
[   794] loss=0.0001 | res=1.90e-04 | grad=2.74e-01 | 1.2s
[   795] loss=0.0005 | res=2.06e-04 | grad=3.45e-01 | 1.2s
[   796] loss=-0.0022 | res=1.44e-04 | grad=1.99e-01 | 1.2s
[   797] loss=-0.0020 | res=1.46e-04 | grad=1.89e-01 | 1.3s
[   798] loss=-0.0030 | res=1.62e-04 | grad=2.38e-01 | 1.3s
[   799] loss=-0.0015 | res=1.95e-04 | grad=1.92e-01 | 1.3s
[   800] loss=-0.0011 | res=2.74e-04 | grad=2.44e-01 | 1.3s
[   801] loss=-0.0011 | res=4.75e-05 | grad=1.85e-01 | 1.2s
[   802] loss=-0.0008 | res=8.54e-05 | grad=1.84e-01 | 1.2s
[   803] loss=-0.0020 | res=1.71e-04 | grad=2.11e-01 | 1.2s
[   804] loss=-0.0026 | res=1.39e-04 | grad=3.39e-01 | 1.2s
[   805] loss=0.0004 | res=1.94e-04 | grad=3.09e-01 | 1.2s
[   806] loss=-0.0014 | res=1.00e-04 | grad=1.91e-01 | 1.2s
[   807] loss=-0.0023 | res=1.37e-04 | grad=2.09e-01 | 1.2s
[   808] loss=-0.0004 | res=1.02e-04 | grad=2.65e-01 | 1.2s
[   809] loss=0.0002 | res=1.47e-04 | grad=2.54e-01 | 1.2s
[   810] loss=-0.0011 | res=1.08e-04 | grad=1.91e-01 | 1.2s
[   811] loss=-0.0014 | res=1.58e-04 | grad=2.63e-01 | 1.2s
[   812] loss=-0.0029 | res=1.05e-04 | grad=4.01e-01 | 1.2s
[   813] loss=-0.0015 | res=1.55e-04 | grad=2.31e-01 | 1.2s
[   814] loss=-0.0026 | res=1.32e-04 | grad=2.27e-01 | 1.2s
[   815] loss=-0.0008 | res=1.71e-04 | grad=2.01e-01 | 1.2s
[   816] loss=-0.0019 | res=1.91e-04 | grad=2.12e-01 | 1.2s
[   817] loss=-0.0023 | res=6.30e-05 | grad=1.65e-01 | 1.2s
[   818] loss=-0.0003 | res=1.65e-04 | grad=2.62e-01 | 1.2s
[   819] loss=-0.0008 | res=2.25e-04 | grad=2.55e-01 | 1.2s
[   820] loss=0.0002 | res=2.61e-04 | grad=3.24e-01 | 1.2s
[   821] loss=-0.0015 | res=2.37e-04 | grad=1.67e-01 | 1.2s
[   822] loss=-0.0020 | res=1.87e-04 | grad=1.88e-01 | 1.2s
[   823] loss=-0.0024 | res=1.16e-04 | grad=3.07e-01 | 1.2s
[   824] loss=-0.0019 | res=2.45e-04 | grad=2.67e-01 | 1.2s
[   825] loss=-0.0021 | res=1.06e-04 | grad=2.30e-01 | 1.2s
[   826] loss=-0.0011 | res=1.24e-04 | grad=2.21e-01 | 1.2s
[   827] loss=-0.0004 | res=1.43e-04 | grad=2.24e-01 | 1.2s
[   828] loss=-0.0021 | res=1.17e-04 | grad=1.77e-01 | 1.2s
[   829] loss=-0.0028 | res=1.86e-04 | grad=2.03e-01 | 1.2s
[   830] loss=-0.0008 | res=7.60e-05 | grad=2.17e-01 | 1.2s
[   831] loss=-0.0003 | res=2.53e-04 | grad=2.93e-01 | 1.2s
[   832] loss=0.0009 | res=2.23e-04 | grad=3.56e-01 | 1.2s
[   833] loss=-0.0020 | res=1.97e-04 | grad=1.90e-01 | 1.2s
[   834] loss=-0.0013 | res=2.09e-04 | grad=2.06e-01 | 1.2s
[   835] loss=-0.0017 | res=1.82e-04 | grad=2.20e-01 | 1.2s
[   836] loss=-0.0021 | res=2.35e-04 | grad=2.98e-01 | 1.2s
[   837] loss=0.0007 | res=2.31e-04 | grad=3.22e-01 | 1.2s
[   838] loss=-0.0004 | res=1.86e-04 | grad=1.99e-01 | 1.2s
[   839] loss=-0.0015 | res=1.86e-04 | grad=2.19e-01 | 1.2s
[   840] loss=-0.0010 | res=9.41e-05 | grad=2.45e-01 | 1.2s
[   841] loss=-0.0008 | res=2.21e-04 | grad=2.60e-01 | 1.2s
[   842] loss=-0.0014 | res=1.04e-04 | grad=1.73e-01 | 1.2s
[   843] loss=-0.0023 | res=2.54e-04 | grad=2.88e-01 | 1.2s
[   844] loss=-0.0018 | res=2.48e-04 | grad=2.14e-01 | 1.2s
[   845] loss=-0.0024 | res=1.12e-04 | grad=1.83e-01 | 1.2s
[   846] loss=-0.0014 | res=1.21e-04 | grad=1.96e-01 | 1.2s
[   847] loss=0.0003 | res=1.85e-04 | grad=3.83e-01 | 1.2s
[   848] loss=-0.0013 | res=2.11e-04 | grad=2.19e-01 | 1.2s
[   849] loss=-0.0026 | res=1.34e-04 | grad=2.06e-01 | 1.2s
[   850] loss=-0.0025 | res=2.58e-04 | grad=1.93e-01 | 1.2s
[   851] loss=-0.0022 | res=1.69e-04 | grad=1.53e-01 | 1.2s
[   852] loss=-0.0005 | res=3.28e-04 | grad=1.86e-01 | 1.2s
[   853] loss=-0.0013 | res=2.72e-04 | grad=2.11e-01 | 1.2s
[   854] loss=-0.0033 | res=3.21e-04 | grad=2.40e-01 | 1.2s
[   855] loss=-0.0015 | res=1.21e-04 | grad=1.95e-01 | 1.2s
[   856] loss=-0.0017 | res=1.78e-04 | grad=2.32e-01 | 1.2s
[   857] loss=-0.0033 | res=1.63e-04 | grad=2.35e-01 | 1.2s
[   858] loss=-0.0009 | res=1.77e-04 | grad=2.02e-01 | 1.2s
[   859] loss=-0.0013 | res=1.73e-04 | grad=2.02e-01 | 1.2s
[   860] loss=-0.0034 | res=1.89e-04 | grad=2.10e-01 | 1.2s
[   861] loss=-0.0015 | res=2.81e-04 | grad=1.93e-01 | 1.2s
[   862] loss=-0.0011 | res=1.39e-04 | grad=1.95e-01 | 1.2s
[   863] loss=-0.0019 | res=1.17e-04 | grad=2.35e-01 | 1.2s
[   864] loss=-0.0024 | res=2.14e-04 | grad=1.76e-01 | 1.2s
[   865] loss=-0.0019 | res=1.36e-04 | grad=1.88e-01 | 1.2s
[   866] loss=-0.0016 | res=1.56e-04 | grad=1.89e-01 | 1.2s
[   867] loss=-0.0037 | res=1.34e-04 | grad=2.67e-01 | 1.2s
[   868] loss=-0.0036 | res=1.11e-04 | grad=1.77e-01 | 1.2s
[   869] loss=-0.0007 | res=1.72e-04 | grad=2.73e-01 | 1.2s
[   870] loss=-0.0015 | res=1.96e-04 | grad=1.88e-01 | 1.2s
[   871] loss=-0.0001 | res=1.54e-04 | grad=3.55e-01 | 1.2s
[   872] loss=-0.0029 | res=1.55e-04 | grad=2.42e-01 | 1.2s
[   873] loss=-0.0011 | res=2.25e-04 | grad=2.03e-01 | 1.2s
[   874] loss=-0.0018 | res=1.95e-04 | grad=1.94e-01 | 1.2s
[   875] loss=-0.0019 | res=1.68e-04 | grad=2.43e-01 | 1.2s
[   876] loss=-0.0003 | res=1.97e-04 | grad=2.05e-01 | 1.2s
[   877] loss=-0.0020 | res=8.07e-05 | grad=2.57e-01 | 1.2s
[   878] loss=-0.0027 | res=1.64e-04 | grad=3.16e-01 | 1.2s
[   879] loss=-0.0006 | res=1.78e-04 | grad=1.86e-01 | 1.2s
[   880] loss=-0.0025 | res=2.77e-04 | grad=2.55e-01 | 1.2s
[   881] loss=-0.0014 | res=1.75e-04 | grad=1.98e-01 | 1.2s
[   882] loss=-0.0013 | res=2.82e-04 | grad=1.68e-01 | 1.2s
[   883] loss=-0.0015 | res=2.02e-04 | grad=2.12e-01 | 1.2s
[   884] loss=0.0008 | res=2.39e-04 | grad=4.03e-01 | 1.2s
[   885] loss=-0.0032 | res=2.40e-04 | grad=1.91e-01 | 1.2s
[   886] loss=-0.0011 | res=1.42e-04 | grad=2.12e-01 | 1.2s
[   887] loss=0.0002 | res=1.23e-04 | grad=2.66e-01 | 1.2s
[   888] loss=-0.0016 | res=2.81e-04 | grad=1.68e-01 | 1.2s
[   889] loss=-0.0039 | res=6.89e-05 | grad=4.09e-01 | 1.2s
[   890] loss=-0.0030 | res=1.47e-04 | grad=2.62e-01 | 1.2s
[   891] loss=-0.0017 | res=2.35e-04 | grad=1.95e-01 | 1.2s
[   892] loss=-0.0023 | res=1.10e-04 | grad=1.88e-01 | 1.2s
[   893] loss=-0.0025 | res=2.57e-04 | grad=1.80e-01 | 1.2s
[   894] loss=-0.0013 | res=1.60e-04 | grad=2.48e-01 | 1.2s
[   895] loss=-0.0026 | res=1.60e-04 | grad=1.53e-01 | 1.2s
[   896] loss=-0.0027 | res=2.22e-04 | grad=1.68e-01 | 1.2s
[   897] loss=-0.0014 | res=2.80e-04 | grad=2.52e-01 | 1.2s
[   898] loss=-0.0007 | res=1.39e-04 | grad=3.18e-01 | 1.2s
[   899] loss=-0.0002 | res=1.83e-04 | grad=3.11e-01 | 1.2s
[   900] loss=-0.0004 | res=1.92e-04 | grad=2.20e-01 | 1.2s
[   901] loss=-0.0031 | res=1.35e-04 | grad=2.52e-01 | 1.2s
[   902] loss=-0.0013 | res=1.21e-04 | grad=1.87e-01 | 1.2s
[   903] loss=-0.0032 | res=8.32e-05 | grad=2.93e-01 | 1.2s
[   904] loss=-0.0026 | res=1.29e-04 | grad=2.10e-01 | 1.2s
[   905] loss=-0.0008 | res=2.14e-04 | grad=1.87e-01 | 1.2s
[   906] loss=-0.0007 | res=1.23e-04 | grad=1.94e-01 | 1.2s
[   907] loss=-0.0025 | res=1.38e-04 | grad=2.05e-01 | 1.2s
[   908] loss=-0.0012 | res=2.33e-04 | grad=2.09e-01 | 1.2s
[   909] loss=-0.0013 | res=1.99e-04 | grad=1.80e-01 | 1.2s
[   910] loss=-0.0031 | res=1.69e-04 | grad=1.84e-01 | 1.2s
[   911] loss=-0.0027 | res=2.64e-04 | grad=1.52e-01 | 1.2s
[   912] loss=-0.0025 | res=1.32e-04 | grad=1.89e-01 | 1.2s
[   913] loss=-0.0045 | res=2.01e-04 | grad=3.03e-01 | 1.2s
[   914] loss=-0.0023 | res=1.99e-04 | grad=2.07e-01 | 1.2s
[   915] loss=-0.0011 | res=1.82e-04 | grad=2.40e-01 | 1.2s
[   916] loss=-0.0008 | res=1.73e-04 | grad=2.73e-01 | 1.2s
[   917] loss=-0.0025 | res=1.58e-04 | grad=1.88e-01 | 1.2s
[   918] loss=-0.0002 | res=2.49e-04 | grad=2.68e-01 | 1.2s
[   919] loss=-0.0020 | res=1.66e-04 | grad=1.73e-01 | 1.2s
[   920] loss=-0.0034 | res=1.20e-04 | grad=2.93e-01 | 1.2s
[   921] loss=-0.0013 | res=4.60e-05 | grad=1.86e-01 | 1.2s
[   922] loss=-0.0027 | res=2.32e-04 | grad=2.43e-01 | 1.2s
[   923] loss=-0.0016 | res=1.04e-04 | grad=1.65e-01 | 1.2s
[   924] loss=-0.0009 | res=3.08e-05 | grad=2.13e-01 | 1.2s
[   925] loss=-0.0027 | res=1.59e-04 | grad=1.86e-01 | 1.2s
[   926] loss=-0.0031 | res=1.55e-04 | grad=1.85e-01 | 1.2s
[   927] loss=-0.0011 | res=1.14e-04 | grad=3.02e-01 | 1.2s
[   928] loss=-0.0032 | res=2.42e-04 | grad=1.89e-01 | 1.2s
[   929] loss=-0.0022 | res=1.21e-04 | grad=1.87e-01 | 1.2s
[   930] loss=-0.0008 | res=2.32e-04 | grad=2.89e-01 | 1.2s
[   931] loss=-0.0017 | res=1.58e-04 | grad=2.00e-01 | 1.2s
[   932] loss=-0.0015 | res=1.62e-04 | grad=2.07e-01 | 1.2s
[   933] loss=0.0004 | res=2.15e-04 | grad=3.20e-01 | 1.2s
[   934] loss=0.0000 | res=2.31e-04 | grad=2.68e-01 | 1.2s
[   935] loss=-0.0023 | res=1.49e-04 | grad=3.01e-01 | 1.2s
[   936] loss=-0.0015 | res=1.96e-04 | grad=2.99e-01 | 1.2s
[   937] loss=0.0002 | res=2.15e-04 | grad=2.01e-01 | 1.2s
[   938] loss=-0.0017 | res=5.19e-05 | grad=3.25e-01 | 1.2s
[   939] loss=-0.0016 | res=6.40e-05 | grad=3.52e-01 | 1.2s
[   940] loss=-0.0020 | res=1.44e-04 | grad=1.56e-01 | 1.2s
[   941] loss=-0.0021 | res=1.97e-04 | grad=2.55e-01 | 1.2s
[   942] loss=-0.0019 | res=1.91e-04 | grad=1.35e-01 | 1.2s
[   943] loss=-0.0007 | res=1.06e-04 | grad=2.67e-01 | 1.2s
[   944] loss=0.0005 | res=2.09e-04 | grad=3.86e-01 | 1.2s
[   945] loss=-0.0022 | res=2.01e-04 | grad=2.16e-01 | 1.2s
[   946] loss=-0.0015 | res=2.22e-04 | grad=2.20e-01 | 1.2s
[   947] loss=-0.0005 | res=1.26e-04 | grad=3.00e-01 | 1.2s
[   948] loss=-0.0038 | res=1.19e-04 | grad=3.25e-01 | 1.2s
[   949] loss=-0.0030 | res=1.80e-04 | grad=2.14e-01 | 1.2s
[   950] loss=-0.0018 | res=1.53e-04 | grad=2.09e-01 | 1.2s
[   951] loss=-0.0019 | res=1.85e-04 | grad=2.16e-01 | 1.2s
[   952] loss=-0.0027 | res=1.37e-04 | grad=1.61e-01 | 1.2s
[   953] loss=-0.0013 | res=1.26e-04 | grad=1.84e-01 | 1.2s
[   954] loss=-0.0028 | res=2.01e-04 | grad=1.95e-01 | 1.2s
[   955] loss=-0.0035 | res=9.65e-05 | grad=2.52e-01 | 1.2s
[   956] loss=-0.0013 | res=9.56e-05 | grad=2.15e-01 | 1.2s
[   957] loss=-0.0005 | res=2.28e-04 | grad=3.09e-01 | 1.2s
[   958] loss=-0.0027 | res=1.77e-04 | grad=1.84e-01 | 1.2s
[   959] loss=-0.0023 | res=1.94e-04 | grad=1.83e-01 | 1.2s
[   960] loss=-0.0012 | res=1.65e-04 | grad=2.57e-01 | 1.2s
[   961] loss=-0.0005 | res=1.68e-04 | grad=2.56e-01 | 1.2s
[   962] loss=-0.0010 | res=1.96e-04 | grad=1.85e-01 | 1.2s
[   963] loss=-0.0018 | res=1.77e-04 | grad=1.75e-01 | 1.2s
[   964] loss=-0.0021 | res=2.06e-04 | grad=2.20e-01 | 1.2s
[   965] loss=-0.0014 | res=1.03e-04 | grad=2.23e-01 | 1.2s
[   966] loss=-0.0021 | res=3.11e-04 | grad=2.69e-01 | 1.2s
[   967] loss=-0.0022 | res=1.06e-04 | grad=2.83e-01 | 1.2s
[   968] loss=-0.0015 | res=1.48e-04 | grad=1.98e-01 | 1.2s
[   969] loss=-0.0011 | res=1.99e-04 | grad=1.80e-01 | 1.2s
[   970] loss=-0.0013 | res=1.77e-04 | grad=1.98e-01 | 1.2s
[   971] loss=-0.0017 | res=1.93e-04 | grad=1.67e-01 | 1.2s
[   972] loss=-0.0020 | res=1.32e-04 | grad=1.73e-01 | 1.2s
[   973] loss=-0.0015 | res=1.92e-04 | grad=1.77e-01 | 1.2s
[   974] loss=-0.0038 | res=1.42e-04 | grad=1.94e-01 | 1.2s
[   975] loss=-0.0048 | res=1.74e-04 | grad=2.77e-01 | 1.2s
[   976] loss=-0.0045 | res=5.43e-05 | grad=1.81e-01 | 1.2s
[   977] loss=-0.0042 | res=2.16e-04 | grad=1.92e-01 | 1.2s
[   978] loss=0.0001 | res=1.17e-04 | grad=4.16e-01 | 1.2s
[   979] loss=-0.0003 | res=1.54e-04 | grad=3.57e-01 | 1.2s
[   980] loss=-0.0018 | res=1.53e-04 | grad=2.44e-01 | 1.2s
[   981] loss=-0.0031 | res=2.68e-04 | grad=1.66e-01 | 1.2s
[   982] loss=-0.0002 | res=2.00e-04 | grad=2.87e-01 | 1.2s
[   983] loss=-0.0011 | res=3.60e-04 | grad=1.81e-01 | 1.2s
[   984] loss=-0.0008 | res=9.38e-05 | grad=1.54e-01 | 1.2s
[   985] loss=-0.0007 | res=3.59e-04 | grad=1.98e-01 | 1.2s
[   986] loss=-0.0018 | res=1.30e-04 | grad=2.50e-01 | 1.2s
[   987] loss=-0.0009 | res=1.91e-04 | grad=2.37e-01 | 1.2s
[   988] loss=-0.0026 | res=2.01e-04 | grad=3.70e-01 | 1.2s
[   989] loss=-0.0010 | res=1.38e-04 | grad=1.80e-01 | 1.2s
[   990] loss=-0.0009 | res=2.58e-04 | grad=1.37e-01 | 1.2s
[   991] loss=-0.0022 | res=7.10e-05 | grad=1.96e-01 | 1.2s
[   992] loss=-0.0012 | res=1.51e-04 | grad=1.64e-01 | 1.2s
[   993] loss=-0.0009 | res=1.49e-04 | grad=1.76e-01 | 1.2s
[   994] loss=-0.0028 | res=1.72e-04 | grad=1.86e-01 | 1.2s
[   995] loss=-0.0015 | res=1.51e-04 | grad=1.81e-01 | 1.2s
[   996] loss=-0.0033 | res=9.16e-05 | grad=1.89e-01 | 1.2s
[   997] loss=-0.0019 | res=5.65e-05 | grad=1.71e-01 | 1.2s
[   998] loss=-0.0016 | res=1.70e-04 | grad=2.14e-01 | 1.2s
[   999] loss=-0.0039 | res=3.27e-04 | grad=1.58e-01 | 1.2s
[  1000] loss=0.0011 | res=2.23e-04 | grad=3.30e-01 | 1.2s
2026-01-22 22:32:55.560248: E external/xla/xla/service/slow_operation_alarm.cc:65] Constant folding an instruction is taking > 1s:

  %reduce.94 = f64[1024,512]{1,0} reduce(f64[1024,512,31]{2,1,0} %broadcast.344, f64[] %constant.168), dimensions={2}, to_apply=%region_5.74, metadata={op_name="jit(solve_one)/jit(main)/vmap(while)/body/jvp(MLP)/phi/vmap(vmap(jit(norm)))/reduce_sum" source_file="/home/sjbhatt/riemannian-neural-ot/src/manifolds.py" source_line=189}

This isn't necessarily a bug; constant-folding is inherently a trade-off between compilation time and speed at runtime. XLA has some guards that attempt to keep constant folding from taking too long, but fundamentally you'll always be able to come up with an input program that takes a long time.

If you'd like to file a bug, run with envvar XLA_FLAGS=--xla_dump_to=/tmp/foo and attach the results.
2026-01-22 22:32:56.357272: E external/xla/xla/service/slow_operation_alarm.cc:133] The operation took 1.797156961s
Constant folding an instruction is taking > 1s:

  %reduce.94 = f64[1024,512]{1,0} reduce(f64[1024,512,31]{2,1,0} %broadcast.344, f64[] %constant.168), dimensions={2}, to_apply=%region_5.74, metadata={op_name="jit(solve_one)/jit(main)/vmap(while)/body/jvp(MLP)/phi/vmap(vmap(jit(norm)))/reduce_sum" source_file="/home/sjbhatt/riemannian-neural-ot/src/manifolds.py" source_line=189}

This isn't necessarily a bug; constant-folding is inherently a trade-off between compilation time and speed at runtime. XLA has some guards that attempt to keep constant folding from taking too long, but fundamentally you'll always be able to come up with an input program that takes a long time.

If you'd like to file a bug, run with envvar XLA_FLAGS=--xla_dump_to=/tmp/foo and attach the results.
  KL = 0.0297 +/- 0.0026  |  ESS = 949.5 (ratio: 0.927)
  Runtime = 1211.9s

[Ours] Training on S40...
  [High-D scaling] n_landmarks: 128 -> 512, hidden_dims: (128, 128) -> (128, 128)
/home/sjbhatt/anaconda3/envs/rcpms-jax/lib/python3.10/site-packages/jax/_src/ops/scatter.py:92: FutureWarning: scatter inputs have incompatible types: cannot safely cast value from dtype=int64 to dtype=int32 with jax_numpy_dtype_promotion='standard'. In future JAX releases this will result in an error.
  warnings.warn(
/home/sjbhatt/anaconda3/envs/rcpms-jax/lib/python3.10/site-packages/jax/_src/ops/scatter.py:92: FutureWarning: scatter inputs have incompatible types: cannot safely cast value from dtype=int64 to dtype=int32 with jax_numpy_dtype_promotion='standard'. In future JAX releases this will result in an error.
  warnings.warn(
[     1] loss=0.1500 | res=4.90e-03 | grad=5.38e+00 | 8.6s
[     2] loss=0.0481 | res=2.98e-03 | grad=2.35e+00 | 1.2s
[     3] loss=0.0210 | res=2.25e-03 | grad=1.80e+00 | 1.2s
[     4] loss=0.0025 | res=2.01e-03 | grad=1.61e+00 | 1.2s
[     5] loss=-0.0128 | res=8.72e-04 | grad=1.35e+00 | 1.3s
[     6] loss=-0.0167 | res=1.27e-03 | grad=1.10e+00 | 1.2s
[     7] loss=-0.0153 | res=1.27e-03 | grad=1.18e+00 | 1.3s
[     8] loss=-0.0272 | res=6.30e-04 | grad=8.54e-01 | 1.2s
[     9] loss=-0.0246 | res=6.07e-04 | grad=7.40e-01 | 1.3s
[    10] loss=-0.0401 | res=4.47e-04 | grad=7.61e-01 | 1.2s
[    11] loss=-0.0423 | res=5.29e-04 | grad=7.78e-01 | 1.2s
[    12] loss=-0.0420 | res=4.80e-04 | grad=7.58e-01 | 1.3s
[    13] loss=-0.0432 | res=5.74e-04 | grad=6.71e-01 | 1.2s
[    14] loss=-0.0280 | res=6.63e-04 | grad=8.43e-01 | 1.3s
[    15] loss=-0.0423 | res=2.83e-04 | grad=5.73e-01 | 1.2s
[    16] loss=-0.0465 | res=4.88e-04 | grad=7.22e-01 | 1.2s
[    17] loss=-0.0383 | res=5.32e-04 | grad=6.47e-01 | 1.2s
[    18] loss=-0.0384 | res=7.63e-04 | grad=6.41e-01 | 1.2s
[    19] loss=-0.0333 | res=7.18e-04 | grad=6.13e-01 | 1.2s
[    20] loss=-0.0422 | res=8.29e-04 | grad=5.72e-01 | 1.3s
[    21] loss=-0.0498 | res=3.22e-04 | grad=1.07e+00 | 1.3s
[    22] loss=-0.0487 | res=4.20e-04 | grad=5.94e-01 | 1.2s
[    23] loss=-0.0382 | res=4.61e-04 | grad=7.31e-01 | 1.2s
[    24] loss=-0.0469 | res=5.60e-04 | grad=6.60e-01 | 1.2s
[    25] loss=-0.0459 | res=6.38e-04 | grad=6.23e-01 | 1.3s
[    26] loss=-0.0426 | res=3.15e-04 | grad=8.17e-01 | 1.2s
[    27] loss=-0.0402 | res=5.49e-04 | grad=6.88e-01 | 1.2s
[    28] loss=-0.0435 | res=2.87e-04 | grad=5.66e-01 | 1.3s
[    29] loss=-0.0454 | res=2.52e-04 | grad=4.46e-01 | 1.2s
[    30] loss=-0.0487 | res=1.07e-04 | grad=9.11e-01 | 1.2s
[    31] loss=-0.0522 | res=2.01e-04 | grad=8.44e-01 | 1.3s
[    32] loss=-0.0520 | res=4.48e-04 | grad=6.55e-01 | 1.2s
[    33] loss=-0.0449 | res=6.46e-04 | grad=6.91e-01 | 1.3s
[    34] loss=-0.0413 | res=4.20e-04 | grad=8.49e-01 | 1.2s
[    35] loss=-0.0526 | res=3.85e-04 | grad=6.49e-01 | 1.3s
[    36] loss=-0.0525 | res=2.52e-04 | grad=4.24e-01 | 1.2s
[    37] loss=-0.0499 | res=3.30e-04 | grad=4.84e-01 | 1.2s
[    38] loss=-0.0419 | res=4.97e-04 | grad=6.29e-01 | 1.3s
[    39] loss=-0.0396 | res=4.22e-04 | grad=6.33e-01 | 1.2s
[    40] loss=-0.0464 | res=6.67e-04 | grad=5.69e-01 | 1.3s
[    41] loss=-0.0480 | res=3.96e-04 | grad=7.36e-01 | 1.3s
[    42] loss=-0.0413 | res=5.39e-04 | grad=6.93e-01 | 1.3s
[    43] loss=-0.0472 | res=4.79e-04 | grad=8.56e-01 | 1.2s
[    44] loss=-0.0511 | res=4.77e-04 | grad=7.57e-01 | 1.3s
[    45] loss=-0.0475 | res=4.26e-04 | grad=5.81e-01 | 1.2s
[    46] loss=-0.0497 | res=3.12e-04 | grad=6.68e-01 | 1.2s
[    47] loss=-0.0478 | res=4.99e-04 | grad=8.02e-01 | 1.2s
[    48] loss=-0.0444 | res=6.15e-04 | grad=8.47e-01 | 1.2s
[    49] loss=-0.0479 | res=2.47e-04 | grad=6.26e-01 | 1.3s
[    50] loss=-0.0473 | res=1.50e-04 | grad=5.43e-01 | 1.3s
[    51] loss=-0.0564 | res=2.18e-04 | grad=9.20e-01 | 1.3s
[    52] loss=-0.0468 | res=3.04e-04 | grad=5.58e-01 | 1.2s
[    53] loss=-0.0510 | res=2.19e-04 | grad=5.97e-01 | 1.3s
[    54] loss=-0.0448 | res=2.72e-04 | grad=4.81e-01 | 1.2s
[    55] loss=-0.0565 | res=2.48e-04 | grad=5.42e-01 | 1.3s
[    56] loss=-0.0465 | res=3.21e-04 | grad=4.93e-01 | 1.2s
[    57] loss=-0.0389 | res=4.67e-04 | grad=9.50e-01 | 1.3s
[    58] loss=-0.0480 | res=3.77e-04 | grad=4.04e-01 | 1.2s
[    59] loss=-0.0458 | res=5.80e-04 | grad=4.66e-01 | 1.2s
[    60] loss=-0.0422 | res=5.01e-04 | grad=4.34e-01 | 1.2s
[    61] loss=-0.0545 | res=4.62e-04 | grad=1.14e+00 | 1.2s
[    62] loss=-0.0451 | res=5.98e-04 | grad=5.12e-01 | 1.2s
[    63] loss=-0.0440 | res=4.14e-04 | grad=4.56e-01 | 1.2s
[    64] loss=-0.0325 | res=2.94e-04 | grad=1.05e+00 | 1.2s
[    65] loss=-0.0530 | res=4.34e-04 | grad=7.04e-01 | 1.3s
[    66] loss=-0.0419 | res=4.74e-04 | grad=5.54e-01 | 1.2s
[    67] loss=-0.0502 | res=3.57e-04 | grad=5.75e-01 | 1.3s
[    68] loss=-0.0486 | res=3.84e-04 | grad=4.89e-01 | 1.3s
[    69] loss=-0.0542 | res=2.21e-04 | grad=6.38e-01 | 1.3s
[    70] loss=-0.0442 | res=5.86e-04 | grad=6.49e-01 | 1.2s
[    71] loss=-0.0478 | res=2.52e-04 | grad=5.50e-01 | 1.3s
[    72] loss=-0.0487 | res=3.87e-04 | grad=5.75e-01 | 1.3s
[    73] loss=-0.0430 | res=2.66e-04 | grad=6.57e-01 | 1.3s
[    74] loss=-0.0496 | res=2.81e-04 | grad=5.81e-01 | 1.3s
[    75] loss=-0.0398 | res=3.26e-04 | grad=5.29e-01 | 1.3s
[    76] loss=-0.0468 | res=4.20e-04 | grad=6.06e-01 | 1.3s
[    77] loss=-0.0462 | res=3.71e-04 | grad=6.10e-01 | 1.3s
[    78] loss=-0.0503 | res=3.72e-04 | grad=7.32e-01 | 1.3s
[    79] loss=-0.0547 | res=5.55e-04 | grad=6.72e-01 | 1.3s
[    80] loss=-0.0525 | res=2.93e-04 | grad=4.63e-01 | 1.3s
[    81] loss=-0.0505 | res=3.18e-04 | grad=8.57e-01 | 1.3s
[    82] loss=-0.0472 | res=7.90e-04 | grad=9.63e-01 | 1.3s
[    83] loss=-0.0479 | res=3.11e-04 | grad=6.99e-01 | 1.3s
[    84] loss=-0.0508 | res=2.26e-04 | grad=4.65e-01 | 1.3s
[    85] loss=-0.0448 | res=2.95e-04 | grad=5.71e-01 | 1.3s
[    86] loss=-0.0510 | res=4.30e-04 | grad=9.39e-01 | 1.3s
[    87] loss=-0.0559 | res=3.67e-04 | grad=1.20e+00 | 1.3s
[    88] loss=-0.0546 | res=3.39e-04 | grad=6.75e-01 | 1.3s
[    89] loss=-0.0503 | res=6.47e-04 | grad=5.06e-01 | 1.3s
[    90] loss=-0.0595 | res=5.56e-04 | grad=4.92e-01 | 1.3s
[    91] loss=-0.0480 | res=9.26e-04 | grad=1.09e+00 | 1.3s
[    92] loss=-0.0374 | res=4.40e-04 | grad=1.63e+00 | 1.3s
[    93] loss=-0.0556 | res=4.40e-04 | grad=4.76e-01 | 1.3s
[    94] loss=-0.0464 | res=3.34e-04 | grad=5.62e-01 | 1.3s
[    95] loss=-0.0453 | res=3.90e-04 | grad=5.16e-01 | 1.3s
[    96] loss=-0.0427 | res=5.67e-04 | grad=6.88e-01 | 1.3s
[    97] loss=-0.0464 | res=3.50e-04 | grad=9.06e-01 | 1.3s
[    98] loss=-0.0480 | res=2.43e-04 | grad=6.85e-01 | 1.3s
[    99] loss=-0.0443 | res=2.52e-04 | grad=4.83e-01 | 1.3s
[   100] loss=-0.0489 | res=2.35e-04 | grad=4.71e-01 | 1.3s
[   101] loss=-0.0541 | res=5.44e-04 | grad=4.42e-01 | 1.3s
[   102] loss=-0.0517 | res=2.88e-04 | grad=5.62e-01 | 1.3s
[   103] loss=-0.0511 | res=8.13e-04 | grad=6.59e-01 | 1.3s
[   104] loss=-0.0435 | res=8.26e-04 | grad=9.51e-01 | 1.3s
[   105] loss=-0.0432 | res=5.10e-04 | grad=7.02e-01 | 1.3s
[   106] loss=-0.0435 | res=7.15e-04 | grad=4.38e-01 | 1.3s
[   107] loss=-0.0571 | res=3.36e-04 | grad=1.38e+00 | 1.3s
[   108] loss=-0.0447 | res=4.50e-04 | grad=7.13e-01 | 1.3s
[   109] loss=-0.0502 | res=2.56e-04 | grad=6.87e-01 | 1.3s
[   110] loss=-0.0450 | res=2.40e-04 | grad=4.68e-01 | 1.2s
[   111] loss=-0.0535 | res=3.99e-04 | grad=4.68e-01 | 1.3s
[   112] loss=-0.0460 | res=7.11e-04 | grad=8.85e-01 | 1.3s
[   113] loss=-0.0641 | res=3.24e-04 | grad=5.29e-01 | 1.3s
[   114] loss=-0.0552 | res=5.50e-04 | grad=7.39e-01 | 1.2s
[   115] loss=-0.0406 | res=4.79e-04 | grad=1.14e+00 | 1.3s
[   116] loss=-0.0437 | res=4.44e-04 | grad=6.32e-01 | 1.3s
[   117] loss=-0.0467 | res=3.55e-04 | grad=4.63e-01 | 1.2s
[   118] loss=-0.0497 | res=3.03e-04 | grad=9.08e-01 | 1.3s
[   119] loss=-0.0401 | res=4.84e-04 | grad=5.85e-01 | 1.3s
[   120] loss=-0.0494 | res=3.95e-04 | grad=1.01e+00 | 1.2s
[   121] loss=-0.0464 | res=3.83e-04 | grad=5.14e-01 | 1.2s
[   122] loss=-0.0432 | res=4.34e-04 | grad=4.33e-01 | 1.2s
[   123] loss=-0.0455 | res=4.03e-04 | grad=4.71e-01 | 1.2s
[   124] loss=-0.0471 | res=2.94e-04 | grad=6.52e-01 | 1.2s
[   125] loss=-0.0573 | res=1.16e-04 | grad=4.86e-01 | 1.2s
[   126] loss=-0.0560 | res=3.26e-04 | grad=4.16e-01 | 1.3s
[   127] loss=-0.0455 | res=3.75e-04 | grad=7.07e-01 | 1.2s
[   128] loss=-0.0597 | res=3.89e-04 | grad=5.40e-01 | 1.2s
[   129] loss=-0.0539 | res=3.32e-04 | grad=4.75e-01 | 1.3s
[   130] loss=-0.0421 | res=5.10e-04 | grad=6.98e-01 | 1.2s
[   131] loss=-0.0491 | res=4.90e-04 | grad=4.11e-01 | 1.3s
[   132] loss=-0.0532 | res=6.30e-04 | grad=6.04e-01 | 1.2s
[   133] loss=-0.0541 | res=2.95e-04 | grad=5.23e-01 | 1.3s
[   134] loss=-0.0558 | res=3.30e-04 | grad=6.57e-01 | 1.2s
[   135] loss=-0.0497 | res=3.12e-04 | grad=4.86e-01 | 1.3s
[   136] loss=-0.0488 | res=2.90e-04 | grad=5.57e-01 | 1.2s
[   137] loss=-0.0510 | res=4.82e-04 | grad=5.75e-01 | 1.2s
[   138] loss=-0.0495 | res=4.55e-04 | grad=5.85e-01 | 1.3s
[   139] loss=-0.0432 | res=6.15e-04 | grad=6.54e-01 | 1.3s
[   140] loss=-0.0402 | res=2.02e-04 | grad=5.03e-01 | 1.3s
[   141] loss=-0.0486 | res=3.37e-04 | grad=6.77e-01 | 1.3s
[   142] loss=-0.0436 | res=2.83e-04 | grad=5.85e-01 | 1.3s
[   143] loss=-0.0528 | res=2.49e-04 | grad=1.00e+00 | 1.3s
[   144] loss=-0.0487 | res=2.96e-04 | grad=6.51e-01 | 1.3s
[   145] loss=-0.0531 | res=4.32e-04 | grad=5.10e-01 | 1.3s
[   146] loss=-0.0365 | res=3.05e-04 | grad=1.29e+00 | 1.3s
[   147] loss=-0.0552 | res=3.17e-04 | grad=4.51e-01 | 1.3s
[   148] loss=-0.0461 | res=6.25e-04 | grad=7.66e-01 | 1.3s
[   149] loss=-0.0439 | res=4.63e-04 | grad=6.21e-01 | 1.3s
[   150] loss=-0.0585 | res=2.31e-04 | grad=8.96e-01 | 1.3s
[   151] loss=-0.0431 | res=5.26e-04 | grad=3.84e-01 | 1.3s
[   152] loss=-0.0401 | res=4.34e-04 | grad=3.68e-01 | 1.3s
[   153] loss=-0.0542 | res=5.31e-04 | grad=1.01e+00 | 1.3s
[   154] loss=-0.0445 | res=3.93e-04 | grad=4.68e-01 | 1.3s
[   155] loss=-0.0401 | res=4.11e-04 | grad=6.52e-01 | 1.3s
[   156] loss=-0.0466 | res=7.23e-04 | grad=3.92e-01 | 1.3s
[   157] loss=-0.0421 | res=4.49e-04 | grad=6.48e-01 | 1.3s
[   158] loss=-0.0474 | res=3.29e-04 | grad=4.47e-01 | 1.3s
[   159] loss=-0.0512 | res=4.99e-04 | grad=5.97e-01 | 1.3s
[   160] loss=-0.0517 | res=2.01e-04 | grad=5.53e-01 | 1.2s
[   161] loss=-0.0460 | res=5.04e-04 | grad=3.99e-01 | 1.3s
[   162] loss=-0.0498 | res=5.43e-04 | grad=3.56e-01 | 1.2s
[   163] loss=-0.0447 | res=3.87e-04 | grad=5.85e-01 | 1.2s
[   164] loss=-0.0520 | res=2.78e-04 | grad=3.89e-01 | 1.2s
[   165] loss=-0.0478 | res=3.92e-04 | grad=3.45e-01 | 1.2s
[   166] loss=-0.0556 | res=4.25e-04 | grad=4.68e-01 | 1.2s
[   167] loss=-0.0477 | res=5.54e-04 | grad=3.79e-01 | 1.2s
[   168] loss=-0.0498 | res=6.70e-04 | grad=4.30e-01 | 1.3s
[   169] loss=-0.0554 | res=3.23e-04 | grad=4.24e-01 | 1.2s
[   170] loss=-0.0518 | res=2.63e-04 | grad=4.41e-01 | 1.2s
[   171] loss=-0.0395 | res=4.81e-04 | grad=8.53e-01 | 1.3s
[   172] loss=-0.0441 | res=5.51e-04 | grad=6.33e-01 | 1.3s
[   173] loss=-0.0430 | res=4.70e-04 | grad=4.14e-01 | 1.3s
[   174] loss=-0.0420 | res=5.40e-04 | grad=4.77e-01 | 1.3s
[   175] loss=-0.0451 | res=3.67e-04 | grad=7.96e-01 | 1.3s
[   176] loss=-0.0559 | res=1.45e-04 | grad=1.42e+00 | 1.3s
[   177] loss=-0.0416 | res=3.42e-04 | grad=4.32e-01 | 1.3s
[   178] loss=-0.0444 | res=2.82e-04 | grad=6.07e-01 | 1.3s
[   179] loss=-0.0433 | res=6.63e-04 | grad=8.67e-01 | 1.2s
[   180] loss=-0.0513 | res=6.67e-04 | grad=5.12e-01 | 1.3s
[   181] loss=-0.0476 | res=3.18e-04 | grad=4.61e-01 | 1.2s
[   182] loss=-0.0507 | res=5.36e-04 | grad=3.58e-01 | 1.2s
[   183] loss=-0.0498 | res=3.88e-04 | grad=4.34e-01 | 1.3s
[   184] loss=-0.0453 | res=1.96e-04 | grad=3.59e-01 | 1.2s
[   185] loss=-0.0462 | res=5.13e-04 | grad=5.62e-01 | 1.3s
[   186] loss=-0.0566 | res=4.88e-04 | grad=7.99e-01 | 1.2s
[   187] loss=-0.0484 | res=2.83e-04 | grad=4.16e-01 | 1.3s
[   188] loss=-0.0535 | res=4.68e-04 | grad=3.36e-01 | 1.2s
[   189] loss=-0.0480 | res=5.04e-04 | grad=8.03e-01 | 1.3s
[   190] loss=-0.0536 | res=3.69e-04 | grad=5.10e-01 | 1.2s
[   191] loss=-0.0504 | res=2.98e-04 | grad=4.77e-01 | 1.3s
[   192] loss=-0.0549 | res=3.43e-04 | grad=3.10e-01 | 1.2s
[   193] loss=-0.0524 | res=4.63e-04 | grad=3.63e-01 | 1.2s
[   194] loss=-0.0496 | res=4.68e-04 | grad=4.38e-01 | 1.3s
[   195] loss=-0.0466 | res=3.83e-04 | grad=4.31e-01 | 1.3s
[   196] loss=-0.0521 | res=4.72e-04 | grad=4.84e-01 | 1.2s
[   197] loss=-0.0429 | res=4.40e-04 | grad=4.75e-01 | 1.3s
[   198] loss=-0.0479 | res=4.58e-04 | grad=4.42e-01 | 1.3s
[   199] loss=-0.0625 | res=2.41e-04 | grad=9.71e-01 | 1.2s
[   200] loss=-0.0519 | res=3.38e-04 | grad=5.11e-01 | 1.3s
[   201] loss=-0.0474 | res=2.68e-04 | grad=7.76e-01 | 1.3s
[   202] loss=-0.0476 | res=4.75e-04 | grad=8.07e-01 | 1.2s
[   203] loss=-0.0502 | res=4.74e-04 | grad=3.96e-01 | 1.3s
[   204] loss=-0.0490 | res=3.38e-04 | grad=3.63e-01 | 1.3s
[   205] loss=-0.0565 | res=3.08e-04 | grad=7.79e-01 | 1.3s
[   206] loss=-0.0451 | res=3.51e-04 | grad=3.28e-01 | 1.2s
[   207] loss=-0.0408 | res=6.69e-04 | grad=5.18e-01 | 1.3s
[   208] loss=-0.0456 | res=3.01e-04 | grad=4.57e-01 | 1.3s
[   209] loss=-0.0515 | res=3.59e-04 | grad=8.37e-01 | 1.3s
[   210] loss=-0.0376 | res=7.56e-04 | grad=7.36e-01 | 1.2s
[   211] loss=-0.0391 | res=5.69e-04 | grad=5.35e-01 | 1.3s
[   212] loss=-0.0440 | res=3.99e-04 | grad=3.85e-01 | 1.2s
[   213] loss=-0.0459 | res=2.92e-04 | grad=4.29e-01 | 1.3s
[   214] loss=-0.0529 | res=4.56e-04 | grad=7.54e-01 | 1.2s
[   215] loss=-0.0467 | res=3.19e-04 | grad=3.63e-01 | 1.3s
[   216] loss=-0.0387 | res=4.65e-04 | grad=9.05e-01 | 1.2s
[   217] loss=-0.0499 | res=5.70e-04 | grad=4.00e-01 | 1.3s
[   218] loss=-0.0447 | res=6.22e-04 | grad=4.69e-01 | 1.2s
[   219] loss=-0.0473 | res=3.99e-04 | grad=3.74e-01 | 1.3s
[   220] loss=-0.0454 | res=4.17e-04 | grad=3.50e-01 | 1.3s
[   221] loss=-0.0556 | res=2.68e-04 | grad=7.41e-01 | 1.3s
[   222] loss=-0.0436 | res=3.84e-04 | grad=4.20e-01 | 1.3s
[   223] loss=-0.0550 | res=5.01e-04 | grad=6.40e-01 | 1.3s
[   224] loss=-0.0530 | res=2.91e-04 | grad=3.01e-01 | 1.2s
[   225] loss=-0.0508 | res=4.15e-04 | grad=4.87e-01 | 1.2s
[   226] loss=-0.0483 | res=6.18e-04 | grad=6.14e-01 | 1.3s
[   227] loss=-0.0540 | res=6.07e-04 | grad=3.30e-01 | 1.2s
[   228] loss=-0.0530 | res=4.71e-04 | grad=3.81e-01 | 1.3s
[   229] loss=-0.0499 | res=5.14e-04 | grad=3.10e-01 | 1.3s
[   230] loss=-0.0416 | res=4.00e-04 | grad=5.51e-01 | 1.3s
[   231] loss=-0.0567 | res=2.56e-04 | grad=8.49e-01 | 1.3s
[   232] loss=-0.0524 | res=3.07e-04 | grad=6.22e-01 | 1.3s
[   233] loss=-0.0506 | res=3.18e-04 | grad=3.75e-01 | 1.3s
[   234] loss=-0.0464 | res=6.49e-04 | grad=6.23e-01 | 1.3s
[   235] loss=-0.0536 | res=5.67e-04 | grad=4.23e-01 | 1.3s
[   236] loss=-0.0478 | res=4.14e-04 | grad=5.72e-01 | 1.3s
[   237] loss=-0.0511 | res=4.26e-04 | grad=3.34e-01 | 1.3s
[   238] loss=-0.0498 | res=5.24e-04 | grad=3.84e-01 | 1.3s
[   239] loss=-0.0638 | res=4.22e-04 | grad=1.09e+00 | 1.3s
[   240] loss=-0.0455 | res=5.44e-04 | grad=4.10e-01 | 1.3s
[   241] loss=-0.0511 | res=3.40e-04 | grad=3.12e-01 | 1.2s
[   242] loss=-0.0496 | res=4.29e-04 | grad=4.17e-01 | 1.3s
[   243] loss=-0.0522 | res=4.79e-04 | grad=3.94e-01 | 1.2s
[   244] loss=-0.0548 | res=2.50e-04 | grad=3.19e-01 | 1.2s
[   245] loss=-0.0630 | res=3.74e-04 | grad=6.39e-01 | 1.2s
[   246] loss=-0.0412 | res=3.55e-04 | grad=8.22e-01 | 1.3s
[   247] loss=-0.0502 | res=2.60e-04 | grad=3.16e-01 | 1.2s
[   248] loss=-0.0531 | res=3.17e-04 | grad=3.92e-01 | 1.3s
[   249] loss=-0.0543 | res=4.43e-04 | grad=5.76e-01 | 1.3s
[   250] loss=-0.0546 | res=2.75e-04 | grad=5.53e-01 | 1.3s
[   251] loss=-0.0582 | res=5.09e-04 | grad=3.16e-01 | 1.3s
[   252] loss=-0.0484 | res=7.30e-04 | grad=8.93e-01 | 1.3s
[   253] loss=-0.0485 | res=4.30e-04 | grad=7.26e-01 | 1.3s
[   254] loss=-0.0523 | res=3.27e-04 | grad=2.73e-01 | 1.3s
[   255] loss=-0.0436 | res=8.95e-04 | grad=4.04e-01 | 1.2s
[   256] loss=-0.0405 | res=4.46e-04 | grad=3.61e-01 | 1.3s
[   257] loss=-0.0545 | res=3.05e-04 | grad=1.21e+00 | 1.2s
[   258] loss=-0.0562 | res=3.61e-04 | grad=1.11e+00 | 1.3s
[   259] loss=-0.0500 | res=3.74e-04 | grad=3.36e-01 | 1.3s
[   260] loss=-0.0471 | res=5.96e-04 | grad=6.99e-01 | 1.2s
[   261] loss=-0.0477 | res=3.99e-04 | grad=9.06e-01 | 1.3s
[   262] loss=-0.0536 | res=2.38e-04 | grad=3.48e-01 | 1.3s
[   263] loss=-0.0525 | res=4.09e-04 | grad=4.32e-01 | 1.3s
[   264] loss=-0.0545 | res=3.50e-04 | grad=4.94e-01 | 1.2s
[   265] loss=-0.0434 | res=4.16e-04 | grad=4.38e-01 | 1.3s
[   266] loss=-0.0390 | res=3.04e-04 | grad=5.49e-01 | 1.2s
[   267] loss=-0.0472 | res=3.94e-04 | grad=5.74e-01 | 1.3s
[   268] loss=-0.0407 | res=4.62e-04 | grad=3.63e-01 | 1.3s
[   269] loss=-0.0511 | res=2.12e-04 | grad=1.02e+00 | 1.2s
[   270] loss=-0.0500 | res=2.28e-04 | grad=5.40e-01 | 1.2s
[   271] loss=-0.0488 | res=3.33e-04 | grad=3.97e-01 | 1.2s
[   272] loss=-0.0452 | res=3.25e-04 | grad=7.68e-01 | 1.2s
[   273] loss=-0.0520 | res=6.90e-04 | grad=5.33e-01 | 1.3s
[   274] loss=-0.0500 | res=3.60e-04 | grad=5.16e-01 | 1.2s
[   275] loss=-0.0503 | res=6.60e-04 | grad=3.31e-01 | 1.3s
[   276] loss=-0.0537 | res=3.23e-04 | grad=4.74e-01 | 1.2s
[   277] loss=-0.0562 | res=5.47e-04 | grad=5.97e-01 | 1.2s
[   278] loss=-0.0471 | res=3.78e-04 | grad=3.13e-01 | 1.3s
[   279] loss=-0.0454 | res=3.24e-04 | grad=5.03e-01 | 1.3s
[   280] loss=-0.0531 | res=5.03e-04 | grad=3.79e-01 | 1.3s
[   281] loss=-0.0525 | res=3.42e-04 | grad=3.69e-01 | 1.3s
[   282] loss=-0.0513 | res=6.19e-04 | grad=3.90e-01 | 1.3s
[   283] loss=-0.0449 | res=5.58e-04 | grad=6.19e-01 | 1.2s
[   284] loss=-0.0481 | res=4.73e-04 | grad=3.43e-01 | 1.3s
[   285] loss=-0.0462 | res=3.72e-04 | grad=2.51e-01 | 1.3s
[   286] loss=-0.0483 | res=3.76e-04 | grad=4.94e-01 | 1.2s
[   287] loss=-0.0433 | res=1.85e-04 | grad=3.65e-01 | 1.3s
[   288] loss=-0.0564 | res=2.94e-04 | grad=9.20e-01 | 1.2s
[   289] loss=-0.0475 | res=5.59e-04 | grad=3.40e-01 | 1.3s
[   290] loss=-0.0474 | res=7.36e-04 | grad=4.46e-01 | 1.3s
[   291] loss=-0.0473 | res=4.58e-04 | grad=6.25e-01 | 1.3s
[   292] loss=-0.0477 | res=4.19e-04 | grad=5.48e-01 | 1.3s
[   293] loss=-0.0415 | res=6.00e-04 | grad=5.99e-01 | 1.3s
[   294] loss=-0.0540 | res=5.58e-04 | grad=7.89e-01 | 1.3s
[   295] loss=-0.0544 | res=3.14e-04 | grad=8.33e-01 | 1.3s
[   296] loss=-0.0530 | res=6.37e-04 | grad=5.50e-01 | 1.2s
[   297] loss=-0.0546 | res=3.79e-04 | grad=3.53e-01 | 1.2s
[   298] loss=-0.0530 | res=4.68e-04 | grad=5.15e-01 | 1.3s
[   299] loss=-0.0568 | res=2.93e-04 | grad=5.74e-01 | 1.2s
[   300] loss=-0.0504 | res=2.75e-04 | grad=9.03e-01 | 1.3s
[   301] loss=-0.0577 | res=3.81e-04 | grad=2.58e-01 | 1.3s
[   302] loss=-0.0486 | res=2.53e-04 | grad=3.19e-01 | 1.2s
[   303] loss=-0.0460 | res=3.04e-04 | grad=4.56e-01 | 1.2s
[   304] loss=-0.0530 | res=4.23e-04 | grad=7.26e-01 | 1.2s
[   305] loss=-0.0519 | res=4.06e-04 | grad=7.29e-01 | 1.2s
[   306] loss=-0.0513 | res=5.30e-04 | grad=4.23e-01 | 1.3s
[   307] loss=-0.0519 | res=3.88e-04 | grad=3.62e-01 | 1.3s
[   308] loss=-0.0438 | res=3.70e-04 | grad=8.68e-01 | 1.3s
[   309] loss=-0.0542 | res=4.41e-04 | grad=2.93e-01 | 1.2s
[   310] loss=-0.0534 | res=5.58e-04 | grad=3.27e-01 | 1.3s
[   311] loss=-0.0499 | res=3.42e-04 | grad=3.74e-01 | 1.2s
[   312] loss=-0.0493 | res=5.28e-04 | grad=3.73e-01 | 1.3s
[   313] loss=-0.0520 | res=2.93e-04 | grad=3.27e-01 | 1.3s
[   314] loss=-0.0561 | res=3.64e-04 | grad=4.05e-01 | 1.3s
[   315] loss=-0.0472 | res=5.94e-04 | grad=4.27e-01 | 1.3s
[   316] loss=-0.0547 | res=4.76e-04 | grad=2.47e-01 | 1.3s
[   317] loss=-0.0566 | res=3.37e-04 | grad=2.75e-01 | 1.3s
[   318] loss=-0.0444 | res=6.32e-04 | grad=6.92e-01 | 1.3s
[   319] loss=-0.0497 | res=4.31e-04 | grad=2.75e-01 | 1.3s
[   320] loss=-0.0650 | res=3.03e-04 | grad=1.00e+00 | 1.3s
[   321] loss=-0.0447 | res=3.23e-04 | grad=4.31e-01 | 1.3s
[   322] loss=-0.0513 | res=2.92e-04 | grad=3.26e-01 | 1.3s
[   323] loss=-0.0407 | res=4.50e-04 | grad=7.70e-01 | 1.3s
[   324] loss=-0.0603 | res=4.34e-04 | grad=6.70e-01 | 1.3s
[   325] loss=-0.0486 | res=4.61e-04 | grad=3.18e-01 | 1.3s
[   326] loss=-0.0560 | res=2.97e-04 | grad=4.40e-01 | 1.3s
[   327] loss=-0.0470 | res=5.04e-04 | grad=3.63e-01 | 1.3s
[   328] loss=-0.0449 | res=3.07e-04 | grad=5.50e-01 | 1.3s
[   329] loss=-0.0553 | res=5.20e-04 | grad=6.02e-01 | 1.3s
[   330] loss=-0.0531 | res=2.55e-04 | grad=3.67e-01 | 1.3s
[   331] loss=-0.0414 | res=5.21e-04 | grad=7.26e-01 | 1.3s
[   332] loss=-0.0519 | res=2.95e-04 | grad=4.63e-01 | 1.3s
[   333] loss=-0.0495 | res=3.08e-04 | grad=4.22e-01 | 1.3s
[   334] loss=-0.0480 | res=4.81e-04 | grad=3.29e-01 | 1.3s
[   335] loss=-0.0510 | res=3.28e-04 | grad=2.75e-01 | 1.3s
[   336] loss=-0.0490 | res=3.92e-04 | grad=3.16e-01 | 1.3s
[   337] loss=-0.0497 | res=3.94e-04 | grad=3.05e-01 | 1.3s
[   338] loss=-0.0513 | res=5.63e-04 | grad=3.55e-01 | 1.3s
[   339] loss=-0.0493 | res=3.92e-04 | grad=3.24e-01 | 1.3s
[   340] loss=-0.0423 | res=2.55e-04 | grad=5.29e-01 | 1.3s
[   341] loss=-0.0529 | res=3.01e-04 | grad=5.65e-01 | 1.3s
[   342] loss=-0.0510 | res=4.17e-04 | grad=3.50e-01 | 1.3s
[   343] loss=-0.0616 | res=4.13e-04 | grad=8.37e-01 | 1.3s
[   344] loss=-0.0511 | res=2.81e-04 | grad=4.11e-01 | 1.3s
[   345] loss=-0.0509 | res=4.15e-04 | grad=5.81e-01 | 1.3s
[   346] loss=-0.0411 | res=4.53e-04 | grad=1.01e+00 | 1.3s
[   347] loss=-0.0598 | res=3.41e-04 | grad=5.38e-01 | 1.3s
[   348] loss=-0.0524 | res=6.52e-04 | grad=3.04e-01 | 1.3s
[   349] loss=-0.0510 | res=2.21e-04 | grad=4.02e-01 | 1.3s
[   350] loss=-0.0552 | res=2.99e-04 | grad=5.63e-01 | 1.3s
[   351] loss=-0.0486 | res=4.41e-04 | grad=3.42e-01 | 1.3s
[   352] loss=-0.0472 | res=1.65e-04 | grad=5.00e-01 | 1.2s
[   353] loss=-0.0444 | res=4.12e-04 | grad=5.83e-01 | 1.2s
[   354] loss=-0.0542 | res=3.16e-04 | grad=4.81e-01 | 1.2s
[   355] loss=-0.0504 | res=3.54e-04 | grad=3.91e-01 | 1.3s
[   356] loss=-0.0481 | res=4.53e-04 | grad=3.17e-01 | 1.3s
[   357] loss=-0.0501 | res=4.11e-04 | grad=2.46e-01 | 1.3s
[   358] loss=-0.0570 | res=2.13e-04 | grad=3.90e-01 | 1.2s
[   359] loss=-0.0467 | res=3.79e-04 | grad=5.20e-01 | 1.2s
[   360] loss=-0.0501 | res=6.53e-04 | grad=3.56e-01 | 1.2s
[   361] loss=-0.0529 | res=2.49e-04 | grad=3.16e-01 | 1.2s
[   362] loss=-0.0472 | res=4.16e-04 | grad=4.00e-01 | 1.3s
[   363] loss=-0.0491 | res=6.05e-04 | grad=3.47e-01 | 1.3s
[   364] loss=-0.0495 | res=5.27e-04 | grad=3.72e-01 | 1.2s
[   365] loss=-0.0605 | res=3.72e-04 | grad=8.99e-01 | 1.3s
[   366] loss=-0.0431 | res=4.82e-04 | grad=4.48e-01 | 1.3s
[   367] loss=-0.0579 | res=3.80e-04 | grad=3.39e-01 | 1.2s
[   368] loss=-0.0466 | res=3.56e-04 | grad=7.78e-01 | 1.2s
[   369] loss=-0.0529 | res=4.45e-04 | grad=3.48e-01 | 1.3s
[   370] loss=-0.0501 | res=5.06e-04 | grad=2.98e-01 | 1.2s
[   371] loss=-0.0421 | res=2.82e-04 | grad=4.23e-01 | 1.3s
[   372] loss=-0.0441 | res=2.31e-04 | grad=2.79e-01 | 1.2s
[   373] loss=-0.0514 | res=3.11e-04 | grad=8.90e-01 | 1.3s
[   374] loss=-0.0459 | res=5.13e-04 | grad=4.76e-01 | 1.3s
[   375] loss=-0.0546 | res=3.55e-04 | grad=6.10e-01 | 1.3s
[   376] loss=-0.0480 | res=3.84e-04 | grad=3.86e-01 | 1.2s
[   377] loss=-0.0475 | res=5.48e-04 | grad=5.84e-01 | 1.3s
[   378] loss=-0.0481 | res=3.88e-04 | grad=6.62e-01 | 1.2s
[   379] loss=-0.0527 | res=3.35e-04 | grad=3.49e-01 | 1.3s
[   380] loss=-0.0504 | res=3.91e-04 | grad=3.44e-01 | 1.3s
[   381] loss=-0.0469 | res=2.55e-04 | grad=3.02e-01 | 1.2s
[   382] loss=-0.0484 | res=4.91e-04 | grad=5.19e-01 | 1.2s
[   383] loss=-0.0490 | res=5.95e-04 | grad=4.51e-01 | 1.2s
[   384] loss=-0.0437 | res=4.07e-04 | grad=2.86e-01 | 1.2s
[   385] loss=-0.0445 | res=2.56e-04 | grad=2.95e-01 | 1.3s
[   386] loss=-0.0471 | res=4.81e-04 | grad=1.91e-01 | 1.2s
[   387] loss=-0.0460 | res=3.47e-04 | grad=3.96e-01 | 1.2s
[   388] loss=-0.0561 | res=3.90e-04 | grad=4.78e-01 | 1.3s
[   389] loss=-0.0572 | res=4.26e-04 | grad=3.96e-01 | 1.3s
[   390] loss=-0.0514 | res=3.14e-04 | grad=4.39e-01 | 1.3s
[   391] loss=-0.0493 | res=4.90e-04 | grad=5.14e-01 | 1.2s
[   392] loss=-0.0510 | res=5.31e-04 | grad=3.47e-01 | 1.3s
[   393] loss=-0.0451 | res=4.77e-04 | grad=3.52e-01 | 1.3s
[   394] loss=-0.0460 | res=3.29e-04 | grad=3.11e-01 | 1.3s
[   395] loss=-0.0578 | res=3.39e-04 | grad=1.09e+00 | 1.3s
[   396] loss=-0.0461 | res=5.32e-04 | grad=2.84e-01 | 1.3s
[   397] loss=-0.0519 | res=7.39e-04 | grad=4.65e-01 | 1.3s
[   398] loss=-0.0531 | res=6.96e-04 | grad=2.81e-01 | 1.2s
[   399] loss=-0.0531 | res=6.36e-04 | grad=6.01e-01 | 1.2s
[   400] loss=-0.0410 | res=6.16e-04 | grad=1.06e+00 | 1.2s
[   401] loss=-0.0509 | res=3.31e-04 | grad=3.39e-01 | 1.3s
[   402] loss=-0.0481 | res=3.91e-04 | grad=2.88e-01 | 1.3s
[   403] loss=-0.0506 | res=3.43e-04 | grad=6.38e-01 | 1.2s
[   404] loss=-0.0431 | res=4.95e-04 | grad=3.50e-01 | 1.2s
[   405] loss=-0.0513 | res=3.46e-04 | grad=6.48e-01 | 1.3s
[   406] loss=-0.0454 | res=5.42e-04 | grad=2.67e-01 | 1.3s
[   407] loss=-0.0383 | res=5.38e-04 | grad=7.54e-01 | 1.3s
[   408] loss=-0.0558 | res=3.13e-04 | grad=4.45e-01 | 1.3s
[   409] loss=-0.0552 | res=5.64e-04 | grad=3.85e-01 | 1.2s
[   410] loss=-0.0492 | res=4.04e-04 | grad=3.39e-01 | 1.3s
[   411] loss=-0.0593 | res=3.89e-04 | grad=2.87e-01 | 1.3s
[   412] loss=-0.0484 | res=2.06e-04 | grad=7.34e-01 | 1.3s
[   413] loss=-0.0543 | res=6.04e-04 | grad=2.59e-01 | 1.2s
[   414] loss=-0.0410 | res=4.68e-04 | grad=7.41e-01 | 1.3s
[   415] loss=-0.0469 | res=3.42e-04 | grad=3.58e-01 | 1.3s
[   416] loss=-0.0544 | res=4.00e-04 | grad=1.01e+00 | 1.2s
[   417] loss=-0.0458 | res=3.95e-04 | grad=3.45e-01 | 1.3s
[   418] loss=-0.0411 | res=5.57e-04 | grad=2.90e-01 | 1.3s
[   419] loss=-0.0409 | res=2.51e-04 | grad=4.85e-01 | 1.3s
[   420] loss=-0.0507 | res=4.68e-04 | grad=3.37e-01 | 1.2s
[   421] loss=-0.0524 | res=4.31e-04 | grad=3.19e-01 | 1.3s
[   422] loss=-0.0480 | res=6.05e-04 | grad=2.67e-01 | 1.2s
[   423] loss=-0.0579 | res=1.90e-04 | grad=4.68e-01 | 1.2s
[   424] loss=-0.0401 | res=4.86e-04 | grad=8.40e-01 | 1.3s
[   425] loss=-0.0553 | res=4.34e-04 | grad=2.27e-01 | 1.3s
[   426] loss=-0.0452 | res=4.21e-04 | grad=3.75e-01 | 1.2s
[   427] loss=-0.0425 | res=3.62e-04 | grad=3.86e-01 | 1.2s
[   428] loss=-0.0490 | res=4.27e-04 | grad=4.61e-01 | 1.2s
[   429] loss=-0.0517 | res=3.50e-04 | grad=8.13e-01 | 1.2s
[   430] loss=-0.0543 | res=4.39e-04 | grad=7.48e-01 | 1.2s
[   431] loss=-0.0524 | res=3.06e-04 | grad=2.04e-01 | 1.2s
[   432] loss=-0.0547 | res=6.12e-04 | grad=3.79e-01 | 1.2s
[   433] loss=-0.0467 | res=5.50e-04 | grad=9.69e-01 | 1.2s
[   434] loss=-0.0504 | res=3.74e-04 | grad=6.25e-01 | 1.3s
[   435] loss=-0.0554 | res=5.35e-04 | grad=3.05e-01 | 1.2s
[   436] loss=-0.0473 | res=7.00e-04 | grad=3.04e-01 | 1.2s
[   437] loss=-0.0510 | res=6.49e-04 | grad=5.17e-01 | 1.2s
[   438] loss=-0.0600 | res=2.86e-04 | grad=9.50e-01 | 1.2s
[   439] loss=-0.0589 | res=3.47e-04 | grad=6.62e-01 | 1.2s
[   440] loss=-0.0516 | res=1.49e-04 | grad=5.79e-01 | 1.3s
[   441] loss=-0.0472 | res=5.80e-04 | grad=1.06e+00 | 1.3s
[   442] loss=-0.0488 | res=5.36e-04 | grad=8.53e-01 | 1.2s
[   443] loss=-0.0438 | res=4.02e-04 | grad=6.04e-01 | 1.2s
[   444] loss=-0.0567 | res=2.90e-04 | grad=9.40e-01 | 1.3s
[   445] loss=-0.0387 | res=4.24e-04 | grad=2.61e-01 | 1.2s
[   446] loss=-0.0557 | res=2.44e-04 | grad=1.27e+00 | 1.3s
[   447] loss=-0.0490 | res=2.53e-04 | grad=6.18e-01 | 1.2s
[   448] loss=-0.0523 | res=4.07e-04 | grad=3.46e-01 | 1.2s
[   449] loss=-0.0546 | res=3.20e-04 | grad=4.12e-01 | 1.3s
[   450] loss=-0.0562 | res=3.94e-04 | grad=8.34e-01 | 1.2s
[   451] loss=-0.0430 | res=5.47e-04 | grad=1.50e+00 | 1.2s
[   452] loss=-0.0467 | res=3.20e-04 | grad=5.55e-01 | 1.2s
[   453] loss=-0.0520 | res=4.55e-04 | grad=5.41e-01 | 1.2s
[   454] loss=-0.0516 | res=4.71e-04 | grad=9.07e-01 | 1.2s
[   455] loss=-0.0497 | res=3.58e-04 | grad=9.45e-01 | 1.3s
[   456] loss=-0.0530 | res=2.53e-04 | grad=8.10e-01 | 1.3s
[   457] loss=-0.0480 | res=4.52e-04 | grad=2.81e-01 | 1.3s
[   458] loss=-0.0416 | res=6.42e-04 | grad=9.35e-01 | 1.2s
[   459] loss=-0.0535 | res=3.35e-04 | grad=3.25e-01 | 1.2s
[   460] loss=-0.0520 | res=4.37e-04 | grad=2.90e-01 | 1.3s
[   461] loss=-0.0538 | res=4.19e-04 | grad=3.23e-01 | 1.2s
[   462] loss=-0.0545 | res=6.30e-04 | grad=3.66e-01 | 1.3s
[   463] loss=-0.0553 | res=3.95e-04 | grad=3.19e-01 | 1.2s
[   464] loss=-0.0495 | res=4.26e-04 | grad=2.82e-01 | 1.3s
[   465] loss=-0.0540 | res=4.03e-04 | grad=3.57e-01 | 1.2s
[   466] loss=-0.0490 | res=3.75e-04 | grad=3.13e-01 | 1.2s
[   467] loss=-0.0525 | res=3.70e-04 | grad=2.15e-01 | 1.3s
[   468] loss=-0.0505 | res=2.06e-04 | grad=2.55e-01 | 1.2s
[   469] loss=-0.0479 | res=3.57e-04 | grad=2.08e-01 | 1.3s
[   470] loss=-0.0473 | res=4.66e-04 | grad=2.02e-01 | 1.3s
[   471] loss=-0.0581 | res=2.05e-04 | grad=7.60e-01 | 1.3s
[   472] loss=-0.0491 | res=6.96e-04 | grad=2.66e-01 | 1.3s
[   473] loss=-0.0495 | res=4.38e-04 | grad=2.67e-01 | 1.3s
[   474] loss=-0.0486 | res=5.88e-04 | grad=3.35e-01 | 1.3s
[   475] loss=-0.0402 | res=4.57e-04 | grad=7.09e-01 | 1.3s
[   476] loss=-0.0454 | res=3.65e-04 | grad=2.98e-01 | 1.3s
[   477] loss=-0.0462 | res=3.29e-04 | grad=3.54e-01 | 1.3s
[   478] loss=-0.0438 | res=5.02e-04 | grad=3.19e-01 | 1.3s
[   479] loss=-0.0471 | res=4.78e-04 | grad=5.37e-01 | 1.3s
[   480] loss=-0.0490 | res=2.78e-04 | grad=5.77e-01 | 1.3s
[   481] loss=-0.0465 | res=4.31e-04 | grad=2.95e-01 | 1.3s
[   482] loss=-0.0415 | res=2.60e-04 | grad=5.36e-01 | 1.3s
[   483] loss=-0.0470 | res=2.83e-04 | grad=4.95e-01 | 1.3s
[   484] loss=-0.0440 | res=4.07e-04 | grad=4.48e-01 | 1.3s
[   485] loss=-0.0484 | res=4.24e-04 | grad=2.22e-01 | 1.3s
[   486] loss=-0.0536 | res=1.97e-04 | grad=4.33e-01 | 1.3s
[   487] loss=-0.0523 | res=3.62e-04 | grad=3.94e-01 | 1.3s
[   488] loss=-0.0575 | res=3.74e-04 | grad=4.91e-01 | 1.3s
[   489] loss=-0.0508 | res=3.03e-04 | grad=4.25e-01 | 1.2s
[   490] loss=-0.0452 | res=3.92e-04 | grad=7.63e-01 | 1.3s
[   491] loss=-0.0458 | res=3.40e-04 | grad=6.51e-01 | 1.2s
[   492] loss=-0.0497 | res=6.72e-04 | grad=2.56e-01 | 1.2s
[   493] loss=-0.0424 | res=2.62e-04 | grad=2.24e-01 | 1.2s
[   494] loss=-0.0389 | res=3.70e-04 | grad=3.22e-01 | 1.3s
[   495] loss=-0.0483 | res=2.45e-04 | grad=9.27e-01 | 1.3s
[   496] loss=-0.0528 | res=3.79e-04 | grad=8.92e-01 | 1.2s
[   497] loss=-0.0488 | res=4.02e-04 | grad=4.34e-01 | 1.3s
[   498] loss=-0.0501 | res=3.45e-04 | grad=2.24e-01 | 1.2s
[   499] loss=-0.0494 | res=5.31e-04 | grad=7.28e-01 | 1.3s
[   500] loss=-0.0562 | res=4.32e-04 | grad=5.19e-01 | 1.2s
[   501] loss=-0.0478 | res=5.56e-04 | grad=6.76e-01 | 1.2s
[   502] loss=-0.0481 | res=3.33e-04 | grad=3.51e-01 | 1.2s
[   503] loss=-0.0411 | res=3.98e-04 | grad=2.26e-01 | 1.2s
[   504] loss=-0.0450 | res=2.82e-04 | grad=3.82e-01 | 1.2s
[   505] loss=-0.0407 | res=3.56e-04 | grad=5.56e-01 | 1.2s
[   506] loss=-0.0566 | res=1.19e-04 | grad=1.41e+00 | 1.3s
[   507] loss=-0.0458 | res=4.47e-04 | grad=3.30e-01 | 1.2s
[   508] loss=-0.0512 | res=2.18e-04 | grad=3.59e-01 | 1.3s
[   509] loss=-0.0419 | res=4.69e-04 | grad=9.23e-01 | 1.3s
[   510] loss=-0.0502 | res=4.10e-04 | grad=7.32e-01 | 1.3s
[   511] loss=-0.0617 | res=4.14e-04 | grad=2.39e-01 | 1.2s
[   512] loss=-0.0412 | res=5.09e-04 | grad=8.03e-01 | 1.3s
[   513] loss=-0.0452 | res=5.43e-04 | grad=3.94e-01 | 1.3s
[   514] loss=-0.0530 | res=4.57e-04 | grad=7.98e-01 | 1.3s
[   515] loss=-0.0560 | res=4.39e-04 | grad=9.55e-01 | 1.2s
[   516] loss=-0.0564 | res=2.83e-04 | grad=6.99e-01 | 1.2s
[   517] loss=-0.0566 | res=4.16e-04 | grad=3.72e-01 | 1.2s
[   518] loss=-0.0511 | res=4.63e-04 | grad=8.02e-01 | 1.3s
[   519] loss=-0.0542 | res=1.90e-04 | grad=7.38e-01 | 1.3s
[   520] loss=-0.0416 | res=5.46e-04 | grad=1.19e+00 | 1.2s
[   521] loss=-0.0523 | res=6.47e-04 | grad=3.00e-01 | 1.3s
[   522] loss=-0.0525 | res=4.71e-04 | grad=4.96e-01 | 1.2s
[   523] loss=-0.0485 | res=3.35e-04 | grad=6.29e-01 | 1.3s
[   524] loss=-0.0518 | res=1.52e-04 | grad=7.90e-01 | 1.2s
[   525] loss=-0.0534 | res=2.12e-04 | grad=7.30e-01 | 1.3s
[   526] loss=-0.0467 | res=5.56e-04 | grad=2.17e-01 | 1.2s
[   527] loss=-0.0484 | res=3.80e-04 | grad=5.25e-01 | 1.2s
[   528] loss=-0.0611 | res=4.05e-04 | grad=2.39e-01 | 1.2s
[   529] loss=-0.0517 | res=2.92e-04 | grad=6.70e-01 | 1.3s
[   530] loss=-0.0537 | res=3.62e-04 | grad=4.86e-01 | 1.2s
[   531] loss=-0.0508 | res=3.92e-04 | grad=3.84e-01 | 1.3s
[   532] loss=-0.0495 | res=2.15e-04 | grad=2.26e-01 | 1.2s
[   533] loss=-0.0441 | res=3.36e-04 | grad=2.97e-01 | 1.2s
[   534] loss=-0.0447 | res=2.46e-04 | grad=4.12e-01 | 1.3s
[   535] loss=-0.0517 | res=2.69e-04 | grad=8.26e-01 | 1.2s
[   536] loss=-0.0513 | res=2.36e-04 | grad=6.12e-01 | 1.3s
[   537] loss=-0.0504 | res=4.62e-04 | grad=2.67e-01 | 1.3s
[   538] loss=-0.0458 | res=3.21e-04 | grad=5.34e-01 | 1.3s
[   539] loss=-0.0528 | res=5.87e-04 | grad=4.26e-01 | 1.2s
[   540] loss=-0.0430 | res=6.92e-04 | grad=9.19e-01 | 1.3s
[   541] loss=-0.0531 | res=3.98e-04 | grad=2.77e-01 | 1.3s
[   542] loss=-0.0451 | res=2.65e-04 | grad=3.14e-01 | 1.3s
[   543] loss=-0.0612 | res=2.16e-04 | grad=9.61e-01 | 1.2s
[   544] loss=-0.0437 | res=6.79e-04 | grad=2.43e-01 | 1.2s
[   545] loss=-0.0489 | res=6.00e-04 | grad=3.35e-01 | 1.3s
[   546] loss=-0.0486 | res=1.95e-04 | grad=2.17e-01 | 1.3s
[   547] loss=-0.0493 | res=4.53e-04 | grad=1.88e-01 | 1.3s
[   548] loss=-0.0443 | res=3.96e-04 | grad=5.80e-01 | 1.2s
[   549] loss=-0.0526 | res=4.97e-04 | grad=2.18e-01 | 1.2s
[   550] loss=-0.0486 | res=3.56e-04 | grad=2.84e-01 | 1.3s
[   551] loss=-0.0477 | res=4.24e-04 | grad=2.36e-01 | 1.3s
[   552] loss=-0.0516 | res=3.40e-04 | grad=4.26e-01 | 1.3s
[   553] loss=-0.0462 | res=3.97e-04 | grad=2.04e-01 | 1.3s
[   554] loss=-0.0593 | res=4.01e-04 | grad=5.84e-01 | 1.2s
[   555] loss=-0.0549 | res=3.20e-04 | grad=3.00e-01 | 1.2s
[   556] loss=-0.0450 | res=4.92e-04 | grad=4.88e-01 | 1.2s
[   557] loss=-0.0422 | res=4.75e-04 | grad=5.54e-01 | 1.3s
[   558] loss=-0.0472 | res=2.99e-04 | grad=2.96e-01 | 1.2s
[   559] loss=-0.0498 | res=4.11e-04 | grad=2.96e-01 | 1.2s
[   560] loss=-0.0457 | res=2.78e-04 | grad=2.33e-01 | 1.2s
[   561] loss=-0.0556 | res=2.51e-04 | grad=7.20e-01 | 1.3s
[   562] loss=-0.0467 | res=2.02e-04 | grad=1.99e-01 | 1.2s
[   563] loss=-0.0505 | res=5.36e-04 | grad=2.80e-01 | 1.2s
[   564] loss=-0.0431 | res=6.58e-04 | grad=4.72e-01 | 1.2s
[   565] loss=-0.0456 | res=4.94e-04 | grad=3.95e-01 | 1.3s
[   566] loss=-0.0526 | res=4.70e-04 | grad=1.82e-01 | 1.2s
[   567] loss=-0.0447 | res=3.87e-04 | grad=2.76e-01 | 1.3s
[   568] loss=-0.0534 | res=3.92e-04 | grad=2.93e-01 | 1.2s
[   569] loss=-0.0501 | res=3.23e-04 | grad=3.25e-01 | 1.2s
[   570] loss=-0.0520 | res=3.90e-04 | grad=2.91e-01 | 1.2s
[   571] loss=-0.0408 | res=5.47e-04 | grad=4.62e-01 | 1.3s
[   572] loss=-0.0402 | res=4.82e-04 | grad=4.12e-01 | 1.3s
[   573] loss=-0.0487 | res=6.04e-04 | grad=3.05e-01 | 1.2s
[   574] loss=-0.0477 | res=3.17e-04 | grad=2.96e-01 | 1.2s
[   575] loss=-0.0523 | res=2.64e-04 | grad=4.90e-01 | 1.3s
[   576] loss=-0.0507 | res=4.14e-04 | grad=3.62e-01 | 1.2s
[   577] loss=-0.0401 | res=5.60e-04 | grad=5.69e-01 | 1.3s
[   578] loss=-0.0579 | res=3.61e-04 | grad=3.77e-01 | 1.2s
[   579] loss=-0.0508 | res=5.38e-04 | grad=2.25e-01 | 1.3s
[   580] loss=-0.0485 | res=4.98e-04 | grad=2.91e-01 | 1.2s
[   581] loss=-0.0526 | res=4.06e-04 | grad=2.65e-01 | 1.3s
[   582] loss=-0.0474 | res=5.05e-04 | grad=4.92e-01 | 1.2s
[   583] loss=-0.0553 | res=3.20e-04 | grad=3.24e-01 | 1.2s
[   584] loss=-0.0445 | res=3.07e-04 | grad=3.90e-01 | 1.3s
[   585] loss=-0.0531 | res=3.61e-04 | grad=3.54e-01 | 1.2s
[   586] loss=-0.0449 | res=4.92e-04 | grad=2.58e-01 | 1.2s
[   587] loss=-0.0416 | res=4.35e-04 | grad=3.06e-01 | 1.2s
[   588] loss=-0.0468 | res=3.97e-04 | grad=2.17e-01 | 1.2s
[   589] loss=-0.0490 | res=2.52e-04 | grad=3.90e-01 | 1.3s
[   590] loss=-0.0528 | res=3.57e-04 | grad=5.38e-01 | 1.2s
[   591] loss=-0.0501 | res=3.17e-04 | grad=2.39e-01 | 1.3s
[   592] loss=-0.0482 | res=2.05e-04 | grad=2.83e-01 | 1.3s
[   593] loss=-0.0444 | res=6.63e-04 | grad=5.45e-01 | 1.2s
[   594] loss=-0.0509 | res=4.78e-04 | grad=3.16e-01 | 1.2s
[   595] loss=-0.0550 | res=4.19e-04 | grad=2.28e-01 | 1.2s
[   596] loss=-0.0501 | res=7.23e-04 | grad=2.29e-01 | 1.3s
[   597] loss=-0.0524 | res=3.89e-04 | grad=2.29e-01 | 1.3s
[   598] loss=-0.0508 | res=4.89e-04 | grad=2.07e-01 | 1.3s
[   599] loss=-0.0427 | res=3.18e-04 | grad=4.44e-01 | 1.3s
[   600] loss=-0.0444 | res=3.26e-04 | grad=3.30e-01 | 1.2s
[   601] loss=-0.0457 | res=5.67e-04 | grad=2.17e-01 | 1.2s
[   602] loss=-0.0433 | res=5.33e-04 | grad=1.97e-01 | 1.2s
[   603] loss=-0.0557 | res=1.75e-04 | grad=8.56e-01 | 1.3s
[   604] loss=-0.0474 | res=5.82e-04 | grad=2.45e-01 | 1.3s
[   605] loss=-0.0562 | res=4.14e-04 | grad=3.52e-01 | 1.3s
[   606] loss=-0.0502 | res=4.35e-04 | grad=5.25e-01 | 1.2s
[   607] loss=-0.0500 | res=4.73e-04 | grad=6.17e-01 | 1.3s
[   608] loss=-0.0479 | res=5.86e-04 | grad=6.79e-01 | 1.2s
[   609] loss=-0.0500 | res=3.43e-04 | grad=3.37e-01 | 1.2s
[   610] loss=-0.0523 | res=2.51e-04 | grad=5.01e-01 | 1.2s
[   611] loss=-0.0551 | res=2.08e-04 | grad=7.79e-01 | 1.2s
[   612] loss=-0.0398 | res=3.74e-04 | grad=2.89e-01 | 1.3s
[   613] loss=-0.0513 | res=4.73e-04 | grad=3.01e-01 | 1.3s
[   614] loss=-0.0498 | res=3.46e-04 | grad=1.88e-01 | 1.3s
[   615] loss=-0.0434 | res=4.85e-04 | grad=4.42e-01 | 1.3s
[   616] loss=-0.0474 | res=2.88e-04 | grad=2.97e-01 | 1.3s
[   617] loss=-0.0470 | res=3.22e-04 | grad=2.15e-01 | 1.3s
[   618] loss=-0.0470 | res=3.65e-04 | grad=2.01e-01 | 1.2s
[   619] loss=-0.0407 | res=2.01e-04 | grad=2.96e-01 | 1.3s
[   620] loss=-0.0470 | res=5.17e-04 | grad=2.80e-01 | 1.3s
[   621] loss=-0.0462 | res=2.75e-04 | grad=3.10e-01 | 1.2s
[   622] loss=-0.0492 | res=1.91e-04 | grad=4.69e-01 | 1.3s
[   623] loss=-0.0508 | res=3.09e-04 | grad=4.36e-01 | 1.3s
[   624] loss=-0.0448 | res=4.00e-04 | grad=4.73e-01 | 1.3s
[   625] loss=-0.0477 | res=5.66e-04 | grad=3.39e-01 | 1.3s
[   626] loss=-0.0477 | res=6.65e-04 | grad=4.15e-01 | 1.3s
[   627] loss=-0.0577 | res=4.95e-04 | grad=3.29e-01 | 1.3s
[   628] loss=-0.0576 | res=3.08e-04 | grad=3.85e-01 | 1.2s
[   629] loss=-0.0410 | res=2.05e-04 | grad=6.15e-01 | 1.3s
[   630] loss=-0.0526 | res=4.49e-04 | grad=2.50e-01 | 1.2s
[   631] loss=-0.0483 | res=2.86e-04 | grad=2.01e-01 | 1.2s
[   632] loss=-0.0540 | res=4.75e-04 | grad=3.82e-01 | 1.2s
[   633] loss=-0.0398 | res=2.03e-04 | grad=4.12e-01 | 1.3s
[   634] loss=-0.0498 | res=5.02e-04 | grad=2.54e-01 | 1.2s
[   635] loss=-0.0504 | res=4.10e-04 | grad=2.95e-01 | 1.2s
[   636] loss=-0.0495 | res=3.09e-04 | grad=2.61e-01 | 1.3s
[   637] loss=-0.0372 | res=2.94e-04 | grad=4.92e-01 | 1.2s
[   638] loss=-0.0497 | res=3.31e-04 | grad=1.83e-01 | 1.2s
[   639] loss=-0.0480 | res=3.76e-04 | grad=2.36e-01 | 1.3s
[   640] loss=-0.0518 | res=3.96e-04 | grad=3.77e-01 | 1.3s
[   641] loss=-0.0497 | res=1.56e-04 | grad=1.96e-01 | 1.2s
[   642] loss=-0.0510 | res=3.53e-04 | grad=1.66e-01 | 1.2s
[   643] loss=-0.0441 | res=4.39e-04 | grad=6.03e-01 | 1.2s
[   644] loss=-0.0480 | res=4.00e-04 | grad=3.95e-01 | 1.2s
[   645] loss=-0.0484 | res=2.93e-04 | grad=1.93e-01 | 1.2s
[   646] loss=-0.0510 | res=4.17e-04 | grad=3.18e-01 | 1.3s
[   647] loss=-0.0489 | res=5.15e-04 | grad=2.71e-01 | 1.2s
[   648] loss=-0.0530 | res=4.21e-04 | grad=3.39e-01 | 1.3s
[   649] loss=-0.0437 | res=2.15e-04 | grad=4.71e-01 | 1.3s
[   650] loss=-0.0498 | res=4.55e-04 | grad=1.92e-01 | 1.2s
[   651] loss=-0.0565 | res=3.05e-04 | grad=3.91e-01 | 1.2s
[   652] loss=-0.0536 | res=2.56e-04 | grad=2.56e-01 | 1.2s
[   653] loss=-0.0405 | res=3.89e-04 | grad=6.61e-01 | 1.3s
[   654] loss=-0.0558 | res=1.75e-04 | grad=2.82e-01 | 1.2s
[   655] loss=-0.0501 | res=3.69e-04 | grad=2.98e-01 | 1.3s
[   656] loss=-0.0468 | res=2.59e-04 | grad=3.74e-01 | 1.2s
[   657] loss=-0.0523 | res=4.01e-04 | grad=2.63e-01 | 1.3s
[   658] loss=-0.0501 | res=3.96e-04 | grad=3.60e-01 | 1.3s
[   659] loss=-0.0546 | res=4.07e-04 | grad=6.40e-01 | 1.2s
[   660] loss=-0.0458 | res=4.71e-04 | grad=2.85e-01 | 1.2s
[   661] loss=-0.0425 | res=3.92e-04 | grad=5.54e-01 | 1.2s
[   662] loss=-0.0432 | res=7.73e-04 | grad=4.96e-01 | 1.2s
[   663] loss=-0.0434 | res=6.26e-04 | grad=2.25e-01 | 1.2s
[   664] loss=-0.0481 | res=4.15e-04 | grad=4.62e-01 | 1.2s
[   665] loss=-0.0588 | res=2.29e-04 | grad=1.07e+00 | 1.3s
[   666] loss=-0.0570 | res=5.08e-04 | grad=5.65e-01 | 1.2s
[   667] loss=-0.0479 | res=1.38e-04 | grad=4.54e-01 | 1.3s
[   668] loss=-0.0463 | res=3.15e-04 | grad=9.05e-01 | 1.3s
[   669] loss=-0.0581 | res=3.17e-04 | grad=2.80e-01 | 1.2s
[   670] loss=-0.0612 | res=4.46e-04 | grad=2.38e-01 | 1.3s
[   671] loss=-0.0482 | res=4.40e-04 | grad=5.61e-01 | 1.3s
[   672] loss=-0.0575 | res=3.82e-04 | grad=4.15e-01 | 1.2s
[   673] loss=-0.0481 | res=2.80e-04 | grad=2.82e-01 | 1.2s
[   674] loss=-0.0545 | res=1.59e-04 | grad=4.26e-01 | 1.3s
[   675] loss=-0.0475 | res=3.79e-04 | grad=2.16e-01 | 1.3s
[   676] loss=-0.0529 | res=1.47e-04 | grad=2.97e-01 | 1.3s
[   677] loss=-0.0503 | res=3.88e-04 | grad=2.90e-01 | 1.2s
[   678] loss=-0.0504 | res=5.93e-04 | grad=2.35e-01 | 1.3s
[   679] loss=-0.0489 | res=6.49e-04 | grad=3.32e-01 | 1.2s
[   680] loss=-0.0552 | res=4.09e-04 | grad=2.45e-01 | 1.3s
[   681] loss=-0.0521 | res=5.08e-04 | grad=2.24e-01 | 1.3s
[   682] loss=-0.0484 | res=2.61e-04 | grad=3.26e-01 | 1.2s
[   683] loss=-0.0633 | res=2.01e-04 | grad=5.47e-01 | 1.3s
[   684] loss=-0.0504 | res=3.08e-04 | grad=3.01e-01 | 1.2s
[   685] loss=-0.0471 | res=6.03e-04 | grad=3.97e-01 | 1.3s
[   686] loss=-0.0461 | res=5.68e-04 | grad=3.12e-01 | 1.2s
[   687] loss=-0.0518 | res=3.43e-04 | grad=2.32e-01 | 1.2s
[   688] loss=-0.0548 | res=5.63e-04 | grad=4.98e-01 | 1.3s
[   689] loss=-0.0556 | res=3.36e-04 | grad=4.75e-01 | 1.2s
[   690] loss=-0.0538 | res=2.63e-04 | grad=3.33e-01 | 1.3s
[   691] loss=-0.0576 | res=3.03e-04 | grad=2.46e-01 | 1.2s
[   692] loss=-0.0504 | res=3.25e-04 | grad=6.76e-01 | 1.2s
[   693] loss=-0.0515 | res=7.22e-04 | grad=6.52e-01 | 1.3s
[   694] loss=-0.0561 | res=4.78e-04 | grad=1.92e-01 | 1.3s
[   695] loss=-0.0495 | res=2.44e-04 | grad=3.20e-01 | 1.3s
[   696] loss=-0.0569 | res=5.22e-04 | grad=5.40e-01 | 1.3s
[   697] loss=-0.0489 | res=1.76e-04 | grad=2.09e-01 | 1.3s
[   698] loss=-0.0451 | res=4.79e-04 | grad=2.54e-01 | 1.2s
[   699] loss=-0.0458 | res=1.32e-04 | grad=2.46e-01 | 1.2s
[   700] loss=-0.0470 | res=3.18e-04 | grad=2.62e-01 | 1.3s
[   701] loss=-0.0508 | res=1.39e-04 | grad=2.62e-01 | 1.3s
[   702] loss=-0.0444 | res=2.63e-04 | grad=2.80e-01 | 1.3s
[   703] loss=-0.0534 | res=2.83e-04 | grad=2.24e-01 | 1.3s
[   704] loss=-0.0447 | res=7.03e-04 | grad=4.14e-01 | 1.3s
[   705] loss=-0.0465 | res=2.71e-04 | grad=3.22e-01 | 1.3s
[   706] loss=-0.0458 | res=4.45e-04 | grad=2.14e-01 | 1.2s
[   707] loss=-0.0475 | res=3.53e-04 | grad=3.68e-01 | 1.3s
[   708] loss=-0.0540 | res=2.34e-04 | grad=6.91e-01 | 1.2s
[   709] loss=-0.0457 | res=4.06e-04 | grad=2.50e-01 | 1.3s
[   710] loss=-0.0499 | res=4.11e-04 | grad=1.90e-01 | 1.3s
[   711] loss=-0.0526 | res=2.68e-04 | grad=2.10e-01 | 1.2s
[   712] loss=-0.0446 | res=4.67e-04 | grad=5.54e-01 | 1.3s
[   713] loss=-0.0507 | res=2.28e-04 | grad=2.65e-01 | 1.3s
[   714] loss=-0.0582 | res=3.28e-04 | grad=4.32e-01 | 1.3s
[   715] loss=-0.0393 | res=3.10e-04 | grad=6.55e-01 | 1.3s
[   716] loss=-0.0515 | res=3.69e-04 | grad=2.57e-01 | 1.3s
[   717] loss=-0.0486 | res=4.53e-04 | grad=2.06e-01 | 1.3s
[   718] loss=-0.0457 | res=6.27e-04 | grad=2.08e-01 | 1.3s
[   719] loss=-0.0452 | res=1.80e-04 | grad=1.75e-01 | 1.3s
[   720] loss=-0.0493 | res=3.51e-04 | grad=3.32e-01 | 1.3s
[   721] loss=-0.0466 | res=3.80e-04 | grad=2.35e-01 | 1.3s
[   722] loss=-0.0448 | res=3.22e-04 | grad=3.22e-01 | 1.3s
[   723] loss=-0.0478 | res=2.82e-04 | grad=1.42e-01 | 1.3s
[   724] loss=-0.0505 | res=3.34e-04 | grad=2.54e-01 | 1.3s
[   725] loss=-0.0410 | res=3.74e-04 | grad=4.44e-01 | 1.3s
[   726] loss=-0.0454 | res=6.38e-04 | grad=2.81e-01 | 1.3s
[   727] loss=-0.0538 | res=4.39e-04 | grad=4.91e-01 | 1.3s
[   728] loss=-0.0545 | res=1.32e-04 | grad=5.06e-01 | 1.3s
[   729] loss=-0.0485 | res=3.52e-04 | grad=2.18e-01 | 1.3s
[   730] loss=-0.0616 | res=2.83e-04 | grad=5.10e-01 | 1.2s
[   731] loss=-0.0521 | res=3.19e-04 | grad=3.51e-01 | 1.3s
[   732] loss=-0.0461 | res=3.97e-04 | grad=8.62e-01 | 1.3s
[   733] loss=-0.0505 | res=3.01e-04 | grad=4.98e-01 | 1.3s
[   734] loss=-0.0512 | res=2.18e-04 | grad=2.29e-01 | 1.2s
[   735] loss=-0.0499 | res=2.23e-04 | grad=4.34e-01 | 1.3s
[   736] loss=-0.0493 | res=4.27e-04 | grad=4.19e-01 | 1.2s
[   737] loss=-0.0567 | res=2.10e-04 | grad=8.51e-01 | 1.3s
[   738] loss=-0.0476 | res=5.08e-04 | grad=2.47e-01 | 1.2s
[   739] loss=-0.0413 | res=5.66e-04 | grad=6.63e-01 | 1.3s
[   740] loss=-0.0538 | res=4.39e-04 | grad=1.76e-01 | 1.2s
[   741] loss=-0.0405 | res=3.10e-04 | grad=6.94e-01 | 1.2s
[   742] loss=-0.0495 | res=3.61e-04 | grad=3.24e-01 | 1.2s
[   743] loss=-0.0483 | res=5.08e-04 | grad=4.35e-01 | 1.3s
[   744] loss=-0.0627 | res=2.47e-04 | grad=1.20e+00 | 1.2s
[   745] loss=-0.0574 | res=3.06e-04 | grad=4.36e-01 | 1.2s
[   746] loss=-0.0448 | res=5.71e-04 | grad=8.22e-01 | 1.3s
[   747] loss=-0.0435 | res=4.67e-04 | grad=1.07e+00 | 1.2s
[   748] loss=-0.0570 | res=1.92e-04 | grad=1.74e-01 | 1.3s
[   749] loss=-0.0386 | res=4.81e-04 | grad=7.06e-01 | 1.3s
[   750] loss=-0.0454 | res=3.53e-04 | grad=2.40e-01 | 1.2s
[   751] loss=-0.0475 | res=2.33e-04 | grad=6.76e-01 | 1.3s
[   752] loss=-0.0493 | res=1.92e-04 | grad=7.01e-01 | 1.3s
[   753] loss=-0.0457 | res=2.45e-04 | grad=4.43e-01 | 1.3s
[   754] loss=-0.0471 | res=5.09e-04 | grad=2.79e-01 | 1.3s
[   755] loss=-0.0544 | res=4.11e-04 | grad=2.76e-01 | 1.3s
[   756] loss=-0.0503 | res=3.75e-04 | grad=5.88e-01 | 1.2s
[   757] loss=-0.0445 | res=4.89e-04 | grad=8.46e-01 | 1.3s
[   758] loss=-0.0511 | res=4.99e-04 | grad=4.57e-01 | 1.2s
[   759] loss=-0.0410 | res=3.05e-04 | grad=5.06e-01 | 1.3s
[   760] loss=-0.0463 | res=4.38e-04 | grad=2.64e-01 | 1.2s
[   761] loss=-0.0452 | res=1.73e-04 | grad=5.59e-01 | 1.3s
[   762] loss=-0.0477 | res=2.84e-04 | grad=7.23e-01 | 1.2s
[   763] loss=-0.0476 | res=3.08e-04 | grad=5.42e-01 | 1.3s
[   764] loss=-0.0438 | res=3.82e-04 | grad=2.08e-01 | 1.3s
[   765] loss=-0.0506 | res=4.74e-04 | grad=1.93e-01 | 1.2s
[   766] loss=-0.0460 | res=4.91e-04 | grad=5.41e-01 | 1.3s
[   767] loss=-0.0516 | res=3.13e-04 | grad=4.02e-01 | 1.3s
[   768] loss=-0.0438 | res=4.77e-04 | grad=6.31e-01 | 1.3s
[   769] loss=-0.0495 | res=3.54e-04 | grad=2.75e-01 | 1.3s
[   770] loss=-0.0540 | res=4.62e-04 | grad=4.83e-01 | 1.3s
[   771] loss=-0.0467 | res=2.83e-04 | grad=2.08e-01 | 1.3s
[   772] loss=-0.0480 | res=5.55e-04 | grad=3.15e-01 | 1.3s
[   773] loss=-0.0563 | res=3.39e-04 | grad=5.97e-01 | 1.3s
[   774] loss=-0.0399 | res=4.25e-04 | grad=5.49e-01 | 1.3s
[   775] loss=-0.0480 | res=2.33e-04 | grad=2.95e-01 | 1.3s
[   776] loss=-0.0407 | res=4.20e-04 | grad=5.60e-01 | 1.3s
[   777] loss=-0.0467 | res=4.99e-04 | grad=1.91e-01 | 1.2s
[   778] loss=-0.0535 | res=2.71e-04 | grad=5.70e-01 | 1.3s
[   779] loss=-0.0495 | res=3.67e-04 | grad=3.05e-01 | 1.3s
[   780] loss=-0.0541 | res=2.29e-04 | grad=4.64e-01 | 1.3s
[   781] loss=-0.0486 | res=2.59e-04 | grad=1.95e-01 | 1.2s
[   782] loss=-0.0534 | res=4.48e-04 | grad=4.37e-01 | 1.3s
[   783] loss=-0.0528 | res=4.99e-04 | grad=5.42e-01 | 1.3s
[   784] loss=-0.0463 | res=4.85e-04 | grad=6.51e-01 | 1.2s
[   785] loss=-0.0546 | res=5.07e-04 | grad=3.13e-01 | 1.3s
[   786] loss=-0.0540 | res=3.25e-04 | grad=3.87e-01 | 1.2s
[   787] loss=-0.0419 | res=3.71e-04 | grad=2.85e-01 | 1.2s
[   788] loss=-0.0522 | res=5.40e-04 | grad=5.76e-01 | 1.2s
[   789] loss=-0.0486 | res=4.48e-04 | grad=2.52e-01 | 1.2s
[   790] loss=-0.0480 | res=3.28e-04 | grad=2.59e-01 | 1.2s
[   791] loss=-0.0462 | res=4.49e-04 | grad=2.43e-01 | 1.3s
[   792] loss=-0.0530 | res=5.23e-04 | grad=2.60e-01 | 1.2s
[   793] loss=-0.0485 | res=6.38e-04 | grad=3.56e-01 | 1.3s
[   794] loss=-0.0466 | res=4.31e-04 | grad=3.59e-01 | 1.3s
[   795] loss=-0.0405 | res=1.99e-04 | grad=5.27e-01 | 1.2s
[   796] loss=-0.0510 | res=2.87e-04 | grad=2.65e-01 | 1.3s
[   797] loss=-0.0403 | res=2.52e-04 | grad=2.30e-01 | 1.2s
[   798] loss=-0.0434 | res=2.21e-04 | grad=3.59e-01 | 1.3s
[   799] loss=-0.0485 | res=4.46e-04 | grad=6.33e-01 | 1.2s
[   800] loss=-0.0407 | res=3.65e-04 | grad=3.41e-01 | 1.2s
[   801] loss=-0.0519 | res=4.21e-04 | grad=5.28e-01 | 1.3s
[   802] loss=-0.0423 | res=4.08e-04 | grad=3.16e-01 | 1.2s
[   803] loss=-0.0454 | res=4.22e-04 | grad=3.45e-01 | 1.2s
[   804] loss=-0.0551 | res=3.80e-04 | grad=2.95e-01 | 1.3s
[   805] loss=-0.0454 | res=4.38e-04 | grad=3.70e-01 | 1.3s
[   806] loss=-0.0546 | res=3.52e-04 | grad=2.86e-01 | 1.3s
[   807] loss=-0.0543 | res=4.76e-04 | grad=2.21e-01 | 1.3s
[   808] loss=-0.0486 | res=4.34e-04 | grad=2.76e-01 | 1.3s
[   809] loss=-0.0452 | res=5.65e-04 | grad=5.03e-01 | 1.3s
[   810] loss=-0.0423 | res=3.88e-04 | grad=3.34e-01 | 1.2s
[   811] loss=-0.0457 | res=4.32e-04 | grad=1.93e-01 | 1.3s
[   812] loss=-0.0567 | res=3.28e-04 | grad=8.39e-01 | 1.2s
[   813] loss=-0.0432 | res=3.27e-04 | grad=2.71e-01 | 1.3s
[   814] loss=-0.0532 | res=2.99e-04 | grad=4.84e-01 | 1.2s
[   815] loss=-0.0469 | res=6.21e-04 | grad=4.67e-01 | 1.3s
[   816] loss=-0.0513 | res=3.48e-04 | grad=4.48e-01 | 1.2s
[   817] loss=-0.0585 | res=5.96e-04 | grad=2.82e-01 | 1.3s
[   818] loss=-0.0592 | res=4.54e-04 | grad=2.42e-01 | 1.3s
[   819] loss=-0.0456 | res=4.69e-04 | grad=6.52e-01 | 1.2s
[   820] loss=-0.0454 | res=2.97e-04 | grad=5.91e-01 | 1.2s
[   821] loss=-0.0541 | res=3.39e-04 | grad=3.06e-01 | 1.3s
[   822] loss=-0.0459 | res=4.99e-04 | grad=2.47e-01 | 1.2s
[   823] loss=-0.0561 | res=1.90e-04 | grad=6.92e-01 | 1.3s
[   824] loss=-0.0529 | res=3.81e-04 | grad=4.46e-01 | 1.3s
[   825] loss=-0.0478 | res=3.34e-04 | grad=3.06e-01 | 1.2s
[   826] loss=-0.0510 | res=4.45e-04 | grad=2.45e-01 | 1.2s
[   827] loss=-0.0458 | res=3.90e-04 | grad=4.63e-01 | 1.3s
[   828] loss=-0.0435 | res=4.42e-04 | grad=4.25e-01 | 1.2s
[   829] loss=-0.0564 | res=4.18e-04 | grad=5.20e-01 | 1.2s
[   830] loss=-0.0557 | res=2.19e-04 | grad=5.04e-01 | 1.3s
[   831] loss=-0.0533 | res=6.52e-04 | grad=3.45e-01 | 1.2s
[   832] loss=-0.0464 | res=4.92e-04 | grad=3.18e-01 | 1.2s
[   833] loss=-0.0532 | res=2.05e-04 | grad=2.00e-01 | 1.3s
[   834] loss=-0.0432 | res=6.49e-04 | grad=7.04e-01 | 1.2s
[   835] loss=-0.0445 | res=3.29e-04 | grad=4.31e-01 | 1.3s
[   836] loss=-0.0580 | res=2.99e-04 | grad=6.33e-01 | 1.2s
[   837] loss=-0.0531 | res=2.86e-04 | grad=6.25e-01 | 1.3s
[   838] loss=-0.0535 | res=3.20e-04 | grad=2.94e-01 | 1.3s
[   839] loss=-0.0442 | res=4.00e-04 | grad=4.63e-01 | 1.3s
[   840] loss=-0.0444 | res=5.12e-04 | grad=5.80e-01 | 1.2s
[   841] loss=-0.0497 | res=2.17e-04 | grad=2.76e-01 | 1.3s
[   842] loss=-0.0404 | res=3.79e-04 | grad=3.48e-01 | 1.3s
[   843] loss=-0.0541 | res=2.78e-04 | grad=6.54e-01 | 1.2s
[   844] loss=-0.0496 | res=4.50e-04 | grad=3.98e-01 | 1.3s
[   845] loss=-0.0503 | res=2.37e-04 | grad=3.83e-01 | 1.2s
[   846] loss=-0.0459 | res=4.26e-04 | grad=2.58e-01 | 1.2s
[   847] loss=-0.0487 | res=4.65e-04 | grad=3.38e-01 | 1.3s
[   848] loss=-0.0491 | res=4.84e-04 | grad=3.07e-01 | 1.2s
[   849] loss=-0.0582 | res=4.42e-04 | grad=3.68e-01 | 1.2s
[   850] loss=-0.0481 | res=3.56e-04 | grad=3.06e-01 | 1.2s
[   851] loss=-0.0549 | res=4.51e-04 | grad=2.41e-01 | 1.2s
[   852] loss=-0.0507 | res=1.36e-04 | grad=2.17e-01 | 1.3s
[   853] loss=-0.0492 | res=2.25e-04 | grad=1.83e-01 | 1.2s
[   854] loss=-0.0467 | res=5.37e-04 | grad=2.61e-01 | 1.2s
[   855] loss=-0.0512 | res=4.31e-04 | grad=2.33e-01 | 1.2s
[   856] loss=-0.0640 | res=2.37e-04 | grad=9.43e-01 | 1.2s
[   857] loss=-0.0449 | res=5.24e-04 | grad=5.10e-01 | 1.2s
[   858] loss=-0.0456 | res=7.20e-04 | grad=4.75e-01 | 1.2s
[   859] loss=-0.0524 | res=3.17e-04 | grad=1.50e-01 | 1.3s
[   860] loss=-0.0540 | res=5.30e-04 | grad=2.27e-01 | 1.3s
[   861] loss=-0.0465 | res=2.15e-04 | grad=2.31e-01 | 1.3s
[   862] loss=-0.0486 | res=4.52e-04 | grad=1.90e-01 | 1.2s
[   863] loss=-0.0500 | res=4.59e-04 | grad=2.84e-01 | 1.3s
[   864] loss=-0.0456 | res=3.04e-04 | grad=2.45e-01 | 1.2s
[   865] loss=-0.0506 | res=3.74e-04 | grad=2.07e-01 | 1.2s
[   866] loss=-0.0490 | res=2.37e-04 | grad=1.59e-01 | 1.2s
[   867] loss=-0.0555 | res=3.87e-04 | grad=3.66e-01 | 1.2s
[   868] loss=-0.0480 | res=2.80e-04 | grad=2.99e-01 | 1.2s
[   869] loss=-0.0392 | res=5.57e-04 | grad=8.09e-01 | 1.3s
[   870] loss=-0.0465 | res=4.25e-04 | grad=2.13e-01 | 1.3s
[   871] loss=-0.0565 | res=2.44e-04 | grad=6.75e-01 | 1.2s
[   872] loss=-0.0485 | res=5.34e-04 | grad=4.00e-01 | 1.2s
[   873] loss=-0.0441 | res=4.21e-04 | grad=2.24e-01 | 1.3s
[   874] loss=-0.0508 | res=5.10e-04 | grad=2.25e-01 | 1.2s
[   875] loss=-0.0508 | res=4.68e-04 | grad=2.54e-01 | 1.3s
[   876] loss=-0.0492 | res=2.84e-04 | grad=3.36e-01 | 1.2s
[   877] loss=-0.0469 | res=2.17e-04 | grad=3.03e-01 | 1.2s
[   878] loss=-0.0558 | res=5.96e-04 | grad=5.00e-01 | 1.3s
[   879] loss=-0.0422 | res=3.90e-04 | grad=3.71e-01 | 1.2s
[   880] loss=-0.0457 | res=2.22e-04 | grad=2.35e-01 | 1.2s
[   881] loss=-0.0508 | res=5.37e-04 | grad=4.01e-01 | 1.2s
[   882] loss=-0.0504 | res=2.59e-04 | grad=3.60e-01 | 1.3s
[   883] loss=-0.0515 | res=5.11e-04 | grad=2.45e-01 | 1.3s
[   884] loss=-0.0459 | res=4.35e-04 | grad=3.35e-01 | 1.3s
[   885] loss=-0.0557 | res=4.39e-04 | grad=1.84e-01 | 1.3s
[   886] loss=-0.0507 | res=3.19e-04 | grad=2.59e-01 | 1.3s
[   887] loss=-0.0440 | res=4.03e-04 | grad=5.24e-01 | 1.3s
[   888] loss=-0.0542 | res=3.77e-04 | grad=3.10e-01 | 1.2s
[   889] loss=-0.0628 | res=2.57e-04 | grad=8.05e-01 | 1.3s
[   890] loss=-0.0596 | res=4.19e-04 | grad=4.11e-01 | 1.2s
[   891] loss=-0.0456 | res=5.36e-04 | grad=7.00e-01 | 1.3s
[   892] loss=-0.0499 | res=4.88e-04 | grad=5.48e-01 | 1.2s
[   893] loss=-0.0462 | res=6.60e-04 | grad=4.34e-01 | 1.2s
[   894] loss=-0.0409 | res=1.77e-04 | grad=4.29e-01 | 1.3s
[   895] loss=-0.0527 | res=1.62e-04 | grad=7.59e-01 | 1.2s
[   896] loss=-0.0478 | res=4.74e-04 | grad=5.93e-01 | 1.2s
[   897] loss=-0.0496 | res=3.84e-04 | grad=5.76e-01 | 1.3s
[   898] loss=-0.0495 | res=4.41e-04 | grad=2.95e-01 | 1.3s
[   899] loss=-0.0544 | res=5.02e-04 | grad=2.83e-01 | 1.3s
[   900] loss=-0.0513 | res=3.69e-04 | grad=5.11e-01 | 1.3s
[   901] loss=-0.0444 | res=3.04e-04 | grad=1.16e+00 | 1.2s
[   902] loss=-0.0509 | res=4.69e-04 | grad=4.40e-01 | 1.3s
[   903] loss=-0.0519 | res=4.54e-04 | grad=1.76e-01 | 1.2s
[   904] loss=-0.0517 | res=2.30e-04 | grad=5.61e-01 | 1.3s
[   905] loss=-0.0468 | res=3.92e-04 | grad=3.41e-01 | 1.3s
[   906] loss=-0.0516 | res=1.66e-04 | grad=6.34e-01 | 1.3s
[   907] loss=-0.0548 | res=3.11e-04 | grad=7.77e-01 | 1.3s
[   908] loss=-0.0451 | res=4.38e-04 | grad=3.51e-01 | 1.3s
[   909] loss=-0.0514 | res=3.39e-04 | grad=4.55e-01 | 1.3s
[   910] loss=-0.0461 | res=6.00e-04 | grad=8.99e-01 | 1.3s
[   911] loss=-0.0401 | res=2.81e-04 | grad=8.46e-01 | 1.3s
[   912] loss=-0.0519 | res=3.85e-04 | grad=2.58e-01 | 1.2s
[   913] loss=-0.0453 | res=2.53e-04 | grad=3.15e-01 | 1.3s
[   914] loss=-0.0428 | res=3.41e-04 | grad=5.29e-01 | 1.2s
[   915] loss=-0.0528 | res=2.67e-04 | grad=9.50e-01 | 1.3s
[   916] loss=-0.0554 | res=2.73e-04 | grad=8.19e-01 | 1.2s
[   917] loss=-0.0515 | res=5.21e-04 | grad=1.92e-01 | 1.3s
[   918] loss=-0.0467 | res=4.07e-04 | grad=7.48e-01 | 1.2s
[   919] loss=-0.0487 | res=5.55e-04 | grad=7.59e-01 | 1.3s
[   920] loss=-0.0522 | res=4.84e-04 | grad=5.21e-01 | 1.2s
[   921] loss=-0.0512 | res=3.44e-04 | grad=2.62e-01 | 1.2s
[   922] loss=-0.0486 | res=2.98e-04 | grad=1.58e-01 | 1.2s
[   923] loss=-0.0438 | res=6.75e-04 | grad=2.50e-01 | 1.2s
[   924] loss=-0.0500 | res=4.10e-04 | grad=5.58e-01 | 1.3s
[   925] loss=-0.0546 | res=2.61e-04 | grad=8.16e-01 | 1.2s
[   926] loss=-0.0522 | res=2.02e-04 | grad=3.51e-01 | 1.3s
[   927] loss=-0.0498 | res=4.47e-04 | grad=2.15e-01 | 1.2s
[   928] loss=-0.0534 | res=4.84e-04 | grad=3.98e-01 | 1.3s
[   929] loss=-0.0518 | res=2.06e-04 | grad=5.71e-01 | 1.3s
[   930] loss=-0.0533 | res=4.33e-04 | grad=3.45e-01 | 1.2s
[   931] loss=-0.0552 | res=4.23e-04 | grad=1.87e-01 | 1.3s
[   932] loss=-0.0522 | res=5.59e-04 | grad=1.54e-01 | 1.3s
[   933] loss=-0.0578 | res=4.24e-04 | grad=5.95e-01 | 1.2s
[   934] loss=-0.0443 | res=4.87e-04 | grad=2.40e-01 | 1.3s
[   935] loss=-0.0577 | res=3.91e-04 | grad=5.27e-01 | 1.3s
[   936] loss=-0.0543 | res=2.09e-04 | grad=1.71e-01 | 1.2s
[   937] loss=-0.0479 | res=4.09e-04 | grad=3.48e-01 | 1.3s
[   938] loss=-0.0482 | res=5.67e-04 | grad=3.51e-01 | 1.2s
[   939] loss=-0.0447 | res=5.49e-04 | grad=4.66e-01 | 1.3s
[   940] loss=-0.0552 | res=4.52e-04 | grad=3.30e-01 | 1.2s
[   941] loss=-0.0444 | res=1.69e-04 | grad=1.44e-01 | 1.3s
[   942] loss=-0.0507 | res=2.61e-04 | grad=2.84e-01 | 1.2s
[   943] loss=-0.0447 | res=3.64e-04 | grad=1.73e-01 | 1.3s
[   944] loss=-0.0419 | res=3.92e-04 | grad=2.42e-01 | 1.2s
[   945] loss=-0.0592 | res=2.59e-04 | grad=7.83e-01 | 1.3s
[   946] loss=-0.0469 | res=3.52e-04 | grad=1.93e-01 | 1.2s
[   947] loss=-0.0497 | res=2.71e-04 | grad=2.55e-01 | 1.2s
[   948] loss=-0.0449 | res=4.48e-04 | grad=5.08e-01 | 1.3s
[   949] loss=-0.0495 | res=3.66e-04 | grad=2.75e-01 | 1.3s
[   950] loss=-0.0498 | res=3.99e-04 | grad=1.91e-01 | 1.3s
[   951] loss=-0.0535 | res=3.85e-04 | grad=2.58e-01 | 1.3s
[   952] loss=-0.0526 | res=1.72e-04 | grad=2.86e-01 | 1.3s
[   953] loss=-0.0433 | res=4.70e-04 | grad=3.21e-01 | 1.3s
[   954] loss=-0.0584 | res=2.88e-04 | grad=5.91e-01 | 1.2s
[   955] loss=-0.0471 | res=3.57e-04 | grad=2.56e-01 | 1.3s
[   956] loss=-0.0517 | res=6.31e-04 | grad=2.10e-01 | 1.3s
[   957] loss=-0.0484 | res=6.45e-04 | grad=2.84e-01 | 1.3s
[   958] loss=-0.0488 | res=5.72e-04 | grad=2.32e-01 | 1.3s
[   959] loss=-0.0448 | res=4.03e-04 | grad=2.76e-01 | 1.3s
[   960] loss=-0.0469 | res=3.92e-04 | grad=2.03e-01 | 1.3s
[   961] loss=-0.0552 | res=3.66e-04 | grad=6.92e-01 | 1.3s
[   962] loss=-0.0531 | res=2.30e-04 | grad=4.18e-01 | 1.3s
[   963] loss=-0.0465 | res=3.76e-04 | grad=3.00e-01 | 1.3s
[   964] loss=-0.0478 | res=6.93e-04 | grad=2.81e-01 | 1.3s
[   965] loss=-0.0520 | res=2.48e-04 | grad=1.88e-01 | 1.3s
[   966] loss=-0.0476 | res=3.94e-04 | grad=3.35e-01 | 1.3s
[   967] loss=-0.0475 | res=3.31e-04 | grad=2.84e-01 | 1.3s
[   968] loss=-0.0498 | res=3.81e-04 | grad=1.82e-01 | 1.3s
[   969] loss=-0.0518 | res=4.28e-04 | grad=3.05e-01 | 1.3s
[   970] loss=-0.0516 | res=4.70e-04 | grad=4.39e-01 | 1.3s
[   971] loss=-0.0516 | res=4.21e-04 | grad=2.71e-01 | 1.3s
[   972] loss=-0.0542 | res=3.19e-04 | grad=2.36e-01 | 1.3s
[   973] loss=-0.0388 | res=5.90e-04 | grad=8.41e-01 | 1.3s
[   974] loss=-0.0554 | res=3.55e-04 | grad=2.07e-01 | 1.2s
[   975] loss=-0.0509 | res=2.81e-04 | grad=1.98e-01 | 1.2s
[   976] loss=-0.0573 | res=5.04e-04 | grad=3.75e-01 | 1.2s
[   977] loss=-0.0493 | res=4.16e-04 | grad=2.57e-01 | 1.3s
[   978] loss=-0.0485 | res=1.89e-04 | grad=2.10e-01 | 1.2s
[   979] loss=-0.0524 | res=4.05e-04 | grad=1.38e-01 | 1.2s
[   980] loss=-0.0508 | res=4.47e-04 | grad=1.49e-01 | 1.3s
[   981] loss=-0.0508 | res=3.22e-04 | grad=1.94e-01 | 1.2s
[   982] loss=-0.0460 | res=5.59e-04 | grad=2.82e-01 | 1.3s
[   983] loss=-0.0568 | res=3.60e-04 | grad=4.07e-01 | 1.3s
[   984] loss=-0.0458 | res=5.19e-04 | grad=3.51e-01 | 1.2s
[   985] loss=-0.0512 | res=4.90e-04 | grad=2.11e-01 | 1.2s
[   986] loss=-0.0430 | res=3.77e-04 | grad=3.91e-01 | 1.3s
[   987] loss=-0.0403 | res=2.17e-04 | grad=2.64e-01 | 1.3s
[   988] loss=-0.0444 | res=3.32e-04 | grad=2.19e-01 | 1.3s
[   989] loss=-0.0514 | res=3.41e-04 | grad=6.97e-01 | 1.3s
[   990] loss=-0.0513 | res=3.29e-04 | grad=5.99e-01 | 1.3s
[   991] loss=-0.0518 | res=3.72e-04 | grad=3.45e-01 | 1.3s
[   992] loss=-0.0498 | res=6.76e-04 | grad=2.75e-01 | 1.2s
[   993] loss=-0.0429 | res=6.27e-04 | grad=8.60e-01 | 1.3s
[   994] loss=-0.0484 | res=2.87e-04 | grad=4.22e-01 | 1.2s
[   995] loss=-0.0440 | res=2.15e-04 | grad=6.17e-01 | 1.2s
[   996] loss=-0.0522 | res=2.36e-04 | grad=4.65e-01 | 1.2s
[   997] loss=-0.0361 | res=3.17e-04 | grad=1.77e-01 | 1.3s
[   998] loss=-0.0498 | res=3.94e-04 | grad=7.03e-01 | 1.3s
[   999] loss=-0.0511 | res=2.05e-04 | grad=7.61e-01 | 1.3s
[  1000] loss=-0.0579 | res=3.09e-04 | grad=8.25e-01 | 1.3s
  KL = 0.0897 +/- 0.0032  |  ESS = 783.3 (ratio: 0.765)
  Runtime = 1265.7s

Saved: experiments/final_results/ours_highD_sphere.npz

======================================================================
EXPERIMENT COMPLETE: SPHERE
======================================================================
