nohup: ignoring input
Running on: [RocmDevice(id=0)]
N_RUNS = 5
RCPM_GAMMA = 1.0
LANDMARK_METHOD = fps (candidates=4096)
Manifolds: S2, T2

======================================================================
DEFAULT CONFIGURATION PARAMETERS (from src/base.py)
======================================================================

[ModelConfig]
  network_type:   mlp
  hidden_dims:    (128, 128)
  n_landmarks:    128
  use_layernorm:  True
  last_scale:     0.01
  activation:     silu
  leaky_slope:    0.01
  softplus_beta:  1
  max_dist:       3.14159

[SolverConfig]
  inner_steps:      2500
  inner_lr:         0.05
  grad_clip:        None
  lr_decay:         False
  tolerance:        1e-06
  min_steps:        1000
  momentum:         0.0
  logsumexp_init:   True
  logsumexp_gamma:  0.1
  use_adam:         True
  adam_beta1:       0.9
  adam_beta2:       0.999

[TrainingConfig]
  n_steps:        1000
  batch_size:     256
  learning_rate:  0.001
  lr_decay:       False
  lr_decay_alpha: 0.05
  log_every:      1
  eval_every:     None
  eval_size:      1024
  seed:           12345

======================================================================


======================================================================
MANIFOLD: S2
======================================================================

[Ours] Running 5 independent training runs...

  --- Run 1/5 (seed=12345) ---
/home/sjbhatt/anaconda3/envs/rcpms-jax/lib/python3.10/site-packages/jax/_src/ops/scatter.py:92: FutureWarning: scatter inputs have incompatible types: cannot safely cast value from dtype=int64 to dtype=int32 with jax_numpy_dtype_promotion='standard'. In future JAX releases this will result in an error.
  warnings.warn(
/home/sjbhatt/anaconda3/envs/rcpms-jax/lib/python3.10/site-packages/jax/_src/ops/scatter.py:92: FutureWarning: scatter inputs have incompatible types: cannot safely cast value from dtype=int64 to dtype=int32 with jax_numpy_dtype_promotion='standard'. In future JAX releases this will result in an error.
  warnings.warn(
[     1] loss=-0.0854 | res=6.82e-05 | grad=6.99e+00 | 9.3s
[     2] loss=-0.2283 | res=1.59e-04 | grad=6.06e+00 | 1.0s
[     3] loss=-0.3280 | res=1.51e-09 | grad=4.87e+00 | 1.0s
[     4] loss=-0.4633 | res=7.35e-05 | grad=5.05e+00 | 0.9s
[     5] loss=-0.5356 | res=1.50e-04 | grad=4.24e+00 | 1.0s
[     6] loss=-0.6359 | res=1.06e-04 | grad=3.67e+00 | 1.0s
[     7] loss=-0.7429 | res=8.36e-04 | grad=3.40e+00 | 1.0s
[     8] loss=-0.7098 | res=1.77e-04 | grad=1.54e+00 | 1.0s
[     9] loss=-0.7684 | res=1.11e-08 | grad=1.12e+00 | 1.0s
[    10] loss=-0.7491 | res=8.33e-09 | grad=4.61e-01 | 1.0s
[    11] loss=-0.8744 | res=5.69e-09 | grad=4.32e-01 | 1.0s
[    12] loss=-0.7403 | res=5.73e-09 | grad=6.88e-01 | 1.0s
[    13] loss=-0.8391 | res=8.31e-05 | grad=8.90e-01 | 1.0s
[    14] loss=-0.8267 | res=1.29e-08 | grad=1.21e+00 | 1.0s
[    15] loss=-0.8372 | res=1.76e-04 | grad=1.21e+00 | 0.9s
[    16] loss=-0.8796 | res=6.99e-09 | grad=9.62e-01 | 1.0s
[    17] loss=-0.7718 | res=9.42e-09 | grad=1.06e+00 | 1.0s
[    18] loss=-0.8300 | res=2.89e-09 | grad=1.40e+00 | 1.0s
[    19] loss=-0.8692 | res=1.24e-12 | grad=9.90e-01 | 1.0s
[    20] loss=-0.7842 | res=1.50e-08 | grad=8.73e-01 | 1.0s
[    21] loss=-0.7670 | res=1.06e-08 | grad=1.11e+00 | 1.0s
[    22] loss=-0.9329 | res=2.57e-04 | grad=3.72e-01 | 1.0s
[    23] loss=-0.7971 | res=1.09e-08 | grad=9.25e-01 | 1.0s
[    24] loss=-0.8345 | res=5.47e-09 | grad=5.12e-01 | 1.0s
[    25] loss=-0.7266 | res=5.95e-09 | grad=6.95e-01 | 1.0s
[    26] loss=-0.7595 | res=1.19e-04 | grad=2.93e-01 | 1.0s
[    27] loss=-0.7327 | res=1.16e-04 | grad=4.72e-01 | 1.0s
[    28] loss=-0.6825 | res=5.61e-05 | grad=5.03e-01 | 1.0s
[    29] loss=-0.7501 | res=5.72e-09 | grad=3.95e-01 | 1.0s
[    30] loss=-0.8139 | res=2.81e-04 | grad=7.69e-01 | 1.0s
[    31] loss=-0.8789 | res=1.81e-04 | grad=1.05e+00 | 0.9s
[    32] loss=-0.7935 | res=4.28e-04 | grad=9.82e-01 | 1.0s
[    33] loss=-0.8814 | res=1.27e-04 | grad=9.43e-01 | 1.0s
[    34] loss=-0.7298 | res=8.78e-09 | grad=3.90e-01 | 1.0s
[    35] loss=-0.8721 | res=4.12e-05 | grad=4.47e-01 | 1.0s
[    36] loss=-0.9094 | res=5.41e-05 | grad=1.01e+00 | 1.0s
[    37] loss=-0.7017 | res=3.00e-09 | grad=1.00e+00 | 1.0s
[    38] loss=-0.8218 | res=6.42e-09 | grad=5.69e-01 | 1.0s
[    39] loss=-0.7888 | res=7.14e-09 | grad=4.84e-01 | 1.0s
[    40] loss=-0.9070 | res=5.43e-05 | grad=3.61e-01 | 0.9s
[    41] loss=-0.8763 | res=1.19e-08 | grad=3.48e-01 | 0.9s
[    42] loss=-0.9233 | res=6.91e-09 | grad=3.14e-01 | 1.0s
[    43] loss=-0.7778 | res=9.20e-09 | grad=7.10e-01 | 1.0s
[    44] loss=-0.7164 | res=1.37e-04 | grad=9.61e-01 | 0.9s
[    45] loss=-0.8525 | res=3.62e-09 | grad=3.86e-01 | 1.0s
[    46] loss=-0.7371 | res=4.20e-05 | grad=9.62e-01 | 0.9s
[    47] loss=-0.8702 | res=2.43e-09 | grad=2.44e-01 | 1.0s
[    48] loss=-0.7610 | res=6.52e-12 | grad=6.35e-01 | 1.0s
[    49] loss=-0.8764 | res=7.38e-05 | grad=3.82e-01 | 0.9s
[    50] loss=-0.7000 | res=1.96e-04 | grad=7.30e-01 | 1.0s
[    51] loss=-0.7855 | res=1.19e-08 | grad=8.49e-01 | 0.9s
[    52] loss=-0.8538 | res=4.70e-05 | grad=7.27e-01 | 1.0s
[    53] loss=-0.9079 | res=9.03e-05 | grad=8.73e-01 | 0.9s
[    54] loss=-0.9183 | res=1.67e-09 | grad=5.63e-01 | 1.0s
[    55] loss=-0.8454 | res=7.07e-09 | grad=1.98e-01 | 0.9s
[    56] loss=-0.7839 | res=1.00e-04 | grad=5.89e-01 | 0.9s
[    57] loss=-0.8139 | res=3.96e-04 | grad=3.09e-01 | 1.0s
[    58] loss=-0.8797 | res=3.32e-12 | grad=6.13e-01 | 1.0s
[    59] loss=-0.8084 | res=5.51e-04 | grad=3.67e-01 | 1.0s
[    60] loss=-0.8729 | res=8.83e-09 | grad=6.01e-01 | 1.0s
[    61] loss=-0.8340 | res=2.16e-04 | grad=2.90e-01 | 1.0s
[    62] loss=-0.8094 | res=3.07e-09 | grad=3.69e-01 | 1.0s
[    63] loss=-0.7938 | res=1.20e-08 | grad=5.18e-01 | 0.9s
[    64] loss=-0.7849 | res=3.73e-09 | grad=3.24e-01 | 1.0s
[    65] loss=-0.7996 | res=1.41e-08 | grad=3.84e-01 | 1.0s
[    66] loss=-0.8701 | res=4.78e-09 | grad=5.34e-01 | 1.0s
[    67] loss=-0.8527 | res=1.25e-04 | grad=5.69e-01 | 1.0s
[    68] loss=-0.7465 | res=4.02e-04 | grad=7.08e-01 | 1.0s
[    69] loss=-0.9716 | res=5.46e-09 | grad=4.28e-01 | 1.0s
[    70] loss=-0.7671 | res=1.17e-04 | grad=3.16e-01 | 1.0s
[    71] loss=-0.8985 | res=1.80e-04 | grad=3.78e-01 | 1.0s
[    72] loss=-0.7538 | res=6.36e-09 | grad=4.22e-01 | 1.0s
[    73] loss=-0.8328 | res=7.02e-09 | grad=2.70e-01 | 1.0s
[    74] loss=-0.8844 | res=9.50e-05 | grad=2.02e-01 | 1.0s
[    75] loss=-0.7604 | res=2.21e-04 | grad=3.52e-01 | 1.0s
[    76] loss=-0.8625 | res=8.90e-09 | grad=1.65e-01 | 1.0s
[    77] loss=-0.8961 | res=4.69e-05 | grad=6.72e-01 | 1.0s
[    78] loss=-0.8223 | res=9.12e-05 | grad=4.10e-01 | 1.0s
[    79] loss=-0.8199 | res=2.60e-05 | grad=2.39e-01 | 1.0s
[    80] loss=-0.8254 | res=3.25e-05 | grad=7.10e-01 | 0.9s
[    81] loss=-0.7200 | res=7.35e-09 | grad=6.19e-01 | 1.0s
[    82] loss=-0.7124 | res=1.42e-04 | grad=7.09e-01 | 1.0s
[    83] loss=-0.8058 | res=6.00e-05 | grad=7.42e-01 | 1.0s
[    84] loss=-0.8857 | res=2.99e-04 | grad=6.97e-01 | 1.0s
[    85] loss=-0.8130 | res=4.01e-04 | grad=4.77e-01 | 1.0s
[    86] loss=-0.7501 | res=8.93e-05 | grad=3.82e-01 | 0.9s
[    87] loss=-0.7823 | res=1.91e-04 | grad=4.13e-01 | 1.0s
[    88] loss=-0.7503 | res=5.68e-09 | grad=3.80e-01 | 1.0s
[    89] loss=-0.8060 | res=1.01e-04 | grad=3.89e-01 | 0.9s
[    90] loss=-0.7843 | res=1.02e-08 | grad=3.36e-01 | 1.0s
[    91] loss=-0.8506 | res=1.00e-04 | grad=5.64e-01 | 1.0s
[    92] loss=-0.8918 | res=5.82e-05 | grad=2.43e-01 | 0.9s
[    93] loss=-0.8954 | res=6.13e-05 | grad=4.30e-01 | 0.9s
[    94] loss=-0.8275 | res=1.34e-04 | grad=2.60e-01 | 0.9s
[    95] loss=-0.7911 | res=1.17e-04 | grad=4.93e-01 | 1.0s
[    96] loss=-0.8227 | res=1.53e-08 | grad=5.66e-01 | 1.0s
[    97] loss=-0.7994 | res=9.26e-05 | grad=2.03e-01 | 1.0s
[    98] loss=-0.8169 | res=1.95e-04 | grad=2.21e-01 | 1.0s
[    99] loss=-0.8552 | res=4.16e-05 | grad=3.73e-01 | 0.9s
[   100] loss=-0.9014 | res=1.31e-09 | grad=4.55e-01 | 1.0s
[   101] loss=-0.8820 | res=9.52e-09 | grad=2.96e-01 | 1.0s
[   102] loss=-0.7158 | res=1.08e-04 | grad=4.95e-01 | 1.0s
[   103] loss=-0.7445 | res=2.36e-08 | grad=5.66e-01 | 1.0s
[   104] loss=-0.7849 | res=1.13e-04 | grad=4.13e-01 | 0.9s
[   105] loss=-0.8648 | res=8.32e-09 | grad=1.86e-01 | 1.0s
[   106] loss=-0.7844 | res=6.40e-05 | grad=3.83e-01 | 1.0s
[   107] loss=-0.8129 | res=3.68e-09 | grad=4.21e-01 | 0.9s
[   108] loss=-0.8488 | res=2.66e-04 | grad=3.25e-01 | 1.0s
[   109] loss=-0.8045 | res=7.30e-05 | grad=3.78e-01 | 1.0s
[   110] loss=-0.7977 | res=1.05e-04 | grad=6.70e-01 | 1.0s
[   111] loss=-0.8865 | res=1.26e-08 | grad=3.32e-01 | 1.0s
[   112] loss=-0.8804 | res=1.63e-04 | grad=4.35e-01 | 1.0s
[   113] loss=-0.8717 | res=2.88e-04 | grad=1.96e-01 | 1.0s
[   114] loss=-0.8369 | res=2.57e-04 | grad=5.23e-01 | 1.0s
[   115] loss=-0.7897 | res=2.92e-04 | grad=2.10e-01 | 1.0s
[   116] loss=-0.8800 | res=1.53e-04 | grad=6.53e-01 | 1.0s
[   117] loss=-0.8640 | res=5.91e-05 | grad=3.45e-01 | 1.0s
[   118] loss=-0.7788 | res=1.70e-04 | grad=8.09e-01 | 1.0s
[   119] loss=-0.7492 | res=8.33e-09 | grad=8.27e-01 | 0.9s
[   120] loss=-0.8675 | res=1.14e-04 | grad=6.97e-01 | 1.0s
[   121] loss=-0.8400 | res=1.70e-04 | grad=4.05e-01 | 1.0s
[   122] loss=-0.7880 | res=5.90e-05 | grad=4.46e-01 | 1.0s
[   123] loss=-0.8018 | res=5.58e-05 | grad=4.61e-01 | 1.0s
[   124] loss=-0.8923 | res=2.61e-04 | grad=5.67e-01 | 1.0s
[   125] loss=-0.8669 | res=2.16e-09 | grad=7.42e-01 | 1.0s
[   126] loss=-0.8982 | res=1.52e-04 | grad=3.32e-01 | 1.0s
[   127] loss=-0.7662 | res=2.00e-05 | grad=7.84e-01 | 1.0s
[   128] loss=-0.8116 | res=2.20e-08 | grad=4.82e-01 | 1.0s
[   129] loss=-0.8075 | res=4.67e-09 | grad=3.78e-01 | 1.0s
[   130] loss=-0.8499 | res=4.35e-05 | grad=5.56e-01 | 1.0s
[   131] loss=-0.9353 | res=2.47e-09 | grad=6.66e-01 | 1.0s
[   132] loss=-0.8029 | res=9.71e-09 | grad=4.37e-01 | 1.0s
[   133] loss=-0.7575 | res=7.14e-13 | grad=6.96e-01 | 1.0s
[   134] loss=-0.7283 | res=4.32e-05 | grad=7.86e-01 | 1.0s
[   135] loss=-0.8243 | res=6.33e-05 | grad=6.72e-01 | 1.0s
[   136] loss=-0.7337 | res=4.99e-05 | grad=5.43e-01 | 1.0s
[   137] loss=-0.8189 | res=8.94e-09 | grad=4.89e-01 | 1.0s
[   138] loss=-0.8865 | res=1.68e-08 | grad=7.63e-01 | 1.0s
[   139] loss=-0.8086 | res=3.57e-09 | grad=3.63e-01 | 1.0s
[   140] loss=-0.8665 | res=6.38e-09 | grad=4.28e-01 | 1.0s
[   141] loss=-0.7715 | res=1.54e-04 | grad=2.38e-01 | 1.0s
[   142] loss=-0.7999 | res=5.00e-05 | grad=5.57e-01 | 1.0s
[   143] loss=-0.9001 | res=1.14e-08 | grad=2.28e-01 | 1.0s
[   144] loss=-0.8921 | res=1.58e-04 | grad=4.26e-01 | 1.0s
[   145] loss=-0.9227 | res=4.29e-09 | grad=6.65e-01 | 1.0s
[   146] loss=-0.8917 | res=2.51e-04 | grad=4.39e-01 | 1.0s
[   147] loss=-0.7572 | res=3.42e-09 | grad=4.92e-01 | 1.0s
[   148] loss=-0.7865 | res=2.54e-09 | grad=4.44e-01 | 1.0s
[   149] loss=-0.8372 | res=1.72e-04 | grad=3.56e-01 | 1.0s
[   150] loss=-0.7807 | res=3.93e-09 | grad=4.97e-01 | 1.0s
[   151] loss=-0.8457 | res=1.35e-04 | grad=6.38e-01 | 1.0s
[   152] loss=-0.8311 | res=4.41e-09 | grad=2.93e-01 | 1.0s
[   153] loss=-0.7605 | res=2.39e-04 | grad=4.69e-01 | 1.0s
[   154] loss=-0.7125 | res=1.00e-08 | grad=5.62e-01 | 1.0s
[   155] loss=-0.7825 | res=6.19e-09 | grad=6.23e-01 | 1.0s
[   156] loss=-0.8250 | res=1.31e-04 | grad=2.90e-01 | 1.0s
[   157] loss=-0.7713 | res=3.94e-04 | grad=1.69e-01 | 1.0s
[   158] loss=-0.9098 | res=6.58e-09 | grad=4.59e-01 | 1.0s
[   159] loss=-0.7220 | res=3.64e-09 | grad=5.51e-01 | 1.0s
[   160] loss=-0.8624 | res=6.83e-05 | grad=3.91e-01 | 1.0s
[   161] loss=-0.7877 | res=1.79e-05 | grad=1.74e-01 | 1.0s
[   162] loss=-0.8558 | res=1.57e-14 | grad=5.61e-01 | 1.0s
[   163] loss=-0.8174 | res=2.06e-08 | grad=5.21e-01 | 1.0s
[   164] loss=-0.8311 | res=6.12e-05 | grad=4.18e-01 | 1.0s
[   165] loss=-0.8497 | res=1.55e-04 | grad=2.25e-01 | 1.0s
[   166] loss=-0.7373 | res=1.70e-15 | grad=4.93e-01 | 1.0s
[   167] loss=-0.8139 | res=2.37e-04 | grad=5.25e-01 | 1.0s
[   168] loss=-0.8078 | res=2.15e-09 | grad=1.20e-01 | 1.0s
[   169] loss=-0.8363 | res=2.87e-05 | grad=3.53e-01 | 1.0s
[   170] loss=-0.8082 | res=1.87e-08 | grad=4.89e-01 | 1.0s
[   171] loss=-0.8221 | res=5.13e-05 | grad=3.24e-01 | 1.0s
[   172] loss=-0.7712 | res=4.67e-05 | grad=2.30e-01 | 0.9s
[   173] loss=-0.8967 | res=5.50e-05 | grad=6.70e-01 | 1.0s
[   174] loss=-0.7063 | res=9.09e-09 | grad=8.33e-01 | 1.0s
[   175] loss=-0.7806 | res=6.32e-05 | grad=1.69e-01 | 1.0s
[   176] loss=-0.9203 | res=9.88e-09 | grad=4.74e-01 | 1.0s
[   177] loss=-0.8530 | res=5.88e-05 | grad=6.80e-01 | 1.0s
[   178] loss=-0.8168 | res=5.85e-05 | grad=2.13e-01 | 1.0s
[   179] loss=-0.8409 | res=1.28e-04 | grad=3.81e-01 | 1.0s
[   180] loss=-0.8459 | res=1.86e-04 | grad=6.37e-01 | 1.0s
[   181] loss=-0.8252 | res=1.33e-04 | grad=5.70e-01 | 1.0s
[   182] loss=-0.7293 | res=8.18e-09 | grad=5.29e-01 | 1.0s
[   183] loss=-0.8252 | res=1.79e-04 | grad=2.67e-01 | 0.9s
[   184] loss=-0.8237 | res=3.05e-09 | grad=2.83e-01 | 1.0s
[   185] loss=-0.8226 | res=1.69e-15 | grad=4.62e-01 | 1.0s
[   186] loss=-0.8432 | res=1.14e-09 | grad=7.73e-01 | 1.0s
[   187] loss=-0.9239 | res=3.54e-05 | grad=4.80e-01 | 1.0s
[   188] loss=-0.9001 | res=4.71e-09 | grad=4.26e-01 | 1.0s
[   189] loss=-0.8680 | res=2.10e-09 | grad=5.33e-01 | 1.0s
[   190] loss=-0.8228 | res=3.18e-04 | grad=4.97e-01 | 1.0s
[   191] loss=-0.8795 | res=7.03e-09 | grad=2.63e-01 | 1.0s
[   192] loss=-0.8624 | res=1.03e-04 | grad=5.84e-01 | 1.0s
[   193] loss=-0.9040 | res=6.38e-05 | grad=3.97e-01 | 1.0s
[   194] loss=-0.8957 | res=7.64e-05 | grad=4.37e-01 | 1.0s
[   195] loss=-0.8477 | res=1.31e-08 | grad=5.34e-01 | 1.0s
[   196] loss=-0.7938 | res=1.41e-08 | grad=6.77e-01 | 1.0s
[   197] loss=-0.8280 | res=4.44e-05 | grad=5.19e-01 | 1.0s
[   198] loss=-0.6644 | res=1.97e-04 | grad=1.03e+00 | 1.0s
[   199] loss=-0.8613 | res=1.25e-07 | grad=2.87e-01 | 1.0s
[   200] loss=-0.8265 | res=1.96e-04 | grad=2.66e-01 | 1.0s
[   201] loss=-0.8125 | res=8.35e-09 | grad=6.51e-01 | 1.0s
[   202] loss=-0.8741 | res=6.00e-09 | grad=3.95e-01 | 1.0s
[   203] loss=-0.8323 | res=7.02e-09 | grad=5.30e-01 | 1.0s
[   204] loss=-0.8801 | res=1.45e-15 | grad=4.82e-01 | 0.9s
[   205] loss=-0.8174 | res=1.70e-04 | grad=4.76e-01 | 0.9s
[   206] loss=-0.8667 | res=5.05e-05 | grad=7.89e-01 | 1.0s
[   207] loss=-0.8778 | res=2.58e-04 | grad=5.65e-01 | 1.0s
[   208] loss=-0.7593 | res=5.08e-05 | grad=4.78e-01 | 1.0s
[   209] loss=-0.8663 | res=2.77e-09 | grad=4.65e-01 | 1.0s
[   210] loss=-0.7976 | res=7.42e-05 | grad=3.59e-01 | 1.0s
[   211] loss=-0.7472 | res=1.39e-04 | grad=3.68e-01 | 1.0s
[   212] loss=-0.8169 | res=1.38e-04 | grad=7.23e-01 | 0.9s
[   213] loss=-0.9022 | res=1.02e-04 | grad=3.05e-01 | 1.0s
[   214] loss=-0.8159 | res=1.81e-04 | grad=4.96e-01 | 1.0s
[   215] loss=-0.8520 | res=5.87e-09 | grad=3.67e-01 | 1.0s
[   216] loss=-0.8011 | res=2.90e-05 | grad=5.70e-01 | 1.0s
[   217] loss=-0.9199 | res=5.88e-05 | grad=5.09e-01 | 1.0s
[   218] loss=-0.8968 | res=6.43e-10 | grad=4.60e-01 | 1.0s
[   219] loss=-0.9027 | res=2.11e-04 | grad=4.95e-01 | 1.0s
[   220] loss=-0.8229 | res=9.88e-05 | grad=3.25e-01 | 1.0s
[   221] loss=-0.8422 | res=5.99e-05 | grad=5.55e-01 | 1.0s
[   222] loss=-0.8241 | res=6.17e-05 | grad=1.83e-01 | 1.0s
[   223] loss=-0.8731 | res=4.74e-05 | grad=3.77e-01 | 1.0s
[   224] loss=-0.8503 | res=1.36e-04 | grad=1.66e-01 | 1.0s
[   225] loss=-0.8421 | res=1.81e-15 | grad=4.01e-01 | 1.0s
[   226] loss=-0.7864 | res=3.38e-09 | grad=4.74e-01 | 1.0s
[   227] loss=-0.7502 | res=1.57e-08 | grad=5.31e-01 | 1.0s
[   228] loss=-0.9196 | res=1.75e-15 | grad=5.41e-01 | 1.0s
[   229] loss=-0.7334 | res=2.32e-04 | grad=3.56e-01 | 1.0s
[   230] loss=-0.8239 | res=5.66e-05 | grad=6.44e-01 | 1.0s
[   231] loss=-0.8318 | res=2.36e-04 | grad=3.64e-01 | 1.0s
[   232] loss=-0.8579 | res=4.79e-05 | grad=3.19e-01 | 1.0s
[   233] loss=-0.8669 | res=1.51e-15 | grad=8.10e-01 | 1.0s
[   234] loss=-0.8046 | res=1.02e-08 | grad=9.24e-02 | 1.0s
[   235] loss=-0.8226 | res=1.78e-04 | grad=2.31e-01 | 1.0s
[   236] loss=-0.7724 | res=1.35e-09 | grad=3.00e-01 | 1.0s
[   237] loss=-0.8042 | res=1.35e-09 | grad=2.19e-01 | 1.0s
[   238] loss=-0.8212 | res=6.71e-05 | grad=5.48e-01 | 1.0s
[   239] loss=-0.8243 | res=1.88e-04 | grad=2.75e-01 | 1.0s
[   240] loss=-0.8695 | res=7.91e-05 | grad=2.51e-01 | 1.0s
[   241] loss=-0.8061 | res=1.33e-08 | grad=3.93e-01 | 1.0s
[   242] loss=-0.8360 | res=2.15e-13 | grad=3.88e-01 | 1.0s
[   243] loss=-0.9091 | res=4.35e-04 | grad=3.86e-01 | 1.0s
[   244] loss=-0.8650 | res=2.71e-04 | grad=4.74e-01 | 1.0s
[   245] loss=-0.7924 | res=5.02e-09 | grad=3.97e-01 | 1.0s
[   246] loss=-0.8178 | res=4.97e-05 | grad=3.65e-01 | 1.0s
[   247] loss=-0.8230 | res=7.64e-05 | grad=2.54e-01 | 1.0s
[   248] loss=-0.8548 | res=1.50e-04 | grad=1.84e-01 | 1.0s
[   249] loss=-0.7009 | res=1.97e-15 | grad=7.80e-01 | 1.0s
[   250] loss=-0.8456 | res=1.67e-04 | grad=2.32e-01 | 1.0s
[   251] loss=-0.7326 | res=2.56e-04 | grad=6.95e-01 | 1.0s
[   252] loss=-0.8530 | res=1.11e-04 | grad=3.50e-01 | 1.0s
[   253] loss=-0.8682 | res=4.41e-09 | grad=5.78e-01 | 1.0s
[   254] loss=-0.8179 | res=3.85e-09 | grad=8.68e-02 | 1.0s
[   255] loss=-0.8126 | res=1.25e-04 | grad=4.79e-01 | 1.0s
[   256] loss=-0.9821 | res=1.15e-04 | grad=1.06e+00 | 1.0s
[   257] loss=-0.8558 | res=7.40e-07 | grad=5.79e-01 | 1.0s
[   258] loss=-0.7694 | res=1.72e-15 | grad=3.85e-01 | 1.0s
[   259] loss=-0.8910 | res=6.19e-05 | grad=4.25e-01 | 1.0s
[   260] loss=-0.7571 | res=6.32e-05 | grad=6.32e-01 | 1.0s
[   261] loss=-0.8413 | res=5.24e-05 | grad=3.64e-01 | 1.0s
[   262] loss=-0.8179 | res=2.40e-04 | grad=3.91e-01 | 1.0s
[   263] loss=-0.7916 | res=1.80e-11 | grad=4.27e-01 | 1.0s
[   264] loss=-0.9649 | res=4.20e-09 | grad=4.92e-01 | 1.0s
[   265] loss=-0.7845 | res=5.67e-05 | grad=6.41e-01 | 1.0s
[   266] loss=-0.7356 | res=6.72e-05 | grad=6.99e-01 | 1.0s
[   267] loss=-0.8141 | res=5.69e-09 | grad=1.64e-01 | 1.0s
[   268] loss=-0.8431 | res=5.06e-09 | grad=2.92e-01 | 1.0s
[   269] loss=-0.8705 | res=2.29e-04 | grad=5.36e-01 | 1.0s
[   270] loss=-0.8844 | res=1.39e-04 | grad=7.48e-01 | 1.0s
[   271] loss=-0.8486 | res=4.50e-09 | grad=2.46e-01 | 1.0s
[   272] loss=-0.8323 | res=1.24e-04 | grad=1.86e-01 | 1.0s
[   273] loss=-0.8070 | res=3.29e-04 | grad=4.97e-01 | 1.0s
[   274] loss=-0.8247 | res=1.09e-04 | grad=3.63e-01 | 1.0s
[   275] loss=-0.8279 | res=1.55e-08 | grad=2.51e-01 | 1.0s
[   276] loss=-0.8449 | res=7.61e-05 | grad=4.58e-01 | 1.0s
[   277] loss=-0.8393 | res=6.21e-05 | grad=2.80e-01 | 1.0s
[   278] loss=-0.8518 | res=3.68e-05 | grad=1.92e-01 | 1.0s
[   279] loss=-0.7936 | res=6.81e-05 | grad=3.43e-01 | 1.0s
[   280] loss=-0.8879 | res=1.50e-04 | grad=2.26e-01 | 1.0s
[   281] loss=-0.8391 | res=4.20e-09 | grad=3.81e-01 | 1.0s
[   282] loss=-0.7797 | res=2.07e-09 | grad=2.55e-01 | 1.0s
[   283] loss=-0.8253 | res=7.04e-05 | grad=2.40e-01 | 1.0s
[   284] loss=-0.8827 | res=1.80e-04 | grad=2.96e-01 | 1.0s
[   285] loss=-0.8429 | res=3.77e-12 | grad=8.38e-02 | 1.0s
[   286] loss=-0.7762 | res=5.46e-05 | grad=3.52e-01 | 1.0s
[   287] loss=-0.8406 | res=9.98e-10 | grad=1.15e-01 | 1.0s
[   288] loss=-0.8201 | res=1.83e-04 | grad=4.08e-01 | 1.0s
[   289] loss=-0.8516 | res=5.96e-05 | grad=1.65e-01 | 1.0s
[   290] loss=-0.7324 | res=7.00e-05 | grad=6.22e-01 | 1.0s
[   291] loss=-0.8866 | res=1.12e-04 | grad=6.27e-01 | 1.0s
[   292] loss=-0.8736 | res=1.58e-04 | grad=4.78e-01 | 1.0s
[   293] loss=-0.8696 | res=5.48e-05 | grad=9.98e-02 | 1.0s
[   294] loss=-0.8249 | res=5.59e-05 | grad=2.49e-01 | 1.0s
[   295] loss=-0.8179 | res=7.98e-05 | grad=1.05e-01 | 1.0s
[   296] loss=-0.7897 | res=2.51e-15 | grad=2.20e-01 | 1.0s
[   297] loss=-0.7630 | res=1.53e-09 | grad=2.90e-01 | 1.0s
[   298] loss=-0.8325 | res=1.08e-04 | grad=2.49e-01 | 1.0s
[   299] loss=-0.7800 | res=3.20e-09 | grad=2.99e-01 | 1.0s
[   300] loss=-0.8133 | res=1.79e-09 | grad=3.19e-01 | 1.0s
[   301] loss=-0.8360 | res=1.52e-04 | grad=1.53e-01 | 1.0s
[   302] loss=-0.8360 | res=6.88e-09 | grad=3.64e-01 | 1.0s
[   303] loss=-0.8807 | res=1.37e-04 | grad=2.74e-01 | 1.0s
[   304] loss=-0.8719 | res=2.34e-04 | grad=3.74e-01 | 1.0s
[   305] loss=-0.9113 | res=6.08e-05 | grad=5.13e-01 | 1.0s
[   306] loss=-0.8798 | res=3.63e-09 | grad=3.99e-01 | 1.0s
[   307] loss=-0.7935 | res=9.35e-05 | grad=4.00e-01 | 1.0s
[   308] loss=-0.7333 | res=2.40e-04 | grad=7.18e-01 | 1.0s
[   309] loss=-0.8550 | res=1.45e-04 | grad=1.68e-01 | 1.0s
[   310] loss=-0.9425 | res=1.49e-04 | grad=4.79e-01 | 1.0s
[   311] loss=-0.8446 | res=1.55e-04 | grad=3.80e-01 | 1.0s
[   312] loss=-0.7598 | res=2.06e-04 | grad=6.54e-01 | 1.0s
[   313] loss=-0.7919 | res=5.27e-05 | grad=4.10e-01 | 1.0s
[   314] loss=-0.8032 | res=1.48e-09 | grad=2.97e-01 | 1.0s
[   315] loss=-0.8195 | res=3.29e-09 | grad=3.38e-01 | 1.0s
[   316] loss=-0.8863 | res=5.30e-05 | grad=7.54e-01 | 1.0s
[   317] loss=-0.7131 | res=1.77e-04 | grad=2.20e-01 | 1.0s
[   318] loss=-0.8008 | res=2.48e-09 | grad=2.15e-01 | 1.0s
[   319] loss=-0.8277 | res=1.88e-04 | grad=5.76e-01 | 1.1s
[   320] loss=-0.9200 | res=3.29e-09 | grad=1.06e+00 | 1.0s
[   321] loss=-0.7994 | res=3.42e-09 | grad=1.18e-01 | 1.0s
[   322] loss=-0.7410 | res=1.25e-04 | grad=2.55e-01 | 1.0s
[   323] loss=-0.8424 | res=6.69e-05 | grad=1.64e-01 | 1.0s
[   324] loss=-0.8781 | res=5.74e-05 | grad=6.90e-01 | 1.0s
[   325] loss=-0.8900 | res=2.45e-06 | grad=2.30e-01 | 1.0s
[   326] loss=-0.9080 | res=3.34e-09 | grad=3.95e-01 | 1.0s
[   327] loss=-0.8279 | res=6.76e-05 | grad=6.35e-01 | 1.0s
[   328] loss=-0.8128 | res=1.24e-04 | grad=4.32e-01 | 1.0s
[   329] loss=-0.8517 | res=1.61e-04 | grad=3.72e-01 | 1.0s
[   330] loss=-0.8330 | res=6.01e-05 | grad=4.26e-01 | 1.0s
[   331] loss=-0.8736 | res=1.31e-04 | grad=2.94e-01 | 1.0s
[   332] loss=-0.9410 | res=3.16e-04 | grad=5.92e-01 | 1.0s
[   333] loss=-0.8293 | res=2.69e-04 | grad=2.02e-01 | 1.0s
[   334] loss=-0.8280 | res=8.33e-05 | grad=2.84e-01 | 1.0s
[   335] loss=-0.7570 | res=6.74e-09 | grad=5.20e-01 | 1.0s
[   336] loss=-0.8998 | res=1.26e-04 | grad=2.95e-01 | 1.0s
[   337] loss=-0.8088 | res=2.33e-09 | grad=5.69e-01 | 1.0s
[   338] loss=-0.7455 | res=1.94e-04 | grad=3.78e-01 | 1.0s
[   339] loss=-0.8792 | res=5.66e-05 | grad=7.24e-01 | 1.0s
[   340] loss=-0.8811 | res=9.83e-05 | grad=7.17e-01 | 1.0s
[   341] loss=-0.8728 | res=7.24e-05 | grad=3.07e-01 | 1.0s
[   342] loss=-0.8787 | res=1.85e-05 | grad=4.30e-01 | 1.0s
[   343] loss=-0.8644 | res=1.50e-04 | grad=9.20e-02 | 1.0s
[   344] loss=-0.9000 | res=1.55e-15 | grad=2.67e-01 | 1.0s
[   345] loss=-0.8393 | res=5.55e-05 | grad=2.83e-01 | 1.0s
[   346] loss=-0.7889 | res=1.60e-04 | grad=3.33e-01 | 1.0s
[   347] loss=-0.8585 | res=4.76e-09 | grad=3.05e-01 | 1.0s
[   348] loss=-0.8306 | res=1.15e-04 | grad=5.63e-01 | 1.0s
[   349] loss=-0.8168 | res=3.45e-15 | grad=2.63e-01 | 1.0s
[   350] loss=-0.9644 | res=2.89e-04 | grad=5.02e-01 | 1.0s
[   351] loss=-0.8039 | res=5.82e-05 | grad=3.66e-01 | 1.0s
[   352] loss=-0.7016 | res=6.32e-05 | grad=6.39e-01 | 1.0s
[   353] loss=-0.9274 | res=6.65e-12 | grad=4.23e-01 | 1.0s
[   354] loss=-0.7847 | res=1.39e-05 | grad=3.37e-01 | 1.0s
[   355] loss=-0.8690 | res=1.88e-04 | grad=3.06e-01 | 1.0s
[   356] loss=-0.9159 | res=1.28e-04 | grad=6.14e-01 | 1.0s
[   357] loss=-0.8626 | res=1.31e-08 | grad=1.91e-01 | 1.0s
[   358] loss=-0.8309 | res=1.77e-04 | grad=2.81e-01 | 1.0s
[   359] loss=-0.7575 | res=7.95e-05 | grad=5.41e-01 | 1.0s
[   360] loss=-0.9192 | res=2.68e-08 | grad=2.54e-01 | 1.0s
[   361] loss=-0.9104 | res=6.42e-05 | grad=4.36e-01 | 1.0s
[   362] loss=-0.8384 | res=7.82e-09 | grad=3.87e-01 | 1.0s
[   363] loss=-0.8068 | res=6.94e-05 | grad=3.34e-01 | 1.0s
[   364] loss=-0.8264 | res=8.49e-14 | grad=1.04e-01 | 1.0s
[   365] loss=-0.7902 | res=1.79e-09 | grad=4.36e-01 | 1.0s
[   366] loss=-0.8412 | res=7.56e-05 | grad=2.95e-01 | 1.0s
[   367] loss=-0.8805 | res=3.54e-09 | grad=4.90e-01 | 1.0s
[   368] loss=-0.7876 | res=1.60e-09 | grad=4.08e-01 | 0.9s
[   369] loss=-0.7657 | res=5.47e-09 | grad=3.83e-01 | 0.9s
[   370] loss=-0.8088 | res=3.85e-09 | grad=4.61e-01 | 0.9s
[   371] loss=-0.7943 | res=2.48e-09 | grad=4.03e-01 | 0.9s
[   372] loss=-0.9038 | res=2.80e-09 | grad=7.03e-01 | 0.9s
[   373] loss=-0.8128 | res=1.48e-15 | grad=4.57e-01 | 0.9s
[   374] loss=-0.8117 | res=3.75e-09 | grad=2.31e-01 | 0.9s
[   375] loss=-0.8022 | res=4.80e-09 | grad=2.97e-01 | 0.9s
[   376] loss=-0.8577 | res=5.63e-09 | grad=4.38e-01 | 0.9s
[   377] loss=-0.8936 | res=2.08e-11 | grad=4.49e-01 | 0.9s
[   378] loss=-0.7184 | res=7.45e-05 | grad=6.99e-01 | 0.9s
[   379] loss=-0.8361 | res=2.20e-09 | grad=2.90e-01 | 0.9s
[   380] loss=-0.7894 | res=2.20e-08 | grad=5.12e-01 | 0.8s
[   381] loss=-0.8414 | res=1.04e-04 | grad=2.63e-01 | 0.9s
[   382] loss=-0.8086 | res=1.24e-04 | grad=1.33e-01 | 0.9s
[   383] loss=-0.9001 | res=1.53e-04 | grad=6.70e-01 | 1.0s
[   384] loss=-0.8589 | res=5.55e-05 | grad=1.70e-01 | 1.0s
[   385] loss=-0.8385 | res=5.91e-09 | grad=2.33e-01 | 0.8s
[   386] loss=-0.7475 | res=1.09e-09 | grad=5.25e-01 | 0.8s
[   387] loss=-0.7520 | res=5.62e-05 | grad=7.74e-01 | 0.8s
[   388] loss=-0.8520 | res=4.85e-05 | grad=3.66e-01 | 0.8s
[   389] loss=-0.8735 | res=5.37e-05 | grad=7.23e-01 | 0.8s
[   390] loss=-0.8110 | res=5.71e-09 | grad=3.76e-01 | 0.8s
[   391] loss=-0.8194 | res=7.37e-09 | grad=5.15e-01 | 0.8s
[   392] loss=-0.8684 | res=4.00e-04 | grad=7.61e-01 | 0.8s
[   393] loss=-0.9295 | res=3.83e-09 | grad=5.89e-01 | 0.9s
[   394] loss=-0.8684 | res=4.27e-04 | grad=7.14e-01 | 0.9s
[   395] loss=-0.8178 | res=2.12e-09 | grad=1.39e-01 | 0.9s
[   396] loss=-0.8717 | res=4.72e-05 | grad=6.88e-01 | 1.0s
[   397] loss=-0.7964 | res=1.36e-04 | grad=4.09e-01 | 0.9s
[   398] loss=-0.8029 | res=4.54e-09 | grad=6.40e-01 | 0.9s
[   399] loss=-0.8099 | res=6.20e-05 | grad=6.14e-01 | 0.9s
[   400] loss=-0.7583 | res=1.82e-15 | grad=8.02e-01 | 0.9s
[   401] loss=-0.9099 | res=1.64e-04 | grad=4.16e-01 | 0.9s
[   402] loss=-0.7911 | res=1.40e-04 | grad=3.42e-01 | 1.0s
[   403] loss=-0.8858 | res=5.89e-05 | grad=4.62e-01 | 0.9s
[   404] loss=-0.8853 | res=5.58e-04 | grad=5.33e-01 | 0.9s
[   405] loss=-0.8443 | res=5.56e-05 | grad=7.63e-01 | 0.9s
[   406] loss=-0.7702 | res=8.54e-09 | grad=5.29e-01 | 0.9s
[   407] loss=-0.8177 | res=9.14e-05 | grad=3.06e-01 | 0.9s
[   408] loss=-0.8610 | res=6.95e-05 | grad=4.54e-01 | 1.0s
[   409] loss=-0.9406 | res=2.80e-09 | grad=7.62e-01 | 1.0s
[   410] loss=-0.9178 | res=1.51e-09 | grad=5.88e-01 | 1.0s
[   411] loss=-0.7709 | res=8.38e-05 | grad=6.12e-01 | 1.0s
[   412] loss=-0.8353 | res=6.74e-05 | grad=3.16e-01 | 1.0s
[   413] loss=-0.9215 | res=8.36e-05 | grad=4.34e-01 | 1.0s
[   414] loss=-0.8617 | res=5.54e-04 | grad=8.29e-02 | 1.0s
[   415] loss=-0.8583 | res=1.71e-15 | grad=4.95e-01 | 1.0s
[   416] loss=-0.8893 | res=3.57e-14 | grad=2.82e-01 | 1.0s
[   417] loss=-0.7997 | res=5.48e-05 | grad=6.04e-01 | 1.0s
[   418] loss=-0.8824 | res=6.20e-05 | grad=1.36e-01 | 1.0s
[   419] loss=-0.8275 | res=1.55e-14 | grad=3.41e-01 | 1.0s
[   420] loss=-0.9069 | res=1.04e-04 | grad=3.04e-01 | 1.0s
[   421] loss=-0.7523 | res=6.81e-05 | grad=4.46e-01 | 1.0s
[   422] loss=-0.9259 | res=6.91e-05 | grad=4.80e-01 | 1.0s
[   423] loss=-0.8133 | res=1.83e-15 | grad=2.52e-01 | 1.0s
[   424] loss=-0.8391 | res=1.11e-08 | grad=2.83e-01 | 1.0s
[   425] loss=-0.8311 | res=6.40e-05 | grad=2.77e-01 | 1.0s
[   426] loss=-0.9142 | res=1.57e-04 | grad=5.93e-01 | 1.0s
[   427] loss=-0.8195 | res=3.29e-12 | grad=4.08e-01 | 1.0s
[   428] loss=-0.8287 | res=1.89e-04 | grad=2.51e-01 | 1.0s
[   429] loss=-0.8730 | res=5.61e-09 | grad=2.45e-01 | 1.0s
[   430] loss=-0.8024 | res=1.15e-04 | grad=2.42e-01 | 1.0s
[   431] loss=-0.7455 | res=1.69e-15 | grad=1.26e-01 | 1.0s
[   432] loss=-0.8570 | res=6.95e-09 | grad=4.92e-01 | 1.0s
[   433] loss=-0.8274 | res=6.52e-05 | grad=3.55e-01 | 1.0s
[   434] loss=-0.8596 | res=6.62e-09 | grad=1.61e-01 | 1.0s
[   435] loss=-0.8895 | res=1.49e-08 | grad=3.56e-01 | 1.0s
[   436] loss=-0.8019 | res=1.83e-13 | grad=3.67e-01 | 1.0s
[   437] loss=-0.8082 | res=1.37e-04 | grad=3.90e-01 | 1.0s
[   438] loss=-0.7829 | res=1.69e-15 | grad=5.15e-01 | 1.0s
[   439] loss=-0.8317 | res=3.00e-04 | grad=4.23e-01 | 1.0s
[   440] loss=-0.8313 | res=4.36e-04 | grad=1.88e-01 | 1.0s
[   441] loss=-0.8391 | res=1.33e-04 | grad=5.60e-01 | 1.0s
[   442] loss=-0.9196 | res=8.21e-09 | grad=4.95e-01 | 1.0s
[   443] loss=-0.8718 | res=5.59e-05 | grad=5.71e-01 | 1.0s
[   444] loss=-0.8598 | res=1.70e-04 | grad=3.10e-01 | 1.0s
[   445] loss=-0.8545 | res=5.81e-05 | grad=5.10e-01 | 1.0s
[   446] loss=-0.8542 | res=3.47e-04 | grad=1.19e-01 | 1.0s
[   447] loss=-0.8415 | res=1.57e-04 | grad=5.20e-01 | 1.0s
[   448] loss=-0.7438 | res=2.45e-04 | grad=8.41e-01 | 1.0s
[   449] loss=-0.8136 | res=6.32e-05 | grad=5.64e-01 | 1.0s
[   450] loss=-0.8303 | res=5.28e-15 | grad=4.29e-01 | 1.0s
[   451] loss=-0.7456 | res=1.47e-04 | grad=6.84e-01 | 1.0s
[   452] loss=-0.7449 | res=2.43e-09 | grad=7.60e-01 | 1.0s
[   453] loss=-0.7141 | res=2.42e-04 | grad=1.25e-01 | 1.0s
[   454] loss=-0.8586 | res=8.32e-05 | grad=4.44e-01 | 1.0s
[   455] loss=-0.8806 | res=7.69e-05 | grad=7.73e-01 | 0.9s
[   456] loss=-0.7805 | res=4.21e-05 | grad=5.38e-01 | 0.9s
[   457] loss=-0.8777 | res=8.64e-09 | grad=1.01e+00 | 0.9s
[   458] loss=-0.9247 | res=2.55e-12 | grad=7.90e-01 | 0.8s
[   459] loss=-0.9590 | res=1.84e-04 | grad=1.14e+00 | 0.8s
[   460] loss=-0.8058 | res=1.61e-15 | grad=3.74e-01 | 0.8s
[   461] loss=-0.8327 | res=4.32e-14 | grad=6.99e-01 | 0.8s
[   462] loss=-0.8308 | res=2.13e-04 | grad=6.20e-01 | 0.9s
[   463] loss=-0.8230 | res=1.20e-04 | grad=7.78e-01 | 0.9s
[   464] loss=-0.8977 | res=1.82e-15 | grad=3.78e-01 | 0.9s
[   465] loss=-0.9008 | res=4.25e-05 | grad=3.87e-01 | 0.9s
[   466] loss=-0.8156 | res=5.52e-05 | grad=6.18e-01 | 0.9s
[   467] loss=-0.7416 | res=8.51e-05 | grad=3.72e-01 | 0.9s
[   468] loss=-0.7809 | res=2.71e-09 | grad=5.13e-01 | 0.9s
[   469] loss=-0.8594 | res=7.31e-05 | grad=2.98e-01 | 0.9s
[   470] loss=-0.9016 | res=2.62e-09 | grad=4.98e-01 | 0.9s
[   471] loss=-0.9020 | res=3.19e-12 | grad=5.36e-01 | 0.8s
[   472] loss=-0.8180 | res=4.72e-09 | grad=1.49e-01 | 0.9s
[   473] loss=-0.7703 | res=7.78e-09 | grad=2.78e-01 | 0.9s
[   474] loss=-0.8523 | res=3.05e-04 | grad=4.69e-01 | 0.9s
[   475] loss=-0.8316 | res=5.45e-05 | grad=2.77e-01 | 0.9s
[   476] loss=-0.8848 | res=2.76e-11 | grad=2.91e-01 | 0.9s
[   477] loss=-0.8021 | res=5.54e-05 | grad=2.63e-01 | 0.8s
[   478] loss=-0.9228 | res=3.89e-09 | grad=4.27e-01 | 0.9s
[   479] loss=-0.8835 | res=9.08e-05 | grad=3.04e-01 | 0.8s
[   480] loss=-0.8071 | res=1.32e-04 | grad=4.37e-01 | 0.9s
[   481] loss=-0.8653 | res=2.90e-09 | grad=1.78e-01 | 0.9s
[   482] loss=-0.8495 | res=1.52e-15 | grad=1.57e-01 | 0.9s
[   483] loss=-0.8944 | res=7.49e-05 | grad=1.13e-01 | 0.9s
[   484] loss=-0.8141 | res=1.50e-15 | grad=2.18e-01 | 0.9s
[   485] loss=-0.8187 | res=5.41e-09 | grad=4.15e-01 | 0.9s
[   486] loss=-0.8313 | res=1.18e-04 | grad=9.97e-02 | 0.9s
[   487] loss=-0.8796 | res=9.29e-05 | grad=2.33e-01 | 0.9s
[   488] loss=-0.8403 | res=9.46e-11 | grad=1.94e-01 | 0.8s
[   489] loss=-0.8152 | res=1.47e-15 | grad=1.52e-01 | 0.9s
[   490] loss=-0.8336 | res=1.41e-15 | grad=1.26e-01 | 0.9s
[   491] loss=-0.9278 | res=9.84e-09 | grad=5.02e-01 | 0.8s
[   492] loss=-0.8971 | res=2.63e-15 | grad=2.07e-01 | 0.9s
[   493] loss=-0.7607 | res=2.41e-04 | grad=4.87e-01 | 0.9s
[   494] loss=-0.8741 | res=1.41e-13 | grad=2.54e-01 | 0.9s
[   495] loss=-0.9219 | res=1.46e-15 | grad=4.48e-01 | 0.9s
[   496] loss=-0.8560 | res=1.74e-09 | grad=1.21e-01 | 0.9s
[   497] loss=-0.8134 | res=1.63e-15 | grad=1.50e-01 | 1.0s
[   498] loss=-0.8789 | res=3.20e-09 | grad=3.40e-01 | 1.0s
[   499] loss=-0.9813 | res=1.67e-15 | grad=6.45e-01 | 1.0s
[   500] loss=-0.9583 | res=3.29e-09 | grad=2.90e-01 | 1.0s
[   501] loss=-0.9403 | res=5.66e-05 | grad=3.87e-01 | 1.0s
[   502] loss=-0.8851 | res=2.20e-04 | grad=2.94e-01 | 1.0s
[   503] loss=-0.8168 | res=7.23e-05 | grad=6.89e-01 | 1.0s
[   504] loss=-0.8473 | res=2.13e-04 | grad=6.24e-01 | 0.8s
[   505] loss=-0.8427 | res=4.37e-09 | grad=5.97e-01 | 0.9s
[   506] loss=-0.7748 | res=3.30e-04 | grad=6.26e-01 | 0.9s
[   507] loss=-0.8554 | res=1.41e-04 | grad=3.76e-01 | 0.8s
[   508] loss=-0.8151 | res=5.63e-05 | grad=3.54e-01 | 0.8s
[   509] loss=-0.8152 | res=6.92e-05 | grad=2.22e-01 | 0.9s
[   510] loss=-0.8524 | res=4.57e-09 | grad=4.98e-01 | 0.9s
[   511] loss=-0.8267 | res=1.87e-04 | grad=2.40e-01 | 0.9s
[   512] loss=-0.7961 | res=1.51e-15 | grad=4.06e-01 | 0.9s
[   513] loss=-0.6885 | res=5.12e-05 | grad=3.14e-01 | 0.9s
[   514] loss=-0.7769 | res=2.35e-09 | grad=2.09e-01 | 0.9s
[   515] loss=-0.7873 | res=2.68e-04 | grad=4.84e-01 | 0.9s
[   516] loss=-0.8187 | res=3.80e-04 | grad=5.98e-01 | 0.9s
[   517] loss=-0.7433 | res=7.59e-09 | grad=2.35e-01 | 0.9s
[   518] loss=-0.9288 | res=1.52e-04 | grad=6.88e-01 | 0.9s
[   519] loss=-0.7769 | res=6.60e-07 | grad=2.16e-01 | 0.9s
[   520] loss=-0.8538 | res=2.35e-14 | grad=1.92e-01 | 0.9s
[   521] loss=-0.8411 | res=1.56e-09 | grad=4.30e-01 | 1.0s
[   522] loss=-0.8134 | res=1.85e-15 | grad=6.15e-01 | 1.0s
[   523] loss=-0.8614 | res=5.83e-05 | grad=4.52e-01 | 1.0s
[   524] loss=-0.8255 | res=1.56e-09 | grad=3.77e-01 | 1.0s
[   525] loss=-0.7720 | res=6.18e-09 | grad=2.34e-01 | 1.0s
[   526] loss=-0.8874 | res=4.41e-09 | grad=4.30e-01 | 1.0s
[   527] loss=-0.8144 | res=1.62e-15 | grad=1.77e-01 | 1.0s
[   528] loss=-0.8813 | res=2.01e-04 | grad=5.33e-01 | 1.0s
[   529] loss=-0.8346 | res=4.02e-05 | grad=1.71e-01 | 1.0s
[   530] loss=-0.8983 | res=8.30e-05 | grad=4.33e-01 | 1.0s
[   531] loss=-0.8836 | res=1.37e-04 | grad=2.33e-01 | 1.0s
[   532] loss=-0.7989 | res=6.57e-05 | grad=2.07e-01 | 1.0s
[   533] loss=-0.8260 | res=1.45e-08 | grad=1.44e-01 | 1.0s
[   534] loss=-0.8888 | res=6.60e-05 | grad=2.86e-01 | 1.0s
[   535] loss=-0.8166 | res=4.84e-05 | grad=1.57e-01 | 1.0s
[   536] loss=-0.8809 | res=3.37e-09 | grad=1.03e-01 | 1.0s
[   537] loss=-0.8358 | res=8.84e-05 | grad=1.93e-01 | 1.0s
[   538] loss=-0.7864 | res=1.24e-04 | grad=4.90e-01 | 1.0s
[   539] loss=-0.8922 | res=1.21e-04 | grad=5.15e-01 | 1.0s
[   540] loss=-0.9140 | res=1.45e-15 | grad=4.89e-01 | 1.0s
[   541] loss=-0.7940 | res=5.83e-05 | grad=2.53e-01 | 1.0s
[   542] loss=-0.8673 | res=5.47e-09 | grad=4.18e-01 | 1.0s
[   543] loss=-0.8052 | res=2.35e-09 | grad=3.68e-01 | 1.0s
[   544] loss=-0.8987 | res=1.47e-15 | grad=3.40e-01 | 1.0s
[   545] loss=-0.7990 | res=5.40e-05 | grad=1.55e-01 | 1.0s
[   546] loss=-0.8784 | res=3.54e-09 | grad=3.92e-01 | 1.0s
[   547] loss=-0.8017 | res=2.08e-09 | grad=6.57e-01 | 1.0s
[   548] loss=-0.7989 | res=6.44e-09 | grad=1.96e-01 | 0.9s
[   549] loss=-0.7833 | res=8.60e-09 | grad=3.37e-01 | 0.9s
[   550] loss=-0.7890 | res=6.34e-05 | grad=2.33e-01 | 0.9s
[   551] loss=-0.8289 | res=4.15e-09 | grad=4.24e-01 | 0.9s
[   552] loss=-0.8247 | res=1.03e-12 | grad=6.87e-01 | 0.9s
[   553] loss=-0.8642 | res=7.48e-09 | grad=4.27e-01 | 0.9s
[   554] loss=-0.7956 | res=2.96e-09 | grad=4.67e-01 | 0.9s
[   555] loss=-0.8612 | res=2.85e-04 | grad=3.12e-01 | 0.9s
[   556] loss=-0.7713 | res=1.70e-15 | grad=5.23e-01 | 0.9s
[   557] loss=-0.8436 | res=8.28e-14 | grad=2.79e-01 | 0.9s
[   558] loss=-0.7964 | res=5.12e-09 | grad=3.37e-01 | 0.9s
[   559] loss=-0.8425 | res=1.40e-15 | grad=4.46e-01 | 0.9s
[   560] loss=-0.7629 | res=1.86e-04 | grad=3.22e-01 | 0.8s
[   561] loss=-0.8187 | res=4.44e-09 | grad=3.78e-01 | 0.9s
[   562] loss=-0.7797 | res=4.03e-09 | grad=1.98e-01 | 0.9s
[   563] loss=-0.7901 | res=8.19e-05 | grad=2.97e-01 | 0.9s
[   564] loss=-0.8048 | res=5.31e-05 | grad=3.95e-01 | 0.9s
[   565] loss=-0.7632 | res=1.80e-10 | grad=2.77e-01 | 1.0s
[   566] loss=-0.8781 | res=4.27e-09 | grad=6.57e-01 | 1.0s
[   567] loss=-0.8112 | res=3.57e-09 | grad=3.31e-01 | 1.0s
[   568] loss=-0.8314 | res=2.27e-09 | grad=7.08e-01 | 1.0s
[   569] loss=-0.8461 | res=4.14e-05 | grad=2.91e-01 | 1.0s
[   570] loss=-0.8121 | res=4.18e-09 | grad=4.15e-01 | 1.0s
[   571] loss=-0.8338 | res=6.92e-05 | grad=3.45e-01 | 1.0s
[   572] loss=-0.9132 | res=3.60e-05 | grad=4.56e-01 | 1.0s
[   573] loss=-0.9465 | res=6.48e-05 | grad=4.75e-01 | 1.0s
[   574] loss=-0.8404 | res=1.56e-04 | grad=6.45e-01 | 1.0s
[   575] loss=-0.7696 | res=6.36e-05 | grad=5.78e-01 | 1.0s
[   576] loss=-0.8347 | res=2.55e-09 | grad=6.16e-01 | 1.0s
[   577] loss=-0.8315 | res=3.73e-09 | grad=5.09e-01 | 1.0s
[   578] loss=-0.8586 | res=1.76e-08 | grad=4.32e-01 | 1.0s
[   579] loss=-0.7938 | res=3.80e-09 | grad=3.18e-01 | 1.0s
[   580] loss=-0.8926 | res=1.10e-04 | grad=3.28e-01 | 1.0s
[   581] loss=-0.7707 | res=4.04e-09 | grad=2.89e-01 | 1.0s
[   582] loss=-0.8316 | res=1.43e-13 | grad=2.72e-01 | 1.0s
[   583] loss=-0.8207 | res=3.76e-15 | grad=4.34e-01 | 1.0s
[   584] loss=-0.7507 | res=1.54e-15 | grad=1.78e-01 | 1.0s
[   585] loss=-0.7793 | res=9.03e-10 | grad=3.60e-01 | 1.0s
[   586] loss=-0.8401 | res=3.64e-09 | grad=6.30e-01 | 1.0s
[   587] loss=-0.8065 | res=6.60e-05 | grad=4.13e-01 | 1.0s
[   588] loss=-0.7858 | res=2.84e-06 | grad=1.98e-01 | 1.0s
[   589] loss=-0.8074 | res=6.86e-05 | grad=1.85e-01 | 1.0s
[   590] loss=-0.9186 | res=6.84e-05 | grad=5.28e-01 | 1.0s
[   591] loss=-0.8472 | res=1.77e-15 | grad=2.96e-01 | 1.0s
[   592] loss=-0.8458 | res=4.94e-05 | grad=3.78e-01 | 1.0s
[   593] loss=-0.9156 | res=7.10e-09 | grad=2.40e-01 | 1.0s
[   594] loss=-0.7653 | res=3.72e-09 | grad=7.99e-01 | 1.0s
[   595] loss=-0.7998 | res=3.15e-09 | grad=5.60e-01 | 1.0s
[   596] loss=-0.7126 | res=2.17e-04 | grad=6.30e-01 | 1.0s
[   597] loss=-0.7780 | res=1.57e-15 | grad=4.19e-01 | 1.0s
[   598] loss=-0.8946 | res=2.75e-04 | grad=2.04e-01 | 1.0s
[   599] loss=-0.8787 | res=6.56e-05 | grad=2.06e-01 | 1.0s
[   600] loss=-0.8428 | res=1.32e-15 | grad=2.23e-01 | 1.0s
[   601] loss=-0.8285 | res=7.20e-05 | grad=1.22e-01 | 1.0s
[   602] loss=-0.8826 | res=3.84e-05 | grad=2.33e-01 | 1.0s
[   603] loss=-0.8082 | res=1.30e-15 | grad=4.72e-01 | 1.0s
[   604] loss=-0.8594 | res=3.50e-05 | grad=3.16e-01 | 1.0s
[   605] loss=-0.8292 | res=1.42e-09 | grad=1.09e-01 | 1.0s
[   606] loss=-0.9514 | res=1.05e-04 | grad=5.70e-01 | 1.0s
[   607] loss=-0.9271 | res=3.46e-09 | grad=5.10e-01 | 1.0s
[   608] loss=-0.8297 | res=1.28e-04 | grad=2.53e-01 | 1.0s
[   609] loss=-0.9218 | res=5.04e-04 | grad=4.15e-01 | 1.0s
[   610] loss=-0.7525 | res=5.03e-09 | grad=5.47e-01 | 1.0s
[   611] loss=-0.9307 | res=3.34e-09 | grad=4.36e-01 | 1.0s
[   612] loss=-0.9443 | res=3.03e-09 | grad=2.60e-01 | 1.0s
[   613] loss=-0.7344 | res=6.11e-05 | grad=8.09e-01 | 1.0s
[   614] loss=-0.7774 | res=1.98e-04 | grad=6.15e-01 | 1.0s
[   615] loss=-0.8676 | res=2.73e-05 | grad=2.29e-01 | 1.0s
[   616] loss=-0.8009 | res=1.56e-15 | grad=4.31e-01 | 1.0s
[   617] loss=-0.7738 | res=4.71e-09 | grad=4.38e-01 | 1.0s
[   618] loss=-0.9036 | res=1.80e-15 | grad=5.89e-01 | 1.0s
[   619] loss=-0.8565 | res=5.69e-05 | grad=1.86e-01 | 1.0s
[   620] loss=-0.8984 | res=4.76e-05 | grad=6.10e-01 | 1.0s
[   621] loss=-0.8424 | res=2.12e-09 | grad=3.31e-01 | 1.0s
[   622] loss=-0.8330 | res=2.06e-09 | grad=2.59e-01 | 1.0s
[   623] loss=-0.8143 | res=8.90e-05 | grad=3.18e-01 | 1.0s
[   624] loss=-0.8153 | res=5.49e-04 | grad=2.53e-01 | 1.0s
[   625] loss=-0.8085 | res=4.10e-05 | grad=2.49e-01 | 1.0s
[   626] loss=-0.8002 | res=1.60e-04 | grad=1.65e-01 | 1.0s
[   627] loss=-0.9545 | res=6.58e-05 | grad=5.23e-01 | 1.0s
[   628] loss=-0.8950 | res=7.44e-10 | grad=2.85e-01 | 1.0s
[   629] loss=-0.8396 | res=6.90e-05 | grad=1.08e-01 | 1.0s
[   630] loss=-0.8377 | res=5.00e-09 | grad=1.60e-01 | 1.0s
[   631] loss=-0.8558 | res=3.19e-09 | grad=3.78e-01 | 1.0s
[   632] loss=-0.9550 | res=3.50e-09 | grad=2.83e-01 | 1.0s
[   633] loss=-0.6994 | res=1.13e-14 | grad=1.07e+00 | 1.0s
[   634] loss=-0.7987 | res=1.29e-10 | grad=4.87e-01 | 1.0s
[   635] loss=-0.8138 | res=3.14e-04 | grad=3.56e-01 | 1.1s
[   636] loss=-0.8057 | res=5.31e-09 | grad=1.31e-01 | 1.1s
[   637] loss=-0.7929 | res=1.55e-09 | grad=1.74e-01 | 1.0s
[   638] loss=-0.8584 | res=3.06e-05 | grad=5.51e-01 | 1.1s
[   639] loss=-0.7043 | res=1.99e-04 | grad=3.51e-01 | 1.0s
[   640] loss=-0.8152 | res=1.46e-15 | grad=3.19e-01 | 1.0s
[   641] loss=-0.9007 | res=1.86e-09 | grad=8.22e-01 | 1.0s
[   642] loss=-0.7449 | res=1.98e-04 | grad=1.40e-01 | 1.0s
[   643] loss=-0.8397 | res=1.39e-15 | grad=3.55e-01 | 1.1s
[   644] loss=-0.8716 | res=1.45e-15 | grad=4.31e-01 | 1.0s
[   645] loss=-0.8434 | res=3.26e-08 | grad=3.67e-01 | 1.0s
[   646] loss=-0.8782 | res=2.29e-04 | grad=3.13e-01 | 1.0s
[   647] loss=-0.8208 | res=3.13e-05 | grad=3.10e-01 | 1.0s
[   648] loss=-0.8886 | res=9.36e-13 | grad=4.27e-01 | 1.0s
[   649] loss=-0.9230 | res=4.16e-15 | grad=9.90e-02 | 1.0s
[   650] loss=-0.9417 | res=1.31e-04 | grad=1.51e-01 | 1.0s
[   651] loss=-0.7932 | res=3.00e-15 | grad=3.94e-01 | 1.0s
[   652] loss=-0.9092 | res=2.63e-09 | grad=3.51e-01 | 1.0s
[   653] loss=-0.8406 | res=1.70e-15 | grad=3.50e-01 | 1.0s
[   654] loss=-0.8048 | res=2.73e-04 | grad=7.83e-01 | 1.0s
[   655] loss=-0.9382 | res=1.38e-04 | grad=3.27e-01 | 1.0s
[   656] loss=-0.8229 | res=4.27e-04 | grad=2.66e-01 | 1.0s
[   657] loss=-0.8980 | res=6.80e-09 | grad=1.59e-01 | 1.0s
[   658] loss=-0.7801 | res=6.54e-05 | grad=1.75e-01 | 1.0s
[   659] loss=-0.7747 | res=6.13e-05 | grad=1.90e-01 | 1.0s
[   660] loss=-0.8418 | res=1.49e-04 | grad=4.53e-01 | 1.0s
[   661] loss=-0.8364 | res=1.33e-04 | grad=5.17e-01 | 1.0s
[   662] loss=-0.7975 | res=9.75e-10 | grad=2.45e-01 | 1.0s
[   663] loss=-0.8142 | res=2.17e-09 | grad=5.57e-01 | 1.1s
[   664] loss=-0.7710 | res=6.99e-05 | grad=2.03e-01 | 1.0s
[   665] loss=-0.8341 | res=1.57e-15 | grad=2.63e-01 | 1.0s
[   666] loss=-0.8933 | res=2.83e-05 | grad=3.60e-01 | 0.9s
[   667] loss=-0.7966 | res=8.63e-05 | grad=3.16e-01 | 0.9s
[   668] loss=-0.8903 | res=5.07e-09 | grad=4.17e-01 | 0.9s
[   669] loss=-0.7645 | res=2.25e-09 | grad=6.70e-01 | 0.9s
[   670] loss=-0.8171 | res=8.05e-04 | grad=3.41e-01 | 0.9s
[   671] loss=-0.7504 | res=3.09e-11 | grad=4.92e-01 | 0.8s
[   672] loss=-0.7972 | res=8.66e-05 | grad=5.26e-01 | 0.8s
[   673] loss=-0.8557 | res=1.50e-09 | grad=3.88e-01 | 0.8s
[   674] loss=-0.8680 | res=9.63e-15 | grad=2.84e-01 | 0.9s
[   675] loss=-0.8809 | res=3.58e-09 | grad=5.06e-01 | 0.8s
[   676] loss=-0.9227 | res=7.77e-09 | grad=5.98e-01 | 0.9s
[   677] loss=-0.8528 | res=1.66e-15 | grad=3.01e-01 | 0.8s
[   678] loss=-0.7331 | res=3.40e-09 | grad=6.73e-01 | 0.9s
[   679] loss=-0.9022 | res=5.79e-09 | grad=3.21e-01 | 0.8s
[   680] loss=-0.8199 | res=1.68e-15 | grad=1.61e-01 | 0.8s
[   681] loss=-0.8978 | res=6.86e-09 | grad=1.62e-01 | 0.8s
[   682] loss=-0.9027 | res=1.51e-15 | grad=4.34e-01 | 0.8s
[   683] loss=-0.8295 | res=6.98e-05 | grad=4.13e-01 | 0.8s
[   684] loss=-0.7699 | res=7.10e-05 | grad=7.55e-01 | 0.8s
[   685] loss=-0.8115 | res=3.27e-09 | grad=3.26e-01 | 0.8s
[   686] loss=-0.7993 | res=8.90e-05 | grad=3.93e-01 | 0.9s
[   687] loss=-0.8597 | res=8.42e-05 | grad=2.73e-01 | 0.8s
[   688] loss=-0.7797 | res=2.71e-04 | grad=3.31e-01 | 0.8s
[   689] loss=-0.8670 | res=1.86e-09 | grad=9.54e-02 | 0.8s
[   690] loss=-0.7522 | res=1.60e-13 | grad=1.58e-01 | 0.9s
[   691] loss=-0.8163 | res=1.09e-04 | grad=1.13e-01 | 0.9s
[   692] loss=-0.9131 | res=7.70e-10 | grad=5.91e-01 | 1.0s
[   693] loss=-0.8634 | res=2.11e-05 | grad=3.60e-01 | 1.0s
[   694] loss=-0.8614 | res=1.93e-04 | grad=4.26e-01 | 1.0s
[   695] loss=-0.7880 | res=1.11e-04 | grad=1.27e-01 | 1.0s
[   696] loss=-0.8667 | res=2.07e-09 | grad=3.85e-01 | 1.0s
[   697] loss=-0.7792 | res=3.92e-09 | grad=3.27e-01 | 1.0s
[   698] loss=-0.8328 | res=1.64e-15 | grad=3.60e-01 | 1.0s
[   699] loss=-0.8007 | res=6.58e-05 | grad=1.38e-01 | 1.0s
[   700] loss=-0.8205 | res=1.15e-04 | grad=1.26e-01 | 1.0s
[   701] loss=-0.8821 | res=7.08e-05 | grad=2.31e-01 | 1.1s
[   702] loss=-0.8063 | res=4.90e-09 | grad=2.59e-01 | 1.0s
[   703] loss=-0.7967 | res=1.41e-14 | grad=2.09e-01 | 1.0s
[   704] loss=-0.7741 | res=5.66e-05 | grad=2.84e-01 | 1.0s
[   705] loss=-0.8837 | res=7.14e-09 | grad=3.42e-01 | 1.0s
[   706] loss=-0.8186 | res=6.05e-05 | grad=1.86e-01 | 1.0s
[   707] loss=-0.8448 | res=7.72e-05 | grad=1.28e-01 | 1.0s
[   708] loss=-0.8461 | res=6.71e-12 | grad=3.39e-01 | 1.0s
[   709] loss=-0.8032 | res=4.74e-04 | grad=3.86e-01 | 1.0s
[   710] loss=-0.8374 | res=6.40e-05 | grad=1.51e-01 | 1.0s
[   711] loss=-0.7939 | res=8.19e-09 | grad=2.45e-01 | 1.0s
[   712] loss=-0.9549 | res=6.43e-09 | grad=9.10e-01 | 0.8s
[   713] loss=-0.7457 | res=3.38e-09 | grad=4.18e-01 | 0.8s
[   714] loss=-0.8717 | res=7.94e-09 | grad=3.31e-01 | 0.9s
[   715] loss=-0.8762 | res=3.35e-04 | grad=3.88e-01 | 0.8s
[   716] loss=-0.9016 | res=3.65e-09 | grad=2.85e-01 | 0.9s
[   717] loss=-0.8222 | res=1.99e-04 | grad=4.66e-01 | 0.8s
[   718] loss=-0.6682 | res=1.40e-15 | grad=8.17e-01 | 0.9s
[   719] loss=-0.9293 | res=1.27e-08 | grad=3.80e-01 | 0.8s
[   720] loss=-0.8698 | res=4.58e-09 | grad=2.03e-01 | 0.9s
[   721] loss=-0.7355 | res=1.77e-15 | grad=6.68e-01 | 1.0s
[   722] loss=-0.9245 | res=2.39e-09 | grad=5.59e-01 | 1.0s
[   723] loss=-0.8203 | res=2.95e-09 | grad=3.01e-01 | 1.0s
[   724] loss=-0.8210 | res=6.00e-10 | grad=3.37e-01 | 1.0s
[   725] loss=-0.8488 | res=7.33e-05 | grad=4.13e-01 | 1.0s
[   726] loss=-0.8252 | res=1.05e-04 | grad=2.28e-01 | 1.0s
[   727] loss=-0.7845 | res=2.52e-09 | grad=2.48e-01 | 1.0s
[   728] loss=-0.8149 | res=3.03e-04 | grad=1.07e-01 | 1.0s
[   729] loss=-0.7772 | res=1.74e-12 | grad=4.14e-01 | 1.0s
[   730] loss=-0.8889 | res=1.95e-05 | grad=4.54e-01 | 1.0s
[   731] loss=-0.7293 | res=6.96e-05 | grad=7.62e-01 | 1.0s
[   732] loss=-0.7392 | res=7.13e-09 | grad=3.68e-01 | 1.0s
[   733] loss=-0.7734 | res=6.73e-05 | grad=3.64e-01 | 1.0s
[   734] loss=-0.8059 | res=1.57e-15 | grad=1.44e-01 | 0.9s
[   735] loss=-0.8816 | res=3.83e-04 | grad=1.81e-01 | 0.9s
[   736] loss=-0.7333 | res=6.75e-05 | grad=3.36e-01 | 0.8s
[   737] loss=-0.8704 | res=6.13e-05 | grad=5.90e-01 | 0.9s
[   738] loss=-0.8666 | res=2.11e-09 | grad=4.38e-01 | 0.9s
[   739] loss=-0.8548 | res=1.13e-04 | grad=6.11e-01 | 0.9s
[   740] loss=-0.8592 | res=1.72e-15 | grad=3.60e-01 | 0.9s
[   741] loss=-0.8103 | res=1.29e-10 | grad=3.36e-01 | 0.9s
[   742] loss=-0.8698 | res=2.47e-04 | grad=2.97e-01 | 0.9s
[   743] loss=-0.7341 | res=2.63e-04 | grad=5.15e-01 | 1.0s
[   744] loss=-0.7329 | res=6.58e-05 | grad=5.39e-01 | 1.0s
[   745] loss=-0.9058 | res=1.80e-08 | grad=4.05e-01 | 1.0s
[   746] loss=-0.8472 | res=1.48e-15 | grad=1.24e-01 | 1.0s
[   747] loss=-0.8262 | res=1.33e-08 | grad=3.40e-01 | 1.0s
[   748] loss=-0.8202 | res=5.07e-05 | grad=2.50e-01 | 1.0s
[   749] loss=-0.8320 | res=2.16e-04 | grad=1.95e-01 | 1.0s
[   750] loss=-0.8366 | res=6.44e-05 | grad=1.39e-01 | 1.0s
[   751] loss=-0.8253 | res=1.38e-15 | grad=3.13e-01 | 1.0s
[   752] loss=-0.7852 | res=2.89e-09 | grad=3.40e-01 | 1.0s
[   753] loss=-0.8460 | res=2.43e-09 | grad=1.36e-01 | 1.0s
[   754] loss=-0.8525 | res=5.79e-05 | grad=2.96e-01 | 1.0s
[   755] loss=-0.8247 | res=8.01e-05 | grad=2.37e-01 | 1.0s
[   756] loss=-0.8276 | res=6.13e-05 | grad=2.81e-01 | 0.9s
[   757] loss=-0.9352 | res=1.41e-08 | grad=3.82e-01 | 0.9s
[   758] loss=-0.7642 | res=1.62e-04 | grad=5.70e-01 | 0.9s
[   759] loss=-0.9023 | res=4.08e-05 | grad=3.65e-01 | 0.9s
[   760] loss=-0.9048 | res=2.20e-04 | grad=3.44e-01 | 0.8s
[   761] loss=-0.8246 | res=1.36e-15 | grad=2.13e-01 | 0.8s
[   762] loss=-0.9238 | res=2.47e-04 | grad=2.74e-01 | 0.9s
[   763] loss=-0.7665 | res=1.21e-04 | grad=3.57e-01 | 0.8s
[   764] loss=-0.8294 | res=1.51e-15 | grad=4.05e-01 | 0.9s
[   765] loss=-0.8034 | res=6.36e-09 | grad=1.88e-01 | 1.0s
[   766] loss=-0.8007 | res=3.20e-04 | grad=4.84e-01 | 1.0s
[   767] loss=-0.8582 | res=4.16e-09 | grad=2.40e-01 | 1.0s
[   768] loss=-0.8295 | res=1.71e-15 | grad=2.46e-01 | 1.0s
[   769] loss=-0.8825 | res=2.52e-05 | grad=2.49e-01 | 1.0s
[   770] loss=-0.8829 | res=3.54e-10 | grad=4.31e-01 | 1.0s
[   771] loss=-0.8380 | res=7.50e-05 | grad=3.96e-01 | 1.0s
[   772] loss=-0.7669 | res=8.48e-09 | grad=2.99e-01 | 1.0s
[   773] loss=-0.8173 | res=1.05e-04 | grad=3.64e-01 | 1.0s
[   774] loss=-0.8334 | res=5.48e-05 | grad=3.36e-01 | 1.0s
[   775] loss=-0.8252 | res=1.07e-09 | grad=2.14e-01 | 1.0s
[   776] loss=-0.7742 | res=1.80e-08 | grad=4.83e-01 | 1.0s
[   777] loss=-0.8706 | res=7.03e-05 | grad=2.28e-01 | 1.0s
[   778] loss=-0.8095 | res=4.30e-05 | grad=1.38e-01 | 0.9s
[   779] loss=-0.6926 | res=2.54e-05 | grad=6.06e-01 | 0.9s
[   780] loss=-0.8650 | res=1.92e-05 | grad=4.30e-01 | 0.9s
[   781] loss=-0.8523 | res=5.47e-13 | grad=5.72e-01 | 0.9s
[   782] loss=-0.8664 | res=3.65e-09 | grad=5.25e-01 | 0.9s
[   783] loss=-0.7419 | res=3.70e-12 | grad=3.70e-01 | 0.9s
[   784] loss=-0.7936 | res=1.57e-15 | grad=1.69e-01 | 0.9s
[   785] loss=-0.7630 | res=8.02e-05 | grad=1.29e-01 | 0.9s
[   786] loss=-0.7749 | res=5.01e-14 | grad=1.89e-01 | 0.9s
[   787] loss=-0.8848 | res=4.84e-09 | grad=3.85e-01 | 1.0s
[   788] loss=-0.9846 | res=1.12e-04 | grad=9.63e-01 | 0.9s
[   789] loss=-0.8090 | res=2.02e-08 | grad=3.42e-01 | 1.0s
[   790] loss=-0.7953 | res=2.13e-04 | grad=2.66e-01 | 1.0s
[   791] loss=-0.8791 | res=1.81e-04 | grad=2.19e-01 | 1.0s
[   792] loss=-0.7101 | res=7.68e-05 | grad=5.22e-01 | 0.9s
[   793] loss=-0.8640 | res=3.52e-08 | grad=2.75e-01 | 0.9s
[   794] loss=-0.8427 | res=2.40e-14 | grad=2.36e-01 | 0.9s
[   795] loss=-0.8356 | res=3.20e-09 | grad=9.52e-02 | 0.9s
[   796] loss=-0.8588 | res=7.78e-09 | grad=3.86e-01 | 0.8s
[   797] loss=-0.8753 | res=1.10e-09 | grad=2.61e-01 | 0.8s
[   798] loss=-0.7139 | res=2.95e-10 | grad=6.33e-01 | 0.8s
[   799] loss=-0.8848 | res=7.94e-05 | grad=1.16e-01 | 0.8s
[   800] loss=-0.8677 | res=1.34e-04 | grad=3.02e-01 | 0.8s
[   801] loss=-0.8397 | res=4.52e-11 | grad=9.89e-02 | 0.9s
[   802] loss=-0.7646 | res=1.80e-04 | grad=3.08e-01 | 0.8s
[   803] loss=-0.8914 | res=1.88e-09 | grad=4.08e-01 | 0.8s
[   804] loss=-0.8761 | res=2.47e-04 | grad=5.07e-01 | 0.8s
[   805] loss=-0.9344 | res=4.34e-09 | grad=4.65e-01 | 0.9s
[   806] loss=-0.9037 | res=2.34e-09 | grad=1.20e-01 | 0.9s
[   807] loss=-0.8067 | res=1.62e-04 | grad=2.09e-01 | 0.9s
[   808] loss=-0.8131 | res=6.54e-05 | grad=6.21e-01 | 0.9s
[   809] loss=-0.7420 | res=1.39e-04 | grad=6.19e-01 | 0.8s
[   810] loss=-0.7190 | res=1.55e-15 | grad=5.93e-01 | 0.9s
[   811] loss=-0.7530 | res=7.13e-12 | grad=5.64e-01 | 1.0s
[   812] loss=-0.7840 | res=1.02e-04 | grad=2.67e-01 | 1.0s
[   813] loss=-0.7963 | res=9.54e-06 | grad=1.96e-01 | 1.0s
[   814] loss=-0.8638 | res=1.37e-15 | grad=6.72e-01 | 1.0s
[   815] loss=-0.9068 | res=1.37e-15 | grad=8.35e-01 | 1.0s
[   816] loss=-0.8497 | res=3.48e-09 | grad=4.87e-01 | 1.0s
[   817] loss=-0.7879 | res=1.76e-04 | grad=2.12e-01 | 1.0s
[   818] loss=-0.8423 | res=1.53e-04 | grad=4.06e-01 | 1.0s
[   819] loss=-0.7358 | res=1.31e-04 | grad=5.87e-01 | 1.0s
[   820] loss=-0.8263 | res=1.53e-10 | grad=3.73e-01 | 1.0s
[   821] loss=-0.8305 | res=6.00e-05 | grad=3.49e-01 | 1.0s
[   822] loss=-0.8451 | res=1.12e-12 | grad=1.46e-01 | 1.0s
[   823] loss=-0.8943 | res=2.66e-09 | grad=1.10e-01 | 1.0s
[   824] loss=-0.7627 | res=3.96e-09 | grad=5.71e-01 | 1.0s
[   825] loss=-0.9049 | res=1.39e-04 | grad=1.53e-01 | 1.0s
[   826] loss=-0.7498 | res=6.42e-05 | grad=5.20e-01 | 1.0s
[   827] loss=-0.7320 | res=5.28e-05 | grad=3.01e-01 | 1.0s
[   828] loss=-0.9493 | res=3.20e-04 | grad=1.01e+00 | 1.0s
[   829] loss=-0.9141 | res=1.60e-14 | grad=5.19e-01 | 1.0s
[   830] loss=-0.8978 | res=4.74e-09 | grad=4.21e-01 | 1.0s
[   831] loss=-0.9163 | res=1.33e-04 | grad=3.14e-01 | 1.0s
[   832] loss=-0.8920 | res=2.28e-09 | grad=1.41e-01 | 1.0s
[   833] loss=-0.8368 | res=2.06e-09 | grad=4.24e-01 | 1.0s
[   834] loss=-0.8701 | res=3.41e-09 | grad=4.67e-01 | 1.1s
[   835] loss=-0.9614 | res=3.10e-12 | grad=1.23e-01 | 1.1s
[   836] loss=-0.8297 | res=4.32e-04 | grad=5.16e-01 | 1.0s
[   837] loss=-0.7401 | res=1.52e-15 | grad=6.53e-01 | 1.0s
[   838] loss=-0.8400 | res=6.91e-10 | grad=2.56e-01 | 1.0s
[   839] loss=-0.9331 | res=2.88e-04 | grad=3.75e-01 | 1.1s
[   840] loss=-0.8403 | res=8.85e-09 | grad=3.19e-01 | 1.1s
[   841] loss=-0.7951 | res=6.79e-11 | grad=2.11e-01 | 1.0s
[   842] loss=-0.8049 | res=3.68e-09 | grad=1.84e-01 | 1.0s
[   843] loss=-0.7477 | res=6.40e-05 | grad=4.45e-01 | 1.0s
[   844] loss=-0.9003 | res=3.71e-09 | grad=8.01e-01 | 1.0s
[   845] loss=-0.8326 | res=3.58e-09 | grad=7.03e-01 | 0.9s
[   846] loss=-0.8038 | res=3.53e-10 | grad=2.91e-01 | 0.9s
[   847] loss=-0.7958 | res=4.44e-05 | grad=3.34e-01 | 0.9s
[   848] loss=-0.8151 | res=4.34e-09 | grad=3.91e-01 | 0.9s
[   849] loss=-0.8774 | res=8.01e-10 | grad=4.84e-01 | 0.9s
[   850] loss=-0.8659 | res=3.03e-11 | grad=1.56e-01 | 0.9s
[   851] loss=-0.9860 | res=7.03e-09 | grad=3.95e-01 | 0.8s
[   852] loss=-0.8696 | res=1.56e-15 | grad=6.28e-02 | 0.8s
[   853] loss=-0.8385 | res=6.74e-05 | grad=4.80e-01 | 1.0s
[   854] loss=-0.8136 | res=1.93e-04 | grad=6.13e-01 | 1.0s
[   855] loss=-0.7853 | res=6.91e-09 | grad=6.89e-01 | 1.0s
[   856] loss=-0.9202 | res=6.10e-09 | grad=1.98e-01 | 1.0s
[   857] loss=-0.7798 | res=2.24e-05 | grad=6.58e-01 | 1.0s
[   858] loss=-0.8413 | res=1.45e-13 | grad=3.93e-01 | 1.0s
[   859] loss=-0.7292 | res=1.09e-04 | grad=4.41e-01 | 1.0s
[   860] loss=-0.8493 | res=7.33e-05 | grad=5.27e-01 | 1.0s
[   861] loss=-0.7161 | res=4.12e-04 | grad=1.10e-01 | 1.0s
[   862] loss=-0.8852 | res=1.40e-04 | grad=1.11e+00 | 1.0s
[   863] loss=-0.7995 | res=6.17e-05 | grad=6.04e-01 | 1.0s
[   864] loss=-0.9268 | res=2.02e-04 | grad=9.30e-01 | 1.0s
[   865] loss=-0.8154 | res=1.01e-04 | grad=3.99e-01 | 1.0s
[   866] loss=-0.9060 | res=1.30e-15 | grad=5.71e-01 | 0.9s
[   867] loss=-0.8520 | res=2.51e-09 | grad=3.60e-01 | 0.9s
[   868] loss=-0.8697 | res=1.88e-04 | grad=3.97e-01 | 0.9s
[   869] loss=-0.8003 | res=1.41e-04 | grad=7.00e-01 | 0.8s
[   870] loss=-0.9936 | res=3.08e-15 | grad=2.62e-01 | 0.9s
[   871] loss=-0.8047 | res=6.40e-05 | grad=3.15e-01 | 0.8s
[   872] loss=-0.8232 | res=2.19e-04 | grad=1.07e+00 | 0.9s
[   873] loss=-0.8465 | res=1.72e-15 | grad=6.75e-01 | 0.9s
[   874] loss=-0.8468 | res=1.28e-04 | grad=3.69e-01 | 0.9s
[   875] loss=-0.8941 | res=1.37e-05 | grad=3.45e-01 | 1.0s
[   876] loss=-0.8656 | res=1.75e-05 | grad=4.94e-01 | 1.0s
[   877] loss=-0.8647 | res=7.76e-05 | grad=8.19e-01 | 1.0s
[   878] loss=-0.8827 | res=1.37e-04 | grad=5.96e-01 | 1.0s
[   879] loss=-0.8689 | res=2.57e-04 | grad=4.58e-01 | 1.0s
[   880] loss=-0.8418 | res=2.80e-04 | grad=7.05e-01 | 1.0s
[   881] loss=-0.8543 | res=5.74e-09 | grad=1.49e-01 | 1.0s
[   882] loss=-0.8073 | res=8.30e-10 | grad=1.96e-01 | 1.0s
[   883] loss=-0.7916 | res=2.35e-04 | grad=5.45e-01 | 1.0s
[   884] loss=-0.8089 | res=1.14e-11 | grad=3.90e-01 | 1.0s
[   885] loss=-0.8133 | res=1.90e-04 | grad=3.68e-01 | 1.0s
[   886] loss=-0.8862 | res=2.29e-04 | grad=1.53e-01 | 1.0s
[   887] loss=-0.8135 | res=1.59e-15 | grad=2.72e-01 | 1.0s
[   888] loss=-0.8509 | res=6.52e-05 | grad=2.33e-01 | 1.0s
[   889] loss=-0.8503 | res=3.54e-10 | grad=1.53e-01 | 1.1s
[   890] loss=-0.8238 | res=5.91e-05 | grad=1.22e-01 | 1.0s
[   891] loss=-0.8922 | res=1.59e-15 | grad=3.01e-01 | 1.0s
[   892] loss=-0.7989 | res=6.75e-05 | grad=2.92e-01 | 1.0s
[   893] loss=-0.8966 | res=2.62e-04 | grad=2.92e-01 | 1.0s
[   894] loss=-0.8487 | res=3.99e-04 | grad=2.11e-01 | 1.0s
[   895] loss=-0.8098 | res=4.06e-09 | grad=2.68e-01 | 0.9s
[   896] loss=-0.9234 | res=5.11e-05 | grad=5.44e-01 | 0.8s
[   897] loss=-0.8476 | res=1.43e-15 | grad=3.17e-01 | 0.9s
[   898] loss=-0.8214 | res=7.31e-05 | grad=7.40e-02 | 0.9s
[   899] loss=-0.7600 | res=1.57e-08 | grad=2.33e-01 | 0.9s
[   900] loss=-0.8653 | res=1.42e-15 | grad=1.18e-01 | 0.9s
[   901] loss=-0.9194 | res=3.40e-05 | grad=3.46e-01 | 0.9s
[   902] loss=-0.8845 | res=6.51e-05 | grad=2.85e-01 | 0.9s
[   903] loss=-0.8426 | res=3.43e-15 | grad=2.22e-01 | 0.9s
[   904] loss=-0.7999 | res=4.86e-15 | grad=4.72e-01 | 0.8s
[   905] loss=-0.9063 | res=6.07e-05 | grad=3.39e-01 | 0.9s
[   906] loss=-0.7746 | res=2.05e-05 | grad=5.34e-01 | 0.9s
[   907] loss=-0.7942 | res=1.52e-08 | grad=3.19e-01 | 0.9s
[   908] loss=-0.8829 | res=2.61e-04 | grad=2.61e-01 | 0.9s
[   909] loss=-0.9151 | res=2.09e-04 | grad=6.01e-01 | 0.9s
[   910] loss=-0.8720 | res=9.58e-05 | grad=3.16e-01 | 0.9s
[   911] loss=-0.8457 | res=2.47e-04 | grad=2.86e-01 | 0.9s
[   912] loss=-0.8948 | res=2.80e-04 | grad=2.43e-01 | 1.0s
[   913] loss=-0.8035 | res=2.83e-09 | grad=1.06e-01 | 1.0s
[   914] loss=-0.8290 | res=6.10e-09 | grad=4.00e-01 | 1.0s
[   915] loss=-0.7979 | res=3.05e-09 | grad=1.41e-01 | 0.9s
[   916] loss=-0.7930 | res=3.88e-14 | grad=3.60e-01 | 1.0s
[   917] loss=-0.6879 | res=1.47e-15 | grad=6.93e-01 | 0.9s
[   918] loss=-0.8036 | res=2.38e-11 | grad=4.72e-01 | 1.0s
[   919] loss=-0.7543 | res=1.36e-15 | grad=2.16e-01 | 1.0s
[   920] loss=-0.8715 | res=1.43e-15 | grad=5.57e-01 | 1.0s
[   921] loss=-0.8184 | res=4.26e-04 | grad=4.27e-01 | 1.0s
[   922] loss=-0.8463 | res=4.72e-05 | grad=4.32e-01 | 1.0s
[   923] loss=-0.8245 | res=5.79e-05 | grad=4.04e-01 | 1.0s
[   924] loss=-0.8761 | res=7.03e-05 | grad=4.88e-01 | 1.0s
[   925] loss=-0.7934 | res=2.06e-04 | grad=3.83e-01 | 1.0s
[   926] loss=-0.7784 | res=2.63e-04 | grad=3.89e-01 | 1.0s
[   927] loss=-0.8091 | res=1.91e-04 | grad=2.43e-01 | 1.0s
[   928] loss=-0.8611 | res=3.13e-09 | grad=1.77e-01 | 1.0s
[   929] loss=-0.8324 | res=6.34e-05 | grad=2.05e-01 | 1.0s
[   930] loss=-0.8856 | res=1.04e-14 | grad=1.21e-01 | 1.0s
[   931] loss=-0.8678 | res=1.32e-04 | grad=7.80e-02 | 1.0s
[   932] loss=-0.8237 | res=3.81e-09 | grad=5.16e-01 | 1.0s
[   933] loss=-0.6759 | res=3.02e-04 | grad=9.49e-01 | 0.9s
[   934] loss=-0.8217 | res=1.79e-04 | grad=3.45e-01 | 0.9s
[   935] loss=-0.8762 | res=3.17e-09 | grad=4.70e-01 | 0.9s
[   936] loss=-0.8126 | res=1.42e-15 | grad=2.89e-01 | 0.9s
[   937] loss=-0.7817 | res=2.07e-09 | grad=3.20e-01 | 0.9s
[   938] loss=-0.8566 | res=1.22e-10 | grad=4.92e-01 | 0.9s
[   939] loss=-0.7802 | res=2.23e-04 | grad=4.52e-01 | 0.8s
[   940] loss=-0.9001 | res=1.71e-15 | grad=7.77e-01 | 0.9s
[   941] loss=-0.8611 | res=1.64e-04 | grad=3.14e-01 | 1.0s
[   942] loss=-0.8370 | res=2.37e-05 | grad=1.89e-01 | 1.0s
[   943] loss=-0.8511 | res=9.12e-12 | grad=2.24e-01 | 1.0s
[   944] loss=-0.8420 | res=2.66e-10 | grad=4.24e-01 | 1.0s
[   945] loss=-0.8420 | res=4.39e-05 | grad=4.76e-01 | 1.0s
[   946] loss=-0.8236 | res=6.86e-05 | grad=5.31e-01 | 1.0s
[   947] loss=-0.7467 | res=2.10e-15 | grad=9.79e-01 | 1.0s
[   948] loss=-0.8055 | res=2.93e-09 | grad=3.95e-01 | 1.0s
[   949] loss=-0.9203 | res=6.38e-10 | grad=2.67e-01 | 1.0s
[   950] loss=-0.9293 | res=1.43e-08 | grad=6.43e-01 | 1.0s
[   951] loss=-0.7307 | res=6.40e-05 | grad=2.32e-01 | 1.0s
[   952] loss=-0.8854 | res=5.73e-05 | grad=4.15e-01 | 1.0s
[   953] loss=-0.8879 | res=1.20e-04 | grad=4.81e-01 | 1.0s
[   954] loss=-0.8550 | res=1.77e-04 | grad=2.32e-01 | 0.9s
[   955] loss=-0.9000 | res=2.80e-04 | grad=3.66e-01 | 0.9s
[   956] loss=-0.8239 | res=6.25e-05 | grad=1.54e-01 | 0.9s
[   957] loss=-0.9507 | res=1.86e-12 | grad=4.98e-01 | 0.9s
[   958] loss=-0.8002 | res=1.74e-09 | grad=5.55e-01 | 0.9s
[   959] loss=-0.7911 | res=2.56e-04 | grad=3.87e-01 | 0.8s
[   960] loss=-0.7799 | res=1.01e-04 | grad=4.51e-01 | 0.8s
[   961] loss=-0.8588 | res=4.64e-09 | grad=1.13e-01 | 0.9s
[   962] loss=-0.8944 | res=1.39e-15 | grad=2.13e-01 | 0.9s
[   963] loss=-0.8061 | res=1.40e-15 | grad=4.81e-01 | 1.1s
[   964] loss=-0.9089 | res=9.34e-05 | grad=3.14e-01 | 1.0s
[   965] loss=-0.8133 | res=8.61e-12 | grad=3.76e-01 | 1.0s
[   966] loss=-0.8214 | res=2.13e-11 | grad=1.70e-01 | 1.0s
[   967] loss=-0.8473 | res=2.21e-04 | grad=1.32e-01 | 1.0s
[   968] loss=-0.8431 | res=1.45e-09 | grad=1.97e-01 | 1.0s
[   969] loss=-0.8234 | res=3.73e-04 | grad=2.58e-01 | 1.0s
[   970] loss=-0.7758 | res=4.71e-09 | grad=1.06e-01 | 1.0s
[   971] loss=-0.8866 | res=7.72e-10 | grad=4.44e-01 | 1.0s
[   972] loss=-0.8228 | res=3.89e-09 | grad=3.33e-01 | 1.0s
[   973] loss=-0.7944 | res=3.56e-09 | grad=1.53e-01 | 1.0s
[   974] loss=-0.8057 | res=1.62e-15 | grad=3.43e-01 | 1.0s
[   975] loss=-0.7814 | res=3.99e-04 | grad=4.85e-01 | 1.0s
[   976] loss=-0.9380 | res=1.38e-14 | grad=5.11e-01 | 0.9s
[   977] loss=-0.9321 | res=1.51e-09 | grad=7.32e-01 | 0.9s
[   978] loss=-0.8063 | res=2.74e-09 | grad=4.09e-01 | 0.9s
[   979] loss=-0.7840 | res=9.56e-05 | grad=4.03e-01 | 0.9s
[   980] loss=-0.8728 | res=1.42e-15 | grad=2.07e-01 | 0.8s
[   981] loss=-0.8570 | res=6.74e-05 | grad=1.39e-01 | 0.8s
[   982] loss=-0.8284 | res=7.57e-05 | grad=2.61e-01 | 0.9s
[   983] loss=-0.8483 | res=4.40e-04 | grad=2.00e-01 | 0.8s
[   984] loss=-0.7751 | res=2.78e-08 | grad=2.27e-01 | 0.9s
[   985] loss=-0.7881 | res=8.06e-05 | grad=1.86e-01 | 1.0s
[   986] loss=-0.8621 | res=1.21e-14 | grad=3.50e-01 | 1.0s
[   987] loss=-0.8705 | res=1.28e-15 | grad=1.11e-01 | 1.1s
[   988] loss=-0.7909 | res=6.53e-05 | grad=2.22e-01 | 1.0s
[   989] loss=-0.7632 | res=1.19e-04 | grad=4.12e-01 | 1.0s
[   990] loss=-0.8722 | res=1.37e-15 | grad=3.73e-01 | 1.0s
[   991] loss=-0.7839 | res=3.59e-09 | grad=2.76e-01 | 1.0s
[   992] loss=-0.8684 | res=7.39e-10 | grad=3.56e-01 | 1.0s
[   993] loss=-0.7471 | res=5.51e-04 | grad=6.20e-01 | 1.0s
[   994] loss=-0.8391 | res=3.65e-09 | grad=3.42e-01 | 1.0s
[   995] loss=-0.8612 | res=3.31e-09 | grad=4.31e-01 | 1.1s
[   996] loss=-0.7896 | res=6.15e-05 | grad=1.72e-01 | 1.0s
[   997] loss=-0.8663 | res=1.97e-04 | grad=1.21e-01 | 1.0s
[   998] loss=-0.8099 | res=7.50e-05 | grad=1.62e-01 | 1.0s
[   999] loss=-0.8053 | res=2.84e-04 | grad=3.14e-01 | 1.0s
[  1000] loss=-0.8394 | res=8.92e-10 | grad=2.52e-01 | 1.0s
    KL = 0.0207
    ESS ratio = 0.978
    Runtime = 974.3s

  --- Run 2/5 (seed=23456) ---
/home/sjbhatt/anaconda3/envs/rcpms-jax/lib/python3.10/site-packages/jax/_src/ops/scatter.py:92: FutureWarning: scatter inputs have incompatible types: cannot safely cast value from dtype=int64 to dtype=int32 with jax_numpy_dtype_promotion='standard'. In future JAX releases this will result in an error.
  warnings.warn(
/home/sjbhatt/anaconda3/envs/rcpms-jax/lib/python3.10/site-packages/jax/_src/ops/scatter.py:92: FutureWarning: scatter inputs have incompatible types: cannot safely cast value from dtype=int64 to dtype=int32 with jax_numpy_dtype_promotion='standard'. In future JAX releases this will result in an error.
  warnings.warn(
[     1] loss=-0.0121 | res=1.74e-04 | grad=5.54e+00 | 3.2s
[     2] loss=-0.1323 | res=2.19e-04 | grad=4.88e+00 | 1.0s
[     3] loss=-0.2364 | res=1.73e-04 | grad=4.91e+00 | 1.0s
[     4] loss=-0.3371 | res=1.93e-04 | grad=4.90e+00 | 1.0s
[     5] loss=-0.4558 | res=3.46e-04 | grad=4.99e+00 | 1.0s
[     6] loss=-0.5220 | res=9.72e-04 | grad=4.25e+00 | 1.0s
[     7] loss=-0.6211 | res=3.85e-04 | grad=4.03e+00 | 1.0s
[     8] loss=-0.7134 | res=2.12e-04 | grad=3.49e+00 | 1.0s
[     9] loss=-0.7265 | res=4.57e-04 | grad=2.45e+00 | 1.1s
[    10] loss=-0.8280 | res=6.20e-04 | grad=1.82e+00 | 1.0s
[    11] loss=-0.7670 | res=1.52e-09 | grad=8.06e-01 | 1.0s
[    12] loss=-0.8142 | res=5.28e-04 | grad=2.53e-01 | 1.0s
[    13] loss=-0.8794 | res=6.90e-05 | grad=6.79e-01 | 1.0s
[    14] loss=-0.8624 | res=7.81e-09 | grad=6.76e-01 | 1.0s
[    15] loss=-0.9298 | res=6.90e-04 | grad=5.70e-01 | 1.0s
[    16] loss=-0.7654 | res=1.18e-08 | grad=1.14e+00 | 1.0s
[    17] loss=-0.7830 | res=1.03e-03 | grad=1.24e+00 | 1.0s
[    18] loss=-0.7975 | res=3.33e-09 | grad=1.18e+00 | 1.0s
[    19] loss=-0.8778 | res=6.79e-05 | grad=8.55e-01 | 1.0s
[    20] loss=-0.7270 | res=1.63e-04 | grad=1.20e+00 | 1.0s
[    21] loss=-0.8824 | res=5.33e-04 | grad=8.54e-01 | 1.0s
[    22] loss=-0.8486 | res=2.69e-04 | grad=9.37e-01 | 1.0s
[    23] loss=-0.8039 | res=1.97e-08 | grad=9.13e-01 | 1.0s
[    24] loss=-0.8387 | res=1.67e-08 | grad=7.82e-01 | 1.0s
[    25] loss=-0.8320 | res=9.90e-09 | grad=8.35e-01 | 1.0s
[    26] loss=-0.8973 | res=1.13e-03 | grad=3.62e-01 | 1.0s
[    27] loss=-0.7964 | res=3.99e-04 | grad=4.07e-01 | 1.0s
[    28] loss=-0.8722 | res=8.57e-09 | grad=2.89e-01 | 1.0s
[    29] loss=-0.8618 | res=2.77e-04 | grad=7.10e-01 | 1.0s
[    30] loss=-0.8111 | res=8.34e-05 | grad=3.94e-01 | 1.0s
[    31] loss=-0.8409 | res=4.34e-09 | grad=4.90e-01 | 1.0s
[    32] loss=-0.7803 | res=4.20e-04 | grad=4.71e-01 | 1.0s
[    33] loss=-0.8750 | res=1.93e-04 | grad=5.75e-01 | 1.0s
[    34] loss=-0.8176 | res=1.32e-04 | grad=6.95e-01 | 1.0s
[    35] loss=-0.8306 | res=5.30e-05 | grad=6.82e-01 | 1.0s
[    36] loss=-0.7484 | res=2.30e-04 | grad=1.95e-01 | 1.0s
[    37] loss=-0.8953 | res=1.40e-08 | grad=5.35e-01 | 1.0s
[    38] loss=-0.8321 | res=2.51e-04 | grad=3.14e-01 | 1.0s
[    39] loss=-0.7982 | res=5.52e-09 | grad=1.01e-01 | 1.0s
[    40] loss=-0.8580 | res=6.25e-05 | grad=4.67e-01 | 1.0s
[    41] loss=-0.7886 | res=1.28e-04 | grad=4.32e-01 | 1.0s
[    42] loss=-0.8757 | res=4.55e-04 | grad=2.03e-01 | 1.0s
[    43] loss=-0.9138 | res=7.64e-04 | grad=2.62e-01 | 1.0s
[    44] loss=-0.7660 | res=1.19e-08 | grad=4.68e-01 | 1.0s
[    45] loss=-0.9270 | res=1.66e-04 | grad=2.77e-01 | 1.0s
[    46] loss=-0.8017 | res=1.26e-08 | grad=5.22e-01 | 1.0s
[    47] loss=-0.7819 | res=4.85e-04 | grad=5.38e-01 | 1.0s
[    48] loss=-0.8448 | res=6.89e-04 | grad=5.53e-01 | 1.0s
[    49] loss=-0.7864 | res=3.12e-04 | grad=5.82e-01 | 1.0s
[    50] loss=-0.8038 | res=3.25e-04 | grad=4.66e-01 | 1.0s
[    51] loss=-0.8189 | res=1.90e-04 | grad=1.92e-01 | 1.0s
[    52] loss=-0.8495 | res=4.88e-09 | grad=4.74e-01 | 1.0s
[    53] loss=-0.7695 | res=1.65e-04 | grad=4.20e-01 | 1.0s
[    54] loss=-0.8852 | res=3.41e-08 | grad=3.94e-01 | 1.0s
[    55] loss=-0.9045 | res=7.25e-09 | grad=5.72e-01 | 1.0s
[    56] loss=-0.7930 | res=2.13e-04 | grad=2.95e-01 | 1.0s
[    57] loss=-0.8230 | res=4.29e-04 | grad=4.77e-01 | 1.0s
[    58] loss=-0.9375 | res=2.98e-09 | grad=6.03e-01 | 1.0s
[    59] loss=-0.9337 | res=4.15e-04 | grad=6.35e-01 | 1.0s
[    60] loss=-0.8564 | res=5.59e-05 | grad=3.24e-01 | 1.0s
[    61] loss=-0.9383 | res=4.62e-04 | grad=8.00e-01 | 1.0s
[    62] loss=-0.8659 | res=4.65e-09 | grad=5.35e-01 | 1.0s
[    63] loss=-0.8353 | res=5.30e-04 | grad=6.23e-01 | 1.0s
[    64] loss=-0.7859 | res=6.09e-04 | grad=4.07e-01 | 1.0s
[    65] loss=-0.8158 | res=4.49e-09 | grad=5.22e-01 | 1.0s
[    66] loss=-0.8967 | res=6.94e-04 | grad=2.77e-01 | 1.0s
[    67] loss=-0.9682 | res=9.52e-06 | grad=3.17e-01 | 1.0s
[    68] loss=-0.9189 | res=1.80e-04 | grad=2.36e-01 | 1.0s
[    69] loss=-0.8905 | res=1.08e-08 | grad=3.60e-01 | 1.0s
[    70] loss=-0.8523 | res=1.21e-03 | grad=4.36e-01 | 1.0s
[    71] loss=-0.8445 | res=1.75e-15 | grad=5.25e-01 | 1.0s
[    72] loss=-0.8830 | res=1.70e-08 | grad=1.51e-01 | 1.0s
[    73] loss=-0.6943 | res=2.16e-04 | grad=7.59e-01 | 1.0s
[    74] loss=-0.8195 | res=6.16e-04 | grad=4.80e-01 | 1.0s
[    75] loss=-0.9090 | res=7.17e-05 | grad=1.63e-01 | 1.0s
[    76] loss=-0.7886 | res=5.21e-04 | grad=5.77e-01 | 1.0s
[    77] loss=-0.7437 | res=6.36e-04 | grad=4.05e-01 | 1.0s
[    78] loss=-0.8186 | res=4.27e-04 | grad=3.73e-01 | 1.0s
[    79] loss=-0.8458 | res=3.13e-04 | grad=4.15e-01 | 1.0s
[    80] loss=-0.8122 | res=2.58e-04 | grad=2.47e-01 | 1.0s
[    81] loss=-0.9044 | res=3.92e-09 | grad=5.12e-01 | 1.1s
[    82] loss=-0.7739 | res=4.25e-04 | grad=2.12e-01 | 1.0s
[    83] loss=-0.8161 | res=4.43e-04 | grad=1.70e-01 | 1.0s
[    84] loss=-0.8817 | res=5.04e-04 | grad=2.64e-01 | 1.0s
[    85] loss=-0.8886 | res=5.32e-04 | grad=5.64e-01 | 1.0s
[    86] loss=-0.8168 | res=2.21e-04 | grad=2.28e-01 | 1.0s
[    87] loss=-0.9098 | res=6.97e-05 | grad=4.21e-01 | 1.0s
[    88] loss=-0.7875 | res=3.39e-04 | grad=4.56e-01 | 1.0s
[    89] loss=-0.8546 | res=1.12e-03 | grad=1.90e-01 | 1.1s
[    90] loss=-0.7605 | res=1.37e-04 | grad=6.81e-01 | 1.0s
[    91] loss=-0.9506 | res=4.67e-04 | grad=3.09e-01 | 1.0s
[    92] loss=-0.8768 | res=1.15e-03 | grad=1.71e-01 | 1.0s
[    93] loss=-0.8773 | res=3.46e-04 | grad=2.96e-01 | 1.0s
[    94] loss=-0.8784 | res=1.06e-04 | grad=2.23e-01 | 1.0s
[    95] loss=-0.8496 | res=1.94e-04 | grad=5.47e-01 | 1.0s
[    96] loss=-0.8417 | res=3.32e-04 | grad=2.94e-01 | 1.0s
[    97] loss=-0.9421 | res=3.05e-04 | grad=5.79e-01 | 0.9s
[    98] loss=-0.8550 | res=1.58e-04 | grad=2.86e-01 | 0.9s
[    99] loss=-0.8744 | res=1.17e-04 | grad=1.15e-01 | 0.9s
[   100] loss=-0.8191 | res=3.45e-04 | grad=4.95e-01 | 0.9s
[   101] loss=-0.8733 | res=5.56e-04 | grad=2.61e-01 | 0.9s
[   102] loss=-0.8616 | res=2.20e-04 | grad=3.61e-01 | 0.9s
[   103] loss=-0.7525 | res=1.32e-04 | grad=4.34e-01 | 0.9s
[   104] loss=-0.8744 | res=5.32e-04 | grad=4.40e-01 | 0.9s
[   105] loss=-0.8614 | res=5.47e-05 | grad=5.76e-01 | 0.9s
[   106] loss=-0.8232 | res=1.87e-04 | grad=1.74e-01 | 0.9s
[   107] loss=-0.8132 | res=1.47e-04 | grad=2.40e-01 | 0.8s
[   108] loss=-0.7899 | res=1.07e-04 | grad=3.71e-01 | 0.9s
[   109] loss=-0.9410 | res=1.14e-04 | grad=7.86e-01 | 0.9s
[   110] loss=-0.9112 | res=3.74e-05 | grad=3.95e-01 | 0.9s
[   111] loss=-0.8837 | res=2.38e-04 | grad=4.42e-01 | 0.9s
[   112] loss=-0.8338 | res=2.15e-04 | grad=2.86e-01 | 0.9s
[   113] loss=-0.9328 | res=5.09e-04 | grad=4.95e-01 | 0.9s
[   114] loss=-0.9241 | res=9.41e-04 | grad=3.52e-01 | 0.9s
[   115] loss=-0.8567 | res=1.87e-04 | grad=3.03e-01 | 0.9s
[   116] loss=-0.7393 | res=6.90e-09 | grad=6.29e-01 | 1.0s
[   117] loss=-0.8640 | res=8.29e-09 | grad=2.34e-01 | 1.0s
[   118] loss=-0.8215 | res=4.18e-04 | grad=4.26e-01 | 1.0s
[   119] loss=-0.7164 | res=1.16e-08 | grad=7.03e-01 | 1.0s
[   120] loss=-0.8324 | res=1.12e-04 | grad=4.01e-01 | 1.0s
[   121] loss=-0.8375 | res=1.76e-04 | grad=3.84e-01 | 1.1s
[   122] loss=-0.8409 | res=5.00e-05 | grad=1.98e-01 | 1.0s
[   123] loss=-0.7688 | res=1.04e-04 | grad=5.47e-01 | 1.0s
[   124] loss=-0.7904 | res=1.61e-04 | grad=2.39e-01 | 1.0s
[   125] loss=-0.8802 | res=5.20e-04 | grad=7.15e-01 | 1.0s
[   126] loss=-0.7884 | res=2.57e-04 | grad=4.33e-01 | 1.0s
[   127] loss=-0.8155 | res=2.48e-04 | grad=4.40e-01 | 1.0s
[   128] loss=-0.7992 | res=2.85e-04 | grad=3.24e-01 | 1.0s
[   129] loss=-0.7954 | res=6.25e-04 | grad=3.75e-01 | 1.0s
[   130] loss=-0.9004 | res=4.47e-04 | grad=4.43e-01 | 1.0s
[   131] loss=-0.9586 | res=3.12e-04 | grad=6.63e-01 | 1.0s
[   132] loss=-0.8563 | res=7.55e-05 | grad=5.62e-01 | 1.0s
[   133] loss=-0.7910 | res=5.25e-10 | grad=4.70e-01 | 1.0s
[   134] loss=-0.8402 | res=2.92e-05 | grad=1.41e-01 | 1.0s
[   135] loss=-0.8892 | res=6.35e-05 | grad=2.80e-01 | 1.0s
[   136] loss=-0.7793 | res=5.10e-04 | grad=5.92e-01 | 1.0s
[   137] loss=-0.7920 | res=9.99e-05 | grad=5.49e-01 | 1.0s
[   138] loss=-0.9392 | res=1.08e-03 | grad=4.38e-01 | 0.9s
[   139] loss=-0.9440 | res=4.00e-04 | grad=2.31e-01 | 0.9s
[   140] loss=-0.8584 | res=6.78e-04 | grad=3.76e-01 | 0.9s
[   141] loss=-0.9124 | res=6.19e-05 | grad=2.08e-01 | 0.9s
[   142] loss=-0.8205 | res=4.52e-04 | grad=3.29e-01 | 0.9s
[   143] loss=-0.8819 | res=4.93e-04 | grad=2.67e-01 | 0.9s
[   144] loss=-0.7153 | res=1.56e-04 | grad=5.87e-01 | 0.9s
[   145] loss=-0.7657 | res=8.87e-04 | grad=3.28e-01 | 0.9s
[   146] loss=-0.8367 | res=2.03e-04 | grad=3.19e-01 | 1.0s
[   147] loss=-0.8818 | res=1.43e-04 | grad=3.31e-01 | 1.0s
[   148] loss=-0.9559 | res=1.31e-04 | grad=7.87e-01 | 1.0s
[   149] loss=-0.8088 | res=6.12e-05 | grad=1.75e-01 | 1.0s
[   150] loss=-0.9271 | res=4.18e-09 | grad=7.44e-01 | 1.0s
[   151] loss=-0.8452 | res=5.14e-04 | grad=3.82e-01 | 1.0s
[   152] loss=-0.8154 | res=5.48e-05 | grad=3.62e-01 | 1.0s
[   153] loss=-0.7082 | res=5.83e-05 | grad=4.83e-01 | 1.0s
[   154] loss=-0.8294 | res=1.45e-04 | grad=4.26e-01 | 1.0s
[   155] loss=-0.8803 | res=6.59e-05 | grad=2.34e-01 | 1.0s
[   156] loss=-0.7805 | res=5.28e-04 | grad=5.09e-01 | 1.0s
[   157] loss=-0.9085 | res=2.18e-04 | grad=2.96e-01 | 1.0s
[   158] loss=-0.8344 | res=1.62e-04 | grad=1.47e-01 | 1.0s
[   159] loss=-0.7537 | res=1.40e-08 | grad=4.71e-01 | 1.0s
[   160] loss=-0.8601 | res=1.93e-08 | grad=5.95e-01 | 0.9s
[   161] loss=-0.7370 | res=2.11e-04 | grad=4.31e-01 | 1.0s
[   162] loss=-0.8137 | res=3.62e-04 | grad=2.35e-01 | 0.9s
[   163] loss=-0.8224 | res=1.39e-04 | grad=1.91e-01 | 0.9s
[   164] loss=-0.8066 | res=8.08e-05 | grad=3.68e-01 | 0.9s
[   165] loss=-0.8303 | res=1.37e-04 | grad=2.86e-01 | 0.9s
[   166] loss=-0.7779 | res=2.73e-04 | grad=3.79e-01 | 0.9s
[   167] loss=-0.9285 | res=2.64e-09 | grad=5.85e-01 | 0.9s
[   168] loss=-0.9023 | res=3.01e-05 | grad=3.92e-01 | 0.9s
[   169] loss=-0.8071 | res=4.72e-04 | grad=2.87e-01 | 0.9s
[   170] loss=-0.8800 | res=4.14e-04 | grad=4.10e-01 | 1.0s
[   171] loss=-0.7862 | res=6.04e-05 | grad=7.55e-01 | 1.0s
[   172] loss=-0.8898 | res=3.27e-04 | grad=1.15e-01 | 1.0s
[   173] loss=-0.9368 | res=4.56e-04 | grad=2.44e-01 | 1.0s
[   174] loss=-0.8856 | res=9.57e-09 | grad=3.96e-01 | 1.0s
[   175] loss=-0.7898 | res=7.67e-04 | grad=3.15e-01 | 1.0s
[   176] loss=-0.8469 | res=5.86e-05 | grad=4.45e-01 | 1.0s
[   177] loss=-0.8063 | res=1.07e-04 | grad=4.23e-01 | 1.0s
[   178] loss=-0.8079 | res=1.87e-04 | grad=4.41e-01 | 1.0s
[   179] loss=-0.8264 | res=6.99e-05 | grad=3.05e-01 | 1.0s
[   180] loss=-0.8373 | res=5.44e-05 | grad=2.28e-01 | 1.0s
[   181] loss=-0.8703 | res=1.25e-04 | grad=2.22e-01 | 1.0s
[   182] loss=-0.9078 | res=7.37e-09 | grad=4.84e-01 | 1.0s
[   183] loss=-0.8451 | res=6.88e-05 | grad=3.53e-01 | 1.0s
[   184] loss=-0.8012 | res=1.05e-04 | grad=3.38e-01 | 0.9s
[   185] loss=-0.8356 | res=4.26e-04 | grad=4.86e-01 | 1.0s
[   186] loss=-0.8136 | res=6.70e-05 | grad=2.33e-01 | 0.9s
[   187] loss=-0.8751 | res=2.18e-04 | grad=4.24e-01 | 0.9s
[   188] loss=-0.8322 | res=2.34e-15 | grad=1.50e-01 | 0.9s
[   189] loss=-0.8620 | res=6.84e-09 | grad=2.00e-01 | 0.9s
[   190] loss=-0.7239 | res=5.70e-05 | grad=4.81e-01 | 0.9s
[   191] loss=-0.8353 | res=2.88e-10 | grad=1.98e-01 | 0.9s
[   192] loss=-0.7980 | res=8.76e-10 | grad=3.76e-01 | 0.9s
[   193] loss=-0.8949 | res=5.38e-09 | grad=3.84e-01 | 1.0s
[   194] loss=-0.8291 | res=3.16e-04 | grad=2.64e-01 | 1.0s
[   195] loss=-0.8328 | res=4.61e-04 | grad=3.63e-01 | 1.0s
[   196] loss=-0.8873 | res=7.35e-04 | grad=3.03e-01 | 1.0s
[   197] loss=-0.7813 | res=2.32e-04 | grad=3.41e-01 | 1.0s
[   198] loss=-0.8799 | res=7.79e-05 | grad=4.79e-01 | 1.0s
[   199] loss=-0.8135 | res=2.55e-04 | grad=3.52e-01 | 1.0s
[   200] loss=-0.8825 | res=3.32e-05 | grad=1.82e-01 | 1.0s
[   201] loss=-0.9227 | res=1.87e-04 | grad=2.93e-01 | 1.0s
[   202] loss=-0.8192 | res=7.89e-10 | grad=2.40e-01 | 1.0s
[   203] loss=-0.8314 | res=3.19e-04 | grad=1.94e-01 | 1.0s
[   204] loss=-0.8973 | res=3.91e-04 | grad=2.38e-01 | 1.0s
[   205] loss=-0.8900 | res=6.65e-05 | grad=3.20e-01 | 1.0s
[   206] loss=-0.8724 | res=3.07e-04 | grad=4.49e-01 | 1.0s
[   207] loss=-0.9606 | res=1.41e-04 | grad=2.74e-01 | 1.0s
[   208] loss=-0.8628 | res=4.01e-04 | grad=4.58e-01 | 1.0s
[   209] loss=-0.7847 | res=2.12e-04 | grad=3.85e-01 | 1.0s
[   210] loss=-0.7589 | res=1.96e-04 | grad=7.73e-01 | 1.0s
[   211] loss=-0.8384 | res=6.08e-09 | grad=5.66e-01 | 1.0s
[   212] loss=-0.8129 | res=5.46e-05 | grad=5.60e-01 | 1.0s
[   213] loss=-0.8585 | res=3.23e-04 | grad=1.09e-01 | 1.0s
[   214] loss=-0.7963 | res=3.38e-04 | grad=1.15e-01 | 1.0s
[   215] loss=-0.8054 | res=3.33e-09 | grad=3.06e-01 | 1.0s
[   216] loss=-0.8296 | res=2.55e-04 | grad=3.30e-01 | 0.9s
[   217] loss=-0.8422 | res=1.32e-12 | grad=6.01e-01 | 0.9s
[   218] loss=-0.9336 | res=4.68e-05 | grad=8.55e-01 | 0.9s
[   219] loss=-0.9914 | res=2.42e-09 | grad=1.03e+00 | 0.9s
[   220] loss=-0.8038 | res=1.90e-15 | grad=2.21e-01 | 0.9s
[   221] loss=-0.9484 | res=1.03e-04 | grad=3.37e-01 | 0.9s
[   222] loss=-0.7902 | res=5.54e-05 | grad=5.37e-01 | 0.9s
[   223] loss=-0.8626 | res=2.83e-04 | grad=4.30e-01 | 0.9s
[   224] loss=-0.8598 | res=1.80e-15 | grad=6.23e-01 | 0.9s
[   225] loss=-0.7908 | res=1.16e-04 | grad=5.75e-01 | 0.9s
[   226] loss=-0.8813 | res=6.88e-09 | grad=3.94e-01 | 0.9s
[   227] loss=-0.8364 | res=9.53e-05 | grad=4.00e-01 | 0.9s
[   228] loss=-0.8022 | res=1.71e-04 | grad=3.35e-01 | 0.9s
[   229] loss=-0.8424 | res=1.98e-04 | grad=3.83e-01 | 0.9s
[   230] loss=-0.8936 | res=1.06e-04 | grad=3.66e-01 | 0.9s
[   231] loss=-0.9176 | res=8.83e-05 | grad=4.99e-01 | 0.8s
[   232] loss=-0.8442 | res=1.02e-04 | grad=2.49e-01 | 0.9s
[   233] loss=-0.9328 | res=1.55e-15 | grad=5.88e-01 | 0.9s
[   234] loss=-0.8819 | res=1.13e-04 | grad=2.95e-01 | 0.9s
[   235] loss=-0.8221 | res=9.78e-05 | grad=3.32e-01 | 1.1s
[   236] loss=-0.8525 | res=9.88e-09 | grad=4.18e-01 | 1.1s
[   237] loss=-0.7366 | res=5.78e-05 | grad=4.99e-01 | 1.1s
[   238] loss=-0.8894 | res=5.07e-04 | grad=2.21e-01 | 1.0s
[   239] loss=-0.8591 | res=1.57e-04 | grad=1.40e-01 | 1.0s
[   240] loss=-0.8755 | res=3.57e-09 | grad=3.88e-01 | 1.0s
[   241] loss=-0.9054 | res=1.64e-04 | grad=2.50e-01 | 1.1s
[   242] loss=-0.8181 | res=5.96e-09 | grad=3.32e-01 | 1.0s
[   243] loss=-0.7865 | res=2.36e-11 | grad=5.83e-01 | 1.0s
[   244] loss=-0.7862 | res=2.74e-04 | grad=6.74e-01 | 1.0s
[   245] loss=-0.7716 | res=9.47e-05 | grad=4.39e-01 | 1.0s
[   246] loss=-0.7911 | res=5.40e-05 | grad=4.54e-01 | 1.0s
[   247] loss=-0.7633 | res=2.60e-15 | grad=2.99e-01 | 1.0s
[   248] loss=-0.8489 | res=2.95e-04 | grad=6.17e-01 | 1.0s
[   249] loss=-0.8204 | res=2.56e-04 | grad=5.13e-01 | 1.0s
[   250] loss=-0.7894 | res=6.19e-05 | grad=3.48e-01 | 1.0s
[   251] loss=-0.8633 | res=1.48e-04 | grad=4.77e-01 | 1.0s
[   252] loss=-0.8341 | res=2.24e-04 | grad=3.83e-01 | 1.0s
[   253] loss=-0.8455 | res=3.54e-04 | grad=2.98e-01 | 1.0s
[   254] loss=-0.8091 | res=3.73e-09 | grad=5.79e-01 | 1.0s
[   255] loss=-0.9102 | res=6.04e-05 | grad=3.83e-01 | 1.0s
[   256] loss=-0.8856 | res=7.76e-09 | grad=5.75e-01 | 1.0s
[   257] loss=-0.8095 | res=5.85e-04 | grad=2.90e-01 | 1.0s
[   258] loss=-0.7640 | res=3.38e-04 | grad=5.48e-01 | 0.9s
[   259] loss=-0.9293 | res=3.55e-04 | grad=1.23e-01 | 0.9s
[   260] loss=-0.8119 | res=6.89e-09 | grad=5.65e-01 | 0.9s
[   261] loss=-0.8067 | res=3.01e-04 | grad=3.85e-01 | 0.9s
[   262] loss=-0.8599 | res=2.26e-04 | grad=3.29e-01 | 0.9s
[   263] loss=-0.8009 | res=8.74e-05 | grad=3.71e-01 | 0.9s
[   264] loss=-0.8751 | res=1.94e-04 | grad=3.67e-01 | 0.9s
[   265] loss=-0.8355 | res=5.88e-09 | grad=3.20e-01 | 1.0s
[   266] loss=-0.9010 | res=1.45e-15 | grad=5.48e-01 | 1.0s
[   267] loss=-0.8817 | res=1.04e-04 | grad=3.69e-01 | 1.0s
[   268] loss=-0.8668 | res=1.48e-04 | grad=4.66e-01 | 0.9s
[   269] loss=-0.7950 | res=1.83e-04 | grad=2.76e-01 | 1.0s
[   270] loss=-0.7525 | res=1.17e-08 | grad=4.12e-01 | 0.9s
[   271] loss=-0.8021 | res=1.84e-08 | grad=3.78e-01 | 0.9s
[   272] loss=-0.8481 | res=5.63e-10 | grad=2.19e-01 | 0.9s
[   273] loss=-0.8890 | res=1.38e-04 | grad=3.11e-01 | 1.0s
[   274] loss=-0.8188 | res=5.67e-09 | grad=1.37e-01 | 1.0s
[   275] loss=-0.7747 | res=6.18e-09 | grad=5.67e-01 | 1.0s
[   276] loss=-0.8001 | res=2.91e-11 | grad=1.28e-01 | 1.0s
[   277] loss=-0.7342 | res=3.40e-08 | grad=5.90e-01 | 1.0s
[   278] loss=-0.8302 | res=1.34e-09 | grad=1.70e-01 | 0.9s
[   279] loss=-0.8361 | res=6.16e-05 | grad=4.42e-01 | 0.9s
[   280] loss=-0.8037 | res=1.35e-04 | grad=2.04e-01 | 1.0s
[   281] loss=-0.8807 | res=2.92e-05 | grad=3.99e-01 | 1.0s
[   282] loss=-0.9077 | res=8.47e-05 | grad=4.09e-01 | 1.1s
[   283] loss=-0.8428 | res=4.17e-04 | grad=2.20e-01 | 1.0s
[   284] loss=-0.8714 | res=8.88e-09 | grad=4.13e-01 | 1.0s
[   285] loss=-0.8459 | res=3.19e-04 | grad=1.24e-01 | 1.0s
[   286] loss=-0.7929 | res=1.27e-04 | grad=5.86e-01 | 1.0s
[   287] loss=-0.9124 | res=2.63e-09 | grad=4.89e-01 | 1.0s
[   288] loss=-0.8736 | res=3.78e-09 | grad=4.79e-01 | 1.0s
[   289] loss=-0.8286 | res=4.52e-05 | grad=2.93e-01 | 1.0s
[   290] loss=-0.8041 | res=1.88e-04 | grad=3.62e-01 | 1.0s
[   291] loss=-0.8996 | res=2.01e-04 | grad=4.89e-01 | 1.0s
[   292] loss=-0.8397 | res=2.24e-04 | grad=3.45e-01 | 1.0s
[   293] loss=-0.7541 | res=6.21e-05 | grad=5.92e-01 | 1.0s
[   294] loss=-0.8416 | res=1.63e-04 | grad=2.37e-01 | 1.0s
[   295] loss=-0.8509 | res=5.25e-05 | grad=3.30e-01 | 1.0s
[   296] loss=-0.8871 | res=1.26e-04 | grad=2.47e-01 | 1.0s
[   297] loss=-0.8046 | res=1.05e-04 | grad=3.87e-01 | 1.0s
[   298] loss=-0.9184 | res=5.28e-04 | grad=5.77e-01 | 1.0s
[   299] loss=-0.8245 | res=2.61e-04 | grad=1.48e-01 | 1.0s
[   300] loss=-0.8058 | res=1.81e-09 | grad=3.85e-01 | 1.0s
[   301] loss=-0.8108 | res=6.88e-11 | grad=2.39e-01 | 1.0s
[   302] loss=-0.8139 | res=7.95e-05 | grad=5.86e-01 | 1.0s
[   303] loss=-0.8652 | res=4.26e-04 | grad=3.50e-01 | 1.0s
[   304] loss=-0.8088 | res=2.14e-04 | grad=2.46e-01 | 1.0s
[   305] loss=-0.7499 | res=7.43e-04 | grad=5.17e-01 | 1.0s
[   306] loss=-0.7548 | res=2.65e-09 | grad=2.69e-01 | 1.0s
[   307] loss=-0.7930 | res=2.78e-04 | grad=2.58e-01 | 1.0s
[   308] loss=-0.8364 | res=7.10e-04 | grad=2.00e-01 | 1.0s
[   309] loss=-0.8633 | res=2.27e-09 | grad=6.86e-01 | 1.0s
[   310] loss=-0.8358 | res=1.03e-04 | grad=4.49e-01 | 1.0s
[   311] loss=-0.7904 | res=2.90e-04 | grad=3.24e-01 | 1.0s
[   312] loss=-0.7112 | res=1.39e-08 | grad=5.08e-01 | 1.0s
[   313] loss=-0.9402 | res=3.28e-04 | grad=4.83e-01 | 1.0s
[   314] loss=-0.9214 | res=2.11e-04 | grad=1.88e-01 | 1.0s
[   315] loss=-0.9614 | res=2.13e-04 | grad=3.23e-01 | 1.0s
[   316] loss=-0.8365 | res=5.45e-05 | grad=1.95e-01 | 1.0s
[   317] loss=-0.7408 | res=5.37e-05 | grad=6.48e-01 | 1.0s
[   318] loss=-0.7415 | res=7.88e-05 | grad=6.09e-01 | 1.0s
[   319] loss=-0.8044 | res=1.59e-15 | grad=2.98e-01 | 1.0s
[   320] loss=-0.8029 | res=6.13e-09 | grad=3.40e-01 | 1.0s
[   321] loss=-0.8579 | res=2.51e-04 | grad=2.37e-01 | 1.0s
[   322] loss=-0.8092 | res=1.25e-04 | grad=5.13e-01 | 1.0s
[   323] loss=-0.8456 | res=2.47e-04 | grad=3.48e-01 | 1.0s
[   324] loss=-0.8244 | res=3.13e-09 | grad=1.95e-01 | 1.0s
[   325] loss=-0.8767 | res=4.05e-04 | grad=3.40e-01 | 1.0s
[   326] loss=-0.8755 | res=2.16e-15 | grad=4.99e-01 | 1.0s
[   327] loss=-0.8261 | res=3.02e-04 | grad=3.45e-01 | 1.0s
[   328] loss=-0.8999 | res=4.42e-04 | grad=3.23e-01 | 1.0s
[   329] loss=-0.8096 | res=1.25e-05 | grad=2.51e-01 | 1.0s
[   330] loss=-0.8282 | res=1.69e-04 | grad=1.20e-01 | 1.0s
[   331] loss=-0.7842 | res=1.09e-04 | grad=4.03e-01 | 1.0s
[   332] loss=-0.8294 | res=3.71e-04 | grad=2.00e-01 | 1.0s
[   333] loss=-0.8921 | res=2.84e-04 | grad=3.31e-01 | 1.0s
[   334] loss=-0.8385 | res=2.63e-04 | grad=2.13e-01 | 1.0s
[   335] loss=-0.7703 | res=1.81e-04 | grad=3.53e-01 | 1.0s
[   336] loss=-0.8304 | res=2.90e-04 | grad=1.06e-01 | 1.0s
[   337] loss=-0.8437 | res=2.03e-04 | grad=1.13e-01 | 1.0s
[   338] loss=-0.8488 | res=1.54e-09 | grad=1.05e-01 | 1.0s
[   339] loss=-0.8452 | res=6.51e-05 | grad=1.81e-01 | 1.0s
[   340] loss=-0.7681 | res=5.13e-09 | grad=4.00e-01 | 1.0s
[   341] loss=-0.7840 | res=3.68e-09 | grad=3.55e-01 | 1.0s
[   342] loss=-0.8080 | res=8.86e-04 | grad=1.79e-01 | 1.0s
[   343] loss=-1.0092 | res=3.63e-05 | grad=1.00e+00 | 1.0s
[   344] loss=-0.7780 | res=2.82e-04 | grad=4.88e-01 | 1.0s
[   345] loss=-0.8771 | res=4.32e-04 | grad=2.72e-01 | 1.0s
[   346] loss=-0.8951 | res=2.39e-04 | grad=3.40e-01 | 1.0s
[   347] loss=-0.8343 | res=3.28e-07 | grad=3.80e-01 | 1.0s
[   348] loss=-0.7041 | res=1.06e-09 | grad=5.74e-01 | 1.0s
[   349] loss=-0.8319 | res=1.63e-04 | grad=2.16e-01 | 1.0s
[   350] loss=-0.8536 | res=1.27e-04 | grad=1.74e-01 | 1.0s
[   351] loss=-0.8003 | res=5.46e-05 | grad=3.10e-01 | 1.0s
[   352] loss=-0.7772 | res=1.17e-04 | grad=3.23e-01 | 1.0s
[   353] loss=-0.8178 | res=1.77e-15 | grad=2.07e-01 | 1.0s
[   354] loss=-0.8457 | res=6.08e-14 | grad=4.02e-01 | 1.0s
[   355] loss=-0.7880 | res=2.26e-04 | grad=1.91e-01 | 0.9s
[   356] loss=-0.8294 | res=1.83e-04 | grad=1.61e-01 | 0.9s
[   357] loss=-0.8813 | res=2.50e-04 | grad=4.28e-01 | 0.9s
[   358] loss=-0.7910 | res=3.71e-05 | grad=1.58e-01 | 0.9s
[   359] loss=-0.7290 | res=3.21e-04 | grad=6.53e-01 | 0.9s
[   360] loss=-0.8624 | res=3.86e-14 | grad=2.55e-01 | 0.9s
[   361] loss=-0.8956 | res=5.96e-04 | grad=2.68e-01 | 1.0s
[   362] loss=-0.8807 | res=3.48e-04 | grad=2.56e-01 | 0.9s
[   363] loss=-0.9861 | res=1.54e-04 | grad=8.38e-01 | 0.9s
[   364] loss=-0.7721 | res=1.99e-04 | grad=4.93e-01 | 0.9s
[   365] loss=-0.8649 | res=6.66e-09 | grad=1.34e-01 | 0.9s
[   366] loss=-0.7821 | res=2.60e-04 | grad=6.54e-01 | 0.9s
[   367] loss=-0.8545 | res=3.05e-09 | grad=2.74e-01 | 0.9s
[   368] loss=-0.8295 | res=4.76e-04 | grad=3.31e-01 | 0.9s
[   369] loss=-0.6472 | res=2.66e-04 | grad=1.02e+00 | 0.9s
[   370] loss=-0.8934 | res=1.30e-04 | grad=4.25e-01 | 0.9s
[   371] loss=-0.7392 | res=1.41e-04 | grad=4.04e-01 | 0.9s
[   372] loss=-0.9466 | res=1.64e-15 | grad=7.79e-01 | 0.9s
[   373] loss=-0.8294 | res=5.82e-05 | grad=3.08e-01 | 0.9s
[   374] loss=-0.7451 | res=5.49e-05 | grad=3.97e-01 | 1.0s
[   375] loss=-0.7611 | res=4.50e-09 | grad=1.39e-01 | 1.0s
[   376] loss=-0.8413 | res=8.74e-05 | grad=3.49e-01 | 1.0s
[   377] loss=-0.8466 | res=2.94e-04 | grad=4.02e-01 | 1.0s
[   378] loss=-0.9907 | res=5.27e-04 | grad=7.76e-01 | 1.0s
[   379] loss=-0.8994 | res=2.18e-09 | grad=4.62e-01 | 1.0s
[   380] loss=-0.8056 | res=2.24e-04 | grad=2.52e-01 | 1.0s
[   381] loss=-0.8087 | res=2.38e-04 | grad=6.02e-01 | 1.0s
[   382] loss=-0.7643 | res=6.05e-05 | grad=9.04e-01 | 1.0s
[   383] loss=-0.8116 | res=1.29e-04 | grad=4.98e-01 | 1.0s
[   384] loss=-0.7965 | res=1.19e-04 | grad=3.47e-01 | 1.0s
[   385] loss=-0.8364 | res=2.02e-04 | grad=2.10e-01 | 1.0s
[   386] loss=-0.8160 | res=1.95e-15 | grad=2.93e-01 | 1.0s
[   387] loss=-0.7750 | res=2.45e-09 | grad=1.84e-01 | 1.0s
[   388] loss=-0.8123 | res=5.48e-05 | grad=3.25e-01 | 1.0s
[   389] loss=-0.7356 | res=1.13e-04 | grad=1.99e-01 | 1.0s
[   390] loss=-0.7245 | res=4.33e-04 | grad=1.15e-01 | 1.0s
[   391] loss=-0.7840 | res=1.65e-04 | grad=4.36e-01 | 1.0s
[   392] loss=-0.8867 | res=1.26e-04 | grad=6.90e-01 | 1.0s
[   393] loss=-0.8411 | res=7.75e-05 | grad=2.88e-01 | 1.0s
[   394] loss=-0.8628 | res=2.76e-05 | grad=4.53e-01 | 1.0s
[   395] loss=-0.8765 | res=3.24e-04 | grad=2.05e-01 | 1.0s
[   396] loss=-0.7647 | res=6.34e-05 | grad=3.76e-01 | 1.0s
[   397] loss=-0.7111 | res=1.32e-04 | grad=5.29e-01 | 1.0s
[   398] loss=-0.8087 | res=1.69e-04 | grad=3.90e-01 | 1.0s
[   399] loss=-0.7772 | res=5.11e-05 | grad=2.24e-01 | 1.0s
[   400] loss=-0.8728 | res=1.28e-04 | grad=2.10e-01 | 1.0s
[   401] loss=-0.8263 | res=1.08e-04 | grad=3.99e-01 | 1.0s
[   402] loss=-0.8584 | res=1.33e-04 | grad=3.01e-01 | 1.0s
[   403] loss=-0.7033 | res=2.40e-04 | grad=3.78e-01 | 1.0s
[   404] loss=-0.8431 | res=5.82e-10 | grad=3.75e-01 | 1.0s
[   405] loss=-0.8199 | res=1.57e-04 | grad=4.53e-01 | 1.0s
[   406] loss=-0.8307 | res=1.50e-04 | grad=2.95e-01 | 1.0s
[   407] loss=-0.8363 | res=3.84e-10 | grad=1.34e-01 | 1.0s
[   408] loss=-0.9327 | res=2.34e-11 | grad=5.50e-01 | 1.0s
[   409] loss=-0.8835 | res=9.88e-05 | grad=3.61e-01 | 1.0s
[   410] loss=-0.8282 | res=1.32e-04 | grad=2.40e-01 | 1.0s
[   411] loss=-0.7650 | res=1.14e-04 | grad=4.16e-01 | 1.0s
[   412] loss=-0.8872 | res=1.95e-04 | grad=2.47e-01 | 1.0s
[   413] loss=-0.8389 | res=1.96e-04 | grad=2.34e-01 | 1.1s
[   414] loss=-0.8911 | res=7.57e-05 | grad=1.78e-01 | 1.0s
[   415] loss=-0.8690 | res=1.97e-04 | grad=3.70e-01 | 1.0s
[   416] loss=-0.9188 | res=1.78e-04 | grad=3.16e-01 | 1.0s
[   417] loss=-0.7034 | res=6.69e-05 | grad=9.41e-01 | 1.0s
[   418] loss=-0.8795 | res=2.04e-04 | grad=2.92e-01 | 1.0s
[   419] loss=-0.8664 | res=1.84e-15 | grad=2.51e-01 | 1.1s
[   420] loss=-0.8836 | res=4.82e-11 | grad=2.86e-01 | 1.0s
[   421] loss=-0.8613 | res=2.44e-13 | grad=6.83e-01 | 1.0s
[   422] loss=-0.9547 | res=2.51e-04 | grad=4.45e-01 | 1.0s
[   423] loss=-0.8376 | res=4.82e-09 | grad=4.44e-01 | 1.0s
[   424] loss=-0.8973 | res=2.86e-04 | grad=1.96e-01 | 1.0s
[   425] loss=-0.8228 | res=1.02e-04 | grad=4.25e-01 | 1.0s
[   426] loss=-0.8199 | res=1.38e-04 | grad=3.71e-01 | 1.0s
[   427] loss=-0.8549 | res=3.92e-04 | grad=2.15e-01 | 1.0s
[   428] loss=-0.9441 | res=5.64e-09 | grad=1.02e-01 | 1.0s
[   429] loss=-0.9552 | res=8.56e-05 | grad=5.37e-01 | 1.0s
[   430] loss=-0.7607 | res=1.86e-15 | grad=6.20e-01 | 1.0s
[   431] loss=-0.8221 | res=1.70e-04 | grad=5.14e-01 | 1.0s
[   432] loss=-0.7802 | res=2.50e-05 | grad=1.76e-01 | 1.0s
[   433] loss=-0.8138 | res=1.53e-04 | grad=2.50e-01 | 1.1s
[   434] loss=-0.8653 | res=3.62e-04 | grad=3.88e-01 | 1.1s
[   435] loss=-0.8659 | res=3.65e-04 | grad=4.15e-01 | 1.0s
[   436] loss=-0.7635 | res=5.68e-05 | grad=2.01e-01 | 1.0s
[   437] loss=-0.8772 | res=3.44e-04 | grad=4.30e-01 | 1.0s
[   438] loss=-0.8252 | res=7.85e-05 | grad=1.49e-01 | 1.1s
[   439] loss=-0.7995 | res=2.99e-04 | grad=1.85e-01 | 1.0s
[   440] loss=-0.8210 | res=2.20e-15 | grad=2.15e-01 | 1.1s
[   441] loss=-0.8283 | res=9.88e-05 | grad=1.53e-01 | 1.1s
[   442] loss=-0.8530 | res=2.12e-04 | grad=3.51e-01 | 1.1s
[   443] loss=-0.8778 | res=1.88e-04 | grad=2.47e-01 | 1.0s
[   444] loss=-0.8666 | res=4.21e-04 | grad=1.84e-01 | 1.0s
[   445] loss=-0.9193 | res=5.81e-05 | grad=3.87e-01 | 1.1s
[   446] loss=-0.8131 | res=1.48e-11 | grad=3.10e-01 | 1.1s
[   447] loss=-0.8409 | res=5.03e-05 | grad=2.20e-01 | 1.0s
[   448] loss=-0.7528 | res=2.10e-04 | grad=8.29e-01 | 0.9s
[   449] loss=-0.8710 | res=6.22e-05 | grad=2.34e-01 | 0.9s
[   450] loss=-0.8105 | res=1.92e-04 | grad=6.06e-01 | 0.9s
[   451] loss=-0.8177 | res=2.33e-04 | grad=1.41e-01 | 0.9s
[   452] loss=-0.8092 | res=4.09e-04 | grad=1.81e-01 | 0.9s
[   453] loss=-0.8592 | res=2.59e-04 | grad=3.02e-01 | 1.0s
[   454] loss=-0.7924 | res=2.78e-04 | grad=2.09e-01 | 0.9s
[   455] loss=-0.8245 | res=1.68e-04 | grad=3.41e-01 | 0.9s
[   456] loss=-0.7372 | res=3.05e-04 | grad=1.54e-01 | 0.9s
[   457] loss=-0.8106 | res=1.56e-04 | grad=5.26e-01 | 0.9s
[   458] loss=-0.8778 | res=9.66e-05 | grad=7.34e-01 | 0.9s
[   459] loss=-0.8342 | res=2.52e-04 | grad=2.51e-01 | 0.9s
[   460] loss=-0.7582 | res=5.97e-09 | grad=3.80e-01 | 0.9s
[   461] loss=-0.8554 | res=1.10e-04 | grad=1.92e-01 | 0.9s
[   462] loss=-0.7962 | res=3.14e-04 | grad=2.10e-01 | 0.9s
[   463] loss=-0.8491 | res=3.66e-04 | grad=7.97e-02 | 0.9s
[   464] loss=-0.8227 | res=1.49e-04 | grad=4.21e-01 | 0.9s
[   465] loss=-0.9461 | res=2.46e-04 | grad=3.52e-01 | 0.9s
[   466] loss=-0.8012 | res=5.78e-09 | grad=4.71e-01 | 1.1s
[   467] loss=-0.7981 | res=1.77e-04 | grad=4.71e-01 | 1.0s
[   468] loss=-0.7568 | res=1.83e-15 | grad=5.08e-01 | 1.0s
[   469] loss=-0.8420 | res=7.95e-05 | grad=1.18e-01 | 1.0s
[   470] loss=-0.8488 | res=1.22e-05 | grad=1.64e-01 | 1.1s
[   471] loss=-0.8184 | res=1.49e-15 | grad=1.19e-01 | 1.1s
[   472] loss=-0.8170 | res=3.28e-04 | grad=3.56e-01 | 1.0s
[   473] loss=-0.8042 | res=1.54e-04 | grad=2.24e-01 | 1.0s
[   474] loss=-0.8480 | res=1.30e-04 | grad=6.61e-01 | 1.0s
[   475] loss=-0.8248 | res=2.57e-09 | grad=5.34e-01 | 1.0s
[   476] loss=-0.8102 | res=1.61e-04 | grad=5.05e-01 | 1.0s
[   477] loss=-0.7917 | res=1.51e-04 | grad=2.10e-01 | 1.0s
[   478] loss=-0.8400 | res=5.95e-05 | grad=4.84e-01 | 1.0s
[   479] loss=-0.9739 | res=1.60e-04 | grad=6.68e-01 | 1.0s
[   480] loss=-0.8738 | res=2.44e-04 | grad=4.01e-01 | 1.0s
[   481] loss=-0.8165 | res=2.79e-09 | grad=3.94e-01 | 1.1s
[   482] loss=-0.7388 | res=2.49e-09 | grad=7.48e-01 | 1.0s
[   483] loss=-0.8515 | res=9.94e-09 | grad=4.02e-01 | 1.0s
[   484] loss=-0.8168 | res=4.09e-04 | grad=3.61e-01 | 1.0s
[   485] loss=-0.8771 | res=1.53e-15 | grad=2.67e-01 | 1.0s
[   486] loss=-0.8035 | res=3.21e-09 | grad=2.61e-01 | 1.1s
[   487] loss=-0.8579 | res=1.51e-04 | grad=2.55e-01 | 1.0s
[   488] loss=-0.7839 | res=4.87e-10 | grad=1.71e-01 | 1.0s
[   489] loss=-0.8465 | res=7.12e-05 | grad=1.49e-01 | 1.1s
[   490] loss=-0.8792 | res=6.29e-05 | grad=7.03e-01 | 1.1s
[   491] loss=-0.8508 | res=9.54e-09 | grad=3.95e-01 | 1.0s
[   492] loss=-0.8680 | res=9.51e-05 | grad=4.92e-01 | 1.0s
[   493] loss=-0.9257 | res=9.02e-09 | grad=4.11e-01 | 1.0s
[   494] loss=-0.8356 | res=5.90e-05 | grad=3.20e-01 | 1.0s
[   495] loss=-0.8629 | res=2.13e-04 | grad=1.37e-01 | 1.0s
[   496] loss=-0.8242 | res=1.07e-04 | grad=2.62e-01 | 1.1s
[   497] loss=-0.8946 | res=7.58e-09 | grad=3.59e-01 | 1.1s
[   498] loss=-0.8437 | res=2.81e-04 | grad=4.84e-01 | 1.0s
[   499] loss=-0.8093 | res=5.86e-05 | grad=6.64e-01 | 1.0s
[   500] loss=-0.8024 | res=1.43e-04 | grad=5.73e-01 | 1.0s
[   501] loss=-0.7597 | res=1.72e-04 | grad=5.21e-01 | 1.0s
[   502] loss=-0.7761 | res=8.17e-09 | grad=3.90e-01 | 1.1s
[   503] loss=-0.7934 | res=2.71e-05 | grad=2.58e-01 | 1.0s
[   504] loss=-0.8035 | res=6.11e-05 | grad=3.96e-01 | 1.0s
[   505] loss=-0.8379 | res=1.74e-04 | grad=5.13e-01 | 1.0s
[   506] loss=-0.8550 | res=2.11e-04 | grad=7.48e-01 | 1.0s
[   507] loss=-0.8033 | res=5.47e-05 | grad=7.28e-01 | 1.1s
[   508] loss=-0.8483 | res=1.09e-04 | grad=7.55e-01 | 1.1s
[   509] loss=-0.7553 | res=3.91e-10 | grad=1.15e-01 | 1.1s
[   510] loss=-0.7974 | res=2.95e-04 | grad=1.93e-01 | 1.0s
[   511] loss=-0.8125 | res=1.78e-04 | grad=1.99e-01 | 1.0s
[   512] loss=-0.8124 | res=2.79e-04 | grad=2.42e-01 | 1.0s
[   513] loss=-0.8928 | res=6.07e-05 | grad=4.05e-01 | 1.1s
[   514] loss=-0.7703 | res=2.24e-04 | grad=7.41e-01 | 1.1s
[   515] loss=-0.8949 | res=9.47e-05 | grad=8.84e-02 | 1.0s
[   516] loss=-0.7483 | res=1.60e-15 | grad=6.42e-01 | 1.1s
[   517] loss=-0.8410 | res=1.25e-08 | grad=2.86e-01 | 1.1s
[   518] loss=-0.8611 | res=2.05e-04 | grad=1.60e-01 | 1.0s
[   519] loss=-0.8158 | res=1.95e-04 | grad=5.00e-01 | 1.0s
[   520] loss=-0.7999 | res=9.64e-14 | grad=2.99e-01 | 1.0s
[   521] loss=-0.7947 | res=1.33e-09 | grad=2.64e-01 | 1.0s
[   522] loss=-0.8433 | res=1.58e-04 | grad=3.43e-01 | 1.0s
[   523] loss=-0.8299 | res=1.31e-15 | grad=3.42e-01 | 1.0s
[   524] loss=-0.8515 | res=1.39e-04 | grad=4.35e-01 | 1.0s
[   525] loss=-0.7838 | res=3.37e-04 | grad=2.83e-01 | 1.1s
[   526] loss=-0.9262 | res=4.74e-14 | grad=7.42e-01 | 1.0s
[   527] loss=-0.8275 | res=1.88e-04 | grad=2.09e-01 | 1.0s
[   528] loss=-0.8319 | res=1.66e-14 | grad=1.35e-01 | 1.0s
[   529] loss=-0.8110 | res=1.27e-04 | grad=1.59e-01 | 1.1s
[   530] loss=-0.8339 | res=1.87e-04 | grad=1.60e-01 | 1.0s
[   531] loss=-0.7696 | res=2.55e-04 | grad=5.01e-01 | 1.0s
[   532] loss=-0.7293 | res=1.06e-04 | grad=5.58e-01 | 1.0s
[   533] loss=-0.9050 | res=5.74e-05 | grad=2.45e-01 | 1.0s
[   534] loss=-0.8474 | res=1.34e-04 | grad=2.73e-01 | 1.1s
[   535] loss=-0.8159 | res=1.57e-04 | grad=1.90e-01 | 1.0s
[   536] loss=-0.8691 | res=1.82e-04 | grad=1.22e-01 | 1.0s
[   537] loss=-0.8905 | res=2.61e-09 | grad=2.65e-01 | 1.1s
[   538] loss=-0.8579 | res=2.21e-04 | grad=4.42e-01 | 1.1s
[   539] loss=-0.8420 | res=1.98e-04 | grad=2.13e-01 | 1.1s
[   540] loss=-0.8036 | res=6.00e-05 | grad=1.19e-01 | 1.1s
[   541] loss=-0.9633 | res=7.07e-05 | grad=5.44e-01 | 1.1s
[   542] loss=-0.8513 | res=1.31e-04 | grad=1.64e-01 | 1.1s
[   543] loss=-0.9171 | res=2.67e-04 | grad=3.64e-01 | 1.0s
[   544] loss=-0.8347 | res=2.33e-04 | grad=1.37e-01 | 1.1s
[   545] loss=-0.8760 | res=4.96e-04 | grad=4.36e-01 | 1.1s
[   546] loss=-0.8357 | res=1.72e-04 | grad=4.10e-01 | 1.0s
[   547] loss=-0.8493 | res=1.32e-04 | grad=5.38e-01 | 1.0s
[   548] loss=-0.9121 | res=4.65e-04 | grad=2.52e-01 | 1.0s
[   549] loss=-0.8919 | res=1.46e-04 | grad=2.53e-01 | 1.0s
[   550] loss=-0.8396 | res=1.58e-15 | grad=1.90e-01 | 1.0s
[   551] loss=-0.8184 | res=1.45e-15 | grad=1.03e-01 | 1.1s
[   552] loss=-0.8663 | res=3.83e-04 | grad=4.19e-01 | 1.1s
[   553] loss=-0.8275 | res=1.43e-04 | grad=2.76e-01 | 1.1s
[   554] loss=-0.7336 | res=2.35e-04 | grad=3.50e-01 | 1.1s
[   555] loss=-0.7768 | res=6.28e-05 | grad=9.15e-02 | 1.1s
[   556] loss=-0.7987 | res=2.54e-04 | grad=2.60e-01 | 1.0s
[   557] loss=-0.8849 | res=2.28e-04 | grad=5.49e-01 | 1.1s
[   558] loss=-0.8687 | res=3.79e-04 | grad=4.34e-01 | 1.0s
[   559] loss=-0.8008 | res=1.58e-04 | grad=4.79e-02 | 1.0s
[   560] loss=-0.8916 | res=5.38e-05 | grad=3.19e-01 | 1.1s
[   561] loss=-0.7859 | res=5.47e-05 | grad=4.81e-01 | 1.1s
[   562] loss=-0.7871 | res=7.47e-10 | grad=3.79e-01 | 1.0s
[   563] loss=-0.8126 | res=5.53e-05 | grad=5.96e-01 | 1.0s
[   564] loss=-0.7473 | res=4.06e-04 | grad=4.30e-01 | 1.1s
[   565] loss=-0.9058 | res=2.18e-04 | grad=3.68e-01 | 1.1s
[   566] loss=-0.8877 | res=5.67e-05 | grad=1.97e-01 | 1.0s
[   567] loss=-0.8577 | res=1.78e-04 | grad=2.71e-01 | 1.0s
[   568] loss=-0.7688 | res=6.56e-05 | grad=2.61e-01 | 1.1s
[   569] loss=-0.8583 | res=2.25e-04 | grad=3.28e-01 | 1.0s
[   570] loss=-0.8268 | res=6.12e-05 | grad=2.82e-01 | 1.1s
[   571] loss=-0.7978 | res=1.54e-15 | grad=2.14e-01 | 1.0s
[   572] loss=-0.7927 | res=1.13e-09 | grad=1.63e-01 | 1.1s
[   573] loss=-0.7834 | res=1.01e-04 | grad=4.24e-01 | 1.0s
[   574] loss=-0.8741 | res=3.86e-05 | grad=4.10e-01 | 1.1s
[   575] loss=-0.8466 | res=5.10e-05 | grad=2.21e-01 | 1.0s
[   576] loss=-0.7739 | res=1.62e-04 | grad=1.47e-01 | 1.0s
[   577] loss=-0.8517 | res=9.74e-15 | grad=1.77e-01 | 1.1s
[   578] loss=-0.8696 | res=1.95e-04 | grad=2.68e-01 | 1.1s
[   579] loss=-0.7911 | res=2.66e-04 | grad=1.33e-01 | 1.1s
[   580] loss=-0.7765 | res=2.99e-04 | grad=6.95e-02 | 1.0s
[   581] loss=-0.7442 | res=7.05e-09 | grad=1.70e-01 | 1.1s
[   582] loss=-0.8745 | res=2.02e-08 | grad=4.77e-01 | 1.0s
[   583] loss=-0.8971 | res=3.02e-04 | grad=3.15e-01 | 1.1s
[   584] loss=-0.8692 | res=1.17e-04 | grad=1.52e-01 | 1.1s
[   585] loss=-0.8183 | res=1.70e-04 | grad=1.96e-01 | 1.1s
[   586] loss=-0.8039 | res=1.64e-04 | grad=3.47e-01 | 1.1s
[   587] loss=-0.8554 | res=1.38e-04 | grad=4.48e-01 | 1.0s
[   588] loss=-0.9123 | res=3.67e-04 | grad=2.14e-01 | 1.1s
[   589] loss=-0.8781 | res=2.31e-04 | grad=1.04e-01 | 1.1s
[   590] loss=-0.9241 | res=5.55e-04 | grad=1.63e-01 | 1.1s
[   591] loss=-0.8855 | res=3.11e-04 | grad=1.49e-01 | 1.1s
[   592] loss=-0.8996 | res=9.32e-05 | grad=1.68e-01 | 1.1s
[   593] loss=-0.8712 | res=6.87e-09 | grad=3.13e-01 | 1.1s
[   594] loss=-0.8419 | res=5.91e-05 | grad=2.22e-01 | 1.1s
[   595] loss=-0.7618 | res=1.37e-04 | grad=6.60e-01 | 1.0s
[   596] loss=-0.8938 | res=7.10e-05 | grad=5.80e-02 | 1.1s
[   597] loss=-0.9149 | res=1.13e-08 | grad=2.90e-01 | 1.1s
[   598] loss=-0.8652 | res=1.18e-04 | grad=1.05e-01 | 1.1s
[   599] loss=-0.8239 | res=3.47e-15 | grad=1.68e-01 | 1.0s
[   600] loss=-0.8057 | res=3.07e-04 | grad=2.18e-01 | 1.1s
[   601] loss=-0.8542 | res=1.31e-09 | grad=2.93e-01 | 1.1s
[   602] loss=-0.6970 | res=2.68e-09 | grad=4.35e-01 | 1.1s
[   603] loss=-0.8838 | res=1.83e-04 | grad=5.42e-01 | 1.0s
[   604] loss=-0.9374 | res=8.59e-05 | grad=7.75e-01 | 1.0s
[   605] loss=-0.8310 | res=1.16e-04 | grad=4.40e-01 | 1.1s
[   606] loss=-0.9112 | res=5.79e-05 | grad=4.91e-01 | 1.1s
[   607] loss=-0.8286 | res=1.91e-04 | grad=3.60e-01 | 1.0s
[   608] loss=-0.8345 | res=3.06e-04 | grad=5.12e-01 | 1.0s
[   609] loss=-0.7867 | res=1.49e-08 | grad=8.02e-01 | 1.1s
[   610] loss=-0.9479 | res=5.32e-12 | grad=1.58e-01 | 1.1s
[   611] loss=-0.7739 | res=1.79e-15 | grad=6.79e-01 | 1.1s
[   612] loss=-0.8938 | res=6.77e-05 | grad=1.80e-01 | 1.1s
[   613] loss=-0.7758 | res=4.78e-04 | grad=1.43e-01 | 1.1s
[   614] loss=-0.8484 | res=1.31e-09 | grad=1.43e-01 | 1.1s
[   615] loss=-0.8153 | res=5.39e-05 | grad=1.59e-01 | 1.0s
[   616] loss=-0.8057 | res=5.25e-05 | grad=3.39e-01 | 1.1s
[   617] loss=-0.8283 | res=3.42e-04 | grad=3.18e-01 | 1.1s
[   618] loss=-0.7963 | res=1.89e-04 | grad=3.32e-01 | 1.1s
[   619] loss=-0.8238 | res=4.90e-05 | grad=1.35e-01 | 1.1s
[   620] loss=-0.8087 | res=1.44e-15 | grad=2.77e-01 | 1.1s
[   621] loss=-0.7583 | res=2.24e-04 | grad=1.79e-01 | 1.1s
[   622] loss=-0.8384 | res=7.92e-09 | grad=1.42e-01 | 1.1s
[   623] loss=-0.7986 | res=6.13e-10 | grad=2.67e-01 | 1.0s
[   624] loss=-0.8705 | res=2.41e-04 | grad=3.13e-01 | 1.1s
[   625] loss=-0.9220 | res=2.38e-04 | grad=2.04e-01 | 1.0s
[   626] loss=-0.7452 | res=5.13e-04 | grad=4.80e-01 | 1.1s
[   627] loss=-0.8125 | res=3.66e-04 | grad=3.14e-01 | 1.1s
[   628] loss=-0.9142 | res=3.26e-04 | grad=4.12e-01 | 1.0s
[   629] loss=-0.9047 | res=6.48e-05 | grad=3.65e-01 | 1.1s
[   630] loss=-0.7653 | res=1.61e-15 | grad=5.15e-01 | 1.1s
[   631] loss=-0.7628 | res=1.88e-04 | grad=3.48e-01 | 1.0s
[   632] loss=-0.7244 | res=1.46e-15 | grad=2.43e-01 | 1.0s
[   633] loss=-0.8125 | res=3.18e-04 | grad=1.88e-01 | 1.0s
[   634] loss=-0.8229 | res=1.96e-04 | grad=1.66e-01 | 1.0s
[   635] loss=-0.8336 | res=2.48e-04 | grad=3.26e-01 | 1.0s
[   636] loss=-0.8960 | res=4.00e-10 | grad=4.69e-01 | 1.1s
[   637] loss=-0.7502 | res=1.45e-04 | grad=2.94e-01 | 1.1s
[   638] loss=-0.8519 | res=6.39e-05 | grad=2.35e-01 | 1.0s
[   639] loss=-0.8273 | res=3.73e-05 | grad=5.75e-01 | 1.1s
[   640] loss=-0.8531 | res=5.82e-05 | grad=3.27e-01 | 1.1s
[   641] loss=-0.7923 | res=2.45e-04 | grad=1.12e-01 | 1.1s
[   642] loss=-0.7736 | res=1.14e-04 | grad=3.48e-01 | 1.1s
[   643] loss=-0.7923 | res=7.11e-09 | grad=4.13e-01 | 1.1s
[   644] loss=-0.8276 | res=2.84e-09 | grad=1.97e-01 | 1.0s
[   645] loss=-0.7558 | res=9.10e-15 | grad=5.34e-01 | 1.0s
[   646] loss=-0.8061 | res=1.14e-08 | grad=2.66e-01 | 1.0s
[   647] loss=-0.7438 | res=1.22e-04 | grad=3.98e-01 | 1.0s
[   648] loss=-0.8396 | res=5.58e-05 | grad=1.00e-01 | 1.0s
[   649] loss=-0.8649 | res=7.59e-09 | grad=5.38e-01 | 1.0s
[   650] loss=-0.8182 | res=8.44e-09 | grad=2.96e-01 | 1.0s
[   651] loss=-0.8350 | res=1.31e-15 | grad=3.56e-01 | 1.0s
[   652] loss=-0.7522 | res=2.97e-04 | grad=6.22e-02 | 1.0s
[   653] loss=-0.7569 | res=3.03e-09 | grad=1.94e-01 | 1.1s
[   654] loss=-0.8804 | res=1.55e-04 | grad=4.97e-01 | 1.0s
[   655] loss=-0.8107 | res=2.05e-04 | grad=2.02e-01 | 1.0s
[   656] loss=-0.8322 | res=9.45e-05 | grad=1.09e-01 | 1.1s
[   657] loss=-0.8994 | res=9.84e-05 | grad=2.41e-01 | 1.1s
[   658] loss=-0.9044 | res=2.51e-04 | grad=2.45e-01 | 1.0s
[   659] loss=-0.8576 | res=6.33e-05 | grad=1.41e-01 | 1.1s
[   660] loss=-0.8396 | res=1.51e-04 | grad=3.22e-01 | 1.0s
[   661] loss=-0.8738 | res=6.85e-05 | grad=2.75e-01 | 1.1s
[   662] loss=-0.8244 | res=6.88e-05 | grad=2.79e-01 | 1.1s
[   663] loss=-0.7365 | res=2.20e-04 | grad=8.98e-01 | 1.0s
[   664] loss=-0.8089 | res=3.97e-09 | grad=1.89e-01 | 1.0s
[   665] loss=-0.8720 | res=3.80e-04 | grad=2.44e-01 | 1.1s
[   666] loss=-0.8321 | res=2.84e-04 | grad=2.01e-01 | 1.0s
[   667] loss=-0.7944 | res=2.07e-04 | grad=1.31e-01 | 1.1s
[   668] loss=-0.8095 | res=1.74e-13 | grad=3.11e-01 | 1.1s
[   669] loss=-0.8161 | res=2.08e-04 | grad=5.36e-01 | 1.1s
[   670] loss=-0.7282 | res=1.93e-04 | grad=1.13e-01 | 1.1s
[   671] loss=-0.7520 | res=5.93e-05 | grad=3.48e-01 | 1.0s
[   672] loss=-0.8165 | res=7.83e-05 | grad=2.39e-01 | 1.0s
[   673] loss=-0.7812 | res=3.68e-15 | grad=1.91e-01 | 1.1s
[   674] loss=-0.8761 | res=2.99e-04 | grad=6.49e-01 | 1.0s
[   675] loss=-0.9087 | res=2.53e-09 | grad=8.69e-01 | 1.0s
[   676] loss=-0.8414 | res=7.78e-05 | grad=2.79e-01 | 1.1s
[   677] loss=-0.8165 | res=2.53e-04 | grad=3.40e-01 | 1.1s
[   678] loss=-0.7766 | res=3.12e-04 | grad=4.83e-01 | 1.1s
[   679] loss=-0.7769 | res=9.36e-05 | grad=5.44e-01 | 1.1s
[   680] loss=-0.8409 | res=1.93e-04 | grad=5.24e-01 | 1.1s
[   681] loss=-0.8048 | res=1.43e-04 | grad=3.39e-01 | 1.1s
[   682] loss=-0.8478 | res=5.24e-05 | grad=1.45e-01 | 1.1s
[   683] loss=-0.9304 | res=2.21e-04 | grad=3.78e-01 | 1.0s
[   684] loss=-0.7782 | res=2.12e-04 | grad=2.41e-01 | 1.0s
[   685] loss=-0.7101 | res=4.03e-05 | grad=7.05e-01 | 1.1s
[   686] loss=-0.8470 | res=9.93e-05 | grad=2.07e-01 | 1.0s
[   687] loss=-0.8451 | res=3.30e-04 | grad=3.89e-01 | 1.1s
[   688] loss=-0.8188 | res=1.16e-04 | grad=4.35e-01 | 1.0s
[   689] loss=-0.8082 | res=2.39e-04 | grad=3.50e-01 | 1.1s
[   690] loss=-0.9197 | res=2.34e-04 | grad=5.67e-01 | 1.1s
[   691] loss=-0.8788 | res=1.28e-04 | grad=4.92e-01 | 1.0s
[   692] loss=-0.7654 | res=2.97e-04 | grad=2.01e-01 | 1.0s
[   693] loss=-0.8517 | res=2.69e-04 | grad=9.25e-02 | 1.1s
[   694] loss=-0.8257 | res=2.88e-04 | grad=4.13e-01 | 1.1s
[   695] loss=-0.7340 | res=1.54e-15 | grad=6.36e-01 | 1.0s
[   696] loss=-0.8324 | res=3.30e-09 | grad=2.25e-01 | 1.0s
[   697] loss=-0.8333 | res=2.35e-15 | grad=2.81e-01 | 1.1s
[   698] loss=-0.9060 | res=1.60e-15 | grad=2.71e-01 | 1.1s
[   699] loss=-0.9231 | res=1.21e-04 | grad=3.96e-01 | 1.0s
[   700] loss=-0.7432 | res=2.71e-04 | grad=4.95e-01 | 1.0s
[   701] loss=-0.9628 | res=6.16e-05 | grad=6.37e-01 | 1.1s
[   702] loss=-0.8013 | res=5.75e-04 | grad=3.08e-01 | 1.1s
[   703] loss=-0.9148 | res=1.01e-04 | grad=2.83e-01 | 1.0s
[   704] loss=-0.8933 | res=2.84e-04 | grad=1.61e-01 | 1.1s
[   705] loss=-0.9515 | res=2.94e-09 | grad=1.92e-01 | 1.0s
[   706] loss=-0.7825 | res=3.44e-04 | grad=7.71e-01 | 1.1s
[   707] loss=-0.7812 | res=3.69e-04 | grad=5.97e-01 | 1.0s
[   708] loss=-0.7923 | res=3.48e-14 | grad=2.58e-01 | 1.0s
[   709] loss=-0.7671 | res=2.00e-05 | grad=1.48e-01 | 1.0s
[   710] loss=-0.8522 | res=7.51e-05 | grad=2.40e-01 | 1.0s
[   711] loss=-0.8602 | res=4.03e-15 | grad=2.18e-01 | 1.1s
[   712] loss=-0.7920 | res=1.26e-04 | grad=2.00e-01 | 1.1s
[   713] loss=-0.7834 | res=8.98e-05 | grad=1.58e-01 | 1.0s
[   714] loss=-0.7517 | res=9.35e-05 | grad=1.85e-01 | 1.1s
[   715] loss=-0.8944 | res=7.51e-05 | grad=1.13e+00 | 1.1s
[   716] loss=-0.7890 | res=6.03e-05 | grad=2.34e-01 | 1.0s
[   717] loss=-0.7945 | res=3.29e-09 | grad=1.51e-01 | 1.1s
[   718] loss=-0.7745 | res=1.13e-04 | grad=3.52e-01 | 1.1s
[   719] loss=-0.8715 | res=1.66e-04 | grad=1.28e-01 | 1.1s
[   720] loss=-0.8105 | res=4.18e-13 | grad=2.10e-01 | 1.0s
[   721] loss=-0.7379 | res=2.30e-04 | grad=6.38e-01 | 1.0s
[   722] loss=-0.9452 | res=1.92e-15 | grad=2.27e-01 | 1.0s
[   723] loss=-0.8197 | res=5.44e-05 | grad=2.51e-01 | 1.1s
[   724] loss=-0.8768 | res=1.42e-15 | grad=1.57e-01 | 1.1s
[   725] loss=-0.8224 | res=2.20e-04 | grad=1.97e-01 | 1.1s
[   726] loss=-0.7554 | res=1.06e-08 | grad=1.56e-01 | 1.1s
[   727] loss=-0.8319 | res=8.55e-05 | grad=2.00e-01 | 1.0s
[   728] loss=-0.7979 | res=1.31e-04 | grad=1.48e-01 | 1.0s
[   729] loss=-0.7720 | res=1.43e-15 | grad=2.90e-01 | 1.0s
[   730] loss=-0.8129 | res=1.92e-04 | grad=2.48e-01 | 1.0s
[   731] loss=-0.9677 | res=1.16e-04 | grad=1.19e+00 | 1.0s
[   732] loss=-0.8385 | res=1.25e-04 | grad=4.57e-01 | 1.1s
[   733] loss=-0.8673 | res=1.35e-15 | grad=2.97e-01 | 1.0s
[   734] loss=-0.8177 | res=3.93e-04 | grad=1.40e-01 | 1.1s
[   735] loss=-0.8419 | res=9.58e-05 | grad=4.18e-01 | 1.1s
[   736] loss=-0.8726 | res=1.04e-08 | grad=1.98e-01 | 1.0s
[   737] loss=-0.8570 | res=1.53e-04 | grad=4.21e-01 | 1.1s
[   738] loss=-0.9128 | res=4.20e-04 | grad=1.95e-01 | 1.1s
[   739] loss=-0.7681 | res=5.92e-05 | grad=3.71e-01 | 1.0s
[   740] loss=-0.7881 | res=1.82e-10 | grad=6.40e-01 | 1.0s
[   741] loss=-0.9310 | res=6.13e-05 | grad=1.59e-01 | 1.1s
[   742] loss=-0.8016 | res=4.70e-09 | grad=3.45e-01 | 1.0s
[   743] loss=-0.7458 | res=3.26e-04 | grad=2.58e-01 | 1.0s
[   744] loss=-0.7804 | res=1.25e-04 | grad=1.09e-01 | 1.1s
[   745] loss=-0.8319 | res=1.49e-04 | grad=4.54e-01 | 1.1s
[   746] loss=-0.8440 | res=4.45e-05 | grad=4.47e-01 | 1.1s
[   747] loss=-0.8915 | res=8.62e-10 | grad=1.08e+00 | 1.0s
[   748] loss=-0.8814 | res=2.21e-04 | grad=6.42e-01 | 1.1s
[   749] loss=-0.8432 | res=5.43e-09 | grad=1.03e-01 | 1.1s
[   750] loss=-0.9393 | res=2.57e-04 | grad=4.18e-01 | 1.0s
[   751] loss=-0.6620 | res=3.12e-04 | grad=1.26e+00 | 1.0s
[   752] loss=-0.9274 | res=3.29e-05 | grad=7.43e-02 | 1.0s
[   753] loss=-0.8506 | res=2.04e-04 | grad=1.98e-01 | 1.1s
[   754] loss=-0.7639 | res=1.85e-04 | grad=7.15e-01 | 1.0s
[   755] loss=-0.9432 | res=4.61e-04 | grad=4.66e-01 | 1.0s
[   756] loss=-0.7665 | res=8.01e-05 | grad=4.37e-01 | 1.1s
[   757] loss=-0.8725 | res=1.04e-04 | grad=1.36e-01 | 1.1s
[   758] loss=-0.7632 | res=2.15e-04 | grad=3.48e-01 | 1.1s
[   759] loss=-0.7565 | res=1.63e-04 | grad=1.47e-01 | 1.1s
[   760] loss=-0.7880 | res=2.31e-04 | grad=1.54e-01 | 1.1s
[   761] loss=-0.8062 | res=2.24e-04 | grad=2.33e-01 | 1.1s
[   762] loss=-0.7802 | res=9.55e-05 | grad=2.42e-01 | 1.1s
[   763] loss=-0.7952 | res=9.86e-09 | grad=1.43e-01 | 1.1s
[   764] loss=-0.8563 | res=1.14e-04 | grad=6.18e-01 | 1.0s
[   765] loss=-0.8427 | res=5.56e-09 | grad=4.14e-01 | 1.1s
[   766] loss=-0.9704 | res=1.15e-04 | grad=5.88e-01 | 1.1s
[   767] loss=-0.8703 | res=1.18e-09 | grad=2.76e-01 | 1.0s
[   768] loss=-0.8052 | res=2.36e-04 | grad=3.49e-01 | 1.1s
[   769] loss=-0.9197 | res=6.62e-05 | grad=1.19e-01 | 1.0s
[   770] loss=-0.8834 | res=6.76e-09 | grad=1.77e-01 | 1.0s
[   771] loss=-0.8822 | res=4.22e-04 | grad=1.08e-01 | 1.0s
[   772] loss=-0.8437 | res=4.87e-04 | grad=5.32e-01 | 1.0s
[   773] loss=-0.8199 | res=3.26e-04 | grad=5.11e-01 | 1.1s
[   774] loss=-0.7574 | res=4.60e-04 | grad=6.68e-01 | 1.1s
[   775] loss=-0.8566 | res=1.58e-15 | grad=1.95e-01 | 1.1s
[   776] loss=-0.9820 | res=1.42e-15 | grad=5.69e-01 | 1.0s
[   777] loss=-0.8335 | res=2.04e-04 | grad=1.74e-01 | 1.1s
[   778] loss=-0.8693 | res=2.37e-04 | grad=2.21e-01 | 1.0s
[   779] loss=-0.7731 | res=1.54e-09 | grad=3.52e-01 | 1.0s
[   780] loss=-0.9059 | res=1.25e-04 | grad=5.20e-01 | 1.0s
[   781] loss=-0.8625 | res=3.53e-09 | grad=4.11e-01 | 1.1s
[   782] loss=-0.8448 | res=4.61e-05 | grad=2.92e-01 | 1.1s
[   783] loss=-0.8276 | res=1.51e-09 | grad=2.84e-01 | 1.0s
[   784] loss=-0.8543 | res=7.63e-05 | grad=1.21e-01 | 1.0s
[   785] loss=-0.8949 | res=1.77e-09 | grad=2.06e-01 | 1.1s
[   786] loss=-0.7589 | res=1.13e-05 | grad=3.61e-01 | 1.1s
[   787] loss=-0.9203 | res=1.89e-04 | grad=2.36e-01 | 1.0s
[   788] loss=-0.8271 | res=6.81e-05 | grad=4.54e-01 | 1.0s
[   789] loss=-0.9311 | res=1.79e-04 | grad=2.26e-01 | 1.0s
[   790] loss=-0.7845 | res=2.58e-04 | grad=3.44e-01 | 1.0s
[   791] loss=-0.8310 | res=3.11e-04 | grad=7.05e-01 | 1.1s
[   792] loss=-0.8994 | res=1.93e-09 | grad=9.66e-02 | 1.1s
[   793] loss=-0.8363 | res=3.73e-04 | grad=1.03e-01 | 1.1s
[   794] loss=-0.8677 | res=1.47e-10 | grad=3.33e-01 | 1.0s
[   795] loss=-0.8111 | res=3.29e-09 | grad=1.77e-01 | 1.1s
[   796] loss=-0.8466 | res=6.46e-05 | grad=1.79e-01 | 1.0s
[   797] loss=-0.7900 | res=4.85e-10 | grad=1.39e-01 | 1.1s
[   798] loss=-0.7960 | res=2.01e-04 | grad=2.16e-01 | 1.0s
[   799] loss=-0.9257 | res=1.79e-04 | grad=6.59e-01 | 1.0s
[   800] loss=-0.7747 | res=1.75e-04 | grad=1.31e-01 | 1.0s
[   801] loss=-0.7768 | res=1.24e-04 | grad=2.42e-01 | 1.1s
[   802] loss=-0.8885 | res=2.59e-04 | grad=5.58e-01 | 1.1s
[   803] loss=-0.9277 | res=4.71e-07 | grad=6.25e-01 | 1.0s
[   804] loss=-0.7662 | res=6.30e-09 | grad=3.31e-01 | 1.0s
[   805] loss=-0.8372 | res=1.28e-04 | grad=3.32e-01 | 1.1s
[   806] loss=-0.7792 | res=6.77e-05 | grad=4.78e-01 | 1.1s
[   807] loss=-0.8144 | res=1.02e-08 | grad=4.21e-01 | 1.1s
[   808] loss=-0.8015 | res=6.18e-05 | grad=3.76e-01 | 1.0s
[   809] loss=-0.7472 | res=3.65e-09 | grad=2.26e-01 | 1.1s
[   810] loss=-0.8534 | res=4.50e-06 | grad=2.11e-01 | 1.1s
[   811] loss=-0.8326 | res=1.30e-04 | grad=2.71e-01 | 1.1s
[   812] loss=-0.7697 | res=5.58e-05 | grad=3.15e-01 | 1.1s
[   813] loss=-0.8446 | res=1.31e-15 | grad=4.95e-01 | 1.1s
[   814] loss=-0.8141 | res=5.53e-05 | grad=3.92e-01 | 1.1s
[   815] loss=-0.8550 | res=4.50e-05 | grad=5.20e-01 | 1.1s
[   816] loss=-0.8832 | res=1.58e-04 | grad=5.75e-01 | 1.0s
[   817] loss=-0.7671 | res=1.54e-15 | grad=6.36e-01 | 1.1s
[   818] loss=-0.7883 | res=1.57e-15 | grad=4.95e-01 | 1.1s
[   819] loss=-0.7221 | res=4.31e-04 | grad=5.94e-01 | 1.1s
[   820] loss=-0.8764 | res=2.08e-04 | grad=1.21e-01 | 1.0s
[   821] loss=-0.7512 | res=3.47e-09 | grad=3.73e-01 | 1.1s
[   822] loss=-0.9350 | res=1.29e-04 | grad=4.82e-01 | 1.1s
[   823] loss=-0.8637 | res=1.65e-15 | grad=1.47e-01 | 1.1s
[   824] loss=-0.9111 | res=8.05e-05 | grad=2.10e-01 | 1.1s
[   825] loss=-0.8339 | res=5.18e-05 | grad=5.90e-01 | 1.1s
[   826] loss=-0.8078 | res=7.15e-05 | grad=1.40e-01 | 1.1s
[   827] loss=-0.8547 | res=9.64e-05 | grad=3.62e-01 | 1.1s
[   828] loss=-0.8338 | res=2.00e-04 | grad=2.58e-01 | 1.1s
[   829] loss=-0.8388 | res=3.61e-09 | grad=2.25e-01 | 1.1s
[   830] loss=-0.8052 | res=1.61e-09 | grad=1.67e-01 | 1.1s
[   831] loss=-0.7718 | res=6.05e-05 | grad=1.63e-01 | 1.1s
[   832] loss=-0.8881 | res=1.43e-04 | grad=5.72e-01 | 1.0s
[   833] loss=-0.8522 | res=5.68e-05 | grad=3.50e-01 | 1.1s
[   834] loss=-0.7718 | res=1.77e-04 | grad=2.70e-01 | 1.1s
[   835] loss=-0.8715 | res=1.26e-15 | grad=2.99e-01 | 1.1s
[   836] loss=-0.8526 | res=1.71e-04 | grad=5.93e-01 | 1.0s
[   837] loss=-0.7621 | res=6.92e-05 | grad=5.45e-01 | 1.1s
[   838] loss=-0.8637 | res=2.14e-04 | grad=1.70e-01 | 1.0s
[   839] loss=-0.8745 | res=6.61e-10 | grad=1.10e-01 | 1.0s
[   840] loss=-0.8783 | res=2.26e-04 | grad=1.36e-01 | 1.1s
[   841] loss=-0.7132 | res=2.08e-04 | grad=4.02e-01 | 1.1s
[   842] loss=-0.7742 | res=2.27e-04 | grad=8.76e-02 | 1.1s
[   843] loss=-0.8798 | res=3.32e-05 | grad=5.84e-01 | 1.0s
[   844] loss=-0.7756 | res=2.54e-11 | grad=2.24e-01 | 1.1s
[   845] loss=-0.7891 | res=6.40e-05 | grad=3.06e-01 | 1.1s
[   846] loss=-0.8734 | res=5.03e-05 | grad=2.99e-01 | 1.1s
[   847] loss=-0.9134 | res=1.02e-04 | grad=5.94e-01 | 1.0s
[   848] loss=-0.8403 | res=4.99e-05 | grad=2.73e-01 | 1.1s
[   849] loss=-0.8597 | res=1.33e-04 | grad=1.17e-01 | 1.0s
[   850] loss=-0.9235 | res=8.03e-05 | grad=3.16e-01 | 1.1s
[   851] loss=-0.7989 | res=5.83e-05 | grad=4.57e-01 | 1.0s
[   852] loss=-0.8138 | res=3.34e-09 | grad=2.65e-01 | 1.0s
[   853] loss=-0.7563 | res=2.37e-10 | grad=7.86e-01 | 1.1s
[   854] loss=-0.8242 | res=1.50e-04 | grad=3.03e-01 | 1.1s
[   855] loss=-0.8157 | res=4.24e-09 | grad=2.03e-01 | 1.1s
[   856] loss=-0.8213 | res=2.34e-04 | grad=3.55e-01 | 1.1s
[   857] loss=-0.8032 | res=4.91e-06 | grad=7.87e-02 | 1.1s
[   858] loss=-0.7824 | res=1.43e-15 | grad=1.92e-01 | 1.1s
[   859] loss=-0.8935 | res=5.74e-05 | grad=6.91e-01 | 1.1s
[   860] loss=-0.7985 | res=3.15e-04 | grad=1.80e-01 | 1.0s
[   861] loss=-0.8491 | res=1.18e-15 | grad=6.27e-01 | 1.1s
[   862] loss=-0.7400 | res=3.59e-04 | grad=1.97e-01 | 1.1s
[   863] loss=-0.8848 | res=1.28e-04 | grad=7.99e-01 | 1.1s
[   864] loss=-0.8381 | res=1.12e-04 | grad=2.39e-01 | 1.1s
[   865] loss=-0.8647 | res=1.54e-04 | grad=1.24e-01 | 1.1s
[   866] loss=-0.8391 | res=5.69e-05 | grad=4.78e-01 | 1.1s
[   867] loss=-0.8349 | res=9.89e-05 | grad=3.60e-01 | 1.1s
[   868] loss=-0.8596 | res=1.83e-04 | grad=1.88e-01 | 1.1s
[   869] loss=-0.8011 | res=5.60e-04 | grad=4.96e-01 | 1.1s
[   870] loss=-0.8036 | res=1.14e-04 | grad=4.81e-01 | 1.1s
[   871] loss=-0.8874 | res=6.11e-05 | grad=2.05e-01 | 1.0s
[   872] loss=-0.8939 | res=1.85e-04 | grad=1.78e-01 | 1.0s
[   873] loss=-0.9414 | res=6.40e-09 | grad=1.81e-01 | 1.1s
[   874] loss=-0.8444 | res=1.95e-04 | grad=2.43e-01 | 1.1s
[   875] loss=-0.8392 | res=2.11e-04 | grad=1.14e-01 | 1.1s
[   876] loss=-0.7664 | res=6.22e-05 | grad=2.63e-01 | 1.0s
[   877] loss=-0.8459 | res=1.57e-15 | grad=2.50e-01 | 1.2s
[   878] loss=-0.8653 | res=7.20e-05 | grad=3.75e-01 | 1.1s
[   879] loss=-0.9412 | res=1.43e-04 | grad=8.35e-01 | 1.0s
[   880] loss=-0.8058 | res=1.01e-04 | grad=2.11e-01 | 1.1s
[   881] loss=-0.8303 | res=4.20e-04 | grad=2.17e-01 | 1.1s
[   882] loss=-0.8612 | res=1.49e-15 | grad=2.41e-01 | 1.1s
[   883] loss=-0.8273 | res=5.99e-05 | grad=4.20e-01 | 1.0s
[   884] loss=-0.9007 | res=9.23e-05 | grad=1.79e-01 | 1.0s
[   885] loss=-0.7869 | res=1.00e-08 | grad=5.72e-01 | 1.1s
[   886] loss=-0.8990 | res=5.31e-05 | grad=3.15e-01 | 1.1s
[   887] loss=-0.8130 | res=1.09e-04 | grad=3.38e-01 | 1.1s
[   888] loss=-0.8481 | res=5.85e-05 | grad=1.54e-01 | 1.1s
[   889] loss=-0.9609 | res=1.00e-04 | grad=7.94e-01 | 1.1s
[   890] loss=-0.8197 | res=4.54e-10 | grad=9.45e-02 | 1.1s
[   891] loss=-0.8875 | res=4.69e-04 | grad=4.11e-01 | 1.1s
[   892] loss=-0.7731 | res=3.40e-09 | grad=1.85e-01 | 1.1s
[   893] loss=-0.8789 | res=5.88e-05 | grad=2.76e-01 | 1.1s
[   894] loss=-0.9360 | res=7.89e-05 | grad=3.76e-01 | 1.1s
[   895] loss=-0.9305 | res=9.57e-05 | grad=1.79e-01 | 1.1s
[   896] loss=-0.8069 | res=3.61e-04 | grad=3.65e-01 | 1.1s
[   897] loss=-0.8363 | res=1.87e-04 | grad=6.19e-01 | 1.0s
[   898] loss=-0.8391 | res=6.50e-04 | grad=3.97e-01 | 1.1s
[   899] loss=-0.8258 | res=3.00e-04 | grad=6.24e-01 | 1.1s
[   900] loss=-0.8856 | res=1.36e-04 | grad=2.65e-01 | 1.1s
[   901] loss=-0.8725 | res=1.17e-09 | grad=1.06e-01 | 1.1s
[   902] loss=-0.8041 | res=1.59e-15 | grad=2.24e-01 | 1.1s
[   903] loss=-0.8555 | res=1.37e-15 | grad=3.94e-01 | 1.0s
[   904] loss=-0.8076 | res=1.53e-04 | grad=5.07e-01 | 1.1s
[   905] loss=-0.7392 | res=5.44e-05 | grad=1.49e-01 | 1.1s
[   906] loss=-0.7797 | res=2.21e-04 | grad=2.86e-01 | 1.1s
[   907] loss=-0.8780 | res=1.09e-15 | grad=8.88e-01 | 1.1s
[   908] loss=-0.8913 | res=1.50e-04 | grad=5.85e-01 | 1.1s
[   909] loss=-0.8522 | res=1.04e-04 | grad=1.57e-01 | 1.1s
[   910] loss=-0.8424 | res=7.48e-05 | grad=1.55e-01 | 1.1s
[   911] loss=-0.8929 | res=1.91e-14 | grad=2.42e-01 | 1.1s
[   912] loss=-0.8604 | res=3.25e-04 | grad=2.87e-01 | 1.1s
[   913] loss=-0.8684 | res=1.28e-04 | grad=6.43e-01 | 1.1s
[   914] loss=-0.8951 | res=2.15e-04 | grad=9.07e-02 | 1.1s
[   915] loss=-0.8570 | res=1.13e-04 | grad=5.62e-01 | 1.1s
[   916] loss=-0.8525 | res=1.67e-15 | grad=5.27e-01 | 1.1s
[   917] loss=-0.8096 | res=3.38e-11 | grad=3.33e-01 | 1.1s
[   918] loss=-0.7696 | res=3.53e-04 | grad=6.24e-01 | 1.1s
[   919] loss=-0.8628 | res=1.38e-15 | grad=2.44e-01 | 1.1s
[   920] loss=-0.8126 | res=1.21e-15 | grad=3.02e-01 | 1.1s
[   921] loss=-0.8521 | res=4.14e-04 | grad=8.21e-01 | 1.1s
[   922] loss=-0.8283 | res=6.09e-05 | grad=5.81e-01 | 1.0s
[   923] loss=-0.7988 | res=2.60e-04 | grad=5.46e-01 | 1.1s
[   924] loss=-0.7681 | res=1.06e-04 | grad=9.83e-02 | 1.1s
[   925] loss=-0.9101 | res=6.94e-09 | grad=4.61e-01 | 1.1s
[   926] loss=-0.7988 | res=3.61e-04 | grad=9.52e-02 | 1.1s
[   927] loss=-0.8353 | res=1.35e-04 | grad=3.32e-01 | 1.0s
[   928] loss=-0.8672 | res=1.34e-04 | grad=3.55e-01 | 1.1s
[   929] loss=-0.7897 | res=1.63e-15 | grad=4.69e-01 | 1.1s
[   930] loss=-0.8036 | res=3.93e-09 | grad=3.60e-01 | 1.1s
[   931] loss=-0.7976 | res=1.37e-04 | grad=5.03e-01 | 1.1s
[   932] loss=-0.7850 | res=5.39e-05 | grad=2.22e-01 | 1.1s
[   933] loss=-0.8056 | res=9.37e-05 | grad=2.10e-01 | 1.1s
[   934] loss=-0.7869 | res=5.09e-05 | grad=9.87e-02 | 1.1s
[   935] loss=-0.8868 | res=5.90e-05 | grad=6.00e-01 | 1.1s
[   936] loss=-0.7903 | res=2.37e-04 | grad=5.22e-01 | 1.1s
[   937] loss=-0.7610 | res=2.32e-04 | grad=1.24e-01 | 1.1s
[   938] loss=-0.8455 | res=1.88e-04 | grad=4.80e-01 | 1.0s
[   939] loss=-0.8401 | res=1.44e-04 | grad=4.00e-01 | 1.1s
[   940] loss=-0.8430 | res=1.58e-04 | grad=2.72e-01 | 1.1s
[   941] loss=-0.8760 | res=1.76e-04 | grad=1.84e-01 | 1.1s
[   942] loss=-0.8705 | res=2.35e-15 | grad=2.05e-01 | 1.1s
[   943] loss=-0.8109 | res=3.10e-04 | grad=5.24e-01 | 1.0s
[   944] loss=-0.7585 | res=1.20e-04 | grad=6.64e-01 | 1.0s
[   945] loss=-0.9327 | res=2.33e-04 | grad=1.99e-01 | 1.1s
[   946] loss=-0.7740 | res=7.39e-05 | grad=4.75e-01 | 1.1s
[   947] loss=-0.6537 | res=1.33e-04 | grad=9.33e-01 | 1.0s
[   948] loss=-0.7931 | res=1.34e-15 | grad=1.81e-01 | 1.1s
[   949] loss=-0.8905 | res=3.33e-04 | grad=4.42e-01 | 1.1s
[   950] loss=-0.9342 | res=7.35e-05 | grad=9.29e-01 | 1.1s
[   951] loss=-0.8107 | res=2.35e-04 | grad=5.15e-01 | 1.1s
[   952] loss=-0.8646 | res=1.09e-04 | grad=5.54e-01 | 1.1s
[   953] loss=-0.9055 | res=6.62e-05 | grad=3.93e-01 | 1.1s
[   954] loss=-0.7214 | res=8.04e-05 | grad=8.09e-01 | 1.1s
[   955] loss=-0.8320 | res=3.57e-09 | grad=3.84e-01 | 1.0s
[   956] loss=-0.7928 | res=6.79e-05 | grad=4.63e-01 | 1.0s
[   957] loss=-0.8540 | res=5.46e-05 | grad=1.36e-01 | 1.1s
[   958] loss=-0.8867 | res=4.53e-09 | grad=3.26e-01 | 1.1s
[   959] loss=-0.8399 | res=3.27e-04 | grad=1.21e-01 | 1.1s
[   960] loss=-0.8162 | res=1.11e-04 | grad=4.93e-01 | 1.0s
[   961] loss=-0.8118 | res=1.61e-04 | grad=2.36e-01 | 1.1s
[   962] loss=-0.7771 | res=4.20e-04 | grad=1.84e-01 | 1.1s
[   963] loss=-0.8278 | res=1.77e-09 | grad=2.88e-01 | 1.0s
[   964] loss=-0.7777 | res=5.85e-05 | grad=2.59e-01 | 1.1s
[   965] loss=-0.7747 | res=9.06e-10 | grad=3.95e-01 | 1.1s
[   966] loss=-0.8390 | res=1.80e-04 | grad=2.73e-01 | 1.1s
[   967] loss=-0.9340 | res=3.53e-04 | grad=6.32e-01 | 1.0s
[   968] loss=-0.7689 | res=1.33e-04 | grad=8.41e-02 | 1.1s
[   969] loss=-0.7999 | res=3.37e-04 | grad=7.54e-02 | 1.1s
[   970] loss=-0.8611 | res=2.79e-04 | grad=2.92e-01 | 1.1s
[   971] loss=-0.8459 | res=1.38e-04 | grad=2.32e-01 | 1.1s
[   972] loss=-0.8127 | res=5.41e-09 | grad=1.76e-01 | 1.1s
[   973] loss=-0.9227 | res=1.37e-04 | grad=1.58e-01 | 1.1s
[   974] loss=-0.8962 | res=3.43e-04 | grad=1.74e-01 | 1.0s
[   975] loss=-0.8258 | res=2.25e-04 | grad=3.62e-01 | 1.1s
[   976] loss=-0.7998 | res=1.25e-09 | grad=5.89e-01 | 1.1s
[   977] loss=-0.7076 | res=1.01e-04 | grad=6.79e-01 | 1.1s
[   978] loss=-0.7683 | res=3.62e-04 | grad=6.40e-01 | 1.1s
[   979] loss=-0.8234 | res=1.40e-04 | grad=8.51e-02 | 1.1s
[   980] loss=-0.7944 | res=9.34e-05 | grad=3.24e-01 | 1.1s
[   981] loss=-0.8865 | res=9.09e-05 | grad=6.77e-01 | 1.1s
[   982] loss=-0.7776 | res=1.32e-04 | grad=4.05e-01 | 1.1s
[   983] loss=-0.7882 | res=1.31e-04 | grad=4.47e-01 | 1.1s
[   984] loss=-0.8716 | res=3.33e-09 | grad=6.65e-01 | 1.1s
[   985] loss=-0.7550 | res=3.57e-04 | grad=1.32e-01 | 1.1s
[   986] loss=-0.8297 | res=6.10e-05 | grad=1.52e-01 | 1.1s
[   987] loss=-0.7751 | res=1.98e-04 | grad=3.75e-01 | 1.1s
[   988] loss=-1.0159 | res=2.11e-04 | grad=5.76e-01 | 1.1s
[   989] loss=-0.8196 | res=1.67e-15 | grad=6.62e-01 | 1.1s
[   990] loss=-0.8577 | res=1.61e-04 | grad=3.06e-01 | 1.1s
[   991] loss=-0.7998 | res=1.30e-15 | grad=3.29e-01 | 1.1s
[   992] loss=-0.8494 | res=1.42e-04 | grad=2.84e-01 | 1.1s
[   993] loss=-0.8444 | res=1.96e-15 | grad=1.31e-01 | 1.1s
[   994] loss=-0.8600 | res=1.77e-04 | grad=2.42e-01 | 1.1s
[   995] loss=-0.8651 | res=1.11e-04 | grad=1.11e-01 | 1.1s
[   996] loss=-0.8124 | res=1.99e-04 | grad=1.45e-01 | 1.0s
[   997] loss=-0.8690 | res=7.04e-09 | grad=3.11e-01 | 1.1s
[   998] loss=-0.7580 | res=2.97e-04 | grad=2.40e-01 | 1.1s
[   999] loss=-0.8108 | res=2.89e-04 | grad=3.06e-01 | 1.1s
[  1000] loss=-0.7990 | res=2.88e-04 | grad=3.48e-01 | 1.1s
    KL = 0.0304
    ESS ratio = 0.964
    Runtime = 1026.7s

  --- Run 3/5 (seed=34567) ---
/home/sjbhatt/anaconda3/envs/rcpms-jax/lib/python3.10/site-packages/jax/_src/ops/scatter.py:92: FutureWarning: scatter inputs have incompatible types: cannot safely cast value from dtype=int64 to dtype=int32 with jax_numpy_dtype_promotion='standard'. In future JAX releases this will result in an error.
  warnings.warn(
/home/sjbhatt/anaconda3/envs/rcpms-jax/lib/python3.10/site-packages/jax/_src/ops/scatter.py:92: FutureWarning: scatter inputs have incompatible types: cannot safely cast value from dtype=int64 to dtype=int32 with jax_numpy_dtype_promotion='standard'. In future JAX releases this will result in an error.
  warnings.warn(
[     1] loss=-0.1130 | res=1.26e-04 | grad=5.67e+00 | 3.4s
[     2] loss=-0.2514 | res=4.51e-16 | grad=5.44e+00 | 1.0s
[     3] loss=-0.3588 | res=1.11e-04 | grad=5.01e+00 | 1.0s
[     4] loss=-0.4812 | res=3.97e-05 | grad=4.67e+00 | 1.0s
[     5] loss=-0.5753 | res=2.25e-04 | grad=4.34e+00 | 1.0s
[     6] loss=-0.6618 | res=4.90e-04 | grad=3.75e+00 | 1.0s
[     7] loss=-0.7933 | res=2.63e-04 | grad=3.54e+00 | 1.0s
[     8] loss=-0.7880 | res=1.01e-04 | grad=2.37e+00 | 1.1s
[     9] loss=-0.7704 | res=1.80e-08 | grad=1.46e+00 | 1.1s
[    10] loss=-0.8328 | res=6.26e-09 | grad=8.39e-01 | 1.1s
[    11] loss=-0.8663 | res=2.31e-08 | grad=5.30e-01 | 1.1s
[    12] loss=-0.8481 | res=1.93e-04 | grad=2.58e-01 | 1.1s
[    13] loss=-0.7770 | res=5.25e-04 | grad=6.47e-01 | 1.1s
[    14] loss=-0.8940 | res=9.65e-09 | grad=4.97e-01 | 1.1s
[    15] loss=-0.7442 | res=2.73e-05 | grad=1.20e+00 | 1.0s
[    16] loss=-0.8786 | res=3.42e-09 | grad=1.14e+00 | 1.1s
[    17] loss=-0.7047 | res=1.29e-04 | grad=1.39e+00 | 1.1s
[    18] loss=-0.8488 | res=3.45e-04 | grad=1.12e+00 | 1.0s
[    19] loss=-0.8680 | res=8.38e-04 | grad=8.75e-01 | 1.1s
[    20] loss=-0.7806 | res=1.05e-03 | grad=1.10e+00 | 1.0s
[    21] loss=-0.7867 | res=8.39e-04 | grad=1.01e+00 | 1.1s
[    22] loss=-0.8071 | res=4.53e-04 | grad=7.80e-01 | 1.1s
[    23] loss=-0.6982 | res=4.41e-04 | grad=8.12e-01 | 1.1s
[    24] loss=-0.8533 | res=3.37e-04 | grad=4.93e-01 | 1.0s
[    25] loss=-0.8165 | res=1.81e-04 | grad=3.80e-01 | 1.1s
[    26] loss=-0.8596 | res=4.06e-04 | grad=3.83e-01 | 1.1s
[    27] loss=-0.8868 | res=1.26e-04 | grad=4.06e-01 | 1.1s
[    28] loss=-0.7031 | res=6.09e-05 | grad=2.83e-01 | 1.1s
[    29] loss=-0.8394 | res=4.75e-04 | grad=7.39e-01 | 1.1s
[    30] loss=-0.8325 | res=5.06e-05 | grad=4.87e-01 | 1.1s
[    31] loss=-0.9059 | res=2.91e-04 | grad=9.47e-01 | 1.1s
[    32] loss=-0.8410 | res=1.70e-09 | grad=7.91e-01 | 1.1s
[    33] loss=-0.8223 | res=6.31e-04 | grad=8.56e-01 | 1.1s
[    34] loss=-0.8119 | res=7.16e-05 | grad=6.32e-01 | 1.0s
[    35] loss=-0.8878 | res=5.77e-05 | grad=7.43e-01 | 1.1s
[    36] loss=-0.8159 | res=4.81e-09 | grad=4.65e-01 | 1.1s
[    37] loss=-0.8705 | res=4.68e-04 | grad=4.74e-01 | 1.1s
[    38] loss=-0.8990 | res=6.99e-04 | grad=7.30e-01 | 1.1s
[    39] loss=-0.7777 | res=2.31e-04 | grad=2.68e-01 | 1.1s
[    40] loss=-0.7585 | res=1.03e-04 | grad=3.50e-01 | 1.1s
[    41] loss=-0.8840 | res=2.92e-04 | grad=4.10e-01 | 1.1s
[    42] loss=-0.8023 | res=3.29e-04 | grad=6.18e-01 | 1.1s
[    43] loss=-0.8670 | res=3.04e-09 | grad=3.57e-01 | 1.1s
[    44] loss=-0.8306 | res=6.24e-05 | grad=3.63e-01 | 1.1s
[    45] loss=-0.7295 | res=1.71e-04 | grad=8.02e-01 | 1.1s
[    46] loss=-0.8718 | res=1.11e-04 | grad=4.44e-01 | 1.0s
[    47] loss=-0.7950 | res=8.81e-04 | grad=7.07e-01 | 1.1s
[    48] loss=-0.8624 | res=2.86e-04 | grad=3.40e-01 | 1.1s
[    49] loss=-0.8321 | res=2.89e-09 | grad=2.95e-01 | 1.2s
[    50] loss=-0.7431 | res=7.67e-05 | grad=6.94e-01 | 1.1s
[    51] loss=-0.7712 | res=1.08e-04 | grad=3.85e-01 | 1.1s
[    52] loss=-0.8580 | res=2.31e-04 | grad=4.64e-01 | 1.0s
[    53] loss=-0.8322 | res=2.46e-04 | grad=2.43e-01 | 1.1s
[    54] loss=-0.8507 | res=1.15e-04 | grad=5.25e-01 | 1.1s
[    55] loss=-0.8023 | res=2.77e-04 | grad=1.60e-01 | 1.1s
[    56] loss=-0.8830 | res=2.36e-04 | grad=5.32e-01 | 1.1s
[    57] loss=-0.7178 | res=1.23e-04 | grad=3.02e-01 | 1.1s
[    58] loss=-0.8334 | res=5.59e-04 | grad=5.44e-01 | 1.1s
[    59] loss=-0.9111 | res=3.13e-04 | grad=6.29e-01 | 1.1s
[    60] loss=-0.8504 | res=8.23e-04 | grad=3.86e-01 | 1.1s
[    61] loss=-0.7524 | res=5.60e-04 | grad=5.32e-01 | 1.1s
[    62] loss=-0.8627 | res=1.58e-04 | grad=2.19e-01 | 1.1s
[    63] loss=-0.8142 | res=1.91e-04 | grad=3.82e-01 | 1.1s
[    64] loss=-0.7551 | res=7.83e-05 | grad=2.08e-01 | 1.1s
[    65] loss=-0.8175 | res=1.51e-15 | grad=2.02e-01 | 1.1s
[    66] loss=-0.7730 | res=2.75e-04 | grad=4.95e-01 | 1.1s
[    67] loss=-0.7519 | res=1.03e-04 | grad=5.33e-01 | 1.1s
[    68] loss=-0.7733 | res=8.76e-04 | grad=5.80e-01 | 1.1s
[    69] loss=-0.8258 | res=1.44e-04 | grad=3.20e-01 | 1.1s
[    70] loss=-0.8510 | res=7.81e-04 | grad=1.11e-01 | 1.1s
[    71] loss=-0.9061 | res=2.96e-10 | grad=3.74e-01 | 1.1s
[    72] loss=-0.8328 | res=2.14e-04 | grad=3.59e-01 | 1.1s
[    73] loss=-0.7575 | res=1.27e-04 | grad=2.71e-01 | 1.1s
[    74] loss=-0.8812 | res=6.95e-05 | grad=2.44e-01 | 1.1s
[    75] loss=-0.8724 | res=2.46e-04 | grad=4.71e-01 | 1.1s
[    76] loss=-0.8200 | res=2.12e-04 | grad=3.24e-01 | 1.1s
[    77] loss=-0.8523 | res=3.68e-04 | grad=2.89e-01 | 1.1s
[    78] loss=-0.7847 | res=3.20e-04 | grad=5.74e-01 | 1.1s
[    79] loss=-0.8052 | res=1.52e-04 | grad=1.39e-01 | 1.1s
[    80] loss=-0.9227 | res=1.08e-04 | grad=2.41e-01 | 1.1s
[    81] loss=-0.7432 | res=7.53e-05 | grad=2.60e-01 | 1.1s
[    82] loss=-0.9229 | res=1.65e-04 | grad=5.75e-01 | 1.1s
[    83] loss=-0.8960 | res=1.63e-04 | grad=4.61e-01 | 1.1s
[    84] loss=-0.7166 | res=4.05e-09 | grad=3.82e-01 | 1.1s
[    85] loss=-0.8829 | res=8.67e-05 | grad=4.98e-01 | 1.1s
[    86] loss=-0.9081 | res=7.38e-05 | grad=4.91e-01 | 1.1s
[    87] loss=-0.8457 | res=2.31e-09 | grad=2.94e-01 | 1.1s
[    88] loss=-0.8995 | res=2.04e-04 | grad=2.83e-01 | 1.1s
[    89] loss=-0.7493 | res=6.25e-04 | grad=5.18e-01 | 1.1s
[    90] loss=-0.7729 | res=2.52e-04 | grad=5.66e-01 | 1.1s
[    91] loss=-0.7621 | res=2.32e-04 | grad=4.71e-01 | 1.1s
[    92] loss=-0.8796 | res=9.97e-05 | grad=3.93e-01 | 1.1s
[    93] loss=-0.9140 | res=2.31e-04 | grad=2.33e-01 | 1.1s
[    94] loss=-0.8010 | res=3.10e-04 | grad=1.72e-01 | 1.1s
[    95] loss=-0.8105 | res=7.47e-04 | grad=3.98e-01 | 1.1s
[    96] loss=-0.7900 | res=3.75e-04 | grad=4.85e-01 | 1.1s
[    97] loss=-0.8211 | res=1.46e-04 | grad=1.41e-01 | 1.1s
[    98] loss=-0.8533 | res=7.69e-05 | grad=2.33e-01 | 1.1s
[    99] loss=-0.8330 | res=7.04e-04 | grad=5.28e-01 | 1.1s
[   100] loss=-0.9271 | res=2.00e-04 | grad=6.50e-01 | 1.1s
[   101] loss=-0.8182 | res=1.04e-08 | grad=7.33e-01 | 1.1s
[   102] loss=-0.8663 | res=2.12e-04 | grad=2.86e-01 | 1.1s
[   103] loss=-0.8366 | res=2.10e-04 | grad=4.92e-01 | 1.1s
[   104] loss=-0.8903 | res=3.21e-09 | grad=7.04e-01 | 1.1s
[   105] loss=-0.8489 | res=7.26e-05 | grad=2.40e-01 | 1.1s
[   106] loss=-0.7685 | res=2.45e-04 | grad=6.41e-01 | 1.1s
[   107] loss=-0.7967 | res=4.38e-04 | grad=3.12e-01 | 1.1s
[   108] loss=-0.8118 | res=2.12e-04 | grad=2.76e-01 | 1.1s
[   109] loss=-0.7303 | res=6.48e-05 | grad=6.10e-01 | 1.1s
[   110] loss=-0.8560 | res=1.69e-09 | grad=6.07e-01 | 1.1s
[   111] loss=-0.8373 | res=1.81e-04 | grad=4.65e-01 | 1.1s
[   112] loss=-0.7138 | res=1.02e-04 | grad=6.90e-01 | 1.1s
[   113] loss=-0.7912 | res=4.87e-15 | grad=1.85e-01 | 1.1s
[   114] loss=-0.8092 | res=4.03e-04 | grad=2.49e-01 | 1.1s
[   115] loss=-0.7531 | res=4.79e-04 | grad=2.86e-01 | 1.1s
[   116] loss=-0.8946 | res=6.08e-04 | grad=6.18e-01 | 1.1s
[   117] loss=-1.0002 | res=1.03e-04 | grad=9.44e-01 | 1.1s
[   118] loss=-0.7931 | res=2.51e-04 | grad=3.65e-01 | 1.1s
[   119] loss=-0.7659 | res=8.24e-05 | grad=5.07e-01 | 1.1s
[   120] loss=-0.8308 | res=1.58e-04 | grad=5.31e-01 | 1.1s
[   121] loss=-0.8121 | res=2.80e-04 | grad=4.09e-01 | 1.1s
[   122] loss=-0.8173 | res=3.09e-04 | grad=2.73e-01 | 1.1s
[   123] loss=-0.7346 | res=1.06e-03 | grad=3.38e-01 | 1.1s
[   124] loss=-0.8965 | res=3.53e-04 | grad=3.64e-01 | 1.1s
[   125] loss=-0.9384 | res=1.85e-04 | grad=4.79e-01 | 1.1s
[   126] loss=-0.8068 | res=1.01e-04 | grad=4.28e-01 | 1.1s
[   127] loss=-0.7160 | res=2.43e-04 | grad=9.18e-01 | 1.1s
[   128] loss=-0.8297 | res=3.96e-04 | grad=4.95e-01 | 1.1s
[   129] loss=-0.8105 | res=9.16e-09 | grad=3.65e-01 | 1.1s
[   130] loss=-0.8245 | res=6.10e-09 | grad=1.33e-01 | 1.1s
[   131] loss=-0.7832 | res=7.36e-05 | grad=6.59e-01 | 1.1s
[   132] loss=-0.8405 | res=1.80e-15 | grad=5.36e-01 | 1.1s
[   133] loss=-0.8372 | res=1.16e-04 | grad=4.23e-01 | 1.1s
[   134] loss=-0.8048 | res=7.74e-05 | grad=3.25e-01 | 1.1s
[   135] loss=-0.7821 | res=2.26e-04 | grad=1.73e-01 | 1.1s
[   136] loss=-0.8501 | res=1.03e-04 | grad=2.55e-01 | 1.1s
[   137] loss=-0.9069 | res=1.69e-04 | grad=5.22e-01 | 1.1s
[   138] loss=-0.8200 | res=6.12e-05 | grad=5.17e-01 | 1.1s
[   139] loss=-0.7482 | res=3.82e-04 | grad=2.72e-01 | 1.1s
[   140] loss=-0.8642 | res=4.42e-04 | grad=4.12e-01 | 1.1s
[   141] loss=-0.8471 | res=3.20e-05 | grad=3.87e-01 | 1.1s
[   142] loss=-0.9027 | res=1.58e-04 | grad=2.92e-01 | 1.1s
[   143] loss=-0.8368 | res=6.13e-04 | grad=3.45e-01 | 1.1s
[   144] loss=-0.8546 | res=2.93e-10 | grad=2.50e-01 | 1.1s
[   145] loss=-0.8534 | res=6.75e-09 | grad=4.82e-01 | 1.1s
[   146] loss=-0.7723 | res=2.22e-13 | grad=2.93e-01 | 1.1s
[   147] loss=-0.7758 | res=4.74e-04 | grad=4.91e-01 | 1.1s
[   148] loss=-0.7757 | res=1.24e-04 | grad=4.89e-01 | 1.1s
[   149] loss=-0.8680 | res=1.00e-04 | grad=2.27e-01 | 1.1s
[   150] loss=-0.7680 | res=2.57e-04 | grad=3.99e-01 | 1.1s
[   151] loss=-0.9308 | res=1.49e-08 | grad=2.47e-01 | 1.1s
[   152] loss=-0.8461 | res=1.42e-04 | grad=1.73e-01 | 1.1s
[   153] loss=-0.8918 | res=3.67e-04 | grad=4.04e-01 | 1.1s
[   154] loss=-0.8909 | res=3.08e-04 | grad=2.85e-01 | 1.1s
[   155] loss=-0.8275 | res=2.81e-04 | grad=2.08e-01 | 1.1s
[   156] loss=-0.9179 | res=5.47e-04 | grad=5.58e-01 | 1.1s
[   157] loss=-0.8875 | res=3.82e-04 | grad=3.62e-01 | 1.1s
[   158] loss=-0.8927 | res=3.92e-09 | grad=3.38e-01 | 1.1s
[   159] loss=-0.8687 | res=2.80e-04 | grad=2.06e-01 | 1.1s
[   160] loss=-0.8030 | res=4.50e-04 | grad=3.33e-01 | 1.1s
[   161] loss=-0.8805 | res=4.10e-04 | grad=2.32e-01 | 1.1s
[   162] loss=-0.7306 | res=2.27e-04 | grad=4.50e-01 | 1.1s
[   163] loss=-0.8046 | res=6.53e-04 | grad=6.83e-01 | 1.1s
[   164] loss=-0.8583 | res=2.19e-04 | grad=2.97e-01 | 1.1s
[   165] loss=-0.8421 | res=2.63e-04 | grad=3.34e-01 | 1.1s
[   166] loss=-0.8085 | res=7.17e-09 | grad=4.31e-01 | 1.1s
[   167] loss=-0.8113 | res=3.55e-09 | grad=1.29e-01 | 1.1s
[   168] loss=-0.9345 | res=3.34e-09 | grad=4.07e-01 | 1.1s
[   169] loss=-0.8078 | res=2.12e-05 | grad=3.65e-01 | 1.1s
[   170] loss=-0.7262 | res=8.79e-05 | grad=4.37e-01 | 1.1s
[   171] loss=-0.7934 | res=2.47e-04 | grad=5.72e-01 | 1.1s
[   172] loss=-0.8411 | res=1.58e-04 | grad=5.43e-01 | 1.1s
[   173] loss=-0.8626 | res=1.80e-04 | grad=4.78e-01 | 1.1s
[   174] loss=-0.8138 | res=1.07e-04 | grad=1.58e-01 | 1.1s
[   175] loss=-0.8470 | res=3.67e-04 | grad=3.21e-01 | 1.1s
[   176] loss=-0.8864 | res=3.93e-04 | grad=5.40e-01 | 1.1s
[   177] loss=-0.8319 | res=2.99e-04 | grad=2.98e-01 | 1.1s
[   178] loss=-0.9466 | res=8.98e-04 | grad=5.86e-01 | 1.1s
[   179] loss=-0.9042 | res=8.39e-10 | grad=3.95e-01 | 1.1s
[   180] loss=-0.9696 | res=3.17e-04 | grad=3.45e-01 | 1.1s
[   181] loss=-0.7001 | res=1.53e-04 | grad=7.90e-01 | 1.1s
[   182] loss=-0.8906 | res=7.96e-05 | grad=2.47e-01 | 1.1s
[   183] loss=-0.8432 | res=3.10e-09 | grad=4.11e-01 | 1.1s
[   184] loss=-0.7064 | res=1.82e-04 | grad=6.30e-01 | 1.1s
[   185] loss=-0.7418 | res=1.69e-04 | grad=7.96e-01 | 1.1s
[   186] loss=-0.8705 | res=1.03e-04 | grad=1.72e-01 | 1.1s
[   187] loss=-0.8735 | res=5.23e-09 | grad=2.52e-01 | 1.1s
[   188] loss=-0.8964 | res=6.83e-05 | grad=4.57e-01 | 1.1s
[   189] loss=-0.8306 | res=8.87e-05 | grad=3.31e-01 | 1.1s
[   190] loss=-0.9353 | res=1.55e-04 | grad=5.35e-01 | 1.1s
[   191] loss=-0.7539 | res=1.16e-04 | grad=4.59e-01 | 1.1s
[   192] loss=-0.8577 | res=1.29e-08 | grad=3.70e-01 | 1.1s
[   193] loss=-0.7907 | res=6.84e-14 | grad=9.46e-02 | 1.1s
[   194] loss=-0.8528 | res=2.25e-04 | grad=3.37e-01 | 1.0s
[   195] loss=-0.8201 | res=2.34e-04 | grad=2.16e-01 | 1.1s
[   196] loss=-0.8146 | res=6.43e-12 | grad=3.39e-01 | 1.1s
[   197] loss=-0.7479 | res=2.65e-04 | grad=3.73e-01 | 1.1s
[   198] loss=-0.8959 | res=1.36e-04 | grad=4.05e-01 | 1.1s
[   199] loss=-0.9614 | res=2.39e-04 | grad=6.03e-01 | 1.1s
[   200] loss=-0.7977 | res=1.09e-04 | grad=3.04e-01 | 1.1s
[   201] loss=-0.6877 | res=3.16e-04 | grad=8.00e-01 | 1.1s
[   202] loss=-0.8722 | res=1.39e-04 | grad=3.31e-01 | 1.1s
[   203] loss=-0.7532 | res=2.90e-04 | grad=2.48e-01 | 1.1s
[   204] loss=-0.8748 | res=5.48e-05 | grad=1.47e-01 | 1.1s
[   205] loss=-0.9538 | res=1.56e-04 | grad=5.81e-01 | 1.1s
[   206] loss=-0.8219 | res=8.77e-05 | grad=1.06e-01 | 1.1s
[   207] loss=-0.8099 | res=5.78e-04 | grad=3.85e-01 | 1.1s
[   208] loss=-0.7974 | res=5.99e-04 | grad=1.65e-01 | 1.1s
[   209] loss=-0.7129 | res=3.64e-04 | grad=5.37e-01 | 1.1s
[   210] loss=-0.8361 | res=1.67e-04 | grad=2.43e-01 | 1.1s
[   211] loss=-0.8323 | res=6.55e-05 | grad=3.20e-01 | 1.1s
[   212] loss=-0.7772 | res=5.92e-09 | grad=3.51e-01 | 1.1s
[   213] loss=-0.8983 | res=2.74e-04 | grad=6.54e-01 | 1.1s
[   214] loss=-0.7910 | res=1.47e-15 | grad=2.24e-01 | 1.1s
[   215] loss=-0.7559 | res=1.18e-04 | grad=3.39e-01 | 1.1s
[   216] loss=-0.8226 | res=5.23e-04 | grad=3.45e-01 | 1.1s
[   217] loss=-0.7183 | res=1.30e-04 | grad=4.03e-01 | 1.1s
[   218] loss=-0.7470 | res=1.63e-04 | grad=1.06e-01 | 1.1s
[   219] loss=-0.8404 | res=1.65e-04 | grad=4.24e-01 | 1.1s
[   220] loss=-0.8268 | res=1.16e-04 | grad=2.75e-01 | 1.1s
[   221] loss=-0.7854 | res=1.37e-04 | grad=4.31e-01 | 1.1s
[   222] loss=-0.8656 | res=2.44e-06 | grad=3.43e-01 | 1.1s
[   223] loss=-0.8453 | res=3.85e-04 | grad=2.76e-01 | 1.1s
[   224] loss=-0.8808 | res=1.59e-15 | grad=2.30e-01 | 1.1s
[   225] loss=-0.7929 | res=1.71e-04 | grad=4.49e-01 | 1.1s
[   226] loss=-0.9389 | res=3.19e-04 | grad=3.70e-01 | 1.1s
[   227] loss=-0.8524 | res=2.47e-04 | grad=3.80e-01 | 1.1s
[   228] loss=-0.7925 | res=3.75e-04 | grad=3.11e-01 | 1.1s
[   229] loss=-0.7994 | res=3.03e-04 | grad=3.17e-01 | 1.1s
[   230] loss=-0.9518 | res=2.79e-04 | grad=6.03e-01 | 1.1s
[   231] loss=-0.8539 | res=4.30e-04 | grad=4.19e-01 | 1.1s
[   232] loss=-0.7617 | res=6.35e-05 | grad=6.23e-01 | 1.0s
[   233] loss=-0.8181 | res=1.43e-04 | grad=4.00e-01 | 1.1s
[   234] loss=-0.8937 | res=4.44e-04 | grad=2.49e-01 | 1.1s
[   235] loss=-0.8258 | res=6.51e-05 | grad=3.41e-01 | 1.1s
[   236] loss=-0.8376 | res=9.27e-10 | grad=1.70e-01 | 1.0s
[   237] loss=-0.8096 | res=8.98e-05 | grad=4.68e-01 | 1.1s
[   238] loss=-0.8558 | res=1.48e-15 | grad=1.51e-01 | 1.1s
[   239] loss=-0.8403 | res=5.63e-05 | grad=3.22e-01 | 1.1s
[   240] loss=-0.9483 | res=1.58e-15 | grad=5.82e-01 | 1.1s
[   241] loss=-0.7984 | res=8.29e-09 | grad=3.19e-01 | 1.1s
[   242] loss=-0.8561 | res=1.84e-04 | grad=3.59e-01 | 1.1s
[   243] loss=-0.8228 | res=3.77e-09 | grad=3.64e-01 | 1.1s
[   244] loss=-0.8882 | res=1.48e-15 | grad=3.76e-01 | 1.1s
[   245] loss=-0.9363 | res=3.42e-04 | grad=3.72e-01 | 1.1s
[   246] loss=-0.7961 | res=2.33e-04 | grad=4.56e-01 | 1.1s
[   247] loss=-0.8552 | res=2.67e-04 | grad=4.52e-01 | 1.1s
[   248] loss=-0.7640 | res=2.66e-04 | grad=5.36e-01 | 1.1s
[   249] loss=-0.8918 | res=1.16e-04 | grad=1.78e-01 | 1.1s
[   250] loss=-0.7674 | res=3.65e-04 | grad=6.33e-01 | 1.1s
[   251] loss=-0.8841 | res=4.54e-11 | grad=2.96e-01 | 1.1s
[   252] loss=-0.9204 | res=5.81e-05 | grad=5.75e-01 | 1.1s
[   253] loss=-0.7890 | res=3.15e-04 | grad=3.77e-01 | 1.1s
[   254] loss=-0.8894 | res=4.29e-04 | grad=2.35e-01 | 1.1s
[   255] loss=-0.8503 | res=1.25e-04 | grad=1.60e-01 | 1.1s
[   256] loss=-0.8638 | res=4.85e-05 | grad=2.25e-01 | 1.1s
[   257] loss=-0.8396 | res=4.43e-04 | grad=4.02e-01 | 1.1s
[   258] loss=-0.8807 | res=1.32e-15 | grad=2.97e-01 | 1.1s
[   259] loss=-0.8801 | res=3.87e-09 | grad=2.31e-01 | 1.0s
[   260] loss=-0.8119 | res=2.16e-04 | grad=3.21e-01 | 1.1s
[   261] loss=-0.8167 | res=4.11e-04 | grad=2.06e-01 | 1.1s
[   262] loss=-0.8186 | res=5.61e-04 | grad=2.12e-01 | 1.1s
[   263] loss=-0.8428 | res=3.51e-04 | grad=1.52e-01 | 1.1s
[   264] loss=-0.8354 | res=4.48e-04 | grad=3.17e-01 | 1.1s
[   265] loss=-0.8340 | res=2.61e-04 | grad=1.57e-01 | 1.1s
[   266] loss=-0.8247 | res=6.15e-04 | grad=3.30e-01 | 1.1s
[   267] loss=-0.8901 | res=3.12e-04 | grad=2.79e-01 | 1.1s
[   268] loss=-0.8927 | res=1.45e-09 | grad=3.73e-01 | 1.1s
[   269] loss=-0.8827 | res=3.66e-04 | grad=4.72e-01 | 1.1s
[   270] loss=-0.8828 | res=2.25e-04 | grad=2.52e-01 | 1.1s
[   271] loss=-0.9355 | res=4.88e-04 | grad=5.59e-01 | 1.1s
[   272] loss=-0.8191 | res=7.63e-05 | grad=3.54e-01 | 1.1s
[   273] loss=-0.8268 | res=1.20e-04 | grad=3.43e-01 | 1.1s
[   274] loss=-0.8486 | res=1.75e-04 | grad=3.55e-01 | 1.0s
[   275] loss=-0.7771 | res=3.48e-04 | grad=6.09e-01 | 1.1s
[   276] loss=-0.7823 | res=7.40e-05 | grad=4.53e-01 | 1.1s
[   277] loss=-0.8443 | res=7.75e-05 | grad=2.02e-01 | 1.1s
[   278] loss=-0.8737 | res=2.84e-09 | grad=2.28e-01 | 1.1s
[   279] loss=-0.8651 | res=2.60e-04 | grad=2.34e-01 | 1.1s
[   280] loss=-0.8067 | res=1.91e-08 | grad=5.03e-01 | 1.1s
[   281] loss=-0.8935 | res=1.65e-04 | grad=5.09e-01 | 1.1s
[   282] loss=-0.8373 | res=8.15e-09 | grad=3.49e-01 | 1.1s
[   283] loss=-0.7062 | res=2.38e-04 | grad=1.86e-01 | 1.1s
[   284] loss=-0.8469 | res=1.15e-04 | grad=3.10e-01 | 1.1s
[   285] loss=-0.7915 | res=1.05e-04 | grad=1.22e-01 | 1.1s
[   286] loss=-0.8001 | res=1.14e-04 | grad=3.17e-01 | 1.1s
[   287] loss=-0.7771 | res=1.55e-15 | grad=1.84e-01 | 1.1s
[   288] loss=-0.8686 | res=5.25e-14 | grad=4.05e-01 | 1.1s
[   289] loss=-0.8476 | res=1.07e-04 | grad=2.32e-01 | 1.1s
[   290] loss=-0.8049 | res=5.49e-09 | grad=3.56e-01 | 1.1s
[   291] loss=-0.8163 | res=4.71e-05 | grad=2.77e-01 | 1.1s
[   292] loss=-0.7236 | res=6.56e-05 | grad=3.69e-01 | 1.1s
[   293] loss=-0.8757 | res=2.31e-04 | grad=1.09e-01 | 1.1s
[   294] loss=-0.8295 | res=3.35e-04 | grad=2.81e-01 | 1.1s
[   295] loss=-0.8390 | res=1.56e-15 | grad=1.92e-01 | 1.1s
[   296] loss=-0.8626 | res=9.58e-05 | grad=2.18e-01 | 1.1s
[   297] loss=-0.7097 | res=3.71e-04 | grad=5.39e-01 | 1.1s
[   298] loss=-0.8748 | res=3.61e-05 | grad=2.09e-01 | 1.1s
[   299] loss=-0.8784 | res=6.19e-09 | grad=5.00e-01 | 1.1s
[   300] loss=-0.8641 | res=1.32e-04 | grad=2.35e-01 | 1.1s
[   301] loss=-0.7730 | res=1.89e-04 | grad=2.53e-01 | 1.1s
[   302] loss=-0.8047 | res=5.49e-05 | grad=2.83e-01 | 1.1s
[   303] loss=-0.7644 | res=3.72e-04 | grad=2.38e-01 | 1.1s
[   304] loss=-0.8277 | res=1.45e-04 | grad=4.91e-01 | 1.1s
[   305] loss=-0.8821 | res=2.28e-04 | grad=2.46e-01 | 1.1s
[   306] loss=-0.9282 | res=3.63e-05 | grad=6.75e-01 | 1.0s
[   307] loss=-0.8006 | res=3.34e-04 | grad=1.81e-01 | 1.1s
[   308] loss=-0.7867 | res=8.31e-09 | grad=3.77e-01 | 1.1s
[   309] loss=-0.8029 | res=2.66e-09 | grad=2.83e-01 | 1.1s
[   310] loss=-0.8531 | res=1.59e-04 | grad=5.55e-01 | 1.1s
[   311] loss=-0.7999 | res=1.51e-04 | grad=3.79e-01 | 1.1s
[   312] loss=-0.8643 | res=3.76e-09 | grad=4.74e-01 | 1.1s
[   313] loss=-0.8100 | res=1.76e-09 | grad=2.26e-01 | 1.1s
[   314] loss=-0.8263 | res=1.44e-04 | grad=2.08e-01 | 1.1s
[   315] loss=-0.7289 | res=1.80e-15 | grad=4.56e-01 | 1.1s
[   316] loss=-0.7861 | res=1.34e-04 | grad=4.36e-01 | 1.1s
[   317] loss=-0.8685 | res=2.79e-04 | grad=3.85e-01 | 1.1s
[   318] loss=-0.7425 | res=5.44e-09 | grad=3.21e-01 | 1.1s
[   319] loss=-0.8076 | res=3.56e-04 | grad=2.07e-01 | 1.1s
[   320] loss=-0.8945 | res=1.34e-08 | grad=7.38e-01 | 1.1s
[   321] loss=-0.7671 | res=1.52e-15 | grad=2.78e-01 | 1.1s
[   322] loss=-0.8516 | res=2.69e-04 | grad=4.91e-01 | 1.1s
[   323] loss=-0.8339 | res=2.88e-13 | grad=3.44e-01 | 1.1s
[   324] loss=-0.9248 | res=7.33e-09 | grad=6.29e-01 | 1.1s
[   325] loss=-0.8232 | res=3.86e-04 | grad=3.49e-01 | 1.1s
[   326] loss=-0.8078 | res=2.70e-04 | grad=1.82e-01 | 1.1s
[   327] loss=-0.8830 | res=2.78e-04 | grad=1.59e-01 | 1.1s
[   328] loss=-0.8261 | res=1.02e-04 | grad=2.79e-01 | 1.1s
[   329] loss=-0.8011 | res=5.96e-05 | grad=4.02e-01 | 1.1s
[   330] loss=-0.8364 | res=9.65e-05 | grad=3.38e-01 | 1.1s
[   331] loss=-0.7950 | res=1.46e-04 | grad=5.37e-01 | 1.1s
[   332] loss=-0.7959 | res=1.61e-04 | grad=3.99e-01 | 1.1s
[   333] loss=-0.8399 | res=7.13e-05 | grad=2.08e-01 | 1.1s
[   334] loss=-0.7500 | res=5.24e-04 | grad=4.59e-01 | 1.1s
[   335] loss=-0.8738 | res=3.58e-04 | grad=3.41e-01 | 1.1s
[   336] loss=-0.8259 | res=2.48e-04 | grad=2.94e-01 | 1.0s
[   337] loss=-0.7826 | res=7.00e-05 | grad=4.04e-01 | 1.1s
[   338] loss=-0.8184 | res=6.47e-11 | grad=2.34e-01 | 1.0s
[   339] loss=-0.7934 | res=2.24e-04 | grad=1.27e-01 | 1.1s
[   340] loss=-0.8790 | res=6.47e-04 | grad=5.33e-01 | 1.1s
[   341] loss=-0.8295 | res=1.44e-04 | grad=2.72e-01 | 1.1s
[   342] loss=-0.8719 | res=3.58e-05 | grad=6.08e-01 | 1.1s
[   343] loss=-0.8389 | res=9.41e-05 | grad=3.65e-01 | 1.1s
[   344] loss=-0.9161 | res=1.81e-04 | grad=5.31e-01 | 1.1s
[   345] loss=-0.7938 | res=1.33e-04 | grad=3.84e-01 | 1.1s
[   346] loss=-0.8382 | res=3.52e-04 | grad=3.45e-01 | 1.1s
[   347] loss=-0.8493 | res=2.97e-04 | grad=2.59e-01 | 1.1s
[   348] loss=-0.8337 | res=7.46e-05 | grad=3.87e-01 | 1.0s
[   349] loss=-0.9412 | res=7.11e-12 | grad=2.54e-01 | 1.1s
[   350] loss=-0.8901 | res=8.57e-09 | grad=2.31e-01 | 1.0s
[   351] loss=-0.7698 | res=7.05e-05 | grad=3.28e-01 | 1.1s
[   352] loss=-0.9188 | res=1.82e-15 | grad=2.16e-01 | 1.2s
[   353] loss=-0.8606 | res=6.06e-05 | grad=2.07e-01 | 1.1s
[   354] loss=-0.8903 | res=1.02e-04 | grad=2.14e-01 | 1.1s
[   355] loss=-0.7708 | res=2.10e-04 | grad=5.29e-01 | 1.1s
[   356] loss=-0.8542 | res=6.80e-15 | grad=2.55e-01 | 1.1s
[   357] loss=-0.9480 | res=3.18e-04 | grad=6.28e-01 | 1.1s
[   358] loss=-0.8656 | res=1.52e-15 | grad=1.52e-01 | 1.0s
[   359] loss=-0.8569 | res=4.62e-04 | grad=1.94e-01 | 1.1s
[   360] loss=-0.7809 | res=4.46e-04 | grad=2.16e-01 | 1.1s
[   361] loss=-0.8543 | res=6.79e-09 | grad=3.55e-01 | 1.0s
[   362] loss=-0.7585 | res=2.39e-04 | grad=1.60e-01 | 1.0s
[   363] loss=-0.7612 | res=9.22e-05 | grad=3.59e-01 | 1.1s
[   364] loss=-0.8459 | res=2.41e-04 | grad=4.27e-01 | 1.1s
[   365] loss=-0.8122 | res=3.88e-04 | grad=2.20e-01 | 1.1s
[   366] loss=-0.7338 | res=1.50e-04 | grad=3.10e-01 | 1.0s
[   367] loss=-0.8642 | res=1.27e-15 | grad=5.00e-01 | 1.0s
[   368] loss=-0.8317 | res=5.65e-05 | grad=3.76e-01 | 1.0s
[   369] loss=-0.7329 | res=1.77e-04 | grad=3.69e-01 | 1.0s
[   370] loss=-0.8886 | res=2.68e-04 | grad=2.36e-01 | 1.0s
[   371] loss=-0.8160 | res=3.75e-09 | grad=2.80e-01 | 1.0s
[   372] loss=-0.8528 | res=3.75e-08 | grad=3.63e-01 | 1.0s
[   373] loss=-0.9193 | res=2.88e-05 | grad=4.68e-01 | 1.0s
[   374] loss=-0.8820 | res=1.42e-15 | grad=3.15e-01 | 1.1s
[   375] loss=-0.7956 | res=1.23e-04 | grad=3.42e-01 | 1.1s
[   376] loss=-0.8828 | res=2.65e-04 | grad=1.73e-01 | 1.1s
[   377] loss=-0.9990 | res=4.28e-04 | grad=6.02e-01 | 1.1s
[   378] loss=-0.7847 | res=5.02e-04 | grad=5.25e-01 | 1.1s
[   379] loss=-0.7249 | res=1.94e-04 | grad=5.27e-01 | 1.1s
[   380] loss=-0.8804 | res=1.81e-15 | grad=5.19e-01 | 1.1s
[   381] loss=-0.8245 | res=5.58e-05 | grad=3.34e-01 | 1.1s
[   382] loss=-0.9140 | res=2.90e-04 | grad=1.84e-01 | 1.1s
[   383] loss=-0.7841 | res=1.68e-04 | grad=6.93e-01 | 1.1s
[   384] loss=-0.8014 | res=3.30e-04 | grad=3.38e-01 | 1.0s
[   385] loss=-0.9371 | res=5.91e-05 | grad=5.47e-01 | 1.1s
[   386] loss=-0.8321 | res=3.24e-13 | grad=1.69e-01 | 1.1s
[   387] loss=-0.8356 | res=3.65e-04 | grad=4.40e-01 | 1.1s
[   388] loss=-0.9046 | res=4.72e-05 | grad=4.82e-01 | 1.1s
[   389] loss=-0.8561 | res=4.75e-05 | grad=2.73e-01 | 1.1s
[   390] loss=-0.8420 | res=3.51e-04 | grad=2.73e-01 | 1.1s
[   391] loss=-0.9042 | res=2.14e-04 | grad=4.84e-01 | 1.1s
[   392] loss=-0.8890 | res=1.98e-04 | grad=2.63e-01 | 1.1s
[   393] loss=-0.9545 | res=1.40e-15 | grad=4.37e-01 | 1.1s
[   394] loss=-0.8888 | res=5.25e-09 | grad=1.99e-01 | 1.1s
[   395] loss=-0.7990 | res=2.25e-09 | grad=4.96e-01 | 1.1s
[   396] loss=-0.9163 | res=2.61e-04 | grad=2.06e-01 | 1.1s
[   397] loss=-0.7894 | res=2.64e-05 | grad=4.38e-01 | 1.1s
[   398] loss=-0.7479 | res=1.80e-04 | grad=5.85e-01 | 1.1s
[   399] loss=-0.7918 | res=4.67e-05 | grad=5.95e-01 | 1.1s
[   400] loss=-0.8477 | res=1.58e-04 | grad=2.48e-01 | 1.1s
[   401] loss=-0.7514 | res=1.75e-04 | grad=3.76e-01 | 1.1s
[   402] loss=-0.7896 | res=1.14e-04 | grad=1.41e-01 | 1.1s
[   403] loss=-0.8563 | res=2.01e-09 | grad=4.80e-01 | 1.1s
[   404] loss=-0.8966 | res=2.06e-04 | grad=4.54e-01 | 1.1s
[   405] loss=-0.8259 | res=4.99e-05 | grad=3.80e-01 | 1.1s
[   406] loss=-0.8867 | res=3.28e-09 | grad=5.25e-01 | 1.1s
[   407] loss=-0.9148 | res=4.72e-04 | grad=6.79e-01 | 1.1s
[   408] loss=-0.8225 | res=4.57e-04 | grad=1.35e-01 | 1.1s
[   409] loss=-0.8915 | res=2.38e-04 | grad=4.96e-01 | 1.1s
[   410] loss=-0.7296 | res=2.32e-04 | grad=5.53e-01 | 1.1s
[   411] loss=-0.8748 | res=2.14e-04 | grad=2.73e-01 | 1.1s
[   412] loss=-0.7580 | res=1.21e-04 | grad=4.39e-01 | 1.1s
[   413] loss=-0.8634 | res=8.18e-05 | grad=1.71e-01 | 1.1s
[   414] loss=-0.8326 | res=6.63e-05 | grad=2.88e-01 | 1.1s
[   415] loss=-0.8198 | res=1.23e-04 | grad=3.64e-01 | 1.1s
[   416] loss=-0.7555 | res=1.38e-15 | grad=4.16e-01 | 1.1s
[   417] loss=-0.8756 | res=1.15e-04 | grad=2.60e-01 | 1.1s
[   418] loss=-0.8912 | res=3.28e-04 | grad=6.39e-01 | 1.1s
[   419] loss=-0.9150 | res=1.42e-04 | grad=4.01e-01 | 1.1s
[   420] loss=-0.8035 | res=7.49e-05 | grad=1.97e-01 | 1.1s
[   421] loss=-0.8923 | res=2.08e-04 | grad=3.49e-01 | 1.1s
[   422] loss=-0.8682 | res=2.58e-04 | grad=4.28e-01 | 1.1s
[   423] loss=-0.9083 | res=1.36e-08 | grad=3.56e-01 | 1.1s
[   424] loss=-0.8522 | res=9.51e-05 | grad=2.81e-01 | 1.1s
[   425] loss=-0.8116 | res=3.09e-04 | grad=3.62e-01 | 1.1s
[   426] loss=-0.9048 | res=2.61e-09 | grad=2.74e-01 | 1.1s
[   427] loss=-0.7895 | res=1.73e-04 | grad=4.11e-01 | 1.1s
[   428] loss=-0.9422 | res=1.27e-04 | grad=4.19e-01 | 1.1s
[   429] loss=-0.9178 | res=7.03e-05 | grad=3.46e-01 | 1.1s
[   430] loss=-0.8826 | res=6.65e-05 | grad=1.35e-01 | 1.1s
[   431] loss=-0.8725 | res=4.21e-04 | grad=3.07e-01 | 1.1s
[   432] loss=-0.9474 | res=7.58e-09 | grad=5.71e-01 | 1.1s
[   433] loss=-0.7776 | res=1.28e-04 | grad=4.56e-01 | 1.1s
[   434] loss=-0.8588 | res=1.10e-04 | grad=6.56e-01 | 1.1s
[   435] loss=-0.8774 | res=1.61e-15 | grad=1.79e-01 | 1.1s
[   436] loss=-0.7757 | res=1.87e-04 | grad=4.91e-01 | 1.1s
[   437] loss=-0.8889 | res=3.04e-04 | grad=5.00e-01 | 1.1s
[   438] loss=-0.8166 | res=7.30e-05 | grad=2.79e-01 | 1.0s
[   439] loss=-0.8686 | res=5.12e-04 | grad=1.80e-01 | 1.1s
[   440] loss=-0.8446 | res=1.21e-04 | grad=3.34e-01 | 1.1s
[   441] loss=-0.8331 | res=2.96e-09 | grad=1.86e-01 | 1.1s
[   442] loss=-0.8263 | res=4.44e-04 | grad=1.97e-01 | 1.1s
[   443] loss=-0.8001 | res=1.48e-15 | grad=2.19e-01 | 1.1s
[   444] loss=-0.9024 | res=1.95e-04 | grad=5.62e-01 | 1.0s
[   445] loss=-0.8744 | res=2.29e-09 | grad=2.27e-01 | 1.0s
[   446] loss=-0.8966 | res=2.11e-08 | grad=2.95e-01 | 1.0s
[   447] loss=-0.9707 | res=2.82e-04 | grad=3.87e-01 | 1.1s
[   448] loss=-0.8644 | res=7.09e-04 | grad=3.18e-01 | 1.1s
[   449] loss=-0.8004 | res=2.72e-04 | grad=2.30e-01 | 1.1s
[   450] loss=-0.7827 | res=9.78e-10 | grad=4.39e-01 | 1.1s
[   451] loss=-0.8545 | res=2.62e-04 | grad=1.53e-01 | 1.1s
[   452] loss=-0.8969 | res=6.19e-13 | grad=4.69e-01 | 1.1s
[   453] loss=-0.7839 | res=1.13e-04 | grad=5.46e-01 | 1.1s
[   454] loss=-0.7981 | res=2.64e-04 | grad=3.23e-01 | 1.1s
[   455] loss=-0.8255 | res=2.73e-04 | grad=2.05e-01 | 1.1s
[   456] loss=-0.8544 | res=3.89e-09 | grad=2.46e-01 | 1.1s
[   457] loss=-0.8581 | res=2.96e-10 | grad=3.51e-01 | 1.1s
[   458] loss=-0.9032 | res=1.49e-04 | grad=8.31e-01 | 1.1s
[   459] loss=-0.8397 | res=2.28e-09 | grad=2.53e-01 | 1.1s
[   460] loss=-0.8172 | res=8.55e-04 | grad=1.29e-01 | 1.1s
[   461] loss=-0.8677 | res=3.21e-04 | grad=4.84e-01 | 1.1s
[   462] loss=-0.8251 | res=2.25e-04 | grad=3.06e-01 | 1.1s
[   463] loss=-0.8340 | res=3.11e-04 | grad=3.42e-01 | 1.1s
[   464] loss=-0.8400 | res=1.99e-15 | grad=4.63e-01 | 1.1s
[   465] loss=-0.8969 | res=1.12e-04 | grad=2.41e-01 | 1.1s
[   466] loss=-0.9141 | res=6.04e-12 | grad=3.60e-01 | 1.0s
[   467] loss=-0.8659 | res=9.73e-05 | grad=1.33e-01 | 1.1s
[   468] loss=-0.9196 | res=2.25e-04 | grad=2.54e-01 | 1.1s
[   469] loss=-0.8484 | res=2.09e-08 | grad=4.81e-01 | 1.1s
[   470] loss=-0.7690 | res=1.66e-15 | grad=4.33e-01 | 1.0s
[   471] loss=-0.8957 | res=4.88e-10 | grad=1.66e-01 | 1.1s
[   472] loss=-0.8426 | res=1.05e-04 | grad=3.31e-01 | 1.0s
[   473] loss=-0.8558 | res=3.64e-04 | grad=1.06e-01 | 1.1s
[   474] loss=-1.0019 | res=1.92e-04 | grad=4.64e-01 | 1.0s
[   475] loss=-0.8668 | res=6.10e-05 | grad=6.30e-02 | 1.1s
[   476] loss=-0.8223 | res=1.36e-06 | grad=1.47e-01 | 1.1s
[   477] loss=-0.8787 | res=1.51e-15 | grad=2.63e-01 | 1.1s
[   478] loss=-0.8471 | res=1.20e-04 | grad=1.16e-01 | 1.0s
[   479] loss=-0.7860 | res=6.75e-05 | grad=4.82e-01 | 1.1s
[   480] loss=-0.8014 | res=8.79e-06 | grad=2.16e-01 | 1.1s
[   481] loss=-0.9050 | res=7.89e-05 | grad=3.35e-01 | 1.1s
[   482] loss=-0.8176 | res=3.24e-04 | grad=3.17e-01 | 1.1s
[   483] loss=-0.8143 | res=1.69e-08 | grad=3.78e-01 | 1.1s
[   484] loss=-0.8866 | res=5.85e-04 | grad=2.35e-01 | 1.1s
[   485] loss=-0.8163 | res=2.16e-04 | grad=7.65e-02 | 1.1s
[   486] loss=-0.8064 | res=9.43e-05 | grad=2.14e-01 | 1.1s
[   487] loss=-0.9155 | res=4.30e-05 | grad=5.58e-01 | 1.1s
[   488] loss=-0.7907 | res=7.22e-05 | grad=1.87e-01 | 1.1s
[   489] loss=-0.8020 | res=2.26e-04 | grad=8.16e-02 | 1.1s
[   490] loss=-0.7906 | res=2.24e-05 | grad=3.94e-01 | 1.0s
[   491] loss=-0.7705 | res=5.63e-05 | grad=3.81e-01 | 1.1s
[   492] loss=-0.8592 | res=8.25e-04 | grad=3.59e-01 | 1.1s
[   493] loss=-0.7447 | res=2.39e-04 | grad=1.86e-01 | 1.1s
[   494] loss=-0.8141 | res=1.34e-04 | grad=2.96e-01 | 1.1s
[   495] loss=-0.8577 | res=3.23e-04 | grad=4.00e-01 | 1.1s
[   496] loss=-0.8418 | res=4.06e-04 | grad=4.18e-01 | 1.1s
[   497] loss=-0.8227 | res=1.26e-08 | grad=2.13e-01 | 1.1s
[   498] loss=-0.9261 | res=1.39e-15 | grad=4.28e-01 | 1.1s
[   499] loss=-0.8613 | res=5.81e-04 | grad=2.63e-01 | 1.1s
[   500] loss=-0.7523 | res=6.34e-09 | grad=6.17e-01 | 1.1s
[   501] loss=-0.8293 | res=8.09e-05 | grad=3.91e-01 | 1.1s
[   502] loss=-0.8450 | res=7.10e-10 | grad=2.62e-01 | 1.0s
[   503] loss=-0.8041 | res=1.37e-15 | grad=2.43e-01 | 1.1s
[   504] loss=-0.7607 | res=4.54e-09 | grad=3.81e-01 | 1.1s
[   505] loss=-0.9661 | res=1.19e-04 | grad=7.41e-01 | 1.1s
[   506] loss=-0.8369 | res=6.25e-05 | grad=4.12e-01 | 1.1s
[   507] loss=-0.8490 | res=1.37e-04 | grad=3.41e-01 | 1.1s
[   508] loss=-0.8437 | res=4.81e-14 | grad=1.32e-01 | 1.1s
[   509] loss=-0.8032 | res=2.33e-04 | grad=1.86e-01 | 1.1s
[   510] loss=-0.8537 | res=4.52e-05 | grad=2.01e-01 | 1.1s
[   511] loss=-0.8014 | res=1.72e-04 | grad=2.27e-01 | 1.1s
[   512] loss=-0.8608 | res=3.50e-09 | grad=1.87e-01 | 1.1s
[   513] loss=-0.9341 | res=5.66e-05 | grad=5.49e-01 | 1.1s
[   514] loss=-0.8387 | res=1.64e-04 | grad=2.02e-01 | 1.1s
[   515] loss=-0.8379 | res=6.55e-05 | grad=3.07e-01 | 1.1s
[   516] loss=-0.8337 | res=2.23e-04 | grad=2.26e-01 | 1.1s
[   517] loss=-0.7702 | res=4.46e-04 | grad=6.34e-01 | 1.1s
[   518] loss=-0.8055 | res=3.40e-04 | grad=6.46e-01 | 1.1s
[   519] loss=-0.8346 | res=3.09e-09 | grad=1.19e-01 | 1.1s
[   520] loss=-0.8561 | res=1.46e-04 | grad=3.13e-01 | 1.1s
[   521] loss=-0.8852 | res=7.83e-05 | grad=1.80e-01 | 1.1s
[   522] loss=-0.9262 | res=1.35e-15 | grad=4.85e-01 | 1.1s
[   523] loss=-0.7997 | res=3.72e-04 | grad=1.67e-01 | 1.1s
[   524] loss=-0.7981 | res=4.30e-09 | grad=2.85e-01 | 1.1s
[   525] loss=-0.8099 | res=8.06e-05 | grad=1.41e-01 | 1.1s
[   526] loss=-0.9758 | res=1.35e-04 | grad=4.97e-01 | 1.1s
[   527] loss=-0.8405 | res=3.63e-04 | grad=2.56e-01 | 1.1s
[   528] loss=-0.8010 | res=5.91e-04 | grad=3.28e-01 | 1.1s
[   529] loss=-0.8496 | res=2.55e-04 | grad=2.69e-01 | 1.1s
[   530] loss=-0.9234 | res=1.05e-05 | grad=3.09e-01 | 1.1s
[   531] loss=-0.8739 | res=4.56e-05 | grad=1.73e-01 | 1.1s
[   532] loss=-0.7698 | res=9.42e-04 | grad=3.73e-01 | 1.1s
[   533] loss=-0.9104 | res=1.83e-04 | grad=4.03e-01 | 1.1s
[   534] loss=-0.9158 | res=3.22e-04 | grad=3.38e-01 | 1.1s
[   535] loss=-0.8777 | res=3.55e-04 | grad=2.82e-01 | 1.1s
[   536] loss=-0.8596 | res=1.46e-15 | grad=2.29e-01 | 1.1s
[   537] loss=-0.8386 | res=9.72e-05 | grad=4.15e-01 | 1.1s
[   538] loss=-0.7604 | res=3.82e-04 | grad=6.38e-01 | 1.1s
[   539] loss=-0.7731 | res=1.77e-15 | grad=5.78e-01 | 1.1s
[   540] loss=-0.8601 | res=4.68e-04 | grad=3.44e-01 | 1.1s
[   541] loss=-0.7696 | res=3.33e-09 | grad=3.03e-01 | 1.1s
[   542] loss=-0.7960 | res=3.07e-04 | grad=3.86e-01 | 1.1s
[   543] loss=-0.8110 | res=4.52e-04 | grad=2.74e-01 | 1.1s
[   544] loss=-0.8461 | res=3.88e-04 | grad=5.34e-01 | 1.1s
[   545] loss=-0.8097 | res=9.30e-05 | grad=1.83e-01 | 1.1s
[   546] loss=-0.7356 | res=1.86e-04 | grad=3.50e-01 | 1.1s
[   547] loss=-0.8623 | res=5.30e-09 | grad=3.21e-01 | 1.1s
[   548] loss=-0.9067 | res=3.86e-09 | grad=6.83e-01 | 1.1s
[   549] loss=-0.8367 | res=2.82e-04 | grad=2.36e-01 | 1.1s
[   550] loss=-0.8272 | res=2.25e-04 | grad=3.70e-01 | 1.0s
[   551] loss=-0.8378 | res=6.20e-09 | grad=1.07e-01 | 1.1s
[   552] loss=-0.7924 | res=2.03e-04 | grad=3.35e-01 | 1.1s
[   553] loss=-0.8781 | res=1.45e-15 | grad=1.63e-01 | 1.1s
[   554] loss=-0.8692 | res=6.93e-12 | grad=1.42e-01 | 1.1s
[   555] loss=-0.8079 | res=4.49e-05 | grad=3.75e-01 | 1.1s
[   556] loss=-0.7977 | res=1.44e-13 | grad=3.75e-01 | 1.1s
[   557] loss=-0.8211 | res=1.14e-09 | grad=3.23e-01 | 1.1s
[   558] loss=-0.9311 | res=2.44e-04 | grad=5.75e-01 | 1.1s
[   559] loss=-0.8256 | res=3.01e-04 | grad=3.61e-01 | 1.1s
[   560] loss=-0.8645 | res=1.33e-15 | grad=2.99e-01 | 1.1s
[   561] loss=-0.8429 | res=1.47e-15 | grad=2.62e-01 | 1.1s
[   562] loss=-0.8193 | res=1.12e-04 | grad=2.08e-01 | 1.1s
[   563] loss=-0.7738 | res=1.47e-04 | grad=3.97e-01 | 1.1s
[   564] loss=-0.7935 | res=6.14e-05 | grad=1.80e-01 | 1.1s
[   565] loss=-0.8860 | res=4.15e-04 | grad=2.28e-01 | 1.0s
[   566] loss=-0.8099 | res=3.76e-04 | grad=3.16e-01 | 1.0s
[   567] loss=-0.9426 | res=3.87e-04 | grad=6.30e-01 | 1.1s
[   568] loss=-0.7977 | res=3.90e-04 | grad=2.53e-01 | 1.1s
[   569] loss=-0.7053 | res=2.60e-05 | grad=3.68e-01 | 1.1s
[   570] loss=-0.9277 | res=1.86e-04 | grad=4.78e-01 | 1.1s
[   571] loss=-0.8260 | res=6.13e-05 | grad=2.11e-01 | 1.1s
[   572] loss=-0.7896 | res=4.32e-04 | grad=3.53e-01 | 1.1s
[   573] loss=-0.8376 | res=4.56e-04 | grad=3.05e-01 | 1.1s
[   574] loss=-0.7748 | res=1.57e-04 | grad=4.80e-01 | 1.0s
[   575] loss=-0.8482 | res=3.93e-04 | grad=2.23e-01 | 1.1s
[   576] loss=-0.9248 | res=6.40e-05 | grad=3.32e-01 | 1.1s
[   577] loss=-0.8681 | res=6.08e-05 | grad=2.16e-01 | 1.1s
[   578] loss=-0.8136 | res=8.54e-04 | grad=2.28e-01 | 1.1s
[   579] loss=-0.8250 | res=1.41e-15 | grad=1.31e-01 | 1.1s
[   580] loss=-0.8397 | res=2.30e-04 | grad=3.57e-01 | 1.1s
[   581] loss=-0.7241 | res=4.71e-09 | grad=4.42e-01 | 1.1s
[   582] loss=-0.8951 | res=3.61e-04 | grad=4.28e-01 | 1.0s
[   583] loss=-0.9415 | res=2.11e-04 | grad=5.64e-01 | 1.1s
[   584] loss=-0.8531 | res=1.86e-04 | grad=3.44e-01 | 1.1s
[   585] loss=-0.8001 | res=1.48e-15 | grad=3.98e-01 | 1.1s
[   586] loss=-0.9521 | res=5.10e-05 | grad=6.20e-01 | 1.1s
[   587] loss=-0.8657 | res=1.90e-09 | grad=1.22e-01 | 1.1s
[   588] loss=-0.8343 | res=1.37e-04 | grad=4.03e-01 | 1.1s
[   589] loss=-0.8463 | res=2.14e-04 | grad=3.06e-01 | 1.1s
[   590] loss=-0.7476 | res=1.14e-04 | grad=5.59e-01 | 1.1s
[   591] loss=-0.7703 | res=1.48e-15 | grad=3.93e-01 | 1.1s
[   592] loss=-0.8134 | res=2.75e-04 | grad=2.93e-01 | 1.1s
[   593] loss=-0.8627 | res=2.65e-04 | grad=2.44e-01 | 1.1s
[   594] loss=-0.7214 | res=3.05e-09 | grad=5.05e-01 | 1.1s
[   595] loss=-0.8954 | res=5.48e-05 | grad=6.40e-01 | 1.1s
[   596] loss=-0.7141 | res=3.51e-04 | grad=2.75e-01 | 1.0s
[   597] loss=-0.8128 | res=1.36e-15 | grad=4.11e-01 | 1.1s
[   598] loss=-0.7378 | res=3.49e-15 | grad=2.09e-01 | 1.0s
[   599] loss=-0.7380 | res=2.59e-04 | grad=3.73e-01 | 1.1s
[   600] loss=-0.8224 | res=3.77e-04 | grad=5.49e-01 | 1.1s
[   601] loss=-0.8038 | res=1.98e-04 | grad=4.54e-01 | 1.1s
[   602] loss=-0.8630 | res=1.19e-04 | grad=6.44e-01 | 1.1s
[   603] loss=-0.8482 | res=1.10e-04 | grad=2.93e-01 | 1.1s
[   604] loss=-0.8606 | res=6.70e-09 | grad=2.28e-01 | 1.1s
[   605] loss=-0.9041 | res=6.58e-05 | grad=1.75e-01 | 1.1s
[   606] loss=-0.8002 | res=9.83e-05 | grad=6.97e-01 | 1.1s
[   607] loss=-0.8959 | res=1.56e-04 | grad=1.29e-01 | 1.1s
[   608] loss=-0.8551 | res=1.86e-04 | grad=6.64e-01 | 1.1s
[   609] loss=-0.7935 | res=2.47e-04 | grad=3.87e-01 | 1.1s
[   610] loss=-0.7810 | res=2.94e-04 | grad=9.15e-01 | 1.1s
[   611] loss=-0.7336 | res=5.10e-05 | grad=7.98e-01 | 1.1s
[   612] loss=-0.8182 | res=3.87e-05 | grad=1.58e-01 | 1.1s
[   613] loss=-0.8514 | res=6.52e-09 | grad=2.95e-01 | 1.1s
[   614] loss=-0.7720 | res=3.03e-04 | grad=8.80e-02 | 1.1s
[   615] loss=-0.7733 | res=8.09e-05 | grad=4.64e-01 | 1.1s
[   616] loss=-0.8454 | res=2.13e-04 | grad=6.92e-01 | 1.1s
[   617] loss=-0.8442 | res=8.53e-10 | grad=5.82e-01 | 1.1s
[   618] loss=-0.8286 | res=4.71e-05 | grad=7.82e-01 | 1.1s
[   619] loss=-0.8701 | res=2.71e-04 | grad=2.21e-01 | 1.1s
[   620] loss=-0.7955 | res=1.36e-04 | grad=1.60e-01 | 1.1s
[   621] loss=-0.7958 | res=4.16e-04 | grad=2.68e-01 | 1.0s
[   622] loss=-0.8237 | res=2.11e-04 | grad=2.09e-01 | 1.1s
[   623] loss=-0.8483 | res=8.97e-05 | grad=2.52e-01 | 1.1s
[   624] loss=-0.8765 | res=3.11e-09 | grad=8.67e-02 | 1.1s
[   625] loss=-0.7833 | res=5.63e-12 | grad=5.34e-01 | 1.1s
[   626] loss=-0.8876 | res=2.18e-09 | grad=1.60e-01 | 1.1s
[   627] loss=-0.8149 | res=8.62e-09 | grad=3.27e-01 | 1.1s
[   628] loss=-0.8418 | res=8.60e-05 | grad=2.63e-01 | 1.1s
[   629] loss=-0.7779 | res=5.27e-04 | grad=3.35e-01 | 1.1s
[   630] loss=-0.8709 | res=4.07e-07 | grad=1.41e-01 | 1.1s
[   631] loss=-0.9250 | res=1.51e-04 | grad=4.52e-01 | 1.1s
[   632] loss=-0.8205 | res=6.95e-05 | grad=1.94e-01 | 1.2s
[   633] loss=-0.8063 | res=4.35e-04 | grad=1.49e-01 | 1.1s
[   634] loss=-0.9153 | res=8.66e-11 | grad=5.52e-01 | 1.1s
[   635] loss=-0.9124 | res=1.82e-04 | grad=3.80e-01 | 1.1s
[   636] loss=-0.8060 | res=1.50e-04 | grad=2.05e-01 | 1.1s
[   637] loss=-0.8756 | res=5.36e-04 | grad=3.48e-01 | 1.1s
[   638] loss=-0.7870 | res=4.43e-09 | grad=3.62e-01 | 1.1s
[   639] loss=-0.8036 | res=1.39e-04 | grad=2.52e-01 | 1.1s
[   640] loss=-0.7532 | res=1.55e-04 | grad=5.98e-01 | 1.1s
[   641] loss=-0.8097 | res=3.62e-04 | grad=2.24e-01 | 1.1s
[   642] loss=-0.8784 | res=4.11e-04 | grad=3.49e-01 | 1.1s
[   643] loss=-0.8911 | res=1.18e-04 | grad=4.29e-01 | 1.1s
[   644] loss=-0.9016 | res=4.26e-04 | grad=3.87e-01 | 1.1s
[   645] loss=-0.8699 | res=1.95e-04 | grad=1.73e-01 | 1.1s
[   646] loss=-0.8024 | res=6.73e-05 | grad=3.26e-01 | 1.0s
[   647] loss=-0.7770 | res=5.13e-09 | grad=2.14e-01 | 1.1s
[   648] loss=-0.7766 | res=3.14e-05 | grad=5.01e-01 | 1.1s
[   649] loss=-0.7772 | res=3.75e-04 | grad=4.71e-01 | 1.1s
[   650] loss=-0.8216 | res=2.09e-11 | grad=1.80e-01 | 1.1s
[   651] loss=-0.8377 | res=3.75e-04 | grad=2.78e-01 | 1.1s
[   652] loss=-0.8298 | res=7.25e-05 | grad=1.66e-01 | 1.1s
[   653] loss=-0.8595 | res=5.25e-05 | grad=3.24e-01 | 1.1s
[   654] loss=-0.8254 | res=1.29e-04 | grad=3.72e-01 | 1.1s
[   655] loss=-0.8549 | res=2.24e-04 | grad=3.86e-01 | 1.1s
[   656] loss=-0.8372 | res=1.62e-04 | grad=3.23e-01 | 1.0s
[   657] loss=-0.8029 | res=1.31e-04 | grad=1.42e-01 | 1.1s
[   658] loss=-0.8779 | res=2.29e-04 | grad=4.68e-01 | 1.1s
[   659] loss=-0.8741 | res=7.48e-04 | grad=2.24e-01 | 1.1s
[   660] loss=-0.7690 | res=1.87e-04 | grad=3.99e-01 | 1.0s
[   661] loss=-0.7357 | res=9.27e-04 | grad=4.74e-01 | 1.1s
[   662] loss=-0.8540 | res=6.90e-05 | grad=2.05e-01 | 1.1s
[   663] loss=-0.8216 | res=6.09e-04 | grad=2.31e-01 | 1.1s
[   664] loss=-0.8563 | res=2.56e-04 | grad=1.93e-01 | 1.1s
[   665] loss=-0.8206 | res=5.28e-05 | grad=1.55e-01 | 1.1s
[   666] loss=-0.8392 | res=1.30e-15 | grad=4.14e-01 | 1.0s
[   667] loss=-0.8120 | res=1.17e-09 | grad=1.89e-01 | 1.1s
[   668] loss=-0.9022 | res=3.60e-09 | grad=6.52e-01 | 1.1s
[   669] loss=-0.8261 | res=1.88e-04 | grad=4.26e-01 | 1.0s
[   670] loss=-0.8407 | res=1.62e-12 | grad=1.60e-01 | 1.1s
[   671] loss=-0.8718 | res=1.38e-05 | grad=3.39e-01 | 1.1s
[   672] loss=-0.7926 | res=2.95e-04 | grad=2.85e-01 | 1.1s
[   673] loss=-0.8683 | res=9.38e-05 | grad=2.47e-01 | 1.1s
[   674] loss=-0.9310 | res=1.12e-04 | grad=1.99e-01 | 1.1s
[   675] loss=-0.7877 | res=8.00e-05 | grad=5.27e-01 | 1.1s
[   676] loss=-0.8970 | res=6.14e-05 | grad=1.76e-01 | 1.1s
[   677] loss=-0.8765 | res=6.12e-05 | grad=1.37e-01 | 1.1s
[   678] loss=-0.8329 | res=1.45e-15 | grad=2.71e-01 | 1.1s
[   679] loss=-0.8489 | res=2.22e-04 | grad=1.57e-01 | 1.1s
[   680] loss=-0.8732 | res=6.82e-05 | grad=2.40e-01 | 1.1s
[   681] loss=-0.8865 | res=8.08e-05 | grad=2.20e-01 | 1.1s
[   682] loss=-0.8180 | res=2.24e-04 | grad=3.20e-01 | 1.1s
[   683] loss=-0.8518 | res=5.51e-05 | grad=1.60e-01 | 1.1s
[   684] loss=-0.8536 | res=9.88e-05 | grad=2.51e-01 | 1.0s
[   685] loss=-0.7720 | res=4.74e-04 | grad=4.66e-01 | 1.1s
[   686] loss=-0.8477 | res=2.26e-09 | grad=1.69e-01 | 1.1s
[   687] loss=-0.9760 | res=7.25e-05 | grad=7.39e-01 | 1.1s
[   688] loss=-0.8632 | res=4.08e-04 | grad=1.59e-01 | 1.1s
[   689] loss=-0.7316 | res=6.89e-09 | grad=4.09e-01 | 1.1s
[   690] loss=-0.7917 | res=1.01e-04 | grad=3.61e-01 | 1.1s
[   691] loss=-0.9259 | res=1.29e-15 | grad=2.56e-01 | 1.1s
[   692] loss=-0.8380 | res=1.84e-04 | grad=1.84e-01 | 1.1s
[   693] loss=-0.8033 | res=1.49e-15 | grad=1.48e-01 | 1.0s
[   694] loss=-0.8264 | res=1.17e-04 | grad=1.87e-01 | 1.1s
[   695] loss=-0.8142 | res=3.78e-09 | grad=1.61e-01 | 1.1s
[   696] loss=-0.8998 | res=6.71e-05 | grad=2.36e-01 | 1.1s
[   697] loss=-0.8702 | res=5.23e-04 | grad=2.05e-01 | 1.0s
[   698] loss=-0.7773 | res=8.55e-05 | grad=2.67e-01 | 1.1s
[   699] loss=-0.9320 | res=1.24e-04 | grad=4.02e-01 | 1.1s
[   700] loss=-0.8410 | res=1.50e-04 | grad=1.85e-01 | 1.1s
[   701] loss=-0.6884 | res=1.57e-04 | grad=7.08e-01 | 1.1s
[   702] loss=-0.8801 | res=1.55e-04 | grad=1.56e-01 | 1.1s
[   703] loss=-0.8402 | res=2.78e-04 | grad=2.06e-01 | 1.1s
[   704] loss=-0.7632 | res=1.36e-04 | grad=1.62e-01 | 1.1s
[   705] loss=-0.7921 | res=4.64e-04 | grad=2.98e-01 | 1.1s
[   706] loss=-0.7323 | res=3.60e-04 | grad=4.93e-01 | 1.1s
[   707] loss=-0.8392 | res=3.94e-04 | grad=3.76e-01 | 1.0s
[   708] loss=-0.8865 | res=4.19e-04 | grad=5.64e-01 | 1.1s
[   709] loss=-0.7664 | res=8.50e-04 | grad=1.90e-01 | 1.1s
[   710] loss=-0.8613 | res=3.17e-09 | grad=4.77e-01 | 1.1s
[   711] loss=-0.8333 | res=3.22e-04 | grad=3.48e-01 | 1.1s
[   712] loss=-0.7809 | res=1.29e-15 | grad=2.45e-01 | 1.0s
[   713] loss=-0.8817 | res=1.09e-04 | grad=4.41e-01 | 1.1s
[   714] loss=-0.7705 | res=4.89e-04 | grad=2.97e-01 | 1.0s
[   715] loss=-0.8731 | res=1.51e-04 | grad=3.13e-01 | 1.1s
[   716] loss=-0.8570 | res=2.24e-13 | grad=1.53e-01 | 1.1s
[   717] loss=-0.8303 | res=3.76e-04 | grad=5.89e-01 | 1.1s
[   718] loss=-0.9223 | res=3.45e-04 | grad=1.20e-01 | 1.0s
[   719] loss=-0.8610 | res=3.08e-04 | grad=2.46e-01 | 1.0s
[   720] loss=-0.8572 | res=1.37e-15 | grad=3.65e-01 | 1.0s
[   721] loss=-0.8137 | res=5.78e-04 | grad=3.67e-01 | 1.1s
[   722] loss=-0.9018 | res=1.96e-09 | grad=2.07e-01 | 1.1s
[   723] loss=-0.8948 | res=3.62e-04 | grad=3.33e-01 | 1.1s
[   724] loss=-0.7877 | res=3.60e-04 | grad=1.44e-01 | 1.0s
[   725] loss=-0.9292 | res=2.59e-04 | grad=4.66e-01 | 1.0s
[   726] loss=-0.7023 | res=2.58e-04 | grad=4.95e-01 | 1.0s
[   727] loss=-0.9210 | res=3.47e-09 | grad=3.45e-01 | 1.0s
[   728] loss=-0.7916 | res=3.04e-09 | grad=2.52e-01 | 1.0s
[   729] loss=-0.8626 | res=1.18e-04 | grad=2.59e-01 | 1.0s
[   730] loss=-0.7709 | res=3.44e-04 | grad=2.15e-01 | 0.9s
[   731] loss=-0.7659 | res=1.31e-04 | grad=4.08e-01 | 0.9s
[   732] loss=-0.8082 | res=2.24e-04 | grad=1.69e-01 | 0.9s
[   733] loss=-0.8528 | res=5.49e-05 | grad=1.52e-01 | 0.9s
[   734] loss=-0.9246 | res=3.22e-04 | grad=4.78e-01 | 0.9s
[   735] loss=-0.8355 | res=2.13e-04 | grad=2.27e-01 | 0.9s
[   736] loss=-0.7820 | res=3.59e-09 | grad=3.02e-01 | 0.9s
[   737] loss=-0.7463 | res=3.42e-04 | grad=2.79e-01 | 1.1s
[   738] loss=-0.7560 | res=1.36e-15 | grad=3.02e-01 | 1.1s
[   739] loss=-0.9044 | res=5.43e-09 | grad=8.44e-01 | 1.1s
[   740] loss=-0.9141 | res=8.67e-09 | grad=4.22e-01 | 1.0s
[   741] loss=-0.8689 | res=3.86e-13 | grad=2.27e-01 | 1.1s
[   742] loss=-0.8117 | res=5.13e-04 | grad=3.00e-01 | 1.0s
[   743] loss=-0.8374 | res=3.22e-04 | grad=3.22e-01 | 1.1s
[   744] loss=-0.7901 | res=8.01e-05 | grad=3.42e-01 | 1.0s
[   745] loss=-0.8794 | res=6.39e-04 | grad=2.66e-01 | 1.1s
[   746] loss=-0.8041 | res=7.61e-15 | grad=2.79e-01 | 1.0s
[   747] loss=-0.7729 | res=6.71e-10 | grad=3.43e-01 | 1.1s
[   748] loss=-0.9232 | res=1.32e-04 | grad=4.62e-01 | 1.1s
[   749] loss=-0.7724 | res=2.54e-04 | grad=1.73e-01 | 1.0s
[   750] loss=-0.8608 | res=6.58e-10 | grad=3.93e-01 | 1.1s
[   751] loss=-0.7538 | res=1.28e-04 | grad=3.20e-01 | 1.1s
[   752] loss=-0.8458 | res=1.20e-04 | grad=2.15e-01 | 1.0s
[   753] loss=-0.7678 | res=5.12e-04 | grad=2.10e-01 | 1.0s
[   754] loss=-0.8297 | res=4.47e-10 | grad=2.17e-01 | 1.0s
[   755] loss=-0.8450 | res=8.01e-05 | grad=3.26e-01 | 1.0s
[   756] loss=-0.8354 | res=6.47e-05 | grad=1.09e-01 | 1.1s
[   757] loss=-0.7494 | res=5.19e-04 | grad=3.84e-01 | 1.0s
[   758] loss=-0.8011 | res=3.92e-04 | grad=2.47e-01 | 1.1s
[   759] loss=-0.9510 | res=3.21e-09 | grad=6.91e-01 | 1.1s
[   760] loss=-0.8165 | res=1.62e-15 | grad=3.71e-01 | 1.1s
[   761] loss=-0.7716 | res=1.36e-15 | grad=3.63e-01 | 1.1s
[   762] loss=-0.7903 | res=1.32e-04 | grad=2.58e-01 | 1.0s
[   763] loss=-0.8206 | res=2.22e-04 | grad=2.94e-01 | 1.1s
[   764] loss=-0.8256 | res=4.07e-09 | grad=2.46e-01 | 1.1s
[   765] loss=-0.7924 | res=1.97e-04 | grad=1.74e-01 | 1.1s
[   766] loss=-0.8410 | res=8.94e-05 | grad=1.59e-01 | 1.1s
[   767] loss=-0.9010 | res=1.64e-04 | grad=3.05e-01 | 1.1s
[   768] loss=-0.7920 | res=1.14e-09 | grad=2.67e-01 | 1.1s
[   769] loss=-0.7712 | res=6.51e-05 | grad=2.66e-01 | 1.1s
[   770] loss=-0.8755 | res=7.34e-05 | grad=5.07e-01 | 1.1s
[   771] loss=-0.9404 | res=4.14e-04 | grad=4.88e-01 | 1.1s
[   772] loss=-0.9334 | res=7.11e-05 | grad=4.41e-01 | 1.1s
[   773] loss=-0.8917 | res=5.17e-04 | grad=8.27e-02 | 1.0s
[   774] loss=-0.7426 | res=6.16e-05 | grad=4.64e-01 | 0.9s
[   775] loss=-0.9022 | res=7.46e-05 | grad=2.96e-01 | 0.9s
[   776] loss=-0.8416 | res=1.15e-04 | grad=2.05e-01 | 0.9s
[   777] loss=-0.8340 | res=4.19e-05 | grad=2.23e-01 | 0.9s
[   778] loss=-0.8849 | res=1.71e-04 | grad=3.89e-01 | 0.9s
[   779] loss=-0.7451 | res=2.80e-09 | grad=4.55e-01 | 0.9s
[   780] loss=-0.8741 | res=1.02e-04 | grad=1.17e-01 | 0.9s
[   781] loss=-0.8333 | res=6.44e-05 | grad=1.34e-01 | 1.0s
[   782] loss=-0.8974 | res=6.66e-05 | grad=3.07e-01 | 1.1s
[   783] loss=-0.8209 | res=2.53e-04 | grad=2.95e-01 | 1.0s
[   784] loss=-0.8291 | res=2.33e-04 | grad=2.20e-01 | 1.0s
[   785] loss=-0.7680 | res=6.85e-05 | grad=1.82e-01 | 1.0s
[   786] loss=-0.7702 | res=1.52e-04 | grad=2.53e-01 | 1.1s
[   787] loss=-0.8584 | res=1.35e-04 | grad=3.58e-01 | 1.1s
[   788] loss=-0.8757 | res=1.93e-04 | grad=5.13e-01 | 1.1s
[   789] loss=-0.7314 | res=1.48e-09 | grad=5.30e-01 | 1.1s
[   790] loss=-0.8928 | res=5.45e-04 | grad=4.67e-01 | 1.0s
[   791] loss=-0.8241 | res=2.81e-04 | grad=2.51e-01 | 1.1s
[   792] loss=-0.8161 | res=5.10e-05 | grad=1.30e-01 | 1.1s
[   793] loss=-0.8189 | res=3.79e-09 | grad=3.03e-01 | 1.1s
[   794] loss=-0.8007 | res=2.23e-09 | grad=2.52e-01 | 1.1s
[   795] loss=-0.7349 | res=1.58e-04 | grad=3.58e-01 | 1.1s
[   796] loss=-0.9526 | res=1.35e-04 | grad=6.44e-01 | 1.1s
[   797] loss=-0.7526 | res=1.37e-15 | grad=2.63e-01 | 1.0s
[   798] loss=-0.7932 | res=1.52e-04 | grad=3.74e-01 | 1.1s
[   799] loss=-0.9117 | res=1.42e-15 | grad=3.45e-01 | 1.1s
[   800] loss=-0.8484 | res=5.92e-12 | grad=3.47e-01 | 1.1s
[   801] loss=-0.8348 | res=1.31e-04 | grad=1.71e-01 | 1.1s
[   802] loss=-0.7137 | res=3.49e-04 | grad=4.62e-01 | 1.1s
[   803] loss=-0.8774 | res=4.11e-04 | grad=2.12e-01 | 1.0s
[   804] loss=-0.7349 | res=1.20e-04 | grad=4.03e-01 | 1.0s
[   805] loss=-0.8443 | res=5.12e-05 | grad=1.40e-01 | 1.0s
[   806] loss=-0.8166 | res=6.41e-10 | grad=1.64e-01 | 1.0s
[   807] loss=-0.8126 | res=3.46e-04 | grad=2.24e-01 | 1.1s
[   808] loss=-0.8551 | res=3.93e-04 | grad=5.40e-01 | 1.1s
[   809] loss=-0.7455 | res=1.74e-08 | grad=2.49e-01 | 1.1s
[   810] loss=-0.8231 | res=1.08e-04 | grad=1.73e-01 | 1.1s
[   811] loss=-0.8171 | res=9.16e-05 | grad=2.16e-01 | 1.1s
[   812] loss=-0.8126 | res=2.94e-09 | grad=1.51e-01 | 1.0s
[   813] loss=-0.8355 | res=9.14e-05 | grad=1.31e-01 | 1.0s
[   814] loss=-0.7602 | res=2.66e-04 | grad=1.81e-01 | 1.0s
[   815] loss=-0.7796 | res=1.57e-04 | grad=1.14e-01 | 1.1s
[   816] loss=-0.8143 | res=5.73e-05 | grad=1.93e-01 | 1.1s
[   817] loss=-0.7580 | res=2.26e-04 | grad=3.48e-01 | 1.1s
[   818] loss=-0.8870 | res=1.30e-15 | grad=4.52e-01 | 1.0s
[   819] loss=-0.7752 | res=2.42e-04 | grad=1.93e-01 | 1.0s
[   820] loss=-0.8311 | res=4.04e-04 | grad=1.14e-01 | 1.0s
[   821] loss=-0.8169 | res=1.42e-04 | grad=2.89e-01 | 1.0s
[   822] loss=-0.8930 | res=5.70e-05 | grad=3.87e-01 | 1.0s
[   823] loss=-0.8899 | res=1.12e-04 | grad=2.87e-01 | 1.0s
[   824] loss=-0.8140 | res=1.90e-09 | grad=1.69e-01 | 1.0s
[   825] loss=-0.8740 | res=1.51e-15 | grad=1.05e-01 | 1.1s
[   826] loss=-0.8749 | res=2.66e-04 | grad=2.86e-01 | 1.0s
[   827] loss=-0.8367 | res=1.49e-04 | grad=3.71e-01 | 1.1s
[   828] loss=-0.9420 | res=7.52e-04 | grad=2.54e-01 | 1.1s
[   829] loss=-0.8718 | res=5.50e-05 | grad=3.14e-01 | 1.1s
[   830] loss=-0.9371 | res=1.31e-15 | grad=7.96e-02 | 1.1s
[   831] loss=-0.8913 | res=3.73e-14 | grad=3.02e-01 | 1.1s
[   832] loss=-0.8995 | res=7.14e-05 | grad=2.34e-01 | 1.0s
[   833] loss=-0.8323 | res=2.03e-09 | grad=3.18e-01 | 1.1s
[   834] loss=-0.8582 | res=3.45e-05 | grad=1.25e-01 | 1.1s
[   835] loss=-0.8128 | res=1.46e-15 | grad=1.78e-01 | 1.1s
[   836] loss=-0.8394 | res=5.30e-05 | grad=2.06e-01 | 1.0s
[   837] loss=-0.9003 | res=1.84e-04 | grad=2.94e-01 | 1.1s
[   838] loss=-0.7985 | res=2.51e-04 | grad=1.07e-01 | 1.0s
[   839] loss=-0.7815 | res=2.63e-04 | grad=1.33e-01 | 1.1s
[   840] loss=-0.8675 | res=2.77e-04 | grad=5.05e-01 | 1.1s
[   841] loss=-0.8244 | res=1.19e-15 | grad=1.83e-01 | 1.1s
[   842] loss=-0.8341 | res=7.43e-05 | grad=2.60e-01 | 1.1s
[   843] loss=-0.8672 | res=4.74e-04 | grad=2.80e-01 | 1.1s
[   844] loss=-0.8570 | res=2.20e-04 | grad=1.08e-01 | 1.1s
[   845] loss=-0.7800 | res=2.04e-04 | grad=5.64e-01 | 1.1s
[   846] loss=-0.8705 | res=2.22e-04 | grad=1.38e-01 | 1.0s
[   847] loss=-0.8562 | res=1.50e-15 | grad=3.81e-01 | 1.0s
[   848] loss=-0.7798 | res=8.91e-05 | grad=4.87e-01 | 1.0s
[   849] loss=-0.7730 | res=2.15e-04 | grad=4.04e-01 | 1.0s
[   850] loss=-0.8309 | res=3.28e-04 | grad=2.51e-01 | 1.0s
[   851] loss=-0.8012 | res=2.67e-04 | grad=2.42e-01 | 1.0s
[   852] loss=-0.8347 | res=1.78e-04 | grad=4.25e-01 | 1.0s
[   853] loss=-0.8491 | res=4.25e-04 | grad=3.55e-01 | 1.0s
[   854] loss=-0.9167 | res=4.25e-04 | grad=7.25e-01 | 1.0s
[   855] loss=-0.8433 | res=8.27e-09 | grad=1.44e-01 | 1.0s
[   856] loss=-0.8396 | res=1.50e-15 | grad=1.68e-01 | 1.0s
[   857] loss=-0.8193 | res=2.50e-04 | grad=1.87e-01 | 1.0s
[   858] loss=-0.9051 | res=2.85e-04 | grad=1.35e-01 | 1.0s
[   859] loss=-0.7990 | res=6.35e-05 | grad=2.95e-01 | 1.0s
[   860] loss=-0.8917 | res=1.67e-04 | grad=2.53e-01 | 1.0s
[   861] loss=-0.8468 | res=6.83e-05 | grad=1.30e-01 | 1.0s
[   862] loss=-0.8672 | res=5.68e-05 | grad=8.19e-02 | 1.0s
[   863] loss=-0.9164 | res=1.39e-04 | grad=2.65e-01 | 0.9s
[   864] loss=-0.8177 | res=2.83e-04 | grad=2.69e-01 | 0.9s
[   865] loss=-0.8795 | res=2.48e-04 | grad=2.08e-01 | 0.9s
[   866] loss=-0.9078 | res=4.08e-05 | grad=1.27e-01 | 0.9s
[   867] loss=-0.8937 | res=3.87e-04 | grad=2.00e-01 | 0.9s
[   868] loss=-0.7901 | res=6.62e-05 | grad=4.38e-01 | 0.9s
[   869] loss=-0.8551 | res=2.48e-09 | grad=1.92e-01 | 0.9s
[   870] loss=-0.8482 | res=4.31e-04 | grad=1.38e-01 | 1.0s
[   871] loss=-0.6650 | res=7.53e-04 | grad=7.28e-01 | 1.1s
[   872] loss=-0.7327 | res=2.87e-04 | grad=4.51e-01 | 1.1s
[   873] loss=-0.8047 | res=2.94e-04 | grad=2.34e-01 | 1.1s
[   874] loss=-0.7184 | res=1.06e-04 | grad=1.80e-01 | 1.1s
[   875] loss=-0.8500 | res=1.24e-15 | grad=8.55e-01 | 1.0s
[   876] loss=-0.9511 | res=3.67e-09 | grad=1.24e+00 | 1.1s
[   877] loss=-0.9759 | res=7.30e-05 | grad=1.08e+00 | 1.1s
[   878] loss=-0.8067 | res=2.13e-04 | grad=1.69e-01 | 1.0s
[   879] loss=-0.8666 | res=6.66e-05 | grad=1.58e-01 | 1.1s
[   880] loss=-0.7865 | res=3.14e-04 | grad=6.15e-01 | 1.0s
[   881] loss=-0.8252 | res=5.24e-04 | grad=5.36e-01 | 1.1s
[   882] loss=-0.8068 | res=2.14e-09 | grad=4.06e-01 | 1.0s
[   883] loss=-0.8906 | res=6.61e-05 | grad=3.17e-01 | 1.1s
[   884] loss=-0.8600 | res=3.96e-04 | grad=3.29e-01 | 1.0s
[   885] loss=-0.7374 | res=1.50e-04 | grad=9.92e-01 | 1.1s
[   886] loss=-0.8042 | res=7.48e-05 | grad=2.05e-01 | 1.0s
[   887] loss=-0.8522 | res=3.97e-04 | grad=2.83e-01 | 1.1s
[   888] loss=-0.8584 | res=9.99e-11 | grad=3.39e-01 | 1.1s
[   889] loss=-0.8251 | res=5.72e-05 | grad=1.80e-01 | 1.1s
[   890] loss=-0.8956 | res=1.76e-04 | grad=6.76e-01 | 1.1s
[   891] loss=-0.7890 | res=1.30e-15 | grad=8.63e-02 | 1.1s
[   892] loss=-0.9494 | res=5.18e-05 | grad=9.63e-01 | 0.9s
[   893] loss=-0.8776 | res=1.49e-15 | grad=2.43e-01 | 0.9s
[   894] loss=-0.7814 | res=1.40e-04 | grad=4.29e-01 | 0.9s
[   895] loss=-0.8131 | res=7.18e-05 | grad=3.00e-01 | 0.9s
[   896] loss=-0.8939 | res=1.39e-15 | grad=1.87e-01 | 0.9s
[   897] loss=-0.7858 | res=7.73e-05 | grad=3.54e-01 | 0.9s
[   898] loss=-0.8696 | res=4.47e-05 | grad=2.54e-01 | 0.9s
[   899] loss=-0.8601 | res=2.11e-04 | grad=1.69e-01 | 0.9s
[   900] loss=-0.8406 | res=6.57e-05 | grad=1.11e-01 | 0.9s
[   901] loss=-0.8303 | res=7.95e-05 | grad=1.52e-01 | 0.9s
[   902] loss=-0.8080 | res=1.90e-09 | grad=3.78e-01 | 0.9s
[   903] loss=-0.8456 | res=2.95e-04 | grad=2.71e-01 | 0.9s
[   904] loss=-0.8538 | res=3.21e-04 | grad=1.88e-01 | 0.9s
[   905] loss=-0.8632 | res=6.40e-04 | grad=1.72e-01 | 0.9s
[   906] loss=-0.9173 | res=2.40e-04 | grad=4.31e-01 | 0.9s
[   907] loss=-0.8653 | res=2.40e-04 | grad=1.80e-01 | 0.9s
[   908] loss=-0.7887 | res=8.01e-05 | grad=4.92e-01 | 0.9s
[   909] loss=-0.7914 | res=9.49e-05 | grad=3.13e-01 | 0.9s
[   910] loss=-0.8071 | res=4.16e-04 | grad=6.16e-02 | 0.9s
[   911] loss=-0.8486 | res=1.21e-04 | grad=3.38e-01 | 1.0s
[   912] loss=-0.8968 | res=4.20e-04 | grad=3.25e-01 | 1.0s
[   913] loss=-0.7778 | res=2.87e-04 | grad=3.92e-01 | 1.0s
[   914] loss=-0.8751 | res=9.89e-05 | grad=3.24e-01 | 1.0s
[   915] loss=-0.8009 | res=1.84e-13 | grad=3.01e-01 | 1.0s
[   916] loss=-0.7695 | res=7.44e-05 | grad=4.62e-01 | 1.0s
[   917] loss=-0.8480 | res=8.73e-05 | grad=1.70e-01 | 1.1s
[   918] loss=-0.7847 | res=3.44e-09 | grad=2.27e-01 | 1.1s
[   919] loss=-0.8462 | res=1.90e-04 | grad=2.74e-01 | 1.1s
[   920] loss=-0.8077 | res=9.12e-05 | grad=4.23e-01 | 1.1s
[   921] loss=-0.8403 | res=1.11e-04 | grad=3.69e-01 | 1.1s
[   922] loss=-0.8130 | res=1.14e-04 | grad=1.76e-01 | 1.1s
[   923] loss=-0.7963 | res=1.33e-15 | grad=8.45e-02 | 1.1s
[   924] loss=-0.8244 | res=5.87e-05 | grad=1.17e-01 | 1.1s
[   925] loss=-0.8653 | res=5.74e-12 | grad=1.37e-01 | 1.1s
[   926] loss=-0.8629 | res=1.44e-09 | grad=1.22e-01 | 1.0s
[   927] loss=-0.8641 | res=4.16e-04 | grad=1.91e-01 | 1.1s
[   928] loss=-0.7114 | res=2.41e-04 | grad=6.75e-01 | 1.1s
[   929] loss=-0.8372 | res=1.38e-15 | grad=2.40e-01 | 1.1s
[   930] loss=-0.8056 | res=2.94e-09 | grad=5.36e-01 | 1.1s
[   931] loss=-0.8941 | res=2.03e-04 | grad=4.21e-01 | 1.1s
[   932] loss=-0.8331 | res=2.59e-04 | grad=1.79e-01 | 1.1s
[   933] loss=-0.7445 | res=3.33e-04 | grad=2.22e-01 | 1.1s
[   934] loss=-0.8513 | res=7.45e-05 | grad=4.18e-01 | 1.1s
[   935] loss=-0.8581 | res=5.99e-05 | grad=6.04e-01 | 1.1s
[   936] loss=-0.8531 | res=1.18e-04 | grad=3.57e-01 | 1.1s
[   937] loss=-0.8380 | res=3.33e-04 | grad=2.05e-01 | 1.1s
[   938] loss=-0.8446 | res=2.51e-04 | grad=1.50e-01 | 1.1s
[   939] loss=-0.8204 | res=3.00e-04 | grad=1.77e-01 | 1.1s
[   940] loss=-0.8772 | res=2.14e-04 | grad=2.52e-01 | 1.1s
[   941] loss=-0.7452 | res=2.70e-04 | grad=5.01e-01 | 1.1s
[   942] loss=-0.8184 | res=4.87e-05 | grad=3.53e-01 | 1.1s
[   943] loss=-0.8772 | res=3.55e-09 | grad=2.82e-01 | 1.1s
[   944] loss=-0.8349 | res=2.71e-04 | grad=3.44e-01 | 1.1s
[   945] loss=-0.7784 | res=3.41e-04 | grad=5.88e-01 | 1.1s
[   946] loss=-0.9031 | res=3.03e-04 | grad=2.43e-01 | 1.1s
[   947] loss=-0.8330 | res=1.40e-15 | grad=1.43e-01 | 1.1s
[   948] loss=-0.7731 | res=5.96e-05 | grad=1.93e-01 | 1.1s
[   949] loss=-0.8775 | res=1.62e-04 | grad=6.98e-01 | 1.1s
[   950] loss=-0.8578 | res=6.17e-09 | grad=4.83e-01 | 1.1s
[   951] loss=-0.8689 | res=6.03e-05 | grad=3.33e-01 | 1.1s
[   952] loss=-0.8471 | res=3.08e-04 | grad=1.79e-01 | 1.0s
[   953] loss=-0.8611 | res=1.87e-04 | grad=1.84e-01 | 1.1s
[   954] loss=-0.9229 | res=1.26e-04 | grad=2.77e-01 | 0.9s
[   955] loss=-0.7835 | res=1.29e-04 | grad=5.44e-01 | 0.9s
[   956] loss=-0.9094 | res=2.53e-05 | grad=2.29e-01 | 0.9s
[   957] loss=-0.9588 | res=7.89e-05 | grad=1.95e-01 | 0.9s
[   958] loss=-0.8594 | res=7.06e-04 | grad=4.29e-01 | 0.9s
[   959] loss=-0.8059 | res=5.08e-10 | grad=7.26e-01 | 0.9s
[   960] loss=-0.8463 | res=6.24e-05 | grad=2.82e-01 | 0.9s
[   961] loss=-0.7643 | res=1.45e-15 | grad=6.22e-01 | 0.9s
[   962] loss=-0.8615 | res=2.87e-04 | grad=1.87e-01 | 1.1s
[   963] loss=-0.8147 | res=1.68e-04 | grad=1.24e-01 | 1.1s
[   964] loss=-0.8672 | res=1.21e-15 | grad=5.96e-01 | 1.1s
[   965] loss=-0.8549 | res=3.82e-09 | grad=5.31e-01 | 1.1s
[   966] loss=-0.8611 | res=3.74e-09 | grad=4.96e-01 | 1.1s
[   967] loss=-0.8079 | res=3.33e-04 | grad=1.67e-01 | 1.1s
[   968] loss=-0.9272 | res=3.01e-09 | grad=6.22e-01 | 1.1s
[   969] loss=-0.8333 | res=3.94e-05 | grad=2.22e-01 | 1.1s
[   970] loss=-0.8824 | res=1.90e-04 | grad=1.41e-01 | 1.1s
[   971] loss=-0.9506 | res=6.09e-05 | grad=1.32e-01 | 1.1s
[   972] loss=-0.8663 | res=3.35e-04 | grad=2.16e-01 | 1.1s
[   973] loss=-0.7509 | res=6.99e-05 | grad=7.04e-01 | 1.1s
[   974] loss=-0.8543 | res=3.90e-04 | grad=3.62e-01 | 1.1s
[   975] loss=-0.7460 | res=7.97e-04 | grad=7.26e-01 | 1.1s
[   976] loss=-0.8607 | res=1.15e-04 | grad=1.99e-01 | 1.1s
[   977] loss=-0.8557 | res=4.09e-04 | grad=1.95e-01 | 1.1s
[   978] loss=-0.8507 | res=9.57e-05 | grad=1.27e-01 | 1.1s
[   979] loss=-0.7647 | res=2.08e-09 | grad=2.79e-01 | 1.1s
[   980] loss=-0.7923 | res=6.43e-09 | grad=1.87e-01 | 1.0s
[   981] loss=-0.8146 | res=1.45e-04 | grad=2.55e-01 | 1.1s
[   982] loss=-0.8965 | res=1.95e-04 | grad=9.71e-01 | 1.1s
[   983] loss=-0.8904 | res=7.98e-15 | grad=8.12e-01 | 1.1s
[   984] loss=-0.8594 | res=1.22e-15 | grad=6.05e-01 | 1.1s
[   985] loss=-0.8705 | res=6.67e-05 | grad=2.58e-01 | 1.1s
[   986] loss=-0.8210 | res=2.61e-04 | grad=2.32e-01 | 1.1s
[   987] loss=-0.8392 | res=3.40e-09 | grad=3.51e-01 | 1.1s
[   988] loss=-0.7785 | res=5.32e-09 | grad=6.76e-01 | 1.1s
[   989] loss=-0.7861 | res=2.91e-04 | grad=6.42e-01 | 1.1s
[   990] loss=-0.7603 | res=5.76e-05 | grad=7.39e-01 | 1.1s
[   991] loss=-0.8855 | res=2.91e-09 | grad=2.20e-01 | 1.1s
[   992] loss=-0.8048 | res=2.42e-04 | grad=2.91e-01 | 1.1s
[   993] loss=-0.8264 | res=4.21e-04 | grad=9.95e-02 | 1.1s
[   994] loss=-0.9084 | res=1.19e-04 | grad=2.40e-01 | 1.1s
[   995] loss=-0.7792 | res=5.94e-04 | grad=3.14e-01 | 1.1s
[   996] loss=-0.7722 | res=4.91e-05 | grad=1.71e-01 | 1.1s
[   997] loss=-0.8728 | res=5.73e-05 | grad=5.67e-01 | 1.1s
[   998] loss=-0.9215 | res=2.86e-04 | grad=5.49e-01 | 1.1s
[   999] loss=-0.8409 | res=1.31e-04 | grad=1.82e-01 | 1.1s
[  1000] loss=-0.8132 | res=2.85e-04 | grad=1.44e-01 | 1.1s
    KL = 0.0254
    ESS ratio = 0.974
    Runtime = 1059.9s

  --- Run 4/5 (seed=45678) ---
/home/sjbhatt/anaconda3/envs/rcpms-jax/lib/python3.10/site-packages/jax/_src/ops/scatter.py:92: FutureWarning: scatter inputs have incompatible types: cannot safely cast value from dtype=int64 to dtype=int32 with jax_numpy_dtype_promotion='standard'. In future JAX releases this will result in an error.
  warnings.warn(
/home/sjbhatt/anaconda3/envs/rcpms-jax/lib/python3.10/site-packages/jax/_src/ops/scatter.py:92: FutureWarning: scatter inputs have incompatible types: cannot safely cast value from dtype=int64 to dtype=int32 with jax_numpy_dtype_promotion='standard'. In future JAX releases this will result in an error.
  warnings.warn(
[     1] loss=-0.0123 | res=7.50e-13 | grad=5.72e+00 | 3.2s
[     2] loss=-0.1378 | res=4.26e-16 | grad=5.54e+00 | 1.1s
[     3] loss=-0.2431 | res=6.23e-05 | grad=5.18e+00 | 1.0s
[     4] loss=-0.3435 | res=3.55e-04 | grad=4.91e+00 | 1.1s
[     5] loss=-0.4435 | res=4.07e-05 | grad=4.63e+00 | 1.0s
[     6] loss=-0.5474 | res=4.47e-04 | grad=4.64e+00 | 1.0s
[     7] loss=-0.6051 | res=9.56e-09 | grad=4.13e+00 | 1.0s
[     8] loss=-0.6507 | res=1.75e-05 | grad=3.17e+00 | 1.1s
[     9] loss=-0.7429 | res=5.06e-04 | grad=2.90e+00 | 1.0s
[    10] loss=-0.7299 | res=1.48e-04 | grad=1.69e+00 | 1.1s
[    11] loss=-0.7693 | res=4.34e-05 | grad=1.01e+00 | 1.0s
[    12] loss=-0.7856 | res=2.01e-09 | grad=4.47e-01 | 1.0s
[    13] loss=-0.8509 | res=5.33e-04 | grad=3.03e-01 | 1.0s
[    14] loss=-0.8337 | res=5.69e-05 | grad=6.45e-01 | 1.0s
[    15] loss=-0.7418 | res=6.46e-05 | grad=9.47e-01 | 1.0s
[    16] loss=-0.8572 | res=3.86e-04 | grad=9.19e-01 | 1.0s
[    17] loss=-0.8087 | res=1.20e-03 | grad=9.26e-01 | 1.0s
[    18] loss=-0.8957 | res=1.11e-08 | grad=8.43e-01 | 0.9s
[    19] loss=-0.8309 | res=3.10e-04 | grad=1.01e+00 | 0.9s
[    20] loss=-0.8976 | res=1.95e-04 | grad=1.20e+00 | 0.9s
[    21] loss=-0.7389 | res=6.45e-04 | grad=1.40e+00 | 0.9s
[    22] loss=-0.7693 | res=9.19e-04 | grad=1.13e+00 | 0.9s
[    23] loss=-0.7504 | res=4.85e-04 | grad=8.04e-01 | 0.9s
[    24] loss=-0.9387 | res=1.15e-04 | grad=4.78e-01 | 0.9s
[    25] loss=-0.8470 | res=1.69e-04 | grad=6.59e-01 | 0.9s
[    26] loss=-0.7593 | res=1.36e-08 | grad=5.93e-01 | 0.9s
[    27] loss=-0.8421 | res=8.42e-09 | grad=3.30e-01 | 0.9s
[    28] loss=-0.8887 | res=1.03e-04 | grad=2.54e-01 | 0.9s
[    29] loss=-0.7814 | res=1.22e-04 | grad=3.09e-01 | 0.9s
[    30] loss=-0.7377 | res=1.76e-04 | grad=4.86e-01 | 0.9s
[    31] loss=-0.8332 | res=3.13e-04 | grad=7.09e-01 | 0.9s
[    32] loss=-0.8238 | res=2.66e-09 | grad=6.82e-01 | 0.9s
[    33] loss=-0.7251 | res=1.21e-04 | grad=3.55e-01 | 0.9s
[    34] loss=-0.8784 | res=7.28e-04 | grad=8.79e-01 | 1.0s
[    35] loss=-0.8317 | res=4.62e-09 | grad=1.12e+00 | 1.0s
[    36] loss=-0.9492 | res=6.88e-09 | grad=9.24e-01 | 1.0s
[    37] loss=-0.7878 | res=2.27e-04 | grad=4.85e-01 | 1.0s
[    38] loss=-0.7954 | res=3.44e-04 | grad=2.91e-01 | 1.0s
[    39] loss=-0.7965 | res=2.90e-04 | grad=4.94e-01 | 1.0s
[    40] loss=-0.8122 | res=2.08e-15 | grad=3.59e-01 | 1.0s
[    41] loss=-0.8942 | res=5.46e-04 | grad=3.82e-01 | 1.0s
[    42] loss=-0.7529 | res=3.09e-04 | grad=4.27e-01 | 1.0s
[    43] loss=-0.9171 | res=6.60e-05 | grad=8.38e-01 | 1.0s
[    44] loss=-0.8959 | res=8.30e-04 | grad=2.47e-01 | 1.1s
[    45] loss=-0.7306 | res=3.92e-04 | grad=6.05e-01 | 1.0s
[    46] loss=-0.7784 | res=6.58e-05 | grad=7.15e-01 | 1.0s
[    47] loss=-0.6824 | res=9.14e-09 | grad=8.33e-01 | 1.0s
[    48] loss=-0.8631 | res=1.07e-04 | grad=5.13e-01 | 1.0s
[    49] loss=-0.9021 | res=5.11e-04 | grad=2.74e-01 | 1.0s
[    50] loss=-0.9162 | res=1.82e-09 | grad=2.15e-01 | 1.1s
[    51] loss=-0.9154 | res=6.25e-05 | grad=2.90e-01 | 1.1s
[    52] loss=-0.7441 | res=4.21e-04 | grad=4.70e-01 | 1.0s
[    53] loss=-0.7180 | res=1.31e-04 | grad=5.00e-01 | 1.0s
[    54] loss=-0.9055 | res=5.43e-04 | grad=2.87e-01 | 1.0s
[    55] loss=-0.8481 | res=5.53e-04 | grad=4.17e-01 | 1.0s
[    56] loss=-0.7145 | res=3.33e-04 | grad=5.21e-01 | 0.9s
[    57] loss=-0.8122 | res=7.11e-05 | grad=5.41e-01 | 0.9s
[    58] loss=-0.7973 | res=1.21e-04 | grad=2.83e-01 | 0.9s
[    59] loss=-0.7642 | res=6.57e-05 | grad=2.15e-01 | 0.9s
[    60] loss=-0.8052 | res=2.31e-04 | grad=4.60e-01 | 0.9s
[    61] loss=-0.7982 | res=1.35e-04 | grad=4.97e-01 | 0.9s
[    62] loss=-0.8710 | res=2.66e-04 | grad=6.87e-01 | 0.9s
[    63] loss=-0.8773 | res=1.62e-08 | grad=4.10e-01 | 0.9s
[    64] loss=-0.8617 | res=4.13e-06 | grad=2.15e-01 | 0.9s
[    65] loss=-0.8241 | res=8.69e-04 | grad=2.56e-01 | 0.9s
[    66] loss=-0.7901 | res=1.28e-03 | grad=4.27e-01 | 0.9s
[    67] loss=-0.7568 | res=1.13e-03 | grad=5.61e-01 | 0.9s
[    68] loss=-0.8255 | res=3.15e-04 | grad=6.04e-01 | 0.9s
[    69] loss=-0.8986 | res=1.15e-04 | grad=2.67e-01 | 0.9s
[    70] loss=-0.8366 | res=4.75e-04 | grad=3.48e-01 | 0.9s
[    71] loss=-0.8567 | res=3.45e-04 | grad=2.50e-01 | 0.9s
[    72] loss=-0.8020 | res=1.77e-04 | grad=1.86e-01 | 0.9s
[    73] loss=-0.9007 | res=3.61e-04 | grad=4.07e-01 | 0.8s
[    74] loss=-0.8473 | res=7.23e-05 | grad=2.00e-01 | 0.9s
[    75] loss=-0.7471 | res=4.42e-04 | grad=2.08e-01 | 1.0s
[    76] loss=-0.7864 | res=1.71e-04 | grad=2.33e-01 | 1.1s
[    77] loss=-0.9199 | res=4.40e-04 | grad=5.95e-01 | 1.0s
[    78] loss=-0.8761 | res=3.70e-04 | grad=2.62e-01 | 1.0s
[    79] loss=-0.9354 | res=2.76e-04 | grad=4.79e-01 | 1.0s
[    80] loss=-0.8688 | res=4.39e-04 | grad=3.10e-01 | 1.1s
[    81] loss=-0.7998 | res=2.00e-04 | grad=3.76e-01 | 1.0s
[    82] loss=-0.8281 | res=2.94e-08 | grad=5.37e-01 | 1.0s
[    83] loss=-0.8930 | res=2.88e-09 | grad=2.00e-01 | 1.0s
[    84] loss=-0.8527 | res=5.51e-04 | grad=2.04e-01 | 1.0s
[    85] loss=-0.8463 | res=1.62e-04 | grad=1.17e-01 | 1.0s
[    86] loss=-0.7642 | res=2.07e-04 | grad=8.78e-01 | 1.0s
[    87] loss=-0.8253 | res=1.14e-04 | grad=4.05e-01 | 1.0s
[    88] loss=-0.7830 | res=2.59e-04 | grad=6.08e-01 | 1.1s
[    89] loss=-0.8363 | res=2.17e-04 | grad=3.08e-01 | 1.0s
[    90] loss=-0.7659 | res=1.21e-04 | grad=3.25e-01 | 1.0s
[    91] loss=-0.9343 | res=1.97e-05 | grad=5.46e-01 | 1.1s
[    92] loss=-0.7274 | res=1.01e-04 | grad=3.28e-01 | 1.0s
[    93] loss=-0.8444 | res=2.93e-04 | grad=1.92e-01 | 1.0s
[    94] loss=-0.8645 | res=1.79e-04 | grad=4.74e-01 | 1.1s
[    95] loss=-0.8580 | res=1.28e-04 | grad=6.30e-01 | 1.0s
[    96] loss=-0.7968 | res=2.74e-04 | grad=3.52e-01 | 1.1s
[    97] loss=-0.7286 | res=4.67e-04 | grad=4.62e-01 | 1.0s
[    98] loss=-0.8618 | res=3.97e-04 | grad=5.57e-01 | 1.1s
[    99] loss=-0.8084 | res=1.48e-04 | grad=1.98e-01 | 1.1s
[   100] loss=-0.9023 | res=1.32e-04 | grad=3.36e-01 | 1.1s
[   101] loss=-0.8837 | res=1.39e-04 | grad=2.15e-01 | 1.0s
[   102] loss=-0.8722 | res=5.46e-04 | grad=5.14e-01 | 1.0s
[   103] loss=-0.7470 | res=4.54e-04 | grad=7.27e-01 | 1.0s
[   104] loss=-0.8484 | res=1.41e-03 | grad=1.46e-01 | 1.1s
[   105] loss=-0.7129 | res=3.59e-04 | grad=7.90e-01 | 1.0s
[   106] loss=-0.7990 | res=2.68e-04 | grad=5.58e-01 | 1.0s
[   107] loss=-0.8504 | res=3.96e-04 | grad=7.21e-01 | 1.0s
[   108] loss=-0.8116 | res=3.00e-04 | grad=2.39e-01 | 1.1s
[   109] loss=-0.8275 | res=6.69e-04 | grad=1.18e-01 | 1.0s
[   110] loss=-0.8099 | res=3.74e-04 | grad=4.44e-01 | 1.0s
[   111] loss=-0.8274 | res=3.54e-04 | grad=2.94e-01 | 1.0s
[   112] loss=-0.7795 | res=5.08e-04 | grad=2.42e-01 | 1.1s
[   113] loss=-0.7619 | res=1.72e-04 | grad=2.58e-01 | 1.1s
[   114] loss=-0.8255 | res=6.11e-05 | grad=2.28e-01 | 1.1s
[   115] loss=-0.9071 | res=1.72e-04 | grad=7.79e-01 | 1.0s
[   116] loss=-0.8830 | res=8.03e-04 | grad=3.87e-01 | 1.1s
[   117] loss=-0.7593 | res=4.38e-04 | grad=2.76e-01 | 1.0s
[   118] loss=-0.8757 | res=5.85e-05 | grad=2.92e-01 | 1.1s
[   119] loss=-0.8121 | res=2.59e-04 | grad=3.75e-01 | 1.0s
[   120] loss=-0.8349 | res=1.91e-04 | grad=1.82e-01 | 1.0s
[   121] loss=-0.8630 | res=5.10e-04 | grad=4.96e-01 | 1.1s
[   122] loss=-0.7203 | res=1.11e-03 | grad=3.94e-01 | 1.1s
[   123] loss=-0.9136 | res=3.30e-04 | grad=5.94e-01 | 1.1s
[   124] loss=-0.8315 | res=7.38e-04 | grad=2.15e-01 | 1.1s
[   125] loss=-0.8900 | res=6.43e-04 | grad=5.59e-01 | 1.0s
[   126] loss=-0.7746 | res=2.95e-04 | grad=4.38e-01 | 1.1s
[   127] loss=-0.8703 | res=1.53e-15 | grad=4.76e-01 | 1.0s
[   128] loss=-0.8738 | res=5.94e-04 | grad=1.51e-01 | 1.1s
[   129] loss=-0.8616 | res=3.31e-04 | grad=3.64e-01 | 1.1s
[   130] loss=-0.8581 | res=6.42e-04 | grad=2.57e-01 | 1.1s
[   131] loss=-0.9171 | res=1.08e-04 | grad=4.13e-01 | 1.1s
[   132] loss=-0.8228 | res=1.29e-04 | grad=2.05e-01 | 1.1s
[   133] loss=-0.7540 | res=3.06e-04 | grad=4.27e-01 | 1.0s
[   134] loss=-0.8020 | res=2.09e-04 | grad=3.40e-01 | 1.1s
[   135] loss=-0.8046 | res=3.43e-04 | grad=2.97e-01 | 1.0s
[   136] loss=-0.8148 | res=3.43e-04 | grad=3.70e-01 | 1.1s
[   137] loss=-0.8965 | res=2.11e-04 | grad=5.18e-01 | 1.0s
[   138] loss=-0.8733 | res=2.13e-04 | grad=2.73e-01 | 1.1s
[   139] loss=-0.8256 | res=1.20e-04 | grad=3.50e-01 | 1.0s
[   140] loss=-0.8350 | res=2.85e-04 | grad=2.11e-01 | 1.1s
[   141] loss=-0.8849 | res=9.66e-05 | grad=3.54e-01 | 1.0s
[   142] loss=-0.7979 | res=1.17e-04 | grad=4.28e-01 | 1.1s
[   143] loss=-0.8355 | res=3.50e-04 | grad=5.58e-01 | 1.1s
[   144] loss=-0.8579 | res=4.88e-04 | grad=4.76e-01 | 1.0s
[   145] loss=-0.9269 | res=5.48e-04 | grad=4.76e-01 | 1.0s
[   146] loss=-0.8276 | res=2.93e-04 | grad=2.90e-01 | 1.1s
[   147] loss=-0.8661 | res=4.22e-04 | grad=6.16e-01 | 1.0s
[   148] loss=-0.8891 | res=6.08e-04 | grad=3.80e-01 | 1.0s
[   149] loss=-0.8420 | res=4.99e-04 | grad=3.00e-01 | 1.0s
[   150] loss=-0.8103 | res=6.58e-09 | grad=5.33e-01 | 1.0s
[   151] loss=-0.8757 | res=7.89e-04 | grad=4.05e-01 | 1.0s
[   152] loss=-0.8194 | res=6.84e-04 | grad=5.20e-01 | 1.0s
[   153] loss=-0.8766 | res=5.77e-05 | grad=5.01e-01 | 1.0s
[   154] loss=-0.7645 | res=8.40e-09 | grad=5.84e-01 | 1.0s
[   155] loss=-0.8698 | res=9.49e-05 | grad=3.69e-01 | 1.0s
[   156] loss=-0.8590 | res=4.96e-04 | grad=4.19e-01 | 1.0s
[   157] loss=-0.7966 | res=1.10e-04 | grad=1.96e-01 | 1.0s
[   158] loss=-0.9114 | res=2.75e-04 | grad=3.86e-01 | 1.0s
[   159] loss=-0.8614 | res=5.61e-04 | grad=8.01e-01 | 1.0s
[   160] loss=-0.9041 | res=3.77e-05 | grad=6.47e-01 | 1.0s
[   161] loss=-0.7543 | res=6.19e-04 | grad=3.93e-01 | 1.0s
[   162] loss=-0.8135 | res=5.25e-04 | grad=3.69e-01 | 1.1s
[   163] loss=-0.8360 | res=1.83e-04 | grad=2.52e-01 | 1.0s
[   164] loss=-0.8025 | res=1.03e-04 | grad=1.64e-01 | 1.0s
[   165] loss=-0.8853 | res=1.77e-09 | grad=6.82e-01 | 1.0s
[   166] loss=-0.8185 | res=1.03e-04 | grad=3.62e-01 | 1.0s
[   167] loss=-0.8695 | res=1.21e-04 | grad=2.20e-01 | 1.0s
[   168] loss=-0.9337 | res=6.33e-05 | grad=3.19e-01 | 1.1s
[   169] loss=-0.7585 | res=1.03e-04 | grad=5.59e-01 | 1.0s
[   170] loss=-0.9013 | res=4.00e-04 | grad=4.22e-01 | 1.0s
[   171] loss=-0.8124 | res=1.80e-09 | grad=2.33e-01 | 1.0s
[   172] loss=-0.8560 | res=6.86e-04 | grad=9.87e-02 | 1.0s
[   173] loss=-0.8505 | res=1.97e-04 | grad=8.18e-01 | 1.0s
[   174] loss=-0.8882 | res=6.31e-04 | grad=7.62e-01 | 1.0s
[   175] loss=-0.8889 | res=6.56e-09 | grad=3.91e-01 | 1.0s
[   176] loss=-0.8595 | res=1.06e-05 | grad=3.64e-01 | 1.0s
[   177] loss=-0.8320 | res=4.87e-04 | grad=4.89e-01 | 1.0s
[   178] loss=-0.9213 | res=4.73e-04 | grad=7.53e-01 | 1.0s
[   179] loss=-0.8220 | res=1.12e-04 | grad=2.55e-01 | 1.0s
[   180] loss=-0.8461 | res=6.94e-04 | grad=2.96e-01 | 1.0s
[   181] loss=-0.8311 | res=2.91e-04 | grad=3.51e-01 | 1.0s
[   182] loss=-0.9073 | res=2.16e-04 | grad=2.77e-01 | 1.0s
[   183] loss=-0.8066 | res=1.42e-04 | grad=4.22e-01 | 1.0s
[   184] loss=-0.8905 | res=6.65e-04 | grad=3.05e-01 | 1.0s
[   185] loss=-0.8460 | res=1.14e-04 | grad=4.18e-01 | 1.0s
[   186] loss=-0.9034 | res=3.88e-04 | grad=2.25e-01 | 1.0s
[   187] loss=-0.8861 | res=2.92e-13 | grad=2.72e-01 | 1.0s
[   188] loss=-0.8418 | res=3.26e-04 | grad=4.91e-01 | 1.1s
[   189] loss=-0.8497 | res=6.69e-05 | grad=4.40e-01 | 1.1s
[   190] loss=-0.8073 | res=2.14e-04 | grad=5.55e-01 | 1.1s
[   191] loss=-0.7905 | res=4.03e-04 | grad=6.06e-01 | 1.1s
[   192] loss=-0.8826 | res=2.83e-04 | grad=2.68e-01 | 1.1s
[   193] loss=-0.8464 | res=5.79e-04 | grad=4.56e-01 | 1.0s
[   194] loss=-0.8102 | res=4.85e-04 | grad=7.99e-01 | 1.0s
[   195] loss=-0.9233 | res=1.21e-04 | grad=3.12e-01 | 1.1s
[   196] loss=-0.7646 | res=2.41e-09 | grad=2.64e-01 | 1.1s
[   197] loss=-0.7752 | res=7.29e-05 | grad=4.10e-01 | 1.0s
[   198] loss=-0.8202 | res=2.03e-04 | grad=3.72e-01 | 1.0s
[   199] loss=-0.8021 | res=6.18e-04 | grad=5.19e-01 | 1.0s
[   200] loss=-0.8093 | res=4.69e-04 | grad=2.09e-01 | 1.0s
[   201] loss=-0.8400 | res=1.77e-04 | grad=4.08e-01 | 1.0s
[   202] loss=-0.7542 | res=3.95e-04 | grad=4.43e-01 | 1.1s
[   203] loss=-0.8761 | res=4.80e-10 | grad=3.57e-01 | 1.0s
[   204] loss=-0.8076 | res=1.50e-15 | grad=2.48e-01 | 1.0s
[   205] loss=-0.7609 | res=7.72e-04 | grad=3.19e-01 | 1.0s
[   206] loss=-0.8089 | res=1.69e-04 | grad=2.44e-01 | 1.1s
[   207] loss=-0.8140 | res=4.00e-04 | grad=1.48e-01 | 1.1s
[   208] loss=-0.8202 | res=2.59e-04 | grad=5.88e-01 | 1.0s
[   209] loss=-0.8537 | res=7.91e-04 | grad=1.91e-01 | 1.0s
[   210] loss=-0.8557 | res=6.67e-05 | grad=3.44e-01 | 1.0s
[   211] loss=-0.8338 | res=7.51e-09 | grad=4.65e-01 | 1.0s
[   212] loss=-0.8521 | res=7.83e-04 | grad=5.09e-01 | 1.1s
[   213] loss=-0.8784 | res=3.72e-04 | grad=2.90e-01 | 1.0s
[   214] loss=-0.8757 | res=2.64e-04 | grad=2.65e-01 | 1.0s
[   215] loss=-0.8660 | res=1.40e-04 | grad=1.77e-01 | 1.0s
[   216] loss=-0.8166 | res=1.00e-04 | grad=2.21e-01 | 1.0s
[   217] loss=-0.7770 | res=4.88e-04 | grad=3.88e-01 | 1.0s
[   218] loss=-0.8523 | res=3.47e-04 | grad=3.08e-01 | 1.1s
[   219] loss=-0.8565 | res=2.10e-04 | grad=3.50e-01 | 1.0s
[   220] loss=-0.7983 | res=8.08e-04 | grad=5.85e-01 | 1.0s
[   221] loss=-0.7535 | res=1.99e-04 | grad=4.50e-01 | 1.0s
[   222] loss=-0.8901 | res=3.88e-08 | grad=3.36e-01 | 1.1s
[   223] loss=-0.8945 | res=3.96e-04 | grad=2.75e-01 | 1.0s
[   224] loss=-0.8389 | res=2.02e-04 | grad=3.67e-01 | 1.0s
[   225] loss=-0.8812 | res=4.61e-05 | grad=3.11e-01 | 1.0s
[   226] loss=-0.7735 | res=2.58e-09 | grad=6.02e-01 | 1.0s
[   227] loss=-0.8589 | res=5.67e-04 | grad=1.06e-01 | 1.0s
[   228] loss=-0.7856 | res=5.75e-05 | grad=3.33e-01 | 1.0s
[   229] loss=-0.8690 | res=2.31e-04 | grad=3.63e-01 | 1.0s
[   230] loss=-0.8091 | res=1.56e-04 | grad=7.18e-01 | 1.0s
[   231] loss=-0.8394 | res=2.79e-10 | grad=5.20e-01 | 1.0s
[   232] loss=-0.8132 | res=3.31e-04 | grad=5.77e-01 | 1.0s
[   233] loss=-0.8822 | res=3.64e-09 | grad=3.07e-01 | 1.0s
[   234] loss=-0.8715 | res=1.03e-04 | grad=6.31e-01 | 1.0s
[   235] loss=-0.8374 | res=2.57e-04 | grad=3.03e-01 | 1.1s
[   236] loss=-0.8611 | res=1.31e-04 | grad=3.16e-01 | 1.0s
[   237] loss=-0.8697 | res=1.59e-04 | grad=5.36e-01 | 1.0s
[   238] loss=-0.7976 | res=3.01e-04 | grad=2.11e-01 | 1.1s
[   239] loss=-0.8928 | res=4.86e-05 | grad=4.13e-01 | 1.0s
[   240] loss=-0.9079 | res=4.04e-04 | grad=5.19e-01 | 1.0s
[   241] loss=-0.8465 | res=2.01e-04 | grad=4.09e-01 | 1.0s
[   242] loss=-0.7037 | res=2.01e-04 | grad=1.02e+00 | 1.0s
[   243] loss=-0.7851 | res=8.78e-09 | grad=7.59e-01 | 1.1s
[   244] loss=-0.8039 | res=1.37e-04 | grad=3.61e-01 | 1.1s
[   245] loss=-0.8474 | res=1.85e-09 | grad=2.19e-01 | 1.0s
[   246] loss=-0.7722 | res=1.67e-04 | grad=1.92e-01 | 1.1s
[   247] loss=-0.7885 | res=1.85e-04 | grad=2.74e-01 | 1.0s
[   248] loss=-0.8201 | res=3.98e-04 | grad=6.08e-01 | 1.0s
[   249] loss=-0.8127 | res=5.07e-05 | grad=2.82e-01 | 1.1s
[   250] loss=-0.8118 | res=2.36e-04 | grad=4.09e-01 | 0.9s
[   251] loss=-0.9302 | res=4.34e-04 | grad=1.00e+00 | 0.9s
[   252] loss=-0.8136 | res=1.78e-04 | grad=3.84e-01 | 0.9s
[   253] loss=-0.7898 | res=1.87e-04 | grad=1.94e-01 | 0.9s
[   254] loss=-0.8584 | res=6.54e-05 | grad=2.75e-01 | 0.9s
[   255] loss=-0.8947 | res=3.54e-04 | grad=5.16e-01 | 0.9s
[   256] loss=-0.8409 | res=1.98e-04 | grad=2.90e-01 | 0.9s
[   257] loss=-0.9216 | res=3.98e-04 | grad=2.57e-01 | 0.9s
[   258] loss=-0.8891 | res=3.50e-04 | grad=2.42e-01 | 1.0s
[   259] loss=-0.7160 | res=5.88e-04 | grad=7.37e-01 | 1.0s
[   260] loss=-0.7193 | res=8.86e-04 | grad=7.27e-01 | 1.0s
[   261] loss=-0.7973 | res=6.47e-09 | grad=4.61e-01 | 1.1s
[   262] loss=-0.9011 | res=5.46e-04 | grad=4.69e-01 | 1.0s
[   263] loss=-0.7037 | res=6.76e-04 | grad=6.39e-01 | 1.0s
[   264] loss=-0.7346 | res=3.19e-04 | grad=5.78e-01 | 1.0s
[   265] loss=-0.8191 | res=2.63e-04 | grad=4.38e-01 | 1.0s
[   266] loss=-0.8865 | res=1.00e-04 | grad=4.60e-01 | 1.1s
[   267] loss=-0.8874 | res=2.90e-04 | grad=7.85e-01 | 1.0s
[   268] loss=-0.8634 | res=2.71e-04 | grad=4.89e-01 | 1.1s
[   269] loss=-0.7604 | res=3.71e-04 | grad=3.27e-01 | 1.1s
[   270] loss=-0.8481 | res=1.35e-15 | grad=3.93e-01 | 1.0s
[   271] loss=-0.8309 | res=7.97e-05 | grad=2.75e-01 | 1.0s
[   272] loss=-0.8216 | res=3.35e-04 | grad=3.30e-01 | 1.0s
[   273] loss=-0.8511 | res=5.12e-09 | grad=4.40e-01 | 1.0s
[   274] loss=-0.9525 | res=8.03e-04 | grad=5.76e-01 | 1.0s
[   275] loss=-0.8736 | res=2.10e-04 | grad=3.64e-01 | 1.0s
[   276] loss=-0.8224 | res=4.10e-04 | grad=4.38e-01 | 1.0s
[   277] loss=-0.9285 | res=1.01e-04 | grad=2.72e-01 | 1.0s
[   278] loss=-0.8413 | res=6.06e-05 | grad=3.64e-01 | 1.0s
[   279] loss=-0.8307 | res=3.95e-04 | grad=7.30e-01 | 1.1s
[   280] loss=-0.8245 | res=2.12e-04 | grad=4.55e-01 | 0.9s
[   281] loss=-0.8446 | res=1.98e-04 | grad=3.84e-01 | 0.9s
[   282] loss=-0.7462 | res=3.17e-04 | grad=8.96e-01 | 0.9s
[   283] loss=-0.8692 | res=1.25e-04 | grad=2.75e-01 | 0.9s
[   284] loss=-0.8635 | res=6.67e-09 | grad=2.89e-01 | 0.9s
[   285] loss=-0.8271 | res=5.64e-04 | grad=2.76e-01 | 0.9s
[   286] loss=-0.8607 | res=5.01e-04 | grad=4.69e-01 | 0.9s
[   287] loss=-0.9283 | res=4.30e-05 | grad=6.17e-01 | 0.9s
[   288] loss=-0.8780 | res=9.29e-15 | grad=4.85e-01 | 0.9s
[   289] loss=-0.9405 | res=6.26e-05 | grad=7.65e-01 | 0.9s
[   290] loss=-0.8211 | res=3.13e-04 | grad=4.61e-01 | 0.9s
[   291] loss=-0.8719 | res=2.77e-04 | grad=2.13e-01 | 0.9s
[   292] loss=-0.7688 | res=1.80e-04 | grad=4.13e-01 | 0.9s
[   293] loss=-0.7635 | res=2.07e-04 | grad=9.66e-01 | 0.9s
[   294] loss=-0.8676 | res=1.28e-15 | grad=1.80e-01 | 0.9s
[   295] loss=-0.8587 | res=5.56e-04 | grad=2.81e-01 | 0.9s
[   296] loss=-0.8318 | res=5.25e-04 | grad=2.52e-01 | 0.9s
[   297] loss=-0.9088 | res=3.39e-04 | grad=3.27e-01 | 0.9s
[   298] loss=-0.7310 | res=2.58e-04 | grad=7.73e-01 | 0.9s
[   299] loss=-0.8083 | res=3.47e-04 | grad=4.52e-01 | 0.9s
[   300] loss=-0.7675 | res=4.58e-05 | grad=2.82e-01 | 0.9s
[   301] loss=-0.9385 | res=4.11e-04 | grad=5.32e-01 | 0.9s
[   302] loss=-0.7787 | res=7.17e-05 | grad=6.20e-01 | 0.9s
[   303] loss=-0.8971 | res=1.32e-15 | grad=5.22e-01 | 0.9s
[   304] loss=-0.8662 | res=7.67e-05 | grad=4.46e-01 | 0.9s
[   305] loss=-0.8305 | res=2.73e-04 | grad=2.98e-01 | 0.9s
[   306] loss=-0.8537 | res=7.67e-05 | grad=3.43e-01 | 1.0s
[   307] loss=-0.8117 | res=1.98e-09 | grad=3.81e-01 | 1.0s
[   308] loss=-0.8400 | res=3.84e-04 | grad=2.16e-01 | 1.0s
[   309] loss=-0.7598 | res=4.14e-04 | grad=5.35e-01 | 1.0s
[   310] loss=-0.8187 | res=4.16e-04 | grad=3.15e-01 | 1.0s
[   311] loss=-0.8642 | res=3.41e-09 | grad=3.95e-01 | 1.0s
[   312] loss=-0.7684 | res=2.29e-04 | grad=3.68e-01 | 1.0s
[   313] loss=-0.8395 | res=2.68e-04 | grad=1.77e-01 | 1.0s
[   314] loss=-0.9486 | res=6.35e-05 | grad=4.23e-01 | 1.1s
[   315] loss=-0.8533 | res=2.55e-04 | grad=3.43e-01 | 1.0s
[   316] loss=-0.8140 | res=1.70e-04 | grad=2.55e-01 | 1.0s
[   317] loss=-0.8062 | res=1.36e-04 | grad=2.69e-01 | 1.0s
[   318] loss=-0.7557 | res=2.09e-04 | grad=6.80e-01 | 1.0s
[   319] loss=-0.8459 | res=6.71e-08 | grad=3.82e-01 | 1.0s
[   320] loss=-0.7449 | res=2.26e-04 | grad=4.54e-01 | 1.0s
[   321] loss=-0.8980 | res=2.29e-04 | grad=4.70e-01 | 1.0s
[   322] loss=-0.8964 | res=1.77e-04 | grad=2.82e-01 | 0.9s
[   323] loss=-0.8171 | res=3.76e-09 | grad=3.85e-01 | 0.9s
[   324] loss=-0.8570 | res=3.02e-04 | grad=2.74e-01 | 0.9s
[   325] loss=-0.7272 | res=7.24e-04 | grad=4.15e-01 | 0.9s
[   326] loss=-0.8295 | res=6.90e-05 | grad=1.41e-01 | 0.9s
[   327] loss=-0.7609 | res=1.78e-04 | grad=1.97e-01 | 0.9s
[   328] loss=-0.7795 | res=3.36e-09 | grad=2.41e-01 | 0.9s
[   329] loss=-0.9454 | res=1.10e-15 | grad=6.51e-01 | 0.9s
[   330] loss=-0.8056 | res=1.78e-04 | grad=3.98e-01 | 0.9s
[   331] loss=-0.8335 | res=1.16e-15 | grad=3.21e-01 | 0.9s
[   332] loss=-0.7423 | res=2.73e-09 | grad=4.17e-01 | 0.9s
[   333] loss=-0.8132 | res=2.78e-04 | grad=2.78e-01 | 0.9s
[   334] loss=-0.8266 | res=1.33e-04 | grad=2.99e-01 | 0.9s
[   335] loss=-0.8415 | res=2.33e-04 | grad=1.83e-01 | 0.9s
[   336] loss=-0.8304 | res=3.97e-04 | grad=2.60e-01 | 0.9s
[   337] loss=-0.9244 | res=7.21e-05 | grad=3.60e-01 | 0.9s
[   338] loss=-0.7466 | res=1.94e-08 | grad=8.94e-01 | 0.9s
[   339] loss=-0.8982 | res=1.02e-04 | grad=3.45e-01 | 0.9s
[   340] loss=-0.7940 | res=5.50e-05 | grad=4.25e-01 | 0.9s
[   341] loss=-0.7742 | res=1.18e-04 | grad=2.72e-01 | 0.9s
[   342] loss=-0.8609 | res=7.19e-04 | grad=2.59e-01 | 0.9s
[   343] loss=-0.9063 | res=6.16e-05 | grad=2.98e-01 | 0.9s
[   344] loss=-0.8356 | res=1.97e-04 | grad=1.29e-01 | 0.9s
[   345] loss=-0.8325 | res=4.63e-04 | grad=1.14e-01 | 0.9s
[   346] loss=-0.8335 | res=6.69e-05 | grad=1.14e-01 | 0.9s
[   347] loss=-0.8566 | res=5.26e-09 | grad=2.71e-01 | 0.9s
[   348] loss=-0.8070 | res=3.28e-04 | grad=1.80e-01 | 0.9s
[   349] loss=-0.7738 | res=2.26e-04 | grad=5.65e-01 | 1.0s
[   350] loss=-0.9103 | res=1.33e-08 | grad=4.86e-01 | 1.0s
[   351] loss=-0.9159 | res=2.59e-04 | grad=7.24e-01 | 1.1s
[   352] loss=-0.8365 | res=5.22e-04 | grad=2.88e-01 | 1.0s
[   353] loss=-0.8760 | res=2.93e-09 | grad=2.11e-01 | 1.0s
[   354] loss=-0.7245 | res=7.05e-05 | grad=4.85e-01 | 1.1s
[   355] loss=-0.8541 | res=1.74e-04 | grad=4.58e-01 | 1.0s
[   356] loss=-0.7888 | res=6.96e-04 | grad=4.81e-01 | 1.1s
[   357] loss=-0.8261 | res=1.35e-04 | grad=2.14e-01 | 1.0s
[   358] loss=-0.7390 | res=2.28e-05 | grad=6.40e-01 | 1.0s
[   359] loss=-0.8049 | res=2.90e-04 | grad=3.09e-01 | 1.0s
[   360] loss=-0.8447 | res=6.53e-05 | grad=3.29e-01 | 1.0s
[   361] loss=-0.7520 | res=1.46e-04 | grad=2.46e-01 | 1.1s
[   362] loss=-0.8552 | res=2.22e-04 | grad=5.18e-01 | 1.0s
[   363] loss=-0.8135 | res=3.75e-05 | grad=2.59e-01 | 1.0s
[   364] loss=-0.8440 | res=6.45e-04 | grad=2.74e-01 | 1.0s
[   365] loss=-0.8234 | res=1.48e-04 | grad=5.32e-01 | 1.0s
[   366] loss=-0.7778 | res=1.39e-15 | grad=1.12e-01 | 1.0s
[   367] loss=-0.8611 | res=7.66e-10 | grad=5.06e-01 | 1.0s
[   368] loss=-0.8069 | res=2.39e-04 | grad=2.22e-01 | 1.0s
[   369] loss=-0.7979 | res=3.00e-04 | grad=3.04e-01 | 1.0s
[   370] loss=-0.8217 | res=9.14e-14 | grad=2.72e-01 | 1.0s
[   371] loss=-0.9242 | res=3.63e-04 | grad=4.20e-01 | 1.0s
[   372] loss=-0.7988 | res=5.55e-04 | grad=5.87e-01 | 1.0s
[   373] loss=-0.8411 | res=3.04e-13 | grad=3.64e-01 | 1.0s
[   374] loss=-0.8646 | res=2.31e-04 | grad=3.39e-01 | 1.1s
[   375] loss=-0.8466 | res=1.49e-04 | grad=3.31e-01 | 1.0s
[   376] loss=-0.8515 | res=6.70e-05 | grad=1.85e-01 | 1.1s
[   377] loss=-0.7968 | res=7.35e-05 | grad=3.34e-01 | 1.0s
[   378] loss=-0.7758 | res=4.08e-04 | grad=4.92e-01 | 1.1s
[   379] loss=-0.7280 | res=4.29e-04 | grad=6.07e-01 | 1.0s
[   380] loss=-0.7778 | res=4.21e-04 | grad=4.85e-01 | 1.0s
[   381] loss=-0.8192 | res=7.11e-05 | grad=1.28e-01 | 1.0s
[   382] loss=-0.7457 | res=3.48e-09 | grad=1.57e-01 | 1.1s
[   383] loss=-0.7816 | res=4.65e-05 | grad=3.60e-01 | 1.0s
[   384] loss=-0.8349 | res=1.25e-15 | grad=4.80e-01 | 1.1s
[   385] loss=-0.9101 | res=1.21e-15 | grad=8.33e-01 | 1.1s
[   386] loss=-0.8458 | res=1.55e-04 | grad=4.80e-01 | 1.0s
[   387] loss=-0.8006 | res=3.22e-11 | grad=2.88e-01 | 1.0s
[   388] loss=-0.8407 | res=1.72e-04 | grad=3.86e-01 | 1.1s
[   389] loss=-0.8651 | res=4.37e-04 | grad=3.80e-01 | 1.0s
[   390] loss=-0.8556 | res=2.36e-04 | grad=2.58e-01 | 1.1s
[   391] loss=-0.9833 | res=5.74e-05 | grad=3.27e-01 | 1.0s
[   392] loss=-0.7907 | res=1.43e-04 | grad=4.31e-01 | 0.9s
[   393] loss=-0.9112 | res=8.03e-05 | grad=3.51e-01 | 0.9s
[   394] loss=-0.8771 | res=3.69e-04 | grad=2.24e-01 | 0.9s
[   395] loss=-0.8153 | res=7.04e-05 | grad=5.41e-01 | 0.9s
[   396] loss=-0.7381 | res=1.38e-04 | grad=8.45e-01 | 0.9s
[   397] loss=-0.7819 | res=1.88e-04 | grad=6.83e-01 | 0.9s
[   398] loss=-0.7882 | res=5.81e-05 | grad=3.76e-01 | 0.9s
[   399] loss=-0.7908 | res=1.09e-04 | grad=2.93e-01 | 0.9s
[   400] loss=-0.8497 | res=6.46e-05 | grad=5.53e-01 | 1.0s
[   401] loss=-0.7754 | res=1.14e-15 | grad=3.83e-01 | 1.0s
[   402] loss=-0.7784 | res=3.22e-04 | grad=4.19e-01 | 1.0s
[   403] loss=-0.8671 | res=6.13e-05 | grad=8.26e-01 | 1.0s
[   404] loss=-0.8864 | res=1.44e-04 | grad=7.35e-01 | 1.1s
[   405] loss=-0.7065 | res=5.57e-05 | grad=3.10e-01 | 1.0s
[   406] loss=-0.8049 | res=6.89e-05 | grad=3.78e-01 | 1.0s
[   407] loss=-0.7910 | res=1.45e-04 | grad=1.62e-01 | 1.0s
[   408] loss=-0.7059 | res=4.81e-05 | grad=3.32e-01 | 1.1s
[   409] loss=-0.7809 | res=1.25e-04 | grad=1.24e-01 | 1.0s
[   410] loss=-0.8578 | res=3.93e-09 | grad=2.86e-01 | 1.0s
[   411] loss=-0.8704 | res=1.17e-15 | grad=4.48e-01 | 1.0s
[   412] loss=-0.7942 | res=9.27e-14 | grad=2.13e-01 | 1.1s
[   413] loss=-0.8491 | res=2.42e-04 | grad=3.46e-01 | 1.0s
[   414] loss=-0.8232 | res=1.51e-04 | grad=3.00e-01 | 1.1s
[   415] loss=-0.8280 | res=5.70e-05 | grad=2.00e-01 | 1.1s
[   416] loss=-0.8187 | res=9.46e-05 | grad=4.47e-01 | 1.0s
[   417] loss=-0.8366 | res=1.04e-04 | grad=1.81e-01 | 1.1s
[   418] loss=-0.8007 | res=1.48e-04 | grad=5.17e-01 | 1.0s
[   419] loss=-0.8562 | res=8.31e-09 | grad=1.01e-01 | 1.0s
[   420] loss=-0.7602 | res=4.84e-04 | grad=4.55e-01 | 1.1s
[   421] loss=-0.7657 | res=6.05e-05 | grad=3.54e-01 | 1.1s
[   422] loss=-0.9177 | res=1.99e-04 | grad=4.40e-01 | 1.1s
[   423] loss=-0.9367 | res=3.26e-04 | grad=7.97e-01 | 1.0s
[   424] loss=-0.8179 | res=1.18e-04 | grad=2.77e-01 | 1.1s
[   425] loss=-0.8802 | res=1.86e-04 | grad=3.79e-01 | 1.1s
[   426] loss=-0.8961 | res=6.57e-05 | grad=4.90e-01 | 1.1s
[   427] loss=-0.8341 | res=6.09e-05 | grad=1.99e-01 | 1.0s
[   428] loss=-0.8197 | res=5.41e-05 | grad=2.59e-01 | 1.0s
[   429] loss=-0.8142 | res=1.64e-04 | grad=4.51e-01 | 1.1s
[   430] loss=-0.7316 | res=6.39e-04 | grad=6.19e-01 | 1.1s
[   431] loss=-0.7834 | res=1.70e-09 | grad=2.71e-01 | 1.0s
[   432] loss=-0.8735 | res=9.48e-05 | grad=5.32e-01 | 1.0s
[   433] loss=-0.7473 | res=1.94e-04 | grad=3.78e-01 | 1.0s
[   434] loss=-0.8544 | res=2.79e-04 | grad=1.76e-01 | 1.1s
[   435] loss=-0.7656 | res=9.42e-05 | grad=3.83e-01 | 1.0s
[   436] loss=-0.7216 | res=5.71e-05 | grad=2.65e-01 | 1.0s
[   437] loss=-0.8077 | res=6.00e-04 | grad=5.54e-01 | 1.0s
[   438] loss=-0.7854 | res=1.42e-04 | grad=2.30e-01 | 1.0s
[   439] loss=-0.8139 | res=2.73e-04 | grad=3.60e-01 | 1.0s
[   440] loss=-0.8754 | res=2.32e-04 | grad=8.00e-01 | 1.0s
[   441] loss=-0.8987 | res=6.05e-05 | grad=5.58e-01 | 1.1s
[   442] loss=-0.8684 | res=4.01e-04 | grad=1.35e-01 | 1.0s
[   443] loss=-0.8061 | res=6.92e-04 | grad=3.04e-01 | 1.0s
[   444] loss=-0.8041 | res=2.61e-04 | grad=4.96e-01 | 1.0s
[   445] loss=-0.8458 | res=7.58e-05 | grad=4.42e-01 | 1.0s
[   446] loss=-0.7893 | res=1.57e-15 | grad=4.10e-01 | 1.1s
[   447] loss=-0.8367 | res=1.22e-04 | grad=1.67e-01 | 1.0s
[   448] loss=-0.9361 | res=2.95e-04 | grad=2.09e-01 | 1.1s
[   449] loss=-0.8756 | res=4.29e-04 | grad=3.02e-01 | 1.0s
[   450] loss=-0.7321 | res=1.38e-04 | grad=7.62e-01 | 1.0s
[   451] loss=-0.9843 | res=1.80e-09 | grad=4.73e-01 | 1.0s
[   452] loss=-0.8286 | res=1.31e-04 | grad=4.40e-01 | 1.0s
[   453] loss=-0.7618 | res=1.45e-04 | grad=5.09e-01 | 1.0s
[   454] loss=-0.8349 | res=1.89e-04 | grad=4.57e-01 | 1.0s
[   455] loss=-0.9124 | res=7.78e-05 | grad=3.88e-01 | 1.0s
[   456] loss=-0.8442 | res=1.21e-04 | grad=2.31e-01 | 1.0s
[   457] loss=-0.8670 | res=4.81e-04 | grad=5.90e-01 | 1.0s
[   458] loss=-0.8076 | res=1.78e-04 | grad=6.15e-01 | 1.1s
[   459] loss=-0.8398 | res=4.51e-04 | grad=3.03e-01 | 1.0s
[   460] loss=-0.8648 | res=1.76e-04 | grad=4.42e-01 | 1.0s
[   461] loss=-0.8710 | res=1.55e-04 | grad=2.55e-01 | 1.0s
[   462] loss=-0.8542 | res=2.21e-09 | grad=2.86e-01 | 1.1s
[   463] loss=-0.9007 | res=5.10e-05 | grad=5.54e-01 | 1.0s
[   464] loss=-0.7733 | res=4.36e-04 | grad=4.31e-01 | 1.0s
[   465] loss=-0.8590 | res=4.10e-09 | grad=3.46e-01 | 0.9s
[   466] loss=-0.8753 | res=3.00e-04 | grad=1.34e-01 | 0.9s
[   467] loss=-0.8264 | res=1.45e-15 | grad=2.29e-01 | 0.9s
[   468] loss=-0.7529 | res=1.76e-04 | grad=3.83e-01 | 0.9s
[   469] loss=-0.8188 | res=1.20e-08 | grad=2.64e-01 | 0.9s
[   470] loss=-0.8416 | res=1.48e-04 | grad=2.77e-01 | 0.9s
[   471] loss=-0.7402 | res=3.85e-04 | grad=4.23e-01 | 0.9s
[   472] loss=-0.9159 | res=3.35e-04 | grad=5.36e-01 | 0.9s
[   473] loss=-0.7495 | res=3.18e-04 | grad=1.21e-01 | 0.9s
[   474] loss=-0.8621 | res=2.24e-04 | grad=3.12e-01 | 0.9s
[   475] loss=-0.8300 | res=4.79e-06 | grad=2.01e-01 | 0.9s
[   476] loss=-0.8431 | res=1.28e-04 | grad=3.46e-01 | 0.9s
[   477] loss=-0.8265 | res=1.30e-04 | grad=2.33e-01 | 0.9s
[   478] loss=-0.8821 | res=6.67e-09 | grad=2.44e-01 | 0.9s
[   479] loss=-0.9120 | res=5.58e-05 | grad=1.88e-01 | 0.9s
[   480] loss=-0.8557 | res=4.95e-04 | grad=2.97e-01 | 0.9s
[   481] loss=-0.8206 | res=2.60e-04 | grad=3.91e-01 | 0.9s
[   482] loss=-0.8114 | res=1.99e-04 | grad=5.33e-01 | 0.9s
[   483] loss=-0.8960 | res=2.95e-05 | grad=2.97e-01 | 0.9s
[   484] loss=-0.7618 | res=1.61e-09 | grad=5.57e-01 | 1.0s
[   485] loss=-0.8896 | res=8.12e-05 | grad=4.17e-01 | 1.0s
[   486] loss=-0.8246 | res=3.35e-04 | grad=3.91e-01 | 1.0s
[   487] loss=-0.8565 | res=2.18e-04 | grad=2.80e-01 | 1.0s
[   488] loss=-0.7521 | res=6.34e-05 | grad=3.94e-01 | 1.0s
[   489] loss=-0.7988 | res=2.71e-04 | grad=4.45e-01 | 1.1s
[   490] loss=-0.7810 | res=5.59e-04 | grad=6.23e-01 | 1.1s
[   491] loss=-0.8479 | res=9.80e-05 | grad=4.20e-01 | 1.0s
[   492] loss=-0.9102 | res=1.12e-04 | grad=7.40e-01 | 1.1s
[   493] loss=-0.9268 | res=1.46e-04 | grad=8.29e-01 | 1.0s
[   494] loss=-0.8696 | res=1.85e-04 | grad=5.40e-01 | 1.0s
[   495] loss=-0.8771 | res=1.44e-15 | grad=2.30e-01 | 1.0s
[   496] loss=-0.7749 | res=1.24e-04 | grad=4.51e-01 | 1.0s
[   497] loss=-0.8084 | res=6.69e-09 | grad=5.22e-01 | 1.0s
[   498] loss=-0.8657 | res=2.65e-04 | grad=2.09e-01 | 1.0s
[   499] loss=-0.8201 | res=2.74e-04 | grad=2.68e-01 | 1.0s
[   500] loss=-0.8317 | res=2.17e-04 | grad=2.74e-01 | 1.0s
[   501] loss=-0.8159 | res=6.33e-05 | grad=4.76e-01 | 1.0s
[   502] loss=-0.7841 | res=2.16e-04 | grad=3.29e-01 | 1.0s
[   503] loss=-0.8223 | res=1.06e-08 | grad=3.95e-01 | 1.0s
[   504] loss=-0.8402 | res=1.51e-08 | grad=4.69e-01 | 1.0s
[   505] loss=-0.7524 | res=5.30e-04 | grad=3.25e-01 | 1.1s
[   506] loss=-0.8093 | res=2.07e-04 | grad=2.68e-01 | 0.9s
[   507] loss=-0.6983 | res=1.37e-04 | grad=3.21e-01 | 0.9s
[   508] loss=-0.8503 | res=1.95e-04 | grad=3.58e-01 | 0.9s
[   509] loss=-0.9013 | res=1.30e-04 | grad=7.47e-01 | 0.9s
[   510] loss=-0.8102 | res=8.34e-05 | grad=4.79e-01 | 0.9s
[   511] loss=-0.8164 | res=5.82e-04 | grad=2.87e-01 | 0.9s
[   512] loss=-0.8776 | res=1.24e-15 | grad=4.92e-01 | 0.9s
[   513] loss=-0.8683 | res=4.35e-05 | grad=4.79e-01 | 1.0s
[   514] loss=-0.7624 | res=4.47e-04 | grad=3.57e-01 | 1.0s
[   515] loss=-0.8902 | res=1.44e-04 | grad=3.29e-01 | 1.0s
[   516] loss=-0.8220 | res=4.37e-04 | grad=2.89e-01 | 1.0s
[   517] loss=-0.8218 | res=1.12e-08 | grad=3.35e-01 | 1.0s
[   518] loss=-0.8576 | res=1.59e-04 | grad=3.96e-01 | 1.0s
[   519] loss=-0.8212 | res=3.49e-04 | grad=5.41e-01 | 1.0s
[   520] loss=-0.9238 | res=8.76e-04 | grad=4.50e-01 | 1.0s
[   521] loss=-0.8176 | res=2.61e-04 | grad=1.56e-01 | 1.0s
[   522] loss=-0.7906 | res=6.24e-05 | grad=2.22e-01 | 1.0s
[   523] loss=-0.8193 | res=1.43e-15 | grad=2.17e-01 | 1.0s
[   524] loss=-0.8332 | res=1.41e-04 | grad=6.21e-02 | 1.0s
[   525] loss=-0.7503 | res=4.27e-04 | grad=1.61e-01 | 1.0s
[   526] loss=-0.8438 | res=3.70e-04 | grad=2.89e-01 | 1.0s
[   527] loss=-0.8648 | res=2.67e-04 | grad=4.87e-01 | 1.0s
[   528] loss=-0.7835 | res=8.72e-09 | grad=1.85e-01 | 0.9s
[   529] loss=-0.8498 | res=5.81e-05 | grad=3.80e-01 | 1.0s
[   530] loss=-0.7582 | res=8.73e-05 | grad=4.78e-01 | 1.0s
[   531] loss=-0.8601 | res=3.06e-04 | grad=2.66e-01 | 1.0s
[   532] loss=-0.8214 | res=2.03e-09 | grad=1.61e-01 | 1.1s
[   533] loss=-0.8245 | res=2.05e-04 | grad=4.24e-01 | 1.0s
[   534] loss=-0.8316 | res=1.45e-04 | grad=2.87e-01 | 1.1s
[   535] loss=-0.7154 | res=2.21e-04 | grad=5.76e-01 | 1.0s
[   536] loss=-0.7670 | res=2.44e-04 | grad=6.08e-01 | 1.0s
[   537] loss=-0.7502 | res=1.26e-15 | grad=2.02e-01 | 1.0s
[   538] loss=-0.7811 | res=3.44e-04 | grad=4.10e-01 | 1.0s
[   539] loss=-0.8145 | res=6.50e-05 | grad=2.47e-01 | 1.0s
[   540] loss=-0.7976 | res=3.40e-05 | grad=2.46e-01 | 1.0s
[   541] loss=-0.8126 | res=2.08e-04 | grad=3.24e-01 | 1.0s
[   542] loss=-0.7835 | res=3.52e-04 | grad=2.81e-01 | 1.0s
[   543] loss=-0.8761 | res=1.37e-04 | grad=6.99e-01 | 1.0s
[   544] loss=-0.7803 | res=3.86e-04 | grad=3.90e-01 | 1.1s
[   545] loss=-0.9175 | res=1.18e-15 | grad=5.76e-01 | 1.0s
[   546] loss=-0.8436 | res=2.56e-04 | grad=2.50e-01 | 1.0s
[   547] loss=-0.8379 | res=4.16e-04 | grad=1.55e-01 | 1.0s
[   548] loss=-0.8715 | res=2.43e-04 | grad=3.08e-01 | 1.0s
[   549] loss=-0.8914 | res=4.85e-04 | grad=4.20e-01 | 1.0s
[   550] loss=-0.8383 | res=6.16e-05 | grad=5.50e-01 | 1.0s
[   551] loss=-0.8490 | res=2.06e-04 | grad=4.01e-01 | 1.0s
[   552] loss=-0.8310 | res=6.26e-05 | grad=6.40e-01 | 1.0s
[   553] loss=-0.8097 | res=2.34e-04 | grad=3.96e-01 | 1.0s
[   554] loss=-0.8326 | res=3.01e-04 | grad=4.92e-01 | 1.0s
[   555] loss=-0.8723 | res=4.10e-04 | grad=1.62e-01 | 1.1s
[   556] loss=-0.8724 | res=1.31e-08 | grad=7.51e-02 | 1.0s
[   557] loss=-0.7602 | res=2.03e-04 | grad=1.41e-01 | 1.0s
[   558] loss=-0.8107 | res=3.46e-04 | grad=2.95e-01 | 0.9s
[   559] loss=-0.8268 | res=1.61e-04 | grad=4.07e-01 | 0.9s
[   560] loss=-0.9597 | res=1.76e-04 | grad=1.05e+00 | 0.9s
[   561] loss=-0.9282 | res=1.03e-04 | grad=9.42e-01 | 0.9s
[   562] loss=-0.8116 | res=3.20e-04 | grad=2.15e-01 | 0.9s
[   563] loss=-0.8376 | res=6.69e-13 | grad=3.28e-01 | 0.9s
[   564] loss=-0.7471 | res=1.80e-04 | grad=4.70e-01 | 0.9s
[   565] loss=-0.8632 | res=1.04e-04 | grad=1.85e-01 | 0.9s
[   566] loss=-0.7970 | res=1.65e-04 | grad=8.08e-01 | 0.9s
[   567] loss=-0.9489 | res=1.83e-04 | grad=3.66e-01 | 0.9s
[   568] loss=-0.7790 | res=3.87e-04 | grad=7.89e-01 | 0.9s
[   569] loss=-0.7929 | res=1.92e-09 | grad=2.78e-01 | 0.9s
[   570] loss=-0.8197 | res=5.33e-05 | grad=4.98e-01 | 0.9s
[   571] loss=-0.8390 | res=3.55e-09 | grad=2.59e-01 | 0.9s
[   572] loss=-0.8701 | res=1.11e-04 | grad=3.63e-01 | 0.9s
[   573] loss=-0.8232 | res=3.20e-04 | grad=2.31e-01 | 0.9s
[   574] loss=-0.8051 | res=1.28e-15 | grad=2.20e-01 | 0.9s
[   575] loss=-0.7266 | res=7.27e-09 | grad=4.04e-01 | 0.9s
[   576] loss=-0.8387 | res=1.40e-04 | grad=5.62e-01 | 0.9s
[   577] loss=-0.8557 | res=4.58e-04 | grad=4.98e-01 | 1.0s
[   578] loss=-0.7426 | res=9.08e-05 | grad=3.18e-01 | 1.1s
[   579] loss=-0.8499 | res=1.15e-04 | grad=4.71e-01 | 1.0s
[   580] loss=-0.8824 | res=5.78e-05 | grad=4.87e-01 | 1.0s
[   581] loss=-0.9005 | res=7.75e-04 | grad=3.43e-01 | 1.1s
[   582] loss=-0.8316 | res=5.90e-05 | grad=3.63e-01 | 1.0s
[   583] loss=-0.9286 | res=3.70e-09 | grad=1.55e-01 | 1.0s
[   584] loss=-0.8689 | res=4.72e-11 | grad=3.70e-01 | 1.0s
[   585] loss=-0.7345 | res=1.14e-08 | grad=7.30e-01 | 1.0s
[   586] loss=-0.8134 | res=5.98e-05 | grad=7.50e-01 | 1.0s
[   587] loss=-0.8991 | res=2.80e-04 | grad=3.18e-01 | 1.0s
[   588] loss=-0.9031 | res=3.93e-04 | grad=2.64e-01 | 1.0s
[   589] loss=-0.9188 | res=2.24e-04 | grad=2.09e-01 | 1.0s
[   590] loss=-0.7811 | res=2.21e-04 | grad=4.83e-01 | 1.0s
[   591] loss=-0.7927 | res=6.58e-05 | grad=3.28e-01 | 1.0s
[   592] loss=-0.8612 | res=7.49e-05 | grad=3.49e-01 | 1.0s
[   593] loss=-0.7966 | res=3.33e-04 | grad=4.41e-01 | 1.0s
[   594] loss=-0.7616 | res=5.91e-05 | grad=1.59e-01 | 1.0s
[   595] loss=-0.8128 | res=4.82e-05 | grad=1.86e-01 | 1.0s
[   596] loss=-0.7423 | res=4.50e-04 | grad=1.88e-01 | 1.0s
[   597] loss=-0.7777 | res=1.77e-04 | grad=1.64e-01 | 1.0s
[   598] loss=-0.8596 | res=1.29e-04 | grad=5.11e-01 | 1.0s
[   599] loss=-0.8473 | res=5.46e-05 | grad=2.97e-01 | 1.0s
[   600] loss=-0.8746 | res=3.01e-04 | grad=3.23e-01 | 1.1s
[   601] loss=-0.8903 | res=3.13e-04 | grad=5.49e-01 | 1.0s
[   602] loss=-0.7593 | res=6.26e-05 | grad=2.31e-01 | 1.1s
[   603] loss=-0.8159 | res=2.09e-04 | grad=3.34e-01 | 1.1s
[   604] loss=-0.7980 | res=1.39e-04 | grad=2.50e-01 | 1.0s
[   605] loss=-0.7987 | res=1.99e-04 | grad=2.57e-01 | 1.0s
[   606] loss=-0.7877 | res=2.01e-04 | grad=4.14e-01 | 1.0s
[   607] loss=-0.8486 | res=2.46e-04 | grad=4.18e-01 | 1.0s
[   608] loss=-0.8752 | res=1.34e-04 | grad=3.18e-01 | 1.0s
[   609] loss=-0.8403 | res=3.62e-04 | grad=6.72e-02 | 1.0s
[   610] loss=-0.8558 | res=8.70e-05 | grad=1.19e-01 | 1.1s
[   611] loss=-0.7649 | res=1.36e-04 | grad=2.52e-01 | 1.1s
[   612] loss=-0.8260 | res=1.71e-08 | grad=1.83e-01 | 1.1s
[   613] loss=-0.8768 | res=4.99e-05 | grad=1.06e-01 | 1.0s
[   614] loss=-0.8212 | res=1.64e-04 | grad=2.68e-01 | 1.1s
[   615] loss=-0.8469 | res=6.63e-05 | grad=5.47e-01 | 1.0s
[   616] loss=-0.7622 | res=5.55e-05 | grad=5.90e-01 | 1.0s
[   617] loss=-0.7912 | res=1.40e-04 | grad=3.16e-01 | 1.0s
[   618] loss=-0.8596 | res=6.65e-09 | grad=4.11e-01 | 1.1s
[   619] loss=-0.8507 | res=5.27e-04 | grad=3.38e-01 | 1.0s
[   620] loss=-0.8688 | res=1.10e-04 | grad=4.29e-01 | 1.1s
[   621] loss=-0.9275 | res=3.26e-04 | grad=6.34e-01 | 1.1s
[   622] loss=-0.7648 | res=6.12e-05 | grad=2.60e-01 | 1.1s
[   623] loss=-0.9143 | res=6.42e-05 | grad=4.56e-01 | 1.0s
[   624] loss=-0.8380 | res=5.84e-05 | grad=4.08e-01 | 1.0s
[   625] loss=-0.9382 | res=6.46e-05 | grad=3.70e-01 | 1.0s
[   626] loss=-0.7464 | res=3.80e-04 | grad=5.42e-01 | 1.0s
[   627] loss=-0.8735 | res=2.81e-04 | grad=4.35e-01 | 1.1s
[   628] loss=-0.8302 | res=2.82e-04 | grad=3.54e-01 | 1.1s
[   629] loss=-0.7990 | res=3.74e-04 | grad=3.85e-01 | 1.0s
[   630] loss=-0.8013 | res=6.20e-05 | grad=5.69e-01 | 1.0s
[   631] loss=-0.8880 | res=1.44e-04 | grad=1.64e-01 | 1.0s
[   632] loss=-0.8730 | res=1.72e-04 | grad=1.48e-01 | 1.1s
[   633] loss=-0.8245 | res=2.79e-04 | grad=2.44e-01 | 1.0s
[   634] loss=-0.8241 | res=1.71e-04 | grad=2.41e-01 | 1.0s
[   635] loss=-0.8518 | res=2.67e-04 | grad=4.22e-01 | 1.0s
[   636] loss=-0.8251 | res=6.21e-09 | grad=1.66e-01 | 1.0s
[   637] loss=-0.8810 | res=8.50e-13 | grad=3.54e-01 | 1.0s
[   638] loss=-0.8056 | res=1.34e-04 | grad=4.83e-01 | 1.0s
[   639] loss=-0.8192 | res=2.23e-04 | grad=3.16e-01 | 1.0s
[   640] loss=-0.8900 | res=1.90e-04 | grad=5.07e-01 | 1.0s
[   641] loss=-0.8244 | res=3.18e-09 | grad=2.67e-01 | 1.0s
[   642] loss=-0.7229 | res=1.90e-04 | grad=1.82e-01 | 1.1s
[   643] loss=-0.8803 | res=2.34e-04 | grad=4.15e-01 | 1.0s
[   644] loss=-0.8358 | res=1.27e-15 | grad=3.20e-01 | 1.1s
[   645] loss=-0.8587 | res=9.05e-05 | grad=5.14e-01 | 1.0s
[   646] loss=-0.8686 | res=3.45e-04 | grad=3.31e-01 | 1.0s
[   647] loss=-0.8582 | res=2.89e-04 | grad=4.81e-01 | 1.1s
[   648] loss=-0.8778 | res=2.12e-04 | grad=1.26e-01 | 1.1s
[   649] loss=-0.9097 | res=4.09e-04 | grad=2.31e-01 | 1.0s
[   650] loss=-0.8480 | res=6.12e-05 | grad=3.81e-01 | 1.0s
[   651] loss=-0.8499 | res=8.23e-05 | grad=4.03e-01 | 1.0s
[   652] loss=-0.8960 | res=8.49e-05 | grad=8.00e-02 | 1.0s
[   653] loss=-0.8034 | res=3.09e-04 | grad=5.47e-01 | 1.0s
[   654] loss=-0.8738 | res=3.76e-04 | grad=2.09e-01 | 1.0s
[   655] loss=-0.8201 | res=6.26e-05 | grad=3.00e-01 | 1.0s
[   656] loss=-0.8044 | res=1.38e-15 | grad=4.10e-01 | 1.1s
[   657] loss=-0.7995 | res=4.99e-05 | grad=3.43e-01 | 1.0s
[   658] loss=-0.8660 | res=1.88e-04 | grad=7.48e-01 | 1.0s
[   659] loss=-0.8011 | res=3.29e-04 | grad=3.64e-01 | 1.0s
[   660] loss=-0.7828 | res=2.69e-04 | grad=2.10e-01 | 1.0s
[   661] loss=-0.7766 | res=1.06e-04 | grad=3.45e-01 | 1.0s
[   662] loss=-0.8415 | res=1.22e-15 | grad=3.96e-01 | 1.0s
[   663] loss=-0.8253 | res=2.68e-04 | grad=3.48e-01 | 1.0s
[   664] loss=-0.7807 | res=6.18e-05 | grad=3.55e-01 | 1.0s
[   665] loss=-0.9378 | res=1.64e-04 | grad=3.91e-01 | 1.0s
[   666] loss=-0.8007 | res=2.31e-04 | grad=1.61e-01 | 1.1s
[   667] loss=-0.7995 | res=2.73e-04 | grad=4.51e-01 | 1.0s
[   668] loss=-0.8403 | res=1.28e-04 | grad=2.28e-01 | 1.0s
[   669] loss=-0.8765 | res=1.26e-04 | grad=3.24e-01 | 1.0s
[   670] loss=-0.8215 | res=2.23e-04 | grad=3.53e-01 | 1.0s
[   671] loss=-0.8227 | res=1.23e-04 | grad=2.39e-01 | 1.1s
[   672] loss=-0.7821 | res=3.05e-04 | grad=4.32e-01 | 1.1s
[   673] loss=-0.8395 | res=4.90e-09 | grad=2.43e-01 | 1.0s
[   674] loss=-0.8077 | res=2.30e-04 | grad=1.86e-01 | 1.1s
[   675] loss=-0.8208 | res=1.32e-04 | grad=3.28e-01 | 1.1s
[   676] loss=-0.7829 | res=6.25e-04 | grad=3.04e-01 | 1.1s
[   677] loss=-0.8504 | res=4.63e-04 | grad=5.51e-01 | 1.0s
[   678] loss=-0.9030 | res=7.47e-09 | grad=4.69e-01 | 1.1s
[   679] loss=-0.8319 | res=5.30e-09 | grad=3.44e-01 | 1.1s
[   680] loss=-0.8128 | res=6.38e-05 | grad=1.85e-01 | 1.1s
[   681] loss=-0.7926 | res=3.04e-04 | grad=1.91e-01 | 1.0s
[   682] loss=-0.7935 | res=1.58e-04 | grad=2.23e-01 | 1.1s
[   683] loss=-0.8877 | res=1.30e-04 | grad=3.04e-01 | 1.0s
[   684] loss=-0.8774 | res=2.15e-04 | grad=2.35e-01 | 1.0s
[   685] loss=-0.8327 | res=7.11e-04 | grad=4.14e-01 | 1.0s
[   686] loss=-0.9686 | res=2.58e-04 | grad=3.84e-01 | 1.1s
[   687] loss=-0.8230 | res=1.70e-04 | grad=4.20e-01 | 1.0s
[   688] loss=-0.7917 | res=4.66e-04 | grad=5.11e-01 | 1.0s
[   689] loss=-0.8855 | res=4.50e-05 | grad=7.37e-02 | 1.1s
[   690] loss=-0.8907 | res=1.64e-04 | grad=1.26e-01 | 1.1s
[   691] loss=-0.8239 | res=3.57e-09 | grad=3.48e-01 | 1.0s
[   692] loss=-0.8152 | res=3.28e-09 | grad=2.92e-01 | 1.1s
[   693] loss=-0.7991 | res=1.77e-04 | grad=3.00e-01 | 1.1s
[   694] loss=-0.8680 | res=6.65e-05 | grad=2.51e-01 | 1.1s
[   695] loss=-0.8638 | res=3.43e-04 | grad=4.94e-01 | 1.0s
[   696] loss=-0.8751 | res=1.08e-04 | grad=5.06e-01 | 1.1s
[   697] loss=-0.8703 | res=1.34e-12 | grad=3.01e-01 | 1.1s
[   698] loss=-0.7989 | res=5.47e-11 | grad=3.11e-01 | 1.1s
[   699] loss=-0.8241 | res=8.21e-05 | grad=2.16e-01 | 1.0s
[   700] loss=-0.8740 | res=8.83e-05 | grad=1.64e-01 | 1.0s
[   701] loss=-0.7113 | res=1.27e-15 | grad=3.37e-01 | 1.0s
[   702] loss=-0.8015 | res=2.37e-04 | grad=1.47e-01 | 1.0s
[   703] loss=-0.8343 | res=1.50e-04 | grad=4.58e-01 | 1.0s
[   704] loss=-0.9338 | res=3.47e-09 | grad=4.17e-01 | 1.1s
[   705] loss=-0.8071 | res=1.34e-15 | grad=2.50e-01 | 1.0s
[   706] loss=-0.8930 | res=9.12e-09 | grad=1.42e-01 | 1.1s
[   707] loss=-0.8334 | res=1.28e-04 | grad=2.46e-01 | 1.0s
[   708] loss=-0.7815 | res=1.84e-04 | grad=3.20e-01 | 1.1s
[   709] loss=-0.8193 | res=3.50e-04 | grad=3.89e-01 | 1.0s
[   710] loss=-0.8258 | res=6.96e-05 | grad=1.86e-01 | 1.0s
[   711] loss=-0.9137 | res=1.07e-04 | grad=2.37e-01 | 1.0s
[   712] loss=-0.8546 | res=2.06e-04 | grad=1.74e-01 | 1.1s
[   713] loss=-0.7916 | res=6.02e-05 | grad=6.96e-02 | 1.0s
[   714] loss=-0.8694 | res=1.89e-09 | grad=3.67e-01 | 1.1s
[   715] loss=-0.8687 | res=5.57e-04 | grad=1.72e-01 | 1.0s
[   716] loss=-0.9178 | res=1.30e-04 | grad=5.12e-01 | 1.0s
[   717] loss=-0.7974 | res=9.88e-05 | grad=4.27e-01 | 1.0s
[   718] loss=-0.7901 | res=6.09e-05 | grad=4.45e-01 | 1.1s
[   719] loss=-0.7587 | res=3.66e-04 | grad=5.00e-01 | 1.1s
[   720] loss=-0.7648 | res=1.21e-08 | grad=3.19e-01 | 1.1s
[   721] loss=-0.8726 | res=4.92e-04 | grad=4.36e-01 | 1.0s
[   722] loss=-0.7558 | res=7.47e-09 | grad=2.62e-01 | 1.1s
[   723] loss=-0.8410 | res=1.65e-09 | grad=2.48e-01 | 1.0s
[   724] loss=-0.7917 | res=2.05e-04 | grad=2.50e-01 | 1.1s
[   725] loss=-0.8526 | res=4.51e-05 | grad=4.26e-01 | 1.1s
[   726] loss=-0.8687 | res=1.13e-04 | grad=7.59e-01 | 1.0s
[   727] loss=-0.8450 | res=3.15e-09 | grad=4.39e-01 | 1.0s
[   728] loss=-0.9126 | res=2.71e-04 | grad=2.68e-01 | 1.0s
[   729] loss=-0.7936 | res=1.76e-04 | grad=4.79e-01 | 1.0s
[   730] loss=-0.8873 | res=3.35e-04 | grad=1.24e-01 | 1.0s
[   731] loss=-0.8215 | res=8.28e-05 | grad=4.40e-01 | 0.9s
[   732] loss=-0.7690 | res=1.70e-04 | grad=5.42e-01 | 0.9s
[   733] loss=-0.8886 | res=1.15e-04 | grad=1.50e-01 | 0.9s
[   734] loss=-0.8377 | res=6.75e-05 | grad=2.11e-01 | 0.9s
[   735] loss=-0.9187 | res=5.64e-05 | grad=2.13e-01 | 0.9s
[   736] loss=-0.8568 | res=1.14e-10 | grad=4.20e-01 | 0.9s
[   737] loss=-0.9057 | res=2.18e-04 | grad=3.07e-01 | 0.9s
[   738] loss=-0.9265 | res=1.57e-04 | grad=4.14e-01 | 1.0s
[   739] loss=-0.9222 | res=1.63e-04 | grad=6.11e-01 | 1.0s
[   740] loss=-0.8772 | res=2.33e-04 | grad=1.39e-01 | 1.0s
[   741] loss=-0.8841 | res=3.08e-04 | grad=3.15e-01 | 1.0s
[   742] loss=-0.7856 | res=4.48e-04 | grad=3.64e-01 | 1.0s
[   743] loss=-0.8704 | res=1.04e-08 | grad=2.96e-01 | 1.0s
[   744] loss=-0.7726 | res=1.68e-04 | grad=8.20e-01 | 1.0s
[   745] loss=-0.8394 | res=1.21e-08 | grad=2.07e-01 | 1.0s
[   746] loss=-0.8701 | res=1.64e-15 | grad=3.76e-01 | 1.1s
[   747] loss=-0.7575 | res=1.35e-15 | grad=4.37e-01 | 1.0s
[   748] loss=-0.6864 | res=5.38e-05 | grad=7.19e-01 | 1.0s
[   749] loss=-0.8556 | res=1.97e-04 | grad=3.31e-01 | 1.0s
[   750] loss=-0.8743 | res=9.09e-05 | grad=7.69e-01 | 1.1s
[   751] loss=-0.9051 | res=2.89e-09 | grad=7.09e-01 | 1.0s
[   752] loss=-0.7984 | res=1.28e-15 | grad=5.31e-01 | 1.0s
[   753] loss=-0.7967 | res=3.95e-04 | grad=2.71e-01 | 1.0s
[   754] loss=-0.8619 | res=1.16e-09 | grad=2.79e-01 | 1.1s
[   755] loss=-0.7728 | res=1.66e-04 | grad=3.52e-01 | 1.0s
[   756] loss=-0.9254 | res=7.65e-05 | grad=3.50e-01 | 1.0s
[   757] loss=-0.6911 | res=6.15e-05 | grad=5.83e-01 | 1.0s
[   758] loss=-0.8558 | res=5.49e-05 | grad=2.85e-01 | 1.1s
[   759] loss=-0.8141 | res=2.37e-04 | grad=1.03e-01 | 1.1s
[   760] loss=-0.8581 | res=3.72e-04 | grad=1.96e-01 | 1.1s
[   761] loss=-0.8039 | res=6.37e-04 | grad=2.75e-01 | 1.0s
[   762] loss=-0.8176 | res=2.86e-10 | grad=1.57e-01 | 1.1s
[   763] loss=-0.8206 | res=3.84e-04 | grad=2.41e-01 | 1.0s
[   764] loss=-0.8786 | res=4.43e-04 | grad=2.30e-01 | 1.0s
[   765] loss=-0.9617 | res=1.39e-04 | grad=5.15e-01 | 1.0s
[   766] loss=-0.7878 | res=1.22e-04 | grad=7.04e-02 | 1.0s
[   767] loss=-0.7935 | res=1.74e-04 | grad=2.89e-01 | 1.1s
[   768] loss=-0.7339 | res=5.42e-04 | grad=2.86e-01 | 1.1s
[   769] loss=-0.9544 | res=4.04e-04 | grad=6.60e-01 | 1.0s
[   770] loss=-0.8987 | res=1.46e-04 | grad=4.41e-01 | 1.0s
[   771] loss=-0.8515 | res=1.72e-04 | grad=2.06e-01 | 1.1s
[   772] loss=-0.7806 | res=1.54e-04 | grad=2.71e-01 | 1.0s
[   773] loss=-0.8500 | res=3.34e-04 | grad=2.97e-01 | 1.0s
[   774] loss=-0.8883 | res=3.89e-04 | grad=1.78e-01 | 1.1s
[   775] loss=-0.8451 | res=1.56e-15 | grad=5.56e-02 | 1.1s
[   776] loss=-0.8200 | res=4.86e-10 | grad=5.02e-01 | 1.0s
[   777] loss=-0.7845 | res=3.29e-04 | grad=7.42e-01 | 1.0s
[   778] loss=-0.8564 | res=9.73e-05 | grad=1.52e-01 | 1.0s
[   779] loss=-0.7862 | res=4.68e-04 | grad=3.44e-01 | 1.1s
[   780] loss=-0.7281 | res=2.96e-04 | grad=7.27e-01 | 1.0s
[   781] loss=-0.8652 | res=2.04e-09 | grad=3.68e-01 | 1.1s
[   782] loss=-0.8499 | res=8.36e-05 | grad=4.49e-01 | 1.0s
[   783] loss=-0.8411 | res=1.47e-04 | grad=5.56e-01 | 1.0s
[   784] loss=-0.8382 | res=2.73e-04 | grad=5.69e-01 | 1.1s
[   785] loss=-0.7207 | res=5.83e-05 | grad=3.43e-01 | 1.1s
[   786] loss=-0.8540 | res=1.36e-04 | grad=3.02e-01 | 1.0s
[   787] loss=-0.7825 | res=1.61e-04 | grad=1.91e-01 | 1.1s
[   788] loss=-0.8484 | res=5.72e-05 | grad=4.05e-01 | 1.1s
[   789] loss=-0.8937 | res=1.39e-04 | grad=4.53e-01 | 1.1s
[   790] loss=-0.8982 | res=6.20e-05 | grad=2.72e-01 | 1.1s
[   791] loss=-0.8100 | res=2.17e-09 | grad=4.18e-01 | 1.1s
[   792] loss=-0.8457 | res=1.28e-15 | grad=1.82e-01 | 1.1s
[   793] loss=-0.8301 | res=1.75e-09 | grad=2.54e-01 | 1.1s
[   794] loss=-0.8665 | res=2.88e-04 | grad=2.82e-01 | 1.1s
[   795] loss=-0.7130 | res=8.07e-05 | grad=5.63e-01 | 1.0s
[   796] loss=-0.7895 | res=7.64e-05 | grad=6.47e-01 | 1.1s
[   797] loss=-0.7278 | res=2.21e-04 | grad=6.09e-01 | 1.1s
[   798] loss=-0.8326 | res=4.36e-05 | grad=2.03e-01 | 1.1s
[   799] loss=-0.9009 | res=1.55e-04 | grad=6.84e-01 | 1.0s
[   800] loss=-0.8996 | res=6.50e-09 | grad=5.07e-01 | 1.1s
[   801] loss=-0.8900 | res=3.33e-04 | grad=7.85e-01 | 1.0s
[   802] loss=-0.7468 | res=6.43e-05 | grad=1.96e-01 | 1.1s
[   803] loss=-0.8706 | res=5.07e-14 | grad=3.85e-01 | 1.0s
[   804] loss=-0.7766 | res=1.84e-04 | grad=3.86e-01 | 1.0s
[   805] loss=-0.8321 | res=3.22e-04 | grad=1.53e-01 | 1.0s
[   806] loss=-0.8703 | res=2.00e-10 | grad=1.41e-01 | 1.1s
[   807] loss=-0.8081 | res=3.81e-09 | grad=3.41e-01 | 1.0s
[   808] loss=-0.8752 | res=1.30e-04 | grad=3.86e-01 | 1.1s
[   809] loss=-0.8868 | res=1.90e-04 | grad=2.26e-01 | 1.1s
[   810] loss=-0.8494 | res=6.71e-05 | grad=1.90e-01 | 1.1s
[   811] loss=-0.8089 | res=3.89e-04 | grad=3.84e-01 | 1.1s
[   812] loss=-0.7219 | res=1.94e-04 | grad=4.03e-01 | 1.1s
[   813] loss=-0.8970 | res=4.43e-09 | grad=1.71e-01 | 1.1s
[   814] loss=-0.7627 | res=6.54e-05 | grad=4.35e-01 | 1.1s
[   815] loss=-0.9056 | res=2.85e-05 | grad=3.22e-01 | 1.0s
[   816] loss=-0.7055 | res=2.29e-04 | grad=3.05e-01 | 1.0s
[   817] loss=-0.8696 | res=7.97e-04 | grad=3.76e-01 | 1.0s
[   818] loss=-0.8731 | res=2.16e-04 | grad=7.34e-01 | 1.1s
[   819] loss=-0.8778 | res=8.67e-05 | grad=3.36e-01 | 1.0s
[   820] loss=-0.7721 | res=1.77e-05 | grad=1.69e-01 | 1.1s
[   821] loss=-0.8058 | res=1.99e-04 | grad=2.87e-01 | 1.0s
[   822] loss=-0.8434 | res=1.26e-04 | grad=1.12e-01 | 1.0s
[   823] loss=-0.8724 | res=6.93e-05 | grad=3.18e-01 | 1.0s
[   824] loss=-0.8687 | res=6.58e-05 | grad=2.37e-01 | 1.1s
[   825] loss=-0.7840 | res=3.66e-04 | grad=4.01e-01 | 1.1s
[   826] loss=-0.7783 | res=2.77e-04 | grad=6.18e-01 | 1.1s
[   827] loss=-0.9089 | res=1.72e-09 | grad=1.84e-01 | 1.1s
[   828] loss=-0.8724 | res=1.46e-04 | grad=2.50e-01 | 1.1s
[   829] loss=-0.8346 | res=6.50e-05 | grad=1.98e-01 | 1.0s
[   830] loss=-0.8530 | res=8.88e-05 | grad=4.71e-01 | 1.1s
[   831] loss=-0.8365 | res=2.22e-04 | grad=1.07e-01 | 1.1s
[   832] loss=-0.7641 | res=3.95e-04 | grad=1.95e-01 | 1.1s
[   833] loss=-0.8340 | res=1.38e-15 | grad=3.10e-01 | 1.0s
[   834] loss=-0.8713 | res=2.70e-04 | grad=2.46e-01 | 1.1s
[   835] loss=-0.7525 | res=6.96e-05 | grad=4.83e-01 | 1.1s
[   836] loss=-0.8607 | res=2.92e-09 | grad=1.11e-01 | 1.1s
[   837] loss=-0.7821 | res=2.13e-04 | grad=2.80e-01 | 1.1s
[   838] loss=-0.8084 | res=1.35e-15 | grad=2.57e-01 | 1.0s
[   839] loss=-0.9045 | res=1.97e-04 | grad=4.76e-01 | 1.1s
[   840] loss=-0.8793 | res=1.00e-04 | grad=2.05e-01 | 1.1s
[   841] loss=-0.8799 | res=3.21e-04 | grad=3.94e-01 | 1.0s
[   842] loss=-0.7783 | res=2.81e-04 | grad=1.33e-01 | 1.0s
[   843] loss=-0.8645 | res=1.29e-04 | grad=1.90e-01 | 1.0s
[   844] loss=-0.7828 | res=4.11e-04 | grad=2.68e-01 | 1.0s
[   845] loss=-0.9405 | res=1.23e-15 | grad=5.35e-01 | 1.0s
[   846] loss=-0.8334 | res=2.33e-04 | grad=2.06e-01 | 1.1s
[   847] loss=-0.8203 | res=1.87e-13 | grad=1.33e-01 | 1.1s
[   848] loss=-0.8818 | res=1.50e-04 | grad=1.53e-01 | 1.1s
[   849] loss=-0.8476 | res=1.39e-04 | grad=5.01e-02 | 1.1s
[   850] loss=-0.8238 | res=2.46e-04 | grad=4.03e-01 | 1.1s
[   851] loss=-0.8853 | res=9.10e-05 | grad=1.37e-01 | 1.1s
[   852] loss=-0.8083 | res=2.67e-04 | grad=3.26e-01 | 1.1s
[   853] loss=-0.7937 | res=4.04e-04 | grad=2.06e-01 | 1.0s
[   854] loss=-0.7977 | res=5.95e-05 | grad=2.18e-01 | 1.0s
[   855] loss=-0.8587 | res=2.50e-04 | grad=1.18e-01 | 1.0s
[   856] loss=-0.8749 | res=5.32e-05 | grad=4.49e-01 | 1.1s
[   857] loss=-0.7358 | res=6.28e-05 | grad=2.25e-01 | 1.0s
[   858] loss=-0.7526 | res=7.37e-05 | grad=4.59e-01 | 1.0s
[   859] loss=-0.8221 | res=2.04e-04 | grad=2.22e-01 | 1.0s
[   860] loss=-0.7663 | res=1.24e-04 | grad=9.65e-02 | 1.0s
[   861] loss=-0.7904 | res=3.15e-04 | grad=1.95e-01 | 1.0s
[   862] loss=-0.8360 | res=5.52e-05 | grad=9.94e-02 | 1.0s
[   863] loss=-0.7086 | res=5.87e-05 | grad=2.47e-01 | 1.1s
[   864] loss=-0.7591 | res=6.34e-09 | grad=1.64e-01 | 1.1s
[   865] loss=-0.9376 | res=1.02e-04 | grad=1.21e+00 | 1.1s
[   866] loss=-0.8147 | res=3.10e-13 | grad=3.90e-01 | 1.1s
[   867] loss=-0.7988 | res=3.03e-12 | grad=1.72e-01 | 1.1s
[   868] loss=-0.9931 | res=1.10e-04 | grad=8.22e-01 | 1.1s
[   869] loss=-0.8502 | res=1.63e-09 | grad=1.73e-01 | 1.1s
[   870] loss=-0.7404 | res=5.10e-05 | grad=4.16e-01 | 1.1s
[   871] loss=-0.9028 | res=9.68e-14 | grad=2.81e-01 | 1.1s
[   872] loss=-0.8994 | res=1.00e-04 | grad=1.79e-01 | 1.1s
[   873] loss=-0.8356 | res=1.24e-04 | grad=3.65e-01 | 1.1s
[   874] loss=-0.7939 | res=6.15e-04 | grad=5.13e-01 | 1.1s
[   875] loss=-0.7913 | res=4.68e-04 | grad=4.90e-01 | 1.1s
[   876] loss=-0.7727 | res=2.30e-09 | grad=3.76e-01 | 1.1s
[   877] loss=-0.8687 | res=1.25e-15 | grad=1.66e-01 | 1.1s
[   878] loss=-0.8275 | res=1.09e-08 | grad=1.30e-01 | 1.1s
[   879] loss=-0.8586 | res=8.80e-05 | grad=4.77e-01 | 1.1s
[   880] loss=-0.8601 | res=3.52e-05 | grad=6.88e-01 | 1.1s
[   881] loss=-0.8207 | res=1.28e-15 | grad=1.38e-01 | 1.0s
[   882] loss=-0.7768 | res=5.58e-05 | grad=1.74e-01 | 1.1s
[   883] loss=-0.7782 | res=6.01e-05 | grad=2.64e-01 | 0.9s
[   884] loss=-0.8114 | res=1.64e-14 | grad=2.25e-01 | 0.9s
[   885] loss=-0.8318 | res=1.95e-04 | grad=2.60e-01 | 0.9s
[   886] loss=-0.8836 | res=1.18e-04 | grad=3.21e-01 | 0.9s
[   887] loss=-0.8485 | res=7.24e-05 | grad=7.50e-02 | 0.9s
[   888] loss=-0.7970 | res=2.35e-09 | grad=4.30e-01 | 0.9s
[   889] loss=-0.8278 | res=1.36e-04 | grad=2.35e-01 | 0.9s
[   890] loss=-0.7974 | res=1.30e-15 | grad=3.36e-01 | 0.9s
[   891] loss=-0.8470 | res=2.48e-04 | grad=2.74e-01 | 1.0s
[   892] loss=-0.9186 | res=1.73e-04 | grad=2.56e-01 | 1.0s
[   893] loss=-0.8514 | res=1.78e-04 | grad=1.17e-01 | 1.0s
[   894] loss=-0.8546 | res=1.22e-15 | grad=1.59e-01 | 1.0s
[   895] loss=-0.7717 | res=2.41e-04 | grad=4.57e-01 | 1.0s
[   896] loss=-0.8348 | res=2.88e-04 | grad=1.80e-01 | 1.0s
[   897] loss=-0.9744 | res=1.30e-04 | grad=6.86e-01 | 1.0s
[   898] loss=-0.8471 | res=3.03e-04 | grad=1.23e-01 | 1.0s
[   899] loss=-0.8378 | res=1.52e-04 | grad=1.43e-01 | 1.0s
[   900] loss=-0.7806 | res=2.26e-04 | grad=1.38e-01 | 1.0s
[   901] loss=-0.8041 | res=6.30e-04 | grad=5.41e-01 | 1.0s
[   902] loss=-0.8139 | res=4.63e-04 | grad=2.10e-01 | 1.0s
[   903] loss=-0.7748 | res=2.38e-04 | grad=3.74e-01 | 1.0s
[   904] loss=-0.7837 | res=1.66e-04 | grad=3.52e-01 | 1.0s
[   905] loss=-0.7996 | res=9.23e-05 | grad=2.08e-01 | 1.0s
[   906] loss=-0.8059 | res=4.00e-04 | grad=2.67e-01 | 1.0s
[   907] loss=-0.7908 | res=1.58e-04 | grad=1.54e-01 | 1.0s
[   908] loss=-0.8561 | res=1.28e-04 | grad=4.78e-01 | 1.1s
[   909] loss=-0.8252 | res=1.04e-04 | grad=2.54e-01 | 1.1s
[   910] loss=-0.9516 | res=3.63e-04 | grad=7.30e-01 | 1.1s
[   911] loss=-0.7960 | res=2.36e-04 | grad=2.14e-01 | 1.1s
[   912] loss=-0.7950 | res=2.25e-04 | grad=2.10e-01 | 1.0s
[   913] loss=-0.9074 | res=1.94e-04 | grad=1.35e-01 | 1.0s
[   914] loss=-0.7869 | res=2.61e-04 | grad=3.15e-01 | 1.1s
[   915] loss=-0.8790 | res=2.08e-04 | grad=3.41e-01 | 1.1s
[   916] loss=-0.7940 | res=3.02e-04 | grad=3.33e-01 | 1.1s
[   917] loss=-0.7353 | res=6.32e-04 | grad=6.86e-01 | 1.0s
[   918] loss=-0.7892 | res=1.92e-04 | grad=2.66e-01 | 1.0s
[   919] loss=-0.8906 | res=5.88e-04 | grad=1.89e-01 | 1.0s
[   920] loss=-0.8705 | res=1.91e-04 | grad=3.19e-01 | 1.1s
[   921] loss=-0.8720 | res=1.93e-04 | grad=3.67e-01 | 1.0s
[   922] loss=-0.7616 | res=1.79e-04 | grad=3.56e-01 | 1.1s
[   923] loss=-0.8317 | res=1.16e-08 | grad=3.59e-01 | 1.1s
[   924] loss=-0.8834 | res=1.09e-04 | grad=6.17e-01 | 1.1s
[   925] loss=-0.7631 | res=1.40e-04 | grad=2.14e-01 | 1.0s
[   926] loss=-0.8744 | res=3.11e-09 | grad=4.37e-01 | 1.1s
[   927] loss=-0.7696 | res=2.75e-04 | grad=2.59e-01 | 1.0s
[   928] loss=-0.8648 | res=4.93e-04 | grad=1.78e-01 | 1.0s
[   929] loss=-0.8844 | res=1.47e-04 | grad=8.25e-02 | 1.1s
[   930] loss=-0.8494 | res=7.81e-05 | grad=2.43e-01 | 1.1s
[   931] loss=-0.7791 | res=8.84e-05 | grad=3.38e-01 | 1.0s
[   932] loss=-0.8295 | res=2.56e-04 | grad=3.63e-01 | 1.1s
[   933] loss=-0.8916 | res=9.39e-05 | grad=1.62e-01 | 1.0s
[   934] loss=-0.9020 | res=1.27e-04 | grad=3.00e-01 | 1.0s
[   935] loss=-0.7844 | res=1.29e-04 | grad=5.93e-01 | 0.9s
[   936] loss=-0.7728 | res=2.48e-04 | grad=7.01e-01 | 0.9s
[   937] loss=-0.8626 | res=1.37e-04 | grad=1.50e-01 | 0.9s
[   938] loss=-0.9241 | res=6.45e-05 | grad=3.13e-01 | 0.9s
[   939] loss=-0.8802 | res=3.69e-04 | grad=2.96e-01 | 0.9s
[   940] loss=-0.8664 | res=2.33e-09 | grad=3.17e-01 | 0.9s
[   941] loss=-0.8041 | res=7.65e-05 | grad=1.03e-01 | 0.9s
[   942] loss=-0.7641 | res=5.93e-05 | grad=2.15e-01 | 0.9s
[   943] loss=-0.8495 | res=2.00e-04 | grad=1.82e-01 | 0.9s
[   944] loss=-0.7859 | res=5.00e-12 | grad=1.38e-01 | 0.9s
[   945] loss=-0.9179 | res=1.78e-04 | grad=4.51e-01 | 0.9s
[   946] loss=-0.7830 | res=6.42e-05 | grad=2.85e-01 | 0.9s
[   947] loss=-0.8120 | res=2.09e-04 | grad=1.67e-01 | 0.9s
[   948] loss=-0.8031 | res=6.06e-05 | grad=1.75e-01 | 0.9s
[   949] loss=-0.8499 | res=2.64e-04 | grad=1.83e-01 | 0.9s
[   950] loss=-0.8717 | res=6.48e-05 | grad=1.65e-01 | 0.9s
[   951] loss=-0.8287 | res=4.39e-04 | grad=2.13e-01 | 0.9s
[   952] loss=-0.7637 | res=4.52e-04 | grad=3.87e-01 | 0.9s
[   953] loss=-0.9033 | res=3.38e-04 | grad=2.38e-01 | 0.9s
[   954] loss=-0.7410 | res=2.25e-04 | grad=5.91e-01 | 1.0s
[   955] loss=-0.7987 | res=2.33e-04 | grad=2.52e-01 | 1.0s
[   956] loss=-0.7878 | res=1.07e-04 | grad=2.03e-01 | 1.1s
[   957] loss=-0.9461 | res=6.55e-05 | grad=7.45e-01 | 1.0s
[   958] loss=-0.8710 | res=3.06e-04 | grad=3.86e-01 | 1.0s
[   959] loss=-0.8924 | res=2.53e-04 | grad=5.74e-01 | 1.0s
[   960] loss=-0.8141 | res=1.03e-04 | grad=3.05e-01 | 1.0s
[   961] loss=-0.9257 | res=6.71e-05 | grad=4.04e-01 | 1.1s
[   962] loss=-0.8487 | res=1.98e-04 | grad=2.45e-01 | 1.1s
[   963] loss=-0.8962 | res=9.72e-05 | grad=1.66e-01 | 1.1s
[   964] loss=-0.8813 | res=3.91e-04 | grad=1.85e-01 | 1.1s
[   965] loss=-0.8006 | res=2.81e-04 | grad=3.33e-01 | 1.1s
[   966] loss=-0.9373 | res=1.11e-04 | grad=3.13e-01 | 1.0s
[   967] loss=-0.8220 | res=2.79e-04 | grad=4.50e-01 | 1.0s
[   968] loss=-0.8732 | res=2.56e-04 | grad=3.01e-01 | 1.1s
[   969] loss=-0.7573 | res=1.24e-04 | grad=4.96e-01 | 1.0s
[   970] loss=-0.7885 | res=2.97e-09 | grad=4.13e-01 | 1.0s
[   971] loss=-0.8878 | res=1.54e-09 | grad=4.66e-01 | 1.0s
[   972] loss=-0.8994 | res=3.74e-04 | grad=4.81e-01 | 1.1s
[   973] loss=-0.7610 | res=2.95e-04 | grad=3.16e-01 | 1.0s
[   974] loss=-0.8139 | res=5.96e-05 | grad=1.60e-01 | 1.0s
[   975] loss=-0.8011 | res=2.38e-15 | grad=3.69e-01 | 1.0s
[   976] loss=-0.7709 | res=4.01e-04 | grad=2.16e-01 | 1.1s
[   977] loss=-0.9109 | res=1.93e-09 | grad=6.82e-01 | 1.0s
[   978] loss=-0.7302 | res=1.16e-15 | grad=1.89e-01 | 1.1s
[   979] loss=-0.8175 | res=2.83e-04 | grad=3.20e-01 | 1.1s
[   980] loss=-0.8223 | res=9.29e-05 | grad=2.88e-01 | 1.1s
[   981] loss=-0.7877 | res=1.08e-04 | grad=2.26e-01 | 1.0s
[   982] loss=-0.9437 | res=1.14e-15 | grad=4.29e-01 | 1.1s
[   983] loss=-0.7830 | res=3.06e-04 | grad=2.03e-01 | 1.0s
[   984] loss=-0.7580 | res=6.98e-05 | grad=6.75e-01 | 1.0s
[   985] loss=-0.7146 | res=2.07e-04 | grad=7.07e-01 | 1.1s
[   986] loss=-0.8568 | res=6.83e-05 | grad=1.27e-01 | 1.0s
[   987] loss=-0.8455 | res=8.21e-09 | grad=2.50e-01 | 1.0s
[   988] loss=-0.7521 | res=2.20e-04 | grad=2.39e-01 | 1.0s
[   989] loss=-0.8768 | res=1.38e-04 | grad=2.63e-01 | 1.0s
[   990] loss=-0.8187 | res=2.42e-04 | grad=1.37e-01 | 1.0s
[   991] loss=-0.8657 | res=4.38e-04 | grad=2.73e-01 | 1.0s
[   992] loss=-0.7863 | res=1.83e-04 | grad=1.67e-01 | 1.1s
[   993] loss=-0.8389 | res=1.62e-04 | grad=4.23e-01 | 1.1s
[   994] loss=-0.9461 | res=5.54e-05 | grad=6.63e-01 | 1.0s
[   995] loss=-0.9366 | res=6.45e-05 | grad=1.94e-01 | 1.0s
[   996] loss=-0.7972 | res=3.23e-04 | grad=2.43e-01 | 1.0s
[   997] loss=-0.8769 | res=6.69e-04 | grad=3.92e-01 | 1.0s
[   998] loss=-0.7803 | res=1.31e-04 | grad=5.72e-01 | 1.0s
[   999] loss=-0.8584 | res=4.84e-04 | grad=1.77e-01 | 1.0s
[  1000] loss=-0.7900 | res=1.22e-15 | grad=2.46e-01 | 1.0s
    KL = 0.0285
    ESS ratio = 0.945
    Runtime = 1018.0s

  --- Run 5/5 (seed=56789) ---
/home/sjbhatt/anaconda3/envs/rcpms-jax/lib/python3.10/site-packages/jax/_src/ops/scatter.py:92: FutureWarning: scatter inputs have incompatible types: cannot safely cast value from dtype=int64 to dtype=int32 with jax_numpy_dtype_promotion='standard'. In future JAX releases this will result in an error.
  warnings.warn(
/home/sjbhatt/anaconda3/envs/rcpms-jax/lib/python3.10/site-packages/jax/_src/ops/scatter.py:92: FutureWarning: scatter inputs have incompatible types: cannot safely cast value from dtype=int64 to dtype=int32 with jax_numpy_dtype_promotion='standard'. In future JAX releases this will result in an error.
  warnings.warn(
[     1] loss=0.0340 | res=1.79e-04 | grad=6.25e+00 | 3.2s
[     2] loss=-0.0912 | res=4.60e-09 | grad=6.15e+00 | 1.1s
[     3] loss=-0.2080 | res=1.12e-04 | grad=5.47e+00 | 1.0s
[     4] loss=-0.3419 | res=2.16e-04 | grad=5.64e+00 | 1.0s
[     5] loss=-0.4133 | res=5.46e-04 | grad=4.81e+00 | 1.1s
[     6] loss=-0.5089 | res=8.85e-04 | grad=4.62e+00 | 1.0s
[     7] loss=-0.5939 | res=5.31e-04 | grad=3.95e+00 | 1.1s
[     8] loss=-0.7401 | res=3.56e-04 | grad=4.03e+00 | 1.0s
[     9] loss=-0.6838 | res=1.67e-04 | grad=2.14e+00 | 1.0s
[    10] loss=-0.8137 | res=5.36e-04 | grad=2.14e+00 | 1.1s
[    11] loss=-0.8426 | res=8.59e-05 | grad=1.09e+00 | 1.1s
[    12] loss=-0.8278 | res=9.12e-05 | grad=4.20e-01 | 1.1s
[    13] loss=-0.8239 | res=4.91e-04 | grad=2.28e-01 | 1.1s
[    14] loss=-0.7157 | res=3.56e-04 | grad=7.72e-01 | 1.0s
[    15] loss=-0.8498 | res=1.19e-04 | grad=6.53e-01 | 1.1s
[    16] loss=-0.8171 | res=2.03e-08 | grad=1.02e+00 | 1.1s
[    17] loss=-0.8054 | res=8.29e-05 | grad=1.04e+00 | 1.1s
[    18] loss=-0.8956 | res=2.72e-04 | grad=9.24e-01 | 1.0s
[    19] loss=-0.7394 | res=7.22e-04 | grad=1.22e+00 | 1.1s
[    20] loss=-0.8994 | res=1.13e-08 | grad=1.12e+00 | 1.0s
[    21] loss=-0.8178 | res=9.12e-05 | grad=9.74e-01 | 1.1s
[    22] loss=-0.8695 | res=5.29e-04 | grad=6.50e-01 | 1.0s
[    23] loss=-0.8639 | res=2.23e-08 | grad=7.93e-01 | 1.1s
[    24] loss=-0.8272 | res=6.92e-04 | grad=6.99e-01 | 1.0s
[    25] loss=-0.8094 | res=1.51e-15 | grad=8.32e-01 | 1.0s
[    26] loss=-0.8786 | res=6.39e-09 | grad=2.90e-01 | 1.0s
[    27] loss=-0.8859 | res=1.72e-09 | grad=3.10e-01 | 1.1s
[    28] loss=-0.8627 | res=2.64e-09 | grad=3.48e-01 | 1.0s
[    29] loss=-0.8265 | res=9.48e-09 | grad=3.73e-01 | 1.1s
[    30] loss=-0.8371 | res=1.28e-04 | grad=5.28e-01 | 1.0s
[    31] loss=-0.8733 | res=3.24e-09 | grad=3.86e-01 | 1.1s
[    32] loss=-0.8487 | res=2.44e-09 | grad=6.24e-01 | 1.1s
[    33] loss=-0.8532 | res=1.55e-09 | grad=5.58e-01 | 1.1s
[    34] loss=-0.8436 | res=5.28e-09 | grad=4.87e-01 | 1.1s
[    35] loss=-0.8171 | res=3.96e-04 | grad=6.62e-01 | 1.1s
[    36] loss=-0.7431 | res=1.52e-04 | grad=3.13e-01 | 1.1s
[    37] loss=-0.8653 | res=1.34e-04 | grad=6.13e-01 | 1.1s
[    38] loss=-0.8354 | res=1.42e-08 | grad=2.20e-01 | 1.1s
[    39] loss=-0.7172 | res=2.99e-04 | grad=4.23e-01 | 1.1s
[    40] loss=-0.7577 | res=4.05e-04 | grad=4.99e-01 | 1.0s
[    41] loss=-0.8496 | res=2.25e-04 | grad=2.60e-01 | 1.1s
[    42] loss=-0.8003 | res=3.71e-04 | grad=1.68e-01 | 1.0s
[    43] loss=-0.8894 | res=1.16e-15 | grad=4.30e-01 | 1.1s
[    44] loss=-0.7560 | res=5.65e-09 | grad=3.26e-01 | 1.1s
[    45] loss=-0.7959 | res=2.53e-09 | grad=5.52e-01 | 1.0s
[    46] loss=-0.7908 | res=2.14e-04 | grad=3.78e-01 | 1.1s
[    47] loss=-0.9073 | res=3.30e-04 | grad=4.78e-01 | 1.1s
[    48] loss=-0.9167 | res=5.55e-04 | grad=1.72e-01 | 1.1s
[    49] loss=-0.9077 | res=9.03e-05 | grad=3.37e-01 | 1.1s
[    50] loss=-0.8038 | res=2.64e-04 | grad=2.80e-01 | 1.1s
[    51] loss=-0.8770 | res=2.66e-04 | grad=3.32e-01 | 1.1s
[    52] loss=-0.8133 | res=7.43e-05 | grad=3.11e-01 | 1.1s
[    53] loss=-0.8539 | res=1.10e-04 | grad=3.34e-01 | 1.1s
[    54] loss=-0.7405 | res=4.03e-04 | grad=5.25e-01 | 1.1s
[    55] loss=-0.8303 | res=2.00e-04 | grad=9.54e-02 | 1.0s
[    56] loss=-0.8025 | res=5.56e-04 | grad=4.54e-01 | 1.0s
[    57] loss=-0.8181 | res=1.30e-04 | grad=4.44e-01 | 1.1s
[    58] loss=-0.9032 | res=4.77e-04 | grad=3.78e-01 | 1.1s
[    59] loss=-0.8517 | res=2.22e-04 | grad=3.98e-01 | 1.1s
[    60] loss=-0.8299 | res=8.14e-09 | grad=2.84e-01 | 1.0s
[    61] loss=-0.8735 | res=1.65e-04 | grad=4.10e-01 | 1.1s
[    62] loss=-0.8259 | res=6.26e-04 | grad=6.24e-01 | 1.0s
[    63] loss=-0.8181 | res=1.51e-04 | grad=1.43e-01 | 1.1s
[    64] loss=-0.7962 | res=9.67e-04 | grad=4.31e-01 | 1.0s
[    65] loss=-0.7913 | res=1.07e-04 | grad=2.24e-01 | 1.1s
[    66] loss=-0.8250 | res=2.92e-08 | grad=2.66e-01 | 1.1s
[    67] loss=-0.8437 | res=5.31e-04 | grad=3.46e-01 | 1.1s
[    68] loss=-0.8743 | res=5.94e-09 | grad=7.74e-01 | 1.1s
[    69] loss=-0.8265 | res=1.14e-08 | grad=3.83e-01 | 1.1s
[    70] loss=-0.7533 | res=3.89e-04 | grad=5.91e-01 | 1.1s
[    71] loss=-0.8712 | res=3.81e-04 | grad=3.86e-01 | 1.1s
[    72] loss=-0.8357 | res=1.76e-04 | grad=3.90e-01 | 1.1s
[    73] loss=-0.8027 | res=1.14e-08 | grad=4.78e-01 | 1.1s
[    74] loss=-0.6510 | res=5.49e-14 | grad=8.33e-01 | 1.0s
[    75] loss=-0.9358 | res=6.55e-09 | grad=6.54e-01 | 0.9s
[    76] loss=-0.7911 | res=7.81e-05 | grad=5.55e-01 | 0.9s
[    77] loss=-0.8218 | res=4.10e-04 | grad=4.68e-01 | 0.9s
[    78] loss=-0.7768 | res=3.92e-04 | grad=4.10e-01 | 0.9s
[    79] loss=-0.8428 | res=5.31e-09 | grad=4.64e-01 | 0.9s
[    80] loss=-0.8425 | res=2.63e-04 | grad=6.98e-01 | 0.9s
[    81] loss=-0.7548 | res=2.23e-04 | grad=1.77e-01 | 0.9s
[    82] loss=-0.7250 | res=5.13e-04 | grad=5.21e-01 | 0.9s
[    83] loss=-0.8324 | res=5.55e-04 | grad=5.56e-01 | 0.9s
[    84] loss=-0.7775 | res=4.25e-15 | grad=4.67e-01 | 0.9s
[    85] loss=-0.8118 | res=5.71e-04 | grad=4.37e-01 | 0.9s
[    86] loss=-0.9061 | res=2.51e-04 | grad=2.83e-01 | 0.9s
[    87] loss=-0.9769 | res=6.24e-04 | grad=5.48e-01 | 0.9s
[    88] loss=-0.8209 | res=1.03e-08 | grad=3.19e-01 | 0.9s
[    89] loss=-0.7987 | res=1.24e-08 | grad=2.57e-01 | 0.9s
[    90] loss=-0.8191 | res=1.43e-15 | grad=2.87e-01 | 0.9s
[    91] loss=-0.8590 | res=6.46e-05 | grad=1.82e-01 | 0.9s
[    92] loss=-0.7363 | res=6.99e-09 | grad=6.58e-01 | 0.9s
[    93] loss=-0.8105 | res=5.73e-09 | grad=2.18e-01 | 1.1s
[    94] loss=-0.8209 | res=6.87e-09 | grad=5.17e-01 | 1.1s
[    95] loss=-0.8373 | res=1.94e-09 | grad=1.81e-01 | 1.1s
[    96] loss=-0.7806 | res=6.57e-05 | grad=6.63e-01 | 1.1s
[    97] loss=-0.8428 | res=4.70e-09 | grad=6.69e-01 | 1.1s
[    98] loss=-0.8560 | res=1.42e-04 | grad=3.03e-01 | 1.1s
[    99] loss=-0.8002 | res=1.63e-15 | grad=3.06e-01 | 1.1s
[   100] loss=-0.7936 | res=2.08e-04 | grad=3.22e-01 | 1.0s
[   101] loss=-0.8320 | res=3.51e-04 | grad=4.33e-01 | 1.1s
[   102] loss=-0.8315 | res=2.96e-09 | grad=4.57e-01 | 1.1s
[   103] loss=-0.9077 | res=7.69e-05 | grad=4.23e-01 | 1.1s
[   104] loss=-0.8765 | res=3.19e-09 | grad=3.07e-01 | 1.1s
[   105] loss=-0.8244 | res=7.91e-06 | grad=3.91e-01 | 1.1s
[   106] loss=-0.7749 | res=3.77e-04 | grad=5.27e-01 | 1.1s
[   107] loss=-0.8703 | res=1.91e-04 | grad=3.55e-01 | 1.1s
[   108] loss=-0.7873 | res=1.91e-04 | grad=4.17e-01 | 1.0s
[   109] loss=-0.7429 | res=9.19e-05 | grad=3.03e-01 | 1.1s
[   110] loss=-0.8722 | res=3.62e-04 | grad=4.93e-01 | 1.1s
[   111] loss=-0.8443 | res=6.06e-05 | grad=3.64e-01 | 1.1s
[   112] loss=-0.9158 | res=7.08e-09 | grad=8.14e-01 | 1.0s
[   113] loss=-0.9653 | res=1.55e-04 | grad=6.68e-01 | 1.1s
[   114] loss=-0.8247 | res=1.12e-08 | grad=1.14e-01 | 1.1s
[   115] loss=-0.7966 | res=2.03e-04 | grad=4.81e-01 | 1.1s
[   116] loss=-0.8533 | res=1.64e-15 | grad=2.18e-01 | 1.1s
[   117] loss=-0.8876 | res=2.48e-09 | grad=1.42e-01 | 1.1s
[   118] loss=-0.8571 | res=1.79e-04 | grad=1.40e-01 | 1.1s
[   119] loss=-0.7963 | res=1.68e-04 | grad=4.24e-01 | 1.0s
[   120] loss=-0.7846 | res=5.86e-05 | grad=5.80e-01 | 1.1s
[   121] loss=-0.8021 | res=4.89e-09 | grad=5.00e-01 | 1.1s
[   122] loss=-0.9207 | res=2.03e-04 | grad=3.82e-01 | 1.1s
[   123] loss=-0.8470 | res=3.51e-04 | grad=3.12e-01 | 1.1s
[   124] loss=-0.9225 | res=1.93e-04 | grad=3.36e-01 | 1.1s
[   125] loss=-0.7098 | res=3.60e-09 | grad=8.03e-01 | 1.1s
[   126] loss=-0.8288 | res=2.77e-04 | grad=4.36e-01 | 1.0s
[   127] loss=-0.7825 | res=3.41e-04 | grad=4.18e-01 | 1.1s
[   128] loss=-0.8454 | res=4.63e-05 | grad=7.44e-01 | 1.0s
[   129] loss=-0.8767 | res=1.47e-04 | grad=3.33e-01 | 1.1s
[   130] loss=-0.8351 | res=1.96e-08 | grad=5.50e-01 | 1.1s
[   131] loss=-0.7916 | res=6.87e-05 | grad=4.45e-01 | 1.1s
[   132] loss=-0.8855 | res=2.15e-09 | grad=4.91e-01 | 1.1s
[   133] loss=-0.8926 | res=4.06e-09 | grad=4.62e-01 | 1.1s
[   134] loss=-0.8419 | res=1.42e-15 | grad=2.82e-01 | 1.0s
[   135] loss=-0.7514 | res=4.52e-04 | grad=5.47e-01 | 1.1s
[   136] loss=-0.7527 | res=2.85e-04 | grad=6.13e-01 | 1.0s
[   137] loss=-0.8703 | res=1.97e-09 | grad=4.28e-01 | 1.1s
[   138] loss=-0.7990 | res=3.58e-04 | grad=1.05e-01 | 1.1s
[   139] loss=-0.7594 | res=3.89e-09 | grad=2.04e-01 | 1.1s
[   140] loss=-0.7805 | res=2.49e-12 | grad=3.68e-01 | 1.1s
[   141] loss=-0.7707 | res=1.60e-04 | grad=1.33e-01 | 1.1s
[   142] loss=-0.8874 | res=3.90e-04 | grad=6.51e-01 | 1.1s
[   143] loss=-0.8775 | res=2.49e-11 | grad=5.84e-01 | 1.1s
[   144] loss=-0.7778 | res=1.54e-04 | grad=5.66e-01 | 1.1s
[   145] loss=-0.8514 | res=1.53e-04 | grad=3.57e-01 | 1.1s
[   146] loss=-0.7365 | res=8.39e-15 | grad=6.64e-01 | 1.1s
[   147] loss=-0.8170 | res=3.73e-09 | grad=1.48e-01 | 1.1s
[   148] loss=-0.8323 | res=1.56e-04 | grad=4.19e-01 | 1.0s
[   149] loss=-0.9465 | res=2.27e-05 | grad=1.06e+00 | 1.1s
[   150] loss=-0.8459 | res=3.83e-04 | grad=5.46e-01 | 1.0s
[   151] loss=-0.7936 | res=1.43e-04 | grad=2.46e-01 | 1.0s
[   152] loss=-0.7395 | res=1.30e-04 | grad=4.33e-01 | 1.1s
[   153] loss=-0.8324 | res=2.75e-09 | grad=4.81e-01 | 1.0s
[   154] loss=-0.8539 | res=3.21e-04 | grad=4.51e-01 | 1.1s
[   155] loss=-0.8376 | res=2.00e-04 | grad=1.75e-01 | 1.1s
[   156] loss=-0.7664 | res=4.24e-09 | grad=6.14e-01 | 1.1s
[   157] loss=-0.7942 | res=5.71e-04 | grad=3.06e-01 | 1.1s
[   158] loss=-0.8062 | res=1.79e-15 | grad=1.54e-01 | 1.1s
[   159] loss=-0.8783 | res=5.78e-05 | grad=3.98e-01 | 1.1s
[   160] loss=-0.8428 | res=9.22e-05 | grad=2.75e-01 | 1.1s
[   161] loss=-0.8657 | res=1.11e-04 | grad=4.12e-01 | 1.1s
[   162] loss=-0.7134 | res=6.09e-05 | grad=5.13e-01 | 1.1s
[   163] loss=-0.8338 | res=1.61e-15 | grad=2.63e-01 | 1.1s
[   164] loss=-0.8486 | res=7.64e-05 | grad=2.67e-01 | 1.0s
[   165] loss=-0.8132 | res=3.79e-09 | grad=3.73e-01 | 1.1s
[   166] loss=-0.8712 | res=1.89e-04 | grad=2.86e-01 | 1.1s
[   167] loss=-0.9218 | res=1.49e-04 | grad=9.58e-01 | 1.1s
[   168] loss=-0.8231 | res=2.77e-04 | grad=1.16e-01 | 1.1s
[   169] loss=-0.8226 | res=1.44e-04 | grad=5.40e-01 | 1.1s
[   170] loss=-0.7988 | res=7.81e-05 | grad=3.08e-01 | 1.0s
[   171] loss=-0.9621 | res=1.16e-04 | grad=4.96e-01 | 1.1s
[   172] loss=-0.9145 | res=4.68e-04 | grad=3.56e-01 | 1.1s
[   173] loss=-0.7426 | res=4.57e-10 | grad=7.25e-01 | 1.1s
[   174] loss=-0.8737 | res=9.32e-09 | grad=3.66e-01 | 1.1s
[   175] loss=-0.8987 | res=6.12e-05 | grad=3.75e-01 | 1.1s
[   176] loss=-0.7055 | res=4.75e-09 | grad=9.45e-01 | 1.1s
[   177] loss=-0.8838 | res=1.09e-04 | grad=2.30e-01 | 1.0s
[   178] loss=-0.8876 | res=7.58e-05 | grad=2.97e-01 | 1.1s
[   179] loss=-0.7970 | res=1.60e-15 | grad=2.62e-01 | 1.1s
[   180] loss=-0.8284 | res=1.07e-09 | grad=2.25e-01 | 1.1s
[   181] loss=-0.8727 | res=1.20e-08 | grad=4.01e-01 | 1.1s
[   182] loss=-0.9817 | res=2.05e-04 | grad=7.76e-01 | 1.0s
[   183] loss=-0.9073 | res=1.44e-15 | grad=5.65e-01 | 1.1s
[   184] loss=-0.7988 | res=4.46e-05 | grad=1.63e-01 | 1.1s
[   185] loss=-0.7275 | res=2.46e-09 | grad=6.20e-01 | 1.0s
[   186] loss=-0.8229 | res=3.82e-09 | grad=2.69e-01 | 1.0s
[   187] loss=-0.8054 | res=6.04e-09 | grad=4.12e-01 | 1.1s
[   188] loss=-0.8751 | res=4.63e-09 | grad=2.42e-01 | 1.0s
[   189] loss=-0.8680 | res=1.22e-04 | grad=4.56e-01 | 1.1s
[   190] loss=-0.8113 | res=3.78e-04 | grad=1.78e-01 | 1.0s
[   191] loss=-0.8101 | res=1.99e-04 | grad=1.95e-01 | 1.1s
[   192] loss=-0.7913 | res=3.37e-04 | grad=4.64e-01 | 1.0s
[   193] loss=-0.8022 | res=2.07e-04 | grad=1.68e-01 | 1.0s
[   194] loss=-0.8653 | res=5.83e-04 | grad=2.01e-01 | 1.0s
[   195] loss=-0.8165 | res=4.07e-04 | grad=3.71e-01 | 1.1s
[   196] loss=-0.7113 | res=5.55e-05 | grad=7.03e-01 | 1.1s
[   197] loss=-0.7426 | res=3.46e-09 | grad=3.04e-01 | 1.1s
[   198] loss=-0.8040 | res=8.18e-05 | grad=4.52e-01 | 1.0s
[   199] loss=-0.7533 | res=1.40e-15 | grad=6.16e-01 | 1.0s
[   200] loss=-0.8392 | res=2.70e-09 | grad=5.55e-01 | 1.1s
[   201] loss=-0.9019 | res=1.05e-08 | grad=8.08e-01 | 1.1s
[   202] loss=-0.7555 | res=1.19e-04 | grad=3.18e-01 | 1.0s
[   203] loss=-0.8557 | res=2.95e-09 | grad=3.25e-01 | 1.0s
[   204] loss=-0.7772 | res=7.64e-09 | grad=4.37e-01 | 1.1s
[   205] loss=-0.8990 | res=2.87e-04 | grad=4.90e-01 | 1.1s
[   206] loss=-0.9034 | res=1.56e-04 | grad=6.08e-01 | 1.1s
[   207] loss=-0.8397 | res=1.91e-09 | grad=5.14e-01 | 1.1s
[   208] loss=-0.8187 | res=5.96e-05 | grad=2.96e-01 | 1.1s
[   209] loss=-0.7736 | res=1.45e-04 | grad=4.74e-01 | 1.1s
[   210] loss=-0.9999 | res=2.94e-04 | grad=6.78e-01 | 1.1s
[   211] loss=-0.8698 | res=2.45e-09 | grad=4.50e-01 | 1.1s
[   212] loss=-0.7313 | res=3.46e-04 | grad=9.96e-01 | 1.1s
[   213] loss=-0.7473 | res=1.38e-04 | grad=6.86e-01 | 1.1s
[   214] loss=-0.9462 | res=2.56e-05 | grad=1.65e-01 | 1.1s
[   215] loss=-0.8344 | res=2.69e-09 | grad=3.28e-01 | 1.0s
[   216] loss=-0.8903 | res=3.20e-09 | grad=4.46e-01 | 1.1s
[   217] loss=-0.8224 | res=4.00e-04 | grad=1.37e-01 | 1.1s
[   218] loss=-0.7785 | res=7.67e-09 | grad=2.15e-01 | 1.0s
[   219] loss=-0.8525 | res=1.44e-04 | grad=3.32e-01 | 1.1s
[   220] loss=-0.7523 | res=4.24e-09 | grad=3.35e-01 | 1.0s
[   221] loss=-0.7370 | res=2.06e-10 | grad=2.42e-01 | 1.1s
[   222] loss=-0.8475 | res=1.88e-08 | grad=4.53e-01 | 1.1s
[   223] loss=-0.8278 | res=8.37e-13 | grad=3.34e-01 | 1.1s
[   224] loss=-0.7995 | res=1.35e-15 | grad=2.80e-01 | 1.0s
[   225] loss=-0.7281 | res=7.26e-05 | grad=4.26e-01 | 1.1s
[   226] loss=-0.9196 | res=2.24e-04 | grad=5.08e-01 | 1.1s
[   227] loss=-0.8699 | res=1.40e-04 | grad=5.86e-01 | 1.0s
[   228] loss=-0.8065 | res=1.55e-04 | grad=4.31e-01 | 1.0s
[   229] loss=-0.8101 | res=3.71e-04 | grad=4.26e-01 | 1.0s
[   230] loss=-0.8027 | res=1.23e-04 | grad=4.00e-01 | 1.0s
[   231] loss=-0.8310 | res=7.55e-05 | grad=2.39e-01 | 1.1s
[   232] loss=-0.8649 | res=1.49e-15 | grad=1.91e-01 | 1.1s
[   233] loss=-0.8019 | res=3.12e-04 | grad=2.33e-01 | 1.0s
[   234] loss=-0.8732 | res=5.47e-05 | grad=4.22e-01 | 1.0s
[   235] loss=-0.8109 | res=2.17e-09 | grad=6.32e-01 | 1.1s
[   236] loss=-0.8457 | res=3.08e-04 | grad=2.92e-01 | 1.1s
[   237] loss=-0.8792 | res=9.15e-05 | grad=1.03e-01 | 1.1s
[   238] loss=-0.8745 | res=4.39e-09 | grad=4.05e-01 | 1.1s
[   239] loss=-0.8127 | res=3.20e-09 | grad=2.99e-01 | 1.1s
[   240] loss=-0.7927 | res=3.67e-04 | grad=3.44e-01 | 1.0s
[   241] loss=-0.8022 | res=1.56e-15 | grad=2.88e-01 | 1.0s
[   242] loss=-0.7815 | res=7.20e-05 | grad=2.91e-01 | 1.0s
[   243] loss=-0.8422 | res=6.84e-05 | grad=3.48e-01 | 1.1s
[   244] loss=-0.8802 | res=7.55e-05 | grad=3.29e-01 | 1.0s
[   245] loss=-0.9068 | res=2.70e-14 | grad=3.42e-01 | 1.0s
[   246] loss=-0.7634 | res=2.15e-04 | grad=4.39e-01 | 1.0s
[   247] loss=-0.8454 | res=7.31e-09 | grad=5.29e-01 | 1.0s
[   248] loss=-0.8657 | res=4.65e-04 | grad=1.68e-01 | 1.0s
[   249] loss=-0.8621 | res=7.49e-09 | grad=3.92e-01 | 1.1s
[   250] loss=-0.9520 | res=2.90e-14 | grad=6.48e-01 | 1.1s
[   251] loss=-0.8232 | res=2.21e-09 | grad=7.38e-02 | 1.1s
[   252] loss=-0.7974 | res=4.48e-04 | grad=2.14e-01 | 1.1s
[   253] loss=-0.7992 | res=1.53e-11 | grad=8.63e-02 | 1.1s
[   254] loss=-0.8839 | res=3.70e-09 | grad=3.44e-01 | 1.0s
[   255] loss=-0.7663 | res=2.01e-04 | grad=4.29e-01 | 1.0s
[   256] loss=-0.6677 | res=5.86e-09 | grad=9.07e-01 | 1.0s
[   257] loss=-0.7360 | res=4.21e-09 | grad=7.80e-01 | 1.0s
[   258] loss=-0.7743 | res=9.85e-09 | grad=4.43e-01 | 1.0s
[   259] loss=-0.7995 | res=3.99e-04 | grad=3.51e-01 | 1.0s
[   260] loss=-0.8230 | res=3.63e-09 | grad=3.38e-01 | 1.0s
[   261] loss=-0.8750 | res=1.54e-15 | grad=4.07e-01 | 1.0s
[   262] loss=-0.8730 | res=1.21e-04 | grad=7.24e-01 | 1.0s
[   263] loss=-0.8123 | res=5.72e-14 | grad=5.12e-01 | 1.1s
[   264] loss=-0.9074 | res=6.94e-09 | grad=7.57e-01 | 1.0s
[   265] loss=-1.0214 | res=7.92e-05 | grad=1.11e+00 | 1.0s
[   266] loss=-0.8672 | res=8.59e-05 | grad=3.08e-01 | 1.0s
[   267] loss=-0.8504 | res=8.16e-09 | grad=2.55e-01 | 1.1s
[   268] loss=-0.7922 | res=1.11e-04 | grad=3.51e-01 | 1.0s
[   269] loss=-0.8449 | res=6.62e-12 | grad=5.09e-01 | 1.1s
[   270] loss=-0.8775 | res=6.62e-05 | grad=4.64e-01 | 1.0s
[   271] loss=-0.8726 | res=3.46e-04 | grad=4.39e-01 | 1.1s
[   272] loss=-0.8370 | res=2.43e-04 | grad=6.36e-01 | 1.1s
[   273] loss=-0.8070 | res=2.03e-15 | grad=7.88e-01 | 1.1s
[   274] loss=-0.8188 | res=5.51e-09 | grad=4.89e-01 | 1.1s
[   275] loss=-0.8394 | res=2.99e-04 | grad=5.05e-01 | 1.1s
[   276] loss=-0.8117 | res=5.31e-05 | grad=3.51e-01 | 1.1s
[   277] loss=-0.7730 | res=2.21e-04 | grad=2.48e-01 | 1.1s
[   278] loss=-0.9037 | res=1.51e-04 | grad=7.12e-01 | 1.1s
[   279] loss=-0.7503 | res=3.04e-04 | grad=2.50e-01 | 1.1s
[   280] loss=-0.9147 | res=2.28e-09 | grad=9.46e-01 | 1.0s
[   281] loss=-0.6396 | res=1.65e-04 | grad=6.35e-01 | 1.1s
[   282] loss=-0.8820 | res=1.43e-09 | grad=6.65e-01 | 1.1s
[   283] loss=-0.8031 | res=8.62e-09 | grad=4.32e-01 | 1.1s
[   284] loss=-0.8803 | res=2.08e-04 | grad=6.93e-01 | 1.1s
[   285] loss=-0.8095 | res=6.71e-05 | grad=2.52e-01 | 1.0s
[   286] loss=-0.7565 | res=4.91e-09 | grad=2.82e-01 | 1.1s
[   287] loss=-0.8829 | res=2.30e-04 | grad=4.78e-01 | 1.1s
[   288] loss=-0.7968 | res=8.16e-05 | grad=2.38e-01 | 1.1s
[   289] loss=-0.8351 | res=5.67e-09 | grad=2.59e-01 | 1.1s
[   290] loss=-0.8218 | res=5.64e-05 | grad=3.86e-01 | 1.1s
[   291] loss=-0.9056 | res=6.82e-10 | grad=4.00e-01 | 1.1s
[   292] loss=-0.7165 | res=3.93e-04 | grad=7.98e-01 | 1.1s
[   293] loss=-0.8389 | res=2.90e-15 | grad=1.96e-01 | 1.1s
[   294] loss=-0.7693 | res=1.29e-04 | grad=3.58e-01 | 1.1s
[   295] loss=-0.8112 | res=1.39e-04 | grad=4.96e-01 | 1.1s
[   296] loss=-0.8301 | res=4.53e-04 | grad=2.08e-01 | 1.0s
[   297] loss=-0.8014 | res=2.15e-04 | grad=2.03e-01 | 1.0s
[   298] loss=-0.9901 | res=7.87e-05 | grad=6.85e-01 | 1.0s
[   299] loss=-0.8113 | res=9.63e-05 | grad=2.31e-01 | 1.0s
[   300] loss=-0.8719 | res=9.11e-09 | grad=3.18e-01 | 1.0s
[   301] loss=-0.8256 | res=1.91e-04 | grad=4.77e-01 | 1.1s
[   302] loss=-0.7986 | res=4.19e-05 | grad=3.81e-01 | 1.0s
[   303] loss=-0.8354 | res=4.44e-04 | grad=1.35e-01 | 1.0s
[   304] loss=-0.8093 | res=6.96e-09 | grad=5.31e-01 | 1.0s
[   305] loss=-0.8943 | res=7.90e-05 | grad=4.09e-01 | 1.1s
[   306] loss=-0.8188 | res=1.38e-04 | grad=2.84e-01 | 1.0s
[   307] loss=-0.8092 | res=1.46e-15 | grad=3.54e-01 | 1.1s
[   308] loss=-0.8783 | res=3.44e-04 | grad=2.82e-01 | 1.0s
[   309] loss=-0.8797 | res=1.28e-09 | grad=2.36e-01 | 0.9s
[   310] loss=-0.8184 | res=3.49e-09 | grad=4.85e-01 | 0.9s
[   311] loss=-0.8843 | res=9.00e-05 | grad=2.50e-01 | 0.9s
[   312] loss=-0.8618 | res=2.98e-04 | grad=2.49e-01 | 0.9s
[   313] loss=-0.7857 | res=5.05e-05 | grad=5.19e-01 | 0.9s
[   314] loss=-0.8825 | res=6.66e-05 | grad=2.81e-01 | 0.9s
[   315] loss=-0.9152 | res=1.37e-15 | grad=4.81e-01 | 0.9s
[   316] loss=-0.8993 | res=2.26e-05 | grad=2.23e-01 | 0.9s
[   317] loss=-0.7772 | res=2.84e-04 | grad=4.40e-01 | 0.9s
[   318] loss=-0.8361 | res=1.51e-15 | grad=8.75e-02 | 0.9s
[   319] loss=-0.8539 | res=6.35e-14 | grad=4.13e-01 | 0.9s
[   320] loss=-0.7296 | res=3.71e-04 | grad=7.73e-01 | 0.9s
[   321] loss=-0.9136 | res=2.20e-04 | grad=2.08e-01 | 0.9s
[   322] loss=-0.8629 | res=6.95e-05 | grad=2.36e-01 | 0.9s
[   323] loss=-0.7613 | res=5.76e-11 | grad=6.09e-01 | 0.9s
[   324] loss=-0.8822 | res=2.73e-04 | grad=5.98e-01 | 0.9s
[   325] loss=-0.8656 | res=3.24e-09 | grad=3.88e-01 | 0.9s
[   326] loss=-0.7810 | res=1.67e-15 | grad=3.00e-01 | 0.9s
[   327] loss=-0.9168 | res=4.98e-04 | grad=9.54e-01 | 0.9s
[   328] loss=-0.8339 | res=1.85e-08 | grad=2.34e-01 | 0.9s
[   329] loss=-0.8148 | res=3.70e-09 | grad=3.75e-01 | 0.9s
[   330] loss=-0.9454 | res=1.11e-04 | grad=7.31e-01 | 0.9s
[   331] loss=-0.7907 | res=2.71e-09 | grad=3.06e-01 | 0.9s
[   332] loss=-0.7381 | res=5.48e-05 | grad=6.10e-01 | 0.9s
[   333] loss=-0.7393 | res=9.06e-05 | grad=5.59e-01 | 0.9s
[   334] loss=-0.9491 | res=1.50e-04 | grad=1.33e-01 | 0.9s
[   335] loss=-0.8994 | res=3.80e-09 | grad=4.08e-01 | 1.1s
[   336] loss=-0.8787 | res=1.74e-04 | grad=1.47e-01 | 1.0s
[   337] loss=-0.8192 | res=4.12e-15 | grad=5.56e-01 | 1.0s
[   338] loss=-0.9372 | res=2.90e-05 | grad=1.87e-01 | 1.0s
[   339] loss=-0.8343 | res=2.43e-04 | grad=3.53e-01 | 1.1s
[   340] loss=-0.7655 | res=7.50e-09 | grad=2.28e-01 | 1.1s
[   341] loss=-0.7634 | res=2.27e-04 | grad=3.31e-01 | 1.0s
[   342] loss=-0.8580 | res=1.48e-11 | grad=5.70e-01 | 1.1s
[   343] loss=-0.7832 | res=1.37e-04 | grad=1.16e-01 | 1.0s
[   344] loss=-0.8985 | res=1.67e-04 | grad=5.47e-01 | 1.0s
[   345] loss=-0.8944 | res=1.98e-04 | grad=5.28e-01 | 1.0s
[   346] loss=-0.8114 | res=5.13e-04 | grad=3.30e-01 | 1.0s
[   347] loss=-0.7771 | res=2.04e-04 | grad=3.82e-01 | 1.1s
[   348] loss=-0.7675 | res=2.43e-09 | grad=2.52e-01 | 1.0s
[   349] loss=-0.8559 | res=4.45e-04 | grad=2.27e-01 | 1.0s
[   350] loss=-0.8001 | res=9.72e-05 | grad=4.08e-01 | 1.1s
[   351] loss=-0.7399 | res=5.08e-05 | grad=3.25e-01 | 1.0s
[   352] loss=-0.8560 | res=1.56e-15 | grad=1.20e-01 | 1.0s
[   353] loss=-0.8004 | res=6.22e-09 | grad=4.23e-01 | 1.1s
[   354] loss=-0.8271 | res=1.58e-09 | grad=3.68e-01 | 1.0s
[   355] loss=-0.8465 | res=1.05e-04 | grad=3.62e-01 | 1.0s
[   356] loss=-0.8866 | res=2.00e-04 | grad=3.26e-01 | 1.1s
[   357] loss=-0.8477 | res=7.28e-05 | grad=2.34e-01 | 1.0s
[   358] loss=-0.8302 | res=6.93e-09 | grad=2.08e-01 | 1.0s
[   359] loss=-0.8418 | res=1.93e-04 | grad=3.37e-01 | 1.0s
[   360] loss=-0.7870 | res=2.91e-05 | grad=9.47e-02 | 1.0s
[   361] loss=-0.7923 | res=6.66e-05 | grad=3.53e-01 | 1.0s
[   362] loss=-0.8584 | res=1.01e-09 | grad=2.50e-01 | 1.0s
[   363] loss=-0.7920 | res=2.47e-11 | grad=4.31e-01 | 1.1s
[   364] loss=-0.8393 | res=1.42e-04 | grad=2.69e-01 | 1.0s
[   365] loss=-0.8771 | res=4.33e-05 | grad=4.71e-01 | 1.1s
[   366] loss=-0.9987 | res=3.64e-04 | grad=4.92e-01 | 1.0s
[   367] loss=-0.7864 | res=2.84e-04 | grad=2.97e-01 | 1.1s
[   368] loss=-0.8073 | res=1.50e-15 | grad=3.28e-01 | 1.1s
[   369] loss=-0.7842 | res=3.25e-04 | grad=4.37e-01 | 1.1s
[   370] loss=-0.9487 | res=1.73e-15 | grad=4.50e-01 | 1.1s
[   371] loss=-0.7738 | res=2.83e-09 | grad=2.81e-01 | 1.0s
[   372] loss=-0.8243 | res=9.34e-05 | grad=2.20e-01 | 1.1s
[   373] loss=-0.7793 | res=2.68e-12 | grad=4.08e-01 | 1.1s
[   374] loss=-0.7721 | res=5.92e-05 | grad=4.90e-01 | 1.1s
[   375] loss=-0.7935 | res=5.67e-05 | grad=2.18e-01 | 1.1s
[   376] loss=-0.8665 | res=6.49e-05 | grad=4.38e-01 | 1.1s
[   377] loss=-0.7725 | res=7.08e-05 | grad=2.85e-01 | 1.1s
[   378] loss=-0.7226 | res=1.47e-15 | grad=3.21e-01 | 1.1s
[   379] loss=-0.9247 | res=8.82e-05 | grad=7.51e-01 | 1.1s
[   380] loss=-0.8783 | res=5.76e-05 | grad=5.48e-01 | 1.0s
[   381] loss=-0.7795 | res=1.35e-04 | grad=2.23e-01 | 1.1s
[   382] loss=-0.8195 | res=3.19e-09 | grad=3.74e-01 | 1.1s
[   383] loss=-0.8356 | res=1.82e-04 | grad=1.93e-01 | 1.1s
[   384] loss=-0.8081 | res=2.39e-04 | grad=4.37e-01 | 1.1s
[   385] loss=-0.9036 | res=3.50e-09 | grad=2.69e-01 | 1.1s
[   386] loss=-0.8721 | res=3.00e-04 | grad=3.92e-01 | 1.1s
[   387] loss=-0.7832 | res=3.33e-09 | grad=4.40e-01 | 1.1s
[   388] loss=-0.7460 | res=1.54e-15 | grad=6.03e-01 | 1.0s
[   389] loss=-0.8264 | res=7.52e-04 | grad=1.07e-01 | 1.1s
[   390] loss=-0.8062 | res=3.00e-04 | grad=2.93e-01 | 1.0s
[   391] loss=-0.7762 | res=5.93e-04 | grad=3.50e-01 | 1.1s
[   392] loss=-0.9163 | res=1.32e-04 | grad=4.72e-01 | 1.0s
[   393] loss=-0.9605 | res=1.24e-15 | grad=5.65e-01 | 1.1s
[   394] loss=-0.8210 | res=4.45e-05 | grad=4.12e-01 | 1.0s
[   395] loss=-0.7504 | res=2.81e-08 | grad=3.68e-01 | 1.0s
[   396] loss=-0.7929 | res=2.85e-04 | grad=2.76e-01 | 1.1s
[   397] loss=-0.8657 | res=1.12e-11 | grad=3.38e-01 | 1.0s
[   398] loss=-0.8415 | res=8.64e-05 | grad=3.05e-01 | 1.0s
[   399] loss=-0.8791 | res=1.14e-04 | grad=4.06e-01 | 1.0s
[   400] loss=-0.8099 | res=2.76e-04 | grad=4.78e-01 | 1.1s
[   401] loss=-0.7609 | res=2.71e-04 | grad=5.20e-01 | 1.1s
[   402] loss=-0.8273 | res=6.13e-05 | grad=1.42e-01 | 1.1s
[   403] loss=-0.8362 | res=5.10e-05 | grad=2.10e-01 | 1.1s
[   404] loss=-0.8264 | res=9.91e-05 | grad=1.28e-01 | 1.0s
[   405] loss=-0.8319 | res=1.54e-08 | grad=5.48e-01 | 1.0s
[   406] loss=-0.7872 | res=1.21e-04 | grad=1.58e-01 | 1.1s
[   407] loss=-0.8954 | res=9.87e-09 | grad=4.40e-01 | 1.0s
[   408] loss=-0.9061 | res=1.80e-15 | grad=4.77e-01 | 1.0s
[   409] loss=-0.7733 | res=9.57e-11 | grad=3.95e-01 | 1.0s
[   410] loss=-0.8669 | res=1.42e-10 | grad=1.69e-01 | 1.0s
[   411] loss=-0.8216 | res=1.50e-04 | grad=2.22e-01 | 1.0s
[   412] loss=-0.8677 | res=1.80e-11 | grad=2.22e-01 | 1.0s
[   413] loss=-0.8795 | res=8.90e-05 | grad=3.48e-01 | 1.0s
[   414] loss=-0.8428 | res=1.87e-08 | grad=5.48e-01 | 1.0s
[   415] loss=-0.7534 | res=1.42e-04 | grad=3.55e-01 | 1.0s
[   416] loss=-0.9356 | res=1.41e-04 | grad=4.57e-01 | 1.0s
[   417] loss=-0.7939 | res=2.81e-04 | grad=3.86e-01 | 1.0s
[   418] loss=-0.8908 | res=7.07e-05 | grad=2.64e-01 | 1.0s
[   419] loss=-0.7844 | res=1.89e-04 | grad=5.43e-01 | 1.0s
[   420] loss=-0.8531 | res=1.60e-15 | grad=4.20e-01 | 0.9s
[   421] loss=-0.7306 | res=1.55e-15 | grad=2.80e-01 | 1.0s
[   422] loss=-0.9295 | res=2.98e-09 | grad=4.12e-01 | 1.1s
[   423] loss=-0.8572 | res=2.20e-09 | grad=4.21e-01 | 1.0s
[   424] loss=-0.8073 | res=1.53e-04 | grad=4.63e-01 | 1.1s
[   425] loss=-0.8217 | res=1.73e-04 | grad=1.72e-01 | 1.1s
[   426] loss=-0.8329 | res=8.98e-05 | grad=3.29e-01 | 1.1s
[   427] loss=-0.8116 | res=1.04e-08 | grad=4.64e-01 | 1.0s
[   428] loss=-0.9190 | res=2.69e-04 | grad=6.02e-01 | 1.1s
[   429] loss=-0.8871 | res=1.33e-04 | grad=2.87e-01 | 1.1s
[   430] loss=-0.7857 | res=4.08e-09 | grad=2.92e-01 | 1.1s
[   431] loss=-0.8224 | res=3.48e-09 | grad=4.45e-01 | 1.0s
[   432] loss=-0.7848 | res=3.25e-06 | grad=3.60e-01 | 1.0s
[   433] loss=-0.6537 | res=7.20e-05 | grad=9.08e-01 | 1.1s
[   434] loss=-0.8978 | res=1.02e-04 | grad=4.22e-01 | 1.1s
[   435] loss=-0.9216 | res=5.79e-05 | grad=2.36e-01 | 1.1s
[   436] loss=-0.9117 | res=1.18e-04 | grad=5.49e-01 | 1.0s
[   437] loss=-0.8258 | res=3.49e-09 | grad=2.65e-01 | 1.0s
[   438] loss=-0.8164 | res=6.37e-05 | grad=2.52e-01 | 1.1s
[   439] loss=-0.9333 | res=1.31e-15 | grad=5.11e-01 | 1.0s
[   440] loss=-0.8359 | res=2.60e-04 | grad=5.61e-01 | 1.1s
[   441] loss=-0.8242 | res=7.48e-13 | grad=2.65e-01 | 1.1s
[   442] loss=-0.8272 | res=4.01e-09 | grad=3.53e-01 | 1.0s
[   443] loss=-0.8768 | res=4.68e-09 | grad=1.94e-01 | 1.1s
[   444] loss=-0.9141 | res=1.23e-04 | grad=3.15e-01 | 1.1s
[   445] loss=-0.7407 | res=5.21e-05 | grad=7.56e-01 | 1.1s
[   446] loss=-0.8662 | res=1.64e-15 | grad=3.94e-01 | 1.0s
[   447] loss=-0.7986 | res=2.55e-04 | grad=3.35e-01 | 1.1s
[   448] loss=-0.8117 | res=2.03e-15 | grad=5.14e-01 | 1.1s
[   449] loss=-0.8752 | res=4.89e-09 | grad=3.41e-01 | 1.0s
[   450] loss=-0.9359 | res=8.61e-04 | grad=8.74e-01 | 1.1s
[   451] loss=-0.8036 | res=1.65e-15 | grad=2.36e-01 | 1.1s
[   452] loss=-0.7396 | res=7.91e-05 | grad=5.67e-01 | 1.1s
[   453] loss=-0.7931 | res=6.43e-05 | grad=2.16e-01 | 1.1s
[   454] loss=-0.8929 | res=1.42e-15 | grad=4.94e-01 | 1.0s
[   455] loss=-0.8320 | res=1.10e-04 | grad=3.26e-01 | 1.1s
[   456] loss=-0.8995 | res=4.27e-05 | grad=3.79e-01 | 1.0s
[   457] loss=-0.7968 | res=1.23e-04 | grad=2.53e-01 | 1.1s
[   458] loss=-0.8548 | res=1.35e-15 | grad=3.18e-01 | 1.0s
[   459] loss=-0.8684 | res=1.95e-04 | grad=2.38e-01 | 1.0s
[   460] loss=-0.7680 | res=2.60e-09 | grad=3.28e-01 | 1.1s
[   461] loss=-0.8547 | res=1.62e-15 | grad=3.37e-01 | 1.1s
[   462] loss=-0.7461 | res=7.97e-05 | grad=3.14e-01 | 1.0s
[   463] loss=-0.7853 | res=1.16e-04 | grad=4.44e-01 | 1.1s
[   464] loss=-0.9094 | res=7.99e-04 | grad=3.50e-01 | 1.1s
[   465] loss=-0.8648 | res=1.33e-15 | grad=3.12e-01 | 1.1s
[   466] loss=-0.8500 | res=7.40e-05 | grad=1.65e-01 | 1.0s
[   467] loss=-0.7503 | res=5.42e-09 | grad=5.59e-01 | 1.0s
[   468] loss=-0.8450 | res=3.55e-09 | grad=3.43e-01 | 1.1s
[   469] loss=-0.8649 | res=1.51e-04 | grad=4.69e-01 | 1.1s
[   470] loss=-0.8750 | res=3.65e-04 | grad=4.73e-01 | 1.1s
[   471] loss=-0.7486 | res=1.78e-04 | grad=2.82e-01 | 1.1s
[   472] loss=-0.7036 | res=1.34e-07 | grad=6.09e-01 | 1.0s
[   473] loss=-0.8128 | res=4.08e-04 | grad=2.73e-01 | 1.0s
[   474] loss=-0.8480 | res=3.48e-13 | grad=1.83e-01 | 1.0s
[   475] loss=-0.8367 | res=1.60e-04 | grad=1.20e-01 | 1.1s
[   476] loss=-0.7529 | res=5.35e-04 | grad=3.92e-01 | 1.0s
[   477] loss=-0.8121 | res=6.66e-05 | grad=3.60e-01 | 1.0s
[   478] loss=-0.8591 | res=2.06e-04 | grad=3.29e-01 | 1.0s
[   479] loss=-0.8359 | res=1.78e-04 | grad=3.21e-01 | 1.0s
[   480] loss=-0.8495 | res=1.47e-15 | grad=4.91e-01 | 1.0s
[   481] loss=-0.8831 | res=7.90e-06 | grad=2.44e-01 | 1.0s
[   482] loss=-0.8345 | res=1.29e-04 | grad=2.13e-01 | 1.0s
[   483] loss=-0.7579 | res=3.58e-09 | grad=6.64e-01 | 1.1s
[   484] loss=-0.8228 | res=6.79e-05 | grad=8.71e-02 | 1.1s
[   485] loss=-0.8325 | res=4.69e-09 | grad=4.08e-01 | 1.0s
[   486] loss=-0.8101 | res=1.45e-04 | grad=3.29e-01 | 1.0s
[   487] loss=-0.8071 | res=1.43e-15 | grad=3.38e-01 | 1.0s
[   488] loss=-0.7777 | res=7.98e-13 | grad=4.40e-01 | 1.1s
[   489] loss=-0.7831 | res=3.51e-09 | grad=3.28e-01 | 1.1s
[   490] loss=-0.6738 | res=3.13e-04 | grad=8.01e-01 | 1.0s
[   491] loss=-0.7770 | res=1.64e-04 | grad=2.04e-01 | 1.1s
[   492] loss=-0.8689 | res=8.08e-05 | grad=2.94e-01 | 1.0s
[   493] loss=-0.7887 | res=1.65e-15 | grad=3.01e-01 | 1.1s
[   494] loss=-0.7508 | res=7.88e-10 | grad=3.57e-01 | 1.1s
[   495] loss=-0.8921 | res=9.85e-05 | grad=8.12e-01 | 1.1s
[   496] loss=-0.8284 | res=1.18e-04 | grad=6.08e-01 | 1.0s
[   497] loss=-0.7105 | res=2.86e-04 | grad=2.46e-01 | 1.0s
[   498] loss=-0.8774 | res=2.92e-09 | grad=4.60e-01 | 1.1s
[   499] loss=-0.8048 | res=7.37e-09 | grad=3.04e-01 | 1.1s
[   500] loss=-0.7992 | res=7.16e-05 | grad=1.87e-01 | 1.0s
[   501] loss=-0.7718 | res=5.06e-05 | grad=5.38e-01 | 1.1s
[   502] loss=-0.8282 | res=6.84e-05 | grad=2.09e-01 | 1.0s
[   503] loss=-0.8560 | res=8.81e-09 | grad=2.12e-01 | 1.0s
[   504] loss=-0.8628 | res=2.44e-09 | grad=3.68e-01 | 1.0s
[   505] loss=-0.8430 | res=1.35e-15 | grad=2.93e-01 | 1.1s
[   506] loss=-0.9059 | res=1.41e-15 | grad=1.96e-01 | 1.1s
[   507] loss=-0.9501 | res=2.30e-10 | grad=1.80e-01 | 1.0s
[   508] loss=-0.9111 | res=4.19e-04 | grad=2.03e-01 | 1.1s
[   509] loss=-0.7910 | res=8.39e-09 | grad=7.24e-01 | 1.1s
[   510] loss=-0.9141 | res=1.88e-05 | grad=1.78e-01 | 1.0s
[   511] loss=-0.8381 | res=3.55e-09 | grad=1.04e-01 | 1.0s
[   512] loss=-0.6913 | res=4.98e-09 | grad=8.41e-01 | 1.1s
[   513] loss=-0.8849 | res=3.50e-14 | grad=4.27e-01 | 1.0s
[   514] loss=-0.8624 | res=1.53e-15 | grad=2.96e-01 | 1.0s
[   515] loss=-0.8214 | res=1.39e-15 | grad=1.21e-01 | 1.0s
[   516] loss=-0.8477 | res=4.72e-04 | grad=2.70e-01 | 1.0s
[   517] loss=-0.7656 | res=2.07e-15 | grad=2.85e-01 | 1.0s
[   518] loss=-0.7415 | res=1.00e-08 | grad=1.44e-01 | 1.0s
[   519] loss=-0.7196 | res=1.72e-04 | grad=4.68e-01 | 1.0s
[   520] loss=-0.8545 | res=1.36e-15 | grad=7.96e-01 | 1.0s
[   521] loss=-0.7059 | res=1.33e-04 | grad=2.70e-01 | 1.0s
[   522] loss=-0.9304 | res=1.33e-04 | grad=1.21e+00 | 1.0s
[   523] loss=-0.8224 | res=3.72e-09 | grad=5.26e-01 | 1.0s
[   524] loss=-0.8001 | res=3.26e-09 | grad=1.01e-01 | 1.0s
[   525] loss=-0.7432 | res=1.89e-04 | grad=6.31e-01 | 1.0s
[   526] loss=-0.8387 | res=1.03e-08 | grad=2.23e-01 | 1.0s
[   527] loss=-0.8130 | res=9.46e-12 | grad=4.49e-01 | 1.0s
[   528] loss=-0.8356 | res=5.49e-09 | grad=9.47e-02 | 1.0s
[   529] loss=-0.7950 | res=5.47e-05 | grad=5.74e-01 | 0.9s
[   530] loss=-0.8586 | res=1.19e-04 | grad=4.14e-01 | 1.0s
[   531] loss=-0.8329 | res=2.01e-08 | grad=3.35e-01 | 1.1s
[   532] loss=-0.8065 | res=4.09e-04 | grad=2.24e-01 | 1.0s
[   533] loss=-0.8915 | res=1.28e-15 | grad=5.84e-01 | 1.1s
[   534] loss=-0.8831 | res=2.80e-04 | grad=4.05e-01 | 1.0s
[   535] loss=-0.7791 | res=1.57e-15 | grad=4.34e-01 | 1.0s
[   536] loss=-0.8534 | res=7.83e-04 | grad=2.60e-01 | 1.0s
[   537] loss=-0.8490 | res=9.37e-05 | grad=3.02e-01 | 1.1s
[   538] loss=-0.8325 | res=5.82e-09 | grad=1.64e-01 | 1.0s
[   539] loss=-0.7696 | res=2.63e-09 | grad=2.69e-01 | 1.0s
[   540] loss=-0.8689 | res=8.76e-05 | grad=4.40e-01 | 1.0s
[   541] loss=-0.8233 | res=8.83e-10 | grad=2.01e-01 | 1.0s
[   542] loss=-0.8277 | res=1.53e-15 | grad=8.89e-02 | 1.0s
[   543] loss=-0.9018 | res=7.51e-11 | grad=4.78e-01 | 1.0s
[   544] loss=-0.8213 | res=2.50e-04 | grad=4.28e-01 | 1.0s
[   545] loss=-0.8128 | res=1.33e-04 | grad=3.68e-01 | 1.1s
[   546] loss=-0.8006 | res=1.89e-04 | grad=2.98e-01 | 1.0s
[   547] loss=-0.8265 | res=1.34e-15 | grad=2.42e-01 | 1.0s
[   548] loss=-0.7632 | res=1.25e-04 | grad=5.57e-01 | 1.0s
[   549] loss=-0.7781 | res=5.38e-09 | grad=4.23e-01 | 1.1s
[   550] loss=-0.7512 | res=1.48e-15 | grad=4.72e-01 | 1.1s
[   551] loss=-0.8142 | res=1.63e-11 | grad=4.82e-01 | 1.0s
[   552] loss=-0.8315 | res=1.45e-09 | grad=2.75e-01 | 1.0s
[   553] loss=-0.8894 | res=1.16e-15 | grad=7.26e-01 | 1.0s
[   554] loss=-0.8235 | res=2.16e-09 | grad=4.79e-01 | 1.0s
[   555] loss=-0.8311 | res=5.76e-05 | grad=5.25e-01 | 1.0s
[   556] loss=-0.9534 | res=1.29e-15 | grad=1.17e+00 | 1.0s
[   557] loss=-0.8619 | res=1.38e-04 | grad=2.49e-01 | 1.1s
[   558] loss=-0.7958 | res=5.37e-05 | grad=5.80e-02 | 1.0s
[   559] loss=-0.8233 | res=6.14e-05 | grad=2.21e-01 | 1.0s
[   560] loss=-0.8924 | res=2.32e-04 | grad=2.16e-01 | 1.0s
[   561] loss=-0.8603 | res=1.06e-04 | grad=4.23e-01 | 1.1s
[   562] loss=-0.7726 | res=1.60e-09 | grad=6.06e-01 | 1.0s
[   563] loss=-0.7637 | res=3.38e-04 | grad=7.54e-01 | 1.0s
[   564] loss=-0.8194 | res=2.61e-04 | grad=3.70e-01 | 1.0s
[   565] loss=-0.8790 | res=2.81e-04 | grad=2.06e-01 | 1.1s
[   566] loss=-0.8150 | res=3.71e-04 | grad=2.94e-01 | 1.1s
[   567] loss=-0.7648 | res=3.15e-09 | grad=1.57e-01 | 1.0s
[   568] loss=-0.7189 | res=3.84e-10 | grad=3.86e-01 | 1.0s
[   569] loss=-0.8928 | res=6.71e-04 | grad=7.99e-01 | 1.0s
[   570] loss=-0.9275 | res=6.81e-05 | grad=9.46e-01 | 1.0s
[   571] loss=-0.8076 | res=1.72e-09 | grad=3.41e-01 | 1.0s
[   572] loss=-0.7767 | res=3.92e-10 | grad=1.35e-01 | 1.1s
[   573] loss=-0.8217 | res=1.85e-04 | grad=3.69e-01 | 1.0s
[   574] loss=-0.8751 | res=1.34e-15 | grad=3.89e-01 | 1.0s
[   575] loss=-0.8610 | res=1.72e-04 | grad=3.42e-01 | 1.1s
[   576] loss=-0.9453 | res=3.01e-09 | grad=3.15e-01 | 1.0s
[   577] loss=-0.7326 | res=1.67e-15 | grad=1.01e+00 | 1.1s
[   578] loss=-0.8258 | res=5.66e-05 | grad=7.39e-01 | 1.1s
[   579] loss=-0.9294 | res=1.53e-15 | grad=2.02e-01 | 1.1s
[   580] loss=-0.7255 | res=2.99e-08 | grad=8.94e-01 | 1.1s
[   581] loss=-0.8259 | res=1.12e-04 | grad=6.02e-01 | 1.1s
[   582] loss=-0.9014 | res=6.68e-05 | grad=4.00e-01 | 1.0s
[   583] loss=-0.8738 | res=3.52e-08 | grad=5.04e-01 | 1.0s
[   584] loss=-0.7090 | res=5.11e-05 | grad=4.21e-01 | 1.1s
[   585] loss=-0.8392 | res=3.54e-09 | grad=2.77e-01 | 1.0s
[   586] loss=-0.8645 | res=2.82e-04 | grad=5.12e-01 | 1.0s
[   587] loss=-0.8632 | res=1.85e-09 | grad=6.39e-01 | 1.1s
[   588] loss=-0.7885 | res=1.30e-15 | grad=3.77e-01 | 1.1s
[   589] loss=-0.8485 | res=2.32e-04 | grad=3.47e-01 | 1.1s
[   590] loss=-0.8632 | res=7.33e-05 | grad=2.03e-01 | 1.1s
[   591] loss=-0.9263 | res=4.77e-04 | grad=4.72e-01 | 1.0s
[   592] loss=-0.9113 | res=1.15e-15 | grad=4.78e-01 | 1.1s
[   593] loss=-0.8229 | res=4.98e-05 | grad=4.07e-01 | 1.1s
[   594] loss=-0.8682 | res=7.65e-05 | grad=2.64e-01 | 1.1s
[   595] loss=-0.7879 | res=1.64e-08 | grad=6.59e-01 | 1.0s
[   596] loss=-0.7135 | res=7.26e-05 | grad=7.69e-01 | 1.1s
[   597] loss=-0.8129 | res=1.74e-15 | grad=5.90e-01 | 0.9s
[   598] loss=-0.8041 | res=5.65e-09 | grad=4.25e-01 | 0.9s
[   599] loss=-0.8253 | res=1.34e-15 | grad=2.13e-01 | 0.9s
[   600] loss=-0.8701 | res=1.15e-04 | grad=3.78e-01 | 0.9s
[   601] loss=-0.8946 | res=1.06e-05 | grad=8.53e-01 | 0.9s
[   602] loss=-0.8123 | res=1.34e-15 | grad=3.87e-01 | 0.9s
[   603] loss=-0.7905 | res=1.24e-15 | grad=1.94e-01 | 0.9s
[   604] loss=-0.8061 | res=1.18e-04 | grad=3.35e-01 | 1.0s
[   605] loss=-0.9128 | res=1.32e-15 | grad=6.63e-01 | 1.1s
[   606] loss=-0.7907 | res=4.01e-05 | grad=2.67e-01 | 1.0s
[   607] loss=-0.7768 | res=1.61e-04 | grad=3.17e-01 | 1.1s
[   608] loss=-0.8527 | res=1.76e-15 | grad=1.94e-01 | 1.0s
[   609] loss=-0.8503 | res=1.48e-04 | grad=5.27e-01 | 1.1s
[   610] loss=-0.8019 | res=9.87e-05 | grad=2.90e-01 | 1.0s
[   611] loss=-0.7679 | res=1.46e-04 | grad=4.83e-01 | 1.0s
[   612] loss=-0.9126 | res=2.02e-04 | grad=2.75e-01 | 1.0s
[   613] loss=-0.8894 | res=1.33e-15 | grad=4.03e-01 | 1.0s
[   614] loss=-0.7903 | res=7.75e-05 | grad=3.90e-01 | 1.0s
[   615] loss=-0.8454 | res=3.17e-09 | grad=2.55e-01 | 1.0s
[   616] loss=-0.8577 | res=7.57e-05 | grad=3.15e-01 | 1.0s
[   617] loss=-0.7993 | res=7.08e-05 | grad=3.74e-01 | 1.0s
[   618] loss=-0.8173 | res=1.41e-08 | grad=2.15e-01 | 1.0s
[   619] loss=-0.8470 | res=2.49e-09 | grad=1.29e-01 | 1.1s
[   620] loss=-0.8788 | res=4.31e-05 | grad=2.19e-01 | 1.1s
[   621] loss=-0.9531 | res=2.29e-04 | grad=7.77e-01 | 1.0s
[   622] loss=-0.8806 | res=4.63e-09 | grad=2.68e-01 | 1.0s
[   623] loss=-0.8594 | res=1.58e-15 | grad=1.80e-01 | 1.0s
[   624] loss=-0.8817 | res=1.40e-15 | grad=1.46e-01 | 1.0s
[   625] loss=-0.7996 | res=5.36e-05 | grad=4.30e-01 | 1.1s
[   626] loss=-0.9330 | res=1.24e-09 | grad=1.72e-01 | 1.0s
[   627] loss=-0.8869 | res=1.07e-04 | grad=2.72e-01 | 1.0s
[   628] loss=-0.7938 | res=2.43e-04 | grad=4.32e-01 | 1.0s
[   629] loss=-0.8555 | res=1.74e-04 | grad=2.65e-01 | 1.0s
[   630] loss=-0.8401 | res=1.43e-15 | grad=1.50e-01 | 1.0s
[   631] loss=-0.8838 | res=2.99e-05 | grad=2.37e-01 | 1.0s
[   632] loss=-0.7613 | res=5.05e-10 | grad=6.89e-01 | 1.0s
[   633] loss=-0.8706 | res=2.29e-04 | grad=6.25e-01 | 1.1s
[   634] loss=-0.8550 | res=5.23e-09 | grad=2.58e-01 | 1.0s
[   635] loss=-0.8299 | res=1.49e-05 | grad=1.37e-01 | 1.1s
[   636] loss=-0.7770 | res=2.12e-04 | grad=2.67e-01 | 1.0s
[   637] loss=-0.7468 | res=3.31e-09 | grad=4.28e-01 | 1.0s
[   638] loss=-0.8716 | res=1.86e-04 | grad=4.08e-01 | 1.0s
[   639] loss=-0.9724 | res=6.45e-05 | grad=7.79e-01 | 1.1s
[   640] loss=-0.8405 | res=2.34e-04 | grad=3.51e-01 | 1.0s
[   641] loss=-0.7829 | res=4.62e-09 | grad=4.39e-01 | 1.1s
[   642] loss=-0.8109 | res=3.59e-04 | grad=2.22e-01 | 1.1s
[   643] loss=-0.8412 | res=1.55e-15 | grad=3.52e-01 | 1.1s
[   644] loss=-0.8533 | res=1.36e-15 | grad=2.77e-01 | 1.0s
[   645] loss=-0.8049 | res=6.21e-05 | grad=1.39e-01 | 1.0s
[   646] loss=-0.8956 | res=9.97e-05 | grad=3.41e-01 | 1.0s
[   647] loss=-0.7824 | res=7.85e-09 | grad=2.08e-01 | 1.0s
[   648] loss=-0.8431 | res=1.41e-08 | grad=3.41e-01 | 1.1s
[   649] loss=-0.7778 | res=2.16e-15 | grad=3.17e-01 | 1.0s
[   650] loss=-0.8243 | res=6.11e-13 | grad=2.72e-01 | 1.0s
[   651] loss=-0.8707 | res=1.53e-09 | grad=4.37e-01 | 1.0s
[   652] loss=-0.7712 | res=4.59e-04 | grad=5.37e-01 | 1.0s
[   653] loss=-0.7850 | res=4.93e-05 | grad=1.96e-01 | 1.0s
[   654] loss=-0.8308 | res=5.40e-05 | grad=1.40e-01 | 1.0s
[   655] loss=-0.8245 | res=3.36e-09 | grad=4.65e-01 | 1.0s
[   656] loss=-0.8432 | res=3.43e-04 | grad=1.63e-01 | 1.0s
[   657] loss=-0.9396 | res=6.92e-05 | grad=5.47e-01 | 1.0s
[   658] loss=-0.8894 | res=6.07e-05 | grad=2.20e-01 | 1.0s
[   659] loss=-0.8587 | res=1.27e-15 | grad=2.37e-01 | 1.0s
[   660] loss=-0.8362 | res=4.82e-10 | grad=2.84e-01 | 1.0s
[   661] loss=-0.8166 | res=6.33e-05 | grad=3.45e-01 | 1.0s
[   662] loss=-0.8670 | res=7.07e-13 | grad=2.19e-01 | 1.0s
[   663] loss=-0.9266 | res=2.65e-04 | grad=8.59e-02 | 1.0s
[   664] loss=-0.8133 | res=4.15e-04 | grad=4.42e-01 | 1.0s
[   665] loss=-0.7960 | res=1.53e-15 | grad=4.77e-01 | 1.0s
[   666] loss=-0.8540 | res=6.21e-05 | grad=1.94e-01 | 1.0s
[   667] loss=-0.8294 | res=5.39e-11 | grad=1.21e-01 | 1.1s
[   668] loss=-0.7972 | res=6.21e-05 | grad=1.31e-01 | 1.0s
[   669] loss=-0.7704 | res=5.91e-09 | grad=3.76e-01 | 1.0s
[   670] loss=-0.8333 | res=6.28e-05 | grad=1.54e-01 | 1.0s
[   671] loss=-0.8916 | res=5.18e-09 | grad=3.29e-01 | 1.1s
[   672] loss=-0.8172 | res=1.19e-15 | grad=3.98e-01 | 1.1s
[   673] loss=-0.8864 | res=5.63e-05 | grad=6.99e-01 | 1.1s
[   674] loss=-0.8834 | res=1.99e-09 | grad=5.28e-01 | 1.0s
[   675] loss=-0.8109 | res=2.08e-08 | grad=4.39e-01 | 1.1s
[   676] loss=-0.8498 | res=3.28e-04 | grad=3.17e-01 | 1.1s
[   677] loss=-0.7788 | res=2.88e-09 | grad=5.49e-01 | 1.1s
[   678] loss=-0.8615 | res=6.75e-09 | grad=2.20e-01 | 1.0s
[   679] loss=-0.8899 | res=1.31e-04 | grad=3.30e-01 | 1.1s
[   680] loss=-0.7738 | res=2.16e-09 | grad=7.54e-01 | 1.1s
[   681] loss=-0.8712 | res=4.99e-12 | grad=4.56e-01 | 1.1s
[   682] loss=-0.8248 | res=1.55e-15 | grad=3.04e-01 | 1.1s
[   683] loss=-0.9066 | res=1.44e-15 | grad=2.07e-01 | 1.1s
[   684] loss=-0.8213 | res=8.58e-05 | grad=2.81e-01 | 1.0s
[   685] loss=-0.8817 | res=5.03e-05 | grad=3.71e-01 | 1.1s
[   686] loss=-0.7767 | res=7.74e-05 | grad=1.99e-01 | 1.1s
[   687] loss=-0.9203 | res=4.01e-04 | grad=4.92e-01 | 1.1s
[   688] loss=-0.9814 | res=9.85e-05 | grad=9.85e-01 | 1.1s
[   689] loss=-0.9072 | res=1.43e-11 | grad=3.28e-01 | 1.1s
[   690] loss=-0.8669 | res=3.71e-14 | grad=2.93e-01 | 1.0s
[   691] loss=-0.8212 | res=1.28e-04 | grad=3.78e-01 | 1.1s
[   692] loss=-0.8841 | res=4.62e-09 | grad=2.02e-01 | 1.0s
[   693] loss=-0.8291 | res=2.34e-08 | grad=6.46e-01 | 1.1s
[   694] loss=-0.8001 | res=1.58e-04 | grad=5.79e-01 | 1.0s
[   695] loss=-0.7513 | res=3.46e-09 | grad=6.90e-01 | 1.1s
[   696] loss=-0.8387 | res=1.59e-15 | grad=4.35e-01 | 1.0s
[   697] loss=-0.8191 | res=2.39e-05 | grad=3.13e-01 | 1.0s
[   698] loss=-0.7990 | res=1.54e-04 | grad=2.03e-01 | 1.1s
[   699] loss=-0.8464 | res=2.47e-09 | grad=3.91e-01 | 1.1s
[   700] loss=-0.8120 | res=6.03e-09 | grad=3.73e-01 | 1.0s
[   701] loss=-0.8542 | res=6.07e-05 | grad=2.42e-01 | 1.1s
[   702] loss=-0.9074 | res=2.39e-04 | grad=9.90e-01 | 1.1s
[   703] loss=-0.8074 | res=6.90e-04 | grad=2.24e-01 | 1.0s
[   704] loss=-0.8279 | res=9.50e-09 | grad=1.00e-01 | 1.0s
[   705] loss=-0.8649 | res=1.89e-04 | grad=2.92e-01 | 1.0s
[   706] loss=-0.9673 | res=1.30e-04 | grad=4.66e-01 | 1.0s
[   707] loss=-0.8595 | res=2.91e-05 | grad=4.01e-01 | 1.1s
[   708] loss=-0.8702 | res=6.48e-05 | grad=2.40e-01 | 1.1s
[   709] loss=-0.9089 | res=5.73e-05 | grad=2.52e-01 | 1.0s
[   710] loss=-0.7805 | res=8.35e-05 | grad=6.38e-01 | 1.0s
[   711] loss=-0.8120 | res=1.16e-04 | grad=3.48e-01 | 1.1s
[   712] loss=-0.8736 | res=2.52e-04 | grad=2.46e-01 | 1.0s
[   713] loss=-0.8902 | res=1.88e-09 | grad=3.58e-01 | 1.1s
[   714] loss=-0.9106 | res=1.55e-04 | grad=1.40e-01 | 1.0s
[   715] loss=-0.8598 | res=9.42e-05 | grad=9.08e-02 | 1.1s
[   716] loss=-0.8926 | res=2.67e-09 | grad=1.28e-01 | 1.0s
[   717] loss=-0.9925 | res=4.73e-10 | grad=4.54e-01 | 1.0s
[   718] loss=-0.9041 | res=5.62e-04 | grad=2.96e-01 | 1.1s
[   719] loss=-0.8036 | res=5.89e-09 | grad=1.15e-01 | 1.0s
[   720] loss=-0.8292 | res=6.68e-09 | grad=3.66e-01 | 1.0s
[   721] loss=-0.8601 | res=1.27e-15 | grad=2.47e-01 | 1.1s
[   722] loss=-0.8323 | res=5.86e-04 | grad=2.21e-01 | 1.0s
[   723] loss=-0.8092 | res=3.49e-10 | grad=3.48e-01 | 1.0s
[   724] loss=-0.9408 | res=1.33e-15 | grad=6.82e-01 | 1.0s
[   725] loss=-0.8179 | res=1.40e-04 | grad=2.28e-01 | 1.0s
[   726] loss=-0.8863 | res=4.34e-05 | grad=2.70e-01 | 1.0s
[   727] loss=-0.7797 | res=3.81e-14 | grad=4.87e-01 | 1.0s
[   728] loss=-0.9057 | res=5.76e-05 | grad=1.17e-01 | 1.1s
[   729] loss=-0.7969 | res=1.53e-15 | grad=4.07e-01 | 1.0s
[   730] loss=-0.8429 | res=2.31e-06 | grad=4.59e-01 | 1.0s
[   731] loss=-0.9033 | res=3.11e-09 | grad=3.92e-01 | 1.1s
[   732] loss=-0.8512 | res=1.11e-04 | grad=2.48e-01 | 1.0s
[   733] loss=-0.8761 | res=2.68e-12 | grad=4.53e-01 | 1.1s
[   734] loss=-0.8493 | res=1.30e-15 | grad=1.74e-01 | 1.0s
[   735] loss=-0.8523 | res=3.00e-04 | grad=3.65e-01 | 1.0s
[   736] loss=-0.7047 | res=4.89e-05 | grad=6.09e-01 | 1.0s
[   737] loss=-0.8373 | res=3.89e-04 | grad=1.41e-01 | 1.1s
[   738] loss=-0.7590 | res=4.56e-10 | grad=4.88e-01 | 1.1s
[   739] loss=-0.8036 | res=1.59e-15 | grad=3.08e-01 | 1.1s
[   740] loss=-0.8694 | res=1.34e-04 | grad=3.22e-01 | 1.1s
[   741] loss=-0.7912 | res=1.54e-04 | grad=1.72e-01 | 1.1s
[   742] loss=-0.8802 | res=2.33e-04 | grad=4.66e-01 | 1.0s
[   743] loss=-0.7135 | res=1.23e-04 | grad=6.88e-01 | 1.1s
[   744] loss=-0.8298 | res=3.52e-09 | grad=3.51e-01 | 1.0s
[   745] loss=-0.9540 | res=5.78e-10 | grad=7.00e-01 | 1.1s
[   746] loss=-0.9584 | res=1.19e-15 | grad=8.34e-01 | 1.1s
[   747] loss=-0.8002 | res=2.12e-04 | grad=2.98e-01 | 1.1s
[   748] loss=-0.8887 | res=6.59e-05 | grad=1.35e-01 | 1.0s
[   749] loss=-0.7670 | res=1.75e-04 | grad=5.35e-01 | 1.0s
[   750] loss=-0.8723 | res=2.43e-09 | grad=4.54e-01 | 1.0s
[   751] loss=-0.7937 | res=2.31e-04 | grad=4.14e-01 | 1.1s
[   752] loss=-0.8008 | res=1.52e-15 | grad=6.78e-01 | 1.1s
[   753] loss=-0.8243 | res=1.26e-04 | grad=1.16e-01 | 1.1s
[   754] loss=-0.8299 | res=4.38e-05 | grad=1.98e-01 | 1.1s
[   755] loss=-0.8264 | res=1.91e-04 | grad=2.18e-01 | 1.1s
[   756] loss=-0.7011 | res=6.61e-05 | grad=4.98e-01 | 1.0s
[   757] loss=-0.8065 | res=4.04e-09 | grad=3.13e-01 | 1.0s
[   758] loss=-0.8512 | res=1.26e-15 | grad=5.05e-01 | 1.1s
[   759] loss=-0.8604 | res=4.15e-04 | grad=5.81e-01 | 1.1s
[   760] loss=-0.7758 | res=1.69e-15 | grad=1.70e-01 | 1.1s
[   761] loss=-0.9010 | res=5.03e-05 | grad=5.78e-01 | 1.1s
[   762] loss=-0.8525 | res=1.37e-04 | grad=3.46e-01 | 1.0s
[   763] loss=-0.8721 | res=1.02e-04 | grad=2.17e-01 | 1.1s
[   764] loss=-0.7751 | res=6.10e-09 | grad=3.52e-01 | 1.0s
[   765] loss=-0.7653 | res=6.88e-09 | grad=4.82e-01 | 1.0s
[   766] loss=-0.8233 | res=3.01e-09 | grad=1.71e-01 | 1.1s
[   767] loss=-0.8985 | res=4.13e-10 | grad=2.04e-01 | 1.1s
[   768] loss=-0.8149 | res=1.17e-04 | grad=2.64e-01 | 1.0s
[   769] loss=-0.8059 | res=7.06e-05 | grad=1.67e-01 | 1.1s
[   770] loss=-0.8213 | res=5.82e-09 | grad=2.05e-01 | 1.1s
[   771] loss=-0.8312 | res=2.47e-09 | grad=1.90e-01 | 1.0s
[   772] loss=-0.8311 | res=3.48e-10 | grad=2.20e-01 | 1.1s
[   773] loss=-0.8306 | res=3.57e-09 | grad=3.17e-01 | 1.1s
[   774] loss=-0.8758 | res=8.98e-10 | grad=3.93e-01 | 1.0s
[   775] loss=-0.8522 | res=1.66e-04 | grad=2.45e-01 | 1.1s
[   776] loss=-0.8586 | res=8.28e-05 | grad=3.18e-01 | 1.1s
[   777] loss=-0.8253 | res=2.19e-04 | grad=3.15e-01 | 1.1s
[   778] loss=-0.8357 | res=9.71e-05 | grad=4.88e-01 | 1.0s
[   779] loss=-0.8808 | res=4.06e-04 | grad=1.50e-01 | 1.1s
[   780] loss=-0.8086 | res=3.72e-09 | grad=3.15e-01 | 1.1s
[   781] loss=-0.7715 | res=9.83e-05 | grad=4.40e-01 | 1.0s
[   782] loss=-0.7684 | res=5.50e-09 | grad=1.98e-01 | 1.0s
[   783] loss=-0.6439 | res=5.03e-09 | grad=8.48e-01 | 1.0s
[   784] loss=-0.8454 | res=1.27e-15 | grad=4.27e-01 | 1.0s
[   785] loss=-0.8445 | res=4.29e-05 | grad=9.33e-01 | 1.1s
[   786] loss=-0.9643 | res=1.25e-04 | grad=1.22e+00 | 1.1s
[   787] loss=-0.8698 | res=1.24e-15 | grad=6.72e-01 | 1.0s
[   788] loss=-0.8081 | res=5.00e-11 | grad=1.13e-01 | 1.0s
[   789] loss=-0.8045 | res=1.13e-08 | grad=2.58e-01 | 1.1s
[   790] loss=-0.7891 | res=1.44e-15 | grad=3.16e-01 | 1.0s
[   791] loss=-0.8762 | res=1.37e-15 | grad=1.34e-01 | 1.1s
[   792] loss=-0.7920 | res=6.59e-05 | grad=3.63e-01 | 1.0s
[   793] loss=-0.8349 | res=5.88e-05 | grad=4.66e-01 | 1.1s
[   794] loss=-0.7658 | res=5.43e-05 | grad=6.49e-01 | 1.1s
[   795] loss=-0.8432 | res=1.40e-04 | grad=2.60e-01 | 1.1s
[   796] loss=-0.8925 | res=5.03e-05 | grad=1.91e-01 | 1.1s
[   797] loss=-0.8069 | res=1.56e-04 | grad=4.67e-01 | 1.1s
[   798] loss=-0.8472 | res=1.49e-04 | grad=2.24e-01 | 1.1s
[   799] loss=-0.7892 | res=2.60e-04 | grad=1.22e-01 | 1.1s
[   800] loss=-0.7179 | res=1.28e-04 | grad=3.06e-01 | 1.1s
[   801] loss=-0.8852 | res=7.26e-09 | grad=9.85e-01 | 1.1s
[   802] loss=-0.9302 | res=1.12e-09 | grad=8.47e-01 | 1.0s
[   803] loss=-0.9446 | res=1.26e-04 | grad=8.30e-01 | 1.1s
[   804] loss=-0.8168 | res=2.77e-04 | grad=4.47e-01 | 1.1s
[   805] loss=-0.7675 | res=2.34e-04 | grad=3.77e-01 | 1.1s
[   806] loss=-0.8914 | res=1.44e-15 | grad=2.93e-01 | 1.1s
[   807] loss=-0.8506 | res=1.77e-15 | grad=2.53e-01 | 1.1s
[   808] loss=-0.9056 | res=5.75e-10 | grad=2.03e-01 | 1.1s
[   809] loss=-0.8977 | res=1.44e-15 | grad=1.70e-01 | 1.1s
[   810] loss=-0.8351 | res=1.71e-04 | grad=4.73e-01 | 1.0s
[   811] loss=-0.8385 | res=1.52e-15 | grad=3.31e-01 | 1.1s
[   812] loss=-0.7777 | res=1.43e-10 | grad=6.07e-01 | 1.1s
[   813] loss=-0.9081 | res=6.18e-05 | grad=3.21e-01 | 1.1s
[   814] loss=-0.8206 | res=1.15e-04 | grad=8.74e-02 | 1.0s
[   815] loss=-0.7590 | res=6.67e-05 | grad=5.01e-01 | 1.1s
[   816] loss=-0.8632 | res=1.20e-04 | grad=1.27e-01 | 1.1s
[   817] loss=-0.8985 | res=5.20e-12 | grad=4.50e-01 | 1.1s
[   818] loss=-0.8296 | res=3.33e-04 | grad=2.55e-01 | 1.1s
[   819] loss=-0.9335 | res=1.98e-10 | grad=6.89e-01 | 1.1s
[   820] loss=-0.8068 | res=1.98e-05 | grad=2.05e-01 | 1.0s
[   821] loss=-0.8954 | res=1.78e-15 | grad=3.62e-01 | 1.1s
[   822] loss=-0.8379 | res=1.61e-09 | grad=2.78e-01 | 1.1s
[   823] loss=-0.7690 | res=1.43e-04 | grad=4.42e-01 | 1.1s
[   824] loss=-0.7629 | res=1.67e-15 | grad=6.31e-01 | 1.1s
[   825] loss=-0.8559 | res=2.59e-04 | grad=2.58e-01 | 1.1s
[   826] loss=-0.7909 | res=5.55e-05 | grad=5.50e-01 | 1.1s
[   827] loss=-0.8988 | res=1.66e-15 | grad=1.41e-01 | 1.1s
[   828] loss=-0.7965 | res=1.43e-04 | grad=1.48e-01 | 1.1s
[   829] loss=-0.7672 | res=1.37e-04 | grad=1.78e-01 | 1.1s
[   830] loss=-0.9333 | res=5.00e-05 | grad=7.18e-01 | 1.1s
[   831] loss=-0.8075 | res=5.03e-05 | grad=3.67e-01 | 1.1s
[   832] loss=-0.8092 | res=1.33e-15 | grad=1.46e-01 | 1.1s
[   833] loss=-0.7871 | res=8.51e-10 | grad=2.41e-01 | 1.1s
[   834] loss=-0.8971 | res=2.71e-04 | grad=4.54e-01 | 1.1s
[   835] loss=-0.8377 | res=6.47e-05 | grad=1.95e-01 | 1.0s
[   836] loss=-0.7601 | res=4.50e-04 | grad=6.37e-01 | 1.1s
[   837] loss=-0.8037 | res=2.71e-04 | grad=2.92e-01 | 1.1s
[   838] loss=-0.7641 | res=1.55e-04 | grad=6.82e-01 | 1.1s
[   839] loss=-0.8055 | res=5.10e-05 | grad=2.11e-01 | 1.1s
[   840] loss=-0.8576 | res=2.66e-04 | grad=3.63e-01 | 1.1s
[   841] loss=-0.8221 | res=2.62e-04 | grad=3.18e-01 | 1.1s
[   842] loss=-0.8083 | res=6.20e-05 | grad=1.16e-01 | 1.1s
[   843] loss=-0.7875 | res=1.50e-15 | grad=2.68e-01 | 1.1s
[   844] loss=-0.7930 | res=1.64e-04 | grad=1.36e-01 | 1.0s
[   845] loss=-0.8508 | res=1.22e-04 | grad=2.68e-01 | 1.1s
[   846] loss=-0.8352 | res=1.52e-04 | grad=2.08e-01 | 1.1s
[   847] loss=-0.8536 | res=5.46e-05 | grad=3.30e-01 | 1.1s
[   848] loss=-0.9106 | res=6.60e-05 | grad=5.05e-01 | 1.0s
[   849] loss=-0.8153 | res=1.62e-04 | grad=1.41e-01 | 1.1s
[   850] loss=-0.8995 | res=1.30e-04 | grad=5.80e-02 | 1.1s
[   851] loss=-0.8137 | res=1.83e-04 | grad=3.70e-01 | 1.0s
[   852] loss=-0.9854 | res=4.04e-09 | grad=4.81e-01 | 1.1s
[   853] loss=-0.8301 | res=9.31e-10 | grad=4.30e-01 | 1.1s
[   854] loss=-0.9601 | res=6.18e-05 | grad=4.39e-01 | 1.1s
[   855] loss=-0.9071 | res=1.52e-15 | grad=4.65e-01 | 1.1s
[   856] loss=-0.9491 | res=2.97e-09 | grad=1.87e-01 | 1.1s
[   857] loss=-0.8694 | res=7.51e-05 | grad=4.48e-01 | 1.1s
[   858] loss=-0.7400 | res=1.50e-15 | grad=7.65e-01 | 1.1s
[   859] loss=-0.8540 | res=1.41e-15 | grad=2.34e-01 | 1.1s
[   860] loss=-0.8500 | res=2.88e-04 | grad=3.04e-01 | 1.1s
[   861] loss=-0.8207 | res=1.64e-15 | grad=4.09e-01 | 1.1s
[   862] loss=-0.9117 | res=1.43e-15 | grad=3.80e-01 | 1.1s
[   863] loss=-0.7834 | res=5.91e-05 | grad=2.05e-01 | 1.1s
[   864] loss=-0.8645 | res=7.74e-05 | grad=4.24e-01 | 1.1s
[   865] loss=-0.8647 | res=5.51e-05 | grad=5.99e-01 | 1.1s
[   866] loss=-0.8361 | res=1.58e-04 | grad=4.34e-01 | 1.1s
[   867] loss=-0.8464 | res=4.09e-04 | grad=4.11e-01 | 1.1s
[   868] loss=-0.7769 | res=1.47e-14 | grad=3.61e-01 | 1.1s
[   869] loss=-0.7546 | res=6.67e-09 | grad=5.80e-01 | 1.1s
[   870] loss=-0.8383 | res=4.76e-05 | grad=2.26e-01 | 1.1s
[   871] loss=-0.9623 | res=1.51e-04 | grad=5.78e-01 | 1.1s
[   872] loss=-0.9167 | res=1.56e-15 | grad=9.67e-02 | 1.0s
[   873] loss=-0.8887 | res=5.80e-05 | grad=2.53e-01 | 1.1s
[   874] loss=-0.8013 | res=2.62e-09 | grad=7.33e-01 | 1.1s
[   875] loss=-0.8040 | res=3.69e-09 | grad=3.31e-01 | 1.0s
[   876] loss=-0.9061 | res=1.50e-04 | grad=1.97e-01 | 1.1s
[   877] loss=-0.8028 | res=3.08e-04 | grad=3.67e-01 | 1.1s
[   878] loss=-0.7752 | res=1.73e-09 | grad=5.16e-01 | 1.0s
[   879] loss=-0.8516 | res=8.08e-05 | grad=2.71e-01 | 1.1s
[   880] loss=-0.8072 | res=3.71e-09 | grad=2.56e-01 | 0.9s
[   881] loss=-0.8155 | res=1.82e-04 | grad=2.35e-01 | 0.9s
[   882] loss=-0.7968 | res=3.86e-04 | grad=1.83e-01 | 0.9s
[   883] loss=-0.9153 | res=1.49e-11 | grad=8.28e-01 | 0.9s
[   884] loss=-0.9484 | res=1.45e-15 | grad=5.38e-01 | 0.9s
[   885] loss=-0.8243 | res=3.24e-04 | grad=1.16e-01 | 0.9s
[   886] loss=-0.8062 | res=8.90e-05 | grad=2.15e-01 | 0.9s
[   887] loss=-0.9077 | res=9.33e-05 | grad=4.35e-01 | 1.0s
[   888] loss=-0.7621 | res=2.19e-04 | grad=6.62e-01 | 1.0s
[   889] loss=-0.7726 | res=2.03e-04 | grad=6.98e-01 | 1.1s
[   890] loss=-0.9230 | res=4.82e-14 | grad=2.23e-01 | 1.0s
[   891] loss=-0.9044 | res=1.05e-10 | grad=2.88e-01 | 1.1s
[   892] loss=-0.8802 | res=6.06e-05 | grad=2.08e-01 | 1.0s
[   893] loss=-0.7686 | res=5.05e-04 | grad=3.95e-01 | 1.1s
[   894] loss=-0.9256 | res=2.46e-04 | grad=4.36e-01 | 1.0s
[   895] loss=-0.8238 | res=1.70e-04 | grad=3.05e-01 | 1.1s
[   896] loss=-0.9111 | res=4.10e-09 | grad=6.60e-01 | 1.1s
[   897] loss=-0.8583 | res=1.20e-04 | grad=1.20e-01 | 1.1s
[   898] loss=-0.7680 | res=2.34e-04 | grad=5.73e-01 | 1.1s
[   899] loss=-0.9336 | res=2.13e-14 | grad=3.66e-01 | 1.1s
[   900] loss=-0.7954 | res=2.24e-11 | grad=2.56e-01 | 1.0s
[   901] loss=-0.9019 | res=3.30e-04 | grad=1.66e-01 | 1.0s
[   902] loss=-0.7880 | res=1.52e-15 | grad=5.37e-01 | 1.0s
[   903] loss=-0.8283 | res=1.66e-15 | grad=1.88e-01 | 0.9s
[   904] loss=-0.8473 | res=1.15e-04 | grad=2.36e-01 | 0.9s
[   905] loss=-0.8653 | res=1.42e-15 | grad=1.57e-01 | 0.9s
[   906] loss=-0.8229 | res=1.30e-15 | grad=2.07e-01 | 0.9s
[   907] loss=-0.9151 | res=1.34e-15 | grad=6.09e-01 | 0.9s
[   908] loss=-0.7912 | res=2.11e-04 | grad=2.36e-01 | 0.9s
[   909] loss=-0.8902 | res=2.51e-04 | grad=3.80e-01 | 0.9s
[   910] loss=-0.8530 | res=1.13e-04 | grad=2.21e-01 | 1.0s
[   911] loss=-0.7815 | res=2.83e-04 | grad=2.36e-01 | 1.1s
[   912] loss=-0.9505 | res=4.77e-05 | grad=3.95e-01 | 1.1s
[   913] loss=-0.7427 | res=2.24e-15 | grad=4.44e-01 | 1.1s
[   914] loss=-0.9074 | res=4.71e-04 | grad=1.06e-01 | 1.0s
[   915] loss=-0.7689 | res=1.59e-15 | grad=6.02e-01 | 1.0s
[   916] loss=-0.8710 | res=1.83e-15 | grad=2.12e-01 | 1.0s
[   917] loss=-0.7331 | res=9.79e-05 | grad=6.05e-01 | 1.1s
[   918] loss=-0.8115 | res=8.54e-10 | grad=1.71e-01 | 1.1s
[   919] loss=-0.8508 | res=1.91e-04 | grad=2.44e-01 | 1.1s
[   920] loss=-0.8201 | res=5.34e-05 | grad=2.54e-01 | 1.1s
[   921] loss=-0.9054 | res=5.27e-05 | grad=4.54e-01 | 1.1s
[   922] loss=-0.9245 | res=1.76e-08 | grad=6.81e-01 | 1.0s
[   923] loss=-0.8603 | res=6.13e-05 | grad=1.76e-01 | 1.1s
[   924] loss=-0.8341 | res=3.33e-09 | grad=3.06e-01 | 1.0s
[   925] loss=-0.7816 | res=1.18e-04 | grad=4.69e-01 | 1.1s
[   926] loss=-0.7659 | res=2.60e-04 | grad=3.84e-01 | 0.9s
[   927] loss=-0.7277 | res=2.76e-12 | grad=6.94e-01 | 0.9s
[   928] loss=-0.8775 | res=6.38e-05 | grad=3.28e-01 | 0.9s
[   929] loss=-0.8320 | res=1.97e-04 | grad=2.91e-01 | 0.9s
[   930] loss=-0.8367 | res=1.92e-15 | grad=4.22e-01 | 0.9s
[   931] loss=-0.7833 | res=1.29e-15 | grad=2.96e-01 | 0.9s
[   932] loss=-0.8700 | res=1.10e-04 | grad=3.63e-01 | 0.9s
[   933] loss=-0.8717 | res=1.62e-04 | grad=3.09e-01 | 1.0s
[   934] loss=-0.8419 | res=9.90e-09 | grad=2.69e-01 | 1.0s
[   935] loss=-0.7503 | res=2.97e-04 | grad=1.41e-01 | 1.0s
[   936] loss=-0.8552 | res=6.63e-05 | grad=2.32e-01 | 1.1s
[   937] loss=-0.7398 | res=2.43e-04 | grad=4.75e-01 | 1.1s
[   938] loss=-0.8665 | res=1.07e-09 | grad=1.63e-01 | 1.1s
[   939] loss=-0.7498 | res=1.23e-04 | grad=6.57e-01 | 1.1s
[   940] loss=-0.7414 | res=8.10e-05 | grad=4.85e-01 | 1.0s
[   941] loss=-0.8481 | res=1.85e-04 | grad=2.21e-01 | 1.1s
[   942] loss=-0.8352 | res=5.17e-05 | grad=2.64e-01 | 1.0s
[   943] loss=-0.8770 | res=1.20e-15 | grad=3.54e-01 | 1.1s
[   944] loss=-0.8675 | res=1.07e-08 | grad=2.89e-01 | 1.1s
[   945] loss=-0.7554 | res=6.63e-05 | grad=4.72e-01 | 1.1s
[   946] loss=-0.8588 | res=2.88e-04 | grad=3.61e-01 | 1.1s
[   947] loss=-0.8329 | res=1.49e-09 | grad=1.52e-01 | 1.0s
[   948] loss=-0.8477 | res=1.51e-04 | grad=2.39e-01 | 1.0s
[   949] loss=-0.8188 | res=6.15e-05 | grad=2.99e-01 | 1.1s
[   950] loss=-0.8089 | res=4.46e-11 | grad=1.13e-01 | 1.0s
[   951] loss=-0.8789 | res=7.34e-05 | grad=1.75e-01 | 1.1s
[   952] loss=-0.8317 | res=1.71e-04 | grad=2.49e-01 | 1.1s
[   953] loss=-0.8352 | res=3.08e-09 | grad=2.89e-01 | 1.1s
[   954] loss=-0.8409 | res=1.40e-04 | grad=3.68e-01 | 1.1s
[   955] loss=-0.8508 | res=2.50e-04 | grad=1.55e-01 | 1.1s
[   956] loss=-0.7643 | res=8.22e-05 | grad=6.79e-01 | 1.1s
[   957] loss=-0.8411 | res=9.55e-11 | grad=1.05e-01 | 1.1s
[   958] loss=-0.8728 | res=1.63e-09 | grad=3.05e-01 | 1.1s
[   959] loss=-0.8445 | res=7.62e-05 | grad=2.35e-01 | 1.1s
[   960] loss=-0.8034 | res=2.63e-04 | grad=1.70e-01 | 1.1s
[   961] loss=-0.8303 | res=2.06e-09 | grad=4.47e-01 | 1.1s
[   962] loss=-0.9102 | res=1.32e-15 | grad=4.47e-01 | 1.1s
[   963] loss=-0.6937 | res=3.24e-05 | grad=6.21e-01 | 1.1s
[   964] loss=-0.8184 | res=2.36e-04 | grad=2.68e-01 | 1.1s
[   965] loss=-0.8033 | res=1.12e-04 | grad=2.04e-01 | 1.1s
[   966] loss=-0.8902 | res=5.49e-05 | grad=2.09e-01 | 1.0s
[   967] loss=-0.8432 | res=5.64e-05 | grad=1.68e-01 | 1.1s
[   968] loss=-0.8779 | res=2.89e-04 | grad=8.87e-02 | 1.1s
[   969] loss=-0.8758 | res=6.36e-10 | grad=2.45e-01 | 1.1s
[   970] loss=-0.8172 | res=8.69e-05 | grad=1.99e-01 | 1.1s
[   971] loss=-0.8476 | res=1.81e-04 | grad=5.17e-02 | 1.1s
[   972] loss=-0.8940 | res=1.35e-04 | grad=1.59e-01 | 1.0s
[   973] loss=-0.7691 | res=5.45e-05 | grad=6.22e-01 | 1.1s
[   974] loss=-0.9026 | res=2.58e-04 | grad=2.08e-01 | 1.1s
[   975] loss=-0.7952 | res=1.84e-04 | grad=2.60e-01 | 1.1s
[   976] loss=-0.7630 | res=2.40e-04 | grad=3.86e-01 | 1.1s
[   977] loss=-0.7746 | res=9.88e-15 | grad=1.45e-01 | 1.1s
[   978] loss=-0.7287 | res=3.91e-09 | grad=5.31e-01 | 1.1s
[   979] loss=-0.8617 | res=5.65e-05 | grad=4.09e-01 | 1.1s
[   980] loss=-0.8122 | res=9.34e-11 | grad=1.53e-01 | 1.0s
[   981] loss=-0.8685 | res=1.25e-15 | grad=5.50e-01 | 1.1s
[   982] loss=-0.8592 | res=1.34e-15 | grad=5.81e-01 | 1.1s
[   983] loss=-0.8487 | res=1.30e-04 | grad=7.28e-01 | 1.1s
[   984] loss=-0.8476 | res=3.86e-13 | grad=2.40e-01 | 1.1s
[   985] loss=-0.8770 | res=1.30e-15 | grad=1.98e-01 | 1.1s
[   986] loss=-0.8031 | res=1.55e-04 | grad=4.45e-01 | 1.1s
[   987] loss=-0.7606 | res=1.17e-04 | grad=5.80e-01 | 1.1s
[   988] loss=-0.7470 | res=2.77e-04 | grad=8.97e-01 | 1.0s
[   989] loss=-0.8891 | res=4.92e-05 | grad=3.03e-01 | 1.1s
[   990] loss=-0.8169 | res=1.42e-15 | grad=2.59e-01 | 1.0s
[   991] loss=-0.8291 | res=5.72e-05 | grad=2.08e-01 | 1.1s
[   992] loss=-0.9045 | res=1.21e-15 | grad=6.30e-01 | 1.1s
[   993] loss=-0.7406 | res=1.13e-04 | grad=3.21e-01 | 1.1s
[   994] loss=-0.8730 | res=1.26e-15 | grad=5.70e-01 | 1.1s
[   995] loss=-0.8074 | res=1.72e-04 | grad=2.79e-01 | 1.1s
[   996] loss=-0.8654 | res=1.44e-04 | grad=8.31e-01 | 1.0s
[   997] loss=-0.7942 | res=2.45e-04 | grad=2.02e-01 | 1.1s
[   998] loss=-0.7874 | res=1.47e-15 | grad=3.09e-01 | 0.9s
[   999] loss=-0.7373 | res=5.62e-14 | grad=5.41e-01 | 0.9s
[  1000] loss=-0.8505 | res=8.89e-09 | grad=3.11e-01 | 0.9s
    KL = 0.0298
    ESS ratio = 0.962
    Runtime = 1043.1s

  [Ours Summary for S2]
    KL = 0.0270 ± 0.0016
    ESS = 0.965 ± 0.005
    Runtime = 1024.4 ± 12.9s

[RCPM gamma=1.0] Running 5 independent training runs...

  --- Run 1/5 (seed=12345) ---
    [ 5000] loss = 0.0036
    KL = 0.0067
    ESS ratio = 0.996
    Runtime = 36.9s

  --- Run 2/5 (seed=23456) ---
    [ 5000] loss = 0.0022
    KL = 0.0026
    ESS ratio = 0.996
    Runtime = 35.0s

  --- Run 3/5 (seed=34567) ---
    [ 5000] loss = 0.0035
    KL = 0.0022
    ESS ratio = 0.998
    Runtime = 37.4s

  --- Run 4/5 (seed=45678) ---
    [ 5000] loss = -0.0052
    KL = 0.0021
    ESS ratio = 0.996
    Runtime = 38.8s

  --- Run 5/5 (seed=56789) ---
    [ 5000] loss = 0.0004
    KL = 0.0051
    ESS ratio = 0.995
    Runtime = 38.3s

  [RCPM Summary for S2]
    KL = 0.0037 ± 0.0008
    ESS = 0.996 ± 0.000
    Runtime = 37.3 ± 0.6s

======================================================================
MANIFOLD: T2
======================================================================

[Ours] Running 5 independent training runs...

  --- Run 1/5 (seed=12345) ---
/home/sjbhatt/anaconda3/envs/rcpms-jax/lib/python3.10/site-packages/jax/_src/ops/scatter.py:92: FutureWarning: scatter inputs have incompatible types: cannot safely cast value from dtype=int64 to dtype=int32 with jax_numpy_dtype_promotion='standard'. In future JAX releases this will result in an error.
  warnings.warn(
/home/sjbhatt/anaconda3/envs/rcpms-jax/lib/python3.10/site-packages/jax/_src/ops/scatter.py:92: FutureWarning: scatter inputs have incompatible types: cannot safely cast value from dtype=int64 to dtype=int32 with jax_numpy_dtype_promotion='standard'. In future JAX releases this will result in an error.
  warnings.warn(
[     1] loss=0.0509 | res=1.68e-03 | grad=8.19e+00 | 6.7s
[     2] loss=-0.1121 | res=1.87e-03 | grad=7.98e+00 | 1.0s
[     3] loss=-0.2777 | res=2.72e-03 | grad=8.06e+00 | 1.0s
[     4] loss=-0.4334 | res=4.74e-03 | grad=8.06e+00 | 1.0s
[     5] loss=-0.5870 | res=4.26e-03 | grad=8.06e+00 | 1.0s
[     6] loss=-0.7321 | res=4.48e-03 | grad=8.32e+00 | 1.0s
[     7] loss=-0.9008 | res=5.98e-03 | grad=8.60e+00 | 1.0s
[     8] loss=-1.0767 | res=5.70e-03 | grad=8.68e+00 | 1.0s
[     9] loss=-1.2221 | res=5.62e-03 | grad=8.32e+00 | 1.0s
[    10] loss=-1.4897 | res=5.72e-03 | grad=8.33e+00 | 1.0s
[    11] loss=-1.4888 | res=6.07e-03 | grad=6.80e+00 | 1.0s
[    12] loss=-1.6582 | res=7.08e-03 | grad=5.85e+00 | 1.0s
[    13] loss=-1.7536 | res=7.96e-03 | grad=4.93e+00 | 1.0s
[    14] loss=-1.7896 | res=5.39e-03 | grad=4.19e+00 | 1.0s
[    15] loss=-1.9159 | res=5.81e-03 | grad=3.71e+00 | 1.0s
[    16] loss=-1.9097 | res=4.72e-03 | grad=3.05e+00 | 1.0s
[    17] loss=-1.9377 | res=4.84e-03 | grad=2.52e+00 | 1.0s
[    18] loss=-2.1523 | res=6.30e-03 | grad=2.17e+00 | 1.0s
[    19] loss=-2.1969 | res=6.24e-03 | grad=1.82e+00 | 1.0s
[    20] loss=-2.2752 | res=7.63e-03 | grad=1.59e+00 | 1.0s
[    21] loss=-2.2762 | res=7.92e-03 | grad=9.12e-01 | 1.0s
[    22] loss=-2.2614 | res=6.60e-03 | grad=6.63e-01 | 1.0s
[    23] loss=-2.3551 | res=7.17e-03 | grad=6.28e-01 | 1.0s
[    24] loss=-2.2656 | res=5.03e-03 | grad=3.70e-01 | 1.0s
[    25] loss=-2.1706 | res=3.71e-03 | grad=7.38e-01 | 1.0s
[    26] loss=-2.2522 | res=7.97e-03 | grad=8.97e-01 | 1.0s
[    27] loss=-2.2687 | res=6.13e-03 | grad=1.04e+00 | 1.0s
[    28] loss=-2.0594 | res=7.71e-03 | grad=1.25e+00 | 1.0s
[    29] loss=-2.0567 | res=1.01e-02 | grad=1.53e+00 | 1.0s
[    30] loss=-2.2502 | res=6.24e-03 | grad=1.21e+00 | 1.0s
[    31] loss=-2.3740 | res=5.22e-03 | grad=1.37e+00 | 1.0s
[    32] loss=-2.1906 | res=7.22e-03 | grad=1.23e+00 | 1.0s
[    33] loss=-2.4705 | res=9.98e-03 | grad=1.04e+00 | 1.0s
[    34] loss=-2.1728 | res=4.73e-03 | grad=1.31e+00 | 1.0s
[    35] loss=-1.9541 | res=1.15e-02 | grad=1.53e+00 | 1.0s
[    36] loss=-2.3394 | res=1.02e-02 | grad=6.14e-01 | 1.0s
[    37] loss=-2.2186 | res=9.86e-03 | grad=1.23e+00 | 1.0s
[    38] loss=-2.4184 | res=1.04e-02 | grad=1.21e+00 | 1.0s
[    39] loss=-2.2475 | res=1.06e-02 | grad=7.65e-01 | 1.0s
[    40] loss=-2.2734 | res=5.54e-03 | grad=5.08e-01 | 1.0s
[    41] loss=-2.2561 | res=7.13e-03 | grad=3.74e-01 | 1.0s
[    42] loss=-2.2824 | res=6.91e-03 | grad=6.58e-01 | 1.0s
[    43] loss=-2.2292 | res=6.30e-03 | grad=6.57e-01 | 1.0s
[    44] loss=-2.1307 | res=7.38e-03 | grad=6.58e-01 | 1.0s
[    45] loss=-2.4126 | res=8.22e-03 | grad=7.68e-01 | 1.0s
[    46] loss=-2.2525 | res=1.06e-02 | grad=9.92e-01 | 1.0s
[    47] loss=-2.2758 | res=9.27e-03 | grad=1.04e+00 | 1.0s
[    48] loss=-2.2755 | res=6.38e-03 | grad=8.50e-01 | 1.0s
[    49] loss=-2.2232 | res=8.81e-03 | grad=6.02e-01 | 1.0s
[    50] loss=-2.2945 | res=9.33e-03 | grad=7.36e-01 | 1.0s
[    51] loss=-2.3019 | res=9.63e-03 | grad=8.53e-01 | 1.0s
[    52] loss=-2.2996 | res=9.80e-03 | grad=9.16e-01 | 1.0s
[    53] loss=-2.3913 | res=8.33e-03 | grad=1.61e+00 | 1.0s
[    54] loss=-2.3907 | res=1.38e-02 | grad=7.66e-01 | 1.0s
[    55] loss=-2.3648 | res=7.56e-03 | grad=6.40e-01 | 1.0s
[    56] loss=-2.1406 | res=8.97e-03 | grad=7.44e-01 | 1.0s
[    57] loss=-2.0883 | res=9.48e-03 | grad=7.69e-01 | 1.0s
[    58] loss=-2.1479 | res=1.06e-02 | grad=6.57e-01 | 1.0s
[    59] loss=-2.2801 | res=8.54e-03 | grad=1.04e+00 | 1.0s
[    60] loss=-2.0801 | res=8.12e-03 | grad=1.03e+00 | 1.0s
[    61] loss=-2.1715 | res=6.24e-03 | grad=6.02e-01 | 1.0s
[    62] loss=-2.4107 | res=1.12e-02 | grad=5.09e-01 | 1.0s
[    63] loss=-2.3662 | res=7.94e-03 | grad=6.47e-01 | 1.0s
[    64] loss=-2.0585 | res=5.38e-03 | grad=1.05e+00 | 1.0s
[    65] loss=-2.2954 | res=1.23e-02 | grad=4.76e-01 | 1.0s
[    66] loss=-2.3088 | res=1.07e-02 | grad=7.95e-01 | 1.0s
[    67] loss=-2.3811 | res=8.00e-03 | grad=4.02e-01 | 1.0s
[    68] loss=-2.4201 | res=8.69e-03 | grad=9.23e-01 | 1.0s
[    69] loss=-2.3810 | res=1.06e-02 | grad=2.53e-01 | 1.0s
[    70] loss=-2.3108 | res=1.00e-02 | grad=3.60e-01 | 1.0s
[    71] loss=-2.2848 | res=1.09e-02 | grad=5.72e-01 | 1.0s
[    72] loss=-2.4563 | res=8.94e-03 | grad=4.43e-01 | 1.0s
[    73] loss=-2.5458 | res=1.01e-02 | grad=4.82e-01 | 1.0s
[    74] loss=-2.1660 | res=1.01e-02 | grad=4.97e-01 | 1.0s
[    75] loss=-2.3988 | res=8.83e-03 | grad=5.24e-01 | 1.0s
[    76] loss=-2.3169 | res=9.70e-03 | grad=2.44e-01 | 1.0s
[    77] loss=-2.1745 | res=8.87e-03 | grad=5.90e-01 | 1.0s
[    78] loss=-2.2368 | res=1.18e-02 | grad=4.35e-01 | 1.0s
[    79] loss=-2.0880 | res=1.14e-02 | grad=5.79e-01 | 1.0s
[    80] loss=-2.2223 | res=8.85e-03 | grad=3.77e-01 | 1.0s
[    81] loss=-2.4501 | res=1.08e-02 | grad=7.37e-01 | 1.0s
[    82] loss=-2.0198 | res=1.18e-02 | grad=9.07e-01 | 1.0s
[    83] loss=-2.3700 | res=1.15e-02 | grad=6.51e-01 | 1.0s
[    84] loss=-2.4875 | res=8.67e-03 | grad=7.89e-01 | 1.0s
[    85] loss=-2.2908 | res=1.20e-02 | grad=4.56e-01 | 1.0s
[    86] loss=-2.2600 | res=1.41e-02 | grad=4.26e-01 | 1.0s
[    87] loss=-2.3444 | res=1.29e-02 | grad=2.57e-01 | 1.0s
[    88] loss=-2.2715 | res=1.61e-02 | grad=2.96e-01 | 1.0s
[    89] loss=-2.2153 | res=1.05e-02 | grad=2.01e-01 | 1.0s
[    90] loss=-2.2914 | res=1.33e-02 | grad=1.57e-01 | 1.0s
[    91] loss=-2.4796 | res=1.71e-02 | grad=4.35e-01 | 1.0s
[    92] loss=-2.1299 | res=1.01e-02 | grad=4.91e-01 | 1.0s
[    93] loss=-2.5506 | res=1.27e-02 | grad=3.75e-01 | 1.0s
[    94] loss=-2.2176 | res=1.15e-02 | grad=2.65e-01 | 1.0s
[    95] loss=-2.1273 | res=1.10e-02 | grad=7.03e-01 | 1.0s
[    96] loss=-2.5085 | res=1.11e-02 | grad=4.86e-01 | 1.0s
[    97] loss=-2.4396 | res=9.99e-03 | grad=2.41e-01 | 1.0s
[    98] loss=-2.1472 | res=1.13e-02 | grad=7.59e-01 | 1.0s
[    99] loss=-2.4294 | res=1.20e-02 | grad=2.31e-01 | 1.0s
[   100] loss=-2.2973 | res=1.52e-02 | grad=1.63e-01 | 1.0s
[   101] loss=-2.2656 | res=8.16e-03 | grad=6.31e-01 | 1.0s
[   102] loss=-2.3873 | res=9.83e-03 | grad=5.49e-01 | 1.0s
[   103] loss=-2.2622 | res=1.21e-02 | grad=4.45e-01 | 1.0s
[   104] loss=-2.4175 | res=1.37e-02 | grad=5.21e-01 | 1.0s
[   105] loss=-2.2782 | res=1.19e-02 | grad=1.67e-01 | 1.0s
[   106] loss=-2.1989 | res=1.27e-02 | grad=6.14e-01 | 1.0s
[   107] loss=-2.3353 | res=1.54e-02 | grad=2.96e-01 | 1.0s
[   108] loss=-2.3320 | res=1.75e-02 | grad=4.34e-01 | 1.0s
[   109] loss=-2.2072 | res=1.25e-02 | grad=4.20e-01 | 1.0s
[   110] loss=-2.2298 | res=1.39e-02 | grad=6.05e-01 | 1.0s
[   111] loss=-2.3127 | res=1.14e-02 | grad=8.60e-01 | 1.0s
[   112] loss=-2.2130 | res=1.75e-02 | grad=8.44e-01 | 1.0s
[   113] loss=-2.3428 | res=1.11e-02 | grad=3.58e-01 | 1.0s
[   114] loss=-2.4660 | res=1.65e-02 | grad=3.77e-01 | 1.0s
[   115] loss=-2.2331 | res=8.58e-03 | grad=1.75e-01 | 1.0s
[   116] loss=-2.2476 | res=1.18e-02 | grad=4.97e-01 | 1.0s
[   117] loss=-2.3381 | res=1.57e-02 | grad=3.61e-01 | 1.0s
[   118] loss=-2.3622 | res=1.34e-02 | grad=9.36e-01 | 1.0s
[   119] loss=-2.0435 | res=1.22e-02 | grad=9.10e-01 | 1.0s
[   120] loss=-2.4315 | res=1.38e-02 | grad=5.01e-01 | 1.0s
[   121] loss=-1.9105 | res=1.56e-02 | grad=7.72e-01 | 1.0s
[   122] loss=-2.4169 | res=1.48e-02 | grad=5.91e-01 | 1.0s
[   123] loss=-2.2128 | res=1.23e-02 | grad=7.22e-01 | 1.0s
[   124] loss=-2.4129 | res=1.44e-02 | grad=5.71e-01 | 1.0s
[   125] loss=-2.2144 | res=1.85e-02 | grad=7.58e-01 | 1.0s
[   126] loss=-2.5857 | res=1.42e-02 | grad=5.65e-01 | 1.0s
[   127] loss=-2.5773 | res=1.41e-02 | grad=1.05e+00 | 1.0s
[   128] loss=-2.4027 | res=1.54e-02 | grad=3.43e-01 | 1.0s
[   129] loss=-2.4810 | res=1.39e-02 | grad=2.97e-01 | 1.0s
[   130] loss=-2.2985 | res=1.10e-02 | grad=4.02e-01 | 1.0s
[   131] loss=-2.4361 | res=1.05e-02 | grad=3.87e-01 | 1.0s
[   132] loss=-2.3942 | res=1.09e-02 | grad=4.49e-01 | 1.0s
[   133] loss=-2.3153 | res=1.35e-02 | grad=7.01e-01 | 1.0s
[   134] loss=-2.3517 | res=1.16e-02 | grad=8.67e-01 | 1.0s
[   135] loss=-2.6752 | res=1.01e-02 | grad=9.15e-01 | 1.0s
[   136] loss=-2.2524 | res=1.34e-02 | grad=5.05e-01 | 1.0s
[   137] loss=-2.2324 | res=1.42e-02 | grad=5.68e-01 | 1.0s
[   138] loss=-2.3003 | res=1.38e-02 | grad=6.86e-01 | 1.0s
[   139] loss=-2.1340 | res=1.21e-02 | grad=4.80e-01 | 1.0s
[   140] loss=-2.1239 | res=1.41e-02 | grad=7.35e-01 | 1.0s
[   141] loss=-2.5659 | res=1.44e-02 | grad=7.76e-01 | 1.0s
[   142] loss=-2.0560 | res=1.23e-02 | grad=8.09e-01 | 1.0s
[   143] loss=-2.2082 | res=1.81e-02 | grad=4.81e-01 | 1.0s
[   144] loss=-2.3597 | res=8.51e-03 | grad=8.74e-01 | 1.0s
[   145] loss=-2.4253 | res=1.07e-02 | grad=4.99e-01 | 1.0s
[   146] loss=-2.1943 | res=1.40e-02 | grad=1.63e-01 | 1.0s
[   147] loss=-2.1967 | res=8.05e-03 | grad=4.46e-01 | 1.0s
[   148] loss=-2.2808 | res=1.59e-02 | grad=7.76e-01 | 1.0s
[   149] loss=-2.3008 | res=1.50e-02 | grad=1.01e+00 | 1.0s
[   150] loss=-2.3592 | res=1.45e-02 | grad=1.04e+00 | 1.0s
[   151] loss=-2.2130 | res=1.71e-02 | grad=3.21e-01 | 1.0s
[   152] loss=-2.3009 | res=1.59e-02 | grad=5.46e-01 | 1.0s
[   153] loss=-2.3563 | res=1.33e-02 | grad=3.47e-01 | 1.0s
[   154] loss=-2.4545 | res=1.09e-02 | grad=3.30e-01 | 1.0s
[   155] loss=-2.2579 | res=1.37e-02 | grad=1.45e-01 | 1.0s
[   156] loss=-2.4005 | res=1.56e-02 | grad=3.28e-01 | 1.0s
[   157] loss=-2.3019 | res=1.14e-02 | grad=6.12e-01 | 1.0s
[   158] loss=-2.4084 | res=1.13e-02 | grad=1.02e+00 | 1.0s
[   159] loss=-2.2991 | res=1.68e-02 | grad=5.94e-01 | 1.0s
[   160] loss=-2.3341 | res=1.26e-02 | grad=2.42e-01 | 1.0s
[   161] loss=-2.3174 | res=1.17e-02 | grad=6.75e-01 | 1.0s
[   162] loss=-2.3584 | res=1.53e-02 | grad=4.99e-01 | 1.0s
[   163] loss=-2.3969 | res=1.31e-02 | grad=2.65e-01 | 1.0s
[   164] loss=-2.2554 | res=1.30e-02 | grad=5.69e-01 | 1.0s
[   165] loss=-2.1899 | res=1.25e-02 | grad=5.86e-01 | 1.0s
[   166] loss=-2.3274 | res=1.21e-02 | grad=3.55e-01 | 1.0s
[   167] loss=-2.3666 | res=1.18e-02 | grad=7.03e-01 | 1.0s
[   168] loss=-2.2378 | res=1.10e-02 | grad=1.90e-01 | 1.0s
[   169] loss=-2.3132 | res=1.65e-02 | grad=3.51e-01 | 1.0s
[   170] loss=-2.1016 | res=1.34e-02 | grad=5.39e-01 | 1.0s
[   171] loss=-2.0482 | res=1.32e-02 | grad=5.61e-01 | 1.0s
[   172] loss=-2.5373 | res=1.63e-02 | grad=7.60e-01 | 1.0s
[   173] loss=-2.3178 | res=1.63e-02 | grad=4.73e-01 | 1.0s
[   174] loss=-2.2770 | res=1.19e-02 | grad=5.75e-01 | 1.0s
[   175] loss=-2.3629 | res=1.67e-02 | grad=5.47e-01 | 1.0s
[   176] loss=-2.2157 | res=1.66e-02 | grad=3.31e-01 | 1.0s
[   177] loss=-2.3790 | res=1.29e-02 | grad=3.35e-01 | 1.0s
[   178] loss=-2.1472 | res=1.24e-02 | grad=3.61e-01 | 1.0s
[   179] loss=-2.3265 | res=1.24e-02 | grad=3.19e-01 | 1.0s
[   180] loss=-2.4298 | res=1.08e-02 | grad=3.37e-01 | 1.0s
[   181] loss=-2.4909 | res=1.84e-02 | grad=3.25e-01 | 1.0s
[   182] loss=-2.3283 | res=1.04e-02 | grad=5.26e-01 | 1.0s
[   183] loss=-2.2599 | res=1.61e-02 | grad=2.98e-01 | 1.0s
[   184] loss=-2.4423 | res=1.11e-02 | grad=2.96e-01 | 1.0s
[   185] loss=-2.4202 | res=1.35e-02 | grad=3.44e-01 | 1.0s
[   186] loss=-2.4665 | res=1.41e-02 | grad=2.70e-01 | 1.0s
[   187] loss=-2.2678 | res=1.38e-02 | grad=8.84e-01 | 1.0s
[   188] loss=-2.3292 | res=1.47e-02 | grad=3.20e-01 | 1.0s
[   189] loss=-2.3188 | res=1.31e-02 | grad=2.17e-01 | 1.0s
[   190] loss=-2.4547 | res=1.04e-02 | grad=3.16e-01 | 1.0s
[   191] loss=-2.3072 | res=1.68e-02 | grad=4.20e-01 | 1.0s
[   192] loss=-2.3038 | res=1.38e-02 | grad=4.40e-01 | 1.0s
[   193] loss=-2.3610 | res=9.25e-03 | grad=6.40e-01 | 1.0s
[   194] loss=-2.1952 | res=1.53e-02 | grad=3.13e-01 | 1.0s
[   195] loss=-2.3384 | res=1.71e-02 | grad=6.34e-01 | 1.0s
[   196] loss=-2.3448 | res=1.75e-02 | grad=8.23e-01 | 1.0s
[   197] loss=-2.4183 | res=1.67e-02 | grad=1.46e-01 | 1.0s
[   198] loss=-2.1911 | res=1.29e-02 | grad=8.59e-01 | 1.0s
[   199] loss=-2.3846 | res=1.38e-02 | grad=5.03e-01 | 1.0s
[   200] loss=-2.3189 | res=2.04e-02 | grad=3.49e-01 | 1.0s
[   201] loss=-2.4098 | res=1.20e-02 | grad=2.84e-01 | 1.0s
[   202] loss=-2.3778 | res=1.27e-02 | grad=3.18e-01 | 1.0s
[   203] loss=-2.1718 | res=1.67e-02 | grad=6.63e-01 | 1.1s
[   204] loss=-2.2470 | res=1.66e-02 | grad=2.36e-01 | 1.1s
[   205] loss=-2.2905 | res=1.55e-02 | grad=4.81e-01 | 1.1s
[   206] loss=-2.3769 | res=1.32e-02 | grad=5.13e-01 | 1.1s
[   207] loss=-2.2094 | res=1.33e-02 | grad=2.07e-01 | 1.1s
[   208] loss=-2.2307 | res=1.55e-02 | grad=7.35e-01 | 1.1s
[   209] loss=-2.6859 | res=1.21e-02 | grad=7.45e-01 | 1.1s
[   210] loss=-2.2004 | res=1.19e-02 | grad=3.58e-01 | 1.1s
[   211] loss=-2.2976 | res=1.50e-02 | grad=2.38e-01 | 1.1s
[   212] loss=-2.4690 | res=1.19e-02 | grad=9.13e-01 | 1.0s
[   213] loss=-2.2849 | res=1.40e-02 | grad=4.53e-01 | 1.1s
[   214] loss=-2.2207 | res=1.38e-02 | grad=8.10e-01 | 1.0s
[   215] loss=-2.4996 | res=1.73e-02 | grad=6.46e-01 | 1.0s
[   216] loss=-1.9450 | res=1.53e-02 | grad=9.45e-01 | 1.0s
[   217] loss=-2.3147 | res=1.01e-02 | grad=3.46e-01 | 1.0s
[   218] loss=-2.4897 | res=1.23e-02 | grad=3.43e-01 | 1.0s
[   219] loss=-2.2696 | res=1.16e-02 | grad=5.90e-01 | 1.0s
[   220] loss=-2.2014 | res=1.54e-02 | grad=1.05e+00 | 1.0s
[   221] loss=-2.2707 | res=1.28e-02 | grad=9.16e-01 | 1.0s
[   222] loss=-2.4606 | res=1.22e-02 | grad=8.31e-01 | 1.0s
[   223] loss=-2.1983 | res=1.84e-02 | grad=6.00e-01 | 1.0s
[   224] loss=-2.3856 | res=1.12e-02 | grad=4.62e-01 | 1.0s
[   225] loss=-2.2021 | res=1.64e-02 | grad=4.65e-01 | 1.0s
[   226] loss=-2.5048 | res=1.26e-02 | grad=1.45e+00 | 1.0s
[   227] loss=-2.3325 | res=1.51e-02 | grad=1.05e+00 | 1.0s
[   228] loss=-2.2275 | res=1.45e-02 | grad=9.79e-01 | 1.0s
[   229] loss=-2.4488 | res=1.33e-02 | grad=9.25e-01 | 1.0s
[   230] loss=-2.4270 | res=1.16e-02 | grad=6.07e-01 | 1.0s
[   231] loss=-2.1681 | res=1.37e-02 | grad=3.79e-01 | 1.0s
[   232] loss=-2.4348 | res=1.25e-02 | grad=3.40e-01 | 1.0s
[   233] loss=-2.4623 | res=1.25e-02 | grad=3.36e-01 | 1.0s
[   234] loss=-2.5252 | res=1.02e-02 | grad=5.28e-01 | 1.0s
[   235] loss=-2.4149 | res=1.38e-02 | grad=8.31e-01 | 1.0s
[   236] loss=-2.4061 | res=1.11e-02 | grad=5.31e-01 | 1.0s
[   237] loss=-2.2410 | res=1.45e-02 | grad=8.24e-01 | 1.0s
[   238] loss=-2.2249 | res=1.42e-02 | grad=6.41e-01 | 1.0s
[   239] loss=-2.2367 | res=1.20e-02 | grad=5.82e-01 | 1.0s
[   240] loss=-2.1858 | res=1.12e-02 | grad=2.95e-01 | 1.0s
[   241] loss=-2.2514 | res=1.18e-02 | grad=5.80e-01 | 1.0s
[   242] loss=-2.3601 | res=9.82e-03 | grad=2.78e-01 | 1.0s
[   243] loss=-2.4488 | res=1.37e-02 | grad=4.06e-01 | 1.0s
[   244] loss=-2.2178 | res=1.14e-02 | grad=1.02e+00 | 1.0s
[   245] loss=-2.4249 | res=9.64e-03 | grad=9.56e-01 | 1.0s
[   246] loss=-2.2224 | res=1.60e-02 | grad=8.30e-01 | 1.0s
[   247] loss=-2.3733 | res=9.62e-03 | grad=5.38e-01 | 1.0s
[   248] loss=-2.3719 | res=1.49e-02 | grad=3.67e-01 | 1.0s
[   249] loss=-2.3282 | res=1.07e-02 | grad=3.67e-01 | 1.0s
[   250] loss=-2.1461 | res=1.36e-02 | grad=7.36e-01 | 1.0s
[   251] loss=-2.2473 | res=1.11e-02 | grad=9.19e-01 | 1.0s
[   252] loss=-2.2862 | res=9.71e-03 | grad=7.54e-01 | 1.0s
[   253] loss=-2.1178 | res=1.10e-02 | grad=4.62e-01 | 1.0s
[   254] loss=-2.1894 | res=1.33e-02 | grad=5.09e-01 | 1.1s
[   255] loss=-2.2569 | res=1.17e-02 | grad=2.99e-01 | 1.1s
[   256] loss=-2.2856 | res=1.10e-02 | grad=8.59e-01 | 1.1s
[   257] loss=-2.4538 | res=1.14e-02 | grad=6.04e-01 | 1.1s
[   258] loss=-2.5696 | res=1.23e-02 | grad=4.88e-01 | 1.1s
[   259] loss=-2.2925 | res=1.28e-02 | grad=6.15e-01 | 1.1s
[   260] loss=-2.3337 | res=1.48e-02 | grad=5.61e-01 | 1.1s
[   261] loss=-2.3443 | res=1.22e-02 | grad=4.34e-01 | 1.1s
[   262] loss=-2.3711 | res=1.20e-02 | grad=5.09e-01 | 1.1s
[   263] loss=-2.3095 | res=8.55e-03 | grad=3.01e-01 | 1.1s
[   264] loss=-2.1099 | res=6.50e-03 | grad=8.08e-01 | 1.1s
[   265] loss=-2.2613 | res=8.82e-03 | grad=4.29e-01 | 1.1s
[   266] loss=-2.4154 | res=6.19e-03 | grad=1.93e-01 | 1.1s
[   267] loss=-2.3837 | res=1.32e-02 | grad=2.64e-01 | 1.1s
[   268] loss=-2.3880 | res=8.59e-03 | grad=4.49e-01 | 1.1s
[   269] loss=-2.5287 | res=1.03e-02 | grad=6.04e-01 | 1.1s
[   270] loss=-2.5495 | res=1.20e-02 | grad=1.01e+00 | 1.0s
[   271] loss=-2.1732 | res=1.43e-02 | grad=6.07e-01 | 1.0s
[   272] loss=-2.2922 | res=1.24e-02 | grad=4.10e-01 | 1.1s
[   273] loss=-2.3810 | res=1.06e-02 | grad=4.48e-01 | 1.0s
[   274] loss=-2.2726 | res=1.28e-02 | grad=2.71e-01 | 1.1s
[   275] loss=-2.0640 | res=1.35e-02 | grad=7.67e-01 | 1.0s
[   276] loss=-2.3810 | res=1.29e-02 | grad=3.73e-01 | 1.0s
[   277] loss=-2.3578 | res=1.07e-02 | grad=2.87e-01 | 1.0s
[   278] loss=-2.2929 | res=9.98e-03 | grad=3.48e-01 | 1.0s
[   279] loss=-2.3815 | res=8.92e-03 | grad=6.33e-01 | 1.0s
[   280] loss=-2.4250 | res=8.97e-03 | grad=6.16e-01 | 1.0s
[   281] loss=-2.3013 | res=1.13e-02 | grad=5.61e-01 | 1.0s
[   282] loss=-2.3180 | res=9.75e-03 | grad=4.64e-01 | 1.0s
[   283] loss=-2.2434 | res=9.83e-03 | grad=3.19e-01 | 1.0s
[   284] loss=-2.3603 | res=1.49e-02 | grad=3.60e-01 | 1.0s
[   285] loss=-2.2415 | res=1.25e-02 | grad=3.71e-01 | 1.0s
[   286] loss=-2.3160 | res=1.21e-02 | grad=4.51e-01 | 1.0s
[   287] loss=-2.3745 | res=1.38e-02 | grad=1.22e-01 | 1.0s
[   288] loss=-2.0625 | res=1.18e-02 | grad=6.59e-01 | 1.0s
[   289] loss=-2.2525 | res=1.49e-02 | grad=4.40e-01 | 1.0s
[   290] loss=-2.4065 | res=1.28e-02 | grad=6.22e-01 | 1.0s
[   291] loss=-2.3303 | res=1.17e-02 | grad=2.89e-01 | 1.0s
[   292] loss=-2.2692 | res=1.36e-02 | grad=2.89e-01 | 1.0s
[   293] loss=-2.1744 | res=8.90e-03 | grad=4.85e-01 | 1.0s
[   294] loss=-2.1958 | res=1.30e-02 | grad=3.29e-01 | 1.0s
[   295] loss=-2.3257 | res=1.33e-02 | grad=2.47e-01 | 1.0s
[   296] loss=-2.3907 | res=1.11e-02 | grad=6.03e-01 | 1.0s
[   297] loss=-2.1725 | res=1.48e-02 | grad=5.55e-01 | 1.0s
[   298] loss=-2.2610 | res=1.10e-02 | grad=5.64e-01 | 1.0s
[   299] loss=-2.2866 | res=1.19e-02 | grad=5.98e-01 | 1.0s
[   300] loss=-2.1370 | res=1.40e-02 | grad=4.04e-01 | 1.0s
[   301] loss=-2.2387 | res=1.09e-02 | grad=5.29e-01 | 1.0s
[   302] loss=-2.1634 | res=1.36e-02 | grad=4.04e-01 | 1.0s
[   303] loss=-2.4211 | res=1.27e-02 | grad=3.29e-01 | 1.0s
[   304] loss=-2.1827 | res=1.74e-02 | grad=2.89e-01 | 1.0s
[   305] loss=-2.1430 | res=1.40e-02 | grad=4.22e-01 | 1.0s
[   306] loss=-2.2024 | res=2.18e-02 | grad=4.76e-01 | 1.0s
[   307] loss=-2.2485 | res=1.41e-02 | grad=1.99e-01 | 1.0s
[   308] loss=-2.3536 | res=7.76e-03 | grad=3.77e-01 | 1.0s
[   309] loss=-2.3071 | res=9.16e-03 | grad=3.49e-01 | 1.0s
[   310] loss=-2.2359 | res=1.33e-02 | grad=3.80e-01 | 1.0s
[   311] loss=-2.3287 | res=1.39e-02 | grad=6.97e-01 | 1.0s
[   312] loss=-2.3670 | res=9.41e-03 | grad=5.11e-01 | 1.0s
[   313] loss=-2.2331 | res=1.27e-02 | grad=4.36e-01 | 1.0s
[   314] loss=-2.1167 | res=1.21e-02 | grad=4.92e-01 | 1.0s
[   315] loss=-2.2826 | res=1.04e-02 | grad=1.10e+00 | 1.0s
[   316] loss=-2.3339 | res=9.86e-03 | grad=4.97e-01 | 1.0s
[   317] loss=-2.3068 | res=9.69e-03 | grad=2.91e-01 | 1.0s
[   318] loss=-2.3743 | res=9.46e-03 | grad=4.59e-01 | 1.0s
[   319] loss=-2.1953 | res=1.29e-02 | grad=3.96e-01 | 1.0s
[   320] loss=-2.3793 | res=8.77e-03 | grad=4.65e-01 | 1.0s
[   321] loss=-2.3081 | res=1.06e-02 | grad=2.79e-01 | 1.0s
[   322] loss=-2.0387 | res=1.07e-02 | grad=4.49e-01 | 1.0s
[   323] loss=-2.3461 | res=8.65e-03 | grad=4.36e-01 | 1.0s
[   324] loss=-2.0910 | res=1.27e-02 | grad=5.43e-01 | 1.0s
[   325] loss=-2.3289 | res=1.16e-02 | grad=5.03e-01 | 1.0s
[   326] loss=-2.3959 | res=9.07e-03 | grad=3.34e-01 | 1.0s
[   327] loss=-2.3185 | res=1.16e-02 | grad=3.11e-01 | 1.0s
[   328] loss=-2.3539 | res=1.17e-02 | grad=1.53e-01 | 1.0s
[   329] loss=-2.4059 | res=1.29e-02 | grad=4.85e-01 | 1.0s
[   330] loss=-2.4173 | res=1.25e-02 | grad=5.21e-01 | 1.0s
[   331] loss=-2.3370 | res=1.30e-02 | grad=4.14e-01 | 1.0s
[   332] loss=-2.3579 | res=6.77e-03 | grad=5.36e-01 | 1.0s
[   333] loss=-2.4080 | res=1.15e-02 | grad=5.79e-01 | 1.0s
[   334] loss=-2.3370 | res=8.35e-03 | grad=2.66e-01 | 1.0s
[   335] loss=-2.2210 | res=7.12e-03 | grad=5.57e-01 | 1.0s
[   336] loss=-2.4759 | res=9.64e-03 | grad=4.59e-01 | 1.0s
[   337] loss=-2.1599 | res=7.29e-03 | grad=9.51e-01 | 1.0s
[   338] loss=-2.4953 | res=8.73e-03 | grad=2.53e-01 | 1.0s
[   339] loss=-2.3981 | res=9.71e-03 | grad=5.13e-01 | 1.0s
[   340] loss=-2.3478 | res=9.60e-03 | grad=4.34e-01 | 1.0s
[   341] loss=-2.5459 | res=9.54e-03 | grad=4.49e-01 | 1.0s
[   342] loss=-2.4304 | res=1.26e-02 | grad=5.33e-01 | 1.0s
[   343] loss=-2.2884 | res=7.74e-03 | grad=3.87e-01 | 1.0s
[   344] loss=-2.2539 | res=1.08e-02 | grad=4.54e-01 | 1.0s
[   345] loss=-2.2818 | res=7.56e-03 | grad=4.55e-01 | 1.0s
[   346] loss=-2.3445 | res=1.11e-02 | grad=1.98e-01 | 1.0s
[   347] loss=-2.1726 | res=1.31e-02 | grad=2.70e-01 | 1.0s
[   348] loss=-2.3003 | res=9.27e-03 | grad=6.56e-01 | 1.0s
[   349] loss=-2.3134 | res=1.12e-02 | grad=7.24e-01 | 1.0s
[   350] loss=-2.2635 | res=1.15e-02 | grad=4.27e-01 | 1.0s
[   351] loss=-2.3577 | res=1.55e-02 | grad=1.81e-01 | 1.0s
[   352] loss=-2.1934 | res=1.12e-02 | grad=4.54e-01 | 1.0s
[   353] loss=-2.3308 | res=1.12e-02 | grad=5.14e-01 | 1.0s
[   354] loss=-2.1659 | res=9.86e-03 | grad=5.64e-01 | 1.0s
[   355] loss=-2.3382 | res=8.04e-03 | grad=6.82e-01 | 1.0s
[   356] loss=-2.3746 | res=1.29e-02 | grad=6.75e-01 | 1.0s
[   357] loss=-2.1057 | res=1.14e-02 | grad=3.94e-01 | 1.0s
[   358] loss=-2.0834 | res=8.26e-03 | grad=4.59e-01 | 1.0s
[   359] loss=-2.3723 | res=1.12e-02 | grad=4.82e-01 | 1.0s
[   360] loss=-2.3091 | res=1.16e-02 | grad=2.38e-01 | 1.0s
[   361] loss=-2.1131 | res=9.38e-03 | grad=1.36e+00 | 1.0s
[   362] loss=-2.3972 | res=1.31e-02 | grad=7.78e-01 | 1.0s
[   363] loss=-2.2842 | res=1.30e-02 | grad=3.86e-01 | 1.0s
[   364] loss=-2.3387 | res=1.40e-02 | grad=4.14e-01 | 1.0s
[   365] loss=-2.4421 | res=1.00e-02 | grad=8.02e-01 | 1.0s
[   366] loss=-2.2343 | res=1.03e-02 | grad=7.24e-01 | 1.0s
[   367] loss=-2.2405 | res=1.06e-02 | grad=2.99e-01 | 1.0s
[   368] loss=-2.3125 | res=1.40e-02 | grad=5.54e-01 | 1.0s
[   369] loss=-2.3085 | res=1.04e-02 | grad=5.17e-01 | 1.0s
[   370] loss=-2.2401 | res=1.04e-02 | grad=4.48e-01 | 1.0s
[   371] loss=-2.2331 | res=9.52e-03 | grad=5.63e-01 | 1.0s
[   372] loss=-2.3665 | res=1.26e-02 | grad=4.12e-01 | 1.0s
[   373] loss=-2.2966 | res=1.06e-02 | grad=1.94e-01 | 1.0s
[   374] loss=-2.5867 | res=1.01e-02 | grad=6.09e-01 | 1.0s
[   375] loss=-2.3128 | res=1.24e-02 | grad=2.37e-01 | 1.0s
[   376] loss=-2.3285 | res=1.20e-02 | grad=4.72e-01 | 1.0s
[   377] loss=-2.3572 | res=1.07e-02 | grad=5.32e-01 | 1.0s
[   378] loss=-2.0961 | res=8.52e-03 | grad=7.94e-01 | 1.0s
[   379] loss=-2.2547 | res=1.25e-02 | grad=3.68e-01 | 1.0s
[   380] loss=-2.0492 | res=1.01e-02 | grad=8.55e-01 | 1.0s
[   381] loss=-2.2375 | res=1.35e-02 | grad=5.09e-01 | 1.0s
[   382] loss=-2.1589 | res=1.04e-02 | grad=2.82e-01 | 1.0s
[   383] loss=-2.1403 | res=1.33e-02 | grad=6.06e-01 | 1.0s
[   384] loss=-2.3133 | res=1.52e-02 | grad=5.21e-01 | 1.0s
[   385] loss=-2.2820 | res=1.03e-02 | grad=6.83e-01 | 1.0s
[   386] loss=-2.3212 | res=1.13e-02 | grad=6.95e-01 | 1.0s
[   387] loss=-2.1204 | res=8.03e-03 | grad=5.03e-01 | 1.0s
[   388] loss=-2.0503 | res=8.84e-03 | grad=6.03e-01 | 1.0s
[   389] loss=-2.4662 | res=9.45e-03 | grad=5.22e-01 | 1.0s
[   390] loss=-2.3778 | res=1.22e-02 | grad=8.55e-01 | 1.0s
[   391] loss=-2.3467 | res=8.80e-03 | grad=9.80e-01 | 1.0s
[   392] loss=-2.3952 | res=4.85e-03 | grad=6.16e-01 | 1.0s
[   393] loss=-2.3288 | res=8.90e-03 | grad=2.39e-01 | 1.0s
[   394] loss=-2.3111 | res=1.00e-02 | grad=5.08e-01 | 1.0s
[   395] loss=-2.4309 | res=1.24e-02 | grad=2.82e-01 | 1.0s
[   396] loss=-2.2893 | res=7.79e-03 | grad=5.63e-01 | 1.0s
[   397] loss=-2.3716 | res=8.31e-03 | grad=2.66e-01 | 1.0s
[   398] loss=-2.0848 | res=9.66e-03 | grad=8.87e-01 | 1.0s
[   399] loss=-2.2246 | res=1.04e-02 | grad=4.80e-01 | 1.0s
[   400] loss=-2.3304 | res=1.02e-02 | grad=6.08e-01 | 1.0s
[   401] loss=-2.2351 | res=7.90e-03 | grad=4.47e-01 | 1.0s
[   402] loss=-2.2456 | res=1.06e-02 | grad=3.53e-01 | 1.0s
[   403] loss=-2.2782 | res=1.03e-02 | grad=2.88e-01 | 1.0s
[   404] loss=-2.3083 | res=9.09e-03 | grad=4.44e-01 | 1.0s
[   405] loss=-2.2880 | res=1.01e-02 | grad=8.01e-01 | 1.0s
[   406] loss=-2.2235 | res=8.58e-03 | grad=7.72e-01 | 1.0s
[   407] loss=-2.4287 | res=7.39e-03 | grad=7.28e-01 | 1.0s
[   408] loss=-2.1823 | res=7.84e-03 | grad=3.49e-01 | 1.0s
[   409] loss=-2.2811 | res=9.99e-03 | grad=6.05e-01 | 1.0s
[   410] loss=-2.4180 | res=6.52e-03 | grad=7.44e-01 | 1.0s
[   411] loss=-2.3871 | res=8.23e-03 | grad=7.12e-01 | 1.0s
[   412] loss=-2.4113 | res=9.66e-03 | grad=2.74e-01 | 1.0s
[   413] loss=-2.2808 | res=1.03e-02 | grad=3.29e-01 | 1.0s
[   414] loss=-2.4400 | res=1.18e-02 | grad=1.84e-01 | 1.0s
[   415] loss=-2.4962 | res=1.26e-02 | grad=4.12e-01 | 1.0s
[   416] loss=-2.4040 | res=7.13e-03 | grad=3.77e-01 | 1.0s
[   417] loss=-2.2708 | res=1.06e-02 | grad=6.27e-01 | 1.0s
[   418] loss=-2.3774 | res=1.01e-02 | grad=3.21e-01 | 1.0s
[   419] loss=-2.2665 | res=9.84e-03 | grad=5.86e-01 | 1.0s
[   420] loss=-2.2906 | res=1.25e-02 | grad=5.06e-01 | 1.0s
[   421] loss=-2.3883 | res=9.00e-03 | grad=3.67e-01 | 1.0s
[   422] loss=-2.2831 | res=1.05e-02 | grad=6.10e-01 | 1.0s
[   423] loss=-2.3048 | res=5.25e-03 | grad=2.69e-01 | 1.0s
[   424] loss=-2.1606 | res=7.01e-03 | grad=6.07e-01 | 1.0s
[   425] loss=-2.2129 | res=1.06e-02 | grad=3.51e-01 | 1.0s
[   426] loss=-2.1837 | res=8.81e-03 | grad=3.66e-01 | 1.0s
[   427] loss=-2.3772 | res=1.12e-02 | grad=7.31e-01 | 1.0s
[   428] loss=-2.4062 | res=8.46e-03 | grad=7.22e-01 | 1.0s
[   429] loss=-2.2103 | res=7.61e-03 | grad=4.96e-01 | 1.0s
[   430] loss=-2.4766 | res=8.91e-03 | grad=7.06e-01 | 1.0s
[   431] loss=-2.2765 | res=8.54e-03 | grad=5.02e-01 | 1.0s
[   432] loss=-2.2202 | res=1.14e-02 | grad=6.32e-01 | 1.0s
[   433] loss=-2.4129 | res=8.23e-03 | grad=6.81e-01 | 1.0s
[   434] loss=-2.4456 | res=1.25e-02 | grad=4.77e-01 | 1.0s
[   435] loss=-2.3165 | res=9.66e-03 | grad=6.91e-01 | 1.0s
[   436] loss=-2.2065 | res=1.39e-02 | grad=5.46e-01 | 1.0s
[   437] loss=-2.4658 | res=8.24e-03 | grad=5.64e-01 | 1.0s
[   438] loss=-2.3550 | res=1.22e-02 | grad=7.25e-01 | 1.0s
[   439] loss=-2.4416 | res=7.47e-03 | grad=6.93e-01 | 1.0s
[   440] loss=-2.4401 | res=8.74e-03 | grad=4.02e-01 | 1.0s
[   441] loss=-2.3431 | res=9.53e-03 | grad=2.53e-01 | 1.0s
[   442] loss=-2.3928 | res=9.34e-03 | grad=2.39e-01 | 1.0s
[   443] loss=-2.3785 | res=7.20e-03 | grad=6.03e-01 | 1.0s
[   444] loss=-2.4717 | res=7.04e-03 | grad=6.79e-01 | 1.0s
[   445] loss=-2.3206 | res=8.99e-03 | grad=5.23e-01 | 1.0s
[   446] loss=-2.2531 | res=1.19e-02 | grad=1.41e-01 | 1.0s
[   447] loss=-2.2923 | res=7.58e-03 | grad=3.40e-01 | 1.0s
[   448] loss=-2.2617 | res=1.08e-02 | grad=5.05e-01 | 1.0s
[   449] loss=-2.3408 | res=9.96e-03 | grad=1.64e-01 | 1.0s
[   450] loss=-2.3529 | res=1.03e-02 | grad=4.62e-01 | 1.0s
[   451] loss=-2.2622 | res=7.76e-03 | grad=3.64e-01 | 1.0s
[   452] loss=-2.1442 | res=1.50e-02 | grad=9.69e-01 | 1.0s
[   453] loss=-2.2433 | res=8.32e-03 | grad=3.95e-01 | 1.0s
[   454] loss=-2.2340 | res=6.63e-03 | grad=6.22e-01 | 1.0s
[   455] loss=-2.1606 | res=1.19e-02 | grad=2.01e-01 | 1.0s
[   456] loss=-2.1345 | res=1.01e-02 | grad=1.49e-01 | 1.0s
[   457] loss=-2.4709 | res=5.92e-03 | grad=8.10e-01 | 1.0s
[   458] loss=-2.2528 | res=8.72e-03 | grad=2.34e-01 | 1.0s
[   459] loss=-2.3908 | res=8.68e-03 | grad=6.24e-01 | 1.0s
[   460] loss=-2.3442 | res=4.81e-03 | grad=2.53e-01 | 1.0s
[   461] loss=-2.3133 | res=1.08e-02 | grad=6.24e-01 | 1.0s
[   462] loss=-2.2594 | res=1.23e-02 | grad=8.36e-01 | 1.0s
[   463] loss=-2.3476 | res=6.96e-03 | grad=5.24e-01 | 1.0s
[   464] loss=-2.2885 | res=8.40e-03 | grad=3.54e-01 | 1.0s
[   465] loss=-2.2840 | res=9.54e-03 | grad=3.80e-01 | 1.0s
[   466] loss=-2.3266 | res=1.27e-02 | grad=4.11e-01 | 1.0s
[   467] loss=-2.5250 | res=1.05e-02 | grad=5.14e-01 | 1.0s
[   468] loss=-2.2168 | res=8.79e-03 | grad=5.52e-01 | 1.0s
[   469] loss=-2.4565 | res=9.93e-03 | grad=2.67e-01 | 1.0s
[   470] loss=-2.1484 | res=1.11e-02 | grad=2.01e-01 | 1.0s
[   471] loss=-2.4121 | res=7.39e-03 | grad=5.16e-01 | 1.0s
[   472] loss=-2.3491 | res=9.65e-03 | grad=2.82e-01 | 1.0s
[   473] loss=-2.3562 | res=9.42e-03 | grad=6.51e-01 | 1.0s
[   474] loss=-2.2916 | res=8.98e-03 | grad=2.78e-01 | 1.0s
[   475] loss=-2.4050 | res=7.59e-03 | grad=3.42e-01 | 1.0s
[   476] loss=-2.4362 | res=6.55e-03 | grad=3.43e-01 | 1.0s
[   477] loss=-2.2133 | res=8.02e-03 | grad=3.63e-01 | 1.0s
[   478] loss=-2.3493 | res=7.43e-03 | grad=5.31e-01 | 1.0s
[   479] loss=-2.6053 | res=7.27e-03 | grad=3.19e-01 | 1.0s
[   480] loss=-2.2607 | res=7.51e-03 | grad=5.41e-01 | 1.0s
[   481] loss=-2.3196 | res=8.95e-03 | grad=2.52e-01 | 1.0s
[   482] loss=-2.3702 | res=1.05e-02 | grad=2.05e-01 | 1.0s
[   483] loss=-2.4313 | res=1.00e-02 | grad=3.40e-01 | 1.0s
[   484] loss=-2.2825 | res=7.69e-03 | grad=3.26e-01 | 1.0s
[   485] loss=-2.2348 | res=7.56e-03 | grad=6.61e-01 | 1.0s
[   486] loss=-2.4015 | res=8.43e-03 | grad=3.36e-01 | 1.0s
[   487] loss=-2.4081 | res=6.03e-03 | grad=3.30e-01 | 1.0s
[   488] loss=-2.3300 | res=7.03e-03 | grad=3.78e-01 | 1.0s
[   489] loss=-2.3089 | res=6.03e-03 | grad=6.04e-01 | 1.0s
[   490] loss=-2.1912 | res=6.07e-03 | grad=4.67e-01 | 1.0s
[   491] loss=-2.4990 | res=7.74e-03 | grad=2.76e-01 | 1.0s
[   492] loss=-2.4455 | res=6.76e-03 | grad=1.30e-01 | 1.0s
[   493] loss=-2.2982 | res=9.56e-03 | grad=3.17e-01 | 1.0s
[   494] loss=-2.4712 | res=1.26e-02 | grad=2.57e-01 | 1.0s
[   495] loss=-2.3168 | res=5.14e-03 | grad=4.53e-01 | 1.0s
[   496] loss=-2.4572 | res=7.58e-03 | grad=1.98e-01 | 1.0s
[   497] loss=-2.2935 | res=8.15e-03 | grad=4.16e-01 | 1.0s
[   498] loss=-2.4163 | res=8.15e-03 | grad=2.24e-01 | 1.0s
[   499] loss=-2.4281 | res=1.16e-02 | grad=4.14e-01 | 1.0s
[   500] loss=-2.3238 | res=9.54e-03 | grad=2.92e-01 | 1.0s
[   501] loss=-2.3105 | res=1.00e-02 | grad=2.67e-01 | 1.0s
[   502] loss=-2.2218 | res=8.59e-03 | grad=4.50e-01 | 1.0s
[   503] loss=-2.4801 | res=9.61e-03 | grad=5.98e-01 | 1.0s
[   504] loss=-2.2262 | res=5.95e-03 | grad=5.13e-01 | 1.0s
[   505] loss=-2.4063 | res=6.40e-03 | grad=1.98e-01 | 1.0s
[   506] loss=-2.4037 | res=8.84e-03 | grad=1.39e-01 | 1.0s
[   507] loss=-2.3480 | res=7.39e-03 | grad=5.07e-01 | 1.0s
[   508] loss=-2.3724 | res=1.20e-02 | grad=5.86e-01 | 1.0s
[   509] loss=-2.2236 | res=1.25e-02 | grad=5.52e-01 | 1.0s
[   510] loss=-2.3343 | res=8.51e-03 | grad=3.37e-01 | 1.0s
[   511] loss=-2.3014 | res=6.44e-03 | grad=8.59e-01 | 1.0s
[   512] loss=-2.3227 | res=1.14e-02 | grad=3.32e-01 | 1.0s
[   513] loss=-2.3024 | res=8.81e-03 | grad=9.39e-01 | 1.0s
[   514] loss=-2.3217 | res=1.05e-02 | grad=2.19e-01 | 1.0s
[   515] loss=-2.1005 | res=1.04e-02 | grad=4.64e-01 | 1.0s
[   516] loss=-2.2275 | res=9.43e-03 | grad=5.28e-01 | 1.0s
[   517] loss=-2.3907 | res=9.91e-03 | grad=4.77e-01 | 1.0s
[   518] loss=-2.3956 | res=1.06e-02 | grad=3.61e-01 | 1.0s
[   519] loss=-2.4420 | res=7.08e-03 | grad=6.40e-01 | 1.0s
[   520] loss=-2.2145 | res=8.17e-03 | grad=6.53e-01 | 1.0s
[   521] loss=-2.0835 | res=1.01e-02 | grad=7.92e-01 | 1.0s
[   522] loss=-2.3522 | res=9.66e-03 | grad=5.74e-01 | 1.0s
[   523] loss=-2.3069 | res=8.70e-03 | grad=3.34e-01 | 1.0s
[   524] loss=-2.1443 | res=1.21e-02 | grad=5.81e-01 | 1.0s
[   525] loss=-2.1833 | res=6.14e-03 | grad=3.92e-01 | 1.0s
[   526] loss=-2.4187 | res=7.13e-03 | grad=4.51e-01 | 1.0s
[   527] loss=-2.2706 | res=1.14e-02 | grad=4.33e-01 | 1.0s
[   528] loss=-2.3773 | res=1.05e-02 | grad=5.34e-01 | 1.0s
[   529] loss=-2.3478 | res=6.22e-03 | grad=3.71e-01 | 1.0s
[   530] loss=-2.2723 | res=9.52e-03 | grad=6.71e-01 | 1.0s
[   531] loss=-2.2207 | res=5.87e-03 | grad=2.10e-01 | 1.0s
[   532] loss=-2.5330 | res=7.23e-03 | grad=5.89e-01 | 1.0s
[   533] loss=-2.4988 | res=7.81e-03 | grad=5.14e-01 | 1.0s
[   534] loss=-2.2887 | res=8.31e-03 | grad=6.15e-01 | 1.0s
[   535] loss=-2.3109 | res=6.95e-03 | grad=3.60e-01 | 1.0s
[   536] loss=-2.2347 | res=6.12e-03 | grad=6.27e-01 | 1.0s
[   537] loss=-2.3436 | res=9.96e-03 | grad=6.50e-01 | 1.0s
[   538] loss=-2.3193 | res=9.89e-03 | grad=5.96e-01 | 1.0s
[   539] loss=-2.0753 | res=8.15e-03 | grad=4.58e-01 | 1.0s
[   540] loss=-2.3727 | res=6.69e-03 | grad=4.27e-01 | 1.0s
[   541] loss=-2.4006 | res=8.99e-03 | grad=2.91e-01 | 1.0s
[   542] loss=-2.2553 | res=4.89e-03 | grad=5.10e-01 | 1.0s
[   543] loss=-2.3812 | res=9.43e-03 | grad=6.30e-01 | 1.0s
[   544] loss=-2.4246 | res=1.02e-02 | grad=3.83e-01 | 1.0s
[   545] loss=-2.3195 | res=5.88e-03 | grad=4.57e-01 | 1.0s
[   546] loss=-2.3336 | res=4.52e-03 | grad=5.79e-01 | 1.0s
[   547] loss=-2.3003 | res=7.55e-03 | grad=4.23e-01 | 1.0s
[   548] loss=-2.2058 | res=6.40e-03 | grad=5.20e-01 | 1.0s
[   549] loss=-2.4034 | res=7.21e-03 | grad=1.05e-01 | 1.0s
[   550] loss=-2.4386 | res=7.31e-03 | grad=4.93e-01 | 1.0s
[   551] loss=-2.2498 | res=7.47e-03 | grad=6.32e-01 | 1.0s
[   552] loss=-2.3937 | res=9.66e-03 | grad=3.26e-01 | 1.0s
[   553] loss=-2.3778 | res=6.21e-03 | grad=2.58e-01 | 1.0s
[   554] loss=-2.1994 | res=7.52e-03 | grad=3.16e-01 | 1.0s
[   555] loss=-2.3495 | res=6.31e-03 | grad=9.06e-02 | 1.0s
[   556] loss=-2.3327 | res=6.45e-03 | grad=6.98e-01 | 1.0s
[   557] loss=-2.3503 | res=7.35e-03 | grad=4.10e-01 | 1.0s
[   558] loss=-2.1229 | res=6.62e-03 | grad=5.86e-01 | 1.0s
[   559] loss=-2.4331 | res=7.35e-03 | grad=3.21e-01 | 1.0s
[   560] loss=-2.0443 | res=9.30e-03 | grad=3.32e-01 | 1.0s
[   561] loss=-2.0682 | res=7.54e-03 | grad=3.11e-01 | 1.0s
[   562] loss=-2.3229 | res=7.02e-03 | grad=4.99e-01 | 1.0s
[   563] loss=-2.2434 | res=5.76e-03 | grad=8.44e-01 | 1.0s
[   564] loss=-2.2485 | res=7.96e-03 | grad=6.72e-01 | 1.0s
[   565] loss=-2.3771 | res=7.79e-03 | grad=6.61e-01 | 1.0s
[   566] loss=-2.2316 | res=6.31e-03 | grad=2.51e-01 | 1.0s
[   567] loss=-2.2314 | res=1.03e-02 | grad=3.44e-01 | 1.0s
[   568] loss=-2.4064 | res=9.43e-03 | grad=5.74e-01 | 1.0s
[   569] loss=-2.2606 | res=6.54e-03 | grad=5.00e-01 | 1.0s
[   570] loss=-2.3976 | res=8.04e-03 | grad=4.02e-01 | 1.0s
[   571] loss=-2.2722 | res=7.70e-03 | grad=5.24e-01 | 1.0s
[   572] loss=-2.3993 | res=6.59e-03 | grad=6.35e-01 | 1.0s
[   573] loss=-2.1917 | res=6.61e-03 | grad=3.68e-01 | 1.0s
[   574] loss=-2.2512 | res=9.30e-03 | grad=7.92e-01 | 1.0s
[   575] loss=-2.1593 | res=9.65e-03 | grad=5.49e-01 | 1.0s
[   576] loss=-2.3753 | res=7.84e-03 | grad=5.22e-01 | 1.0s
[   577] loss=-2.4690 | res=1.04e-02 | grad=4.39e-01 | 1.0s
[   578] loss=-2.2368 | res=6.59e-03 | grad=4.54e-01 | 1.0s
[   579] loss=-2.2344 | res=7.08e-03 | grad=2.45e-01 | 1.0s
[   580] loss=-2.4334 | res=5.58e-03 | grad=2.46e-01 | 1.0s
[   581] loss=-2.3371 | res=7.86e-03 | grad=4.83e-01 | 1.0s
[   582] loss=-2.2309 | res=7.64e-03 | grad=6.32e-01 | 1.0s
[   583] loss=-2.4006 | res=8.25e-03 | grad=4.39e-01 | 1.0s
[   584] loss=-2.1000 | res=7.28e-03 | grad=3.71e-01 | 1.0s
[   585] loss=-2.3281 | res=6.34e-03 | grad=4.00e-01 | 1.0s
[   586] loss=-2.2531 | res=7.20e-03 | grad=4.32e-01 | 1.0s
[   587] loss=-2.4342 | res=4.39e-03 | grad=4.37e-01 | 1.0s
[   588] loss=-2.3572 | res=6.77e-03 | grad=5.28e-01 | 1.0s
[   589] loss=-2.2321 | res=7.22e-03 | grad=2.99e-01 | 1.0s
[   590] loss=-2.3210 | res=7.31e-03 | grad=4.64e-01 | 1.0s
[   591] loss=-2.5015 | res=7.54e-03 | grad=2.69e-01 | 1.0s
[   592] loss=-2.4624 | res=8.77e-03 | grad=5.96e-01 | 1.0s
[   593] loss=-2.4605 | res=7.83e-03 | grad=2.01e-01 | 1.0s
[   594] loss=-2.0849 | res=6.67e-03 | grad=7.98e-01 | 1.0s
[   595] loss=-2.3846 | res=1.01e-02 | grad=3.32e-01 | 1.0s
[   596] loss=-2.2557 | res=6.25e-03 | grad=4.20e-01 | 1.0s
[   597] loss=-2.3892 | res=7.31e-03 | grad=3.89e-01 | 1.0s
[   598] loss=-2.3059 | res=7.16e-03 | grad=1.96e-01 | 1.0s
[   599] loss=-2.4045 | res=8.10e-03 | grad=3.11e-01 | 1.0s
[   600] loss=-2.4523 | res=9.29e-03 | grad=3.91e-01 | 1.0s
[   601] loss=-2.3753 | res=9.92e-03 | grad=3.39e-01 | 1.0s
[   602] loss=-2.1963 | res=5.85e-03 | grad=5.17e-01 | 1.0s
[   603] loss=-2.3301 | res=7.55e-03 | grad=3.90e-01 | 1.0s
[   604] loss=-2.3093 | res=8.55e-03 | grad=3.00e-01 | 1.0s
[   605] loss=-2.3240 | res=1.19e-02 | grad=5.70e-01 | 1.0s
[   606] loss=-2.2918 | res=4.95e-03 | grad=6.24e-01 | 1.0s
[   607] loss=-2.3068 | res=9.09e-03 | grad=5.66e-01 | 1.0s
[   608] loss=-2.1400 | res=7.49e-03 | grad=5.73e-01 | 1.0s
[   609] loss=-2.2668 | res=5.91e-03 | grad=6.28e-01 | 1.0s
[   610] loss=-2.3363 | res=6.72e-03 | grad=3.51e-01 | 1.0s
[   611] loss=-2.2259 | res=7.77e-03 | grad=5.82e-01 | 1.0s
[   612] loss=-2.3197 | res=4.30e-03 | grad=3.55e-01 | 1.0s
[   613] loss=-2.2582 | res=7.56e-03 | grad=5.77e-01 | 1.0s
[   614] loss=-2.4578 | res=7.49e-03 | grad=4.32e-01 | 1.0s
[   615] loss=-2.3816 | res=6.61e-03 | grad=6.77e-01 | 1.0s
[   616] loss=-2.3453 | res=7.48e-03 | grad=5.45e-01 | 1.0s
[   617] loss=-2.3566 | res=7.47e-03 | grad=3.56e-01 | 1.0s
[   618] loss=-2.3799 | res=7.42e-03 | grad=3.74e-01 | 1.0s
[   619] loss=-2.3238 | res=8.56e-03 | grad=4.61e-01 | 1.0s
[   620] loss=-2.2400 | res=8.29e-03 | grad=5.27e-01 | 1.0s
[   621] loss=-2.1761 | res=9.67e-03 | grad=6.04e-01 | 1.0s
[   622] loss=-2.1559 | res=7.19e-03 | grad=5.92e-01 | 1.0s
[   623] loss=-2.3473 | res=8.42e-03 | grad=2.97e-01 | 1.0s
[   624] loss=-2.3511 | res=6.42e-03 | grad=3.13e-01 | 1.0s
[   625] loss=-2.1142 | res=5.67e-03 | grad=2.86e-01 | 1.0s
[   626] loss=-2.3297 | res=7.75e-03 | grad=6.53e-01 | 1.0s
[   627] loss=-2.3713 | res=7.99e-03 | grad=4.17e-01 | 1.0s
[   628] loss=-2.2480 | res=6.19e-03 | grad=4.79e-01 | 1.0s
[   629] loss=-2.1775 | res=8.04e-03 | grad=7.29e-01 | 1.0s
[   630] loss=-2.5296 | res=8.78e-03 | grad=1.03e+00 | 1.0s
[   631] loss=-2.3493 | res=5.92e-03 | grad=5.67e-01 | 1.0s
[   632] loss=-2.4230 | res=6.67e-03 | grad=2.37e-01 | 1.0s
[   633] loss=-2.0935 | res=8.56e-03 | grad=1.03e+00 | 1.0s
[   634] loss=-2.2528 | res=3.70e-03 | grad=6.02e-01 | 1.0s
[   635] loss=-2.3504 | res=7.00e-03 | grad=5.99e-01 | 1.0s
[   636] loss=-2.4106 | res=7.24e-03 | grad=2.80e-01 | 1.0s
[   637] loss=-2.3063 | res=9.04e-03 | grad=2.38e-01 | 1.0s
[   638] loss=-2.2721 | res=5.87e-03 | grad=7.28e-01 | 1.0s
[   639] loss=-2.1731 | res=7.24e-03 | grad=5.41e-01 | 1.0s
[   640] loss=-2.1593 | res=5.90e-03 | grad=1.40e-01 | 1.0s
[   641] loss=-2.3547 | res=5.02e-03 | grad=4.69e-01 | 1.0s
[   642] loss=-2.4609 | res=6.11e-03 | grad=5.95e-01 | 1.0s
[   643] loss=-2.1746 | res=5.38e-03 | grad=5.38e-01 | 1.0s
[   644] loss=-2.3392 | res=4.08e-03 | grad=5.88e-01 | 1.0s
[   645] loss=-2.3603 | res=7.91e-03 | grad=6.02e-01 | 1.0s
[   646] loss=-2.2513 | res=6.86e-03 | grad=3.99e-01 | 1.0s
[   647] loss=-2.1377 | res=4.08e-03 | grad=2.90e-01 | 1.0s
[   648] loss=-2.3589 | res=7.21e-03 | grad=4.43e-01 | 1.0s
[   649] loss=-2.3268 | res=9.24e-03 | grad=2.43e-01 | 1.0s
[   650] loss=-2.3261 | res=8.10e-03 | grad=1.84e-01 | 1.0s
[   651] loss=-2.3461 | res=5.82e-03 | grad=3.85e-01 | 1.0s
[   652] loss=-2.4517 | res=8.54e-03 | grad=5.10e-01 | 1.0s
[   653] loss=-2.4222 | res=9.44e-03 | grad=4.54e-01 | 1.0s
[   654] loss=-2.1218 | res=7.54e-03 | grad=8.65e-01 | 1.0s
[   655] loss=-2.2475 | res=6.66e-03 | grad=6.72e-01 | 1.0s
[   656] loss=-2.4047 | res=1.05e-02 | grad=4.09e-01 | 1.0s
[   657] loss=-2.3207 | res=7.74e-03 | grad=6.53e-01 | 1.0s
[   658] loss=-2.3148 | res=4.58e-03 | grad=5.84e-01 | 1.0s
[   659] loss=-2.1744 | res=8.57e-03 | grad=1.69e-01 | 1.0s
[   660] loss=-2.3661 | res=6.50e-03 | grad=6.48e-01 | 1.0s
[   661] loss=-2.2707 | res=4.89e-03 | grad=3.96e-01 | 1.0s
[   662] loss=-2.2922 | res=6.42e-03 | grad=3.90e-01 | 1.0s
[   663] loss=-2.4396 | res=6.82e-03 | grad=4.84e-01 | 1.0s
[   664] loss=-2.2427 | res=6.14e-03 | grad=3.17e-01 | 1.0s
[   665] loss=-2.2498 | res=7.73e-03 | grad=3.29e-01 | 1.0s
[   666] loss=-2.1349 | res=6.77e-03 | grad=4.08e-01 | 1.0s
[   667] loss=-2.3455 | res=7.52e-03 | grad=1.78e-01 | 1.0s
[   668] loss=-2.4218 | res=5.07e-03 | grad=4.02e-01 | 1.0s
[   669] loss=-2.2657 | res=4.45e-03 | grad=3.00e-01 | 1.0s
[   670] loss=-2.2641 | res=8.31e-03 | grad=4.08e-01 | 1.0s
[   671] loss=-2.4152 | res=7.67e-03 | grad=2.58e-01 | 1.0s
[   672] loss=-2.2665 | res=6.09e-03 | grad=7.05e-01 | 1.0s
[   673] loss=-2.2878 | res=8.12e-03 | grad=3.54e-01 | 1.0s
[   674] loss=-2.4926 | res=7.12e-03 | grad=3.75e-01 | 1.0s
[   675] loss=-2.3029 | res=6.93e-03 | grad=3.09e-01 | 1.0s
[   676] loss=-2.2338 | res=6.64e-03 | grad=1.59e-01 | 1.0s
[   677] loss=-2.1512 | res=6.00e-03 | grad=5.30e-01 | 1.0s
[   678] loss=-2.4353 | res=7.59e-03 | grad=2.45e-01 | 1.0s
[   679] loss=-2.2567 | res=6.47e-03 | grad=3.48e-01 | 1.0s
[   680] loss=-2.2454 | res=5.68e-03 | grad=2.89e-01 | 1.0s
[   681] loss=-2.1759 | res=1.01e-02 | grad=3.90e-01 | 1.0s
[   682] loss=-2.4161 | res=5.79e-03 | grad=5.46e-01 | 1.0s
[   683] loss=-2.3681 | res=4.33e-03 | grad=3.12e-01 | 1.0s
[   684] loss=-2.5317 | res=6.62e-03 | grad=6.93e-01 | 1.0s
[   685] loss=-2.2550 | res=7.27e-03 | grad=2.47e-01 | 1.0s
[   686] loss=-2.5069 | res=6.68e-03 | grad=5.13e-01 | 1.0s
[   687] loss=-2.4965 | res=5.02e-03 | grad=7.67e-01 | 1.0s
[   688] loss=-2.3350 | res=8.41e-03 | grad=3.35e-01 | 1.0s
[   689] loss=-2.3589 | res=6.95e-03 | grad=3.40e-01 | 1.0s
[   690] loss=-2.5050 | res=5.35e-03 | grad=5.53e-01 | 1.0s
[   691] loss=-2.3065 | res=9.32e-03 | grad=3.82e-01 | 1.0s
[   692] loss=-2.4261 | res=1.07e-02 | grad=3.07e-01 | 1.0s
[   693] loss=-2.1718 | res=7.37e-03 | grad=5.36e-01 | 1.0s
[   694] loss=-2.4535 | res=1.01e-02 | grad=1.73e-01 | 1.0s
[   695] loss=-2.3151 | res=6.04e-03 | grad=3.30e-01 | 1.0s
[   696] loss=-2.2543 | res=8.14e-03 | grad=4.15e-01 | 1.0s
[   697] loss=-2.3252 | res=4.90e-03 | grad=4.04e-01 | 1.0s
[   698] loss=-2.3818 | res=7.50e-03 | grad=3.61e-01 | 1.0s
[   699] loss=-2.4823 | res=5.32e-03 | grad=6.42e-01 | 1.0s
[   700] loss=-2.4065 | res=7.71e-03 | grad=5.70e-01 | 1.0s
[   701] loss=-2.4843 | res=9.04e-03 | grad=6.74e-01 | 1.0s
[   702] loss=-2.2950 | res=6.73e-03 | grad=1.42e-01 | 1.0s
[   703] loss=-2.1550 | res=6.09e-03 | grad=4.67e-01 | 1.0s
[   704] loss=-2.4153 | res=5.52e-03 | grad=1.80e-01 | 1.0s
[   705] loss=-2.3273 | res=9.22e-03 | grad=5.75e-01 | 1.0s
[   706] loss=-2.2013 | res=6.19e-03 | grad=5.22e-01 | 1.0s
[   707] loss=-2.3124 | res=8.85e-03 | grad=3.52e-01 | 1.0s
[   708] loss=-2.1535 | res=6.17e-03 | grad=2.25e-01 | 1.0s
[   709] loss=-2.2380 | res=5.59e-03 | grad=3.19e-01 | 1.0s
[   710] loss=-2.2823 | res=7.64e-03 | grad=2.39e-01 | 1.0s
[   711] loss=-2.1232 | res=5.30e-03 | grad=3.96e-01 | 1.0s
[   712] loss=-2.3193 | res=5.48e-03 | grad=9.29e-01 | 1.0s
[   713] loss=-2.3887 | res=4.02e-03 | grad=6.62e-01 | 1.0s
[   714] loss=-2.3716 | res=7.93e-03 | grad=7.13e-01 | 1.0s
[   715] loss=-2.3187 | res=6.49e-03 | grad=4.29e-01 | 1.0s
[   716] loss=-2.3502 | res=7.99e-03 | grad=4.57e-01 | 1.0s
[   717] loss=-2.2253 | res=5.25e-03 | grad=4.56e-01 | 1.0s
[   718] loss=-2.3284 | res=6.43e-03 | grad=1.55e-01 | 1.0s
[   719] loss=-2.2682 | res=6.89e-03 | grad=3.18e-01 | 1.0s
[   720] loss=-2.1333 | res=7.49e-03 | grad=3.25e-01 | 1.0s
[   721] loss=-2.1566 | res=1.06e-02 | grad=9.13e-01 | 1.0s
[   722] loss=-2.3668 | res=7.26e-03 | grad=2.73e-01 | 1.0s
[   723] loss=-2.2581 | res=8.99e-03 | grad=1.07e-01 | 1.0s
[   724] loss=-2.5644 | res=6.54e-03 | grad=7.82e-01 | 1.0s
[   725] loss=-2.4072 | res=5.52e-03 | grad=4.14e-01 | 1.0s
[   726] loss=-2.4193 | res=4.42e-03 | grad=3.58e-01 | 1.0s
[   727] loss=-2.3473 | res=5.36e-03 | grad=1.66e-01 | 1.0s
[   728] loss=-2.5655 | res=6.03e-03 | grad=5.49e-01 | 1.0s
[   729] loss=-2.4623 | res=5.06e-03 | grad=2.75e-01 | 1.0s
[   730] loss=-2.3598 | res=8.16e-03 | grad=2.28e-01 | 1.0s
[   731] loss=-2.2149 | res=6.04e-03 | grad=7.66e-01 | 1.0s
[   732] loss=-2.3644 | res=7.03e-03 | grad=3.72e-01 | 1.0s
[   733] loss=-2.4137 | res=8.75e-03 | grad=3.49e-01 | 1.0s
[   734] loss=-2.5593 | res=5.99e-03 | grad=5.09e-01 | 1.0s
[   735] loss=-2.1205 | res=8.18e-03 | grad=6.87e-01 | 1.0s
[   736] loss=-2.2120 | res=9.53e-03 | grad=4.68e-01 | 1.0s
[   737] loss=-2.2944 | res=6.59e-03 | grad=5.78e-01 | 1.0s
[   738] loss=-2.3170 | res=7.51e-03 | grad=4.81e-01 | 1.0s
[   739] loss=-2.2325 | res=4.27e-03 | grad=2.98e-01 | 1.0s
[   740] loss=-2.0933 | res=6.50e-03 | grad=3.52e-01 | 1.0s
[   741] loss=-2.1409 | res=8.42e-03 | grad=4.14e-01 | 1.0s
[   742] loss=-2.2675 | res=6.41e-03 | grad=3.22e-01 | 1.0s
[   743] loss=-2.2505 | res=7.44e-03 | grad=2.91e-01 | 1.0s
[   744] loss=-2.4009 | res=7.57e-03 | grad=6.77e-01 | 1.0s
[   745] loss=-2.4942 | res=1.02e-02 | grad=7.24e-01 | 1.0s
[   746] loss=-2.2807 | res=7.46e-03 | grad=2.93e-01 | 1.0s
[   747] loss=-2.5229 | res=5.31e-03 | grad=6.89e-01 | 1.0s
[   748] loss=-2.2188 | res=4.99e-03 | grad=3.13e-01 | 1.0s
[   749] loss=-2.2852 | res=5.70e-03 | grad=3.32e-01 | 1.0s
[   750] loss=-2.2715 | res=9.53e-03 | grad=2.99e-01 | 1.0s
[   751] loss=-2.1980 | res=3.22e-03 | grad=2.81e-01 | 1.0s
[   752] loss=-2.1889 | res=5.20e-03 | grad=5.52e-01 | 1.0s
[   753] loss=-2.2849 | res=6.51e-03 | grad=4.53e-01 | 1.0s
[   754] loss=-2.3592 | res=7.42e-03 | grad=4.69e-01 | 1.0s
[   755] loss=-2.4186 | res=6.31e-03 | grad=6.37e-01 | 1.0s
[   756] loss=-2.2398 | res=6.69e-03 | grad=5.46e-01 | 1.0s
[   757] loss=-2.4572 | res=6.61e-03 | grad=4.04e-01 | 1.0s
[   758] loss=-2.3160 | res=7.68e-03 | grad=5.63e-01 | 1.0s
[   759] loss=-2.4056 | res=7.89e-03 | grad=4.31e-01 | 1.0s
[   760] loss=-2.3835 | res=5.31e-03 | grad=3.60e-01 | 1.0s
[   761] loss=-2.5407 | res=8.54e-03 | grad=5.88e-01 | 1.0s
[   762] loss=-2.5213 | res=7.12e-03 | grad=5.68e-01 | 1.0s
[   763] loss=-2.5587 | res=6.47e-03 | grad=4.03e-01 | 1.0s
[   764] loss=-2.3788 | res=8.63e-03 | grad=8.17e-01 | 1.0s
[   765] loss=-2.2395 | res=8.00e-03 | grad=5.95e-01 | 1.0s
[   766] loss=-2.3066 | res=7.73e-03 | grad=7.87e-01 | 1.0s
[   767] loss=-2.4360 | res=7.23e-03 | grad=4.21e-01 | 1.0s
[   768] loss=-2.3423 | res=8.00e-03 | grad=4.31e-01 | 1.0s
[   769] loss=-2.0484 | res=6.14e-03 | grad=5.59e-01 | 1.0s
[   770] loss=-2.3579 | res=5.56e-03 | grad=4.32e-01 | 1.0s
[   771] loss=-2.3909 | res=6.54e-03 | grad=6.14e-01 | 1.0s
[   772] loss=-2.3258 | res=6.87e-03 | grad=6.12e-01 | 1.0s
[   773] loss=-2.4475 | res=4.76e-03 | grad=6.76e-01 | 1.0s
[   774] loss=-2.4578 | res=7.84e-03 | grad=7.06e-01 | 1.0s
[   775] loss=-2.3772 | res=6.55e-03 | grad=5.93e-01 | 1.0s
[   776] loss=-2.3121 | res=5.10e-03 | grad=5.09e-01 | 1.0s
[   777] loss=-2.4191 | res=7.16e-03 | grad=2.30e-01 | 1.0s
[   778] loss=-2.3045 | res=6.42e-03 | grad=4.06e-01 | 1.0s
[   779] loss=-2.1179 | res=4.81e-03 | grad=9.16e-01 | 1.0s
[   780] loss=-2.2959 | res=7.27e-03 | grad=5.29e-01 | 1.0s
[   781] loss=-2.2724 | res=6.75e-03 | grad=7.45e-01 | 1.0s
[   782] loss=-2.1886 | res=7.34e-03 | grad=6.47e-01 | 1.0s
[   783] loss=-2.5083 | res=6.25e-03 | grad=4.43e-01 | 1.0s
[   784] loss=-2.0348 | res=6.77e-03 | grad=3.37e-01 | 1.0s
[   785] loss=-2.4042 | res=4.36e-03 | grad=5.85e-01 | 1.0s
[   786] loss=-2.1579 | res=7.64e-03 | grad=6.08e-01 | 1.0s
[   787] loss=-2.0469 | res=6.48e-03 | grad=5.63e-01 | 1.0s
[   788] loss=-2.3463 | res=6.38e-03 | grad=1.02e+00 | 1.0s
[   789] loss=-2.0506 | res=6.84e-03 | grad=4.17e-01 | 1.0s
[   790] loss=-2.3400 | res=5.46e-03 | grad=5.31e-01 | 1.0s
[   791] loss=-2.3756 | res=6.65e-03 | grad=3.61e-01 | 1.0s
[   792] loss=-2.2722 | res=5.90e-03 | grad=4.63e-01 | 1.0s
[   793] loss=-2.2377 | res=8.16e-03 | grad=5.77e-01 | 1.0s
[   794] loss=-2.1206 | res=6.32e-03 | grad=5.24e-01 | 1.0s
[   795] loss=-2.3221 | res=7.11e-03 | grad=6.33e-01 | 1.0s
[   796] loss=-2.3705 | res=5.48e-03 | grad=3.77e-01 | 1.0s
[   797] loss=-2.1365 | res=8.53e-03 | grad=5.09e-01 | 1.0s
[   798] loss=-2.1273 | res=8.48e-03 | grad=6.23e-01 | 1.0s
[   799] loss=-2.2109 | res=5.77e-03 | grad=4.36e-01 | 1.0s
[   800] loss=-2.4409 | res=7.90e-03 | grad=4.04e-01 | 1.0s
[   801] loss=-2.2879 | res=6.55e-03 | grad=5.01e-01 | 1.0s
[   802] loss=-2.3933 | res=7.91e-03 | grad=5.54e-01 | 1.0s
[   803] loss=-2.2049 | res=6.56e-03 | grad=2.93e-01 | 1.0s
[   804] loss=-2.3809 | res=5.37e-03 | grad=6.33e-01 | 1.0s
[   805] loss=-2.2298 | res=4.47e-03 | grad=5.53e-01 | 1.0s
[   806] loss=-2.5761 | res=6.78e-03 | grad=7.07e-01 | 1.0s
[   807] loss=-2.2957 | res=7.87e-03 | grad=3.90e-01 | 1.0s
[   808] loss=-2.2270 | res=5.52e-03 | grad=7.26e-01 | 1.0s
[   809] loss=-2.3487 | res=6.50e-03 | grad=6.47e-01 | 1.0s
[   810] loss=-2.3738 | res=8.01e-03 | grad=5.64e-01 | 1.0s
[   811] loss=-2.4926 | res=7.69e-03 | grad=4.64e-01 | 1.0s
[   812] loss=-2.2180 | res=4.91e-03 | grad=4.33e-01 | 1.0s
[   813] loss=-2.1897 | res=7.53e-03 | grad=5.69e-01 | 1.0s
[   814] loss=-2.3943 | res=4.42e-03 | grad=2.97e-01 | 1.0s
[   815] loss=-2.3589 | res=4.93e-03 | grad=2.18e-01 | 1.0s
[   816] loss=-2.3793 | res=5.67e-03 | grad=7.23e-01 | 1.0s
[   817] loss=-2.1081 | res=4.59e-03 | grad=4.39e-01 | 1.0s
[   818] loss=-2.1487 | res=6.29e-03 | grad=3.51e-01 | 1.0s
[   819] loss=-2.2212 | res=6.19e-03 | grad=6.29e-01 | 1.0s
[   820] loss=-2.2247 | res=6.17e-03 | grad=2.29e-01 | 1.0s
[   821] loss=-2.1386 | res=6.19e-03 | grad=2.08e-01 | 1.0s
[   822] loss=-2.3495 | res=7.22e-03 | grad=7.33e-01 | 1.0s
[   823] loss=-2.3239 | res=1.02e-02 | grad=3.71e-01 | 1.0s
[   824] loss=-2.1498 | res=5.40e-03 | grad=4.09e-01 | 1.0s
[   825] loss=-2.3865 | res=8.35e-03 | grad=6.48e-01 | 1.0s
[   826] loss=-2.2538 | res=6.35e-03 | grad=2.69e-01 | 1.0s
[   827] loss=-2.2367 | res=8.51e-03 | grad=2.02e-01 | 1.0s
[   828] loss=-2.4030 | res=4.66e-03 | grad=7.11e-01 | 1.0s
[   829] loss=-2.3094 | res=7.26e-03 | grad=1.53e-01 | 1.0s
[   830] loss=-2.6624 | res=6.95e-03 | grad=4.57e-01 | 1.0s
[   831] loss=-2.3689 | res=6.41e-03 | grad=4.23e-01 | 1.0s
[   832] loss=-2.3851 | res=8.09e-03 | grad=4.45e-01 | 1.0s
[   833] loss=-2.3607 | res=7.39e-03 | grad=5.57e-01 | 1.0s
[   834] loss=-2.1828 | res=5.60e-03 | grad=8.45e-01 | 1.0s
[   835] loss=-2.4271 | res=6.12e-03 | grad=4.42e-01 | 1.0s
[   836] loss=-2.3627 | res=4.93e-03 | grad=4.59e-01 | 1.0s
[   837] loss=-2.5143 | res=6.68e-03 | grad=4.77e-01 | 1.0s
[   838] loss=-2.3012 | res=6.13e-03 | grad=4.42e-01 | 1.0s
[   839] loss=-2.2209 | res=6.19e-03 | grad=3.78e-01 | 1.0s
[   840] loss=-2.3510 | res=6.11e-03 | grad=2.21e-01 | 1.0s
[   841] loss=-2.5078 | res=5.82e-03 | grad=7.34e-01 | 1.0s
[   842] loss=-2.3215 | res=6.40e-03 | grad=2.78e-01 | 1.0s
[   843] loss=-2.2417 | res=5.22e-03 | grad=5.78e-01 | 1.0s
[   844] loss=-2.3381 | res=5.41e-03 | grad=3.14e-01 | 1.0s
[   845] loss=-2.3908 | res=6.10e-03 | grad=8.65e-01 | 1.0s
[   846] loss=-2.2220 | res=5.72e-03 | grad=2.78e-01 | 1.0s
[   847] loss=-2.2163 | res=5.79e-03 | grad=4.34e-01 | 1.0s
[   848] loss=-2.2690 | res=6.09e-03 | grad=3.05e-01 | 1.0s
[   849] loss=-2.3570 | res=5.22e-03 | grad=2.68e-01 | 1.0s
[   850] loss=-2.2925 | res=7.10e-03 | grad=5.06e-01 | 1.0s
[   851] loss=-2.4079 | res=6.28e-03 | grad=1.35e-01 | 1.0s
[   852] loss=-2.2170 | res=8.05e-03 | grad=2.98e-01 | 1.0s
[   853] loss=-2.3321 | res=5.76e-03 | grad=2.45e-01 | 1.0s
[   854] loss=-2.1017 | res=8.37e-03 | grad=3.65e-01 | 1.0s
[   855] loss=-2.3221 | res=4.14e-03 | grad=1.86e-01 | 1.0s
[   856] loss=-2.1962 | res=7.10e-03 | grad=2.11e-01 | 1.0s
[   857] loss=-2.2394 | res=5.74e-03 | grad=2.40e-01 | 1.0s
[   858] loss=-2.4484 | res=5.91e-03 | grad=7.96e-01 | 1.0s
[   859] loss=-2.4034 | res=4.82e-03 | grad=3.40e-01 | 1.0s
[   860] loss=-2.3818 | res=8.89e-03 | grad=3.39e-01 | 1.0s
[   861] loss=-2.2981 | res=5.44e-03 | grad=4.46e-01 | 1.0s
[   862] loss=-2.3837 | res=7.66e-03 | grad=1.91e-01 | 1.0s
[   863] loss=-2.4415 | res=6.26e-03 | grad=3.20e-01 | 1.0s
[   864] loss=-2.0612 | res=7.96e-03 | grad=7.29e-01 | 1.0s
[   865] loss=-2.4627 | res=5.94e-03 | grad=2.79e-01 | 1.0s
[   866] loss=-2.4653 | res=5.35e-03 | grad=3.20e-01 | 1.0s
[   867] loss=-2.3145 | res=4.39e-03 | grad=5.01e-01 | 1.0s
[   868] loss=-2.4142 | res=5.93e-03 | grad=3.56e-01 | 1.0s
[   869] loss=-2.1147 | res=5.72e-03 | grad=6.42e-01 | 1.0s
[   870] loss=-2.0766 | res=7.15e-03 | grad=5.93e-01 | 1.0s
[   871] loss=-2.1591 | res=6.32e-03 | grad=3.55e-01 | 1.0s
[   872] loss=-2.3066 | res=4.29e-03 | grad=2.91e-01 | 1.0s
[   873] loss=-2.2556 | res=8.40e-03 | grad=2.65e-01 | 1.0s
[   874] loss=-2.1665 | res=6.89e-03 | grad=3.70e-01 | 1.0s
[   875] loss=-2.2609 | res=7.11e-03 | grad=5.92e-01 | 1.0s
[   876] loss=-2.0909 | res=3.98e-03 | grad=4.38e-01 | 1.0s
[   877] loss=-2.1930 | res=6.09e-03 | grad=6.76e-01 | 1.0s
[   878] loss=-2.2578 | res=5.67e-03 | grad=2.12e-01 | 1.0s
[   879] loss=-2.3213 | res=7.40e-03 | grad=3.03e-01 | 1.0s
[   880] loss=-2.4885 | res=6.86e-03 | grad=9.73e-01 | 1.0s
[   881] loss=-2.1473 | res=5.25e-03 | grad=3.49e-01 | 1.0s
[   882] loss=-2.3099 | res=5.21e-03 | grad=4.57e-01 | 1.0s
[   883] loss=-2.2283 | res=3.79e-03 | grad=6.91e-01 | 1.0s
[   884] loss=-2.2932 | res=5.75e-03 | grad=5.02e-01 | 1.0s
[   885] loss=-2.2405 | res=5.10e-03 | grad=4.88e-01 | 1.0s
[   886] loss=-2.5309 | res=1.07e-02 | grad=2.99e-01 | 1.0s
[   887] loss=-2.4437 | res=4.14e-03 | grad=1.66e-01 | 1.0s
[   888] loss=-2.2170 | res=5.17e-03 | grad=4.51e-01 | 1.0s
[   889] loss=-2.2133 | res=7.01e-03 | grad=4.51e-01 | 1.0s
[   890] loss=-2.3549 | res=7.29e-03 | grad=5.13e-01 | 1.0s
[   891] loss=-2.4164 | res=5.89e-03 | grad=3.05e-01 | 1.0s
[   892] loss=-2.2039 | res=7.81e-03 | grad=2.94e-01 | 1.0s
[   893] loss=-2.1940 | res=6.25e-03 | grad=3.78e-01 | 1.0s
[   894] loss=-2.1617 | res=4.98e-03 | grad=2.18e-01 | 1.0s
[   895] loss=-2.1327 | res=4.85e-03 | grad=3.93e-01 | 1.0s
[   896] loss=-2.2175 | res=4.89e-03 | grad=3.32e-01 | 1.0s
[   897] loss=-2.2567 | res=6.63e-03 | grad=3.83e-01 | 1.0s
[   898] loss=-2.3406 | res=5.11e-03 | grad=4.50e-01 | 1.0s
[   899] loss=-2.2678 | res=7.17e-03 | grad=2.25e-01 | 1.0s
[   900] loss=-2.3165 | res=4.87e-03 | grad=2.81e-01 | 1.0s
[   901] loss=-2.3675 | res=5.90e-03 | grad=3.79e-01 | 1.0s
[   902] loss=-2.3827 | res=6.46e-03 | grad=3.93e-01 | 1.0s
[   903] loss=-2.4497 | res=5.24e-03 | grad=3.36e-01 | 1.0s
[   904] loss=-2.2131 | res=7.31e-03 | grad=5.35e-01 | 1.0s
[   905] loss=-2.1982 | res=8.00e-03 | grad=7.47e-01 | 1.0s
[   906] loss=-2.0583 | res=5.77e-03 | grad=7.14e-01 | 1.0s
[   907] loss=-2.2201 | res=6.30e-03 | grad=5.60e-01 | 1.0s
[   908] loss=-2.3666 | res=4.78e-03 | grad=4.55e-01 | 1.0s
[   909] loss=-2.3356 | res=5.30e-03 | grad=3.25e-01 | 1.0s
[   910] loss=-2.2218 | res=6.96e-03 | grad=3.22e-01 | 1.0s
[   911] loss=-2.1761 | res=7.40e-03 | grad=1.48e-01 | 1.0s
[   912] loss=-2.2340 | res=4.85e-03 | grad=1.97e-01 | 1.0s
[   913] loss=-2.1867 | res=7.61e-03 | grad=4.40e-01 | 1.0s
[   914] loss=-2.2856 | res=5.46e-03 | grad=4.77e-01 | 1.0s
[   915] loss=-2.2878 | res=5.64e-03 | grad=6.63e-01 | 1.0s
[   916] loss=-2.2629 | res=4.45e-03 | grad=4.26e-01 | 1.0s
[   917] loss=-2.1167 | res=4.75e-03 | grad=3.98e-01 | 1.0s
[   918] loss=-2.2628 | res=4.98e-03 | grad=3.82e-01 | 1.0s
[   919] loss=-2.4072 | res=6.81e-03 | grad=3.12e-01 | 1.0s
[   920] loss=-2.3029 | res=6.82e-03 | grad=2.71e-01 | 1.0s
[   921] loss=-2.2730 | res=6.08e-03 | grad=4.99e-01 | 1.0s
[   922] loss=-2.2809 | res=5.57e-03 | grad=5.98e-01 | 1.0s
[   923] loss=-2.2923 | res=5.54e-03 | grad=7.81e-01 | 1.0s
[   924] loss=-2.2381 | res=4.53e-03 | grad=4.16e-01 | 1.0s
[   925] loss=-2.5246 | res=3.40e-03 | grad=4.49e-01 | 1.0s
[   926] loss=-2.4883 | res=5.91e-03 | grad=6.03e-01 | 1.0s
[   927] loss=-2.2845 | res=6.32e-03 | grad=3.36e-01 | 1.0s
[   928] loss=-2.3697 | res=4.17e-03 | grad=5.04e-01 | 1.0s
[   929] loss=-2.3874 | res=6.04e-03 | grad=5.07e-01 | 1.0s
[   930] loss=-2.4274 | res=5.98e-03 | grad=1.65e-01 | 1.0s
[   931] loss=-2.3654 | res=4.95e-03 | grad=3.27e-01 | 1.0s
[   932] loss=-2.2878 | res=5.17e-03 | grad=4.72e-01 | 1.0s
[   933] loss=-2.0801 | res=7.46e-03 | grad=8.97e-01 | 1.0s
[   934] loss=-2.2423 | res=5.31e-03 | grad=7.42e-01 | 1.0s
[   935] loss=-2.1301 | res=6.42e-03 | grad=1.66e-01 | 1.0s
[   936] loss=-2.3868 | res=4.22e-03 | grad=5.73e-01 | 1.0s
[   937] loss=-2.3073 | res=4.84e-03 | grad=4.89e-01 | 1.0s
[   938] loss=-2.1165 | res=4.65e-03 | grad=3.46e-01 | 1.0s
[   939] loss=-2.2910 | res=5.30e-03 | grad=5.82e-01 | 1.0s
[   940] loss=-2.2862 | res=5.56e-03 | grad=5.95e-01 | 1.0s
[   941] loss=-2.3733 | res=4.83e-03 | grad=3.00e-01 | 1.0s
[   942] loss=-2.2725 | res=4.85e-03 | grad=3.52e-01 | 1.0s
[   943] loss=-2.3566 | res=6.48e-03 | grad=2.58e-01 | 1.0s
[   944] loss=-2.3977 | res=5.76e-03 | grad=2.42e-01 | 1.0s
[   945] loss=-2.3880 | res=5.98e-03 | grad=2.14e-01 | 1.0s
[   946] loss=-2.1901 | res=6.35e-03 | grad=5.97e-01 | 1.0s
[   947] loss=-2.2598 | res=7.83e-03 | grad=6.81e-01 | 1.0s
[   948] loss=-2.2479 | res=3.31e-03 | grad=2.84e-01 | 1.0s
[   949] loss=-2.3778 | res=8.17e-03 | grad=2.56e-01 | 1.0s
[   950] loss=-2.1828 | res=7.84e-03 | grad=3.70e-01 | 1.0s
[   951] loss=-2.1956 | res=5.59e-03 | grad=6.45e-01 | 1.0s
[   952] loss=-2.4463 | res=5.00e-03 | grad=6.19e-01 | 1.0s
[   953] loss=-2.4010 | res=6.46e-03 | grad=4.84e-01 | 1.0s
[   954] loss=-2.3533 | res=5.36e-03 | grad=2.67e-01 | 1.0s
[   955] loss=-2.1333 | res=6.57e-03 | grad=4.77e-01 | 1.0s
[   956] loss=-2.2154 | res=5.56e-03 | grad=4.32e-01 | 1.0s
[   957] loss=-2.6194 | res=5.05e-03 | grad=7.81e-01 | 1.0s
[   958] loss=-2.2598 | res=5.31e-03 | grad=3.51e-01 | 1.0s
[   959] loss=-2.2467 | res=6.23e-03 | grad=1.62e-01 | 1.0s
[   960] loss=-2.3204 | res=4.35e-03 | grad=3.84e-01 | 1.0s
[   961] loss=-2.5319 | res=3.61e-03 | grad=5.64e-01 | 1.0s
[   962] loss=-2.3517 | res=7.89e-03 | grad=2.27e-01 | 1.0s
[   963] loss=-2.2845 | res=6.45e-03 | grad=3.76e-01 | 1.0s
[   964] loss=-2.3104 | res=6.68e-03 | grad=3.18e-01 | 1.0s
[   965] loss=-2.3031 | res=6.56e-03 | grad=4.85e-01 | 1.0s
[   966] loss=-2.3513 | res=6.16e-03 | grad=3.38e-01 | 1.0s
[   967] loss=-2.1314 | res=5.92e-03 | grad=4.85e-01 | 1.0s
[   968] loss=-2.3338 | res=5.05e-03 | grad=2.53e-01 | 1.0s
[   969] loss=-2.4331 | res=5.30e-03 | grad=8.51e-01 | 1.0s
[   970] loss=-2.1963 | res=7.18e-03 | grad=5.74e-01 | 1.0s
[   971] loss=-2.4051 | res=5.34e-03 | grad=4.44e-01 | 1.0s
[   972] loss=-2.4452 | res=8.19e-03 | grad=6.14e-01 | 1.0s
[   973] loss=-2.3745 | res=4.33e-03 | grad=3.54e-01 | 1.1s
[   974] loss=-2.1943 | res=7.44e-03 | grad=3.22e-01 | 1.0s
[   975] loss=-2.0248 | res=6.07e-03 | grad=7.98e-01 | 1.1s
[   976] loss=-2.4303 | res=5.19e-03 | grad=2.59e-01 | 1.0s
[   977] loss=-2.2818 | res=5.52e-03 | grad=4.78e-01 | 1.0s
[   978] loss=-2.3231 | res=8.45e-03 | grad=3.06e-01 | 1.0s
[   979] loss=-2.2855 | res=7.20e-03 | grad=2.16e-01 | 1.0s
[   980] loss=-2.3645 | res=6.03e-03 | grad=4.38e-01 | 1.0s
[   981] loss=-2.4007 | res=7.78e-03 | grad=3.95e-01 | 1.0s
[   982] loss=-2.2619 | res=5.73e-03 | grad=5.89e-01 | 1.0s
[   983] loss=-2.1871 | res=6.24e-03 | grad=5.03e-01 | 1.0s
[   984] loss=-2.2506 | res=7.12e-03 | grad=2.20e-01 | 1.0s
[   985] loss=-2.2917 | res=5.02e-03 | grad=3.08e-01 | 1.0s
[   986] loss=-2.3982 | res=5.61e-03 | grad=4.54e-01 | 1.0s
[   987] loss=-2.1101 | res=4.29e-03 | grad=5.58e-01 | 1.0s
[   988] loss=-2.3908 | res=5.86e-03 | grad=1.26e-01 | 1.0s
[   989] loss=-2.3127 | res=7.53e-03 | grad=3.47e-01 | 1.0s
[   990] loss=-2.2181 | res=7.06e-03 | grad=3.68e-01 | 1.0s
[   991] loss=-2.5423 | res=6.08e-03 | grad=3.94e-01 | 1.0s
[   992] loss=-2.3127 | res=6.19e-03 | grad=6.73e-01 | 1.0s
[   993] loss=-2.3467 | res=8.34e-03 | grad=4.62e-01 | 1.0s
[   994] loss=-2.2495 | res=6.41e-03 | grad=3.71e-01 | 1.0s
[   995] loss=-2.4536 | res=6.13e-03 | grad=7.68e-01 | 1.0s
[   996] loss=-2.3884 | res=6.11e-03 | grad=5.26e-01 | 1.0s
[   997] loss=-2.3515 | res=5.90e-03 | grad=3.63e-01 | 1.0s
[   998] loss=-2.4329 | res=6.98e-03 | grad=2.73e-01 | 1.0s
[   999] loss=-2.2385 | res=6.72e-03 | grad=6.85e-01 | 1.0s
[  1000] loss=-2.2315 | res=7.63e-03 | grad=2.75e-01 | 1.0s
    KL = 0.1215
    ESS ratio = 0.951
    Runtime = 1033.5s

  --- Run 2/5 (seed=23456) ---
/home/sjbhatt/anaconda3/envs/rcpms-jax/lib/python3.10/site-packages/jax/_src/ops/scatter.py:92: FutureWarning: scatter inputs have incompatible types: cannot safely cast value from dtype=int64 to dtype=int32 with jax_numpy_dtype_promotion='standard'. In future JAX releases this will result in an error.
  warnings.warn(
/home/sjbhatt/anaconda3/envs/rcpms-jax/lib/python3.10/site-packages/jax/_src/ops/scatter.py:92: FutureWarning: scatter inputs have incompatible types: cannot safely cast value from dtype=int64 to dtype=int32 with jax_numpy_dtype_promotion='standard'. In future JAX releases this will result in an error.
  warnings.warn(
[     1] loss=0.0272 | res=1.60e-03 | grad=6.79e+00 | 4.1s
[     2] loss=-0.1107 | res=1.60e-03 | grad=6.59e+00 | 1.0s
[     3] loss=-0.2299 | res=2.41e-03 | grad=6.21e+00 | 1.0s
[     4] loss=-0.3701 | res=4.01e-03 | grad=6.62e+00 | 1.0s
[     5] loss=-0.5220 | res=2.34e-03 | grad=7.31e+00 | 1.0s
[     6] loss=-0.6206 | res=3.98e-03 | grad=7.17e+00 | 1.0s
[     7] loss=-0.7686 | res=6.93e-03 | grad=7.48e+00 | 1.0s
[     8] loss=-0.9246 | res=5.16e-03 | grad=8.00e+00 | 1.0s
[     9] loss=-1.0143 | res=5.98e-03 | grad=7.55e+00 | 1.0s
[    10] loss=-1.2652 | res=8.00e-03 | grad=8.20e+00 | 1.0s
[    11] loss=-1.3845 | res=7.86e-03 | grad=7.71e+00 | 1.0s
[    12] loss=-1.3967 | res=7.32e-03 | grad=6.45e+00 | 1.0s
[    13] loss=-1.7200 | res=7.73e-03 | grad=6.81e+00 | 1.0s
[    14] loss=-1.7866 | res=9.81e-03 | grad=5.94e+00 | 1.0s
[    15] loss=-1.7840 | res=7.53e-03 | grad=4.89e+00 | 1.0s
[    16] loss=-1.9960 | res=6.80e-03 | grad=4.41e+00 | 1.0s
[    17] loss=-2.0360 | res=5.78e-03 | grad=3.72e+00 | 1.0s
[    18] loss=-2.1204 | res=5.75e-03 | grad=3.21e+00 | 1.0s
[    19] loss=-2.2442 | res=6.55e-03 | grad=2.94e+00 | 1.0s
[    20] loss=-2.1642 | res=7.02e-03 | grad=2.11e+00 | 1.0s
[    21] loss=-2.2615 | res=8.98e-03 | grad=1.58e+00 | 1.0s
[    22] loss=-2.3423 | res=1.02e-02 | grad=1.14e+00 | 1.0s
[    23] loss=-2.4976 | res=7.10e-03 | grad=7.36e-01 | 1.0s
[    24] loss=-2.3476 | res=7.69e-03 | grad=4.72e-01 | 1.0s
[    25] loss=-2.1679 | res=9.76e-03 | grad=7.64e-01 | 1.0s
[    26] loss=-2.3782 | res=7.38e-03 | grad=7.30e-01 | 1.0s
[    27] loss=-2.1766 | res=8.32e-03 | grad=1.21e+00 | 1.0s
[    28] loss=-2.3290 | res=8.64e-03 | grad=1.07e+00 | 1.0s
[    29] loss=-1.9782 | res=9.70e-03 | grad=1.55e+00 | 1.0s
[    30] loss=-2.3441 | res=1.10e-02 | grad=1.27e+00 | 1.0s
[    31] loss=-2.2060 | res=1.26e-02 | grad=1.54e+00 | 1.0s
[    32] loss=-2.2777 | res=1.26e-02 | grad=1.39e+00 | 1.0s
[    33] loss=-2.1405 | res=1.07e-02 | grad=1.47e+00 | 1.0s
[    34] loss=-2.3645 | res=1.06e-02 | grad=8.96e-01 | 1.0s
[    35] loss=-2.2691 | res=9.74e-03 | grad=8.91e-01 | 1.0s
[    36] loss=-2.0942 | res=1.13e-02 | grad=1.23e+00 | 1.0s
[    37] loss=-2.1377 | res=1.12e-02 | grad=1.06e+00 | 1.0s
[    38] loss=-2.2360 | res=8.92e-03 | grad=6.60e-01 | 1.0s
[    39] loss=-2.3135 | res=1.38e-02 | grad=4.25e-01 | 1.0s
[    40] loss=-2.1193 | res=1.60e-02 | grad=3.65e-01 | 1.0s
[    41] loss=-2.2572 | res=1.48e-02 | grad=4.23e-01 | 1.0s
[    42] loss=-2.1708 | res=1.39e-02 | grad=2.98e-01 | 1.0s
[    43] loss=-2.3705 | res=1.58e-02 | grad=1.07e+00 | 1.0s
[    44] loss=-2.4142 | res=2.35e-02 | grad=1.34e+00 | 1.0s
[    45] loss=-2.2565 | res=2.23e-02 | grad=8.92e-01 | 1.0s
[    46] loss=-2.2329 | res=1.27e-02 | grad=7.46e-01 | 1.0s
[    47] loss=-2.2730 | res=1.53e-02 | grad=1.00e+00 | 1.0s
[    48] loss=-2.1914 | res=1.84e-02 | grad=5.97e-01 | 1.0s
[    49] loss=-2.4838 | res=1.35e-02 | grad=6.89e-01 | 1.0s
[    50] loss=-2.2634 | res=1.79e-02 | grad=3.78e-01 | 1.0s
[    51] loss=-2.4644 | res=1.36e-02 | grad=6.15e-01 | 1.0s
[    52] loss=-2.2315 | res=1.36e-02 | grad=6.13e-01 | 1.0s
[    53] loss=-2.2890 | res=1.25e-02 | grad=2.43e-01 | 1.0s
[    54] loss=-2.1699 | res=1.20e-02 | grad=3.33e-01 | 1.0s
[    55] loss=-2.4155 | res=1.26e-02 | grad=4.99e-01 | 1.0s
[    56] loss=-2.3941 | res=1.28e-02 | grad=6.53e-01 | 1.0s
[    57] loss=-2.5506 | res=1.16e-02 | grad=3.00e-01 | 1.0s
[    58] loss=-2.3768 | res=1.30e-02 | grad=3.56e-01 | 1.0s
[    59] loss=-2.4234 | res=1.39e-02 | grad=1.36e-01 | 1.0s
[    60] loss=-2.2091 | res=1.22e-02 | grad=4.99e-01 | 1.0s
[    61] loss=-2.2835 | res=9.91e-03 | grad=7.63e-01 | 1.0s
[    62] loss=-2.2505 | res=1.37e-02 | grad=8.84e-01 | 1.0s
[    63] loss=-2.3397 | res=1.26e-02 | grad=3.93e-01 | 1.0s
[    64] loss=-2.4606 | res=1.65e-02 | grad=2.11e-01 | 1.0s
[    65] loss=-2.2558 | res=9.45e-03 | grad=7.80e-01 | 1.0s
[    66] loss=-2.3663 | res=1.47e-02 | grad=5.17e-01 | 1.0s
[    67] loss=-2.4994 | res=1.34e-02 | grad=2.47e-01 | 1.0s
[    68] loss=-2.3796 | res=1.18e-02 | grad=1.04e+00 | 1.0s
[    69] loss=-2.3193 | res=1.84e-02 | grad=4.69e-01 | 1.0s
[    70] loss=-2.3402 | res=1.32e-02 | grad=2.46e-01 | 1.0s
[    71] loss=-2.3833 | res=1.19e-02 | grad=2.36e-01 | 1.0s
[    72] loss=-2.2908 | res=1.32e-02 | grad=6.27e-01 | 1.0s
[    73] loss=-2.4728 | res=1.34e-02 | grad=6.30e-01 | 1.0s
[    74] loss=-2.3517 | res=1.27e-02 | grad=9.31e-01 | 1.0s
[    75] loss=-2.4378 | res=1.51e-02 | grad=2.97e-01 | 1.0s
[    76] loss=-2.3544 | res=1.70e-02 | grad=2.32e-01 | 1.0s
[    77] loss=-2.2443 | res=1.80e-02 | grad=7.69e-01 | 1.0s
[    78] loss=-2.4978 | res=2.25e-02 | grad=9.07e-01 | 1.0s
[    79] loss=-2.3283 | res=1.82e-02 | grad=3.86e-01 | 1.0s
[    80] loss=-2.3396 | res=1.44e-02 | grad=6.72e-01 | 1.0s
[    81] loss=-2.1767 | res=1.37e-02 | grad=3.78e-01 | 1.0s
[    82] loss=-2.3469 | res=1.21e-02 | grad=2.82e-01 | 1.0s
[    83] loss=-2.3899 | res=1.81e-02 | grad=2.38e-01 | 1.0s
[    84] loss=-2.4133 | res=1.41e-02 | grad=3.57e-01 | 1.0s
[    85] loss=-2.3127 | res=1.74e-02 | grad=7.37e-01 | 1.0s
[    86] loss=-2.2958 | res=1.66e-02 | grad=2.68e-01 | 1.0s
[    87] loss=-2.0662 | res=1.45e-02 | grad=6.04e-01 | 1.0s
[    88] loss=-2.4344 | res=1.49e-02 | grad=5.46e-01 | 1.0s
[    89] loss=-2.3711 | res=1.42e-02 | grad=6.66e-01 | 1.0s
[    90] loss=-2.3173 | res=1.63e-02 | grad=5.71e-01 | 1.0s
[    91] loss=-2.4044 | res=1.61e-02 | grad=2.43e-01 | 1.0s
[    92] loss=-2.3068 | res=1.80e-02 | grad=4.08e-01 | 1.0s
[    93] loss=-2.3789 | res=2.18e-02 | grad=5.29e-01 | 1.0s
[    94] loss=-2.3744 | res=1.75e-02 | grad=6.92e-01 | 1.0s
[    95] loss=-2.2782 | res=2.08e-02 | grad=1.13e+00 | 1.0s
[    96] loss=-2.4663 | res=1.82e-02 | grad=5.09e-01 | 1.0s
[    97] loss=-2.3529 | res=1.71e-02 | grad=6.58e-01 | 1.0s
[    98] loss=-2.3509 | res=1.89e-02 | grad=4.64e-01 | 1.0s
[    99] loss=-2.1307 | res=1.91e-02 | grad=9.62e-01 | 1.0s
[   100] loss=-2.3710 | res=1.78e-02 | grad=7.43e-01 | 1.0s
[   101] loss=-2.2555 | res=1.81e-02 | grad=8.38e-01 | 1.0s
[   102] loss=-1.9916 | res=1.36e-02 | grad=1.04e+00 | 1.0s
[   103] loss=-2.4074 | res=1.84e-02 | grad=9.61e-01 | 1.0s
[   104] loss=-2.3254 | res=1.82e-02 | grad=6.70e-01 | 1.0s
[   105] loss=-2.3078 | res=1.85e-02 | grad=3.76e-01 | 1.0s
[   106] loss=-2.3793 | res=2.02e-02 | grad=4.89e-01 | 1.0s
[   107] loss=-2.4578 | res=2.05e-02 | grad=4.75e-01 | 1.0s
[   108] loss=-2.3128 | res=2.09e-02 | grad=6.29e-01 | 1.0s
[   109] loss=-2.3908 | res=1.69e-02 | grad=6.83e-01 | 1.0s
[   110] loss=-2.3043 | res=1.89e-02 | grad=1.21e+00 | 1.0s
[   111] loss=-2.4240 | res=1.81e-02 | grad=7.00e-01 | 1.0s
[   112] loss=-2.3344 | res=2.17e-02 | grad=3.19e-01 | 1.0s
[   113] loss=-2.4293 | res=1.97e-02 | grad=5.58e-01 | 1.0s
[   114] loss=-2.3268 | res=1.45e-02 | grad=3.95e-01 | 1.0s
[   115] loss=-2.4210 | res=1.85e-02 | grad=6.45e-01 | 1.0s
[   116] loss=-2.3092 | res=1.84e-02 | grad=3.53e-01 | 1.0s
[   117] loss=-2.2940 | res=1.68e-02 | grad=3.24e-01 | 1.0s
[   118] loss=-2.2243 | res=1.93e-02 | grad=6.95e-01 | 1.0s
[   119] loss=-2.2207 | res=1.36e-02 | grad=5.14e-01 | 1.0s
[   120] loss=-2.3935 | res=1.59e-02 | grad=5.25e-01 | 1.0s
[   121] loss=-2.2908 | res=1.56e-02 | grad=6.51e-01 | 1.0s
[   122] loss=-2.4885 | res=1.65e-02 | grad=2.78e-01 | 1.0s
[   123] loss=-2.0499 | res=2.05e-02 | grad=7.51e-01 | 1.0s
[   124] loss=-2.3076 | res=1.83e-02 | grad=4.40e-01 | 1.0s
[   125] loss=-1.9799 | res=1.58e-02 | grad=2.87e-01 | 1.0s
[   126] loss=-2.2285 | res=1.83e-02 | grad=8.03e-01 | 1.0s
[   127] loss=-2.3226 | res=1.47e-02 | grad=3.24e-01 | 1.0s
[   128] loss=-2.2207 | res=1.56e-02 | grad=5.31e-01 | 1.0s
[   129] loss=-2.2902 | res=2.09e-02 | grad=4.85e-01 | 1.0s
[   130] loss=-2.4129 | res=1.45e-02 | grad=9.75e-01 | 1.0s
[   131] loss=-2.1611 | res=2.39e-02 | grad=1.30e-01 | 1.0s
[   132] loss=-2.4546 | res=1.86e-02 | grad=5.26e-01 | 1.0s
[   133] loss=-2.0702 | res=1.97e-02 | grad=3.60e-01 | 1.0s
[   134] loss=-2.3548 | res=1.90e-02 | grad=7.46e-01 | 1.0s
[   135] loss=-2.4290 | res=1.90e-02 | grad=4.27e-01 | 1.0s
[   136] loss=-2.5122 | res=1.91e-02 | grad=5.94e-01 | 1.0s
[   137] loss=-2.3174 | res=2.11e-02 | grad=4.64e-01 | 1.0s
[   138] loss=-2.3216 | res=2.02e-02 | grad=7.64e-01 | 1.0s
[   139] loss=-2.1690 | res=1.77e-02 | grad=6.27e-01 | 1.0s
[   140] loss=-2.1227 | res=1.66e-02 | grad=6.39e-01 | 1.0s
[   141] loss=-2.3658 | res=1.56e-02 | grad=7.26e-01 | 1.0s
[   142] loss=-2.6299 | res=1.74e-02 | grad=8.24e-01 | 1.0s
[   143] loss=-2.2818 | res=1.78e-02 | grad=4.06e-01 | 1.0s
[   144] loss=-2.2955 | res=1.85e-02 | grad=8.20e-01 | 1.0s
[   145] loss=-2.2554 | res=1.95e-02 | grad=3.76e-01 | 1.0s
[   146] loss=-2.2538 | res=1.47e-02 | grad=7.90e-01 | 1.0s
[   147] loss=-2.2866 | res=1.54e-02 | grad=9.40e-01 | 1.0s
[   148] loss=-2.2855 | res=2.02e-02 | grad=6.15e-01 | 1.0s
[   149] loss=-2.4726 | res=1.32e-02 | grad=8.12e-01 | 1.0s
[   150] loss=-2.4072 | res=1.11e-02 | grad=8.50e-01 | 1.0s
[   151] loss=-2.0922 | res=2.00e-02 | grad=7.17e-01 | 1.0s
[   152] loss=-2.3178 | res=2.12e-02 | grad=6.80e-01 | 1.0s
[   153] loss=-2.3063 | res=1.33e-02 | grad=9.65e-01 | 1.0s
[   154] loss=-2.3873 | res=1.65e-02 | grad=2.67e-01 | 1.0s
[   155] loss=-2.3590 | res=1.50e-02 | grad=3.12e-01 | 1.0s
[   156] loss=-2.3391 | res=1.85e-02 | grad=4.54e-01 | 1.0s
[   157] loss=-2.3990 | res=1.75e-02 | grad=7.20e-01 | 1.0s
[   158] loss=-2.3966 | res=1.48e-02 | grad=2.29e-01 | 1.0s
[   159] loss=-2.0948 | res=1.22e-02 | grad=7.09e-01 | 1.0s
[   160] loss=-2.1924 | res=1.47e-02 | grad=5.49e-01 | 1.0s
[   161] loss=-2.5747 | res=1.99e-02 | grad=6.64e-01 | 1.0s
[   162] loss=-2.1675 | res=1.35e-02 | grad=6.31e-01 | 1.0s
[   163] loss=-2.4216 | res=1.26e-02 | grad=2.44e-01 | 1.0s
[   164] loss=-2.2918 | res=1.52e-02 | grad=5.52e-01 | 1.0s
[   165] loss=-2.3081 | res=1.28e-02 | grad=1.46e-01 | 1.0s
[   166] loss=-2.4278 | res=1.43e-02 | grad=1.05e+00 | 1.0s
[   167] loss=-2.5239 | res=1.53e-02 | grad=6.51e-01 | 1.0s
[   168] loss=-2.2850 | res=1.73e-02 | grad=2.90e-01 | 1.0s
[   169] loss=-2.1746 | res=1.79e-02 | grad=5.87e-01 | 1.0s
[   170] loss=-2.2506 | res=1.86e-02 | grad=9.84e-01 | 1.0s
[   171] loss=-2.2834 | res=1.86e-02 | grad=7.69e-01 | 1.0s
[   172] loss=-2.3828 | res=1.92e-02 | grad=4.17e-01 | 1.0s
[   173] loss=-2.4795 | res=1.60e-02 | grad=7.03e-01 | 1.0s
[   174] loss=-2.2300 | res=1.02e-02 | grad=3.77e-01 | 1.0s
[   175] loss=-2.1951 | res=1.32e-02 | grad=1.05e+00 | 1.0s
[   176] loss=-2.4697 | res=1.56e-02 | grad=5.08e-01 | 1.0s
[   177] loss=-2.2565 | res=1.69e-02 | grad=5.63e-01 | 1.0s
[   178] loss=-2.3458 | res=1.78e-02 | grad=4.16e-01 | 1.0s
[   179] loss=-2.3257 | res=1.59e-02 | grad=6.59e-01 | 1.0s
[   180] loss=-2.3134 | res=1.76e-02 | grad=1.24e+00 | 1.0s
[   181] loss=-2.2256 | res=1.57e-02 | grad=7.58e-01 | 1.0s
[   182] loss=-2.2666 | res=1.71e-02 | grad=1.86e-01 | 1.0s
[   183] loss=-2.4569 | res=1.42e-02 | grad=4.22e-01 | 1.0s
[   184] loss=-2.3925 | res=1.58e-02 | grad=7.67e-01 | 1.0s
[   185] loss=-2.0755 | res=1.71e-02 | grad=5.78e-01 | 1.0s
[   186] loss=-2.6537 | res=1.41e-02 | grad=5.45e-01 | 1.0s
[   187] loss=-2.5103 | res=1.33e-02 | grad=1.12e+00 | 1.0s
[   188] loss=-2.2834 | res=1.78e-02 | grad=4.22e-01 | 1.1s
[   189] loss=-2.2481 | res=1.44e-02 | grad=3.22e-01 | 1.0s
[   190] loss=-2.3720 | res=1.83e-02 | grad=3.03e-01 | 1.0s
[   191] loss=-2.3096 | res=1.66e-02 | grad=2.54e-01 | 1.0s
[   192] loss=-2.4843 | res=1.34e-02 | grad=9.64e-01 | 1.0s
[   193] loss=-2.5449 | res=1.52e-02 | grad=4.67e-01 | 1.0s
[   194] loss=-2.4193 | res=1.33e-02 | grad=4.86e-01 | 1.0s
[   195] loss=-2.4547 | res=1.13e-02 | grad=3.38e-01 | 1.0s
[   196] loss=-2.2270 | res=1.36e-02 | grad=4.77e-01 | 1.0s
[   197] loss=-2.3996 | res=1.51e-02 | grad=6.39e-01 | 1.0s
[   198] loss=-2.4113 | res=1.50e-02 | grad=4.18e-01 | 1.0s
[   199] loss=-2.1518 | res=1.02e-02 | grad=6.25e-01 | 1.0s
[   200] loss=-2.3846 | res=1.30e-02 | grad=4.43e-01 | 1.0s
[   201] loss=-2.3235 | res=1.50e-02 | grad=5.19e-01 | 1.0s
[   202] loss=-2.3538 | res=1.80e-02 | grad=2.14e-01 | 1.0s
[   203] loss=-2.4007 | res=1.22e-02 | grad=9.74e-01 | 1.0s
[   204] loss=-2.4440 | res=1.48e-02 | grad=8.56e-01 | 1.0s
[   205] loss=-2.2613 | res=1.75e-02 | grad=6.59e-01 | 1.0s
[   206] loss=-2.1541 | res=1.36e-02 | grad=3.13e-01 | 1.0s
[   207] loss=-2.2259 | res=1.52e-02 | grad=6.89e-01 | 1.0s
[   208] loss=-2.3890 | res=1.54e-02 | grad=6.50e-01 | 1.0s
[   209] loss=-2.2618 | res=9.86e-03 | grad=6.41e-01 | 1.0s
[   210] loss=-2.1326 | res=1.50e-02 | grad=1.18e+00 | 1.0s
[   211] loss=-2.3413 | res=1.63e-02 | grad=1.38e+00 | 1.0s
[   212] loss=-2.0818 | res=1.34e-02 | grad=1.18e+00 | 1.0s
[   213] loss=-2.2283 | res=1.17e-02 | grad=6.34e-01 | 1.0s
[   214] loss=-2.3727 | res=1.06e-02 | grad=3.55e-01 | 1.0s
[   215] loss=-2.3778 | res=1.24e-02 | grad=7.46e-01 | 1.0s
[   216] loss=-2.3183 | res=1.21e-02 | grad=7.07e-01 | 1.0s
[   217] loss=-2.5976 | res=1.43e-02 | grad=1.06e+00 | 1.0s
[   218] loss=-2.3361 | res=1.34e-02 | grad=4.29e-01 | 1.0s
[   219] loss=-2.4923 | res=1.61e-02 | grad=4.36e-01 | 1.0s
[   220] loss=-2.3366 | res=1.35e-02 | grad=7.32e-01 | 1.0s
[   221] loss=-2.3462 | res=1.16e-02 | grad=4.11e-01 | 1.0s
[   222] loss=-2.2523 | res=1.28e-02 | grad=7.06e-01 | 1.0s
[   223] loss=-2.3655 | res=8.78e-03 | grad=4.66e-01 | 1.0s
[   224] loss=-2.3554 | res=1.07e-02 | grad=6.48e-01 | 1.0s
[   225] loss=-2.3807 | res=1.28e-02 | grad=3.56e-01 | 1.0s
[   226] loss=-2.4355 | res=1.11e-02 | grad=7.41e-01 | 1.0s
[   227] loss=-2.2313 | res=1.15e-02 | grad=9.77e-01 | 1.0s
[   228] loss=-2.4759 | res=1.14e-02 | grad=2.88e-01 | 1.0s
[   229] loss=-2.3841 | res=1.57e-02 | grad=7.44e-01 | 1.0s
[   230] loss=-2.3697 | res=1.08e-02 | grad=5.54e-01 | 1.0s
[   231] loss=-2.3416 | res=1.63e-02 | grad=4.02e-01 | 1.0s
[   232] loss=-2.4580 | res=8.33e-03 | grad=7.71e-01 | 1.0s
[   233] loss=-2.4439 | res=1.49e-02 | grad=4.43e-01 | 1.0s
[   234] loss=-2.3483 | res=1.13e-02 | grad=1.21e+00 | 1.0s
[   235] loss=-2.3366 | res=1.54e-02 | grad=7.05e-01 | 1.0s
[   236] loss=-2.2164 | res=1.32e-02 | grad=5.63e-01 | 1.0s
[   237] loss=-2.2010 | res=9.61e-03 | grad=4.36e-01 | 1.0s
[   238] loss=-2.2284 | res=1.75e-02 | grad=8.72e-01 | 1.0s
[   239] loss=-2.1952 | res=1.44e-02 | grad=3.86e-01 | 1.0s
[   240] loss=-2.2088 | res=1.48e-02 | grad=4.53e-01 | 1.0s
[   241] loss=-2.4086 | res=1.40e-02 | grad=4.87e-01 | 1.0s
[   242] loss=-2.4991 | res=1.04e-02 | grad=2.48e-01 | 1.0s
[   243] loss=-2.3287 | res=9.92e-03 | grad=8.12e-01 | 1.0s
[   244] loss=-2.2187 | res=1.13e-02 | grad=1.11e+00 | 1.0s
[   245] loss=-2.1780 | res=1.47e-02 | grad=4.13e-01 | 1.0s
[   246] loss=-2.3937 | res=1.48e-02 | grad=4.43e-01 | 1.0s
[   247] loss=-2.2736 | res=1.33e-02 | grad=9.85e-01 | 1.0s
[   248] loss=-2.2688 | res=1.42e-02 | grad=4.78e-01 | 1.0s
[   249] loss=-2.3977 | res=1.20e-02 | grad=7.37e-01 | 1.0s
[   250] loss=-2.2824 | res=1.32e-02 | grad=1.67e-01 | 1.0s
[   251] loss=-2.1289 | res=1.10e-02 | grad=5.76e-01 | 1.0s
[   252] loss=-2.2814 | res=1.35e-02 | grad=6.39e-01 | 1.0s
[   253] loss=-2.3081 | res=1.33e-02 | grad=4.07e-01 | 1.0s
[   254] loss=-2.1460 | res=1.36e-02 | grad=4.45e-01 | 1.0s
[   255] loss=-2.2681 | res=1.30e-02 | grad=5.13e-01 | 1.0s
[   256] loss=-2.4281 | res=1.27e-02 | grad=9.71e-01 | 1.0s
[   257] loss=-2.2482 | res=1.58e-02 | grad=3.82e-01 | 1.0s
[   258] loss=-2.4670 | res=1.23e-02 | grad=1.51e-01 | 1.0s
[   259] loss=-2.4047 | res=1.30e-02 | grad=2.20e-01 | 1.0s
[   260] loss=-2.2204 | res=1.46e-02 | grad=4.48e-01 | 1.0s
[   261] loss=-2.3033 | res=1.46e-02 | grad=2.64e-01 | 1.0s
[   262] loss=-2.1867 | res=8.83e-03 | grad=8.55e-01 | 1.0s
[   263] loss=-2.4375 | res=1.04e-02 | grad=2.08e-01 | 1.0s
[   264] loss=-2.5028 | res=1.40e-02 | grad=1.19e+00 | 1.0s
[   265] loss=-2.3205 | res=9.54e-03 | grad=2.57e-01 | 1.0s
[   266] loss=-2.4410 | res=1.36e-02 | grad=6.06e-01 | 1.0s
[   267] loss=-2.2429 | res=9.70e-03 | grad=3.62e-01 | 1.0s
[   268] loss=-2.2781 | res=1.55e-02 | grad=3.62e-01 | 1.0s
[   269] loss=-2.3925 | res=1.45e-02 | grad=7.89e-01 | 1.0s
[   270] loss=-2.3736 | res=1.42e-02 | grad=2.81e-01 | 1.0s
[   271] loss=-2.1646 | res=1.21e-02 | grad=5.33e-01 | 1.0s
[   272] loss=-2.3707 | res=1.07e-02 | grad=7.72e-01 | 1.0s
[   273] loss=-2.3047 | res=1.13e-02 | grad=9.24e-01 | 1.0s
[   274] loss=-2.2647 | res=9.91e-03 | grad=3.11e-01 | 1.0s
[   275] loss=-2.4215 | res=1.18e-02 | grad=4.36e-01 | 1.0s
[   276] loss=-2.4601 | res=9.88e-03 | grad=6.04e-01 | 1.0s
[   277] loss=-2.2331 | res=9.50e-03 | grad=7.47e-01 | 1.0s
[   278] loss=-2.3914 | res=1.04e-02 | grad=9.48e-01 | 1.0s
[   279] loss=-2.1274 | res=9.48e-03 | grad=5.28e-01 | 1.0s
[   280] loss=-2.4438 | res=1.01e-02 | grad=7.65e-01 | 1.0s
[   281] loss=-2.2148 | res=1.65e-02 | grad=2.46e-01 | 1.0s
[   282] loss=-2.4430 | res=9.12e-03 | grad=3.61e-01 | 1.0s
[   283] loss=-2.2440 | res=1.15e-02 | grad=4.75e-01 | 1.0s
[   284] loss=-2.4180 | res=1.42e-02 | grad=5.71e-01 | 1.0s
[   285] loss=-2.2894 | res=1.11e-02 | grad=8.28e-01 | 1.0s
[   286] loss=-2.2553 | res=6.95e-03 | grad=3.01e-01 | 1.0s
[   287] loss=-2.3042 | res=1.26e-02 | grad=9.81e-01 | 1.0s
[   288] loss=-2.1245 | res=8.71e-03 | grad=8.06e-01 | 1.0s
[   289] loss=-2.2423 | res=8.48e-03 | grad=7.14e-01 | 1.0s
[   290] loss=-2.3277 | res=1.22e-02 | grad=9.60e-01 | 1.0s
[   291] loss=-2.3487 | res=1.04e-02 | grad=7.58e-01 | 1.0s
[   292] loss=-2.2229 | res=1.21e-02 | grad=5.03e-01 | 1.0s
[   293] loss=-2.4082 | res=1.29e-02 | grad=3.63e-01 | 1.0s
[   294] loss=-2.4225 | res=9.86e-03 | grad=8.52e-01 | 1.0s
[   295] loss=-2.3071 | res=7.85e-03 | grad=1.99e-01 | 1.0s
[   296] loss=-2.1897 | res=1.18e-02 | grad=5.05e-01 | 1.0s
[   297] loss=-2.1520 | res=1.38e-02 | grad=7.04e-01 | 1.0s
[   298] loss=-2.0899 | res=8.13e-03 | grad=4.67e-01 | 1.0s
[   299] loss=-2.3444 | res=1.13e-02 | grad=7.34e-01 | 1.0s
[   300] loss=-2.2628 | res=9.54e-03 | grad=6.44e-01 | 1.0s
[   301] loss=-2.4306 | res=9.83e-03 | grad=4.75e-01 | 1.0s
[   302] loss=-2.1663 | res=1.32e-02 | grad=9.60e-01 | 1.0s
[   303] loss=-2.4699 | res=8.89e-03 | grad=5.71e-01 | 1.0s
[   304] loss=-2.3560 | res=1.02e-02 | grad=3.85e-01 | 1.0s
[   305] loss=-2.2982 | res=9.08e-03 | grad=4.98e-01 | 1.0s
[   306] loss=-2.2683 | res=8.81e-03 | grad=3.90e-01 | 1.0s
[   307] loss=-2.2679 | res=1.08e-02 | grad=4.27e-01 | 1.0s
[   308] loss=-2.3249 | res=1.63e-02 | grad=2.60e-01 | 1.0s
[   309] loss=-2.3553 | res=7.29e-03 | grad=6.86e-01 | 1.0s
[   310] loss=-2.3407 | res=1.00e-02 | grad=4.84e-01 | 1.0s
[   311] loss=-2.5852 | res=8.48e-03 | grad=4.31e-01 | 1.0s
[   312] loss=-2.3619 | res=1.18e-02 | grad=4.73e-01 | 1.0s
[   313] loss=-2.2301 | res=1.28e-02 | grad=3.45e-01 | 1.0s
[   314] loss=-2.2954 | res=9.57e-03 | grad=4.16e-01 | 1.1s
[   315] loss=-2.1409 | res=1.10e-02 | grad=6.09e-01 | 1.1s
[   316] loss=-2.5210 | res=8.95e-03 | grad=5.15e-01 | 1.0s
[   317] loss=-2.2262 | res=7.41e-03 | grad=7.94e-01 | 1.0s
[   318] loss=-2.2872 | res=9.78e-03 | grad=1.04e+00 | 1.1s
[   319] loss=-2.4403 | res=8.89e-03 | grad=5.03e-01 | 1.0s
[   320] loss=-2.3198 | res=1.47e-02 | grad=5.99e-01 | 1.0s
[   321] loss=-2.2491 | res=1.21e-02 | grad=3.17e-01 | 1.0s
[   322] loss=-2.5141 | res=1.25e-02 | grad=4.88e-01 | 1.0s
[   323] loss=-2.4196 | res=9.48e-03 | grad=4.82e-01 | 1.0s
[   324] loss=-2.1721 | res=8.28e-03 | grad=5.73e-01 | 1.0s
[   325] loss=-2.4669 | res=9.91e-03 | grad=5.87e-01 | 1.0s
[   326] loss=-2.4229 | res=7.41e-03 | grad=5.29e-01 | 1.0s
[   327] loss=-2.1813 | res=9.65e-03 | grad=5.50e-01 | 1.0s
[   328] loss=-2.5646 | res=8.32e-03 | grad=9.16e-01 | 1.0s
[   329] loss=-2.2427 | res=7.49e-03 | grad=2.64e-01 | 1.0s
[   330] loss=-2.3079 | res=1.16e-02 | grad=3.57e-01 | 1.0s
[   331] loss=-2.1437 | res=1.47e-02 | grad=5.16e-01 | 1.0s
[   332] loss=-2.3346 | res=8.45e-03 | grad=4.05e-01 | 1.0s
[   333] loss=-2.3201 | res=1.11e-02 | grad=8.84e-01 | 1.0s
[   334] loss=-2.5335 | res=8.81e-03 | grad=7.73e-01 | 1.0s
[   335] loss=-2.4141 | res=9.51e-03 | grad=2.02e-01 | 1.0s
[   336] loss=-2.2697 | res=1.01e-02 | grad=7.91e-01 | 1.0s
[   337] loss=-2.4641 | res=7.33e-03 | grad=8.28e-01 | 1.0s
[   338] loss=-2.2389 | res=1.09e-02 | grad=7.32e-01 | 1.0s
[   339] loss=-2.3584 | res=9.65e-03 | grad=5.52e-01 | 1.0s
[   340] loss=-2.2665 | res=1.01e-02 | grad=6.81e-01 | 1.0s
[   341] loss=-2.3033 | res=8.67e-03 | grad=6.69e-01 | 1.0s
[   342] loss=-2.2860 | res=1.08e-02 | grad=7.02e-01 | 1.0s
[   343] loss=-2.4376 | res=9.15e-03 | grad=9.12e-01 | 1.0s
[   344] loss=-2.3246 | res=9.44e-03 | grad=6.52e-01 | 1.0s
[   345] loss=-2.3789 | res=6.59e-03 | grad=2.24e-01 | 1.0s
[   346] loss=-2.4339 | res=7.67e-03 | grad=8.71e-01 | 1.0s
[   347] loss=-2.2463 | res=8.51e-03 | grad=6.25e-01 | 1.0s
[   348] loss=-2.4617 | res=1.10e-02 | grad=2.62e-01 | 1.0s
[   349] loss=-2.3096 | res=8.54e-03 | grad=5.43e-01 | 1.0s
[   350] loss=-2.4588 | res=9.46e-03 | grad=4.68e-01 | 1.0s
[   351] loss=-2.2922 | res=8.93e-03 | grad=7.98e-01 | 1.0s
[   352] loss=-2.2348 | res=9.96e-03 | grad=7.45e-01 | 1.0s
[   353] loss=-2.3548 | res=7.28e-03 | grad=7.37e-01 | 1.0s
[   354] loss=-2.2253 | res=1.02e-02 | grad=2.67e-01 | 1.0s
[   355] loss=-2.2426 | res=1.17e-02 | grad=8.27e-01 | 1.0s
[   356] loss=-2.4699 | res=9.21e-03 | grad=6.05e-01 | 1.0s
[   357] loss=-2.3829 | res=9.49e-03 | grad=6.90e-01 | 1.0s
[   358] loss=-2.3318 | res=1.10e-02 | grad=4.19e-01 | 1.0s
[   359] loss=-2.2772 | res=1.06e-02 | grad=8.87e-01 | 1.0s
[   360] loss=-2.3510 | res=1.37e-02 | grad=4.09e-01 | 1.0s
[   361] loss=-2.2606 | res=1.09e-02 | grad=5.60e-01 | 1.0s
[   362] loss=-2.5136 | res=1.08e-02 | grad=9.39e-01 | 1.0s
[   363] loss=-2.4275 | res=7.55e-03 | grad=9.37e-01 | 1.0s
[   364] loss=-2.2556 | res=8.02e-03 | grad=5.58e-01 | 1.0s
[   365] loss=-2.2836 | res=8.06e-03 | grad=1.21e-01 | 1.0s
[   366] loss=-2.2624 | res=9.02e-03 | grad=5.14e-01 | 1.0s
[   367] loss=-2.1662 | res=1.06e-02 | grad=8.38e-01 | 1.0s
[   368] loss=-2.3584 | res=8.45e-03 | grad=9.56e-01 | 1.0s
[   369] loss=-2.2078 | res=7.67e-03 | grad=4.62e-01 | 1.0s
[   370] loss=-2.3517 | res=1.11e-02 | grad=1.18e+00 | 1.0s
[   371] loss=-2.1709 | res=7.18e-03 | grad=7.64e-01 | 1.0s
[   372] loss=-2.3475 | res=1.11e-02 | grad=5.52e-01 | 1.0s
[   373] loss=-2.5931 | res=8.51e-03 | grad=8.40e-01 | 1.0s
[   374] loss=-2.2993 | res=9.67e-03 | grad=4.56e-01 | 1.0s
[   375] loss=-2.1700 | res=8.99e-03 | grad=5.85e-01 | 1.0s
[   376] loss=-2.2799 | res=9.59e-03 | grad=3.64e-01 | 1.0s
[   377] loss=-2.3276 | res=9.26e-03 | grad=6.35e-01 | 1.0s
[   378] loss=-2.2241 | res=7.44e-03 | grad=6.65e-01 | 1.0s
[   379] loss=-2.2621 | res=8.50e-03 | grad=5.23e-01 | 1.0s
[   380] loss=-2.2696 | res=4.83e-03 | grad=5.53e-01 | 1.0s
[   381] loss=-2.2044 | res=7.16e-03 | grad=5.57e-01 | 1.0s
[   382] loss=-2.2023 | res=9.93e-03 | grad=3.94e-01 | 1.0s
[   383] loss=-2.3587 | res=1.52e-02 | grad=6.16e-01 | 1.0s
[   384] loss=-2.3236 | res=9.21e-03 | grad=6.83e-01 | 1.0s
[   385] loss=-2.4021 | res=1.16e-02 | grad=1.23e+00 | 1.0s
[   386] loss=-2.3194 | res=9.01e-03 | grad=4.40e-01 | 1.0s
[   387] loss=-2.4576 | res=1.17e-02 | grad=4.36e-01 | 1.0s
[   388] loss=-2.2916 | res=5.92e-03 | grad=3.12e-01 | 1.0s
[   389] loss=-2.2380 | res=6.79e-03 | grad=9.95e-01 | 1.0s
[   390] loss=-2.4273 | res=7.22e-03 | grad=6.59e-01 | 1.0s
[   391] loss=-2.1505 | res=7.12e-03 | grad=8.58e-01 | 1.0s
[   392] loss=-2.2208 | res=7.25e-03 | grad=6.38e-01 | 1.0s
[   393] loss=-2.2232 | res=7.39e-03 | grad=6.86e-01 | 1.0s
[   394] loss=-2.1565 | res=8.16e-03 | grad=5.95e-01 | 1.0s
[   395] loss=-2.4193 | res=1.05e-02 | grad=2.72e-01 | 1.0s
[   396] loss=-2.1682 | res=9.14e-03 | grad=4.41e-01 | 1.0s
[   397] loss=-2.3676 | res=8.66e-03 | grad=3.43e-01 | 1.1s
[   398] loss=-2.3967 | res=9.53e-03 | grad=5.64e-01 | 1.0s
[   399] loss=-2.2781 | res=7.89e-03 | grad=6.30e-01 | 1.0s
[   400] loss=-2.4441 | res=9.25e-03 | grad=5.48e-01 | 1.0s
[   401] loss=-2.2768 | res=7.87e-03 | grad=6.99e-01 | 1.0s
[   402] loss=-2.2638 | res=7.92e-03 | grad=4.42e-01 | 1.0s
[   403] loss=-2.1549 | res=6.89e-03 | grad=4.17e-01 | 1.0s
[   404] loss=-2.2906 | res=8.14e-03 | grad=3.76e-01 | 1.0s
[   405] loss=-2.2874 | res=7.30e-03 | grad=5.94e-01 | 1.0s
[   406] loss=-2.2060 | res=9.29e-03 | grad=3.15e-01 | 1.0s
[   407] loss=-2.1450 | res=7.31e-03 | grad=6.60e-01 | 1.0s
[   408] loss=-2.2216 | res=8.87e-03 | grad=7.12e-01 | 1.0s
[   409] loss=-2.3390 | res=6.67e-03 | grad=3.66e-01 | 1.0s
[   410] loss=-2.3286 | res=6.92e-03 | grad=6.81e-01 | 1.0s
[   411] loss=-2.2952 | res=8.98e-03 | grad=3.25e-01 | 1.0s
[   412] loss=-2.5134 | res=9.46e-03 | grad=4.02e-01 | 1.0s
[   413] loss=-2.4640 | res=1.09e-02 | grad=5.44e-01 | 1.0s
[   414] loss=-2.4843 | res=8.37e-03 | grad=4.02e-01 | 1.0s
[   415] loss=-2.1288 | res=9.22e-03 | grad=1.12e+00 | 1.0s
[   416] loss=-2.2498 | res=9.75e-03 | grad=6.60e-01 | 1.0s
[   417] loss=-2.1632 | res=8.94e-03 | grad=5.98e-01 | 1.0s
[   418] loss=-2.3769 | res=8.23e-03 | grad=8.90e-01 | 1.0s
[   419] loss=-2.2275 | res=8.00e-03 | grad=2.17e-01 | 1.0s
[   420] loss=-2.5442 | res=4.84e-03 | grad=6.12e-01 | 1.0s
[   421] loss=-2.3844 | res=9.88e-03 | grad=5.98e-01 | 1.0s
[   422] loss=-2.3410 | res=5.74e-03 | grad=1.02e+00 | 1.0s
[   423] loss=-2.4224 | res=8.19e-03 | grad=1.07e+00 | 1.0s
[   424] loss=-2.4290 | res=8.62e-03 | grad=4.48e-01 | 1.0s
[   425] loss=-2.0275 | res=8.34e-03 | grad=7.45e-01 | 1.0s
[   426] loss=-2.4667 | res=1.01e-02 | grad=8.05e-01 | 1.0s
[   427] loss=-2.1749 | res=9.47e-03 | grad=5.24e-01 | 1.0s
[   428] loss=-2.1863 | res=7.03e-03 | grad=7.57e-01 | 1.0s
[   429] loss=-2.5986 | res=9.01e-03 | grad=8.59e-01 | 1.0s
[   430] loss=-2.1692 | res=7.37e-03 | grad=6.11e-01 | 1.0s
[   431] loss=-2.1950 | res=1.10e-02 | grad=5.64e-01 | 1.0s
[   432] loss=-2.3159 | res=9.34e-03 | grad=9.39e-01 | 1.0s
[   433] loss=-2.3664 | res=8.39e-03 | grad=5.96e-01 | 1.0s
[   434] loss=-2.1966 | res=7.92e-03 | grad=5.20e-01 | 1.0s
[   435] loss=-2.1853 | res=1.20e-02 | grad=7.44e-01 | 1.0s
[   436] loss=-2.4150 | res=7.54e-03 | grad=7.77e-01 | 1.0s
[   437] loss=-2.4050 | res=8.85e-03 | grad=5.27e-01 | 1.0s
[   438] loss=-2.2302 | res=6.76e-03 | grad=6.17e-01 | 1.0s
[   439] loss=-2.2679 | res=8.61e-03 | grad=2.11e-01 | 1.0s
[   440] loss=-2.1674 | res=7.83e-03 | grad=3.16e-01 | 1.0s
[   441] loss=-2.3256 | res=9.15e-03 | grad=5.52e-01 | 1.0s
[   442] loss=-2.2758 | res=5.88e-03 | grad=8.14e-01 | 1.0s
[   443] loss=-2.2778 | res=1.04e-02 | grad=9.08e-01 | 1.0s
[   444] loss=-2.3235 | res=7.35e-03 | grad=6.55e-01 | 1.0s
[   445] loss=-2.2069 | res=9.91e-03 | grad=4.39e-01 | 1.0s
[   446] loss=-2.1858 | res=9.10e-03 | grad=3.33e-01 | 1.0s
[   447] loss=-2.4047 | res=6.91e-03 | grad=3.29e-01 | 1.0s
[   448] loss=-2.2981 | res=5.72e-03 | grad=4.11e-01 | 1.0s
[   449] loss=-2.3540 | res=8.50e-03 | grad=4.15e-01 | 1.0s
[   450] loss=-2.2058 | res=6.68e-03 | grad=9.71e-01 | 1.0s
[   451] loss=-2.1942 | res=7.74e-03 | grad=9.79e-01 | 1.0s
[   452] loss=-2.2354 | res=5.99e-03 | grad=6.22e-01 | 1.0s
[   453] loss=-2.2967 | res=9.25e-03 | grad=4.37e-01 | 1.0s
[   454] loss=-2.3015 | res=7.10e-03 | grad=4.71e-01 | 1.0s
[   455] loss=-2.3660 | res=6.78e-03 | grad=4.56e-01 | 1.0s
[   456] loss=-2.3405 | res=5.39e-03 | grad=3.25e-01 | 1.0s
[   457] loss=-2.3540 | res=8.43e-03 | grad=8.39e-01 | 1.0s
[   458] loss=-2.1349 | res=9.14e-03 | grad=2.73e-01 | 1.0s
[   459] loss=-2.2514 | res=1.00e-02 | grad=8.39e-01 | 1.0s
[   460] loss=-2.3921 | res=7.90e-03 | grad=6.61e-01 | 1.0s
[   461] loss=-2.3291 | res=6.63e-03 | grad=4.57e-01 | 1.0s
[   462] loss=-2.3038 | res=7.81e-03 | grad=6.69e-01 | 1.0s
[   463] loss=-2.1478 | res=1.02e-02 | grad=3.01e-01 | 1.0s
[   464] loss=-2.2443 | res=1.07e-02 | grad=6.62e-01 | 1.0s
[   465] loss=-2.1807 | res=6.18e-03 | grad=3.89e-01 | 1.0s
[   466] loss=-2.1427 | res=8.02e-03 | grad=2.96e-01 | 1.0s
[   467] loss=-2.2416 | res=7.32e-03 | grad=7.62e-01 | 1.0s
[   468] loss=-2.2033 | res=6.35e-03 | grad=4.47e-01 | 1.0s
[   469] loss=-2.4436 | res=7.09e-03 | grad=2.33e-01 | 1.0s
[   470] loss=-2.1296 | res=7.04e-03 | grad=7.41e-01 | 1.0s
[   471] loss=-2.3174 | res=6.20e-03 | grad=1.65e-01 | 1.0s
[   472] loss=-2.3311 | res=7.04e-03 | grad=4.60e-01 | 1.0s
[   473] loss=-2.1576 | res=6.75e-03 | grad=4.69e-01 | 1.0s
[   474] loss=-2.1934 | res=5.92e-03 | grad=8.34e-01 | 1.0s
[   475] loss=-2.3325 | res=5.54e-03 | grad=7.12e-01 | 1.0s
[   476] loss=-2.5735 | res=1.02e-02 | grad=9.73e-01 | 1.0s
[   477] loss=-2.3917 | res=8.56e-03 | grad=5.65e-01 | 1.0s
[   478] loss=-2.1425 | res=1.29e-02 | grad=9.58e-01 | 1.0s
[   479] loss=-2.1941 | res=9.07e-03 | grad=5.75e-01 | 1.0s
[   480] loss=-2.1138 | res=9.27e-03 | grad=5.53e-01 | 1.0s
[   481] loss=-2.4506 | res=9.25e-03 | grad=7.51e-01 | 1.0s
[   482] loss=-2.4723 | res=8.17e-03 | grad=4.19e-01 | 1.0s
[   483] loss=-2.3015 | res=8.39e-03 | grad=7.67e-01 | 1.0s
[   484] loss=-2.3871 | res=7.41e-03 | grad=7.38e-01 | 1.0s
[   485] loss=-2.3030 | res=7.87e-03 | grad=5.65e-01 | 1.0s
[   486] loss=-2.3446 | res=5.66e-03 | grad=4.23e-01 | 1.0s
[   487] loss=-2.2982 | res=6.90e-03 | grad=5.11e-01 | 1.0s
[   488] loss=-2.1664 | res=8.05e-03 | grad=5.48e-01 | 1.0s
[   489] loss=-2.2188 | res=5.62e-03 | grad=4.22e-01 | 1.0s
[   490] loss=-2.3287 | res=6.19e-03 | grad=6.70e-01 | 1.0s
[   491] loss=-2.2315 | res=8.17e-03 | grad=5.22e-01 | 1.0s
[   492] loss=-2.2768 | res=8.08e-03 | grad=5.00e-01 | 1.0s
[   493] loss=-2.3620 | res=6.00e-03 | grad=3.13e-01 | 1.0s
[   494] loss=-2.4167 | res=6.50e-03 | grad=9.34e-01 | 1.0s
[   495] loss=-2.4051 | res=8.20e-03 | grad=3.19e-01 | 1.0s
[   496] loss=-2.0864 | res=9.43e-03 | grad=5.37e-01 | 1.0s
[   497] loss=-2.2230 | res=9.02e-03 | grad=6.03e-01 | 1.0s
[   498] loss=-2.2242 | res=6.67e-03 | grad=3.17e-01 | 1.0s
[   499] loss=-2.1724 | res=8.22e-03 | grad=2.91e-01 | 1.0s
[   500] loss=-2.4649 | res=6.03e-03 | grad=4.77e-01 | 1.0s
[   501] loss=-2.3280 | res=7.22e-03 | grad=4.80e-01 | 1.0s
[   502] loss=-2.2663 | res=8.16e-03 | grad=6.90e-01 | 1.0s
[   503] loss=-2.1879 | res=9.49e-03 | grad=7.79e-01 | 1.0s
[   504] loss=-2.2221 | res=7.50e-03 | grad=8.84e-01 | 1.0s
[   505] loss=-2.3600 | res=1.18e-02 | grad=4.22e-01 | 1.0s
[   506] loss=-2.1748 | res=7.29e-03 | grad=1.92e-01 | 1.0s
[   507] loss=-2.3924 | res=5.79e-03 | grad=7.07e-01 | 1.0s
[   508] loss=-2.2391 | res=7.56e-03 | grad=9.28e-01 | 1.0s
[   509] loss=-2.1967 | res=5.17e-03 | grad=8.36e-01 | 1.0s
[   510] loss=-2.3276 | res=1.11e-02 | grad=7.98e-01 | 1.0s
[   511] loss=-2.5245 | res=9.51e-03 | grad=6.66e-01 | 1.0s
[   512] loss=-2.3068 | res=6.59e-03 | grad=3.03e-01 | 1.0s
[   513] loss=-2.3028 | res=6.05e-03 | grad=4.26e-01 | 1.0s
[   514] loss=-2.4498 | res=9.83e-03 | grad=6.42e-01 | 1.0s
[   515] loss=-2.5246 | res=8.41e-03 | grad=2.17e-01 | 1.0s
[   516] loss=-2.3068 | res=8.23e-03 | grad=7.15e-01 | 1.0s
[   517] loss=-2.3400 | res=1.04e-02 | grad=4.20e-01 | 1.0s
[   518] loss=-2.2094 | res=8.98e-03 | grad=4.98e-01 | 1.0s
[   519] loss=-2.3041 | res=8.62e-03 | grad=1.06e+00 | 1.0s
[   520] loss=-2.1944 | res=6.86e-03 | grad=6.32e-01 | 1.0s
[   521] loss=-2.4076 | res=9.95e-03 | grad=4.04e-01 | 1.0s
[   522] loss=-2.4402 | res=8.48e-03 | grad=7.57e-01 | 1.0s
[   523] loss=-2.3808 | res=6.47e-03 | grad=3.03e-01 | 1.0s
[   524] loss=-2.3305 | res=7.34e-03 | grad=4.48e-01 | 1.0s
[   525] loss=-2.1866 | res=7.82e-03 | grad=4.98e-01 | 1.0s
[   526] loss=-2.3075 | res=7.20e-03 | grad=4.64e-01 | 1.0s
[   527] loss=-2.1884 | res=7.74e-03 | grad=4.27e-01 | 1.0s
[   528] loss=-2.4181 | res=6.44e-03 | grad=5.24e-01 | 1.0s
[   529] loss=-2.2562 | res=8.82e-03 | grad=4.86e-01 | 1.0s
[   530] loss=-2.3632 | res=7.21e-03 | grad=4.80e-01 | 1.0s
[   531] loss=-2.3704 | res=6.17e-03 | grad=5.96e-01 | 1.0s
[   532] loss=-2.3637 | res=7.53e-03 | grad=4.75e-01 | 1.0s
[   533] loss=-2.2637 | res=8.43e-03 | grad=5.55e-01 | 1.0s
[   534] loss=-2.4761 | res=7.52e-03 | grad=3.03e-01 | 1.0s
[   535] loss=-2.2879 | res=6.45e-03 | grad=2.91e-01 | 1.0s
[   536] loss=-2.1992 | res=7.17e-03 | grad=7.43e-01 | 1.0s
[   537] loss=-2.4486 | res=5.61e-03 | grad=6.74e-01 | 1.0s
[   538] loss=-2.3651 | res=8.03e-03 | grad=7.82e-01 | 1.0s
[   539] loss=-2.4920 | res=6.23e-03 | grad=2.34e-01 | 1.0s
[   540] loss=-2.4899 | res=6.48e-03 | grad=7.22e-01 | 1.0s
[   541] loss=-2.2917 | res=6.25e-03 | grad=2.82e-01 | 1.0s
[   542] loss=-2.3431 | res=8.49e-03 | grad=4.49e-01 | 1.0s
[   543] loss=-2.3488 | res=5.51e-03 | grad=4.31e-01 | 1.0s
[   544] loss=-2.2929 | res=6.50e-03 | grad=2.37e-01 | 1.0s
[   545] loss=-2.4029 | res=6.32e-03 | grad=4.65e-01 | 1.0s
[   546] loss=-2.2168 | res=8.74e-03 | grad=4.65e-01 | 1.0s
[   547] loss=-2.3034 | res=7.67e-03 | grad=5.61e-01 | 1.0s
[   548] loss=-2.2357 | res=6.36e-03 | grad=9.82e-01 | 1.0s
[   549] loss=-2.4032 | res=4.14e-03 | grad=3.76e-01 | 1.0s
[   550] loss=-2.3507 | res=7.63e-03 | grad=5.39e-01 | 1.0s
[   551] loss=-2.5208 | res=6.68e-03 | grad=5.25e-01 | 1.0s
[   552] loss=-2.3293 | res=7.58e-03 | grad=5.12e-01 | 1.0s
[   553] loss=-2.1279 | res=9.83e-03 | grad=4.52e-01 | 1.1s
[   554] loss=-2.0318 | res=8.01e-03 | grad=7.19e-01 | 1.1s
[   555] loss=-2.3445 | res=8.13e-03 | grad=7.44e-01 | 1.1s
[   556] loss=-2.2736 | res=8.59e-03 | grad=8.47e-01 | 1.1s
[   557] loss=-2.1613 | res=7.82e-03 | grad=3.26e-01 | 1.1s
[   558] loss=-2.4671 | res=6.82e-03 | grad=5.22e-01 | 1.1s
[   559] loss=-2.2303 | res=8.30e-03 | grad=2.81e-01 | 1.1s
[   560] loss=-2.3950 | res=6.66e-03 | grad=4.35e-01 | 1.1s
[   561] loss=-2.2445 | res=9.41e-03 | grad=7.19e-01 | 1.1s
[   562] loss=-2.3787 | res=7.77e-03 | grad=7.60e-01 | 1.1s
[   563] loss=-2.2734 | res=6.23e-03 | grad=1.04e+00 | 1.0s
[   564] loss=-2.4568 | res=6.59e-03 | grad=6.57e-01 | 1.1s
[   565] loss=-2.3423 | res=7.85e-03 | grad=1.98e-01 | 1.1s
[   566] loss=-2.3590 | res=4.93e-03 | grad=6.40e-01 | 1.0s
[   567] loss=-2.4290 | res=8.31e-03 | grad=4.62e-01 | 1.0s
[   568] loss=-2.2253 | res=7.98e-03 | grad=5.56e-01 | 1.1s
[   569] loss=-2.3436 | res=9.19e-03 | grad=7.05e-01 | 1.1s
[   570] loss=-2.2342 | res=7.00e-03 | grad=6.44e-01 | 1.0s
[   571] loss=-2.6061 | res=7.37e-03 | grad=7.47e-01 | 1.0s
[   572] loss=-2.4062 | res=3.91e-03 | grad=4.88e-01 | 1.1s
[   573] loss=-2.4116 | res=5.28e-03 | grad=3.17e-01 | 1.1s
[   574] loss=-2.4789 | res=1.05e-02 | grad=4.89e-01 | 1.1s
[   575] loss=-2.0328 | res=9.75e-03 | grad=7.31e-01 | 1.1s
[   576] loss=-2.2665 | res=6.46e-03 | grad=5.96e-01 | 1.1s
[   577] loss=-2.2732 | res=5.62e-03 | grad=4.77e-01 | 1.0s
[   578] loss=-2.1731 | res=5.75e-03 | grad=6.41e-01 | 1.0s
[   579] loss=-2.2567 | res=7.05e-03 | grad=2.52e-01 | 1.1s
[   580] loss=-2.1748 | res=5.18e-03 | grad=3.05e-01 | 1.1s
[   581] loss=-2.1924 | res=6.82e-03 | grad=4.92e-01 | 1.1s
[   582] loss=-2.5120 | res=1.08e-02 | grad=9.51e-01 | 1.1s
[   583] loss=-2.4449 | res=6.71e-03 | grad=7.49e-01 | 1.1s
[   584] loss=-2.4085 | res=4.48e-03 | grad=4.43e-01 | 1.1s
[   585] loss=-2.3419 | res=8.36e-03 | grad=2.67e-01 | 1.0s
[   586] loss=-2.2638 | res=7.83e-03 | grad=5.79e-01 | 1.0s
[   587] loss=-2.3318 | res=3.91e-03 | grad=5.37e-01 | 1.0s
[   588] loss=-2.0180 | res=7.40e-03 | grad=6.31e-01 | 1.0s
[   589] loss=-2.3535 | res=6.38e-03 | grad=4.79e-01 | 1.0s
[   590] loss=-2.2910 | res=6.75e-03 | grad=3.19e-01 | 1.0s
[   591] loss=-2.4544 | res=6.41e-03 | grad=4.23e-01 | 1.0s
[   592] loss=-2.2691 | res=6.79e-03 | grad=2.74e-01 | 1.0s
[   593] loss=-2.3227 | res=8.22e-03 | grad=6.59e-01 | 1.0s
[   594] loss=-2.2385 | res=4.74e-03 | grad=5.14e-01 | 1.0s
[   595] loss=-2.2836 | res=3.93e-03 | grad=4.28e-01 | 1.0s
[   596] loss=-2.2231 | res=7.32e-03 | grad=4.15e-01 | 1.0s
[   597] loss=-2.3882 | res=5.78e-03 | grad=7.43e-01 | 1.0s
[   598] loss=-2.2057 | res=7.04e-03 | grad=1.58e-01 | 1.0s
[   599] loss=-2.0742 | res=5.68e-03 | grad=2.99e-01 | 1.0s
[   600] loss=-2.1134 | res=6.49e-03 | grad=3.22e-01 | 1.0s
[   601] loss=-2.3910 | res=5.23e-03 | grad=5.65e-01 | 1.0s
[   602] loss=-2.2324 | res=4.62e-03 | grad=4.31e-01 | 1.0s
[   603] loss=-2.3995 | res=6.49e-03 | grad=6.91e-01 | 1.0s
[   604] loss=-2.5172 | res=5.21e-03 | grad=6.13e-01 | 1.0s
[   605] loss=-2.2747 | res=5.74e-03 | grad=6.12e-01 | 1.0s
[   606] loss=-2.4322 | res=8.11e-03 | grad=4.74e-01 | 1.0s
[   607] loss=-2.4315 | res=4.90e-03 | grad=3.10e-01 | 1.0s
[   608] loss=-2.3549 | res=7.52e-03 | grad=4.40e-01 | 1.0s
[   609] loss=-2.3693 | res=5.17e-03 | grad=5.79e-01 | 1.0s
[   610] loss=-2.3749 | res=5.67e-03 | grad=4.28e-01 | 1.0s
[   611] loss=-2.0701 | res=5.28e-03 | grad=8.30e-01 | 1.0s
[   612] loss=-2.2204 | res=6.15e-03 | grad=6.22e-01 | 1.0s
[   613] loss=-2.2967 | res=5.67e-03 | grad=6.37e-01 | 1.0s
[   614] loss=-2.4163 | res=8.94e-03 | grad=4.20e-01 | 1.0s
[   615] loss=-2.0792 | res=5.14e-03 | grad=3.18e-01 | 1.0s
[   616] loss=-2.3709 | res=4.81e-03 | grad=4.69e-01 | 1.0s
[   617] loss=-2.1646 | res=6.44e-03 | grad=5.28e-01 | 1.0s
[   618] loss=-2.2562 | res=6.39e-03 | grad=6.32e-01 | 1.0s
[   619] loss=-2.3765 | res=5.44e-03 | grad=5.14e-01 | 1.0s
[   620] loss=-2.4064 | res=7.95e-03 | grad=6.54e-01 | 1.0s
[   621] loss=-2.4452 | res=7.42e-03 | grad=8.01e-01 | 1.0s
[   622] loss=-2.2322 | res=7.53e-03 | grad=6.11e-01 | 1.0s
[   623] loss=-2.2997 | res=7.83e-03 | grad=3.24e-01 | 1.0s
[   624] loss=-2.2950 | res=7.16e-03 | grad=6.67e-01 | 1.0s
[   625] loss=-2.2371 | res=6.02e-03 | grad=4.79e-01 | 1.0s
[   626] loss=-2.4066 | res=7.20e-03 | grad=4.28e-01 | 1.0s
[   627] loss=-2.4854 | res=8.07e-03 | grad=3.96e-01 | 1.0s
[   628] loss=-2.4193 | res=7.23e-03 | grad=5.66e-01 | 1.0s
[   629] loss=-2.4360 | res=7.42e-03 | grad=4.56e-01 | 1.0s
[   630] loss=-2.2760 | res=7.05e-03 | grad=5.33e-01 | 1.0s
[   631] loss=-2.0604 | res=6.88e-03 | grad=5.78e-01 | 1.0s
[   632] loss=-2.2071 | res=9.23e-03 | grad=4.04e-01 | 1.0s
[   633] loss=-2.4597 | res=6.11e-03 | grad=7.31e-01 | 1.0s
[   634] loss=-2.1783 | res=8.39e-03 | grad=5.83e-01 | 1.0s
[   635] loss=-2.2871 | res=5.83e-03 | grad=4.82e-01 | 1.0s
[   636] loss=-2.1599 | res=5.84e-03 | grad=5.95e-01 | 1.0s
[   637] loss=-2.3042 | res=8.95e-03 | grad=5.29e-01 | 1.1s
[   638] loss=-2.4037 | res=7.55e-03 | grad=5.94e-01 | 1.1s
[   639] loss=-2.3304 | res=5.35e-03 | grad=7.56e-01 | 1.1s
[   640] loss=-2.2561 | res=7.43e-03 | grad=1.75e-01 | 1.1s
[   641] loss=-2.5588 | res=7.94e-03 | grad=7.11e-01 | 1.1s
[   642] loss=-2.2819 | res=6.18e-03 | grad=2.54e-01 | 1.1s
[   643] loss=-2.2825 | res=4.48e-03 | grad=3.01e-01 | 1.1s
[   644] loss=-2.5142 | res=3.36e-03 | grad=4.13e-01 | 1.1s
[   645] loss=-2.3290 | res=7.82e-03 | grad=4.38e-01 | 1.1s
[   646] loss=-2.2220 | res=7.99e-03 | grad=5.38e-01 | 1.1s
[   647] loss=-2.2554 | res=7.68e-03 | grad=5.64e-01 | 1.1s
[   648] loss=-2.2429 | res=7.51e-03 | grad=5.41e-01 | 1.1s
[   649] loss=-2.2384 | res=8.72e-03 | grad=2.59e-01 | 1.1s
[   650] loss=-2.2906 | res=4.84e-03 | grad=7.99e-01 | 1.1s
[   651] loss=-2.4814 | res=5.32e-03 | grad=4.25e-01 | 1.1s
[   652] loss=-2.3864 | res=7.67e-03 | grad=2.71e-01 | 1.1s
[   653] loss=-2.2069 | res=7.46e-03 | grad=5.44e-01 | 1.1s
[   654] loss=-2.3431 | res=7.08e-03 | grad=3.28e-01 | 1.1s
[   655] loss=-2.3091 | res=4.24e-03 | grad=5.29e-01 | 1.1s
[   656] loss=-2.3085 | res=5.70e-03 | grad=3.34e-01 | 1.1s
[   657] loss=-2.3428 | res=5.05e-03 | grad=6.25e-01 | 1.1s
[   658] loss=-2.5549 | res=5.85e-03 | grad=4.94e-01 | 1.0s
[   659] loss=-2.3354 | res=6.96e-03 | grad=3.11e-01 | 1.0s
[   660] loss=-2.4383 | res=6.39e-03 | grad=1.04e-01 | 1.0s
[   661] loss=-2.3650 | res=4.05e-03 | grad=3.08e-01 | 1.0s
[   662] loss=-2.2727 | res=7.18e-03 | grad=5.99e-01 | 1.0s
[   663] loss=-2.2621 | res=5.46e-03 | grad=6.18e-01 | 1.0s
[   664] loss=-2.3863 | res=4.48e-03 | grad=3.20e-01 | 1.0s
[   665] loss=-2.0984 | res=7.87e-03 | grad=3.46e-01 | 1.0s
[   666] loss=-2.4050 | res=8.75e-03 | grad=7.06e-01 | 1.0s
[   667] loss=-2.5207 | res=5.29e-03 | grad=4.53e-01 | 1.0s
[   668] loss=-2.5494 | res=5.69e-03 | grad=4.47e-01 | 1.0s
[   669] loss=-2.4255 | res=6.50e-03 | grad=5.20e-01 | 1.0s
[   670] loss=-2.3338 | res=5.67e-03 | grad=1.19e-01 | 1.0s
[   671] loss=-2.1291 | res=5.64e-03 | grad=6.18e-01 | 1.0s
[   672] loss=-2.4697 | res=9.59e-03 | grad=3.95e-01 | 1.0s
[   673] loss=-2.2641 | res=7.79e-03 | grad=4.91e-01 | 1.0s
[   674] loss=-2.2126 | res=7.16e-03 | grad=5.13e-01 | 1.0s
[   675] loss=-2.4835 | res=7.61e-03 | grad=5.50e-01 | 1.0s
[   676] loss=-2.2256 | res=6.01e-03 | grad=2.44e-01 | 1.0s
[   677] loss=-2.1299 | res=7.67e-03 | grad=5.76e-01 | 1.0s
[   678] loss=-2.4616 | res=7.87e-03 | grad=5.01e-01 | 1.0s
[   679] loss=-2.4252 | res=7.85e-03 | grad=4.52e-01 | 1.0s
[   680] loss=-2.3656 | res=4.84e-03 | grad=2.56e-01 | 1.0s
[   681] loss=-2.4273 | res=7.55e-03 | grad=2.48e-01 | 1.0s
[   682] loss=-2.3678 | res=6.11e-03 | grad=4.43e-01 | 1.0s
[   683] loss=-2.2875 | res=5.21e-03 | grad=3.85e-01 | 1.0s
[   684] loss=-2.2742 | res=7.68e-03 | grad=3.42e-01 | 1.0s
[   685] loss=-2.2877 | res=7.22e-03 | grad=9.13e-01 | 1.0s
[   686] loss=-2.2660 | res=4.35e-03 | grad=3.93e-01 | 1.0s
[   687] loss=-2.3411 | res=6.58e-03 | grad=6.02e-01 | 1.0s
[   688] loss=-2.3534 | res=5.55e-03 | grad=3.93e-01 | 1.0s
[   689] loss=-2.4497 | res=6.90e-03 | grad=3.55e-01 | 1.0s
[   690] loss=-2.3933 | res=6.91e-03 | grad=2.52e-01 | 1.0s
[   691] loss=-2.1502 | res=6.54e-03 | grad=4.69e-01 | 1.0s
[   692] loss=-2.3373 | res=6.53e-03 | grad=3.35e-01 | 1.0s
[   693] loss=-2.4295 | res=6.35e-03 | grad=4.95e-01 | 1.0s
[   694] loss=-2.3296 | res=5.13e-03 | grad=4.59e-01 | 1.0s
[   695] loss=-2.3243 | res=7.75e-03 | grad=3.39e-01 | 1.0s
[   696] loss=-2.2547 | res=6.50e-03 | grad=3.45e-01 | 1.0s
[   697] loss=-2.3885 | res=5.57e-03 | grad=6.08e-01 | 1.0s
[   698] loss=-2.2448 | res=5.12e-03 | grad=3.62e-01 | 1.0s
[   699] loss=-2.3360 | res=6.17e-03 | grad=3.29e-01 | 1.0s
[   700] loss=-2.2069 | res=9.37e-03 | grad=4.74e-01 | 1.0s
[   701] loss=-2.4733 | res=8.21e-03 | grad=4.55e-01 | 1.0s
[   702] loss=-2.2570 | res=6.70e-03 | grad=4.97e-01 | 1.0s
[   703] loss=-2.4352 | res=6.73e-03 | grad=4.60e-01 | 1.0s
[   704] loss=-2.6343 | res=6.60e-03 | grad=5.15e-01 | 1.0s
[   705] loss=-2.2490 | res=5.91e-03 | grad=2.72e-01 | 1.0s
[   706] loss=-2.3865 | res=5.38e-03 | grad=4.21e-01 | 1.0s
[   707] loss=-2.1049 | res=8.54e-03 | grad=8.61e-01 | 1.0s
[   708] loss=-2.3238 | res=5.63e-03 | grad=4.24e-01 | 1.0s
[   709] loss=-2.5559 | res=6.00e-03 | grad=5.41e-01 | 1.1s
[   710] loss=-2.2355 | res=5.63e-03 | grad=7.11e-01 | 1.1s
[   711] loss=-2.2299 | res=7.25e-03 | grad=2.67e-01 | 1.1s
[   712] loss=-2.4158 | res=6.19e-03 | grad=5.56e-01 | 1.1s
[   713] loss=-2.3522 | res=5.95e-03 | grad=4.95e-01 | 1.1s
[   714] loss=-2.2867 | res=5.58e-03 | grad=4.72e-01 | 1.1s
[   715] loss=-2.2299 | res=7.36e-03 | grad=7.11e-01 | 1.0s
[   716] loss=-2.2438 | res=8.02e-03 | grad=6.07e-01 | 1.0s
[   717] loss=-2.3864 | res=7.77e-03 | grad=2.43e-01 | 1.0s
[   718] loss=-2.2964 | res=5.65e-03 | grad=5.52e-01 | 1.0s
[   719] loss=-2.2701 | res=5.81e-03 | grad=4.24e-01 | 1.0s
[   720] loss=-2.3186 | res=6.08e-03 | grad=5.27e-01 | 1.0s
[   721] loss=-2.3095 | res=7.24e-03 | grad=3.90e-01 | 1.0s
[   722] loss=-2.2935 | res=6.75e-03 | grad=4.14e-01 | 1.0s
[   723] loss=-2.3202 | res=5.38e-03 | grad=2.44e-01 | 1.0s
[   724] loss=-2.2279 | res=4.56e-03 | grad=3.99e-01 | 1.0s
[   725] loss=-2.2694 | res=8.20e-03 | grad=2.93e-01 | 1.0s
[   726] loss=-2.2664 | res=4.81e-03 | grad=6.23e-01 | 1.0s
[   727] loss=-2.2127 | res=8.72e-03 | grad=3.78e-01 | 1.0s
[   728] loss=-2.3838 | res=6.00e-03 | grad=5.63e-01 | 1.0s
[   729] loss=-1.9764 | res=4.21e-03 | grad=5.62e-01 | 1.0s
[   730] loss=-2.2348 | res=1.08e-02 | grad=5.11e-01 | 1.0s
[   731] loss=-2.5095 | res=6.08e-03 | grad=9.42e-01 | 1.0s
[   732] loss=-2.4253 | res=8.61e-03 | grad=8.81e-01 | 1.0s
[   733] loss=-2.3610 | res=4.48e-03 | grad=5.84e-01 | 1.0s
[   734] loss=-2.2684 | res=6.39e-03 | grad=3.03e-01 | 1.0s
[   735] loss=-2.3621 | res=7.16e-03 | grad=6.28e-01 | 1.0s
[   736] loss=-2.3002 | res=4.64e-03 | grad=3.68e-01 | 1.0s
[   737] loss=-2.3277 | res=6.10e-03 | grad=5.27e-01 | 1.0s
[   738] loss=-2.3185 | res=5.52e-03 | grad=4.80e-01 | 1.0s
[   739] loss=-2.3011 | res=7.61e-03 | grad=2.77e-01 | 1.0s
[   740] loss=-2.2942 | res=6.44e-03 | grad=5.01e-01 | 1.0s
[   741] loss=-2.0665 | res=6.28e-03 | grad=6.83e-01 | 1.1s
[   742] loss=-2.2673 | res=5.08e-03 | grad=2.87e-01 | 1.1s
[   743] loss=-2.5308 | res=6.33e-03 | grad=3.15e-01 | 1.1s
[   744] loss=-2.2658 | res=4.52e-03 | grad=1.45e-01 | 1.1s
[   745] loss=-2.1198 | res=7.12e-03 | grad=2.15e-01 | 1.1s
[   746] loss=-2.2853 | res=4.77e-03 | grad=3.82e-01 | 1.1s
[   747] loss=-2.3661 | res=1.05e-02 | grad=9.16e-01 | 1.1s
[   748] loss=-2.2442 | res=5.66e-03 | grad=4.99e-01 | 1.1s
[   749] loss=-2.4661 | res=4.19e-03 | grad=4.66e-01 | 1.1s
[   750] loss=-2.5668 | res=5.19e-03 | grad=8.63e-01 | 1.1s
[   751] loss=-2.2619 | res=7.52e-03 | grad=5.47e-01 | 1.1s
[   752] loss=-2.0551 | res=7.46e-03 | grad=5.72e-01 | 1.1s
[   753] loss=-2.1764 | res=5.50e-03 | grad=3.00e-01 | 1.1s
[   754] loss=-2.3925 | res=6.12e-03 | grad=4.79e-01 | 1.1s
[   755] loss=-2.4982 | res=6.07e-03 | grad=5.13e-01 | 1.1s
[   756] loss=-2.0693 | res=7.04e-03 | grad=6.31e-01 | 1.1s
[   757] loss=-2.5671 | res=5.08e-03 | grad=3.03e-01 | 1.1s
[   758] loss=-2.4120 | res=8.00e-03 | grad=3.32e-01 | 1.1s
[   759] loss=-2.3219 | res=6.60e-03 | grad=2.48e-01 | 1.1s
[   760] loss=-2.2899 | res=7.68e-03 | grad=3.93e-01 | 1.1s
[   761] loss=-2.3827 | res=6.34e-03 | grad=4.12e-01 | 1.1s
[   762] loss=-2.3173 | res=6.64e-03 | grad=2.63e-01 | 1.0s
[   763] loss=-2.2629 | res=4.99e-03 | grad=3.36e-01 | 1.0s
[   764] loss=-2.0498 | res=7.92e-03 | grad=3.83e-01 | 1.0s
[   765] loss=-2.3208 | res=6.53e-03 | grad=3.97e-01 | 1.0s
[   766] loss=-2.2944 | res=7.15e-03 | grad=7.07e-01 | 1.0s
[   767] loss=-2.3598 | res=7.31e-03 | grad=9.98e-01 | 1.0s
[   768] loss=-2.2977 | res=6.28e-03 | grad=3.91e-01 | 1.0s
[   769] loss=-2.0770 | res=5.69e-03 | grad=6.50e-01 | 1.0s
[   770] loss=-2.3434 | res=6.05e-03 | grad=7.23e-01 | 1.0s
[   771] loss=-2.3308 | res=7.40e-03 | grad=5.76e-01 | 1.0s
[   772] loss=-2.4078 | res=5.29e-03 | grad=2.70e-01 | 1.0s
[   773] loss=-2.3981 | res=4.46e-03 | grad=9.97e-02 | 1.0s
[   774] loss=-2.0856 | res=4.73e-03 | grad=6.13e-01 | 1.0s
[   775] loss=-2.3408 | res=7.42e-03 | grad=2.67e-01 | 1.0s
[   776] loss=-2.1218 | res=5.65e-03 | grad=3.58e-01 | 1.0s
[   777] loss=-2.4183 | res=5.48e-03 | grad=2.64e-01 | 1.0s
[   778] loss=-2.4068 | res=5.62e-03 | grad=2.35e-01 | 1.0s
[   779] loss=-2.1869 | res=5.43e-03 | grad=5.49e-01 | 1.0s
[   780] loss=-2.4144 | res=8.58e-03 | grad=3.41e-01 | 1.0s
[   781] loss=-2.4237 | res=5.89e-03 | grad=4.98e-01 | 1.0s
[   782] loss=-2.3143 | res=4.67e-03 | grad=2.59e-01 | 1.0s
[   783] loss=-2.2838 | res=4.86e-03 | grad=4.20e-01 | 1.0s
[   784] loss=-2.3494 | res=4.30e-03 | grad=3.58e-01 | 1.0s
[   785] loss=-2.1779 | res=5.08e-03 | grad=1.72e-01 | 1.0s
[   786] loss=-2.4278 | res=4.95e-03 | grad=3.26e-01 | 1.0s
[   787] loss=-2.2997 | res=6.20e-03 | grad=3.35e-01 | 1.0s
[   788] loss=-2.2514 | res=5.23e-03 | grad=2.42e-01 | 1.0s
[   789] loss=-2.3163 | res=4.11e-03 | grad=3.42e-01 | 1.0s
[   790] loss=-2.2418 | res=5.97e-03 | grad=4.35e-01 | 1.0s
[   791] loss=-2.2214 | res=8.19e-03 | grad=8.31e-01 | 1.0s
[   792] loss=-2.3901 | res=4.60e-03 | grad=5.26e-01 | 1.0s
[   793] loss=-2.5083 | res=5.92e-03 | grad=4.50e-01 | 1.0s
[   794] loss=-2.3802 | res=6.98e-03 | grad=6.29e-01 | 1.0s
[   795] loss=-2.3223 | res=6.06e-03 | grad=5.04e-01 | 1.0s
[   796] loss=-2.2072 | res=6.33e-03 | grad=4.05e-01 | 1.0s
[   797] loss=-2.1090 | res=6.71e-03 | grad=2.86e-01 | 1.0s
[   798] loss=-2.3277 | res=6.70e-03 | grad=5.32e-01 | 1.0s
[   799] loss=-2.3658 | res=5.10e-03 | grad=6.49e-01 | 1.0s
[   800] loss=-2.3551 | res=4.36e-03 | grad=2.18e-01 | 1.0s
[   801] loss=-2.4526 | res=4.00e-03 | grad=3.47e-01 | 1.0s
[   802] loss=-2.3973 | res=7.15e-03 | grad=8.10e-01 | 1.0s
[   803] loss=-2.2199 | res=4.53e-03 | grad=4.61e-01 | 1.0s
[   804] loss=-2.2170 | res=6.01e-03 | grad=4.93e-01 | 1.0s
[   805] loss=-2.3429 | res=4.17e-03 | grad=1.79e-01 | 1.0s
[   806] loss=-2.4194 | res=4.84e-03 | grad=4.93e-01 | 1.0s
[   807] loss=-2.4488 | res=5.36e-03 | grad=6.40e-01 | 1.0s
[   808] loss=-2.2051 | res=6.90e-03 | grad=5.10e-01 | 1.0s
[   809] loss=-2.3370 | res=8.25e-03 | grad=3.64e-01 | 1.0s
[   810] loss=-2.3956 | res=6.67e-03 | grad=1.05e+00 | 1.0s
[   811] loss=-2.2602 | res=4.81e-03 | grad=6.54e-01 | 1.0s
[   812] loss=-2.4141 | res=5.94e-03 | grad=8.59e-01 | 1.0s
[   813] loss=-2.3114 | res=5.28e-03 | grad=6.03e-01 | 1.0s
[   814] loss=-2.1129 | res=4.50e-03 | grad=9.07e-01 | 1.0s
[   815] loss=-2.1986 | res=4.57e-03 | grad=4.59e-01 | 1.0s
[   816] loss=-2.3611 | res=5.98e-03 | grad=8.38e-01 | 1.0s
[   817] loss=-2.2679 | res=5.74e-03 | grad=5.27e-01 | 1.0s
[   818] loss=-2.3768 | res=6.90e-03 | grad=6.93e-01 | 1.0s
[   819] loss=-2.3643 | res=5.91e-03 | grad=1.02e+00 | 1.1s
[   820] loss=-2.3123 | res=4.30e-03 | grad=6.56e-01 | 1.1s
[   821] loss=-2.1103 | res=7.86e-03 | grad=9.87e-01 | 1.1s
[   822] loss=-2.3530 | res=6.87e-03 | grad=4.20e-01 | 1.1s
[   823] loss=-2.2076 | res=6.16e-03 | grad=3.97e-01 | 1.1s
[   824] loss=-2.3861 | res=5.85e-03 | grad=3.76e-01 | 1.1s
[   825] loss=-2.0483 | res=5.18e-03 | grad=1.10e+00 | 1.1s
[   826] loss=-2.2105 | res=6.82e-03 | grad=4.79e-01 | 1.1s
[   827] loss=-2.4024 | res=6.62e-03 | grad=6.59e-01 | 1.1s
[   828] loss=-2.3356 | res=8.76e-03 | grad=5.74e-01 | 1.1s
[   829] loss=-2.3326 | res=8.21e-03 | grad=3.14e-01 | 1.1s
[   830] loss=-2.1617 | res=3.89e-03 | grad=3.39e-01 | 1.1s
[   831] loss=-2.3386 | res=6.51e-03 | grad=5.60e-01 | 1.1s
[   832] loss=-2.3333 | res=4.31e-03 | grad=5.56e-01 | 1.1s
[   833] loss=-2.4516 | res=6.87e-03 | grad=4.57e-01 | 1.1s
[   834] loss=-2.2017 | res=2.73e-03 | grad=5.91e-01 | 1.1s
[   835] loss=-2.4731 | res=5.88e-03 | grad=3.40e-01 | 1.1s
[   836] loss=-2.1714 | res=4.52e-03 | grad=7.27e-01 | 1.1s
[   837] loss=-2.3484 | res=6.13e-03 | grad=7.83e-01 | 1.1s
[   838] loss=-2.3153 | res=5.50e-03 | grad=1.99e-01 | 1.1s
[   839] loss=-2.3949 | res=4.90e-03 | grad=3.53e-01 | 1.1s
[   840] loss=-2.3852 | res=5.95e-03 | grad=3.40e-01 | 1.0s
[   841] loss=-2.3219 | res=4.25e-03 | grad=1.91e-01 | 1.0s
[   842] loss=-2.2523 | res=5.48e-03 | grad=5.27e-01 | 1.0s
[   843] loss=-2.4388 | res=6.83e-03 | grad=6.27e-01 | 1.0s
[   844] loss=-2.1870 | res=5.42e-03 | grad=6.16e-01 | 1.0s
[   845] loss=-2.5187 | res=3.89e-03 | grad=4.31e-01 | 1.0s
[   846] loss=-2.2753 | res=3.90e-03 | grad=3.60e-01 | 1.0s
[   847] loss=-2.1215 | res=5.81e-03 | grad=3.33e-01 | 1.0s
[   848] loss=-2.3105 | res=6.17e-03 | grad=4.95e-01 | 1.0s
[   849] loss=-2.2484 | res=4.31e-03 | grad=5.02e-01 | 1.0s
[   850] loss=-2.2323 | res=7.22e-03 | grad=5.63e-01 | 1.0s
[   851] loss=-2.4127 | res=6.02e-03 | grad=4.63e-01 | 1.0s
[   852] loss=-2.4002 | res=6.55e-03 | grad=4.82e-01 | 1.0s
[   853] loss=-2.2146 | res=5.08e-03 | grad=5.34e-01 | 1.0s
[   854] loss=-2.3741 | res=4.05e-03 | grad=4.11e-01 | 1.0s
[   855] loss=-2.4244 | res=6.37e-03 | grad=3.42e-01 | 1.0s
[   856] loss=-2.4136 | res=5.65e-03 | grad=5.05e-01 | 1.0s
[   857] loss=-2.1125 | res=5.23e-03 | grad=5.56e-01 | 1.0s
[   858] loss=-2.2310 | res=6.33e-03 | grad=3.18e-01 | 1.0s
[   859] loss=-2.3145 | res=5.35e-03 | grad=4.14e-01 | 1.0s
[   860] loss=-2.3614 | res=4.88e-03 | grad=2.63e-01 | 1.0s
[   861] loss=-2.2136 | res=3.96e-03 | grad=1.89e-01 | 1.0s
[   862] loss=-2.2229 | res=5.82e-03 | grad=1.98e-01 | 1.0s
[   863] loss=-2.2132 | res=7.70e-03 | grad=6.64e-01 | 1.0s
[   864] loss=-2.2882 | res=6.85e-03 | grad=7.48e-01 | 1.0s
[   865] loss=-2.4397 | res=7.57e-03 | grad=7.98e-01 | 1.0s
[   866] loss=-2.1870 | res=5.78e-03 | grad=3.45e-01 | 1.0s
[   867] loss=-2.1837 | res=7.35e-03 | grad=1.91e-01 | 1.0s
[   868] loss=-2.2531 | res=6.34e-03 | grad=2.27e-01 | 1.0s
[   869] loss=-2.2211 | res=5.61e-03 | grad=2.01e-01 | 1.0s
[   870] loss=-2.2910 | res=7.17e-03 | grad=4.61e-01 | 1.0s
[   871] loss=-2.4279 | res=6.20e-03 | grad=6.05e-01 | 1.0s
[   872] loss=-2.2594 | res=7.18e-03 | grad=5.58e-01 | 1.0s
[   873] loss=-2.2869 | res=4.09e-03 | grad=4.48e-01 | 1.0s
[   874] loss=-2.2962 | res=3.49e-03 | grad=3.13e-01 | 1.0s
[   875] loss=-2.4319 | res=6.54e-03 | grad=2.60e-01 | 1.0s
[   876] loss=-2.3506 | res=4.18e-03 | grad=1.62e-01 | 1.0s
[   877] loss=-2.1910 | res=6.37e-03 | grad=5.58e-01 | 1.0s
[   878] loss=-2.3269 | res=7.09e-03 | grad=4.42e-01 | 1.0s
[   879] loss=-2.5699 | res=5.88e-03 | grad=7.42e-01 | 1.0s
[   880] loss=-2.0736 | res=5.86e-03 | grad=3.15e-01 | 1.0s
[   881] loss=-2.3472 | res=4.44e-03 | grad=5.11e-01 | 1.0s
[   882] loss=-2.2163 | res=5.08e-03 | grad=2.03e-01 | 1.0s
[   883] loss=-2.2774 | res=5.44e-03 | grad=3.64e-01 | 1.0s
[   884] loss=-2.2523 | res=5.98e-03 | grad=3.18e-01 | 1.0s
[   885] loss=-2.2082 | res=9.11e-03 | grad=2.71e-01 | 1.0s
[   886] loss=-2.3272 | res=4.40e-03 | grad=4.11e-01 | 1.0s
[   887] loss=-2.2422 | res=7.33e-03 | grad=1.44e-01 | 1.0s
[   888] loss=-2.3051 | res=4.81e-03 | grad=3.37e-01 | 1.0s
[   889] loss=-2.3012 | res=5.55e-03 | grad=4.72e-01 | 1.0s
[   890] loss=-2.4459 | res=4.28e-03 | grad=2.97e-01 | 1.0s
[   891] loss=-2.1286 | res=6.22e-03 | grad=2.62e-01 | 1.0s
[   892] loss=-2.2578 | res=5.10e-03 | grad=2.35e-01 | 1.0s
[   893] loss=-2.1717 | res=7.18e-03 | grad=6.72e-01 | 1.0s
[   894] loss=-2.2838 | res=5.19e-03 | grad=1.39e-01 | 1.0s
[   895] loss=-2.3919 | res=6.82e-03 | grad=2.29e-01 | 1.0s
[   896] loss=-2.3829 | res=5.52e-03 | grad=3.19e-01 | 1.0s
[   897] loss=-2.2464 | res=4.87e-03 | grad=5.16e-01 | 1.0s
[   898] loss=-2.3378 | res=7.20e-03 | grad=3.08e-01 | 1.1s
[   899] loss=-2.1268 | res=6.37e-03 | grad=5.56e-01 | 1.0s
[   900] loss=-2.1991 | res=5.11e-03 | grad=4.99e-01 | 1.1s
[   901] loss=-2.3437 | res=7.43e-03 | grad=2.21e-01 | 1.0s
[   902] loss=-2.2382 | res=6.87e-03 | grad=5.35e-01 | 1.0s
[   903] loss=-2.2305 | res=9.66e-03 | grad=4.87e-01 | 1.0s
[   904] loss=-2.4339 | res=5.05e-03 | grad=8.51e-01 | 1.1s
[   905] loss=-2.5542 | res=5.96e-03 | grad=1.13e+00 | 1.0s
[   906] loss=-2.2898 | res=5.61e-03 | grad=2.99e-01 | 1.0s
[   907] loss=-2.3743 | res=5.72e-03 | grad=4.10e-01 | 1.0s
[   908] loss=-2.2732 | res=6.08e-03 | grad=2.31e-01 | 1.0s
[   909] loss=-2.3208 | res=7.01e-03 | grad=3.27e-01 | 1.0s
[   910] loss=-2.2969 | res=5.23e-03 | grad=4.49e-01 | 1.0s
[   911] loss=-2.3041 | res=4.25e-03 | grad=2.44e-01 | 1.1s
[   912] loss=-2.3123 | res=6.09e-03 | grad=2.84e-01 | 1.0s
[   913] loss=-2.3380 | res=6.58e-03 | grad=4.52e-01 | 1.1s
[   914] loss=-2.4323 | res=5.02e-03 | grad=2.86e-01 | 1.1s
[   915] loss=-2.4289 | res=6.17e-03 | grad=4.53e-01 | 1.1s
[   916] loss=-2.2333 | res=5.46e-03 | grad=3.99e-01 | 1.0s
[   917] loss=-2.3582 | res=6.99e-03 | grad=2.32e-01 | 1.0s
[   918] loss=-2.3014 | res=5.36e-03 | grad=2.89e-01 | 1.1s
[   919] loss=-2.3133 | res=4.35e-03 | grad=3.50e-01 | 1.1s
[   920] loss=-2.5240 | res=5.98e-03 | grad=6.03e-01 | 1.0s
[   921] loss=-2.3124 | res=4.39e-03 | grad=8.70e-01 | 1.0s
[   922] loss=-2.2032 | res=5.40e-03 | grad=2.60e-01 | 1.1s
[   923] loss=-2.2802 | res=6.15e-03 | grad=2.11e-01 | 1.0s
[   924] loss=-2.4158 | res=6.25e-03 | grad=7.75e-01 | 1.0s
[   925] loss=-2.1744 | res=5.36e-03 | grad=3.44e-01 | 1.0s
[   926] loss=-2.3870 | res=6.74e-03 | grad=6.12e-01 | 1.0s
[   927] loss=-2.1981 | res=6.20e-03 | grad=6.38e-01 | 1.0s
[   928] loss=-2.4933 | res=5.54e-03 | grad=3.35e-01 | 1.0s
[   929] loss=-2.4191 | res=8.11e-03 | grad=4.22e-01 | 1.0s
[   930] loss=-2.1201 | res=4.42e-03 | grad=3.46e-01 | 1.0s
[   931] loss=-2.3104 | res=3.85e-03 | grad=6.16e-01 | 1.0s
[   932] loss=-2.2626 | res=3.61e-03 | grad=4.66e-01 | 1.0s
[   933] loss=-2.2060 | res=5.24e-03 | grad=5.44e-01 | 1.0s
[   934] loss=-2.2479 | res=5.22e-03 | grad=4.64e-01 | 1.0s
[   935] loss=-2.4095 | res=5.09e-03 | grad=5.21e-01 | 1.0s
[   936] loss=-2.3133 | res=5.57e-03 | grad=7.07e-01 | 1.0s
[   937] loss=-2.2147 | res=5.20e-03 | grad=5.14e-01 | 1.0s
[   938] loss=-2.3195 | res=6.67e-03 | grad=2.42e-01 | 1.0s
[   939] loss=-2.3165 | res=2.85e-03 | grad=1.71e-01 | 1.0s
[   940] loss=-2.2226 | res=3.81e-03 | grad=3.54e-01 | 1.0s
[   941] loss=-2.1125 | res=5.45e-03 | grad=4.57e-01 | 1.0s
[   942] loss=-2.1783 | res=3.92e-03 | grad=3.93e-01 | 1.0s
[   943] loss=-2.3526 | res=6.86e-03 | grad=3.99e-01 | 1.0s
[   944] loss=-2.0694 | res=5.08e-03 | grad=3.39e-01 | 1.0s
[   945] loss=-2.4129 | res=5.85e-03 | grad=4.05e-01 | 1.0s
[   946] loss=-2.4082 | res=5.87e-03 | grad=2.76e-01 | 1.0s
[   947] loss=-2.3511 | res=5.19e-03 | grad=5.00e-01 | 1.0s
[   948] loss=-2.4234 | res=5.64e-03 | grad=4.65e-01 | 1.0s
[   949] loss=-2.3040 | res=6.58e-03 | grad=4.01e-01 | 1.1s
[   950] loss=-2.3202 | res=5.10e-03 | grad=5.89e-01 | 1.1s
[   951] loss=-2.1386 | res=7.86e-03 | grad=6.04e-01 | 1.1s
[   952] loss=-2.3693 | res=5.67e-03 | grad=1.53e-01 | 1.1s
[   953] loss=-2.4926 | res=6.97e-03 | grad=4.32e-01 | 1.1s
[   954] loss=-2.1739 | res=3.80e-03 | grad=7.39e-01 | 1.1s
[   955] loss=-2.2158 | res=4.16e-03 | grad=5.05e-01 | 1.1s
[   956] loss=-2.3381 | res=6.37e-03 | grad=4.86e-01 | 1.1s
[   957] loss=-2.2348 | res=6.18e-03 | grad=3.71e-01 | 1.1s
[   958] loss=-2.2407 | res=4.75e-03 | grad=5.28e-01 | 1.1s
[   959] loss=-2.3814 | res=5.18e-03 | grad=6.52e-01 | 1.1s
[   960] loss=-2.3613 | res=4.93e-03 | grad=1.57e-01 | 1.1s
[   961] loss=-2.2657 | res=4.68e-03 | grad=6.91e-01 | 1.1s
[   962] loss=-2.2229 | res=4.87e-03 | grad=5.82e-01 | 1.1s
[   963] loss=-2.3360 | res=4.44e-03 | grad=4.72e-01 | 1.1s
[   964] loss=-2.1344 | res=6.20e-03 | grad=4.11e-01 | 1.1s
[   965] loss=-2.2565 | res=6.91e-03 | grad=5.79e-01 | 1.1s
[   966] loss=-2.0139 | res=6.14e-03 | grad=6.55e-01 | 1.1s
[   967] loss=-2.1631 | res=3.41e-03 | grad=2.63e-01 | 1.1s
[   968] loss=-2.1711 | res=5.91e-03 | grad=6.88e-01 | 1.1s
[   969] loss=-2.3713 | res=5.72e-03 | grad=3.51e-01 | 1.1s
[   970] loss=-2.3371 | res=5.72e-03 | grad=5.88e-01 | 1.1s
[   971] loss=-2.3051 | res=7.23e-03 | grad=8.12e-01 | 1.0s
[   972] loss=-2.2305 | res=4.02e-03 | grad=4.44e-01 | 1.0s
[   973] loss=-2.4795 | res=7.58e-03 | grad=4.52e-01 | 1.1s
[   974] loss=-2.5450 | res=5.59e-03 | grad=8.13e-01 | 1.0s
[   975] loss=-2.2722 | res=4.44e-03 | grad=6.24e-01 | 1.0s
[   976] loss=-2.3404 | res=4.28e-03 | grad=7.83e-01 | 1.0s
[   977] loss=-2.0467 | res=6.97e-03 | grad=7.41e-01 | 1.0s
[   978] loss=-2.4905 | res=6.74e-03 | grad=5.28e-01 | 1.0s
[   979] loss=-2.1555 | res=6.83e-03 | grad=4.85e-01 | 1.0s
[   980] loss=-2.4738 | res=5.55e-03 | grad=4.70e-01 | 1.0s
[   981] loss=-2.1965 | res=3.71e-03 | grad=6.22e-01 | 1.0s
[   982] loss=-2.1906 | res=4.08e-03 | grad=2.41e-01 | 1.0s
[   983] loss=-2.2487 | res=6.38e-03 | grad=2.53e-01 | 1.0s
[   984] loss=-2.1883 | res=4.70e-03 | grad=3.04e-01 | 1.0s
[   985] loss=-2.3554 | res=4.19e-03 | grad=6.82e-01 | 1.0s
[   986] loss=-2.1107 | res=5.12e-03 | grad=2.83e-01 | 1.0s
[   987] loss=-2.1482 | res=7.36e-03 | grad=4.90e-01 | 1.0s
[   988] loss=-2.3956 | res=5.56e-03 | grad=6.34e-01 | 1.0s
[   989] loss=-2.2853 | res=4.82e-03 | grad=3.26e-01 | 1.0s
[   990] loss=-2.5255 | res=4.93e-03 | grad=6.46e-01 | 1.0s
[   991] loss=-2.3462 | res=7.59e-03 | grad=4.21e-01 | 1.0s
[   992] loss=-2.3774 | res=3.78e-03 | grad=3.82e-01 | 1.0s
[   993] loss=-2.2120 | res=5.11e-03 | grad=5.14e-01 | 1.0s
[   994] loss=-2.4946 | res=4.78e-03 | grad=3.69e-01 | 1.0s
[   995] loss=-2.4168 | res=6.36e-03 | grad=4.08e-01 | 1.0s
[   996] loss=-2.3406 | res=8.79e-03 | grad=3.70e-01 | 1.0s
[   997] loss=-2.2318 | res=5.46e-03 | grad=2.47e-01 | 1.0s
[   998] loss=-2.2652 | res=2.99e-03 | grad=5.55e-01 | 1.0s
[   999] loss=-2.1358 | res=3.96e-03 | grad=6.76e-01 | 1.0s
[  1000] loss=-2.2856 | res=3.81e-03 | grad=5.79e-01 | 1.0s
    KL = 0.1166
    ESS ratio = 0.803
    Runtime = 1040.4s

  --- Run 3/5 (seed=34567) ---
/home/sjbhatt/anaconda3/envs/rcpms-jax/lib/python3.10/site-packages/jax/_src/ops/scatter.py:92: FutureWarning: scatter inputs have incompatible types: cannot safely cast value from dtype=int64 to dtype=int32 with jax_numpy_dtype_promotion='standard'. In future JAX releases this will result in an error.
  warnings.warn(
/home/sjbhatt/anaconda3/envs/rcpms-jax/lib/python3.10/site-packages/jax/_src/ops/scatter.py:92: FutureWarning: scatter inputs have incompatible types: cannot safely cast value from dtype=int64 to dtype=int32 with jax_numpy_dtype_promotion='standard'. In future JAX releases this will result in an error.
  warnings.warn(
[     1] loss=-0.0428 | res=2.75e-03 | grad=6.48e+00 | 5.2s
[     2] loss=-0.1960 | res=3.28e-03 | grad=6.46e+00 | 1.0s
[     3] loss=-0.3365 | res=3.12e-03 | grad=6.11e+00 | 1.1s
[     4] loss=-0.4875 | res=5.36e-03 | grad=6.59e+00 | 1.1s
[     5] loss=-0.6652 | res=5.61e-03 | grad=7.18e+00 | 1.1s
[     6] loss=-0.8246 | res=6.76e-03 | grad=7.65e+00 | 1.1s
[     7] loss=-0.9648 | res=7.44e-03 | grad=7.71e+00 | 1.1s
[     8] loss=-1.1365 | res=8.33e-03 | grad=7.92e+00 | 1.1s
[     9] loss=-1.3869 | res=9.39e-03 | grad=8.47e+00 | 1.1s
[    10] loss=-1.4939 | res=8.87e-03 | grad=7.76e+00 | 1.1s
[    11] loss=-1.6878 | res=8.38e-03 | grad=7.39e+00 | 1.1s
[    12] loss=-1.7307 | res=8.49e-03 | grad=6.02e+00 | 1.1s
[    13] loss=-1.8022 | res=7.77e-03 | grad=4.73e+00 | 1.1s
[    14] loss=-2.0053 | res=6.44e-03 | grad=4.08e+00 | 1.1s
[    15] loss=-2.0515 | res=4.84e-03 | grad=3.39e+00 | 1.1s
[    16] loss=-2.2414 | res=6.84e-03 | grad=2.92e+00 | 1.1s
[    17] loss=-2.1204 | res=8.67e-03 | grad=2.08e+00 | 1.1s
[    18] loss=-2.2634 | res=6.22e-03 | grad=1.77e+00 | 1.1s
[    19] loss=-2.1023 | res=5.95e-03 | grad=1.08e+00 | 1.1s
[    20] loss=-2.1809 | res=7.48e-03 | grad=5.91e-01 | 1.1s
[    21] loss=-2.3155 | res=8.72e-03 | grad=3.82e-01 | 1.0s
[    22] loss=-2.3044 | res=7.54e-03 | grad=4.31e-01 | 1.0s
[    23] loss=-2.3006 | res=5.21e-03 | grad=5.59e-01 | 1.0s
[    24] loss=-2.1926 | res=8.31e-03 | grad=8.81e-01 | 1.0s
[    25] loss=-2.4203 | res=6.22e-03 | grad=1.10e+00 | 1.0s
[    26] loss=-2.1793 | res=5.55e-03 | grad=1.50e+00 | 1.0s
[    27] loss=-1.9757 | res=3.14e-03 | grad=1.67e+00 | 1.0s
[    28] loss=-2.1757 | res=5.68e-03 | grad=1.60e+00 | 1.0s
[    29] loss=-2.1766 | res=7.78e-03 | grad=1.84e+00 | 1.0s
[    30] loss=-2.0110 | res=8.83e-03 | grad=1.74e+00 | 1.0s
[    31] loss=-2.1873 | res=8.46e-03 | grad=1.53e+00 | 1.0s
[    32] loss=-2.2895 | res=7.01e-03 | grad=9.85e-01 | 1.0s
[    33] loss=-2.4847 | res=1.07e-02 | grad=9.44e-01 | 1.0s
[    34] loss=-2.3652 | res=8.18e-03 | grad=9.87e-01 | 1.0s
[    35] loss=-2.4276 | res=9.49e-03 | grad=4.39e-01 | 1.0s
[    36] loss=-2.0956 | res=1.17e-02 | grad=6.12e-01 | 1.0s
[    37] loss=-2.4761 | res=1.03e-02 | grad=3.75e-01 | 1.0s
[    38] loss=-2.2385 | res=1.37e-02 | grad=3.87e-01 | 1.0s
[    39] loss=-2.3684 | res=1.14e-02 | grad=2.06e-01 | 1.0s
[    40] loss=-2.1489 | res=8.95e-03 | grad=4.73e-01 | 1.0s
[    41] loss=-2.2603 | res=9.28e-03 | grad=6.12e-01 | 1.1s
[    42] loss=-2.1186 | res=1.20e-02 | grad=7.74e-01 | 1.1s
[    43] loss=-2.1335 | res=9.38e-03 | grad=6.09e-01 | 1.1s
[    44] loss=-2.3782 | res=1.30e-02 | grad=7.98e-01 | 1.1s
[    45] loss=-2.2102 | res=1.18e-02 | grad=3.09e-01 | 1.1s
[    46] loss=-2.1830 | res=8.98e-03 | grad=8.05e-01 | 1.1s
[    47] loss=-2.4030 | res=1.30e-02 | grad=6.43e-01 | 1.1s
[    48] loss=-2.2981 | res=1.10e-02 | grad=9.76e-01 | 1.1s
[    49] loss=-2.3749 | res=1.07e-02 | grad=6.84e-01 | 1.1s
[    50] loss=-2.2897 | res=1.04e-02 | grad=4.19e-01 | 1.1s
[    51] loss=-2.1303 | res=7.32e-03 | grad=4.29e-01 | 1.1s
[    52] loss=-2.3430 | res=9.25e-03 | grad=4.92e-01 | 1.1s
[    53] loss=-2.2622 | res=9.10e-03 | grad=4.02e-01 | 1.1s
[    54] loss=-2.2524 | res=7.11e-03 | grad=5.38e-01 | 1.1s
[    55] loss=-2.0504 | res=8.58e-03 | grad=6.04e-01 | 1.1s
[    56] loss=-2.4155 | res=7.47e-03 | grad=1.08e+00 | 1.1s
[    57] loss=-2.3187 | res=6.31e-03 | grad=5.39e-01 | 1.1s
[    58] loss=-2.3294 | res=8.78e-03 | grad=3.23e-01 | 1.1s
[    59] loss=-2.2939 | res=6.60e-03 | grad=7.76e-01 | 1.1s
[    60] loss=-2.3695 | res=8.49e-03 | grad=8.01e-01 | 1.1s
[    61] loss=-2.1464 | res=7.50e-03 | grad=4.56e-01 | 1.1s
[    62] loss=-2.1118 | res=7.75e-03 | grad=7.93e-01 | 1.0s
[    63] loss=-2.3186 | res=1.03e-02 | grad=2.96e-01 | 1.1s
[    64] loss=-2.4294 | res=8.05e-03 | grad=3.93e-01 | 1.1s
[    65] loss=-2.3608 | res=7.67e-03 | grad=2.17e-01 | 1.0s
[    66] loss=-2.1268 | res=7.22e-03 | grad=4.37e-01 | 1.0s
[    67] loss=-2.2928 | res=8.74e-03 | grad=4.60e-01 | 1.1s
[    68] loss=-2.3501 | res=7.33e-03 | grad=7.68e-01 | 1.1s
[    69] loss=-2.2430 | res=5.18e-03 | grad=4.46e-01 | 1.0s
[    70] loss=-2.2684 | res=7.80e-03 | grad=3.57e-01 | 1.0s
[    71] loss=-2.3428 | res=6.88e-03 | grad=7.51e-01 | 1.0s
[    72] loss=-2.4469 | res=7.54e-03 | grad=6.04e-01 | 1.0s
[    73] loss=-2.3511 | res=5.39e-03 | grad=5.48e-01 | 1.1s
[    74] loss=-2.2356 | res=5.18e-03 | grad=4.57e-01 | 1.1s
[    75] loss=-2.3208 | res=8.10e-03 | grad=1.33e+00 | 1.1s
[    76] loss=-2.2073 | res=5.52e-03 | grad=5.21e-01 | 1.1s
[    77] loss=-2.2436 | res=6.37e-03 | grad=5.54e-01 | 1.1s
[    78] loss=-2.2180 | res=5.32e-03 | grad=2.72e-01 | 1.1s
[    79] loss=-2.2013 | res=5.64e-03 | grad=2.95e-01 | 1.1s
[    80] loss=-2.2174 | res=6.15e-03 | grad=8.22e-01 | 1.1s
[    81] loss=-2.1182 | res=4.73e-03 | grad=5.02e-01 | 1.1s
[    82] loss=-2.2771 | res=4.92e-03 | grad=8.77e-01 | 1.1s
[    83] loss=-2.3371 | res=5.83e-03 | grad=7.16e-01 | 1.1s
[    84] loss=-2.5956 | res=6.75e-03 | grad=4.87e-01 | 1.1s
[    85] loss=-2.3989 | res=3.07e-03 | grad=9.66e-01 | 1.1s
[    86] loss=-2.3528 | res=4.89e-03 | grad=5.23e-01 | 1.1s
[    87] loss=-2.4593 | res=5.91e-03 | grad=7.42e-01 | 1.1s
[    88] loss=-2.2539 | res=7.04e-03 | grad=3.05e-01 | 1.1s
[    89] loss=-2.1380 | res=5.72e-03 | grad=4.30e-01 | 1.1s
[    90] loss=-2.1670 | res=5.64e-03 | grad=7.53e-01 | 1.0s
[    91] loss=-2.3441 | res=6.62e-03 | grad=4.49e-01 | 1.1s
[    92] loss=-2.1844 | res=6.70e-03 | grad=5.76e-01 | 1.1s
[    93] loss=-2.2962 | res=5.36e-03 | grad=2.25e-01 | 1.0s
[    94] loss=-2.4583 | res=4.54e-03 | grad=4.87e-01 | 1.1s
[    95] loss=-2.3292 | res=5.96e-03 | grad=3.65e-01 | 1.1s
[    96] loss=-2.4499 | res=7.37e-03 | grad=6.06e-01 | 1.1s
[    97] loss=-2.4097 | res=8.11e-03 | grad=3.34e-01 | 1.0s
[    98] loss=-2.1180 | res=4.92e-03 | grad=5.26e-01 | 1.1s
[    99] loss=-2.3690 | res=6.67e-03 | grad=4.51e-01 | 1.0s
[   100] loss=-2.1578 | res=3.75e-03 | grad=8.07e-01 | 1.0s
[   101] loss=-2.4056 | res=4.36e-03 | grad=7.48e-01 | 1.0s
[   102] loss=-2.4027 | res=4.60e-03 | grad=8.31e-01 | 1.0s
[   103] loss=-2.3192 | res=5.31e-03 | grad=1.70e-01 | 1.0s
[   104] loss=-2.2939 | res=5.03e-03 | grad=3.01e-01 | 1.0s
[   105] loss=-2.3224 | res=4.33e-03 | grad=4.27e-01 | 1.0s
[   106] loss=-2.3298 | res=6.01e-03 | grad=8.25e-01 | 1.0s
[   107] loss=-2.2339 | res=6.82e-03 | grad=2.06e-01 | 1.0s
[   108] loss=-2.2808 | res=6.12e-03 | grad=3.48e-01 | 1.0s
[   109] loss=-2.2867 | res=5.99e-03 | grad=1.04e+00 | 1.0s
[   110] loss=-2.2535 | res=7.54e-03 | grad=6.32e-01 | 1.0s
[   111] loss=-2.1945 | res=4.16e-03 | grad=4.11e-01 | 1.0s
[   112] loss=-2.2898 | res=5.21e-03 | grad=6.94e-01 | 1.0s
[   113] loss=-2.3390 | res=6.59e-03 | grad=1.40e-01 | 1.0s
[   114] loss=-2.5341 | res=5.14e-03 | grad=5.07e-01 | 1.0s
[   115] loss=-2.3455 | res=7.29e-03 | grad=5.51e-01 | 1.0s
[   116] loss=-2.3988 | res=5.03e-03 | grad=6.00e-01 | 1.0s
[   117] loss=-2.3435 | res=5.15e-03 | grad=2.28e-01 | 1.0s
[   118] loss=-2.2364 | res=6.04e-03 | grad=4.22e-01 | 1.0s
[   119] loss=-2.2860 | res=5.10e-03 | grad=1.70e-01 | 1.0s
[   120] loss=-2.2285 | res=5.16e-03 | grad=8.26e-01 | 1.0s
[   121] loss=-2.5515 | res=7.72e-03 | grad=8.52e-01 | 1.0s
[   122] loss=-2.4279 | res=5.91e-03 | grad=5.86e-01 | 1.0s
[   123] loss=-2.2919 | res=5.52e-03 | grad=3.32e-01 | 1.0s
[   124] loss=-2.3669 | res=7.45e-03 | grad=2.01e-01 | 1.0s
[   125] loss=-2.2922 | res=6.28e-03 | grad=2.04e-01 | 1.0s
[   126] loss=-2.2867 | res=4.79e-03 | grad=3.08e-01 | 1.0s
[   127] loss=-2.3319 | res=3.98e-03 | grad=8.80e-01 | 1.0s
[   128] loss=-2.1213 | res=2.03e-03 | grad=8.46e-01 | 1.0s
[   129] loss=-2.3748 | res=6.97e-03 | grad=3.16e-01 | 1.0s
[   130] loss=-2.3671 | res=5.42e-03 | grad=2.11e-01 | 1.0s
[   131] loss=-2.3028 | res=4.11e-03 | grad=6.18e-01 | 1.0s
[   132] loss=-2.2413 | res=8.09e-03 | grad=3.08e-01 | 1.0s
[   133] loss=-2.4278 | res=6.45e-03 | grad=3.99e-01 | 1.0s
[   134] loss=-2.4056 | res=6.52e-03 | grad=3.78e-01 | 1.0s
[   135] loss=-2.1633 | res=4.76e-03 | grad=6.38e-01 | 1.0s
[   136] loss=-2.2561 | res=4.13e-03 | grad=4.56e-01 | 1.0s
[   137] loss=-2.2465 | res=8.27e-03 | grad=4.07e-01 | 1.0s
[   138] loss=-2.2847 | res=4.58e-03 | grad=3.73e-01 | 1.0s
[   139] loss=-2.3895 | res=6.47e-03 | grad=5.06e-01 | 1.0s
[   140] loss=-2.4060 | res=6.33e-03 | grad=4.52e-01 | 1.0s
[   141] loss=-2.2995 | res=4.39e-03 | grad=5.72e-01 | 1.0s
[   142] loss=-2.2874 | res=6.48e-03 | grad=5.17e-01 | 1.0s
[   143] loss=-2.2843 | res=3.57e-03 | grad=1.77e-01 | 1.0s
[   144] loss=-2.4424 | res=5.25e-03 | grad=6.20e-01 | 1.0s
[   145] loss=-2.3770 | res=5.71e-03 | grad=2.54e-01 | 1.0s
[   146] loss=-2.3227 | res=5.71e-03 | grad=4.13e-01 | 1.0s
[   147] loss=-2.5156 | res=4.96e-03 | grad=2.78e-01 | 1.0s
[   148] loss=-2.1281 | res=5.07e-03 | grad=8.18e-01 | 1.0s
[   149] loss=-2.2671 | res=7.63e-03 | grad=3.66e-01 | 1.0s
[   150] loss=-2.4040 | res=4.35e-03 | grad=6.88e-01 | 1.0s
[   151] loss=-2.3706 | res=6.42e-03 | grad=5.46e-01 | 1.0s
[   152] loss=-2.2484 | res=2.50e-03 | grad=5.08e-01 | 1.0s
[   153] loss=-2.1733 | res=6.99e-03 | grad=5.04e-01 | 1.0s
[   154] loss=-2.3444 | res=6.82e-03 | grad=1.83e-01 | 1.0s
[   155] loss=-2.3988 | res=3.57e-03 | grad=7.55e-01 | 1.0s
[   156] loss=-2.3837 | res=6.31e-03 | grad=3.66e-01 | 1.0s
[   157] loss=-2.3426 | res=2.50e-03 | grad=6.30e-01 | 1.0s
[   158] loss=-2.1368 | res=4.87e-03 | grad=4.65e-01 | 1.0s
[   159] loss=-2.2935 | res=2.66e-03 | grad=7.57e-01 | 1.0s
[   160] loss=-2.3615 | res=6.50e-03 | grad=5.74e-01 | 1.0s
[   161] loss=-2.4553 | res=5.30e-03 | grad=2.70e-01 | 1.0s
[   162] loss=-2.2717 | res=3.78e-03 | grad=4.56e-01 | 1.0s
[   163] loss=-2.2690 | res=3.04e-03 | grad=3.34e-01 | 1.0s
[   164] loss=-2.2895 | res=4.52e-03 | grad=5.11e-01 | 1.0s
[   165] loss=-2.3352 | res=5.21e-03 | grad=2.40e-01 | 1.0s
[   166] loss=-2.2930 | res=5.69e-03 | grad=7.69e-02 | 1.0s
[   167] loss=-2.5473 | res=3.73e-03 | grad=4.46e-01 | 1.0s
[   168] loss=-2.3213 | res=4.50e-03 | grad=3.43e-01 | 1.0s
[   169] loss=-2.2744 | res=5.32e-03 | grad=2.10e-01 | 1.0s
[   170] loss=-2.6271 | res=4.92e-03 | grad=3.91e-01 | 1.0s
[   171] loss=-2.1222 | res=5.71e-03 | grad=7.61e-01 | 1.0s
[   172] loss=-2.2368 | res=3.07e-03 | grad=6.60e-01 | 1.0s
[   173] loss=-2.0276 | res=4.60e-03 | grad=7.11e-01 | 1.0s
[   174] loss=-2.3277 | res=5.32e-03 | grad=1.86e-01 | 1.0s
[   175] loss=-2.4160 | res=4.01e-03 | grad=4.12e-01 | 1.0s
[   176] loss=-2.3996 | res=4.21e-03 | grad=2.65e-01 | 1.0s
[   177] loss=-2.3922 | res=3.24e-03 | grad=4.80e-01 | 1.0s
[   178] loss=-2.3804 | res=5.20e-03 | grad=3.90e-01 | 1.0s
[   179] loss=-2.5574 | res=4.16e-03 | grad=6.00e-01 | 1.1s
[   180] loss=-2.3638 | res=5.63e-03 | grad=5.45e-01 | 1.1s
[   181] loss=-2.1810 | res=5.17e-03 | grad=5.31e-01 | 1.1s
[   182] loss=-2.2718 | res=6.95e-03 | grad=7.59e-01 | 1.1s
[   183] loss=-2.1626 | res=3.51e-03 | grad=7.87e-01 | 1.1s
[   184] loss=-2.3339 | res=4.68e-03 | grad=5.23e-01 | 1.1s
[   185] loss=-2.3004 | res=4.00e-03 | grad=4.61e-01 | 1.1s
[   186] loss=-2.2332 | res=6.95e-03 | grad=7.84e-01 | 1.1s
[   187] loss=-2.2084 | res=4.41e-03 | grad=7.75e-01 | 1.1s
[   188] loss=-2.3632 | res=4.62e-03 | grad=7.92e-01 | 1.1s
[   189] loss=-2.0867 | res=5.98e-03 | grad=5.42e-01 | 1.0s
[   190] loss=-2.4777 | res=4.53e-03 | grad=5.59e-01 | 1.0s
[   191] loss=-2.1726 | res=6.89e-03 | grad=6.35e-01 | 1.0s
[   192] loss=-2.0604 | res=4.69e-03 | grad=5.98e-01 | 1.0s
[   193] loss=-2.2926 | res=6.83e-03 | grad=4.32e-01 | 1.0s
[   194] loss=-2.3060 | res=3.30e-03 | grad=6.61e-01 | 1.0s
[   195] loss=-2.3317 | res=4.28e-03 | grad=5.18e-01 | 1.0s
[   196] loss=-2.1915 | res=4.73e-03 | grad=7.27e-01 | 1.0s
[   197] loss=-2.3140 | res=5.47e-03 | grad=4.59e-01 | 1.0s
[   198] loss=-2.3854 | res=3.85e-03 | grad=4.14e-01 | 1.0s
[   199] loss=-2.1952 | res=6.30e-03 | grad=2.79e-01 | 1.0s
[   200] loss=-2.2820 | res=6.01e-03 | grad=2.84e-01 | 1.0s
[   201] loss=-2.0931 | res=4.96e-03 | grad=1.13e+00 | 1.0s
[   202] loss=-2.1883 | res=3.94e-03 | grad=1.02e+00 | 1.0s
[   203] loss=-2.2916 | res=4.53e-03 | grad=7.67e-01 | 1.0s
[   204] loss=-2.2796 | res=6.93e-03 | grad=8.13e-01 | 1.0s
[   205] loss=-2.2885 | res=3.96e-03 | grad=4.78e-01 | 1.0s
[   206] loss=-2.2797 | res=2.50e-03 | grad=3.50e-01 | 1.0s
[   207] loss=-2.1467 | res=4.72e-03 | grad=4.61e-01 | 1.0s
[   208] loss=-2.5303 | res=5.04e-03 | grad=1.13e+00 | 1.0s
[   209] loss=-2.4017 | res=5.91e-03 | grad=5.85e-01 | 1.0s
[   210] loss=-2.1729 | res=7.92e-03 | grad=6.26e-01 | 1.0s
[   211] loss=-2.3921 | res=6.02e-03 | grad=8.25e-01 | 1.0s
[   212] loss=-2.1483 | res=4.48e-03 | grad=3.65e-01 | 1.0s
[   213] loss=-2.4195 | res=6.12e-03 | grad=6.13e-01 | 1.0s
[   214] loss=-2.2204 | res=6.01e-03 | grad=5.57e-01 | 1.0s
[   215] loss=-2.3077 | res=3.07e-03 | grad=6.68e-01 | 1.0s
[   216] loss=-2.3660 | res=7.05e-03 | grad=4.99e-01 | 1.0s
[   217] loss=-2.4093 | res=5.02e-03 | grad=7.14e-01 | 1.0s
[   218] loss=-2.3660 | res=4.96e-03 | grad=4.50e-01 | 1.0s
[   219] loss=-2.1478 | res=4.06e-03 | grad=5.02e-01 | 1.0s
[   220] loss=-2.2611 | res=2.58e-03 | grad=5.22e-01 | 1.0s
[   221] loss=-2.2177 | res=3.62e-03 | grad=6.39e-01 | 1.0s
[   222] loss=-2.2735 | res=6.70e-03 | grad=8.51e-01 | 1.0s
[   223] loss=-2.2997 | res=4.98e-03 | grad=7.54e-01 | 1.0s
[   224] loss=-2.2118 | res=4.26e-03 | grad=5.54e-01 | 1.0s
[   225] loss=-2.3869 | res=5.35e-03 | grad=2.22e-01 | 1.0s
[   226] loss=-2.3254 | res=6.22e-03 | grad=6.59e-01 | 1.0s
[   227] loss=-2.1915 | res=6.01e-03 | grad=6.50e-01 | 1.0s
[   228] loss=-2.2162 | res=3.82e-03 | grad=4.02e-01 | 1.0s
[   229] loss=-2.1901 | res=4.84e-03 | grad=4.67e-01 | 1.0s
[   230] loss=-2.2585 | res=4.14e-03 | grad=8.17e-01 | 1.0s
[   231] loss=-2.3692 | res=6.52e-03 | grad=6.59e-01 | 1.0s
[   232] loss=-2.3094 | res=4.07e-03 | grad=3.42e-01 | 1.0s
[   233] loss=-2.4932 | res=4.69e-03 | grad=5.50e-01 | 1.0s
[   234] loss=-2.2685 | res=3.66e-03 | grad=5.70e-01 | 1.0s
[   235] loss=-2.3611 | res=4.71e-03 | grad=5.75e-01 | 1.0s
[   236] loss=-2.3399 | res=4.94e-03 | grad=3.97e-01 | 1.0s
[   237] loss=-2.3370 | res=6.06e-03 | grad=1.34e+00 | 1.0s
[   238] loss=-2.2593 | res=6.57e-03 | grad=5.80e-01 | 1.0s
[   239] loss=-2.3118 | res=6.57e-03 | grad=6.88e-01 | 1.0s
[   240] loss=-2.3984 | res=3.65e-03 | grad=3.96e-01 | 1.0s
[   241] loss=-2.3746 | res=4.78e-03 | grad=5.36e-01 | 1.0s
[   242] loss=-2.3149 | res=5.90e-03 | grad=5.30e-01 | 1.0s
[   243] loss=-2.3845 | res=4.65e-03 | grad=9.00e-01 | 1.0s
[   244] loss=-2.3430 | res=6.54e-03 | grad=7.22e-01 | 1.0s
[   245] loss=-2.3915 | res=6.39e-03 | grad=1.41e-01 | 1.0s
[   246] loss=-2.2403 | res=3.78e-03 | grad=4.78e-01 | 1.0s
[   247] loss=-2.2731 | res=5.53e-03 | grad=2.75e-01 | 1.0s
[   248] loss=-2.3162 | res=5.30e-03 | grad=2.90e-01 | 1.0s
[   249] loss=-2.1939 | res=4.88e-03 | grad=4.01e-01 | 1.0s
[   250] loss=-2.2374 | res=3.64e-03 | grad=2.58e-01 | 1.0s
[   251] loss=-2.4502 | res=5.95e-03 | grad=8.22e-01 | 1.0s
[   252] loss=-2.3279 | res=4.90e-03 | grad=6.32e-01 | 1.0s
[   253] loss=-2.5161 | res=5.90e-03 | grad=4.88e-01 | 1.0s
[   254] loss=-2.2751 | res=5.21e-03 | grad=3.29e-01 | 1.0s
[   255] loss=-2.2551 | res=2.15e-03 | grad=3.81e-01 | 1.0s
[   256] loss=-2.0700 | res=4.35e-03 | grad=4.50e-01 | 1.0s
[   257] loss=-2.3407 | res=4.95e-03 | grad=3.41e-01 | 1.0s
[   258] loss=-2.3545 | res=4.62e-03 | grad=4.03e-01 | 1.0s
[   259] loss=-2.4795 | res=5.35e-03 | grad=4.61e-01 | 1.0s
[   260] loss=-2.2199 | res=5.34e-03 | grad=6.43e-01 | 1.0s
[   261] loss=-2.4459 | res=6.80e-03 | grad=4.38e-01 | 1.0s
[   262] loss=-2.2228 | res=4.86e-03 | grad=4.57e-01 | 1.0s
[   263] loss=-2.2938 | res=4.89e-03 | grad=1.75e-01 | 1.0s
[   264] loss=-2.2916 | res=8.48e-03 | grad=6.36e-01 | 1.0s
[   265] loss=-2.2266 | res=6.82e-03 | grad=3.74e-01 | 1.0s
[   266] loss=-2.2499 | res=6.01e-03 | grad=4.39e-01 | 1.0s
[   267] loss=-2.4062 | res=5.83e-03 | grad=4.46e-01 | 1.0s
[   268] loss=-2.3362 | res=4.56e-03 | grad=3.11e-01 | 1.0s
[   269] loss=-2.2214 | res=3.18e-03 | grad=5.05e-01 | 1.0s
[   270] loss=-2.4013 | res=5.86e-03 | grad=2.12e-01 | 1.0s
[   271] loss=-2.4379 | res=5.94e-03 | grad=4.76e-01 | 1.0s
[   272] loss=-2.2482 | res=4.33e-03 | grad=5.66e-01 | 1.0s
[   273] loss=-2.1587 | res=5.10e-03 | grad=3.85e-01 | 1.0s
[   274] loss=-2.4804 | res=4.50e-03 | grad=9.31e-01 | 1.0s
[   275] loss=-1.9515 | res=6.13e-03 | grad=7.88e-01 | 1.0s
[   276] loss=-2.2181 | res=2.65e-03 | grad=3.00e-01 | 1.0s
[   277] loss=-2.3007 | res=5.96e-03 | grad=3.13e-01 | 1.0s
[   278] loss=-2.5326 | res=4.40e-03 | grad=4.65e-01 | 1.1s
[   279] loss=-2.4133 | res=4.99e-03 | grad=5.26e-01 | 1.1s
[   280] loss=-2.3256 | res=4.65e-03 | grad=4.89e-01 | 1.1s
[   281] loss=-2.2064 | res=3.22e-03 | grad=4.42e-01 | 1.1s
[   282] loss=-2.3262 | res=6.87e-03 | grad=3.12e-01 | 1.1s
[   283] loss=-2.4218 | res=3.55e-03 | grad=5.79e-01 | 1.1s
[   284] loss=-2.5725 | res=6.46e-03 | grad=4.44e-01 | 1.1s
[   285] loss=-2.2055 | res=2.66e-03 | grad=3.07e-01 | 1.1s
[   286] loss=-2.3909 | res=4.06e-03 | grad=2.18e-01 | 1.1s
[   287] loss=-2.2208 | res=4.54e-03 | grad=6.27e-01 | 1.1s
[   288] loss=-2.3295 | res=5.96e-03 | grad=3.46e-01 | 1.1s
[   289] loss=-2.3897 | res=5.53e-03 | grad=2.59e-01 | 1.1s
[   290] loss=-2.4266 | res=4.49e-03 | grad=3.38e-01 | 1.1s
[   291] loss=-2.2799 | res=7.93e-03 | grad=2.79e-01 | 1.1s
[   292] loss=-2.4955 | res=5.33e-03 | grad=3.38e-01 | 1.1s
[   293] loss=-2.2982 | res=5.53e-03 | grad=3.58e-01 | 1.1s
[   294] loss=-2.4139 | res=6.12e-03 | grad=8.12e-01 | 1.1s
[   295] loss=-2.4236 | res=5.06e-03 | grad=3.80e-01 | 1.1s
[   296] loss=-2.4621 | res=5.87e-03 | grad=1.38e-01 | 1.1s
[   297] loss=-2.3845 | res=6.27e-03 | grad=2.30e-01 | 1.1s
[   298] loss=-2.1769 | res=6.55e-03 | grad=8.74e-01 | 1.1s
[   299] loss=-2.3544 | res=4.76e-03 | grad=8.70e-01 | 1.0s
[   300] loss=-2.2582 | res=5.36e-03 | grad=3.71e-01 | 1.1s
[   301] loss=-2.3642 | res=4.50e-03 | grad=1.90e-01 | 1.1s
[   302] loss=-2.3232 | res=5.98e-03 | grad=3.05e-01 | 1.1s
[   303] loss=-2.3151 | res=5.39e-03 | grad=7.14e-01 | 1.0s
[   304] loss=-2.1354 | res=6.17e-03 | grad=8.09e-01 | 1.1s
[   305] loss=-2.3038 | res=5.02e-03 | grad=3.62e-01 | 1.0s
[   306] loss=-2.4963 | res=6.51e-03 | grad=5.57e-01 | 1.0s
[   307] loss=-2.4233 | res=5.08e-03 | grad=3.38e-01 | 1.0s
[   308] loss=-2.2624 | res=6.98e-03 | grad=3.64e-01 | 1.0s
[   309] loss=-2.3193 | res=6.15e-03 | grad=3.35e-01 | 1.0s
[   310] loss=-2.2728 | res=4.37e-03 | grad=7.06e-01 | 1.0s
[   311] loss=-2.1566 | res=4.85e-03 | grad=8.45e-01 | 1.0s
[   312] loss=-2.3928 | res=5.09e-03 | grad=5.29e-01 | 1.0s
[   313] loss=-2.3341 | res=4.66e-03 | grad=6.73e-01 | 1.0s
[   314] loss=-2.2535 | res=5.62e-03 | grad=9.93e-02 | 1.0s
[   315] loss=-2.2329 | res=6.57e-03 | grad=6.01e-01 | 1.0s
[   316] loss=-2.3842 | res=5.82e-03 | grad=5.49e-01 | 1.0s
[   317] loss=-2.4702 | res=5.27e-03 | grad=7.20e-01 | 1.0s
[   318] loss=-2.2781 | res=3.45e-03 | grad=3.67e-01 | 1.0s
[   319] loss=-2.1608 | res=3.58e-03 | grad=6.21e-01 | 1.0s
[   320] loss=-2.2132 | res=9.96e-03 | grad=4.65e-01 | 1.0s
[   321] loss=-2.1394 | res=6.19e-03 | grad=6.51e-01 | 1.0s
[   322] loss=-2.2679 | res=5.92e-03 | grad=4.28e-01 | 1.0s
[   323] loss=-2.1999 | res=2.84e-03 | grad=9.39e-01 | 1.0s
[   324] loss=-2.3540 | res=5.87e-03 | grad=4.77e-01 | 1.0s
[   325] loss=-2.3456 | res=4.19e-03 | grad=2.28e-01 | 1.0s
[   326] loss=-2.5113 | res=4.14e-03 | grad=9.91e-01 | 1.0s
[   327] loss=-2.4273 | res=5.65e-03 | grad=3.75e-01 | 1.0s
[   328] loss=-2.2099 | res=4.12e-03 | grad=8.25e-01 | 1.0s
[   329] loss=-2.4177 | res=5.96e-03 | grad=6.79e-01 | 1.0s
[   330] loss=-2.2851 | res=7.19e-03 | grad=6.29e-01 | 1.0s
[   331] loss=-2.3612 | res=4.68e-03 | grad=6.53e-01 | 1.0s
[   332] loss=-2.2789 | res=5.10e-03 | grad=3.46e-01 | 1.0s
[   333] loss=-2.4238 | res=4.24e-03 | grad=7.05e-01 | 1.0s
[   334] loss=-2.5452 | res=5.11e-03 | grad=3.22e-01 | 1.0s
[   335] loss=-2.1275 | res=3.10e-03 | grad=5.05e-01 | 1.0s
[   336] loss=-2.3572 | res=5.69e-03 | grad=8.76e-01 | 1.0s
[   337] loss=-1.9310 | res=2.44e-03 | grad=1.14e+00 | 1.0s
[   338] loss=-2.1596 | res=4.12e-03 | grad=4.68e-01 | 1.0s
[   339] loss=-2.2895 | res=4.28e-03 | grad=3.65e-01 | 1.0s
[   340] loss=-2.4103 | res=4.60e-03 | grad=4.83e-01 | 1.0s
[   341] loss=-2.1762 | res=4.90e-03 | grad=6.92e-01 | 1.0s
[   342] loss=-2.2145 | res=4.75e-03 | grad=9.53e-01 | 1.0s
[   343] loss=-2.3696 | res=2.08e-03 | grad=1.37e+00 | 1.0s
[   344] loss=-2.3548 | res=4.81e-03 | grad=7.27e-01 | 1.0s
[   345] loss=-2.5177 | res=6.28e-03 | grad=7.37e-01 | 1.0s
[   346] loss=-2.1634 | res=5.75e-03 | grad=6.90e-01 | 1.0s
[   347] loss=-2.2078 | res=4.11e-03 | grad=4.59e-01 | 1.0s
[   348] loss=-2.1878 | res=4.50e-03 | grad=9.69e-01 | 1.0s
[   349] loss=-2.2686 | res=5.86e-03 | grad=8.00e-01 | 1.0s
[   350] loss=-2.5013 | res=5.47e-03 | grad=5.02e-01 | 1.0s
[   351] loss=-2.2918 | res=4.12e-03 | grad=5.74e-01 | 1.0s
[   352] loss=-2.2218 | res=5.61e-03 | grad=2.89e-01 | 1.0s
[   353] loss=-2.2518 | res=4.33e-03 | grad=6.34e-01 | 1.0s
[   354] loss=-2.3885 | res=4.77e-03 | grad=3.29e-01 | 1.0s
[   355] loss=-2.2602 | res=7.23e-03 | grad=6.42e-01 | 1.0s
[   356] loss=-2.2535 | res=6.62e-03 | grad=7.21e-01 | 1.0s
[   357] loss=-2.2035 | res=5.65e-03 | grad=7.10e-01 | 1.0s
[   358] loss=-2.3448 | res=4.72e-03 | grad=2.41e-01 | 1.0s
[   359] loss=-2.2960 | res=3.99e-03 | grad=4.01e-01 | 1.0s
[   360] loss=-2.3624 | res=5.93e-03 | grad=2.68e-01 | 1.0s
[   361] loss=-2.3182 | res=6.05e-03 | grad=3.60e-01 | 1.0s
[   362] loss=-2.3123 | res=5.60e-03 | grad=4.02e-01 | 1.0s
[   363] loss=-2.4216 | res=6.04e-03 | grad=4.10e-01 | 1.0s
[   364] loss=-2.1923 | res=5.78e-03 | grad=5.69e-01 | 1.0s
[   365] loss=-2.4033 | res=6.90e-03 | grad=3.04e-01 | 1.0s
[   366] loss=-2.1721 | res=4.62e-03 | grad=5.64e-01 | 1.0s
[   367] loss=-2.1237 | res=2.37e-03 | grad=4.55e-01 | 1.0s
[   368] loss=-2.4148 | res=6.34e-03 | grad=2.67e-01 | 1.0s
[   369] loss=-2.2956 | res=5.98e-03 | grad=1.94e-01 | 1.0s
[   370] loss=-2.4476 | res=5.49e-03 | grad=3.25e-01 | 1.0s
[   371] loss=-2.2007 | res=6.18e-03 | grad=3.53e-01 | 1.0s
[   372] loss=-2.4329 | res=6.52e-03 | grad=6.00e-01 | 1.0s
[   373] loss=-2.3009 | res=6.97e-03 | grad=6.29e-01 | 1.0s
[   374] loss=-2.2925 | res=6.35e-03 | grad=7.82e-01 | 1.0s
[   375] loss=-2.3387 | res=5.51e-03 | grad=5.26e-01 | 1.0s
[   376] loss=-2.3885 | res=6.11e-03 | grad=1.95e-01 | 1.0s
[   377] loss=-2.5081 | res=7.36e-03 | grad=3.39e-01 | 1.0s
[   378] loss=-2.2087 | res=4.32e-03 | grad=6.38e-01 | 1.0s
[   379] loss=-2.5062 | res=4.82e-03 | grad=4.70e-01 | 1.0s
[   380] loss=-2.3067 | res=4.97e-03 | grad=6.76e-01 | 1.0s
[   381] loss=-2.3464 | res=6.80e-03 | grad=4.08e-01 | 1.0s
[   382] loss=-2.1154 | res=3.89e-03 | grad=2.78e-01 | 1.0s
[   383] loss=-2.2787 | res=4.41e-03 | grad=9.55e-01 | 1.0s
[   384] loss=-2.2579 | res=6.55e-03 | grad=9.53e-01 | 1.0s
[   385] loss=-2.1444 | res=4.25e-03 | grad=2.89e-01 | 1.0s
[   386] loss=-2.3014 | res=4.70e-03 | grad=5.51e-01 | 1.0s
[   387] loss=-2.3769 | res=5.07e-03 | grad=5.26e-01 | 1.0s
[   388] loss=-2.3683 | res=4.96e-03 | grad=4.59e-01 | 1.0s
[   389] loss=-2.3382 | res=5.26e-03 | grad=8.54e-01 | 1.0s
[   390] loss=-2.2355 | res=3.73e-03 | grad=8.87e-01 | 1.0s
[   391] loss=-2.2833 | res=5.65e-03 | grad=4.36e-01 | 1.0s
[   392] loss=-2.3991 | res=5.81e-03 | grad=3.65e-01 | 1.0s
[   393] loss=-2.2616 | res=5.26e-03 | grad=3.39e-01 | 1.0s
[   394] loss=-2.1792 | res=7.63e-03 | grad=3.04e-01 | 1.0s
[   395] loss=-2.3113 | res=6.81e-03 | grad=2.31e-01 | 1.0s
[   396] loss=-2.1872 | res=7.13e-03 | grad=7.29e-01 | 1.0s
[   397] loss=-2.4311 | res=5.25e-03 | grad=8.31e-01 | 1.0s
[   398] loss=-2.2156 | res=4.87e-03 | grad=2.46e-01 | 1.0s
[   399] loss=-2.3794 | res=4.18e-03 | grad=3.39e-01 | 1.0s
[   400] loss=-2.3925 | res=4.83e-03 | grad=1.26e-01 | 1.0s
[   401] loss=-2.4509 | res=4.33e-03 | grad=3.09e-01 | 1.0s
[   402] loss=-2.4137 | res=6.26e-03 | grad=7.05e-01 | 1.0s
[   403] loss=-2.2166 | res=7.88e-03 | grad=5.25e-01 | 1.0s
[   404] loss=-2.4983 | res=4.18e-03 | grad=3.61e-01 | 1.0s
[   405] loss=-2.2438 | res=5.00e-03 | grad=3.95e-01 | 1.0s
[   406] loss=-2.4448 | res=5.71e-03 | grad=2.75e-01 | 1.0s
[   407] loss=-2.3770 | res=4.56e-03 | grad=2.26e-01 | 1.0s
[   408] loss=-2.3091 | res=5.62e-03 | grad=3.03e-01 | 1.0s
[   409] loss=-2.3454 | res=5.69e-03 | grad=3.60e-01 | 1.0s
[   410] loss=-2.2763 | res=4.72e-03 | grad=3.67e-01 | 1.1s
[   411] loss=-2.2625 | res=2.79e-03 | grad=4.78e-01 | 1.1s
[   412] loss=-2.2914 | res=5.42e-03 | grad=4.44e-01 | 1.1s
[   413] loss=-2.2427 | res=5.58e-03 | grad=1.77e-01 | 1.1s
[   414] loss=-2.3031 | res=5.66e-03 | grad=3.59e-01 | 1.1s
[   415] loss=-2.2297 | res=4.48e-03 | grad=5.00e-01 | 1.1s
[   416] loss=-2.1749 | res=4.49e-03 | grad=2.34e-01 | 1.0s
[   417] loss=-2.1236 | res=5.04e-03 | grad=4.12e-01 | 1.0s
[   418] loss=-2.3770 | res=3.14e-03 | grad=9.43e-01 | 1.0s
[   419] loss=-2.4549 | res=5.26e-03 | grad=4.90e-01 | 1.0s
[   420] loss=-2.2013 | res=4.51e-03 | grad=2.24e-01 | 1.0s
[   421] loss=-2.3077 | res=5.50e-03 | grad=4.25e-01 | 1.0s
[   422] loss=-2.3801 | res=4.00e-03 | grad=6.10e-01 | 1.0s
[   423] loss=-2.2066 | res=7.44e-03 | grad=3.13e-01 | 1.0s
[   424] loss=-2.3385 | res=4.72e-03 | grad=4.60e-01 | 1.0s
[   425] loss=-2.1625 | res=4.53e-03 | grad=6.57e-01 | 1.0s
[   426] loss=-2.2134 | res=5.39e-03 | grad=4.15e-01 | 1.0s
[   427] loss=-2.2741 | res=6.92e-03 | grad=2.92e-01 | 1.0s
[   428] loss=-2.3728 | res=6.15e-03 | grad=1.03e+00 | 1.0s
[   429] loss=-2.4226 | res=4.46e-03 | grad=7.54e-01 | 1.0s
[   430] loss=-2.2931 | res=5.54e-03 | grad=1.74e-01 | 1.0s
[   431] loss=-2.4961 | res=5.74e-03 | grad=1.50e-01 | 1.0s
[   432] loss=-2.4357 | res=3.56e-03 | grad=6.35e-01 | 1.0s
[   433] loss=-2.2695 | res=6.32e-03 | grad=2.79e-01 | 1.0s
[   434] loss=-2.3599 | res=4.71e-03 | grad=1.23e+00 | 1.0s
[   435] loss=-2.3684 | res=5.36e-03 | grad=4.94e-01 | 1.0s
[   436] loss=-2.3396 | res=4.43e-03 | grad=2.95e-01 | 1.0s
[   437] loss=-2.4372 | res=6.26e-03 | grad=6.80e-01 | 1.0s
[   438] loss=-2.3714 | res=7.21e-03 | grad=7.04e-01 | 1.0s
[   439] loss=-2.3548 | res=5.39e-03 | grad=3.77e-01 | 1.0s
[   440] loss=-2.3578 | res=7.67e-03 | grad=3.45e-01 | 1.0s
[   441] loss=-2.2337 | res=4.97e-03 | grad=4.25e-01 | 1.0s
[   442] loss=-2.4970 | res=4.68e-03 | grad=6.91e-01 | 1.1s
[   443] loss=-2.5322 | res=5.92e-03 | grad=3.89e-01 | 1.1s
[   444] loss=-2.2626 | res=3.98e-03 | grad=4.59e-01 | 1.1s
[   445] loss=-2.4448 | res=2.35e-03 | grad=3.83e-01 | 1.1s
[   446] loss=-2.3077 | res=4.51e-03 | grad=3.10e-01 | 1.0s
[   447] loss=-2.4576 | res=7.39e-03 | grad=6.05e-01 | 1.0s
[   448] loss=-2.3350 | res=6.71e-03 | grad=3.01e-01 | 1.0s
[   449] loss=-2.5395 | res=6.05e-03 | grad=8.26e-01 | 1.0s
[   450] loss=-2.2990 | res=4.87e-03 | grad=4.59e-01 | 1.0s
[   451] loss=-2.1952 | res=4.68e-03 | grad=2.52e-01 | 1.0s
[   452] loss=-2.3163 | res=6.40e-03 | grad=7.34e-01 | 1.1s
[   453] loss=-2.2989 | res=5.15e-03 | grad=4.58e-01 | 1.0s
[   454] loss=-2.5515 | res=4.08e-03 | grad=2.92e-01 | 1.0s
[   455] loss=-2.3022 | res=4.99e-03 | grad=4.62e-01 | 1.1s
[   456] loss=-2.3426 | res=5.62e-03 | grad=4.52e-01 | 1.0s
[   457] loss=-2.3060 | res=4.83e-03 | grad=3.28e-01 | 1.0s
[   458] loss=-2.3912 | res=4.98e-03 | grad=5.74e-01 | 1.0s
[   459] loss=-2.5726 | res=6.62e-03 | grad=3.47e-01 | 1.1s
[   460] loss=-2.3286 | res=6.53e-03 | grad=3.92e-01 | 1.0s
[   461] loss=-2.2781 | res=6.90e-03 | grad=6.23e-01 | 1.0s
[   462] loss=-2.1635 | res=4.25e-03 | grad=7.09e-01 | 1.1s
[   463] loss=-2.1456 | res=7.05e-03 | grad=6.48e-01 | 1.1s
[   464] loss=-2.1573 | res=4.98e-03 | grad=1.01e+00 | 1.1s
[   465] loss=-2.2978 | res=4.34e-03 | grad=1.75e-01 | 1.1s
[   466] loss=-2.5816 | res=6.35e-03 | grad=5.91e-01 | 1.1s
[   467] loss=-2.3972 | res=4.84e-03 | grad=8.77e-01 | 1.1s
[   468] loss=-2.4408 | res=5.93e-03 | grad=6.58e-01 | 1.1s
[   469] loss=-2.1547 | res=5.19e-03 | grad=5.67e-01 | 1.0s
[   470] loss=-2.1425 | res=5.27e-03 | grad=5.84e-01 | 1.0s
[   471] loss=-2.3680 | res=6.14e-03 | grad=5.06e-01 | 1.0s
[   472] loss=-2.4141 | res=5.38e-03 | grad=8.93e-01 | 1.0s
[   473] loss=-2.3999 | res=6.41e-03 | grad=2.50e-01 | 1.0s
[   474] loss=-2.0840 | res=5.86e-03 | grad=5.48e-01 | 1.0s
[   475] loss=-2.2391 | res=7.40e-03 | grad=3.12e-01 | 1.0s
[   476] loss=-2.2508 | res=3.29e-03 | grad=7.14e-01 | 1.0s
[   477] loss=-2.3362 | res=2.31e-03 | grad=5.82e-01 | 1.0s
[   478] loss=-2.1490 | res=4.71e-03 | grad=7.38e-01 | 1.0s
[   479] loss=-2.2954 | res=4.68e-03 | grad=4.44e-01 | 1.0s
[   480] loss=-2.3807 | res=7.74e-03 | grad=3.77e-01 | 1.0s
[   481] loss=-2.3578 | res=7.67e-03 | grad=5.06e-01 | 1.0s
[   482] loss=-2.0959 | res=4.06e-03 | grad=6.52e-01 | 1.0s
[   483] loss=-2.3381 | res=6.72e-03 | grad=6.04e-01 | 1.0s
[   484] loss=-2.2187 | res=5.32e-03 | grad=3.75e-01 | 1.0s
[   485] loss=-2.4577 | res=4.48e-03 | grad=5.94e-01 | 1.0s
[   486] loss=-2.1231 | res=8.31e-03 | grad=5.26e-01 | 1.0s
[   487] loss=-2.4271 | res=4.50e-03 | grad=7.47e-01 | 1.0s
[   488] loss=-2.2800 | res=4.80e-03 | grad=1.95e-01 | 1.0s
[   489] loss=-2.3781 | res=1.98e-03 | grad=2.29e-01 | 1.0s
[   490] loss=-2.2183 | res=4.93e-03 | grad=4.09e-01 | 1.0s
[   491] loss=-2.2217 | res=3.43e-03 | grad=5.85e-01 | 1.0s
[   492] loss=-2.4188 | res=5.57e-03 | grad=3.59e-01 | 1.0s
[   493] loss=-2.4720 | res=4.44e-03 | grad=6.13e-01 | 1.0s
[   494] loss=-2.1456 | res=3.06e-03 | grad=7.77e-01 | 1.0s
[   495] loss=-2.4581 | res=5.76e-03 | grad=5.66e-01 | 1.0s
[   496] loss=-2.1821 | res=5.59e-03 | grad=2.52e-01 | 1.0s
[   497] loss=-2.2869 | res=3.35e-03 | grad=2.47e-01 | 1.0s
[   498] loss=-2.3202 | res=4.20e-03 | grad=5.36e-01 | 1.0s
[   499] loss=-2.3718 | res=7.52e-03 | grad=5.21e-01 | 1.0s
[   500] loss=-2.2752 | res=6.99e-03 | grad=7.85e-01 | 1.0s
[   501] loss=-2.1765 | res=6.11e-03 | grad=4.57e-01 | 1.0s
[   502] loss=-2.3538 | res=4.46e-03 | grad=5.06e-01 | 1.0s
[   503] loss=-2.3664 | res=4.19e-03 | grad=2.80e-01 | 1.0s
[   504] loss=-2.3339 | res=4.08e-03 | grad=6.68e-01 | 1.0s
[   505] loss=-2.3870 | res=5.59e-03 | grad=6.61e-01 | 1.0s
[   506] loss=-2.1767 | res=5.34e-03 | grad=3.60e-01 | 1.0s
[   507] loss=-2.3538 | res=5.35e-03 | grad=7.33e-01 | 1.0s
[   508] loss=-2.4245 | res=7.67e-03 | grad=2.36e-01 | 1.0s
[   509] loss=-2.4972 | res=4.52e-03 | grad=4.40e-01 | 1.0s
[   510] loss=-2.3460 | res=5.88e-03 | grad=5.14e-01 | 1.1s
[   511] loss=-2.2905 | res=5.79e-03 | grad=4.68e-01 | 1.0s
[   512] loss=-2.3763 | res=6.25e-03 | grad=3.60e-01 | 1.1s
[   513] loss=-2.4289 | res=5.41e-03 | grad=5.53e-01 | 1.1s
[   514] loss=-2.2726 | res=4.95e-03 | grad=4.90e-01 | 1.1s
[   515] loss=-2.4424 | res=4.46e-03 | grad=5.74e-01 | 1.1s
[   516] loss=-2.4717 | res=5.98e-03 | grad=4.09e-01 | 1.0s
[   517] loss=-2.4020 | res=4.04e-03 | grad=8.55e-01 | 1.0s
[   518] loss=-2.2251 | res=3.50e-03 | grad=9.47e-01 | 1.0s
[   519] loss=-2.4919 | res=4.99e-03 | grad=5.15e-01 | 1.0s
[   520] loss=-2.2327 | res=4.76e-03 | grad=6.15e-01 | 1.0s
[   521] loss=-2.2965 | res=5.36e-03 | grad=4.08e-01 | 1.0s
[   522] loss=-2.2536 | res=3.33e-03 | grad=2.76e-01 | 1.0s
[   523] loss=-2.3150 | res=4.16e-03 | grad=3.79e-01 | 1.0s
[   524] loss=-2.1939 | res=4.15e-03 | grad=6.71e-01 | 1.0s
[   525] loss=-2.3151 | res=6.97e-03 | grad=5.04e-01 | 1.0s
[   526] loss=-2.4652 | res=6.83e-03 | grad=3.98e-01 | 1.0s
[   527] loss=-2.2242 | res=3.82e-03 | grad=3.44e-01 | 1.0s
[   528] loss=-2.2256 | res=3.58e-03 | grad=3.13e-01 | 1.0s
[   529] loss=-2.1961 | res=3.64e-03 | grad=6.93e-01 | 1.0s
[   530] loss=-2.4083 | res=5.69e-03 | grad=4.52e-01 | 1.0s
[   531] loss=-2.4253 | res=5.64e-03 | grad=4.73e-01 | 1.0s
[   532] loss=-2.2289 | res=3.77e-03 | grad=1.55e-01 | 1.0s
[   533] loss=-2.3460 | res=5.83e-03 | grad=7.50e-01 | 1.0s
[   534] loss=-2.2175 | res=4.65e-03 | grad=3.75e-01 | 1.0s
[   535] loss=-2.2286 | res=6.12e-03 | grad=6.79e-01 | 1.0s
[   536] loss=-2.2647 | res=5.06e-03 | grad=3.77e-01 | 1.0s
[   537] loss=-2.3751 | res=4.83e-03 | grad=5.14e-01 | 1.0s
[   538] loss=-2.6163 | res=5.31e-03 | grad=5.25e-01 | 1.0s
[   539] loss=-2.3388 | res=7.10e-03 | grad=5.58e-01 | 1.0s
[   540] loss=-2.3658 | res=4.21e-03 | grad=5.00e-01 | 1.0s
[   541] loss=-2.3506 | res=5.12e-03 | grad=4.38e-01 | 1.0s
[   542] loss=-2.5423 | res=7.26e-03 | grad=7.91e-01 | 1.1s
[   543] loss=-2.1649 | res=4.81e-03 | grad=4.45e-01 | 1.1s
[   544] loss=-2.2866 | res=7.47e-03 | grad=2.95e-01 | 1.1s
[   545] loss=-2.2877 | res=3.34e-03 | grad=4.28e-01 | 1.1s
[   546] loss=-2.5079 | res=5.76e-03 | grad=5.86e-01 | 1.1s
[   547] loss=-2.3203 | res=5.10e-03 | grad=3.43e-01 | 1.1s
[   548] loss=-2.3040 | res=4.56e-03 | grad=6.71e-01 | 1.0s
[   549] loss=-2.1644 | res=3.91e-03 | grad=5.16e-01 | 1.0s
[   550] loss=-2.1556 | res=4.60e-03 | grad=7.77e-01 | 1.0s
[   551] loss=-2.2479 | res=2.77e-03 | grad=4.50e-01 | 1.0s
[   552] loss=-2.2446 | res=5.68e-03 | grad=1.70e-01 | 1.0s
[   553] loss=-2.3122 | res=4.20e-03 | grad=7.71e-01 | 1.0s
[   554] loss=-2.4250 | res=4.34e-03 | grad=9.71e-01 | 1.0s
[   555] loss=-2.1799 | res=6.65e-03 | grad=5.96e-01 | 1.0s
[   556] loss=-2.4520 | res=6.28e-03 | grad=5.34e-01 | 1.0s
[   557] loss=-2.2437 | res=3.76e-03 | grad=6.30e-01 | 1.0s
[   558] loss=-2.2866 | res=3.68e-03 | grad=4.71e-01 | 1.0s
[   559] loss=-2.2423 | res=5.85e-03 | grad=4.13e-01 | 1.0s
[   560] loss=-2.2740 | res=6.67e-03 | grad=4.24e-01 | 1.0s
[   561] loss=-2.4931 | res=6.07e-03 | grad=3.35e-01 | 1.0s
[   562] loss=-2.2915 | res=4.88e-03 | grad=3.85e-01 | 1.0s
[   563] loss=-2.3836 | res=6.21e-03 | grad=1.03e-01 | 1.0s
[   564] loss=-2.3206 | res=6.19e-03 | grad=1.76e-01 | 1.0s
[   565] loss=-2.2980 | res=4.88e-03 | grad=2.25e-01 | 1.0s
[   566] loss=-2.3416 | res=5.17e-03 | grad=3.31e-01 | 1.0s
[   567] loss=-2.4587 | res=3.72e-03 | grad=4.56e-01 | 1.0s
[   568] loss=-2.4228 | res=4.69e-03 | grad=1.64e-01 | 1.0s
[   569] loss=-2.3342 | res=4.62e-03 | grad=4.37e-01 | 1.0s
[   570] loss=-2.1936 | res=3.60e-03 | grad=2.49e-01 | 1.0s
[   571] loss=-2.1411 | res=4.55e-03 | grad=4.50e-01 | 1.0s
[   572] loss=-2.2941 | res=4.55e-03 | grad=2.77e-01 | 1.0s
[   573] loss=-2.5659 | res=5.98e-03 | grad=6.10e-01 | 1.0s
[   574] loss=-2.4164 | res=6.72e-03 | grad=8.64e-01 | 1.1s
[   575] loss=-2.1377 | res=4.31e-03 | grad=6.35e-01 | 1.1s
[   576] loss=-2.3685 | res=4.82e-03 | grad=2.55e-01 | 1.0s
[   577] loss=-2.4366 | res=6.94e-03 | grad=4.06e-01 | 1.1s
[   578] loss=-2.1386 | res=5.37e-03 | grad=8.22e-01 | 1.1s
[   579] loss=-2.3659 | res=4.78e-03 | grad=3.49e-01 | 1.1s
[   580] loss=-2.3475 | res=3.94e-03 | grad=3.66e-01 | 1.1s
[   581] loss=-2.3092 | res=3.50e-03 | grad=2.54e-01 | 1.1s
[   582] loss=-2.0998 | res=4.58e-03 | grad=5.41e-01 | 1.1s
[   583] loss=-2.3994 | res=3.71e-03 | grad=2.24e-01 | 1.1s
[   584] loss=-2.2127 | res=3.97e-03 | grad=5.45e-01 | 1.1s
[   585] loss=-2.4397 | res=4.48e-03 | grad=3.81e-01 | 1.1s
[   586] loss=-2.4636 | res=6.72e-03 | grad=6.09e-01 | 1.1s
[   587] loss=-2.4180 | res=5.69e-03 | grad=5.10e-01 | 1.1s
[   588] loss=-2.4123 | res=7.76e-03 | grad=7.04e-01 | 1.0s
[   589] loss=-2.2838 | res=4.95e-03 | grad=2.20e-01 | 1.0s
[   590] loss=-2.3602 | res=4.90e-03 | grad=5.19e-01 | 1.1s
[   591] loss=-2.2877 | res=4.71e-03 | grad=3.76e-01 | 1.1s
[   592] loss=-2.2862 | res=4.79e-03 | grad=4.71e-01 | 1.0s
[   593] loss=-2.4052 | res=4.20e-03 | grad=3.87e-01 | 1.1s
[   594] loss=-2.4514 | res=2.75e-03 | grad=2.15e-01 | 1.0s
[   595] loss=-2.4463 | res=6.64e-03 | grad=3.11e-01 | 1.0s
[   596] loss=-2.1714 | res=3.30e-03 | grad=5.74e-01 | 1.0s
[   597] loss=-2.3273 | res=5.28e-03 | grad=2.15e-01 | 1.0s
[   598] loss=-2.3291 | res=3.62e-03 | grad=2.43e-01 | 1.0s
[   599] loss=-2.3446 | res=5.18e-03 | grad=3.70e-01 | 1.1s
[   600] loss=-2.2675 | res=5.02e-03 | grad=6.12e-01 | 1.1s
[   601] loss=-2.0919 | res=4.13e-03 | grad=3.93e-01 | 1.1s
[   602] loss=-2.4764 | res=3.87e-03 | grad=7.48e-01 | 1.1s
[   603] loss=-2.4445 | res=4.44e-03 | grad=4.98e-01 | 1.1s
[   604] loss=-2.2422 | res=6.78e-03 | grad=3.97e-01 | 1.1s
[   605] loss=-2.5506 | res=6.43e-03 | grad=5.89e-01 | 1.0s
[   606] loss=-2.3468 | res=7.00e-03 | grad=6.38e-01 | 1.0s
[   607] loss=-2.3596 | res=6.60e-03 | grad=2.52e-01 | 1.1s
[   608] loss=-2.1111 | res=5.44e-03 | grad=8.26e-01 | 1.1s
[   609] loss=-2.4432 | res=7.13e-03 | grad=2.66e-01 | 1.1s
[   610] loss=-2.4049 | res=4.87e-03 | grad=5.78e-01 | 1.0s
[   611] loss=-2.2972 | res=5.34e-03 | grad=6.70e-01 | 1.1s
[   612] loss=-2.4149 | res=4.85e-03 | grad=2.29e-01 | 1.1s
[   613] loss=-2.4657 | res=4.54e-03 | grad=5.73e-01 | 1.0s
[   614] loss=-2.2020 | res=5.23e-03 | grad=3.95e-01 | 1.0s
[   615] loss=-2.3040 | res=4.32e-03 | grad=2.37e-01 | 1.0s
[   616] loss=-2.2632 | res=3.86e-03 | grad=4.48e-01 | 1.1s
[   617] loss=-2.4530 | res=6.83e-03 | grad=4.38e-01 | 1.0s
[   618] loss=-2.4628 | res=4.83e-03 | grad=1.07e+00 | 1.0s
[   619] loss=-2.2109 | res=4.79e-03 | grad=3.15e-01 | 1.1s
[   620] loss=-2.2090 | res=4.78e-03 | grad=5.11e-01 | 1.0s
[   621] loss=-2.1686 | res=5.20e-03 | grad=2.33e-01 | 1.0s
[   622] loss=-2.1825 | res=5.60e-03 | grad=2.28e-01 | 1.0s
[   623] loss=-2.2947 | res=4.03e-03 | grad=4.00e-01 | 1.1s
[   624] loss=-2.3469 | res=4.89e-03 | grad=4.02e-01 | 1.0s
[   625] loss=-2.3166 | res=6.27e-03 | grad=3.15e-01 | 1.0s
[   626] loss=-2.2688 | res=5.39e-03 | grad=4.37e-01 | 1.0s
[   627] loss=-2.1274 | res=4.54e-03 | grad=5.02e-01 | 1.0s
[   628] loss=-2.3339 | res=5.01e-03 | grad=5.65e-01 | 1.0s
[   629] loss=-2.2601 | res=6.52e-03 | grad=3.60e-01 | 1.0s
[   630] loss=-2.3004 | res=6.06e-03 | grad=6.62e-01 | 1.0s
[   631] loss=-2.3065 | res=5.94e-03 | grad=3.52e-01 | 1.0s
[   632] loss=-2.2965 | res=4.48e-03 | grad=3.98e-01 | 1.0s
[   633] loss=-2.4164 | res=5.25e-03 | grad=4.46e-01 | 1.0s
[   634] loss=-2.4057 | res=5.10e-03 | grad=4.13e-01 | 1.0s
[   635] loss=-2.2086 | res=5.05e-03 | grad=5.31e-01 | 1.0s
[   636] loss=-2.3699 | res=3.34e-03 | grad=5.04e-01 | 1.0s
[   637] loss=-2.1599 | res=3.23e-03 | grad=1.26e-01 | 1.0s
[   638] loss=-2.2761 | res=5.50e-03 | grad=3.26e-01 | 1.0s
[   639] loss=-2.5620 | res=4.13e-03 | grad=5.92e-01 | 1.0s
[   640] loss=-2.2202 | res=4.57e-03 | grad=4.61e-01 | 1.0s
[   641] loss=-2.2624 | res=5.36e-03 | grad=3.13e-01 | 1.0s
[   642] loss=-2.0296 | res=3.66e-03 | grad=5.65e-01 | 1.0s
[   643] loss=-2.2367 | res=6.47e-03 | grad=1.81e-01 | 1.0s
[   644] loss=-2.2705 | res=2.92e-03 | grad=5.18e-01 | 1.0s
[   645] loss=-2.1775 | res=5.07e-03 | grad=2.01e-01 | 1.0s
[   646] loss=-2.3779 | res=5.04e-03 | grad=1.99e-01 | 1.0s
[   647] loss=-2.3392 | res=3.19e-03 | grad=5.00e-01 | 1.0s
[   648] loss=-2.4111 | res=6.95e-03 | grad=2.08e-01 | 1.0s
[   649] loss=-2.1146 | res=3.48e-03 | grad=5.70e-01 | 1.0s
[   650] loss=-2.3016 | res=2.66e-03 | grad=1.49e-01 | 1.0s
[   651] loss=-2.2820 | res=5.51e-03 | grad=2.07e-01 | 1.0s
[   652] loss=-2.1991 | res=3.70e-03 | grad=3.36e-01 | 1.0s
[   653] loss=-2.0713 | res=6.03e-03 | grad=5.47e-01 | 1.0s
[   654] loss=-2.3955 | res=6.57e-03 | grad=5.73e-01 | 1.0s
[   655] loss=-2.3450 | res=4.77e-03 | grad=5.44e-01 | 1.0s
[   656] loss=-2.5939 | res=5.33e-03 | grad=8.47e-01 | 1.0s
[   657] loss=-2.3473 | res=4.08e-03 | grad=2.53e-01 | 1.0s
[   658] loss=-2.1495 | res=4.76e-03 | grad=9.42e-01 | 1.0s
[   659] loss=-2.2595 | res=3.80e-03 | grad=2.78e-01 | 1.0s
[   660] loss=-2.3088 | res=4.87e-03 | grad=2.95e-01 | 1.0s
[   661] loss=-2.0982 | res=4.94e-03 | grad=5.76e-01 | 1.0s
[   662] loss=-2.1414 | res=5.07e-03 | grad=5.58e-01 | 1.0s
[   663] loss=-2.4817 | res=4.40e-03 | grad=2.93e-01 | 1.0s
[   664] loss=-2.2540 | res=5.50e-03 | grad=3.09e-01 | 1.0s
[   665] loss=-2.3946 | res=4.47e-03 | grad=3.23e-01 | 1.0s
[   666] loss=-2.3957 | res=4.51e-03 | grad=6.82e-01 | 1.0s
[   667] loss=-2.4886 | res=4.47e-03 | grad=6.28e-01 | 1.0s
[   668] loss=-2.3264 | res=5.29e-03 | grad=6.71e-01 | 1.0s
[   669] loss=-2.5484 | res=3.03e-03 | grad=8.00e-01 | 1.0s
[   670] loss=-2.4354 | res=5.45e-03 | grad=6.07e-01 | 1.0s
[   671] loss=-2.2328 | res=5.51e-03 | grad=7.79e-01 | 1.0s
[   672] loss=-2.5788 | res=5.96e-03 | grad=1.55e-01 | 1.0s
[   673] loss=-2.3137 | res=6.04e-03 | grad=6.11e-01 | 1.0s
[   674] loss=-2.2842 | res=2.49e-03 | grad=5.39e-01 | 1.0s
[   675] loss=-2.3644 | res=5.08e-03 | grad=6.15e-01 | 1.0s
[   676] loss=-2.0844 | res=5.36e-03 | grad=7.75e-01 | 1.0s
[   677] loss=-2.2934 | res=4.53e-03 | grad=3.77e-01 | 1.1s
[   678] loss=-1.9817 | res=4.04e-03 | grad=5.43e-01 | 1.1s
[   679] loss=-2.2678 | res=3.51e-03 | grad=5.00e-01 | 1.1s
[   680] loss=-2.3206 | res=4.84e-03 | grad=3.79e-01 | 1.1s
[   681] loss=-2.2195 | res=5.32e-03 | grad=5.35e-01 | 1.1s
[   682] loss=-2.3252 | res=4.75e-03 | grad=6.51e-01 | 1.1s
[   683] loss=-2.2284 | res=6.58e-03 | grad=5.38e-01 | 1.1s
[   684] loss=-2.4411 | res=3.72e-03 | grad=7.99e-01 | 1.1s
[   685] loss=-2.3016 | res=7.05e-03 | grad=4.71e-01 | 1.1s
[   686] loss=-2.1673 | res=3.47e-03 | grad=3.96e-01 | 1.1s
[   687] loss=-2.5079 | res=6.14e-03 | grad=5.54e-01 | 1.1s
[   688] loss=-2.3941 | res=7.30e-03 | grad=1.01e-01 | 1.1s
[   689] loss=-2.1467 | res=4.72e-03 | grad=5.83e-01 | 1.1s
[   690] loss=-2.1690 | res=3.57e-03 | grad=7.18e-01 | 1.1s
[   691] loss=-2.2003 | res=5.14e-03 | grad=4.95e-01 | 1.1s
[   692] loss=-2.3986 | res=4.17e-03 | grad=2.24e-01 | 1.1s
[   693] loss=-2.3439 | res=6.43e-03 | grad=2.85e-01 | 1.1s
[   694] loss=-2.2801 | res=3.41e-03 | grad=4.24e-01 | 1.0s
[   695] loss=-2.4054 | res=3.92e-03 | grad=5.27e-01 | 1.1s
[   696] loss=-2.2648 | res=4.64e-03 | grad=4.84e-01 | 1.1s
[   697] loss=-2.5699 | res=5.90e-03 | grad=7.03e-01 | 1.0s
[   698] loss=-2.2683 | res=4.82e-03 | grad=5.03e-01 | 1.1s
[   699] loss=-2.4819 | res=5.82e-03 | grad=7.25e-01 | 1.1s
[   700] loss=-2.2343 | res=5.67e-03 | grad=4.56e-01 | 1.1s
[   701] loss=-2.3253 | res=6.12e-03 | grad=2.71e-01 | 1.0s
[   702] loss=-2.2400 | res=5.13e-03 | grad=2.99e-01 | 1.1s
[   703] loss=-2.2819 | res=3.76e-03 | grad=3.59e-01 | 1.0s
[   704] loss=-2.4577 | res=5.48e-03 | grad=4.06e-01 | 1.1s
[   705] loss=-2.2906 | res=4.59e-03 | grad=9.49e-01 | 1.1s
[   706] loss=-2.3380 | res=4.80e-03 | grad=4.68e-01 | 1.1s
[   707] loss=-2.4032 | res=4.32e-03 | grad=4.24e-01 | 1.1s
[   708] loss=-2.2658 | res=4.49e-03 | grad=3.92e-01 | 1.1s
[   709] loss=-2.2880 | res=3.95e-03 | grad=2.89e-01 | 1.1s
[   710] loss=-2.2963 | res=5.29e-03 | grad=3.41e-01 | 1.1s
[   711] loss=-2.4309 | res=3.54e-03 | grad=5.77e-01 | 1.1s
[   712] loss=-2.2996 | res=1.90e-03 | grad=3.65e-01 | 1.1s
[   713] loss=-2.3558 | res=5.49e-03 | grad=5.50e-01 | 1.1s
[   714] loss=-2.6201 | res=5.30e-03 | grad=1.26e+00 | 1.1s
[   715] loss=-2.3573 | res=3.91e-03 | grad=7.71e-01 | 1.1s
[   716] loss=-2.4468 | res=5.91e-03 | grad=2.44e-01 | 1.1s
[   717] loss=-2.0554 | res=3.47e-03 | grad=8.57e-01 | 1.1s
[   718] loss=-2.3487 | res=6.04e-03 | grad=3.18e-01 | 1.1s
[   719] loss=-2.4824 | res=4.40e-03 | grad=2.06e-01 | 1.1s
[   720] loss=-2.3267 | res=6.00e-03 | grad=8.00e-01 | 1.1s
[   721] loss=-1.9649 | res=2.72e-03 | grad=1.03e+00 | 1.1s
[   722] loss=-2.2833 | res=4.86e-03 | grad=6.31e-01 | 1.1s
[   723] loss=-2.4785 | res=4.57e-03 | grad=4.04e-01 | 1.0s
[   724] loss=-2.4420 | res=4.02e-03 | grad=5.03e-01 | 1.1s
[   725] loss=-2.3519 | res=4.52e-03 | grad=3.46e-01 | 1.0s
[   726] loss=-2.0408 | res=3.20e-03 | grad=8.83e-01 | 1.0s
[   727] loss=-2.2498 | res=3.18e-03 | grad=6.02e-01 | 1.0s
[   728] loss=-2.2652 | res=5.63e-03 | grad=5.80e-01 | 1.0s
[   729] loss=-2.2617 | res=3.80e-03 | grad=8.72e-01 | 1.1s
[   730] loss=-2.5072 | res=4.94e-03 | grad=6.12e-01 | 1.0s
[   731] loss=-2.2246 | res=5.31e-03 | grad=3.72e-01 | 1.0s
[   732] loss=-2.4665 | res=5.23e-03 | grad=8.23e-01 | 1.0s
[   733] loss=-2.2440 | res=4.64e-03 | grad=2.07e-01 | 1.0s
[   734] loss=-2.3846 | res=5.30e-03 | grad=4.58e-01 | 1.0s
[   735] loss=-2.3164 | res=5.33e-03 | grad=3.73e-01 | 1.0s
[   736] loss=-2.1190 | res=3.11e-03 | grad=5.55e-01 | 1.0s
[   737] loss=-2.3656 | res=4.26e-03 | grad=8.25e-01 | 1.0s
[   738] loss=-2.2867 | res=3.68e-03 | grad=3.39e-01 | 1.0s
[   739] loss=-2.2983 | res=6.63e-03 | grad=4.00e-01 | 1.0s
[   740] loss=-2.2074 | res=3.88e-03 | grad=5.97e-01 | 1.0s
[   741] loss=-2.3437 | res=5.11e-03 | grad=5.76e-01 | 1.0s
[   742] loss=-2.2612 | res=3.76e-03 | grad=2.70e-01 | 1.0s
[   743] loss=-2.2807 | res=4.44e-03 | grad=4.16e-01 | 1.0s
[   744] loss=-2.1614 | res=3.44e-03 | grad=3.34e-01 | 1.0s
[   745] loss=-2.4515 | res=6.05e-03 | grad=5.16e-01 | 1.0s
[   746] loss=-2.3216 | res=6.43e-03 | grad=1.53e-01 | 1.0s
[   747] loss=-2.1873 | res=3.18e-03 | grad=3.05e-01 | 1.0s
[   748] loss=-2.1994 | res=5.04e-03 | grad=4.10e-01 | 1.0s
[   749] loss=-2.3320 | res=5.28e-03 | grad=5.85e-01 | 1.0s
[   750] loss=-2.2129 | res=7.08e-03 | grad=2.26e-01 | 1.0s
[   751] loss=-2.3674 | res=3.92e-03 | grad=5.54e-01 | 1.1s
[   752] loss=-2.2932 | res=3.50e-03 | grad=2.59e-01 | 1.1s
[   753] loss=-2.2709 | res=6.25e-03 | grad=4.66e-01 | 1.1s
[   754] loss=-2.3530 | res=6.40e-03 | grad=1.04e-01 | 1.1s
[   755] loss=-2.4294 | res=7.88e-03 | grad=2.34e-01 | 1.1s
[   756] loss=-2.1684 | res=6.89e-03 | grad=5.97e-01 | 1.1s
[   757] loss=-2.3448 | res=6.39e-03 | grad=5.48e-01 | 1.0s
[   758] loss=-2.3158 | res=6.64e-03 | grad=3.55e-01 | 1.0s
[   759] loss=-2.2600 | res=3.51e-03 | grad=1.51e-01 | 1.0s
[   760] loss=-2.3598 | res=4.53e-03 | grad=3.22e-01 | 1.0s
[   761] loss=-2.3457 | res=4.38e-03 | grad=3.69e-01 | 1.0s
[   762] loss=-2.2740 | res=3.93e-03 | grad=5.21e-01 | 1.0s
[   763] loss=-2.4335 | res=6.52e-03 | grad=6.04e-01 | 1.0s
[   764] loss=-2.3473 | res=5.12e-03 | grad=5.02e-01 | 1.0s
[   765] loss=-2.2443 | res=5.73e-03 | grad=3.47e-01 | 1.0s
[   766] loss=-2.3589 | res=3.64e-03 | grad=5.45e-01 | 1.0s
[   767] loss=-2.3939 | res=3.39e-03 | grad=3.19e-01 | 1.0s
[   768] loss=-2.3817 | res=4.75e-03 | grad=5.80e-01 | 1.0s
[   769] loss=-2.1078 | res=3.53e-03 | grad=4.31e-01 | 1.0s
[   770] loss=-2.3770 | res=4.79e-03 | grad=9.35e-01 | 1.0s
[   771] loss=-2.0855 | res=3.85e-03 | grad=2.96e-01 | 1.0s
[   772] loss=-2.1939 | res=3.57e-03 | grad=3.96e-01 | 1.0s
[   773] loss=-2.2562 | res=5.18e-03 | grad=2.59e-01 | 1.0s
[   774] loss=-2.2804 | res=5.59e-03 | grad=6.14e-01 | 1.0s
[   775] loss=-2.3744 | res=2.41e-03 | grad=4.11e-01 | 1.0s
[   776] loss=-2.5132 | res=4.19e-03 | grad=3.09e-01 | 1.0s
[   777] loss=-2.2104 | res=4.43e-03 | grad=2.64e-01 | 1.1s
[   778] loss=-2.4438 | res=4.94e-03 | grad=9.55e-01 | 1.1s
[   779] loss=-2.4430 | res=5.45e-03 | grad=4.52e-01 | 1.1s
[   780] loss=-2.2652 | res=3.46e-03 | grad=2.45e-01 | 1.1s
[   781] loss=-2.1666 | res=5.17e-03 | grad=2.94e-01 | 1.1s
[   782] loss=-2.2136 | res=4.86e-03 | grad=4.50e-01 | 1.1s
[   783] loss=-2.2145 | res=5.47e-03 | grad=6.18e-01 | 1.0s
[   784] loss=-2.4579 | res=3.54e-03 | grad=3.04e-01 | 1.0s
[   785] loss=-2.2549 | res=4.03e-03 | grad=2.52e-01 | 1.0s
[   786] loss=-2.1416 | res=4.52e-03 | grad=4.90e-01 | 1.0s
[   787] loss=-2.3115 | res=5.52e-03 | grad=6.88e-01 | 1.0s
[   788] loss=-2.4467 | res=7.31e-03 | grad=6.82e-01 | 1.0s
[   789] loss=-2.1660 | res=3.49e-03 | grad=4.24e-01 | 1.0s
[   790] loss=-2.2915 | res=4.66e-03 | grad=3.85e-01 | 1.0s
[   791] loss=-2.2816 | res=5.58e-03 | grad=3.30e-01 | 1.0s
[   792] loss=-2.2863 | res=3.31e-03 | grad=2.90e-01 | 1.0s
[   793] loss=-2.3465 | res=4.70e-03 | grad=4.19e-01 | 1.0s
[   794] loss=-2.1262 | res=4.42e-03 | grad=6.64e-01 | 1.0s
[   795] loss=-2.1844 | res=2.62e-03 | grad=6.65e-01 | 1.0s
[   796] loss=-2.4407 | res=5.61e-03 | grad=5.99e-01 | 1.0s
[   797] loss=-2.2185 | res=4.65e-03 | grad=2.19e-01 | 1.0s
[   798] loss=-2.5016 | res=4.85e-03 | grad=4.76e-01 | 1.0s
[   799] loss=-2.3138 | res=2.53e-03 | grad=3.47e-01 | 1.0s
[   800] loss=-2.4600 | res=4.50e-03 | grad=7.09e-01 | 1.0s
[   801] loss=-2.2902 | res=3.92e-03 | grad=4.28e-01 | 1.0s
[   802] loss=-2.5035 | res=4.43e-03 | grad=3.05e-01 | 1.0s
[   803] loss=-2.2409 | res=3.63e-03 | grad=6.48e-01 | 1.0s
[   804] loss=-2.2469 | res=3.61e-03 | grad=5.18e-01 | 1.0s
[   805] loss=-2.2953 | res=4.32e-03 | grad=4.36e-01 | 1.0s
[   806] loss=-2.5074 | res=3.44e-03 | grad=3.32e-01 | 1.0s
[   807] loss=-2.2379 | res=5.03e-03 | grad=7.62e-01 | 1.1s
[   808] loss=-2.4797 | res=4.77e-03 | grad=7.05e-01 | 1.0s
[   809] loss=-2.4823 | res=4.66e-03 | grad=3.97e-01 | 1.0s
[   810] loss=-2.2800 | res=6.21e-03 | grad=3.73e-01 | 1.0s
[   811] loss=-2.3971 | res=2.75e-03 | grad=2.71e-01 | 1.0s
[   812] loss=-2.4159 | res=7.60e-03 | grad=2.40e-01 | 1.0s
[   813] loss=-2.1909 | res=2.60e-03 | grad=4.72e-01 | 1.0s
[   814] loss=-2.3097 | res=2.89e-03 | grad=3.92e-01 | 1.0s
[   815] loss=-2.3647 | res=6.26e-03 | grad=5.33e-01 | 1.0s
[   816] loss=-2.5459 | res=5.96e-03 | grad=4.77e-01 | 1.0s
[   817] loss=-2.2037 | res=3.40e-03 | grad=4.29e-01 | 1.0s
[   818] loss=-2.3930 | res=4.14e-03 | grad=2.73e-01 | 1.0s
[   819] loss=-2.2876 | res=4.63e-03 | grad=2.67e-01 | 1.0s
[   820] loss=-2.1033 | res=4.99e-03 | grad=6.20e-01 | 1.0s
[   821] loss=-2.3956 | res=5.05e-03 | grad=3.21e-01 | 1.0s
[   822] loss=-2.4705 | res=4.56e-03 | grad=7.10e-01 | 1.0s
[   823] loss=-2.2757 | res=6.93e-03 | grad=2.70e-01 | 1.0s
[   824] loss=-2.3141 | res=5.62e-03 | grad=8.80e-01 | 1.0s
[   825] loss=-2.0167 | res=3.54e-03 | grad=5.95e-01 | 1.0s
[   826] loss=-2.2188 | res=3.90e-03 | grad=2.25e-01 | 1.0s
[   827] loss=-2.4501 | res=5.75e-03 | grad=2.15e-01 | 1.0s
[   828] loss=-2.3168 | res=4.59e-03 | grad=4.55e-01 | 1.0s
[   829] loss=-2.4758 | res=4.39e-03 | grad=3.89e-01 | 1.1s
[   830] loss=-2.4558 | res=4.08e-03 | grad=6.56e-01 | 1.0s
[   831] loss=-2.3924 | res=5.65e-03 | grad=8.85e-01 | 1.0s
[   832] loss=-2.2635 | res=6.96e-03 | grad=3.91e-01 | 1.0s
[   833] loss=-2.1962 | res=2.48e-03 | grad=7.66e-01 | 1.0s
[   834] loss=-2.2585 | res=4.89e-03 | grad=1.40e-01 | 1.0s
[   835] loss=-2.3932 | res=3.66e-03 | grad=3.71e-01 | 1.1s
[   836] loss=-2.1454 | res=4.04e-03 | grad=4.92e-01 | 1.1s
[   837] loss=-2.1033 | res=3.35e-03 | grad=5.29e-01 | 1.1s
[   838] loss=-2.3829 | res=4.88e-03 | grad=4.58e-01 | 1.1s
[   839] loss=-2.1225 | res=4.14e-03 | grad=6.60e-01 | 1.1s
[   840] loss=-2.5718 | res=4.99e-03 | grad=8.23e-01 | 1.1s
[   841] loss=-2.5639 | res=7.18e-03 | grad=5.90e-01 | 1.1s
[   842] loss=-2.2230 | res=6.19e-03 | grad=2.13e-01 | 1.1s
[   843] loss=-2.1951 | res=4.20e-03 | grad=3.97e-01 | 1.1s
[   844] loss=-2.2956 | res=4.57e-03 | grad=2.71e-01 | 1.1s
[   845] loss=-2.1751 | res=2.78e-03 | grad=5.45e-01 | 1.1s
[   846] loss=-2.3568 | res=6.78e-03 | grad=4.71e-01 | 1.1s
[   847] loss=-2.4978 | res=4.71e-03 | grad=4.13e-01 | 1.1s
[   848] loss=-2.2389 | res=4.86e-03 | grad=5.66e-01 | 1.1s
[   849] loss=-2.3657 | res=4.75e-03 | grad=2.10e-01 | 1.1s
[   850] loss=-2.3412 | res=4.08e-03 | grad=2.49e-01 | 1.1s
[   851] loss=-2.4090 | res=4.67e-03 | grad=4.63e-01 | 1.1s
[   852] loss=-2.1780 | res=3.47e-03 | grad=3.71e-01 | 1.1s
[   853] loss=-2.2744 | res=6.29e-03 | grad=2.70e-01 | 1.0s
[   854] loss=-2.1823 | res=4.05e-03 | grad=2.30e-01 | 1.1s
[   855] loss=-2.3661 | res=3.88e-03 | grad=5.84e-01 | 1.1s
[   856] loss=-2.5100 | res=4.07e-03 | grad=3.82e-01 | 1.1s
[   857] loss=-2.2177 | res=4.98e-03 | grad=1.23e-01 | 1.0s
[   858] loss=-1.9646 | res=4.99e-03 | grad=4.89e-01 | 1.0s
[   859] loss=-2.2781 | res=5.71e-03 | grad=3.10e-01 | 1.0s
[   860] loss=-2.3567 | res=6.08e-03 | grad=5.54e-01 | 1.0s
[   861] loss=-2.3662 | res=4.98e-03 | grad=4.01e-01 | 1.0s
[   862] loss=-2.1896 | res=4.70e-03 | grad=1.59e-01 | 1.0s
[   863] loss=-2.3585 | res=6.95e-03 | grad=2.70e-01 | 1.0s
[   864] loss=-2.3528 | res=6.16e-03 | grad=3.32e-01 | 1.0s
[   865] loss=-2.4084 | res=5.63e-03 | grad=2.29e-01 | 1.0s
[   866] loss=-2.1386 | res=5.18e-03 | grad=3.96e-01 | 1.0s
[   867] loss=-2.7112 | res=4.96e-03 | grad=4.64e-01 | 1.0s
[   868] loss=-2.5357 | res=5.86e-03 | grad=1.37e-01 | 1.0s
[   869] loss=-2.3896 | res=5.66e-03 | grad=4.20e-01 | 1.0s
[   870] loss=-2.4940 | res=5.23e-03 | grad=5.63e-01 | 1.0s
[   871] loss=-2.2077 | res=2.66e-03 | grad=7.02e-01 | 1.0s
[   872] loss=-2.2953 | res=4.99e-03 | grad=5.34e-01 | 1.0s
[   873] loss=-2.0391 | res=4.75e-03 | grad=7.91e-01 | 1.0s
[   874] loss=-2.3047 | res=3.96e-03 | grad=2.89e-01 | 1.0s
[   875] loss=-2.0854 | res=4.61e-03 | grad=2.33e-01 | 1.0s
[   876] loss=-2.4205 | res=3.47e-03 | grad=7.75e-01 | 1.0s
[   877] loss=-2.2203 | res=3.46e-03 | grad=5.75e-01 | 1.0s
[   878] loss=-2.3962 | res=3.74e-03 | grad=5.20e-01 | 1.0s
[   879] loss=-2.2011 | res=3.64e-03 | grad=3.64e-01 | 1.0s
[   880] loss=-2.2461 | res=2.57e-03 | grad=4.70e-01 | 1.0s
[   881] loss=-2.3705 | res=4.72e-03 | grad=3.55e-01 | 1.0s
[   882] loss=-2.3881 | res=5.12e-03 | grad=1.92e-01 | 1.0s
[   883] loss=-2.3623 | res=5.64e-03 | grad=2.25e-01 | 1.0s
[   884] loss=-2.2908 | res=5.01e-03 | grad=4.31e-01 | 1.0s
[   885] loss=-2.2229 | res=4.25e-03 | grad=6.91e-01 | 1.0s
[   886] loss=-2.3148 | res=3.64e-03 | grad=4.87e-01 | 1.0s
[   887] loss=-2.3785 | res=4.10e-03 | grad=1.23e-01 | 1.0s
[   888] loss=-2.3246 | res=4.22e-03 | grad=2.66e-01 | 1.0s
[   889] loss=-2.2690 | res=5.14e-03 | grad=3.56e-01 | 1.0s
[   890] loss=-2.2179 | res=4.72e-03 | grad=2.14e-01 | 1.0s
[   891] loss=-2.2487 | res=2.82e-03 | grad=3.75e-01 | 1.0s
[   892] loss=-2.3804 | res=6.21e-03 | grad=7.94e-01 | 1.0s
[   893] loss=-2.0559 | res=3.06e-03 | grad=5.84e-01 | 1.0s
[   894] loss=-2.0970 | res=3.14e-03 | grad=4.18e-01 | 1.0s
[   895] loss=-2.4629 | res=2.96e-03 | grad=4.73e-01 | 1.0s
[   896] loss=-2.2423 | res=4.46e-03 | grad=1.63e-01 | 1.0s
[   897] loss=-2.3820 | res=3.48e-03 | grad=6.53e-01 | 1.0s
[   898] loss=-2.4205 | res=3.90e-03 | grad=5.27e-01 | 1.0s
[   899] loss=-2.5151 | res=4.11e-03 | grad=4.05e-01 | 1.0s
[   900] loss=-2.4121 | res=3.69e-03 | grad=5.97e-01 | 1.0s
[   901] loss=-2.2169 | res=4.98e-03 | grad=4.01e-01 | 1.0s
[   902] loss=-2.2030 | res=3.84e-03 | grad=8.37e-01 | 1.0s
[   903] loss=-2.4577 | res=6.09e-03 | grad=3.07e-01 | 1.0s
[   904] loss=-2.1802 | res=3.58e-03 | grad=4.93e-01 | 1.0s
[   905] loss=-2.1824 | res=4.41e-03 | grad=5.38e-01 | 1.0s
[   906] loss=-2.1568 | res=4.74e-03 | grad=2.81e-01 | 1.0s
[   907] loss=-2.5807 | res=6.41e-03 | grad=4.42e-01 | 1.0s
[   908] loss=-2.2123 | res=4.12e-03 | grad=4.51e-01 | 1.0s
[   909] loss=-2.2442 | res=4.73e-03 | grad=1.72e-01 | 1.0s
[   910] loss=-2.3672 | res=3.18e-03 | grad=5.75e-01 | 1.0s
[   911] loss=-2.2974 | res=5.51e-03 | grad=4.11e-01 | 1.0s
[   912] loss=-2.1180 | res=4.43e-03 | grad=1.65e-01 | 1.0s
[   913] loss=-2.3258 | res=6.89e-03 | grad=5.77e-01 | 1.0s
[   914] loss=-2.2806 | res=3.89e-03 | grad=5.12e-01 | 1.0s
[   915] loss=-2.2038 | res=5.42e-03 | grad=2.26e-01 | 1.0s
[   916] loss=-2.2728 | res=6.07e-03 | grad=2.73e-01 | 1.0s
[   917] loss=-2.3893 | res=3.76e-03 | grad=4.87e-01 | 1.0s
[   918] loss=-2.2542 | res=5.61e-03 | grad=3.38e-01 | 1.0s
[   919] loss=-2.3872 | res=4.24e-03 | grad=2.12e-01 | 1.0s
[   920] loss=-2.5061 | res=5.91e-03 | grad=5.12e-01 | 1.0s
[   921] loss=-2.2474 | res=4.95e-03 | grad=5.07e-01 | 1.0s
[   922] loss=-2.2538 | res=3.07e-03 | grad=3.18e-01 | 1.0s
[   923] loss=-2.1621 | res=5.20e-03 | grad=3.98e-01 | 1.0s
[   924] loss=-2.4676 | res=4.65e-03 | grad=2.04e-01 | 1.0s
[   925] loss=-2.2724 | res=4.93e-03 | grad=3.87e-01 | 1.0s
[   926] loss=-2.3698 | res=4.75e-03 | grad=1.63e-01 | 1.0s
[   927] loss=-2.5318 | res=4.83e-03 | grad=3.46e-01 | 1.0s
[   928] loss=-2.4730 | res=4.15e-03 | grad=7.26e-01 | 1.0s
[   929] loss=-2.2340 | res=3.58e-03 | grad=4.97e-01 | 1.0s
[   930] loss=-2.0750 | res=4.11e-03 | grad=6.71e-01 | 1.0s
[   931] loss=-2.0192 | res=4.95e-03 | grad=4.10e-01 | 1.0s
[   932] loss=-2.4381 | res=5.51e-03 | grad=5.26e-01 | 1.0s
[   933] loss=-2.3849 | res=5.95e-03 | grad=3.56e-01 | 1.0s
[   934] loss=-2.1880 | res=4.09e-03 | grad=5.05e-01 | 1.0s
[   935] loss=-2.3403 | res=6.04e-03 | grad=6.38e-01 | 1.0s
[   936] loss=-2.2154 | res=2.80e-03 | grad=1.57e-01 | 1.0s
[   937] loss=-2.3660 | res=3.98e-03 | grad=2.94e-01 | 1.0s
[   938] loss=-2.2870 | res=3.51e-03 | grad=2.82e-01 | 1.0s
[   939] loss=-2.2315 | res=2.53e-03 | grad=3.59e-01 | 1.0s
[   940] loss=-2.3518 | res=1.86e-03 | grad=2.55e-01 | 1.0s
[   941] loss=-2.4698 | res=2.76e-03 | grad=3.06e-01 | 1.0s
[   942] loss=-2.3935 | res=5.49e-03 | grad=2.81e-01 | 1.0s
[   943] loss=-2.2426 | res=4.45e-03 | grad=5.40e-01 | 1.0s
[   944] loss=-2.1420 | res=5.22e-03 | grad=6.85e-01 | 1.0s
[   945] loss=-2.2430 | res=4.10e-03 | grad=5.28e-01 | 1.0s
[   946] loss=-2.4165 | res=5.44e-03 | grad=2.55e-01 | 1.0s
[   947] loss=-2.2563 | res=4.62e-03 | grad=2.44e-01 | 1.0s
[   948] loss=-2.3771 | res=3.32e-03 | grad=5.88e-01 | 1.0s
[   949] loss=-2.2344 | res=5.11e-03 | grad=3.87e-01 | 1.0s
[   950] loss=-2.2123 | res=5.35e-03 | grad=4.78e-01 | 1.0s
[   951] loss=-2.3135 | res=5.52e-03 | grad=3.32e-01 | 1.0s
[   952] loss=-2.2416 | res=5.06e-03 | grad=2.26e-01 | 1.0s
[   953] loss=-2.2607 | res=6.19e-03 | grad=4.68e-01 | 1.0s
[   954] loss=-2.4826 | res=4.78e-03 | grad=5.08e-01 | 1.0s
[   955] loss=-2.0448 | res=3.63e-03 | grad=5.45e-01 | 1.0s
[   956] loss=-2.4337 | res=4.32e-03 | grad=2.90e-01 | 1.0s
[   957] loss=-2.3151 | res=3.55e-03 | grad=6.17e-01 | 1.0s
[   958] loss=-2.3299 | res=4.77e-03 | grad=5.24e-01 | 1.0s
[   959] loss=-2.3987 | res=6.03e-03 | grad=6.05e-01 | 1.0s
[   960] loss=-2.2383 | res=4.06e-03 | grad=4.15e-01 | 1.0s
[   961] loss=-2.3719 | res=3.59e-03 | grad=4.94e-01 | 1.0s
[   962] loss=-2.2719 | res=6.25e-03 | grad=3.00e-01 | 1.0s
[   963] loss=-2.2081 | res=4.07e-03 | grad=4.29e-01 | 1.0s
[   964] loss=-2.4781 | res=5.75e-03 | grad=5.19e-01 | 1.0s
[   965] loss=-2.2948 | res=3.99e-03 | grad=3.30e-01 | 1.0s
[   966] loss=-2.3963 | res=5.01e-03 | grad=6.95e-01 | 1.0s
[   967] loss=-2.1826 | res=5.51e-03 | grad=2.74e-01 | 1.0s
[   968] loss=-2.4899 | res=4.66e-03 | grad=5.22e-01 | 1.0s
[   969] loss=-2.2074 | res=4.72e-03 | grad=4.42e-01 | 1.0s
[   970] loss=-2.6943 | res=5.86e-03 | grad=6.00e-01 | 1.0s
[   971] loss=-2.3983 | res=3.69e-03 | grad=5.86e-01 | 1.0s
[   972] loss=-2.4869 | res=5.67e-03 | grad=4.32e-01 | 1.0s
[   973] loss=-2.1920 | res=6.28e-03 | grad=5.36e-01 | 1.0s
[   974] loss=-2.3789 | res=4.52e-03 | grad=2.15e-01 | 1.0s
[   975] loss=-2.2095 | res=6.30e-03 | grad=6.32e-01 | 1.0s
[   976] loss=-2.2354 | res=6.16e-03 | grad=4.92e-01 | 1.0s
[   977] loss=-2.2606 | res=2.59e-03 | grad=1.33e-01 | 1.0s
[   978] loss=-2.1777 | res=4.32e-03 | grad=1.91e-01 | 1.0s
[   979] loss=-2.0658 | res=2.90e-03 | grad=7.34e-01 | 1.0s
[   980] loss=-2.3379 | res=2.86e-03 | grad=4.91e-01 | 1.0s
[   981] loss=-2.4499 | res=4.83e-03 | grad=5.85e-01 | 1.0s
[   982] loss=-2.1702 | res=4.49e-03 | grad=6.19e-01 | 1.0s
[   983] loss=-2.4232 | res=4.60e-03 | grad=9.04e-01 | 1.0s
[   984] loss=-2.2807 | res=4.46e-03 | grad=6.76e-01 | 1.0s
[   985] loss=-2.3054 | res=4.42e-03 | grad=3.05e-01 | 1.0s
[   986] loss=-2.3024 | res=5.87e-03 | grad=3.26e-01 | 1.0s
[   987] loss=-2.2068 | res=4.63e-03 | grad=4.21e-01 | 1.0s
[   988] loss=-2.1906 | res=4.40e-03 | grad=5.31e-01 | 1.0s
[   989] loss=-2.4779 | res=3.43e-03 | grad=2.44e-01 | 1.0s
[   990] loss=-2.2275 | res=5.43e-03 | grad=7.61e-01 | 1.0s
[   991] loss=-2.3695 | res=3.91e-03 | grad=2.40e-01 | 1.0s
[   992] loss=-2.4065 | res=4.11e-03 | grad=4.01e-01 | 1.0s
[   993] loss=-2.2948 | res=4.84e-03 | grad=1.29e-01 | 1.0s
[   994] loss=-2.1000 | res=3.65e-03 | grad=4.81e-01 | 1.0s
[   995] loss=-2.4377 | res=4.31e-03 | grad=1.01e+00 | 1.0s
[   996] loss=-2.3586 | res=4.44e-03 | grad=2.40e-01 | 1.0s
[   997] loss=-2.5177 | res=3.41e-03 | grad=5.50e-01 | 1.0s
[   998] loss=-2.3488 | res=4.70e-03 | grad=2.02e-01 | 1.0s
[   999] loss=-2.2443 | res=3.70e-03 | grad=6.08e-01 | 1.0s
[  1000] loss=-2.2460 | res=5.51e-03 | grad=4.76e-01 | 1.0s
    KL = 0.1266
    ESS ratio = 0.926
    Runtime = 1044.0s

  --- Run 4/5 (seed=45678) ---
/home/sjbhatt/anaconda3/envs/rcpms-jax/lib/python3.10/site-packages/jax/_src/ops/scatter.py:92: FutureWarning: scatter inputs have incompatible types: cannot safely cast value from dtype=int64 to dtype=int32 with jax_numpy_dtype_promotion='standard'. In future JAX releases this will result in an error.
  warnings.warn(
/home/sjbhatt/anaconda3/envs/rcpms-jax/lib/python3.10/site-packages/jax/_src/ops/scatter.py:92: FutureWarning: scatter inputs have incompatible types: cannot safely cast value from dtype=int64 to dtype=int32 with jax_numpy_dtype_promotion='standard'. In future JAX releases this will result in an error.
  warnings.warn(
[     1] loss=0.1459 | res=2.90e-03 | grad=6.07e+00 | 4.3s
[     2] loss=0.0083 | res=1.82e-03 | grad=5.57e+00 | 1.0s
[     3] loss=-0.1182 | res=2.10e-03 | grad=5.79e+00 | 1.0s
[     4] loss=-0.2231 | res=2.82e-03 | grad=5.38e+00 | 1.0s
[     5] loss=-0.3538 | res=2.79e-03 | grad=6.02e+00 | 1.0s
[     6] loss=-0.4714 | res=3.63e-03 | grad=6.24e+00 | 1.0s
[     7] loss=-0.5822 | res=5.62e-03 | grad=6.49e+00 | 1.0s
[     8] loss=-0.6715 | res=5.46e-03 | grad=6.59e+00 | 1.0s
[     9] loss=-0.7957 | res=6.63e-03 | grad=6.78e+00 | 1.0s
[    10] loss=-0.9010 | res=7.00e-03 | grad=6.83e+00 | 1.0s
[    11] loss=-1.0306 | res=6.07e-03 | grad=6.81e+00 | 1.0s
[    12] loss=-1.2220 | res=8.89e-03 | grad=7.30e+00 | 1.0s
[    13] loss=-1.3568 | res=6.64e-03 | grad=6.67e+00 | 1.0s
[    14] loss=-1.4157 | res=8.20e-03 | grad=6.44e+00 | 1.0s
[    15] loss=-1.4982 | res=6.48e-03 | grad=5.56e+00 | 1.0s
[    16] loss=-1.6515 | res=7.75e-03 | grad=5.15e+00 | 1.0s
[    17] loss=-1.7476 | res=5.76e-03 | grad=4.67e+00 | 1.0s
[    18] loss=-1.9021 | res=5.21e-03 | grad=4.30e+00 | 1.0s
[    19] loss=-2.0700 | res=4.39e-03 | grad=3.90e+00 | 1.0s
[    20] loss=-1.9976 | res=1.72e-03 | grad=3.07e+00 | 1.0s
[    21] loss=-2.2535 | res=2.67e-03 | grad=2.70e+00 | 1.0s
[    22] loss=-2.2591 | res=2.45e-03 | grad=2.11e+00 | 1.0s
[    23] loss=-2.3067 | res=2.44e-03 | grad=1.56e+00 | 1.0s
[    24] loss=-2.4686 | res=4.81e-03 | grad=1.15e+00 | 1.0s
[    25] loss=-2.2089 | res=2.99e-03 | grad=5.74e-01 | 1.0s
[    26] loss=-2.3939 | res=2.32e-03 | grad=8.44e-01 | 1.0s
[    27] loss=-2.2939 | res=1.79e-03 | grad=5.55e-01 | 1.0s
[    28] loss=-2.2645 | res=3.35e-03 | grad=8.50e-01 | 1.0s
[    29] loss=-2.1096 | res=1.56e-03 | grad=1.11e+00 | 1.0s
[    30] loss=-2.0647 | res=2.49e-03 | grad=1.32e+00 | 1.0s
[    31] loss=-2.1615 | res=1.82e-03 | grad=1.52e+00 | 1.0s
[    32] loss=-2.2695 | res=1.24e-03 | grad=1.27e+00 | 1.0s
[    33] loss=-2.2017 | res=3.02e-03 | grad=1.55e+00 | 1.0s
[    34] loss=-2.2513 | res=1.88e-03 | grad=1.42e+00 | 1.0s
[    35] loss=-2.2711 | res=2.60e-03 | grad=1.32e+00 | 1.0s
[    36] loss=-2.4712 | res=1.66e-03 | grad=1.09e+00 | 1.0s
[    37] loss=-2.1240 | res=1.78e-03 | grad=1.41e+00 | 1.1s
[    38] loss=-2.2102 | res=2.11e-03 | grad=1.26e+00 | 1.1s
[    39] loss=-2.2770 | res=2.51e-03 | grad=1.10e+00 | 1.1s
[    40] loss=-2.2730 | res=1.17e-03 | grad=8.76e-01 | 1.1s
[    41] loss=-2.3975 | res=2.42e-03 | grad=5.52e-01 | 1.1s
[    42] loss=-2.2087 | res=1.08e-03 | grad=5.07e-01 | 1.1s
[    43] loss=-2.2690 | res=4.12e-03 | grad=1.12e+00 | 1.1s
[    44] loss=-2.3501 | res=2.25e-03 | grad=4.01e-01 | 1.1s
[    45] loss=-2.2379 | res=2.42e-03 | grad=6.44e-01 | 1.1s
[    46] loss=-2.0277 | res=5.03e-03 | grad=4.90e-01 | 1.1s
[    47] loss=-2.3628 | res=2.50e-03 | grad=7.44e-01 | 1.1s
[    48] loss=-2.2981 | res=1.78e-03 | grad=6.77e-01 | 1.1s
[    49] loss=-2.2132 | res=2.88e-03 | grad=6.27e-01 | 1.1s
[    50] loss=-2.3322 | res=5.15e-03 | grad=8.22e-01 | 1.1s
[    51] loss=-2.2175 | res=3.69e-03 | grad=3.36e-01 | 1.1s
[    52] loss=-2.2261 | res=5.39e-03 | grad=6.98e-01 | 1.1s
[    53] loss=-2.2604 | res=5.16e-03 | grad=7.29e-01 | 1.1s
[    54] loss=-2.3979 | res=5.31e-03 | grad=7.22e-01 | 1.1s
[    55] loss=-2.3793 | res=4.29e-03 | grad=8.79e-01 | 1.1s
[    56] loss=-2.3999 | res=3.08e-03 | grad=5.66e-01 | 1.1s
[    57] loss=-2.4791 | res=3.90e-03 | grad=7.07e-01 | 1.1s
[    58] loss=-2.4741 | res=3.87e-03 | grad=1.17e+00 | 1.1s
[    59] loss=-2.3371 | res=3.67e-03 | grad=5.60e-01 | 1.1s
[    60] loss=-2.4084 | res=4.18e-03 | grad=2.17e-01 | 1.1s
[    61] loss=-2.1745 | res=2.76e-03 | grad=2.77e-01 | 1.0s
[    62] loss=-2.2146 | res=4.83e-03 | grad=2.56e-01 | 1.0s
[    63] loss=-2.4436 | res=4.32e-03 | grad=5.20e-01 | 1.1s
[    64] loss=-2.4066 | res=3.27e-03 | grad=3.69e-01 | 1.1s
[    65] loss=-2.2426 | res=2.33e-03 | grad=5.07e-01 | 1.1s
[    66] loss=-2.4003 | res=2.70e-03 | grad=3.59e-01 | 1.1s
[    67] loss=-2.3318 | res=5.74e-03 | grad=6.18e-01 | 1.1s
[    68] loss=-2.5269 | res=5.09e-03 | grad=1.03e+00 | 1.1s
[    69] loss=-2.2615 | res=4.59e-03 | grad=9.09e-01 | 1.1s
[    70] loss=-2.1400 | res=3.61e-03 | grad=6.94e-01 | 1.0s
[    71] loss=-2.2294 | res=2.39e-03 | grad=7.44e-01 | 1.0s
[    72] loss=-2.2428 | res=4.84e-03 | grad=3.53e-01 | 1.0s
[    73] loss=-2.1775 | res=5.79e-03 | grad=4.18e-01 | 1.0s
[    74] loss=-2.3252 | res=3.18e-03 | grad=3.92e-01 | 1.0s
[    75] loss=-2.3221 | res=6.32e-03 | grad=2.12e-01 | 1.0s
[    76] loss=-2.3213 | res=4.70e-03 | grad=7.95e-01 | 1.0s
[    77] loss=-2.1729 | res=4.84e-03 | grad=5.65e-01 | 1.0s
[    78] loss=-2.2846 | res=6.80e-03 | grad=6.14e-01 | 1.0s
[    79] loss=-2.3112 | res=6.94e-03 | grad=5.24e-01 | 1.0s
[    80] loss=-2.1317 | res=8.84e-03 | grad=2.83e-01 | 1.0s
[    81] loss=-2.4499 | res=8.62e-03 | grad=6.39e-01 | 1.0s
[    82] loss=-2.2391 | res=6.92e-03 | grad=4.42e-01 | 1.0s
[    83] loss=-2.3688 | res=9.03e-03 | grad=7.77e-01 | 1.0s
[    84] loss=-2.2725 | res=7.52e-03 | grad=2.89e-01 | 1.0s
[    85] loss=-2.3404 | res=5.51e-03 | grad=7.73e-01 | 1.0s
[    86] loss=-2.1331 | res=6.98e-03 | grad=3.85e-01 | 1.0s
[    87] loss=-2.4232 | res=8.19e-03 | grad=6.52e-01 | 1.0s
[    88] loss=-2.2676 | res=7.12e-03 | grad=5.68e-01 | 1.0s
[    89] loss=-2.1360 | res=7.31e-03 | grad=5.12e-01 | 1.0s
[    90] loss=-2.4213 | res=6.82e-03 | grad=2.26e-01 | 1.0s
[    91] loss=-2.2426 | res=6.41e-03 | grad=4.95e-01 | 1.0s
[    92] loss=-2.3265 | res=8.05e-03 | grad=2.35e-01 | 1.0s
[    93] loss=-2.2039 | res=9.63e-03 | grad=4.06e-01 | 1.0s
[    94] loss=-2.2665 | res=6.18e-03 | grad=2.19e-01 | 1.0s
[    95] loss=-2.2114 | res=6.10e-03 | grad=6.88e-02 | 1.0s
[    96] loss=-2.4430 | res=6.02e-03 | grad=5.89e-01 | 1.0s
[    97] loss=-2.4401 | res=5.56e-03 | grad=3.98e-01 | 1.0s
[    98] loss=-2.5738 | res=6.16e-03 | grad=3.73e-01 | 1.0s
[    99] loss=-2.0907 | res=7.86e-03 | grad=6.62e-01 | 1.0s
[   100] loss=-2.2427 | res=1.02e-02 | grad=2.68e-01 | 1.0s
[   101] loss=-2.2309 | res=8.67e-03 | grad=4.24e-01 | 1.0s
[   102] loss=-2.1656 | res=9.87e-03 | grad=3.25e-01 | 1.0s
[   103] loss=-2.2424 | res=9.08e-03 | grad=5.33e-01 | 1.0s
[   104] loss=-2.2139 | res=1.16e-02 | grad=2.62e-01 | 1.0s
[   105] loss=-2.2755 | res=6.43e-03 | grad=7.33e-01 | 1.0s
[   106] loss=-2.0972 | res=7.94e-03 | grad=8.74e-01 | 1.0s
[   107] loss=-2.2946 | res=8.82e-03 | grad=7.76e-01 | 1.0s
[   108] loss=-2.3278 | res=7.65e-03 | grad=5.75e-01 | 1.0s
[   109] loss=-2.2382 | res=1.13e-02 | grad=2.30e-01 | 1.0s
[   110] loss=-2.2185 | res=1.03e-02 | grad=1.83e-01 | 1.0s
[   111] loss=-2.3326 | res=8.30e-03 | grad=3.52e-01 | 1.0s
[   112] loss=-2.3116 | res=6.97e-03 | grad=8.71e-01 | 1.0s
[   113] loss=-2.3121 | res=9.13e-03 | grad=6.85e-01 | 1.0s
[   114] loss=-2.2626 | res=1.38e-02 | grad=2.95e-01 | 1.0s
[   115] loss=-2.4486 | res=1.07e-02 | grad=5.28e-01 | 1.0s
[   116] loss=-2.2581 | res=9.60e-03 | grad=4.60e-01 | 1.0s
[   117] loss=-2.3019 | res=1.56e-02 | grad=6.33e-01 | 1.0s
[   118] loss=-2.3016 | res=9.64e-03 | grad=3.40e-01 | 1.0s
[   119] loss=-2.1704 | res=1.12e-02 | grad=4.45e-01 | 1.0s
[   120] loss=-2.3309 | res=9.03e-03 | grad=1.53e-01 | 1.0s
[   121] loss=-2.2022 | res=1.25e-02 | grad=3.43e-01 | 1.0s
[   122] loss=-2.3736 | res=9.33e-03 | grad=2.39e-01 | 1.0s
[   123] loss=-2.2983 | res=1.09e-02 | grad=5.32e-01 | 1.0s
[   124] loss=-2.2213 | res=1.17e-02 | grad=5.58e-01 | 1.0s
[   125] loss=-2.2826 | res=8.79e-03 | grad=1.65e-01 | 1.0s
[   126] loss=-2.3856 | res=1.11e-02 | grad=1.82e-01 | 1.0s
[   127] loss=-2.1665 | res=1.23e-02 | grad=1.87e-01 | 1.0s
[   128] loss=-2.2599 | res=1.11e-02 | grad=5.06e-01 | 1.0s
[   129] loss=-2.1005 | res=1.77e-02 | grad=5.77e-01 | 1.0s
[   130] loss=-2.2484 | res=1.23e-02 | grad=4.67e-01 | 1.0s
[   131] loss=-2.4960 | res=1.06e-02 | grad=6.03e-01 | 1.0s
[   132] loss=-2.4078 | res=1.18e-02 | grad=5.47e-01 | 1.0s
[   133] loss=-2.2726 | res=1.55e-02 | grad=2.96e-01 | 1.0s
[   134] loss=-2.2155 | res=1.01e-02 | grad=9.06e-01 | 1.0s
[   135] loss=-2.2511 | res=1.44e-02 | grad=2.46e-01 | 1.0s
[   136] loss=-2.2667 | res=1.12e-02 | grad=2.97e-01 | 1.0s
[   137] loss=-2.3897 | res=1.53e-02 | grad=4.19e-01 | 1.0s
[   138] loss=-2.3404 | res=1.16e-02 | grad=3.13e-01 | 1.0s
[   139] loss=-2.2777 | res=1.22e-02 | grad=5.66e-01 | 1.0s
[   140] loss=-2.2177 | res=1.30e-02 | grad=2.67e-01 | 1.0s
[   141] loss=-2.2934 | res=1.09e-02 | grad=5.57e-01 | 1.0s
[   142] loss=-2.3631 | res=1.02e-02 | grad=4.54e-01 | 1.0s
[   143] loss=-2.2407 | res=1.21e-02 | grad=6.23e-01 | 1.0s
[   144] loss=-2.4051 | res=1.18e-02 | grad=3.46e-01 | 1.0s
[   145] loss=-2.4806 | res=7.54e-03 | grad=3.18e-01 | 1.0s
[   146] loss=-2.3333 | res=9.56e-03 | grad=4.94e-01 | 1.0s
[   147] loss=-2.3636 | res=1.46e-02 | grad=6.13e-01 | 1.0s
[   148] loss=-2.3759 | res=1.34e-02 | grad=6.80e-01 | 1.0s
[   149] loss=-2.2702 | res=1.06e-02 | grad=4.29e-01 | 1.0s
[   150] loss=-2.2207 | res=1.52e-02 | grad=6.05e-01 | 1.0s
[   151] loss=-2.3552 | res=9.88e-03 | grad=9.94e-01 | 1.0s
[   152] loss=-2.1197 | res=1.29e-02 | grad=6.98e-01 | 1.0s
[   153] loss=-2.4501 | res=9.68e-03 | grad=5.20e-01 | 1.0s
[   154] loss=-2.4685 | res=1.24e-02 | grad=5.93e-01 | 1.0s
[   155] loss=-2.0022 | res=1.44e-02 | grad=5.80e-01 | 1.0s
[   156] loss=-2.3289 | res=1.40e-02 | grad=5.77e-01 | 1.0s
[   157] loss=-2.3640 | res=1.19e-02 | grad=6.49e-01 | 1.0s
[   158] loss=-2.3911 | res=1.79e-02 | grad=6.91e-01 | 1.0s
[   159] loss=-2.3321 | res=1.50e-02 | grad=8.10e-01 | 1.0s
[   160] loss=-2.2062 | res=1.23e-02 | grad=5.96e-01 | 1.0s
[   161] loss=-2.2751 | res=1.66e-02 | grad=6.06e-01 | 1.0s
[   162] loss=-2.3792 | res=1.16e-02 | grad=5.42e-01 | 1.0s
[   163] loss=-2.3263 | res=1.23e-02 | grad=8.64e-01 | 1.0s
[   164] loss=-2.3387 | res=1.27e-02 | grad=3.54e-01 | 1.0s
[   165] loss=-2.2709 | res=1.77e-02 | grad=1.12e+00 | 1.0s
[   166] loss=-2.4474 | res=1.27e-02 | grad=3.02e-01 | 1.0s
[   167] loss=-2.4121 | res=9.76e-03 | grad=5.92e-01 | 1.0s
[   168] loss=-2.3261 | res=1.09e-02 | grad=3.14e-01 | 1.0s
[   169] loss=-2.1782 | res=1.33e-02 | grad=6.84e-01 | 1.0s
[   170] loss=-2.3077 | res=9.31e-03 | grad=6.70e-01 | 1.0s
[   171] loss=-2.2845 | res=9.29e-03 | grad=3.72e-01 | 1.0s
[   172] loss=-2.2623 | res=1.63e-02 | grad=4.48e-01 | 1.0s
[   173] loss=-2.3083 | res=9.16e-03 | grad=8.21e-01 | 1.0s
[   174] loss=-2.3144 | res=9.84e-03 | grad=6.67e-01 | 1.1s
[   175] loss=-2.3254 | res=1.09e-02 | grad=2.28e-01 | 1.1s
[   176] loss=-2.3200 | res=1.19e-02 | grad=1.98e-01 | 1.1s
[   177] loss=-2.1670 | res=1.11e-02 | grad=6.50e-01 | 1.1s
[   178] loss=-2.0941 | res=6.70e-03 | grad=1.11e+00 | 1.1s
[   179] loss=-2.3196 | res=1.22e-02 | grad=3.68e-01 | 1.1s
[   180] loss=-2.4852 | res=9.35e-03 | grad=8.96e-01 | 1.1s
[   181] loss=-2.3853 | res=7.58e-03 | grad=6.91e-01 | 1.1s
[   182] loss=-2.3970 | res=1.17e-02 | grad=2.97e-01 | 1.1s
[   183] loss=-2.4422 | res=1.23e-02 | grad=4.47e-01 | 1.1s
[   184] loss=-2.4874 | res=1.04e-02 | grad=6.14e-01 | 1.1s
[   185] loss=-2.4216 | res=8.99e-03 | grad=1.61e-01 | 1.1s
[   186] loss=-2.3290 | res=1.06e-02 | grad=5.70e-01 | 1.1s
[   187] loss=-2.3515 | res=1.22e-02 | grad=5.02e-01 | 1.1s
[   188] loss=-2.2775 | res=1.30e-02 | grad=3.14e-01 | 1.1s
[   189] loss=-2.0830 | res=1.33e-02 | grad=6.77e-01 | 1.1s
[   190] loss=-2.1245 | res=9.54e-03 | grad=8.47e-01 | 1.1s
[   191] loss=-2.0902 | res=1.05e-02 | grad=6.71e-01 | 1.1s
[   192] loss=-2.2287 | res=1.39e-02 | grad=4.68e-01 | 1.1s
[   193] loss=-2.2821 | res=1.14e-02 | grad=4.76e-01 | 1.1s
[   194] loss=-2.3879 | res=1.34e-02 | grad=9.90e-01 | 1.1s
[   195] loss=-2.3186 | res=1.03e-02 | grad=2.98e-01 | 1.1s
[   196] loss=-2.3788 | res=1.21e-02 | grad=5.43e-01 | 1.0s
[   197] loss=-2.2295 | res=1.09e-02 | grad=4.75e-01 | 1.0s
[   198] loss=-2.5626 | res=9.58e-03 | grad=8.27e-01 | 1.0s
[   199] loss=-2.4241 | res=9.73e-03 | grad=4.09e-01 | 1.0s
[   200] loss=-2.3422 | res=9.72e-03 | grad=3.85e-01 | 1.0s
[   201] loss=-2.4276 | res=9.16e-03 | grad=5.00e-01 | 1.0s
[   202] loss=-2.2939 | res=1.30e-02 | grad=4.21e-01 | 1.0s
[   203] loss=-2.3617 | res=9.91e-03 | grad=2.50e-01 | 1.0s
[   204] loss=-2.1859 | res=9.17e-03 | grad=8.86e-01 | 1.0s
[   205] loss=-2.4716 | res=8.93e-03 | grad=9.65e-01 | 1.0s
[   206] loss=-2.3313 | res=9.63e-03 | grad=4.67e-01 | 1.0s
[   207] loss=-2.4755 | res=1.20e-02 | grad=1.14e-01 | 1.0s
[   208] loss=-2.2908 | res=8.25e-03 | grad=5.63e-01 | 1.0s
[   209] loss=-2.1073 | res=1.00e-02 | grad=7.65e-01 | 1.0s
[   210] loss=-2.1194 | res=8.22e-03 | grad=8.07e-01 | 1.0s
[   211] loss=-2.5348 | res=1.13e-02 | grad=7.19e-01 | 1.0s
[   212] loss=-2.3164 | res=1.12e-02 | grad=2.40e-01 | 1.0s
[   213] loss=-2.2934 | res=9.27e-03 | grad=4.31e-01 | 1.0s
[   214] loss=-2.2737 | res=1.06e-02 | grad=2.00e-01 | 1.0s
[   215] loss=-2.4623 | res=6.95e-03 | grad=5.83e-01 | 1.0s
[   216] loss=-2.4502 | res=1.04e-02 | grad=6.05e-01 | 1.0s
[   217] loss=-2.2338 | res=9.15e-03 | grad=4.75e-01 | 1.0s
[   218] loss=-2.4036 | res=8.68e-03 | grad=3.64e-01 | 1.0s
[   219] loss=-2.1288 | res=1.18e-02 | grad=6.17e-01 | 1.0s
[   220] loss=-2.2945 | res=1.21e-02 | grad=3.63e-01 | 1.0s
[   221] loss=-2.5389 | res=1.10e-02 | grad=2.62e-01 | 1.1s
[   222] loss=-2.3478 | res=9.41e-03 | grad=2.26e-01 | 1.1s
[   223] loss=-2.2812 | res=1.07e-02 | grad=7.63e-01 | 1.1s
[   224] loss=-2.1808 | res=7.96e-03 | grad=6.29e-01 | 1.1s
[   225] loss=-2.4246 | res=1.11e-02 | grad=2.90e-01 | 1.1s
[   226] loss=-2.3171 | res=8.09e-03 | grad=1.05e+00 | 1.1s
[   227] loss=-2.4681 | res=7.52e-03 | grad=2.25e-01 | 1.0s
[   228] loss=-2.5371 | res=1.25e-02 | grad=5.05e-01 | 1.0s
[   229] loss=-2.3694 | res=8.15e-03 | grad=2.48e-01 | 1.0s
[   230] loss=-2.2919 | res=1.33e-02 | grad=3.69e-01 | 1.0s
[   231] loss=-2.1553 | res=9.75e-03 | grad=3.49e-01 | 1.0s
[   232] loss=-2.4480 | res=6.69e-03 | grad=8.75e-01 | 1.0s
[   233] loss=-2.1916 | res=1.19e-02 | grad=3.75e-01 | 1.0s
[   234] loss=-2.2031 | res=8.25e-03 | grad=1.02e+00 | 1.0s
[   235] loss=-2.3023 | res=1.06e-02 | grad=3.19e-01 | 1.0s
[   236] loss=-2.5286 | res=1.13e-02 | grad=9.74e-01 | 1.0s
[   237] loss=-2.2707 | res=9.14e-03 | grad=7.13e-01 | 1.0s
[   238] loss=-2.3966 | res=1.42e-02 | grad=3.81e-01 | 1.0s
[   239] loss=-2.4436 | res=8.45e-03 | grad=7.82e-01 | 1.0s
[   240] loss=-2.3525 | res=1.30e-02 | grad=8.68e-01 | 1.0s
[   241] loss=-2.2243 | res=1.12e-02 | grad=5.97e-01 | 1.0s
[   242] loss=-2.3084 | res=9.31e-03 | grad=8.59e-01 | 1.0s
[   243] loss=-2.1750 | res=1.44e-02 | grad=6.51e-01 | 1.0s
[   244] loss=-2.3507 | res=8.60e-03 | grad=2.92e-01 | 1.0s
[   245] loss=-2.1995 | res=6.10e-03 | grad=6.44e-01 | 1.0s
[   246] loss=-2.2184 | res=1.01e-02 | grad=5.31e-01 | 1.0s
[   247] loss=-2.4701 | res=5.14e-03 | grad=9.33e-01 | 1.0s
[   248] loss=-2.2613 | res=7.02e-03 | grad=3.55e-01 | 1.0s
[   249] loss=-2.1187 | res=1.30e-02 | grad=6.54e-01 | 1.0s
[   250] loss=-2.1798 | res=7.64e-03 | grad=2.90e-01 | 1.0s
[   251] loss=-2.2961 | res=1.23e-02 | grad=6.82e-01 | 1.0s
[   252] loss=-2.2651 | res=7.26e-03 | grad=5.47e-01 | 1.0s
[   253] loss=-2.2779 | res=8.90e-03 | grad=7.32e-01 | 1.0s
[   254] loss=-2.2718 | res=6.19e-03 | grad=5.18e-01 | 1.0s
[   255] loss=-2.4468 | res=6.98e-03 | grad=7.20e-01 | 1.0s
[   256] loss=-2.3295 | res=9.07e-03 | grad=6.67e-01 | 1.0s
[   257] loss=-2.4282 | res=1.16e-02 | grad=7.20e-01 | 1.0s
[   258] loss=-2.1961 | res=7.48e-03 | grad=3.25e-01 | 1.0s
[   259] loss=-2.5850 | res=1.08e-02 | grad=5.60e-01 | 1.0s
[   260] loss=-2.5970 | res=6.72e-03 | grad=7.24e-01 | 1.0s
[   261] loss=-2.1556 | res=7.64e-03 | grad=4.54e-01 | 1.0s
[   262] loss=-2.4709 | res=6.18e-03 | grad=5.25e-01 | 1.0s
[   263] loss=-2.3610 | res=6.56e-03 | grad=4.60e-01 | 1.0s
[   264] loss=-2.3818 | res=6.85e-03 | grad=3.65e-01 | 1.0s
[   265] loss=-2.2158 | res=5.35e-03 | grad=3.78e-01 | 1.0s
[   266] loss=-2.4629 | res=8.63e-03 | grad=5.51e-01 | 1.0s
[   267] loss=-2.2629 | res=9.22e-03 | grad=3.55e-01 | 1.0s
[   268] loss=-1.9931 | res=6.32e-03 | grad=9.85e-01 | 1.0s
[   269] loss=-2.2446 | res=1.24e-02 | grad=5.89e-01 | 1.0s
[   270] loss=-2.2110 | res=8.87e-03 | grad=5.06e-01 | 1.0s
[   271] loss=-2.2424 | res=1.09e-02 | grad=3.67e-01 | 1.0s
[   272] loss=-2.2482 | res=6.28e-03 | grad=5.97e-01 | 1.0s
[   273] loss=-2.3714 | res=6.72e-03 | grad=8.62e-01 | 1.0s
[   274] loss=-2.3376 | res=1.03e-02 | grad=6.80e-01 | 1.0s
[   275] loss=-2.4471 | res=6.53e-03 | grad=7.52e-01 | 1.0s
[   276] loss=-2.2393 | res=8.64e-03 | grad=1.70e-01 | 1.0s
[   277] loss=-2.5277 | res=5.24e-03 | grad=7.67e-01 | 1.0s
[   278] loss=-2.4870 | res=6.17e-03 | grad=4.60e-01 | 1.0s
[   279] loss=-2.1635 | res=5.28e-03 | grad=5.60e-01 | 1.0s
[   280] loss=-2.3348 | res=9.84e-03 | grad=2.56e-01 | 1.0s
[   281] loss=-2.2581 | res=9.11e-03 | grad=6.31e-01 | 1.0s
[   282] loss=-2.3924 | res=1.03e-02 | grad=5.30e-01 | 1.0s
[   283] loss=-2.3568 | res=8.09e-03 | grad=2.88e-01 | 1.0s
[   284] loss=-2.1701 | res=9.43e-03 | grad=4.02e-01 | 1.0s
[   285] loss=-2.3687 | res=1.15e-02 | grad=6.74e-01 | 1.0s
[   286] loss=-2.5186 | res=1.36e-02 | grad=4.23e-01 | 1.0s
[   287] loss=-2.5121 | res=9.42e-03 | grad=4.91e-01 | 1.0s
[   288] loss=-2.4174 | res=9.35e-03 | grad=3.22e-01 | 1.0s
[   289] loss=-2.3881 | res=1.03e-02 | grad=3.28e-01 | 1.0s
[   290] loss=-2.3332 | res=7.39e-03 | grad=6.23e-01 | 1.0s
[   291] loss=-2.0781 | res=9.05e-03 | grad=3.30e-01 | 1.0s
[   292] loss=-2.3892 | res=6.96e-03 | grad=3.27e-01 | 1.0s
[   293] loss=-1.9698 | res=6.20e-03 | grad=1.33e+00 | 1.0s
[   294] loss=-2.0229 | res=8.77e-03 | grad=5.25e-01 | 1.0s
[   295] loss=-2.4299 | res=7.88e-03 | grad=5.89e-01 | 1.0s
[   296] loss=-2.4981 | res=1.02e-02 | grad=8.52e-01 | 1.0s
[   297] loss=-2.2825 | res=9.63e-03 | grad=3.05e-01 | 1.0s
[   298] loss=-2.3494 | res=7.69e-03 | grad=2.49e-01 | 1.0s
[   299] loss=-2.2482 | res=6.66e-03 | grad=3.50e-01 | 1.0s
[   300] loss=-2.2166 | res=9.35e-03 | grad=4.63e-01 | 1.0s
[   301] loss=-2.4425 | res=7.27e-03 | grad=5.57e-01 | 1.0s
[   302] loss=-2.2701 | res=5.37e-03 | grad=8.60e-01 | 1.0s
[   303] loss=-2.2929 | res=6.43e-03 | grad=3.31e-01 | 1.0s
[   304] loss=-2.4559 | res=9.53e-03 | grad=2.41e-01 | 1.0s
[   305] loss=-2.3987 | res=6.26e-03 | grad=2.76e-01 | 1.0s
[   306] loss=-2.3014 | res=6.18e-03 | grad=7.32e-01 | 1.0s
[   307] loss=-2.2219 | res=8.29e-03 | grad=2.94e-01 | 1.0s
[   308] loss=-2.3606 | res=5.21e-03 | grad=9.35e-01 | 1.0s
[   309] loss=-2.3710 | res=9.92e-03 | grad=3.10e-01 | 1.0s
[   310] loss=-2.5417 | res=4.38e-03 | grad=4.49e-01 | 1.0s
[   311] loss=-2.3305 | res=7.24e-03 | grad=1.07e+00 | 1.0s
[   312] loss=-2.2381 | res=6.09e-03 | grad=5.49e-01 | 1.0s
[   313] loss=-2.4107 | res=1.19e-02 | grad=6.87e-01 | 1.0s
[   314] loss=-2.3623 | res=9.12e-03 | grad=7.11e-01 | 1.0s
[   315] loss=-2.5374 | res=7.53e-03 | grad=3.03e-01 | 1.0s
[   316] loss=-2.2635 | res=8.03e-03 | grad=6.62e-01 | 1.1s
[   317] loss=-2.3423 | res=4.43e-03 | grad=5.52e-01 | 1.0s
[   318] loss=-2.3150 | res=8.27e-03 | grad=6.16e-01 | 1.0s
[   319] loss=-2.1295 | res=6.51e-03 | grad=6.38e-01 | 1.0s
[   320] loss=-2.2785 | res=8.60e-03 | grad=3.85e-01 | 1.0s
[   321] loss=-2.4624 | res=8.55e-03 | grad=9.09e-01 | 1.0s
[   322] loss=-2.3571 | res=6.61e-03 | grad=3.69e-01 | 1.0s
[   323] loss=-2.1578 | res=8.23e-03 | grad=6.67e-01 | 1.0s
[   324] loss=-2.3360 | res=1.03e-02 | grad=4.06e-01 | 1.0s
[   325] loss=-2.6339 | res=6.30e-03 | grad=6.39e-01 | 1.1s
[   326] loss=-2.1179 | res=9.71e-03 | grad=6.84e-01 | 1.1s
[   327] loss=-2.5891 | res=7.45e-03 | grad=8.32e-01 | 1.0s
[   328] loss=-2.2302 | res=7.23e-03 | grad=4.58e-01 | 1.0s
[   329] loss=-2.3718 | res=9.17e-03 | grad=5.06e-01 | 1.0s
[   330] loss=-2.2185 | res=1.02e-02 | grad=8.27e-01 | 1.0s
[   331] loss=-2.2676 | res=5.49e-03 | grad=1.13e+00 | 1.1s
[   332] loss=-2.3877 | res=6.30e-03 | grad=3.56e-01 | 1.0s
[   333] loss=-2.2705 | res=7.45e-03 | grad=3.01e-01 | 1.0s
[   334] loss=-2.4550 | res=6.41e-03 | grad=5.33e-01 | 1.0s
[   335] loss=-2.2892 | res=7.48e-03 | grad=6.31e-01 | 1.0s
[   336] loss=-2.2020 | res=6.09e-03 | grad=8.76e-01 | 1.0s
[   337] loss=-2.2153 | res=8.36e-03 | grad=5.29e-01 | 1.0s
[   338] loss=-2.1896 | res=9.14e-03 | grad=1.18e+00 | 1.0s
[   339] loss=-2.2264 | res=7.58e-03 | grad=5.74e-01 | 1.0s
[   340] loss=-2.1655 | res=9.71e-03 | grad=4.53e-01 | 1.0s
[   341] loss=-2.2631 | res=5.75e-03 | grad=2.50e-01 | 1.0s
[   342] loss=-2.1202 | res=7.21e-03 | grad=3.61e-01 | 1.0s
[   343] loss=-2.3548 | res=4.58e-03 | grad=3.79e-01 | 1.0s
[   344] loss=-2.1539 | res=7.58e-03 | grad=5.26e-01 | 1.0s
[   345] loss=-2.3991 | res=8.67e-03 | grad=5.20e-01 | 1.0s
[   346] loss=-2.1605 | res=9.77e-03 | grad=6.02e-01 | 1.0s
[   347] loss=-2.1621 | res=9.65e-03 | grad=7.16e-01 | 1.0s
[   348] loss=-2.3795 | res=8.94e-03 | grad=9.93e-01 | 1.0s
[   349] loss=-2.2369 | res=7.09e-03 | grad=5.29e-01 | 1.0s
[   350] loss=-2.1622 | res=7.36e-03 | grad=9.63e-01 | 1.0s
[   351] loss=-2.2474 | res=7.77e-03 | grad=8.63e-01 | 1.0s
[   352] loss=-2.4358 | res=6.23e-03 | grad=6.70e-01 | 1.0s
[   353] loss=-2.3912 | res=5.96e-03 | grad=8.39e-01 | 1.0s
[   354] loss=-2.4237 | res=6.45e-03 | grad=5.15e-01 | 1.0s
[   355] loss=-2.2090 | res=4.07e-03 | grad=1.05e+00 | 1.0s
[   356] loss=-2.2476 | res=5.60e-03 | grad=8.01e-01 | 1.0s
[   357] loss=-2.4552 | res=8.02e-03 | grad=4.73e-01 | 1.0s
[   358] loss=-2.2669 | res=7.25e-03 | grad=7.29e-01 | 1.0s
[   359] loss=-2.3357 | res=6.46e-03 | grad=2.45e-01 | 1.0s
[   360] loss=-2.3042 | res=6.39e-03 | grad=5.19e-01 | 1.0s
[   361] loss=-2.1857 | res=6.09e-03 | grad=8.13e-01 | 1.0s
[   362] loss=-2.3011 | res=7.59e-03 | grad=1.09e+00 | 1.0s
[   363] loss=-2.3827 | res=9.73e-03 | grad=8.83e-01 | 1.0s
[   364] loss=-2.4396 | res=8.42e-03 | grad=6.74e-01 | 1.0s
[   365] loss=-2.3930 | res=5.55e-03 | grad=7.04e-01 | 1.0s
[   366] loss=-2.1855 | res=5.84e-03 | grad=2.85e-01 | 1.0s
[   367] loss=-2.4540 | res=6.00e-03 | grad=9.56e-01 | 1.0s
[   368] loss=-2.1984 | res=7.75e-03 | grad=9.23e-01 | 1.0s
[   369] loss=-2.4010 | res=5.48e-03 | grad=1.23e+00 | 1.0s
[   370] loss=-2.4235 | res=5.60e-03 | grad=2.71e-01 | 1.0s
[   371] loss=-2.3049 | res=5.00e-03 | grad=2.84e-01 | 1.0s
[   372] loss=-2.1226 | res=8.21e-03 | grad=8.44e-01 | 1.0s
[   373] loss=-2.3361 | res=7.64e-03 | grad=3.81e-01 | 1.0s
[   374] loss=-2.3698 | res=8.04e-03 | grad=6.38e-01 | 1.0s
[   375] loss=-2.4749 | res=7.24e-03 | grad=3.76e-01 | 1.0s
[   376] loss=-2.3844 | res=8.62e-03 | grad=3.69e-01 | 1.0s
[   377] loss=-2.2910 | res=1.10e-02 | grad=4.87e-01 | 1.0s
[   378] loss=-2.2735 | res=4.62e-03 | grad=3.92e-01 | 1.0s
[   379] loss=-2.4807 | res=6.30e-03 | grad=3.97e-01 | 1.0s
[   380] loss=-2.1169 | res=7.14e-03 | grad=5.06e-01 | 1.0s
[   381] loss=-2.1646 | res=8.84e-03 | grad=5.25e-01 | 1.0s
[   382] loss=-2.3523 | res=4.16e-03 | grad=4.55e-01 | 1.0s
[   383] loss=-2.2928 | res=6.13e-03 | grad=4.85e-01 | 1.0s
[   384] loss=-2.5190 | res=6.19e-03 | grad=4.89e-01 | 1.0s
[   385] loss=-1.8797 | res=6.18e-03 | grad=6.95e-01 | 1.0s
[   386] loss=-2.4210 | res=6.78e-03 | grad=5.05e-01 | 1.0s
[   387] loss=-2.3715 | res=9.32e-03 | grad=5.21e-01 | 1.0s
[   388] loss=-2.3382 | res=5.23e-03 | grad=5.73e-01 | 1.0s
[   389] loss=-2.4020 | res=6.30e-03 | grad=6.13e-01 | 1.0s
[   390] loss=-2.2252 | res=5.93e-03 | grad=2.47e-01 | 1.0s
[   391] loss=-2.6053 | res=7.79e-03 | grad=4.92e-01 | 1.0s
[   392] loss=-2.4074 | res=9.73e-03 | grad=2.33e-01 | 1.0s
[   393] loss=-2.0994 | res=6.26e-03 | grad=8.04e-01 | 1.0s
[   394] loss=-2.4049 | res=6.62e-03 | grad=1.95e-01 | 1.0s
[   395] loss=-2.4113 | res=8.84e-03 | grad=3.71e-01 | 1.0s
[   396] loss=-2.3619 | res=8.77e-03 | grad=5.83e-01 | 1.0s
[   397] loss=-2.3122 | res=7.62e-03 | grad=8.30e-01 | 1.0s
[   398] loss=-2.3475 | res=6.62e-03 | grad=4.88e-01 | 1.0s
[   399] loss=-2.4810 | res=7.88e-03 | grad=5.29e-01 | 1.0s
[   400] loss=-2.1704 | res=9.79e-03 | grad=8.02e-01 | 1.0s
[   401] loss=-2.0371 | res=8.16e-03 | grad=4.66e-01 | 1.0s
[   402] loss=-2.2342 | res=9.79e-03 | grad=8.52e-01 | 1.0s
[   403] loss=-2.1601 | res=5.44e-03 | grad=7.57e-01 | 1.0s
[   404] loss=-2.1434 | res=5.48e-03 | grad=3.01e-01 | 1.0s
[   405] loss=-2.2655 | res=8.10e-03 | grad=3.62e-01 | 1.0s
[   406] loss=-2.3169 | res=8.80e-03 | grad=6.26e-01 | 1.0s
[   407] loss=-2.1060 | res=5.33e-03 | grad=5.81e-01 | 1.0s
[   408] loss=-2.3857 | res=5.97e-03 | grad=1.06e+00 | 1.0s
[   409] loss=-2.1517 | res=9.21e-03 | grad=2.94e-01 | 1.0s
[   410] loss=-2.4165 | res=8.97e-03 | grad=5.70e-01 | 1.0s
[   411] loss=-2.4051 | res=8.08e-03 | grad=5.64e-01 | 1.0s
[   412] loss=-2.4412 | res=8.88e-03 | grad=5.36e-01 | 1.0s
[   413] loss=-2.2784 | res=4.99e-03 | grad=1.57e-01 | 1.0s
[   414] loss=-2.3995 | res=4.74e-03 | grad=4.89e-01 | 1.0s
[   415] loss=-2.1317 | res=6.78e-03 | grad=5.49e-01 | 1.0s
[   416] loss=-2.3188 | res=5.96e-03 | grad=6.88e-01 | 1.0s
[   417] loss=-2.4189 | res=7.80e-03 | grad=5.16e-01 | 1.0s
[   418] loss=-2.2980 | res=8.25e-03 | grad=5.17e-01 | 1.0s
[   419] loss=-2.2296 | res=6.90e-03 | grad=6.37e-01 | 1.0s
[   420] loss=-2.4109 | res=5.66e-03 | grad=2.47e-01 | 1.0s
[   421] loss=-2.3539 | res=6.08e-03 | grad=3.21e-01 | 1.0s
[   422] loss=-2.4241 | res=6.52e-03 | grad=3.55e-01 | 1.0s
[   423] loss=-2.3115 | res=4.76e-03 | grad=2.90e-01 | 1.0s
[   424] loss=-2.2724 | res=6.07e-03 | grad=4.53e-01 | 1.0s
[   425] loss=-2.3014 | res=6.46e-03 | grad=3.82e-01 | 1.0s
[   426] loss=-2.2134 | res=5.34e-03 | grad=5.68e-01 | 1.0s
[   427] loss=-2.4905 | res=6.30e-03 | grad=4.71e-01 | 1.0s
[   428] loss=-2.3096 | res=5.72e-03 | grad=3.78e-01 | 1.0s
[   429] loss=-2.2289 | res=8.03e-03 | grad=1.93e-01 | 1.0s
[   430] loss=-2.3117 | res=7.18e-03 | grad=8.08e-01 | 1.0s
[   431] loss=-2.4849 | res=9.82e-03 | grad=5.40e-01 | 1.0s
[   432] loss=-2.2980 | res=6.82e-03 | grad=7.38e-01 | 1.0s
[   433] loss=-2.3211 | res=6.41e-03 | grad=8.00e-01 | 1.0s
[   434] loss=-2.4156 | res=7.74e-03 | grad=1.13e+00 | 1.0s
[   435] loss=-2.1698 | res=5.38e-03 | grad=8.16e-01 | 1.0s
[   436] loss=-2.5048 | res=5.20e-03 | grad=4.80e-01 | 1.1s
[   437] loss=-2.1713 | res=5.53e-03 | grad=4.64e-01 | 1.1s
[   438] loss=-2.4458 | res=5.06e-03 | grad=2.26e-01 | 1.1s
[   439] loss=-2.4571 | res=7.81e-03 | grad=2.37e-01 | 1.1s
[   440] loss=-2.2917 | res=3.92e-03 | grad=4.62e-01 | 1.1s
[   441] loss=-2.4420 | res=6.31e-03 | grad=5.26e-01 | 1.1s
[   442] loss=-2.0827 | res=4.38e-03 | grad=7.37e-01 | 1.1s
[   443] loss=-2.2468 | res=5.46e-03 | grad=5.93e-01 | 1.1s
[   444] loss=-2.1650 | res=6.85e-03 | grad=9.36e-01 | 1.1s
[   445] loss=-2.2648 | res=4.59e-03 | grad=7.44e-01 | 1.1s
[   446] loss=-2.2670 | res=9.52e-03 | grad=5.00e-01 | 1.1s
[   447] loss=-2.2406 | res=7.23e-03 | grad=4.97e-01 | 1.1s
[   448] loss=-2.2779 | res=6.99e-03 | grad=6.63e-01 | 1.1s
[   449] loss=-2.4500 | res=7.29e-03 | grad=7.70e-01 | 1.1s
[   450] loss=-2.2337 | res=5.52e-03 | grad=4.35e-01 | 1.1s
[   451] loss=-2.2400 | res=5.61e-03 | grad=7.27e-01 | 1.1s
[   452] loss=-2.3462 | res=7.07e-03 | grad=4.91e-01 | 1.1s
[   453] loss=-2.4478 | res=6.57e-03 | grad=4.37e-01 | 1.1s
[   454] loss=-2.3378 | res=5.77e-03 | grad=2.46e-01 | 1.1s
[   455] loss=-2.1637 | res=4.99e-03 | grad=4.26e-01 | 1.0s
[   456] loss=-2.4306 | res=8.31e-03 | grad=5.14e-01 | 1.1s
[   457] loss=-2.4715 | res=6.74e-03 | grad=5.19e-01 | 1.1s
[   458] loss=-2.2699 | res=5.70e-03 | grad=7.65e-01 | 1.0s
[   459] loss=-2.3197 | res=5.31e-03 | grad=6.90e-01 | 1.0s
[   460] loss=-2.3509 | res=6.15e-03 | grad=9.80e-02 | 1.0s
[   461] loss=-2.3562 | res=9.57e-03 | grad=6.60e-01 | 1.0s
[   462] loss=-2.3838 | res=8.61e-03 | grad=5.24e-01 | 1.0s
[   463] loss=-2.2304 | res=6.04e-03 | grad=3.70e-01 | 1.0s
[   464] loss=-2.1492 | res=8.38e-03 | grad=7.62e-01 | 1.0s
[   465] loss=-2.4833 | res=9.78e-03 | grad=2.45e-01 | 1.0s
[   466] loss=-2.3849 | res=7.88e-03 | grad=2.86e-01 | 1.0s
[   467] loss=-2.2808 | res=4.99e-03 | grad=2.68e-01 | 1.0s
[   468] loss=-2.1970 | res=8.10e-03 | grad=6.17e-01 | 1.0s
[   469] loss=-2.3988 | res=7.70e-03 | grad=5.39e-01 | 1.0s
[   470] loss=-2.4704 | res=7.73e-03 | grad=6.77e-01 | 1.0s
[   471] loss=-2.4013 | res=8.69e-03 | grad=9.77e-01 | 1.0s
[   472] loss=-2.3295 | res=7.76e-03 | grad=6.33e-01 | 1.0s
[   473] loss=-2.0864 | res=6.64e-03 | grad=2.91e-01 | 1.0s
[   474] loss=-2.6170 | res=7.58e-03 | grad=5.93e-01 | 1.0s
[   475] loss=-2.3090 | res=6.33e-03 | grad=3.66e-01 | 1.0s
[   476] loss=-2.4321 | res=7.14e-03 | grad=6.96e-01 | 1.0s
[   477] loss=-2.3438 | res=5.86e-03 | grad=4.37e-01 | 1.0s
[   478] loss=-2.3351 | res=4.35e-03 | grad=4.34e-01 | 1.0s
[   479] loss=-2.3926 | res=7.33e-03 | grad=5.79e-01 | 1.0s
[   480] loss=-2.3360 | res=5.87e-03 | grad=4.63e-01 | 1.0s
[   481] loss=-2.3767 | res=5.20e-03 | grad=6.17e-01 | 1.0s
[   482] loss=-2.3553 | res=7.30e-03 | grad=4.31e-01 | 1.0s
[   483] loss=-2.2684 | res=7.39e-03 | grad=5.31e-01 | 1.0s
[   484] loss=-2.4351 | res=7.55e-03 | grad=2.84e-01 | 1.0s
[   485] loss=-2.5406 | res=6.22e-03 | grad=4.84e-01 | 1.0s
[   486] loss=-2.4340 | res=7.23e-03 | grad=2.91e-01 | 1.0s
[   487] loss=-2.4081 | res=6.11e-03 | grad=5.16e-01 | 1.0s
[   488] loss=-2.3725 | res=6.22e-03 | grad=1.82e-01 | 1.0s
[   489] loss=-2.2920 | res=9.15e-03 | grad=6.60e-01 | 1.0s
[   490] loss=-2.2677 | res=8.16e-03 | grad=7.13e-01 | 1.0s
[   491] loss=-2.1961 | res=7.21e-03 | grad=3.23e-01 | 1.0s
[   492] loss=-2.4446 | res=5.83e-03 | grad=5.13e-01 | 1.0s
[   493] loss=-2.4354 | res=8.44e-03 | grad=6.30e-01 | 1.0s
[   494] loss=-2.1097 | res=5.63e-03 | grad=1.10e+00 | 1.0s
[   495] loss=-2.2680 | res=6.52e-03 | grad=4.06e-01 | 1.0s
[   496] loss=-2.3986 | res=7.14e-03 | grad=2.06e-01 | 1.0s
[   497] loss=-2.3579 | res=6.00e-03 | grad=3.81e-01 | 1.0s
[   498] loss=-2.2732 | res=4.92e-03 | grad=3.51e-01 | 1.0s
[   499] loss=-2.4598 | res=6.50e-03 | grad=8.98e-01 | 1.0s
[   500] loss=-2.4994 | res=3.79e-03 | grad=8.24e-01 | 1.0s
[   501] loss=-2.4817 | res=6.62e-03 | grad=4.48e-01 | 1.0s
[   502] loss=-2.2821 | res=7.06e-03 | grad=2.67e-01 | 1.0s
[   503] loss=-2.2867 | res=6.68e-03 | grad=6.11e-01 | 1.0s
[   504] loss=-2.3018 | res=8.49e-03 | grad=6.47e-01 | 1.0s
[   505] loss=-2.3475 | res=9.69e-03 | grad=2.22e-01 | 1.0s
[   506] loss=-2.2029 | res=6.28e-03 | grad=1.04e+00 | 1.0s
[   507] loss=-2.3996 | res=7.27e-03 | grad=3.07e-01 | 1.0s
[   508] loss=-2.2175 | res=8.32e-03 | grad=5.89e-01 | 1.0s
[   509] loss=-2.1103 | res=6.79e-03 | grad=5.08e-01 | 1.0s
[   510] loss=-2.3850 | res=1.00e-02 | grad=4.92e-01 | 1.0s
[   511] loss=-2.3849 | res=4.05e-03 | grad=3.91e-01 | 1.0s
[   512] loss=-2.3130 | res=4.96e-03 | grad=4.45e-01 | 1.0s
[   513] loss=-2.4130 | res=5.04e-03 | grad=5.36e-01 | 1.0s
[   514] loss=-1.9296 | res=8.25e-03 | grad=8.05e-01 | 1.0s
[   515] loss=-2.3410 | res=4.76e-03 | grad=1.21e+00 | 1.0s
[   516] loss=-2.2221 | res=6.92e-03 | grad=6.90e-01 | 1.0s
[   517] loss=-2.2896 | res=6.00e-03 | grad=3.20e-01 | 1.0s
[   518] loss=-2.1714 | res=5.28e-03 | grad=4.64e-01 | 1.0s
[   519] loss=-2.1930 | res=4.40e-03 | grad=5.39e-01 | 1.0s
[   520] loss=-2.2997 | res=6.20e-03 | grad=5.92e-01 | 1.0s
[   521] loss=-2.2141 | res=6.07e-03 | grad=7.15e-01 | 1.0s
[   522] loss=-2.2719 | res=3.97e-03 | grad=1.09e+00 | 1.0s
[   523] loss=-2.3259 | res=3.88e-03 | grad=5.46e-01 | 1.0s
[   524] loss=-2.2760 | res=6.33e-03 | grad=4.82e-01 | 1.0s
[   525] loss=-2.1016 | res=5.08e-03 | grad=1.73e-01 | 1.0s
[   526] loss=-2.2376 | res=7.66e-03 | grad=2.78e-01 | 1.0s
[   527] loss=-2.4367 | res=6.10e-03 | grad=6.35e-01 | 1.0s
[   528] loss=-2.2774 | res=4.37e-03 | grad=6.77e-01 | 1.0s
[   529] loss=-2.4509 | res=5.26e-03 | grad=4.93e-01 | 1.0s
[   530] loss=-2.4856 | res=7.43e-03 | grad=4.99e-01 | 1.0s
[   531] loss=-2.3133 | res=4.44e-03 | grad=5.25e-01 | 1.0s
[   532] loss=-2.3346 | res=8.24e-03 | grad=6.27e-01 | 1.0s
[   533] loss=-2.2764 | res=5.08e-03 | grad=6.69e-01 | 1.0s
[   534] loss=-2.3910 | res=5.92e-03 | grad=5.48e-01 | 1.0s
[   535] loss=-2.0919 | res=5.60e-03 | grad=7.82e-01 | 1.0s
[   536] loss=-2.2615 | res=6.09e-03 | grad=6.92e-01 | 1.0s
[   537] loss=-2.5394 | res=5.47e-03 | grad=4.36e-01 | 1.0s
[   538] loss=-2.1942 | res=4.22e-03 | grad=6.99e-01 | 1.0s
[   539] loss=-2.2224 | res=4.35e-03 | grad=6.57e-01 | 1.0s
[   540] loss=-2.1273 | res=6.18e-03 | grad=4.57e-01 | 1.0s
[   541] loss=-2.3586 | res=5.91e-03 | grad=5.01e-01 | 1.0s
[   542] loss=-2.5189 | res=6.08e-03 | grad=8.05e-01 | 1.0s
[   543] loss=-2.4368 | res=5.27e-03 | grad=7.29e-01 | 1.0s
[   544] loss=-2.2971 | res=3.52e-03 | grad=6.18e-01 | 1.0s
[   545] loss=-2.3147 | res=5.33e-03 | grad=3.59e-01 | 1.0s
[   546] loss=-2.3353 | res=5.81e-03 | grad=4.04e-01 | 1.0s
[   547] loss=-2.3041 | res=4.97e-03 | grad=3.59e-01 | 1.0s
[   548] loss=-2.3034 | res=3.35e-03 | grad=8.52e-01 | 1.0s
[   549] loss=-2.4108 | res=8.34e-03 | grad=4.42e-01 | 1.0s
[   550] loss=-2.3172 | res=4.98e-03 | grad=4.71e-01 | 1.0s
[   551] loss=-2.2746 | res=3.84e-03 | grad=6.07e-01 | 1.0s
[   552] loss=-2.3290 | res=6.38e-03 | grad=7.15e-01 | 1.0s
[   553] loss=-2.2936 | res=6.02e-03 | grad=3.93e-01 | 1.0s
[   554] loss=-2.1182 | res=5.75e-03 | grad=7.33e-01 | 1.0s
[   555] loss=-2.4748 | res=5.83e-03 | grad=6.92e-01 | 1.0s
[   556] loss=-2.5023 | res=4.61e-03 | grad=2.75e-01 | 1.0s
[   557] loss=-2.0860 | res=6.68e-03 | grad=3.63e-01 | 1.0s
[   558] loss=-2.3564 | res=6.19e-03 | grad=3.05e-01 | 1.0s
[   559] loss=-2.3887 | res=4.53e-03 | grad=4.86e-01 | 1.0s
[   560] loss=-2.4406 | res=4.47e-03 | grad=9.13e-01 | 1.0s
[   561] loss=-2.5253 | res=4.80e-03 | grad=8.60e-01 | 1.0s
[   562] loss=-2.1161 | res=6.14e-03 | grad=3.61e-01 | 1.0s
[   563] loss=-2.3089 | res=3.73e-03 | grad=3.39e-01 | 1.0s
[   564] loss=-2.2930 | res=6.36e-03 | grad=2.55e-01 | 1.0s
[   565] loss=-2.2875 | res=6.65e-03 | grad=1.44e-01 | 1.0s
[   566] loss=-2.1851 | res=5.74e-03 | grad=8.26e-01 | 1.0s
[   567] loss=-2.1758 | res=4.06e-03 | grad=4.22e-01 | 1.0s
[   568] loss=-2.2464 | res=6.18e-03 | grad=7.23e-01 | 1.0s
[   569] loss=-2.4211 | res=4.63e-03 | grad=7.83e-01 | 1.0s
[   570] loss=-2.3710 | res=4.21e-03 | grad=6.74e-01 | 1.0s
[   571] loss=-2.2979 | res=4.48e-03 | grad=6.88e-01 | 1.0s
[   572] loss=-2.3082 | res=4.40e-03 | grad=2.69e-01 | 1.0s
[   573] loss=-2.1901 | res=6.02e-03 | grad=6.36e-01 | 1.0s
[   574] loss=-2.2553 | res=4.18e-03 | grad=5.39e-01 | 1.0s
[   575] loss=-2.1745 | res=5.09e-03 | grad=5.29e-01 | 1.0s
[   576] loss=-2.2975 | res=5.69e-03 | grad=7.80e-01 | 1.0s
[   577] loss=-2.1508 | res=4.73e-03 | grad=6.94e-01 | 1.0s
[   578] loss=-2.2557 | res=6.98e-03 | grad=8.21e-01 | 1.0s
[   579] loss=-2.3186 | res=7.48e-03 | grad=4.42e-01 | 1.0s
[   580] loss=-2.1743 | res=3.25e-03 | grad=2.06e-01 | 1.0s
[   581] loss=-2.4187 | res=7.79e-03 | grad=4.35e-01 | 1.0s
[   582] loss=-2.3316 | res=6.62e-03 | grad=4.98e-01 | 1.0s
[   583] loss=-2.2405 | res=5.23e-03 | grad=4.67e-01 | 1.0s
[   584] loss=-2.5231 | res=5.38e-03 | grad=6.04e-01 | 1.0s
[   585] loss=-2.2271 | res=7.55e-03 | grad=6.76e-01 | 1.0s
[   586] loss=-2.2020 | res=6.87e-03 | grad=5.35e-01 | 1.0s
[   587] loss=-2.2280 | res=6.14e-03 | grad=3.06e-01 | 1.0s
[   588] loss=-2.4437 | res=6.94e-03 | grad=3.60e-01 | 1.0s
[   589] loss=-2.3885 | res=4.24e-03 | grad=2.76e-01 | 1.0s
[   590] loss=-2.2085 | res=5.10e-03 | grad=3.06e-01 | 1.0s
[   591] loss=-2.5475 | res=6.04e-03 | grad=3.54e-01 | 1.0s
[   592] loss=-2.2070 | res=6.05e-03 | grad=3.58e-01 | 1.0s
[   593] loss=-2.2966 | res=6.97e-03 | grad=1.25e-01 | 1.0s
[   594] loss=-2.2262 | res=5.26e-03 | grad=6.05e-01 | 1.0s
[   595] loss=-2.3019 | res=5.23e-03 | grad=5.17e-01 | 1.0s
[   596] loss=-2.3582 | res=6.08e-03 | grad=4.28e-01 | 1.0s
[   597] loss=-2.0818 | res=6.45e-03 | grad=5.66e-01 | 1.0s
[   598] loss=-2.3397 | res=6.16e-03 | grad=7.31e-01 | 1.0s
[   599] loss=-2.1746 | res=4.60e-03 | grad=4.20e-01 | 1.0s
[   600] loss=-2.2969 | res=5.46e-03 | grad=6.41e-01 | 1.0s
[   601] loss=-2.1753 | res=4.59e-03 | grad=6.24e-01 | 1.0s
[   602] loss=-2.4159 | res=6.47e-03 | grad=5.95e-01 | 1.0s
[   603] loss=-2.3877 | res=5.43e-03 | grad=1.01e-01 | 1.0s
[   604] loss=-2.2229 | res=8.17e-03 | grad=1.91e-01 | 1.0s
[   605] loss=-2.1713 | res=3.70e-03 | grad=4.24e-01 | 1.0s
[   606] loss=-2.4031 | res=6.96e-03 | grad=8.11e-01 | 1.0s
[   607] loss=-2.1595 | res=4.64e-03 | grad=9.76e-01 | 1.0s
[   608] loss=-2.3784 | res=3.94e-03 | grad=6.12e-01 | 1.0s
[   609] loss=-2.0885 | res=5.96e-03 | grad=4.17e-01 | 1.0s
[   610] loss=-2.3474 | res=6.69e-03 | grad=1.65e-01 | 1.0s
[   611] loss=-2.3674 | res=2.99e-03 | grad=4.46e-01 | 1.0s
[   612] loss=-2.2733 | res=6.12e-03 | grad=1.22e-01 | 1.0s
[   613] loss=-2.5404 | res=5.57e-03 | grad=6.57e-01 | 1.0s
[   614] loss=-2.4029 | res=5.01e-03 | grad=5.70e-01 | 1.0s
[   615] loss=-2.2822 | res=6.96e-03 | grad=5.65e-01 | 1.0s
[   616] loss=-2.5062 | res=6.69e-03 | grad=8.59e-01 | 1.0s
[   617] loss=-2.2556 | res=4.03e-03 | grad=4.67e-01 | 1.0s
[   618] loss=-2.3217 | res=7.96e-03 | grad=5.89e-01 | 1.0s
[   619] loss=-2.4708 | res=5.95e-03 | grad=6.45e-01 | 1.0s
[   620] loss=-2.2976 | res=9.63e-03 | grad=4.49e-01 | 1.0s
[   621] loss=-2.3353 | res=5.73e-03 | grad=5.60e-01 | 1.0s
[   622] loss=-2.2398 | res=8.58e-03 | grad=6.14e-01 | 1.0s
[   623] loss=-2.2925 | res=7.57e-03 | grad=5.62e-01 | 1.0s
[   624] loss=-2.2344 | res=8.34e-03 | grad=5.08e-01 | 1.0s
[   625] loss=-2.2973 | res=7.43e-03 | grad=5.03e-01 | 1.0s
[   626] loss=-2.4345 | res=3.56e-03 | grad=4.62e-01 | 1.0s
[   627] loss=-2.2093 | res=6.54e-03 | grad=3.65e-01 | 1.0s
[   628] loss=-2.1304 | res=4.44e-03 | grad=3.67e-01 | 1.0s
[   629] loss=-2.2661 | res=4.89e-03 | grad=4.85e-01 | 1.0s
[   630] loss=-2.1494 | res=2.60e-03 | grad=6.32e-01 | 1.0s
[   631] loss=-2.3220 | res=2.81e-03 | grad=3.86e-01 | 1.0s
[   632] loss=-2.4077 | res=4.48e-03 | grad=3.58e-01 | 1.0s
[   633] loss=-2.3807 | res=6.86e-03 | grad=4.51e-01 | 1.0s
[   634] loss=-2.4601 | res=4.66e-03 | grad=8.05e-01 | 1.0s
[   635] loss=-1.9892 | res=9.50e-03 | grad=2.98e-01 | 1.0s
[   636] loss=-2.1838 | res=4.15e-03 | grad=7.21e-01 | 1.0s
[   637] loss=-2.3884 | res=8.76e-03 | grad=6.89e-01 | 1.0s
[   638] loss=-2.3995 | res=8.54e-03 | grad=4.72e-01 | 1.0s
[   639] loss=-2.4344 | res=4.19e-03 | grad=6.25e-01 | 1.0s
[   640] loss=-2.2657 | res=4.38e-03 | grad=1.91e-01 | 1.0s
[   641] loss=-2.3078 | res=5.17e-03 | grad=3.25e-01 | 1.0s
[   642] loss=-2.4687 | res=5.06e-03 | grad=3.62e-01 | 1.0s
[   643] loss=-2.2052 | res=4.65e-03 | grad=3.65e-01 | 1.0s
[   644] loss=-2.3420 | res=3.30e-03 | grad=1.80e-01 | 1.0s
[   645] loss=-2.3753 | res=6.93e-03 | grad=3.30e-01 | 1.0s
[   646] loss=-2.6211 | res=5.11e-03 | grad=7.80e-01 | 1.0s
[   647] loss=-2.0577 | res=6.82e-03 | grad=8.27e-01 | 1.0s
[   648] loss=-2.3679 | res=9.59e-03 | grad=2.50e-01 | 1.0s
[   649] loss=-2.3306 | res=5.44e-03 | grad=6.95e-01 | 1.0s
[   650] loss=-2.1529 | res=4.90e-03 | grad=4.60e-01 | 1.0s
[   651] loss=-2.3540 | res=6.27e-03 | grad=4.70e-01 | 1.0s
[   652] loss=-2.3867 | res=6.43e-03 | grad=2.36e-01 | 1.0s
[   653] loss=-2.2913 | res=4.05e-03 | grad=2.03e-01 | 1.0s
[   654] loss=-2.3803 | res=5.61e-03 | grad=4.73e-01 | 1.0s
[   655] loss=-2.3348 | res=6.77e-03 | grad=3.83e-01 | 1.0s
[   656] loss=-2.3404 | res=5.47e-03 | grad=3.10e-01 | 1.0s
[   657] loss=-2.3732 | res=7.05e-03 | grad=5.74e-01 | 1.0s
[   658] loss=-2.1185 | res=5.27e-03 | grad=3.51e-01 | 1.0s
[   659] loss=-2.2152 | res=5.70e-03 | grad=4.93e-01 | 1.0s
[   660] loss=-2.1581 | res=6.25e-03 | grad=3.01e-01 | 1.0s
[   661] loss=-2.3295 | res=8.42e-03 | grad=6.27e-01 | 1.0s
[   662] loss=-2.5436 | res=7.18e-03 | grad=6.32e-01 | 1.0s
[   663] loss=-1.8777 | res=4.60e-03 | grad=8.91e-01 | 1.0s
[   664] loss=-2.3990 | res=4.20e-03 | grad=2.93e-01 | 1.0s
[   665] loss=-2.2967 | res=4.43e-03 | grad=3.38e-01 | 1.0s
[   666] loss=-2.2661 | res=5.53e-03 | grad=2.70e-01 | 1.0s
[   667] loss=-2.2248 | res=6.38e-03 | grad=2.93e-01 | 1.0s
[   668] loss=-2.3290 | res=6.09e-03 | grad=3.73e-01 | 1.0s
[   669] loss=-2.2744 | res=3.02e-03 | grad=8.96e-01 | 1.0s
[   670] loss=-2.2708 | res=4.42e-03 | grad=5.81e-01 | 1.0s
[   671] loss=-2.2978 | res=5.84e-03 | grad=1.23e-01 | 1.0s
[   672] loss=-2.1784 | res=5.08e-03 | grad=3.49e-01 | 1.0s
[   673] loss=-2.4792 | res=4.54e-03 | grad=8.90e-01 | 1.0s
[   674] loss=-2.6168 | res=3.31e-03 | grad=7.46e-01 | 1.0s
[   675] loss=-2.4097 | res=6.51e-03 | grad=3.65e-01 | 1.0s
[   676] loss=-2.1558 | res=5.39e-03 | grad=4.96e-01 | 1.0s
[   677] loss=-2.3621 | res=4.87e-03 | grad=7.68e-01 | 1.0s
[   678] loss=-2.2355 | res=4.06e-03 | grad=6.10e-01 | 1.0s
[   679] loss=-2.2715 | res=4.34e-03 | grad=4.65e-01 | 1.0s
[   680] loss=-2.3063 | res=4.65e-03 | grad=7.80e-01 | 1.0s
[   681] loss=-2.3415 | res=5.30e-03 | grad=3.60e-01 | 1.0s
[   682] loss=-2.3105 | res=6.16e-03 | grad=3.61e-01 | 1.0s
[   683] loss=-2.3897 | res=3.63e-03 | grad=2.79e-01 | 1.0s
[   684] loss=-2.2000 | res=7.09e-03 | grad=4.43e-01 | 1.0s
[   685] loss=-2.5224 | res=5.48e-03 | grad=4.06e-01 | 1.0s
[   686] loss=-2.3009 | res=6.14e-03 | grad=4.71e-01 | 1.0s
[   687] loss=-2.1205 | res=7.68e-03 | grad=3.16e-01 | 1.0s
[   688] loss=-2.3780 | res=5.78e-03 | grad=4.73e-01 | 1.0s
[   689] loss=-2.1967 | res=7.04e-03 | grad=2.58e-01 | 1.0s
[   690] loss=-2.3582 | res=5.18e-03 | grad=5.76e-01 | 1.0s
[   691] loss=-2.3020 | res=4.05e-03 | grad=2.71e-01 | 1.0s
[   692] loss=-2.2220 | res=3.38e-03 | grad=3.49e-01 | 1.0s
[   693] loss=-2.4456 | res=6.40e-03 | grad=4.86e-01 | 1.0s
[   694] loss=-2.3892 | res=3.88e-03 | grad=4.03e-01 | 1.0s
[   695] loss=-2.1794 | res=4.76e-03 | grad=5.54e-01 | 1.0s
[   696] loss=-2.2619 | res=4.42e-03 | grad=4.13e-01 | 1.0s
[   697] loss=-2.3040 | res=5.97e-03 | grad=6.55e-01 | 1.0s
[   698] loss=-2.2222 | res=3.51e-03 | grad=6.44e-01 | 1.0s
[   699] loss=-2.4208 | res=3.28e-03 | grad=2.11e-01 | 1.0s
[   700] loss=-2.4341 | res=5.40e-03 | grad=3.60e-01 | 1.0s
[   701] loss=-2.2496 | res=5.14e-03 | grad=4.07e-01 | 1.0s
[   702] loss=-2.3799 | res=4.17e-03 | grad=3.86e-01 | 1.0s
[   703] loss=-2.2647 | res=5.44e-03 | grad=5.71e-01 | 1.0s
[   704] loss=-2.2369 | res=5.02e-03 | grad=6.21e-01 | 1.0s
[   705] loss=-2.3418 | res=3.96e-03 | grad=2.94e-01 | 1.0s
[   706] loss=-2.2959 | res=4.10e-03 | grad=4.13e-01 | 1.0s
[   707] loss=-2.0625 | res=5.71e-03 | grad=4.61e-01 | 1.0s
[   708] loss=-2.4380 | res=7.69e-03 | grad=4.25e-01 | 1.0s
[   709] loss=-2.2428 | res=3.74e-03 | grad=6.56e-01 | 1.0s
[   710] loss=-2.6445 | res=5.98e-03 | grad=4.49e-01 | 1.0s
[   711] loss=-2.3982 | res=5.46e-03 | grad=2.09e-01 | 1.0s
[   712] loss=-2.1392 | res=6.78e-03 | grad=3.62e-01 | 1.0s
[   713] loss=-2.1854 | res=4.91e-03 | grad=2.80e-01 | 1.0s
[   714] loss=-2.0545 | res=5.42e-03 | grad=6.06e-01 | 1.0s
[   715] loss=-2.4056 | res=3.54e-03 | grad=5.12e-01 | 1.0s
[   716] loss=-2.3446 | res=4.20e-03 | grad=3.28e-01 | 1.0s
[   717] loss=-2.2812 | res=4.93e-03 | grad=9.15e-01 | 1.0s
[   718] loss=-2.4151 | res=6.07e-03 | grad=7.64e-01 | 1.0s
[   719] loss=-2.3372 | res=6.18e-03 | grad=6.99e-01 | 1.0s
[   720] loss=-2.3325 | res=5.48e-03 | grad=3.75e-01 | 1.0s
[   721] loss=-2.2489 | res=3.90e-03 | grad=4.38e-01 | 1.0s
[   722] loss=-2.1916 | res=3.87e-03 | grad=4.50e-01 | 1.0s
[   723] loss=-2.2118 | res=3.73e-03 | grad=3.55e-01 | 1.0s
[   724] loss=-2.2889 | res=4.14e-03 | grad=3.45e-01 | 1.0s
[   725] loss=-2.1329 | res=5.90e-03 | grad=7.02e-01 | 1.0s
[   726] loss=-2.4137 | res=4.18e-03 | grad=6.20e-01 | 1.0s
[   727] loss=-2.2282 | res=4.38e-03 | grad=5.73e-01 | 1.0s
[   728] loss=-2.2786 | res=5.41e-03 | grad=3.45e-01 | 1.0s
[   729] loss=-2.3941 | res=4.72e-03 | grad=3.99e-01 | 1.0s
[   730] loss=-2.3237 | res=5.59e-03 | grad=2.84e-01 | 1.0s
[   731] loss=-2.4154 | res=3.11e-03 | grad=6.43e-01 | 1.0s
[   732] loss=-2.3499 | res=5.82e-03 | grad=4.97e-01 | 1.0s
[   733] loss=-2.4694 | res=3.95e-03 | grad=5.56e-01 | 1.0s
[   734] loss=-2.2189 | res=6.37e-03 | grad=4.66e-01 | 1.0s
[   735] loss=-2.3497 | res=5.63e-03 | grad=4.65e-01 | 1.0s
[   736] loss=-2.3234 | res=5.70e-03 | grad=5.19e-01 | 1.0s
[   737] loss=-2.1978 | res=3.82e-03 | grad=2.58e-01 | 1.0s
[   738] loss=-2.3092 | res=3.54e-03 | grad=6.47e-01 | 1.0s
[   739] loss=-2.4262 | res=6.41e-03 | grad=4.88e-01 | 1.0s
[   740] loss=-2.2797 | res=5.37e-03 | grad=4.75e-01 | 1.0s
[   741] loss=-2.2741 | res=4.88e-03 | grad=3.47e-01 | 1.0s
[   742] loss=-2.4265 | res=4.33e-03 | grad=4.18e-01 | 1.0s
[   743] loss=-2.3744 | res=5.81e-03 | grad=6.48e-01 | 1.0s
[   744] loss=-2.2039 | res=5.37e-03 | grad=6.71e-01 | 1.0s
[   745] loss=-2.1033 | res=4.98e-03 | grad=4.10e-01 | 1.0s
[   746] loss=-2.4595 | res=6.80e-03 | grad=3.32e-01 | 1.0s
[   747] loss=-2.2242 | res=7.26e-03 | grad=3.12e-01 | 1.0s
[   748] loss=-2.1144 | res=4.49e-03 | grad=6.72e-01 | 1.0s
[   749] loss=-2.3709 | res=6.29e-03 | grad=4.70e-01 | 1.0s
[   750] loss=-2.2122 | res=7.64e-03 | grad=5.72e-01 | 1.0s
[   751] loss=-2.1722 | res=6.81e-03 | grad=3.03e-01 | 1.0s
[   752] loss=-2.4177 | res=5.17e-03 | grad=6.18e-01 | 1.0s
[   753] loss=-2.1975 | res=5.23e-03 | grad=2.93e-01 | 1.0s
[   754] loss=-2.1913 | res=6.07e-03 | grad=1.80e-01 | 1.0s
[   755] loss=-2.2501 | res=4.08e-03 | grad=5.75e-01 | 1.0s
[   756] loss=-2.2716 | res=4.76e-03 | grad=3.56e-01 | 1.0s
[   757] loss=-2.2389 | res=5.53e-03 | grad=4.31e-01 | 1.0s
[   758] loss=-2.1535 | res=6.47e-03 | grad=4.20e-01 | 1.0s
[   759] loss=-2.3405 | res=2.80e-03 | grad=1.81e-01 | 1.0s
[   760] loss=-2.3376 | res=5.75e-03 | grad=2.79e-01 | 1.0s
[   761] loss=-2.2922 | res=5.21e-03 | grad=3.52e-01 | 1.0s
[   762] loss=-2.3415 | res=5.91e-03 | grad=3.34e-01 | 1.0s
[   763] loss=-2.2517 | res=4.06e-03 | grad=4.09e-01 | 1.0s
[   764] loss=-2.2682 | res=5.55e-03 | grad=2.84e-01 | 1.0s
[   765] loss=-2.2591 | res=5.59e-03 | grad=4.23e-01 | 1.0s
[   766] loss=-2.2862 | res=4.73e-03 | grad=1.34e-01 | 1.0s
[   767] loss=-2.2028 | res=4.73e-03 | grad=5.16e-01 | 1.0s
[   768] loss=-2.3675 | res=4.70e-03 | grad=4.61e-01 | 1.0s
[   769] loss=-2.3549 | res=4.60e-03 | grad=3.90e-01 | 1.0s
[   770] loss=-2.1743 | res=7.57e-03 | grad=5.20e-01 | 1.0s
[   771] loss=-2.2920 | res=5.57e-03 | grad=7.04e-01 | 1.0s
[   772] loss=-2.3922 | res=5.58e-03 | grad=4.88e-01 | 1.0s
[   773] loss=-2.3870 | res=3.82e-03 | grad=4.67e-01 | 1.0s
[   774] loss=-2.3306 | res=3.99e-03 | grad=4.93e-01 | 1.0s
[   775] loss=-2.2109 | res=5.96e-03 | grad=3.40e-01 | 1.0s
[   776] loss=-2.3626 | res=3.64e-03 | grad=4.40e-01 | 1.0s
[   777] loss=-2.3295 | res=3.75e-03 | grad=8.07e-01 | 1.0s
[   778] loss=-2.4623 | res=4.74e-03 | grad=3.57e-01 | 1.0s
[   779] loss=-2.3425 | res=4.92e-03 | grad=6.37e-01 | 1.0s
[   780] loss=-2.1060 | res=6.32e-03 | grad=9.47e-01 | 1.0s
[   781] loss=-2.2289 | res=8.65e-03 | grad=2.03e-01 | 1.0s
[   782] loss=-2.1479 | res=4.28e-03 | grad=4.01e-01 | 1.0s
[   783] loss=-2.4705 | res=3.14e-03 | grad=6.13e-01 | 1.0s
[   784] loss=-2.6009 | res=6.57e-03 | grad=1.18e+00 | 1.0s
[   785] loss=-2.2784 | res=4.91e-03 | grad=8.18e-01 | 1.0s
[   786] loss=-2.1518 | res=4.74e-03 | grad=2.45e-01 | 1.0s
[   787] loss=-2.1710 | res=6.30e-03 | grad=4.20e-01 | 1.0s
[   788] loss=-2.4009 | res=6.44e-03 | grad=4.51e-01 | 1.0s
[   789] loss=-2.4413 | res=5.66e-03 | grad=4.77e-01 | 1.0s
[   790] loss=-2.5363 | res=5.49e-03 | grad=5.91e-01 | 1.0s
[   791] loss=-2.4611 | res=5.50e-03 | grad=5.58e-01 | 1.0s
[   792] loss=-2.3658 | res=4.25e-03 | grad=2.68e-01 | 1.0s
[   793] loss=-2.2501 | res=5.72e-03 | grad=7.42e-01 | 1.0s
[   794] loss=-2.2316 | res=4.04e-03 | grad=6.19e-01 | 1.0s
[   795] loss=-2.3037 | res=5.71e-03 | grad=5.95e-01 | 1.0s
[   796] loss=-2.2170 | res=4.39e-03 | grad=6.70e-01 | 1.0s
[   797] loss=-2.0810 | res=5.11e-03 | grad=8.36e-01 | 1.0s
[   798] loss=-2.1743 | res=6.56e-03 | grad=4.12e-01 | 1.0s
[   799] loss=-2.2517 | res=5.80e-03 | grad=4.01e-01 | 1.0s
[   800] loss=-2.2189 | res=5.60e-03 | grad=4.11e-01 | 1.0s
[   801] loss=-2.3670 | res=3.73e-03 | grad=7.39e-01 | 1.0s
[   802] loss=-2.2273 | res=5.18e-03 | grad=5.03e-01 | 1.0s
[   803] loss=-2.4449 | res=9.09e-03 | grad=8.45e-01 | 1.0s
[   804] loss=-2.4193 | res=4.73e-03 | grad=8.15e-01 | 1.0s
[   805] loss=-2.3685 | res=4.48e-03 | grad=4.17e-01 | 1.0s
[   806] loss=-2.1560 | res=3.29e-03 | grad=4.52e-01 | 1.0s
[   807] loss=-2.2265 | res=4.39e-03 | grad=4.59e-01 | 1.0s
[   808] loss=-2.1958 | res=5.31e-03 | grad=3.92e-01 | 1.0s
[   809] loss=-2.2617 | res=4.87e-03 | grad=3.69e-01 | 1.0s
[   810] loss=-2.1482 | res=4.74e-03 | grad=4.98e-01 | 1.0s
[   811] loss=-2.1218 | res=5.66e-03 | grad=7.22e-01 | 1.0s
[   812] loss=-2.2180 | res=3.72e-03 | grad=2.34e-01 | 1.0s
[   813] loss=-2.1209 | res=3.94e-03 | grad=4.75e-01 | 1.0s
[   814] loss=-2.2681 | res=5.20e-03 | grad=3.61e-01 | 1.0s
[   815] loss=-2.4069 | res=3.79e-03 | grad=6.58e-01 | 1.0s
[   816] loss=-2.2569 | res=2.90e-03 | grad=3.30e-01 | 1.0s
[   817] loss=-2.3561 | res=5.14e-03 | grad=6.36e-01 | 1.0s
[   818] loss=-2.4138 | res=6.10e-03 | grad=8.22e-01 | 1.0s
[   819] loss=-2.2472 | res=3.69e-03 | grad=6.86e-01 | 1.0s
[   820] loss=-2.2062 | res=5.21e-03 | grad=5.97e-01 | 1.0s
[   821] loss=-2.2180 | res=5.44e-03 | grad=4.13e-01 | 1.0s
[   822] loss=-2.2539 | res=6.40e-03 | grad=1.96e-01 | 1.0s
[   823] loss=-2.1991 | res=5.91e-03 | grad=1.75e-01 | 1.0s
[   824] loss=-2.3424 | res=5.87e-03 | grad=6.59e-01 | 1.0s
[   825] loss=-2.2173 | res=4.44e-03 | grad=3.92e-01 | 1.0s
[   826] loss=-2.2933 | res=4.57e-03 | grad=5.99e-01 | 1.0s
[   827] loss=-2.1579 | res=3.04e-03 | grad=3.86e-01 | 1.0s
[   828] loss=-2.7046 | res=6.46e-03 | grad=8.09e-01 | 1.0s
[   829] loss=-2.2964 | res=5.99e-03 | grad=3.34e-01 | 1.0s
[   830] loss=-2.3600 | res=4.06e-03 | grad=3.84e-01 | 1.0s
[   831] loss=-2.4155 | res=4.11e-03 | grad=4.89e-01 | 1.0s
[   832] loss=-2.3414 | res=3.97e-03 | grad=2.13e-01 | 1.0s
[   833] loss=-2.2026 | res=6.43e-03 | grad=4.62e-01 | 1.0s
[   834] loss=-2.2502 | res=5.23e-03 | grad=3.54e-01 | 1.0s
[   835] loss=-2.2943 | res=6.27e-03 | grad=3.68e-01 | 1.0s
[   836] loss=-2.2120 | res=3.81e-03 | grad=4.20e-01 | 1.0s
[   837] loss=-2.3768 | res=6.21e-03 | grad=4.23e-01 | 1.0s
[   838] loss=-2.4895 | res=4.85e-03 | grad=4.40e-01 | 1.0s
[   839] loss=-2.3755 | res=3.87e-03 | grad=4.29e-01 | 1.0s
[   840] loss=-2.2317 | res=5.89e-03 | grad=2.29e-01 | 1.0s
[   841] loss=-2.1920 | res=4.42e-03 | grad=5.93e-01 | 1.0s
[   842] loss=-2.4030 | res=5.01e-03 | grad=5.29e-01 | 1.0s
[   843] loss=-2.2771 | res=5.06e-03 | grad=2.45e-01 | 1.0s
[   844] loss=-2.2455 | res=5.23e-03 | grad=7.42e-01 | 1.0s
[   845] loss=-2.3635 | res=6.15e-03 | grad=5.82e-01 | 1.0s
[   846] loss=-2.3054 | res=4.15e-03 | grad=2.86e-01 | 1.0s
[   847] loss=-2.3173 | res=3.33e-03 | grad=4.55e-01 | 1.0s
[   848] loss=-2.5473 | res=6.83e-03 | grad=5.18e-01 | 1.0s
[   849] loss=-2.3476 | res=6.71e-03 | grad=7.20e-01 | 1.0s
[   850] loss=-2.3427 | res=3.25e-03 | grad=4.02e-01 | 1.0s
[   851] loss=-2.3415 | res=5.63e-03 | grad=1.17e-01 | 1.0s
[   852] loss=-2.1965 | res=4.12e-03 | grad=5.19e-01 | 1.0s
[   853] loss=-2.2443 | res=7.18e-03 | grad=5.27e-01 | 1.0s
[   854] loss=-2.3910 | res=5.24e-03 | grad=2.08e-01 | 1.0s
[   855] loss=-2.2166 | res=6.92e-03 | grad=3.39e-01 | 1.0s
[   856] loss=-2.4936 | res=3.44e-03 | grad=4.03e-01 | 1.0s
[   857] loss=-2.3272 | res=5.05e-03 | grad=5.73e-01 | 1.0s
[   858] loss=-2.3140 | res=5.80e-03 | grad=4.52e-01 | 1.0s
[   859] loss=-2.2472 | res=4.88e-03 | grad=6.38e-01 | 1.0s
[   860] loss=-2.2017 | res=3.80e-03 | grad=2.63e-01 | 1.0s
[   861] loss=-2.3535 | res=4.27e-03 | grad=6.70e-01 | 1.0s
[   862] loss=-2.2802 | res=2.81e-03 | grad=4.61e-01 | 1.0s
[   863] loss=-2.4526 | res=5.01e-03 | grad=5.61e-01 | 1.0s
[   864] loss=-2.2971 | res=4.84e-03 | grad=4.06e-01 | 1.0s
[   865] loss=-2.4735 | res=4.21e-03 | grad=6.99e-01 | 1.0s
[   866] loss=-2.0942 | res=3.49e-03 | grad=5.84e-01 | 1.0s
[   867] loss=-2.1590 | res=3.72e-03 | grad=4.33e-01 | 1.0s
[   868] loss=-2.4361 | res=4.67e-03 | grad=4.96e-01 | 1.0s
[   869] loss=-2.2470 | res=5.86e-03 | grad=3.42e-01 | 1.0s
[   870] loss=-2.2200 | res=7.06e-03 | grad=3.10e-01 | 1.0s
[   871] loss=-2.3210 | res=4.08e-03 | grad=1.95e-01 | 1.0s
[   872] loss=-2.3474 | res=6.54e-03 | grad=1.97e-01 | 1.0s
[   873] loss=-2.5116 | res=5.11e-03 | grad=4.25e-01 | 1.0s
[   874] loss=-2.2219 | res=4.28e-03 | grad=3.99e-01 | 1.0s
[   875] loss=-2.4910 | res=5.02e-03 | grad=3.30e-01 | 1.0s
[   876] loss=-2.4962 | res=4.54e-03 | grad=4.70e-01 | 1.0s
[   877] loss=-2.1921 | res=3.06e-03 | grad=3.17e-01 | 1.0s
[   878] loss=-2.4087 | res=5.60e-03 | grad=6.10e-01 | 1.0s
[   879] loss=-2.4595 | res=5.35e-03 | grad=3.22e-01 | 1.0s
[   880] loss=-2.7242 | res=3.85e-03 | grad=6.57e-01 | 1.0s
[   881] loss=-2.1582 | res=6.57e-03 | grad=8.67e-01 | 1.0s
[   882] loss=-2.4450 | res=4.55e-03 | grad=4.48e-01 | 1.0s
[   883] loss=-2.2078 | res=3.57e-03 | grad=5.60e-01 | 1.0s
[   884] loss=-2.2745 | res=4.55e-03 | grad=4.55e-01 | 1.0s
[   885] loss=-2.3564 | res=4.49e-03 | grad=3.41e-01 | 1.0s
[   886] loss=-2.3480 | res=3.10e-03 | grad=2.84e-01 | 1.0s
[   887] loss=-2.2363 | res=2.01e-03 | grad=8.59e-02 | 1.0s
[   888] loss=-2.5308 | res=4.52e-03 | grad=7.39e-01 | 1.0s
[   889] loss=-2.4451 | res=3.54e-03 | grad=4.06e-01 | 1.0s
[   890] loss=-2.3182 | res=6.72e-03 | grad=1.51e-01 | 1.0s
[   891] loss=-2.3292 | res=4.16e-03 | grad=1.71e-01 | 1.0s
[   892] loss=-2.4097 | res=3.87e-03 | grad=2.17e-01 | 1.0s
[   893] loss=-2.2278 | res=4.14e-03 | grad=2.54e-01 | 1.0s
[   894] loss=-2.3811 | res=4.17e-03 | grad=5.05e-01 | 1.0s
[   895] loss=-2.1965 | res=5.19e-03 | grad=5.36e-01 | 1.0s
[   896] loss=-2.1963 | res=4.94e-03 | grad=2.11e-01 | 1.0s
[   897] loss=-2.3416 | res=3.38e-03 | grad=5.69e-01 | 1.0s
[   898] loss=-2.2576 | res=4.57e-03 | grad=5.39e-01 | 1.0s
[   899] loss=-2.4193 | res=7.02e-03 | grad=3.10e-01 | 1.0s
[   900] loss=-2.2856 | res=7.39e-03 | grad=2.04e-01 | 1.0s
[   901] loss=-2.3715 | res=4.96e-03 | grad=4.87e-01 | 1.0s
[   902] loss=-2.5463 | res=6.39e-03 | grad=5.04e-01 | 1.0s
[   903] loss=-2.4971 | res=5.43e-03 | grad=3.02e-01 | 1.0s
[   904] loss=-2.2463 | res=5.75e-03 | grad=4.40e-01 | 1.0s
[   905] loss=-2.2517 | res=6.43e-03 | grad=4.26e-01 | 1.0s
[   906] loss=-2.1626 | res=4.98e-03 | grad=3.36e-01 | 1.0s
[   907] loss=-2.2776 | res=6.70e-03 | grad=3.31e-01 | 1.0s
[   908] loss=-2.1236 | res=4.20e-03 | grad=2.51e-01 | 1.0s
[   909] loss=-2.2659 | res=4.27e-03 | grad=2.21e-01 | 1.0s
[   910] loss=-2.4320 | res=7.78e-03 | grad=4.16e-01 | 1.0s
[   911] loss=-2.2345 | res=3.18e-03 | grad=2.35e-01 | 1.0s
[   912] loss=-2.2883 | res=3.15e-03 | grad=4.49e-01 | 1.0s
[   913] loss=-2.3351 | res=4.06e-03 | grad=1.62e-01 | 1.0s
[   914] loss=-2.2366 | res=4.07e-03 | grad=2.99e-01 | 1.0s
[   915] loss=-2.4029 | res=4.69e-03 | grad=1.14e-01 | 1.0s
[   916] loss=-2.1155 | res=7.28e-03 | grad=3.45e-01 | 1.0s
[   917] loss=-2.3699 | res=5.01e-03 | grad=2.59e-01 | 1.0s
[   918] loss=-2.4555 | res=5.14e-03 | grad=3.74e-01 | 1.0s
[   919] loss=-2.4859 | res=5.31e-03 | grad=3.50e-01 | 1.0s
[   920] loss=-2.2923 | res=6.28e-03 | grad=4.90e-01 | 1.0s
[   921] loss=-2.3141 | res=4.11e-03 | grad=1.82e-01 | 1.0s
[   922] loss=-2.3040 | res=4.11e-03 | grad=4.39e-01 | 1.0s
[   923] loss=-2.4080 | res=4.93e-03 | grad=2.42e-01 | 1.0s
[   924] loss=-2.4800 | res=5.86e-03 | grad=4.82e-01 | 1.0s
[   925] loss=-2.3182 | res=7.56e-03 | grad=4.03e-01 | 1.0s
[   926] loss=-2.5591 | res=4.90e-03 | grad=3.88e-01 | 1.0s
[   927] loss=-2.1824 | res=4.42e-03 | grad=5.16e-01 | 1.0s
[   928] loss=-2.4360 | res=4.84e-03 | grad=7.77e-01 | 1.0s
[   929] loss=-2.4341 | res=8.15e-03 | grad=4.36e-01 | 1.0s
[   930] loss=-2.2507 | res=4.01e-03 | grad=4.40e-01 | 1.0s
[   931] loss=-2.3100 | res=5.09e-03 | grad=2.86e-01 | 1.0s
[   932] loss=-2.4845 | res=8.28e-03 | grad=2.07e-01 | 1.0s
[   933] loss=-2.2819 | res=6.55e-03 | grad=7.31e-01 | 1.0s
[   934] loss=-2.2567 | res=3.09e-03 | grad=1.18e-01 | 1.0s
[   935] loss=-2.2582 | res=4.38e-03 | grad=2.89e-01 | 1.0s
[   936] loss=-2.1375 | res=3.38e-03 | grad=8.26e-01 | 1.0s
[   937] loss=-2.4192 | res=4.85e-03 | grad=4.54e-01 | 1.0s
[   938] loss=-2.2898 | res=4.67e-03 | grad=4.96e-01 | 1.0s
[   939] loss=-2.1986 | res=5.42e-03 | grad=2.83e-01 | 1.0s
[   940] loss=-2.2619 | res=5.27e-03 | grad=4.48e-01 | 1.0s
[   941] loss=-2.2636 | res=5.91e-03 | grad=3.83e-01 | 1.0s
[   942] loss=-2.0941 | res=5.58e-03 | grad=4.64e-01 | 1.0s
[   943] loss=-2.2885 | res=4.83e-03 | grad=6.37e-01 | 1.0s
[   944] loss=-2.1875 | res=4.31e-03 | grad=2.46e-01 | 1.0s
[   945] loss=-2.1718 | res=4.33e-03 | grad=2.89e-01 | 1.0s
[   946] loss=-2.4976 | res=2.75e-03 | grad=7.17e-01 | 1.0s
[   947] loss=-2.2348 | res=5.90e-03 | grad=2.28e-01 | 1.0s
[   948] loss=-2.3405 | res=2.47e-03 | grad=5.88e-01 | 1.0s
[   949] loss=-2.2814 | res=4.28e-03 | grad=3.59e-01 | 1.0s
[   950] loss=-2.2665 | res=4.02e-03 | grad=2.05e-01 | 1.0s
[   951] loss=-2.4141 | res=4.46e-03 | grad=2.19e-01 | 1.0s
[   952] loss=-2.3231 | res=3.73e-03 | grad=4.60e-01 | 1.0s
[   953] loss=-2.2900 | res=4.39e-03 | grad=8.68e-01 | 1.0s
[   954] loss=-2.4588 | res=4.38e-03 | grad=2.56e-01 | 1.0s
[   955] loss=-2.2446 | res=5.22e-03 | grad=3.95e-01 | 1.0s
[   956] loss=-2.1316 | res=4.47e-03 | grad=5.18e-01 | 1.0s
[   957] loss=-2.5064 | res=3.83e-03 | grad=5.85e-01 | 1.0s
[   958] loss=-2.5767 | res=3.37e-03 | grad=7.27e-01 | 1.0s
[   959] loss=-2.5992 | res=4.84e-03 | grad=6.79e-01 | 1.0s
[   960] loss=-2.2469 | res=3.36e-03 | grad=5.45e-01 | 1.0s
[   961] loss=-2.1230 | res=5.17e-03 | grad=8.96e-01 | 1.0s
[   962] loss=-2.3695 | res=4.12e-03 | grad=1.75e-01 | 1.0s
[   963] loss=-2.3917 | res=5.66e-03 | grad=3.71e-01 | 1.0s
[   964] loss=-2.3841 | res=4.69e-03 | grad=1.88e-01 | 1.0s
[   965] loss=-2.2877 | res=6.97e-03 | grad=4.08e-01 | 1.0s
[   966] loss=-2.1324 | res=4.44e-03 | grad=4.63e-01 | 1.0s
[   967] loss=-2.5088 | res=4.62e-03 | grad=5.79e-01 | 1.0s
[   968] loss=-2.1346 | res=4.33e-03 | grad=3.08e-01 | 1.0s
[   969] loss=-2.1350 | res=3.78e-03 | grad=3.19e-01 | 1.0s
[   970] loss=-2.2291 | res=3.93e-03 | grad=1.53e-01 | 1.0s
[   971] loss=-2.3287 | res=4.19e-03 | grad=4.97e-01 | 1.0s
[   972] loss=-2.0426 | res=4.02e-03 | grad=3.61e-01 | 1.0s
[   973] loss=-2.0914 | res=3.97e-03 | grad=4.94e-01 | 1.0s
[   974] loss=-2.1557 | res=4.26e-03 | grad=2.47e-01 | 1.0s
[   975] loss=-2.3228 | res=8.11e-03 | grad=4.97e-01 | 1.0s
[   976] loss=-2.2983 | res=3.29e-03 | grad=2.23e-01 | 1.0s
[   977] loss=-2.2934 | res=3.68e-03 | grad=8.35e-01 | 1.0s
[   978] loss=-2.5269 | res=4.10e-03 | grad=6.73e-01 | 1.0s
[   979] loss=-2.1195 | res=3.88e-03 | grad=4.86e-01 | 1.0s
[   980] loss=-2.3726 | res=4.92e-03 | grad=5.29e-01 | 1.0s
[   981] loss=-2.3475 | res=4.15e-03 | grad=3.09e-01 | 1.0s
[   982] loss=-2.3676 | res=3.63e-03 | grad=2.18e-01 | 1.0s
[   983] loss=-2.3523 | res=4.54e-03 | grad=2.86e-01 | 1.0s
[   984] loss=-2.3006 | res=5.63e-03 | grad=6.31e-01 | 1.0s
[   985] loss=-2.4494 | res=5.07e-03 | grad=4.87e-01 | 1.0s
[   986] loss=-2.2582 | res=4.88e-03 | grad=4.39e-01 | 1.0s
[   987] loss=-2.1362 | res=3.80e-03 | grad=3.12e-01 | 1.0s
[   988] loss=-2.3552 | res=2.74e-03 | grad=1.99e-01 | 1.0s
[   989] loss=-2.4026 | res=5.48e-03 | grad=4.16e-01 | 1.0s
[   990] loss=-2.2591 | res=4.49e-03 | grad=5.90e-01 | 1.0s
[   991] loss=-2.2760 | res=5.10e-03 | grad=3.49e-01 | 1.0s
[   992] loss=-2.2141 | res=6.33e-03 | grad=3.52e-01 | 1.0s
[   993] loss=-2.2786 | res=3.24e-03 | grad=7.23e-01 | 1.0s
[   994] loss=-2.2283 | res=3.93e-03 | grad=2.46e-01 | 1.0s
[   995] loss=-2.2718 | res=4.05e-03 | grad=5.35e-01 | 1.0s
[   996] loss=-2.4511 | res=3.74e-03 | grad=3.47e-01 | 1.0s
[   997] loss=-2.2439 | res=5.36e-03 | grad=3.35e-01 | 1.0s
[   998] loss=-2.1834 | res=3.58e-03 | grad=2.68e-01 | 1.0s
[   999] loss=-2.4760 | res=3.97e-03 | grad=4.17e-01 | 1.0s
[  1000] loss=-2.1925 | res=4.92e-03 | grad=4.19e-01 | 1.0s
    KL = 0.1558
    ESS ratio = 0.911
    Runtime = 1037.5s

  --- Run 5/5 (seed=56789) ---
/home/sjbhatt/anaconda3/envs/rcpms-jax/lib/python3.10/site-packages/jax/_src/ops/scatter.py:92: FutureWarning: scatter inputs have incompatible types: cannot safely cast value from dtype=int64 to dtype=int32 with jax_numpy_dtype_promotion='standard'. In future JAX releases this will result in an error.
  warnings.warn(
/home/sjbhatt/anaconda3/envs/rcpms-jax/lib/python3.10/site-packages/jax/_src/ops/scatter.py:92: FutureWarning: scatter inputs have incompatible types: cannot safely cast value from dtype=int64 to dtype=int32 with jax_numpy_dtype_promotion='standard'. In future JAX releases this will result in an error.
  warnings.warn(
[     1] loss=0.0226 | res=2.08e-03 | grad=7.26e+00 | 5.3s
[     2] loss=-0.1270 | res=2.56e-03 | grad=6.76e+00 | 1.0s
[     3] loss=-0.2513 | res=2.58e-03 | grad=6.63e+00 | 1.0s
[     4] loss=-0.3854 | res=1.99e-03 | grad=6.90e+00 | 1.0s
[     5] loss=-0.5131 | res=2.41e-03 | grad=7.12e+00 | 1.0s
[     6] loss=-0.6525 | res=4.59e-03 | grad=7.33e+00 | 1.0s
[     7] loss=-0.7275 | res=4.63e-03 | grad=6.79e+00 | 1.0s
[     8] loss=-0.9292 | res=5.90e-03 | grad=7.90e+00 | 1.0s
[     9] loss=-1.0586 | res=7.48e-03 | grad=7.37e+00 | 1.0s
[    10] loss=-1.1705 | res=7.72e-03 | grad=7.04e+00 | 1.0s
[    11] loss=-1.3369 | res=6.85e-03 | grad=6.65e+00 | 1.0s
[    12] loss=-1.4795 | res=8.21e-03 | grad=6.62e+00 | 1.0s
[    13] loss=-1.6908 | res=8.51e-03 | grad=6.37e+00 | 1.0s
[    14] loss=-1.6607 | res=6.81e-03 | grad=5.00e+00 | 1.0s
[    15] loss=-1.7094 | res=5.64e-03 | grad=4.12e+00 | 1.0s
[    16] loss=-1.9650 | res=5.37e-03 | grad=3.93e+00 | 1.0s
[    17] loss=-2.1799 | res=4.32e-03 | grad=3.72e+00 | 1.0s
[    18] loss=-1.9571 | res=3.44e-03 | grad=2.42e+00 | 1.0s
[    19] loss=-2.4310 | res=7.92e-03 | grad=2.57e+00 | 1.0s
[    20] loss=-2.2144 | res=6.24e-03 | grad=1.63e+00 | 1.0s
[    21] loss=-2.0910 | res=7.94e-03 | grad=9.54e-01 | 1.0s
[    22] loss=-2.4816 | res=6.35e-03 | grad=9.63e-01 | 1.0s
[    23] loss=-2.2263 | res=6.25e-03 | grad=4.09e-01 | 1.0s
[    24] loss=-2.2398 | res=5.68e-03 | grad=2.03e-01 | 1.0s
[    25] loss=-2.3698 | res=5.13e-03 | grad=5.59e-01 | 1.0s
[    26] loss=-2.4627 | res=6.44e-03 | grad=5.33e-01 | 1.0s
[    27] loss=-2.1930 | res=5.83e-03 | grad=1.01e+00 | 1.0s
[    28] loss=-2.1880 | res=4.70e-03 | grad=1.13e+00 | 1.0s
[    29] loss=-2.4282 | res=8.13e-03 | grad=1.22e+00 | 1.0s
[    30] loss=-2.4565 | res=1.08e-02 | grad=1.17e+00 | 1.0s
[    31] loss=-2.1403 | res=7.25e-03 | grad=1.42e+00 | 1.0s
[    32] loss=-2.2745 | res=1.05e-02 | grad=1.07e+00 | 1.0s
[    33] loss=-2.3738 | res=8.07e-03 | grad=1.39e+00 | 1.0s
[    34] loss=-2.4733 | res=8.28e-03 | grad=1.05e+00 | 1.0s
[    35] loss=-2.5314 | res=6.16e-03 | grad=6.88e-01 | 1.0s
[    36] loss=-2.1750 | res=1.06e-02 | grad=1.11e+00 | 1.0s
[    37] loss=-2.5466 | res=6.29e-03 | grad=6.67e-01 | 1.0s
[    38] loss=-2.2672 | res=7.04e-03 | grad=5.49e-01 | 1.0s
[    39] loss=-2.3323 | res=8.19e-03 | grad=7.07e-01 | 1.0s
[    40] loss=-2.2850 | res=5.89e-03 | grad=4.71e-01 | 1.0s
[    41] loss=-2.2231 | res=9.12e-03 | grad=4.93e-01 | 1.0s
[    42] loss=-2.3852 | res=1.26e-02 | grad=4.67e-01 | 1.0s
[    43] loss=-2.2900 | res=1.07e-02 | grad=9.05e-01 | 1.0s
[    44] loss=-2.3313 | res=9.49e-03 | grad=8.31e-01 | 1.0s
[    45] loss=-2.2178 | res=8.72e-03 | grad=5.11e-01 | 1.0s
[    46] loss=-2.2266 | res=8.75e-03 | grad=6.47e-01 | 1.0s
[    47] loss=-2.2560 | res=1.16e-02 | grad=9.39e-01 | 1.0s
[    48] loss=-2.1927 | res=8.50e-03 | grad=6.87e-01 | 1.0s
[    49] loss=-2.3847 | res=9.81e-03 | grad=1.01e+00 | 1.0s
[    50] loss=-2.2839 | res=9.29e-03 | grad=4.02e-01 | 1.0s
[    51] loss=-2.3908 | res=8.24e-03 | grad=5.19e-01 | 1.0s
[    52] loss=-2.3044 | res=9.35e-03 | grad=5.67e-01 | 1.0s
[    53] loss=-2.3949 | res=7.14e-03 | grad=7.40e-01 | 1.0s
[    54] loss=-2.2431 | res=9.27e-03 | grad=6.26e-01 | 1.0s
[    55] loss=-2.3492 | res=7.47e-03 | grad=2.61e-01 | 1.0s
[    56] loss=-2.3270 | res=9.51e-03 | grad=7.26e-01 | 1.0s
[    57] loss=-2.4087 | res=7.79e-03 | grad=2.61e-01 | 1.0s
[    58] loss=-2.1776 | res=1.07e-02 | grad=4.08e-01 | 1.0s
[    59] loss=-2.1435 | res=6.70e-03 | grad=7.81e-01 | 1.0s
[    60] loss=-2.0782 | res=1.11e-02 | grad=9.19e-01 | 1.0s
[    61] loss=-2.2924 | res=8.94e-03 | grad=6.66e-01 | 1.0s
[    62] loss=-2.2823 | res=1.26e-02 | grad=6.39e-01 | 1.0s
[    63] loss=-2.1288 | res=1.02e-02 | grad=4.86e-01 | 1.1s
[    64] loss=-2.1654 | res=1.03e-02 | grad=5.19e-01 | 1.1s
[    65] loss=-2.2420 | res=7.84e-03 | grad=4.55e-01 | 1.1s
[    66] loss=-2.0974 | res=1.02e-02 | grad=4.04e-01 | 1.1s
[    67] loss=-2.3195 | res=9.40e-03 | grad=6.20e-01 | 1.1s
[    68] loss=-2.5073 | res=9.21e-03 | grad=7.57e-01 | 1.1s
[    69] loss=-2.3988 | res=8.64e-03 | grad=6.86e-01 | 1.1s
[    70] loss=-2.3109 | res=1.24e-02 | grad=3.64e-01 | 1.1s
[    71] loss=-2.3165 | res=1.39e-02 | grad=5.45e-01 | 1.1s
[    72] loss=-2.2887 | res=1.26e-02 | grad=5.32e-01 | 1.1s
[    73] loss=-2.1839 | res=1.17e-02 | grad=6.11e-01 | 1.1s
[    74] loss=-2.3689 | res=7.83e-03 | grad=6.12e-01 | 1.1s
[    75] loss=-2.4078 | res=1.41e-02 | grad=4.11e-01 | 1.1s
[    76] loss=-2.2684 | res=1.09e-02 | grad=1.79e-01 | 1.1s
[    77] loss=-2.2290 | res=9.13e-03 | grad=2.67e-01 | 1.1s
[    78] loss=-2.3408 | res=7.47e-03 | grad=5.74e-01 | 1.1s
[    79] loss=-2.4061 | res=8.81e-03 | grad=4.17e-01 | 1.1s
[    80] loss=-2.2142 | res=1.01e-02 | grad=1.11e+00 | 1.1s
[    81] loss=-2.2448 | res=1.53e-02 | grad=6.62e-01 | 1.1s
[    82] loss=-2.3197 | res=9.48e-03 | grad=5.07e-01 | 1.0s
[    83] loss=-2.4577 | res=1.36e-02 | grad=7.97e-01 | 1.1s
[    84] loss=-2.3767 | res=1.66e-02 | grad=4.44e-01 | 1.1s
[    85] loss=-2.3276 | res=1.39e-02 | grad=6.54e-01 | 1.0s
[    86] loss=-2.2843 | res=9.49e-03 | grad=8.51e-01 | 1.0s
[    87] loss=-2.4330 | res=8.97e-03 | grad=8.71e-01 | 1.0s
[    88] loss=-2.1101 | res=9.42e-03 | grad=6.76e-01 | 1.0s
[    89] loss=-2.1479 | res=1.01e-02 | grad=6.11e-01 | 1.0s
[    90] loss=-2.4139 | res=1.11e-02 | grad=5.42e-01 | 1.0s
[    91] loss=-2.3683 | res=9.25e-03 | grad=2.79e-01 | 1.0s
[    92] loss=-2.1241 | res=1.47e-02 | grad=5.77e-01 | 1.0s
[    93] loss=-2.1304 | res=1.06e-02 | grad=1.03e+00 | 1.0s
[    94] loss=-2.4002 | res=9.29e-03 | grad=7.87e-01 | 1.0s
[    95] loss=-2.3894 | res=1.13e-02 | grad=6.73e-01 | 1.0s
[    96] loss=-2.1910 | res=9.84e-03 | grad=9.38e-01 | 1.0s
[    97] loss=-2.3300 | res=1.04e-02 | grad=5.46e-01 | 1.0s
[    98] loss=-2.4124 | res=1.09e-02 | grad=5.69e-01 | 1.0s
[    99] loss=-2.3948 | res=1.24e-02 | grad=9.97e-01 | 1.0s
[   100] loss=-2.2742 | res=1.03e-02 | grad=6.08e-01 | 1.0s
[   101] loss=-2.3676 | res=9.49e-03 | grad=1.17e+00 | 1.0s
[   102] loss=-2.4581 | res=1.30e-02 | grad=4.16e-01 | 1.0s
[   103] loss=-2.1965 | res=1.08e-02 | grad=7.82e-01 | 1.0s
[   104] loss=-2.5205 | res=1.47e-02 | grad=8.73e-01 | 1.0s
[   105] loss=-2.3746 | res=9.68e-03 | grad=6.18e-01 | 1.0s
[   106] loss=-2.2658 | res=1.27e-02 | grad=7.00e-01 | 1.0s
[   107] loss=-2.2061 | res=1.40e-02 | grad=9.38e-01 | 1.0s
[   108] loss=-2.2633 | res=1.50e-02 | grad=6.98e-01 | 1.0s
[   109] loss=-2.0145 | res=1.40e-02 | grad=9.05e-01 | 1.0s
[   110] loss=-2.3208 | res=1.41e-02 | grad=7.28e-01 | 1.0s
[   111] loss=-2.2882 | res=1.52e-02 | grad=1.00e-01 | 1.0s
[   112] loss=-2.3476 | res=1.60e-02 | grad=4.97e-01 | 1.0s
[   113] loss=-2.2942 | res=1.29e-02 | grad=5.45e-01 | 1.0s
[   114] loss=-2.3927 | res=1.27e-02 | grad=9.61e-01 | 1.0s
[   115] loss=-2.2522 | res=1.41e-02 | grad=8.13e-01 | 1.0s
[   116] loss=-2.2382 | res=1.25e-02 | grad=6.32e-01 | 1.0s
[   117] loss=-2.0818 | res=1.18e-02 | grad=3.76e-01 | 1.0s
[   118] loss=-2.4336 | res=1.39e-02 | grad=7.55e-01 | 1.0s
[   119] loss=-2.3376 | res=1.53e-02 | grad=5.64e-01 | 1.0s
[   120] loss=-2.1818 | res=1.33e-02 | grad=5.13e-01 | 1.0s
[   121] loss=-2.3182 | res=1.17e-02 | grad=3.71e-01 | 1.0s
[   122] loss=-2.2782 | res=1.22e-02 | grad=6.05e-01 | 1.0s
[   123] loss=-2.3099 | res=1.20e-02 | grad=6.39e-01 | 1.0s
[   124] loss=-2.2623 | res=1.34e-02 | grad=6.71e-01 | 1.0s
[   125] loss=-2.1720 | res=1.12e-02 | grad=8.45e-01 | 1.0s
[   126] loss=-2.2745 | res=1.08e-02 | grad=5.88e-01 | 1.0s
[   127] loss=-2.3726 | res=1.22e-02 | grad=6.66e-01 | 1.0s
[   128] loss=-2.3078 | res=1.14e-02 | grad=2.79e-01 | 1.0s
[   129] loss=-2.2868 | res=1.39e-02 | grad=1.21e+00 | 1.0s
[   130] loss=-2.4769 | res=1.41e-02 | grad=5.93e-01 | 1.0s
[   131] loss=-2.3733 | res=1.02e-02 | grad=4.41e-01 | 1.0s
[   132] loss=-2.3868 | res=1.31e-02 | grad=6.13e-01 | 1.0s
[   133] loss=-2.2244 | res=1.19e-02 | grad=9.09e-01 | 1.0s
[   134] loss=-2.2892 | res=1.12e-02 | grad=1.14e+00 | 1.0s
[   135] loss=-2.2244 | res=1.08e-02 | grad=6.38e-01 | 1.0s
[   136] loss=-2.3684 | res=1.27e-02 | grad=9.71e-01 | 1.0s
[   137] loss=-2.2945 | res=1.34e-02 | grad=2.34e-01 | 1.0s
[   138] loss=-2.4795 | res=1.16e-02 | grad=9.67e-01 | 1.0s
[   139] loss=-2.2572 | res=1.11e-02 | grad=8.59e-01 | 1.0s
[   140] loss=-2.2053 | res=1.08e-02 | grad=1.04e+00 | 1.0s
[   141] loss=-2.4622 | res=1.19e-02 | grad=6.78e-01 | 1.0s
[   142] loss=-2.3501 | res=1.09e-02 | grad=4.92e-01 | 1.1s
[   143] loss=-2.3913 | res=9.58e-03 | grad=9.77e-01 | 1.1s
[   144] loss=-2.3719 | res=1.58e-02 | grad=6.99e-01 | 1.1s
[   145] loss=-2.3653 | res=1.34e-02 | grad=4.55e-01 | 1.1s
[   146] loss=-2.1862 | res=1.10e-02 | grad=9.13e-01 | 1.1s
[   147] loss=-2.3018 | res=8.47e-03 | grad=3.66e-01 | 1.0s
[   148] loss=-2.3086 | res=9.45e-03 | grad=7.81e-01 | 1.1s
[   149] loss=-2.3351 | res=9.96e-03 | grad=1.36e+00 | 1.1s
[   150] loss=-2.1958 | res=1.47e-02 | grad=7.69e-01 | 1.1s
[   151] loss=-2.2822 | res=1.44e-02 | grad=1.36e+00 | 1.1s
[   152] loss=-2.1983 | res=1.12e-02 | grad=2.74e-01 | 1.1s
[   153] loss=-2.3187 | res=1.61e-02 | grad=3.09e-01 | 1.1s
[   154] loss=-2.2356 | res=1.04e-02 | grad=1.04e+00 | 1.1s
[   155] loss=-2.1694 | res=1.35e-02 | grad=1.18e+00 | 1.1s
[   156] loss=-2.2528 | res=7.80e-03 | grad=6.29e-01 | 1.1s
[   157] loss=-2.1614 | res=1.10e-02 | grad=3.46e-01 | 1.1s
[   158] loss=-2.4101 | res=1.24e-02 | grad=5.41e-01 | 1.0s
[   159] loss=-2.3750 | res=1.11e-02 | grad=9.46e-01 | 1.0s
[   160] loss=-2.2048 | res=1.28e-02 | grad=6.54e-01 | 1.1s
[   161] loss=-2.2941 | res=1.37e-02 | grad=3.40e-01 | 1.1s
[   162] loss=-2.2398 | res=1.12e-02 | grad=9.46e-01 | 1.1s
[   163] loss=-2.3368 | res=1.22e-02 | grad=7.61e-01 | 1.1s
[   164] loss=-2.3284 | res=1.24e-02 | grad=5.55e-01 | 1.1s
[   165] loss=-2.2758 | res=8.88e-03 | grad=6.37e-01 | 1.1s
[   166] loss=-2.3143 | res=1.01e-02 | grad=4.04e-01 | 1.1s
[   167] loss=-2.5387 | res=1.07e-02 | grad=6.64e-01 | 1.1s
[   168] loss=-2.4736 | res=9.91e-03 | grad=5.37e-01 | 1.1s
[   169] loss=-2.3406 | res=1.32e-02 | grad=5.98e-01 | 1.1s
[   170] loss=-2.1644 | res=9.27e-03 | grad=5.66e-01 | 1.1s
[   171] loss=-2.2881 | res=1.06e-02 | grad=8.27e-01 | 1.1s
[   172] loss=-2.1993 | res=1.31e-02 | grad=7.91e-01 | 1.1s
[   173] loss=-2.0682 | res=7.75e-03 | grad=6.95e-01 | 1.1s
[   174] loss=-2.3560 | res=9.97e-03 | grad=2.36e-01 | 1.1s
[   175] loss=-2.4197 | res=1.08e-02 | grad=5.36e-01 | 1.1s
[   176] loss=-2.3463 | res=9.23e-03 | grad=5.13e-01 | 1.1s
[   177] loss=-2.4042 | res=1.08e-02 | grad=4.76e-01 | 1.1s
[   178] loss=-2.4766 | res=1.17e-02 | grad=8.73e-01 | 1.1s
[   179] loss=-2.1879 | res=9.63e-03 | grad=4.25e-01 | 1.1s
[   180] loss=-2.1073 | res=9.60e-03 | grad=5.03e-01 | 1.1s
[   181] loss=-2.1476 | res=1.13e-02 | grad=5.65e-01 | 1.1s
[   182] loss=-2.3621 | res=8.21e-03 | grad=6.14e-01 | 1.1s
[   183] loss=-2.2800 | res=1.28e-02 | grad=1.39e-01 | 1.1s
[   184] loss=-2.3789 | res=1.17e-02 | grad=1.06e+00 | 1.1s
[   185] loss=-2.2602 | res=1.22e-02 | grad=7.50e-01 | 1.1s
[   186] loss=-2.3838 | res=9.38e-03 | grad=2.08e-01 | 1.1s
[   187] loss=-2.4053 | res=1.21e-02 | grad=1.16e+00 | 1.0s
[   188] loss=-2.5444 | res=1.20e-02 | grad=3.68e-01 | 1.1s
[   189] loss=-2.3152 | res=9.30e-03 | grad=4.51e-01 | 1.0s
[   190] loss=-2.3218 | res=9.45e-03 | grad=7.66e-01 | 1.0s
[   191] loss=-2.3095 | res=1.02e-02 | grad=4.04e-01 | 1.0s
[   192] loss=-2.1742 | res=1.29e-02 | grad=4.55e-01 | 1.0s
[   193] loss=-2.4127 | res=1.04e-02 | grad=8.38e-01 | 1.0s
[   194] loss=-2.2643 | res=9.25e-03 | grad=3.43e-01 | 1.0s
[   195] loss=-2.2999 | res=9.24e-03 | grad=9.46e-01 | 1.0s
[   196] loss=-2.2704 | res=1.18e-02 | grad=7.96e-01 | 1.0s
[   197] loss=-2.2760 | res=1.16e-02 | grad=4.06e-01 | 1.0s
[   198] loss=-2.2527 | res=9.06e-03 | grad=4.49e-01 | 1.0s
[   199] loss=-2.2292 | res=1.30e-02 | grad=5.09e-01 | 1.0s
[   200] loss=-2.3151 | res=1.22e-02 | grad=6.19e-01 | 1.0s
[   201] loss=-2.4175 | res=1.25e-02 | grad=6.36e-01 | 1.0s
[   202] loss=-2.3330 | res=9.62e-03 | grad=4.09e-01 | 1.0s
[   203] loss=-2.3441 | res=1.07e-02 | grad=4.57e-01 | 1.0s
[   204] loss=-2.2820 | res=1.17e-02 | grad=8.13e-01 | 1.0s
[   205] loss=-2.3446 | res=1.24e-02 | grad=2.42e-01 | 1.0s
[   206] loss=-2.4015 | res=1.19e-02 | grad=5.13e-01 | 1.0s
[   207] loss=-2.3572 | res=9.33e-03 | grad=6.78e-01 | 1.0s
[   208] loss=-2.1579 | res=9.69e-03 | grad=6.21e-01 | 1.0s
[   209] loss=-2.2313 | res=1.16e-02 | grad=7.03e-01 | 1.0s
[   210] loss=-2.3782 | res=9.42e-03 | grad=5.00e-01 | 1.0s
[   211] loss=-2.3819 | res=9.93e-03 | grad=8.45e-01 | 1.0s
[   212] loss=-2.1602 | res=8.95e-03 | grad=7.47e-01 | 1.0s
[   213] loss=-2.3454 | res=1.03e-02 | grad=2.33e-01 | 1.0s
[   214] loss=-2.1265 | res=1.26e-02 | grad=4.12e-01 | 1.0s
[   215] loss=-2.2174 | res=1.35e-02 | grad=3.16e-01 | 1.1s
[   216] loss=-2.2694 | res=9.08e-03 | grad=4.26e-01 | 1.1s
[   217] loss=-2.3637 | res=1.21e-02 | grad=5.25e-01 | 1.1s
[   218] loss=-2.1633 | res=1.03e-02 | grad=5.38e-01 | 1.1s
[   219] loss=-2.3254 | res=1.39e-02 | grad=3.55e-01 | 1.1s
[   220] loss=-2.4812 | res=1.17e-02 | grad=6.13e-01 | 1.1s
[   221] loss=-2.2439 | res=1.32e-02 | grad=4.80e-01 | 1.0s
[   222] loss=-2.1540 | res=9.49e-03 | grad=4.06e-01 | 1.0s
[   223] loss=-2.5017 | res=1.35e-02 | grad=5.94e-01 | 1.1s
[   224] loss=-2.2953 | res=9.26e-03 | grad=2.95e-01 | 1.1s
[   225] loss=-2.1470 | res=1.12e-02 | grad=7.98e-01 | 1.1s
[   226] loss=-2.2925 | res=1.43e-02 | grad=6.66e-01 | 1.0s
[   227] loss=-2.1875 | res=1.12e-02 | grad=2.21e-01 | 1.0s
[   228] loss=-2.1889 | res=1.04e-02 | grad=7.03e-01 | 1.0s
[   229] loss=-2.2288 | res=1.08e-02 | grad=5.85e-01 | 1.0s
[   230] loss=-2.3198 | res=1.34e-02 | grad=2.01e-01 | 1.0s
[   231] loss=-2.3487 | res=1.25e-02 | grad=4.89e-01 | 1.0s
[   232] loss=-2.2597 | res=8.84e-03 | grad=2.92e-01 | 1.0s
[   233] loss=-2.2953 | res=7.59e-03 | grad=1.12e+00 | 1.1s
[   234] loss=-2.3813 | res=9.21e-03 | grad=1.10e+00 | 1.0s
[   235] loss=-2.2300 | res=1.28e-02 | grad=6.72e-01 | 1.0s
[   236] loss=-2.3577 | res=8.07e-03 | grad=4.13e-01 | 1.0s
[   237] loss=-2.2044 | res=1.27e-02 | grad=6.61e-01 | 1.0s
[   238] loss=-2.2175 | res=1.22e-02 | grad=5.96e-01 | 1.0s
[   239] loss=-2.2291 | res=1.42e-02 | grad=4.30e-01 | 1.0s
[   240] loss=-2.1010 | res=9.03e-03 | grad=7.17e-01 | 1.1s
[   241] loss=-2.3072 | res=8.50e-03 | grad=3.48e-01 | 1.0s
[   242] loss=-2.3499 | res=1.25e-02 | grad=1.47e-01 | 1.0s
[   243] loss=-2.3995 | res=1.24e-02 | grad=4.12e-01 | 1.0s
[   244] loss=-2.1576 | res=8.85e-03 | grad=5.80e-01 | 1.0s
[   245] loss=-2.1195 | res=1.31e-02 | grad=7.01e-01 | 1.0s
[   246] loss=-2.3282 | res=8.57e-03 | grad=4.83e-01 | 1.0s
[   247] loss=-2.2711 | res=1.30e-02 | grad=3.26e-01 | 1.0s
[   248] loss=-2.4619 | res=1.02e-02 | grad=3.70e-01 | 1.0s
[   249] loss=-2.4890 | res=1.04e-02 | grad=2.86e-01 | 1.0s
[   250] loss=-2.3486 | res=9.74e-03 | grad=3.57e-01 | 1.0s
[   251] loss=-2.1728 | res=9.35e-03 | grad=6.90e-01 | 1.0s
[   252] loss=-2.2562 | res=9.73e-03 | grad=6.38e-01 | 1.0s
[   253] loss=-2.3631 | res=1.01e-02 | grad=6.55e-01 | 1.0s
[   254] loss=-2.4675 | res=9.25e-03 | grad=5.65e-01 | 1.0s
[   255] loss=-2.2848 | res=1.06e-02 | grad=7.76e-01 | 1.0s
[   256] loss=-2.2561 | res=9.90e-03 | grad=6.30e-01 | 1.0s
[   257] loss=-2.2876 | res=1.23e-02 | grad=6.47e-01 | 1.0s
[   258] loss=-2.1362 | res=9.25e-03 | grad=5.06e-01 | 1.0s
[   259] loss=-2.0794 | res=8.76e-03 | grad=6.09e-01 | 1.0s
[   260] loss=-2.2096 | res=1.00e-02 | grad=5.04e-01 | 1.0s
[   261] loss=-2.1225 | res=1.14e-02 | grad=8.07e-01 | 1.0s
[   262] loss=-2.5620 | res=6.75e-03 | grad=9.25e-01 | 1.0s
[   263] loss=-2.5240 | res=1.24e-02 | grad=5.30e-01 | 1.0s
[   264] loss=-2.1418 | res=1.15e-02 | grad=1.02e+00 | 1.0s
[   265] loss=-2.2406 | res=7.02e-03 | grad=7.44e-01 | 1.0s
[   266] loss=-2.2320 | res=1.07e-02 | grad=2.29e-01 | 1.0s
[   267] loss=-2.1110 | res=1.28e-02 | grad=7.41e-01 | 1.0s
[   268] loss=-2.4651 | res=1.10e-02 | grad=6.54e-01 | 1.0s
[   269] loss=-2.3183 | res=1.31e-02 | grad=8.60e-01 | 1.0s
[   270] loss=-2.2243 | res=1.38e-02 | grad=5.68e-01 | 1.0s
[   271] loss=-2.4830 | res=8.89e-03 | grad=4.91e-01 | 1.0s
[   272] loss=-2.4126 | res=1.11e-02 | grad=6.71e-01 | 1.0s
[   273] loss=-2.1716 | res=1.09e-02 | grad=7.04e-01 | 1.0s
[   274] loss=-2.2211 | res=1.12e-02 | grad=5.15e-01 | 1.0s
[   275] loss=-2.4096 | res=9.93e-03 | grad=3.80e-01 | 1.0s
[   276] loss=-2.2323 | res=8.59e-03 | grad=7.73e-01 | 1.0s
[   277] loss=-2.3509 | res=9.15e-03 | grad=9.11e-01 | 1.0s
[   278] loss=-2.5355 | res=9.80e-03 | grad=7.10e-01 | 1.0s
[   279] loss=-2.3884 | res=5.06e-03 | grad=3.68e-01 | 1.0s
[   280] loss=-2.4353 | res=1.05e-02 | grad=7.82e-01 | 1.0s
[   281] loss=-2.3162 | res=1.26e-02 | grad=5.50e-01 | 1.0s
[   282] loss=-2.2922 | res=7.14e-03 | grad=7.84e-01 | 1.0s
[   283] loss=-2.4090 | res=1.22e-02 | grad=6.58e-01 | 1.0s
[   284] loss=-2.2974 | res=1.02e-02 | grad=4.39e-01 | 1.0s
[   285] loss=-2.4051 | res=7.24e-03 | grad=5.38e-01 | 1.0s
[   286] loss=-2.3259 | res=1.04e-02 | grad=6.83e-01 | 1.0s
[   287] loss=-2.4437 | res=8.18e-03 | grad=8.23e-01 | 1.0s
[   288] loss=-2.4890 | res=1.24e-02 | grad=7.16e-01 | 1.0s
[   289] loss=-2.5475 | res=1.13e-02 | grad=6.78e-01 | 1.0s
[   290] loss=-2.2372 | res=9.08e-03 | grad=1.22e+00 | 1.0s
[   291] loss=-2.3994 | res=8.98e-03 | grad=9.83e-01 | 1.0s
[   292] loss=-2.3027 | res=1.06e-02 | grad=4.46e-01 | 1.0s
[   293] loss=-2.3007 | res=8.56e-03 | grad=3.93e-01 | 1.1s
[   294] loss=-2.2749 | res=6.85e-03 | grad=6.01e-01 | 1.1s
[   295] loss=-2.3865 | res=1.11e-02 | grad=6.88e-01 | 1.1s
[   296] loss=-2.5783 | res=6.59e-03 | grad=4.92e-01 | 1.1s
[   297] loss=-2.2496 | res=9.11e-03 | grad=6.30e-01 | 1.1s
[   298] loss=-2.2120 | res=1.20e-02 | grad=4.84e-01 | 1.1s
[   299] loss=-2.3836 | res=1.11e-02 | grad=3.16e-01 | 1.0s
[   300] loss=-2.4137 | res=1.32e-02 | grad=6.48e-01 | 1.0s
[   301] loss=-2.1834 | res=8.04e-03 | grad=5.87e-01 | 1.0s
[   302] loss=-2.2162 | res=1.02e-02 | grad=2.95e-01 | 1.0s
[   303] loss=-2.3627 | res=8.70e-03 | grad=4.34e-01 | 1.0s
[   304] loss=-2.3576 | res=1.07e-02 | grad=3.91e-01 | 1.0s
[   305] loss=-2.1795 | res=1.00e-02 | grad=4.99e-01 | 1.0s
[   306] loss=-2.2909 | res=1.04e-02 | grad=3.15e-01 | 1.0s
[   307] loss=-2.3688 | res=1.30e-02 | grad=8.27e-01 | 1.0s
[   308] loss=-2.4387 | res=9.90e-03 | grad=5.03e-01 | 1.0s
[   309] loss=-2.2838 | res=9.21e-03 | grad=4.55e-01 | 1.0s
[   310] loss=-2.4039 | res=8.50e-03 | grad=4.30e-01 | 1.0s
[   311] loss=-2.4318 | res=8.80e-03 | grad=3.62e-01 | 1.0s
[   312] loss=-2.0870 | res=9.57e-03 | grad=5.57e-01 | 1.0s
[   313] loss=-2.3432 | res=1.08e-02 | grad=7.79e-01 | 1.0s
[   314] loss=-2.4503 | res=1.13e-02 | grad=3.80e-01 | 1.0s
[   315] loss=-2.2343 | res=9.65e-03 | grad=2.85e-01 | 1.0s
[   316] loss=-2.4172 | res=1.00e-02 | grad=4.05e-01 | 1.0s
[   317] loss=-2.3118 | res=8.10e-03 | grad=7.55e-01 | 1.0s
[   318] loss=-2.5113 | res=1.09e-02 | grad=6.17e-01 | 1.0s
[   319] loss=-2.4666 | res=1.03e-02 | grad=3.65e-01 | 1.0s
[   320] loss=-2.3472 | res=9.80e-03 | grad=6.12e-01 | 1.0s
[   321] loss=-2.3107 | res=1.10e-02 | grad=8.86e-01 | 1.0s
[   322] loss=-2.3786 | res=1.07e-02 | grad=3.41e-01 | 1.0s
[   323] loss=-2.3492 | res=1.31e-02 | grad=5.50e-01 | 1.0s
[   324] loss=-2.1852 | res=1.25e-02 | grad=8.42e-01 | 1.0s
[   325] loss=-2.1505 | res=6.06e-03 | grad=3.96e-01 | 1.0s
[   326] loss=-2.3016 | res=1.08e-02 | grad=4.73e-01 | 1.0s
[   327] loss=-2.3892 | res=8.37e-03 | grad=8.58e-01 | 1.0s
[   328] loss=-2.5063 | res=1.15e-02 | grad=5.47e-01 | 1.0s
[   329] loss=-2.4074 | res=8.68e-03 | grad=7.29e-01 | 1.0s
[   330] loss=-2.4650 | res=1.14e-02 | grad=8.46e-01 | 1.0s
[   331] loss=-2.5862 | res=9.87e-03 | grad=6.95e-01 | 1.0s
[   332] loss=-2.3621 | res=9.47e-03 | grad=8.14e-01 | 1.0s
[   333] loss=-2.2498 | res=1.15e-02 | grad=4.54e-01 | 1.0s
[   334] loss=-2.2154 | res=1.26e-02 | grad=9.32e-01 | 1.0s
[   335] loss=-2.1759 | res=7.57e-03 | grad=8.46e-01 | 1.0s
[   336] loss=-2.2254 | res=7.74e-03 | grad=4.60e-01 | 1.0s
[   337] loss=-2.3810 | res=9.67e-03 | grad=5.22e-01 | 1.0s
[   338] loss=-2.3543 | res=9.96e-03 | grad=5.94e-01 | 1.0s
[   339] loss=-2.3553 | res=1.00e-02 | grad=7.81e-01 | 1.0s
[   340] loss=-2.2537 | res=1.04e-02 | grad=1.26e+00 | 1.0s
[   341] loss=-2.3625 | res=1.01e-02 | grad=2.79e-01 | 1.0s
[   342] loss=-2.2386 | res=9.48e-03 | grad=5.58e-01 | 1.0s
[   343] loss=-2.3635 | res=8.90e-03 | grad=7.75e-01 | 1.0s
[   344] loss=-2.3041 | res=8.71e-03 | grad=8.86e-01 | 1.0s
[   345] loss=-2.4926 | res=7.98e-03 | grad=8.64e-01 | 1.0s
[   346] loss=-2.3131 | res=1.26e-02 | grad=8.07e-01 | 1.0s
[   347] loss=-2.3518 | res=1.10e-02 | grad=7.53e-01 | 1.0s
[   348] loss=-2.4094 | res=1.14e-02 | grad=3.61e-01 | 1.0s
[   349] loss=-2.4430 | res=8.64e-03 | grad=1.66e-01 | 1.0s
[   350] loss=-2.3513 | res=8.32e-03 | grad=9.53e-01 | 1.0s
[   351] loss=-2.4243 | res=9.40e-03 | grad=7.40e-01 | 1.0s
[   352] loss=-2.3631 | res=9.64e-03 | grad=4.99e-01 | 1.0s
[   353] loss=-2.1265 | res=1.05e-02 | grad=1.05e+00 | 1.0s
[   354] loss=-2.3087 | res=8.77e-03 | grad=2.62e-01 | 1.0s
[   355] loss=-2.2709 | res=8.21e-03 | grad=5.08e-01 | 1.0s
[   356] loss=-2.2339 | res=9.33e-03 | grad=9.64e-01 | 1.0s
[   357] loss=-2.4239 | res=1.13e-02 | grad=6.23e-01 | 1.0s
[   358] loss=-2.2738 | res=8.64e-03 | grad=2.75e-01 | 1.0s
[   359] loss=-2.2397 | res=8.41e-03 | grad=2.27e-01 | 1.0s
[   360] loss=-2.3220 | res=8.47e-03 | grad=6.06e-01 | 1.0s
[   361] loss=-2.2828 | res=8.34e-03 | grad=6.74e-01 | 1.0s
[   362] loss=-2.4619 | res=7.35e-03 | grad=6.97e-01 | 1.0s
[   363] loss=-2.2331 | res=9.62e-03 | grad=6.59e-01 | 1.0s
[   364] loss=-2.4494 | res=9.27e-03 | grad=6.85e-01 | 1.0s
[   365] loss=-2.2794 | res=7.65e-03 | grad=1.64e-01 | 1.0s
[   366] loss=-2.2443 | res=8.15e-03 | grad=8.55e-01 | 1.0s
[   367] loss=-2.3605 | res=9.78e-03 | grad=7.36e-01 | 1.0s
[   368] loss=-2.2762 | res=7.65e-03 | grad=6.37e-01 | 1.0s
[   369] loss=-2.2219 | res=1.09e-02 | grad=4.69e-01 | 1.0s
[   370] loss=-2.3356 | res=1.37e-02 | grad=4.38e-01 | 1.0s
[   371] loss=-2.3076 | res=9.31e-03 | grad=3.36e-01 | 1.0s
[   372] loss=-2.3755 | res=7.31e-03 | grad=2.23e-01 | 1.0s
[   373] loss=-2.3281 | res=9.05e-03 | grad=9.83e-01 | 1.0s
[   374] loss=-2.2685 | res=9.82e-03 | grad=7.95e-01 | 1.0s
[   375] loss=-2.1471 | res=8.44e-03 | grad=5.77e-01 | 1.0s
[   376] loss=-2.3026 | res=9.41e-03 | grad=4.09e-01 | 1.0s
[   377] loss=-2.3143 | res=5.50e-03 | grad=3.22e-01 | 1.0s
[   378] loss=-2.3223 | res=6.39e-03 | grad=6.14e-01 | 1.0s
[   379] loss=-2.2641 | res=1.08e-02 | grad=3.49e-01 | 1.0s
[   380] loss=-2.3671 | res=8.47e-03 | grad=8.06e-01 | 1.0s
[   381] loss=-2.3875 | res=1.16e-02 | grad=4.63e-01 | 1.0s
[   382] loss=-2.3682 | res=9.10e-03 | grad=2.70e-01 | 1.0s
[   383] loss=-2.2670 | res=1.11e-02 | grad=2.05e-01 | 1.0s
[   384] loss=-2.3048 | res=7.22e-03 | grad=3.13e-01 | 1.0s
[   385] loss=-2.2808 | res=9.02e-03 | grad=3.37e-01 | 1.0s
[   386] loss=-2.2524 | res=6.18e-03 | grad=3.93e-01 | 1.0s
[   387] loss=-2.3557 | res=1.02e-02 | grad=6.48e-01 | 1.0s
[   388] loss=-2.4812 | res=5.83e-03 | grad=9.27e-01 | 1.0s
[   389] loss=-2.2091 | res=8.03e-03 | grad=6.31e-01 | 1.0s
[   390] loss=-2.3493 | res=7.60e-03 | grad=2.62e-01 | 1.0s
[   391] loss=-2.5450 | res=8.48e-03 | grad=5.36e-01 | 1.0s
[   392] loss=-2.1994 | res=6.73e-03 | grad=4.72e-01 | 1.0s
[   393] loss=-2.3586 | res=6.36e-03 | grad=7.06e-01 | 1.0s
[   394] loss=-2.3309 | res=1.17e-02 | grad=1.09e+00 | 1.0s
[   395] loss=-2.3092 | res=1.12e-02 | grad=4.79e-01 | 1.0s
[   396] loss=-2.2932 | res=1.04e-02 | grad=4.39e-01 | 1.0s
[   397] loss=-2.5184 | res=1.24e-02 | grad=4.67e-01 | 1.0s
[   398] loss=-2.2230 | res=9.69e-03 | grad=5.13e-01 | 1.0s
[   399] loss=-2.4839 | res=9.20e-03 | grad=5.16e-01 | 1.0s
[   400] loss=-2.2586 | res=1.21e-02 | grad=3.07e-01 | 1.0s
[   401] loss=-2.4201 | res=9.03e-03 | grad=4.09e-01 | 1.0s
[   402] loss=-2.2638 | res=9.50e-03 | grad=5.39e-01 | 1.0s
[   403] loss=-2.2163 | res=1.19e-02 | grad=4.16e-01 | 1.0s
[   404] loss=-2.2738 | res=8.22e-03 | grad=1.82e-01 | 1.0s
[   405] loss=-2.1490 | res=1.06e-02 | grad=2.06e-01 | 1.0s
[   406] loss=-2.4270 | res=9.04e-03 | grad=1.06e+00 | 1.0s
[   407] loss=-2.2255 | res=8.58e-03 | grad=4.45e-01 | 1.0s
[   408] loss=-2.4307 | res=7.36e-03 | grad=6.68e-01 | 1.0s
[   409] loss=-2.3226 | res=9.28e-03 | grad=3.83e-01 | 1.0s
[   410] loss=-2.2389 | res=9.01e-03 | grad=4.40e-01 | 1.0s
[   411] loss=-2.1869 | res=8.16e-03 | grad=4.83e-01 | 1.0s
[   412] loss=-2.5239 | res=1.27e-02 | grad=5.90e-01 | 1.0s
[   413] loss=-2.3309 | res=9.48e-03 | grad=7.07e-01 | 1.0s
[   414] loss=-2.2622 | res=8.29e-03 | grad=7.91e-01 | 1.0s
[   415] loss=-2.4259 | res=8.32e-03 | grad=2.51e-01 | 1.0s
[   416] loss=-2.3019 | res=8.37e-03 | grad=2.93e-01 | 1.0s
[   417] loss=-2.4408 | res=1.12e-02 | grad=6.52e-01 | 1.0s
[   418] loss=-2.1874 | res=5.97e-03 | grad=6.15e-01 | 1.0s
[   419] loss=-2.3970 | res=7.65e-03 | grad=3.90e-01 | 1.0s
[   420] loss=-2.3185 | res=6.11e-03 | grad=5.56e-01 | 1.0s
[   421] loss=-2.2421 | res=8.55e-03 | grad=4.26e-01 | 1.0s
[   422] loss=-2.3764 | res=7.39e-03 | grad=3.72e-01 | 1.0s
[   423] loss=-2.1600 | res=9.99e-03 | grad=2.97e-01 | 1.0s
[   424] loss=-2.2568 | res=9.84e-03 | grad=2.39e-01 | 1.0s
[   425] loss=-2.2976 | res=1.08e-02 | grad=2.04e-01 | 1.0s
[   426] loss=-2.5211 | res=1.21e-02 | grad=6.07e-01 | 1.0s
[   427] loss=-2.3880 | res=9.83e-03 | grad=4.85e-01 | 1.0s
[   428] loss=-2.3520 | res=6.69e-03 | grad=4.17e-01 | 1.0s
[   429] loss=-2.4606 | res=1.07e-02 | grad=3.75e-01 | 1.0s
[   430] loss=-2.2744 | res=1.04e-02 | grad=3.81e-01 | 1.0s
[   431] loss=-2.1733 | res=1.12e-02 | grad=5.95e-01 | 1.0s
[   432] loss=-2.3481 | res=8.59e-03 | grad=3.06e-01 | 1.0s
[   433] loss=-2.1626 | res=8.12e-03 | grad=5.62e-01 | 1.0s
[   434] loss=-2.2582 | res=7.67e-03 | grad=4.39e-01 | 1.0s
[   435] loss=-2.2381 | res=8.79e-03 | grad=7.78e-01 | 1.0s
[   436] loss=-2.4457 | res=7.85e-03 | grad=6.25e-01 | 1.0s
[   437] loss=-2.2429 | res=1.01e-02 | grad=6.67e-01 | 1.0s
[   438] loss=-2.2905 | res=8.44e-03 | grad=8.92e-01 | 1.0s
[   439] loss=-2.2630 | res=8.31e-03 | grad=1.92e-01 | 1.0s
[   440] loss=-2.4130 | res=1.12e-02 | grad=5.71e-01 | 1.0s
[   441] loss=-2.0353 | res=7.85e-03 | grad=7.33e-01 | 1.0s
[   442] loss=-2.2057 | res=8.75e-03 | grad=6.80e-01 | 1.0s
[   443] loss=-2.3441 | res=9.59e-03 | grad=4.82e-01 | 1.0s
[   444] loss=-2.3476 | res=7.65e-03 | grad=5.80e-01 | 1.0s
[   445] loss=-2.2161 | res=7.45e-03 | grad=4.77e-01 | 1.0s
[   446] loss=-2.1448 | res=8.23e-03 | grad=7.56e-01 | 1.0s
[   447] loss=-2.2546 | res=4.36e-03 | grad=3.39e-01 | 1.0s
[   448] loss=-2.3470 | res=5.55e-03 | grad=1.13e+00 | 1.0s
[   449] loss=-2.2114 | res=8.29e-03 | grad=3.94e-01 | 1.0s
[   450] loss=-2.2832 | res=4.62e-03 | grad=6.22e-01 | 1.0s
[   451] loss=-2.3434 | res=7.31e-03 | grad=2.52e-01 | 1.0s
[   452] loss=-2.3114 | res=6.46e-03 | grad=4.16e-01 | 1.0s
[   453] loss=-2.3000 | res=5.75e-03 | grad=3.45e-01 | 1.0s
[   454] loss=-2.3285 | res=4.63e-03 | grad=8.12e-01 | 1.0s
[   455] loss=-2.2047 | res=7.83e-03 | grad=3.89e-01 | 1.0s
[   456] loss=-2.2588 | res=8.97e-03 | grad=5.51e-01 | 1.0s
[   457] loss=-2.1098 | res=5.85e-03 | grad=5.90e-01 | 1.0s
[   458] loss=-2.3257 | res=1.08e-02 | grad=4.49e-01 | 1.0s
[   459] loss=-2.4241 | res=8.39e-03 | grad=9.27e-01 | 1.0s
[   460] loss=-2.3067 | res=6.40e-03 | grad=2.30e-01 | 1.0s
[   461] loss=-2.3277 | res=9.71e-03 | grad=3.69e-01 | 1.0s
[   462] loss=-2.3330 | res=6.11e-03 | grad=3.65e-01 | 1.0s
[   463] loss=-2.2218 | res=9.13e-03 | grad=1.00e+00 | 1.0s
[   464] loss=-2.3590 | res=8.52e-03 | grad=2.67e-01 | 1.0s
[   465] loss=-2.2552 | res=1.00e-02 | grad=2.24e-01 | 1.0s
[   466] loss=-2.1431 | res=9.73e-03 | grad=6.90e-01 | 1.0s
[   467] loss=-2.2931 | res=4.87e-03 | grad=3.13e-01 | 1.0s
[   468] loss=-2.5022 | res=8.71e-03 | grad=7.07e-01 | 1.0s
[   469] loss=-2.3563 | res=6.78e-03 | grad=3.50e-01 | 1.0s
[   470] loss=-2.2538 | res=1.05e-02 | grad=2.79e-01 | 1.0s
[   471] loss=-2.5764 | res=7.71e-03 | grad=6.57e-01 | 1.0s
[   472] loss=-2.2136 | res=6.98e-03 | grad=4.42e-01 | 1.0s
[   473] loss=-2.2400 | res=8.73e-03 | grad=7.04e-01 | 1.0s
[   474] loss=-2.2125 | res=6.31e-03 | grad=2.32e-01 | 1.0s
[   475] loss=-2.2400 | res=3.62e-03 | grad=5.72e-01 | 1.0s
[   476] loss=-2.3107 | res=6.76e-03 | grad=3.98e-01 | 1.0s
[   477] loss=-2.2969 | res=1.16e-02 | grad=4.74e-01 | 1.0s
[   478] loss=-2.4150 | res=5.30e-03 | grad=2.30e-01 | 1.0s
[   479] loss=-2.3695 | res=7.60e-03 | grad=4.34e-01 | 1.0s
[   480] loss=-2.3967 | res=7.15e-03 | grad=6.34e-01 | 1.0s
[   481] loss=-2.3163 | res=8.57e-03 | grad=4.38e-01 | 1.0s
[   482] loss=-2.3422 | res=6.39e-03 | grad=3.98e-01 | 1.0s
[   483] loss=-2.3275 | res=6.84e-03 | grad=3.17e-01 | 1.0s
[   484] loss=-2.2469 | res=7.70e-03 | grad=5.22e-01 | 1.0s
[   485] loss=-2.1604 | res=1.16e-02 | grad=5.43e-01 | 1.0s
[   486] loss=-2.3241 | res=7.22e-03 | grad=5.17e-01 | 1.0s
[   487] loss=-2.2883 | res=1.01e-02 | grad=3.92e-01 | 1.0s
[   488] loss=-2.2037 | res=8.92e-03 | grad=3.73e-01 | 1.0s
[   489] loss=-2.3537 | res=9.24e-03 | grad=2.09e-01 | 1.0s
[   490] loss=-2.2124 | res=8.08e-03 | grad=1.10e+00 | 1.0s
[   491] loss=-2.3036 | res=8.23e-03 | grad=5.87e-01 | 1.0s
[   492] loss=-2.2000 | res=9.03e-03 | grad=4.74e-01 | 1.0s
[   493] loss=-2.2191 | res=4.96e-03 | grad=4.72e-01 | 1.0s
[   494] loss=-2.3608 | res=9.09e-03 | grad=8.87e-01 | 1.0s
[   495] loss=-2.4333 | res=7.71e-03 | grad=5.98e-01 | 1.0s
[   496] loss=-2.4195 | res=8.11e-03 | grad=5.88e-01 | 1.0s
[   497] loss=-2.0587 | res=5.46e-03 | grad=6.05e-01 | 1.0s
[   498] loss=-2.3956 | res=6.95e-03 | grad=5.54e-01 | 1.0s
[   499] loss=-2.3421 | res=1.23e-02 | grad=3.35e-01 | 1.0s
[   500] loss=-2.3249 | res=6.38e-03 | grad=3.71e-01 | 1.0s
[   501] loss=-2.2585 | res=9.11e-03 | grad=4.14e-01 | 1.0s
[   502] loss=-2.3864 | res=7.93e-03 | grad=1.73e-01 | 1.0s
[   503] loss=-2.2800 | res=6.65e-03 | grad=5.16e-01 | 1.0s
[   504] loss=-2.2506 | res=9.29e-03 | grad=3.71e-01 | 1.0s
[   505] loss=-2.3039 | res=8.55e-03 | grad=3.15e-01 | 1.0s
[   506] loss=-2.2643 | res=7.10e-03 | grad=6.27e-01 | 1.0s
[   507] loss=-2.3976 | res=7.78e-03 | grad=3.57e-01 | 1.0s
[   508] loss=-2.2141 | res=8.44e-03 | grad=2.63e-01 | 1.0s
[   509] loss=-2.3520 | res=9.64e-03 | grad=3.50e-01 | 1.0s
[   510] loss=-2.2477 | res=7.16e-03 | grad=2.21e-01 | 1.0s
[   511] loss=-2.3019 | res=8.94e-03 | grad=3.21e-01 | 1.0s
[   512] loss=-2.1667 | res=8.52e-03 | grad=4.62e-01 | 1.0s
[   513] loss=-2.3167 | res=8.31e-03 | grad=3.29e-01 | 1.0s
[   514] loss=-2.2443 | res=8.26e-03 | grad=2.63e-01 | 1.0s
[   515] loss=-2.3482 | res=8.55e-03 | grad=1.03e+00 | 1.0s
[   516] loss=-2.2661 | res=6.36e-03 | grad=2.46e-01 | 1.0s
[   517] loss=-2.4777 | res=9.97e-03 | grad=9.52e-01 | 1.0s
[   518] loss=-2.0117 | res=7.32e-03 | grad=8.56e-01 | 1.0s
[   519] loss=-2.2885 | res=9.28e-03 | grad=3.99e-01 | 1.0s
[   520] loss=-2.2959 | res=9.32e-03 | grad=4.66e-01 | 1.0s
[   521] loss=-2.2382 | res=7.23e-03 | grad=6.44e-01 | 1.0s
[   522] loss=-2.3570 | res=7.95e-03 | grad=8.91e-01 | 1.0s
[   523] loss=-2.1246 | res=6.88e-03 | grad=2.98e-01 | 1.0s
[   524] loss=-2.1429 | res=7.88e-03 | grad=4.62e-01 | 1.0s
[   525] loss=-2.3558 | res=5.45e-03 | grad=6.67e-01 | 1.0s
[   526] loss=-2.1543 | res=5.42e-03 | grad=7.38e-01 | 1.0s
[   527] loss=-2.1270 | res=4.60e-03 | grad=6.80e-01 | 1.0s
[   528] loss=-2.6579 | res=7.34e-03 | grad=6.13e-01 | 1.0s
[   529] loss=-2.4080 | res=7.47e-03 | grad=4.05e-01 | 1.0s
[   530] loss=-2.5181 | res=6.68e-03 | grad=3.63e-01 | 1.0s
[   531] loss=-2.1671 | res=1.10e-02 | grad=6.26e-01 | 1.0s
[   532] loss=-2.3516 | res=8.46e-03 | grad=6.43e-01 | 1.0s
[   533] loss=-2.2980 | res=7.80e-03 | grad=6.74e-01 | 1.0s
[   534] loss=-2.4169 | res=6.68e-03 | grad=4.66e-01 | 1.0s
[   535] loss=-2.1906 | res=5.96e-03 | grad=2.22e-01 | 1.0s
[   536] loss=-2.2866 | res=1.13e-02 | grad=2.59e-01 | 1.0s
[   537] loss=-2.4150 | res=7.89e-03 | grad=5.19e-01 | 1.0s
[   538] loss=-2.5283 | res=6.48e-03 | grad=4.28e-01 | 1.0s
[   539] loss=-2.3633 | res=8.21e-03 | grad=2.32e-01 | 1.0s
[   540] loss=-2.4632 | res=5.10e-03 | grad=4.95e-01 | 1.0s
[   541] loss=-2.2446 | res=6.90e-03 | grad=3.88e-01 | 1.0s
[   542] loss=-2.3904 | res=6.44e-03 | grad=3.37e-01 | 1.0s
[   543] loss=-2.5511 | res=5.08e-03 | grad=4.89e-01 | 1.0s
[   544] loss=-2.1564 | res=7.37e-03 | grad=5.53e-01 | 1.0s
[   545] loss=-2.4252 | res=6.31e-03 | grad=3.84e-01 | 1.0s
[   546] loss=-2.3037 | res=7.37e-03 | grad=4.27e-01 | 1.0s
[   547] loss=-2.3692 | res=6.70e-03 | grad=3.18e-01 | 1.0s
[   548] loss=-2.3361 | res=8.25e-03 | grad=4.70e-01 | 1.0s
[   549] loss=-2.5052 | res=6.19e-03 | grad=3.80e-01 | 1.0s
[   550] loss=-2.1887 | res=6.69e-03 | grad=7.85e-01 | 1.0s
[   551] loss=-2.3510 | res=6.55e-03 | grad=5.02e-01 | 1.0s
[   552] loss=-2.1206 | res=7.85e-03 | grad=6.39e-01 | 1.0s
[   553] loss=-2.2951 | res=5.66e-03 | grad=4.27e-01 | 1.0s
[   554] loss=-2.2835 | res=7.63e-03 | grad=8.33e-01 | 1.0s
[   555] loss=-2.3328 | res=9.41e-03 | grad=7.37e-01 | 1.0s
[   556] loss=-2.4062 | res=9.30e-03 | grad=9.65e-01 | 1.0s
[   557] loss=-2.1542 | res=7.70e-03 | grad=1.87e-01 | 1.0s
[   558] loss=-2.4358 | res=7.90e-03 | grad=1.04e+00 | 1.0s
[   559] loss=-2.2403 | res=6.72e-03 | grad=7.35e-01 | 1.0s
[   560] loss=-2.2648 | res=7.21e-03 | grad=8.24e-01 | 1.0s
[   561] loss=-2.2972 | res=7.55e-03 | grad=5.98e-01 | 1.0s
[   562] loss=-2.1151 | res=6.42e-03 | grad=6.12e-01 | 1.0s
[   563] loss=-2.1250 | res=6.52e-03 | grad=7.72e-01 | 1.0s
[   564] loss=-2.1321 | res=5.75e-03 | grad=6.19e-01 | 1.0s
[   565] loss=-2.2708 | res=9.13e-03 | grad=5.16e-01 | 1.0s
[   566] loss=-2.5144 | res=9.40e-03 | grad=5.06e-01 | 1.0s
[   567] loss=-2.5082 | res=6.20e-03 | grad=7.03e-01 | 1.0s
[   568] loss=-2.3888 | res=5.50e-03 | grad=5.01e-01 | 1.0s
[   569] loss=-2.4565 | res=6.69e-03 | grad=4.89e-01 | 1.0s
[   570] loss=-2.2323 | res=6.22e-03 | grad=5.11e-01 | 1.0s
[   571] loss=-2.3126 | res=7.50e-03 | grad=5.74e-01 | 1.0s
[   572] loss=-2.3376 | res=4.77e-03 | grad=7.27e-01 | 1.0s
[   573] loss=-2.4186 | res=5.68e-03 | grad=4.04e-01 | 1.0s
[   574] loss=-2.4768 | res=6.09e-03 | grad=4.32e-01 | 1.0s
[   575] loss=-2.2534 | res=8.99e-03 | grad=5.77e-01 | 1.0s
[   576] loss=-2.1402 | res=8.42e-03 | grad=5.05e-01 | 1.0s
[   577] loss=-2.2205 | res=8.11e-03 | grad=8.10e-01 | 1.0s
[   578] loss=-2.3611 | res=9.50e-03 | grad=6.77e-01 | 1.0s
[   579] loss=-2.2979 | res=5.86e-03 | grad=1.88e-01 | 1.0s
[   580] loss=-2.2269 | res=4.97e-03 | grad=8.34e-01 | 1.0s
[   581] loss=-2.3263 | res=8.20e-03 | grad=3.07e-01 | 1.0s
[   582] loss=-2.4107 | res=8.59e-03 | grad=5.46e-01 | 1.0s
[   583] loss=-2.3243 | res=5.01e-03 | grad=4.95e-01 | 1.0s
[   584] loss=-2.3424 | res=6.93e-03 | grad=5.92e-01 | 1.0s
[   585] loss=-2.2183 | res=5.41e-03 | grad=5.14e-01 | 1.0s
[   586] loss=-2.2648 | res=7.82e-03 | grad=3.04e-01 | 1.0s
[   587] loss=-2.4070 | res=9.17e-03 | grad=5.37e-01 | 1.0s
[   588] loss=-2.4108 | res=5.38e-03 | grad=5.76e-01 | 1.0s
[   589] loss=-2.2096 | res=9.65e-03 | grad=2.87e-01 | 1.0s
[   590] loss=-2.5160 | res=5.05e-03 | grad=6.07e-01 | 1.0s
[   591] loss=-2.1460 | res=7.64e-03 | grad=5.21e-01 | 1.0s
[   592] loss=-2.1773 | res=7.54e-03 | grad=3.04e-01 | 1.0s
[   593] loss=-2.2128 | res=6.94e-03 | grad=4.16e-01 | 1.0s
[   594] loss=-2.2064 | res=7.10e-03 | grad=6.22e-01 | 1.0s
[   595] loss=-2.4328 | res=5.15e-03 | grad=2.44e-01 | 1.0s
[   596] loss=-2.4329 | res=6.69e-03 | grad=4.43e-01 | 1.0s
[   597] loss=-2.2968 | res=8.52e-03 | grad=4.93e-01 | 1.0s
[   598] loss=-2.4579 | res=7.35e-03 | grad=3.77e-01 | 1.0s
[   599] loss=-2.1485 | res=6.35e-03 | grad=4.25e-01 | 1.0s
[   600] loss=-2.2817 | res=9.86e-03 | grad=5.23e-01 | 1.0s
[   601] loss=-2.3724 | res=7.59e-03 | grad=6.71e-01 | 1.0s
[   602] loss=-2.3406 | res=5.98e-03 | grad=5.77e-01 | 1.0s
[   603] loss=-2.5543 | res=7.60e-03 | grad=5.80e-01 | 1.0s
[   604] loss=-2.1706 | res=7.59e-03 | grad=3.37e-01 | 1.0s
[   605] loss=-2.2268 | res=6.56e-03 | grad=2.30e-01 | 1.0s
[   606] loss=-2.0783 | res=1.04e-02 | grad=7.14e-01 | 1.0s
[   607] loss=-2.1264 | res=6.31e-03 | grad=4.63e-01 | 1.0s
[   608] loss=-2.4151 | res=6.00e-03 | grad=3.13e-01 | 1.0s
[   609] loss=-2.4263 | res=8.12e-03 | grad=8.24e-01 | 1.0s
[   610] loss=-2.2502 | res=6.58e-03 | grad=5.43e-01 | 1.0s
[   611] loss=-2.3461 | res=5.59e-03 | grad=3.19e-01 | 1.0s
[   612] loss=-2.1512 | res=8.14e-03 | grad=3.02e-01 | 1.0s
[   613] loss=-2.2904 | res=4.90e-03 | grad=5.53e-01 | 1.0s
[   614] loss=-2.4478 | res=5.77e-03 | grad=3.96e-01 | 1.0s
[   615] loss=-2.5087 | res=6.05e-03 | grad=9.22e-01 | 1.1s
[   616] loss=-2.4431 | res=6.12e-03 | grad=5.85e-01 | 1.1s
[   617] loss=-2.3022 | res=7.74e-03 | grad=4.09e-01 | 1.1s
[   618] loss=-2.2934 | res=7.76e-03 | grad=5.40e-01 | 1.1s
[   619] loss=-2.1581 | res=9.23e-03 | grad=5.40e-01 | 1.1s
[   620] loss=-2.2938 | res=5.43e-03 | grad=4.22e-01 | 1.1s
[   621] loss=-2.5139 | res=8.49e-03 | grad=3.68e-01 | 1.1s
[   622] loss=-2.2896 | res=7.46e-03 | grad=3.13e-01 | 1.1s
[   623] loss=-2.4027 | res=6.67e-03 | grad=5.50e-01 | 1.1s
[   624] loss=-2.7643 | res=6.80e-03 | grad=6.63e-01 | 1.1s
[   625] loss=-2.2187 | res=6.09e-03 | grad=3.63e-01 | 1.1s
[   626] loss=-2.2956 | res=5.53e-03 | grad=3.40e-01 | 1.1s
[   627] loss=-2.3548 | res=6.36e-03 | grad=2.79e-01 | 1.1s
[   628] loss=-2.4797 | res=4.83e-03 | grad=7.10e-01 | 1.1s
[   629] loss=-2.2690 | res=3.84e-03 | grad=2.33e-01 | 1.1s
[   630] loss=-2.3810 | res=8.84e-03 | grad=3.86e-01 | 1.1s
[   631] loss=-2.2801 | res=8.02e-03 | grad=2.87e-01 | 1.1s
[   632] loss=-2.1066 | res=8.50e-03 | grad=9.52e-01 | 1.1s
[   633] loss=-2.3738 | res=5.18e-03 | grad=5.94e-01 | 1.1s
[   634] loss=-2.1562 | res=6.17e-03 | grad=5.65e-01 | 1.0s
[   635] loss=-2.3348 | res=5.54e-03 | grad=3.51e-01 | 1.1s
[   636] loss=-2.4670 | res=8.63e-03 | grad=5.98e-01 | 1.0s
[   637] loss=-2.3627 | res=6.94e-03 | grad=4.50e-01 | 1.0s
[   638] loss=-2.4449 | res=8.24e-03 | grad=6.50e-01 | 1.0s
[   639] loss=-2.5050 | res=7.43e-03 | grad=5.12e-01 | 1.0s
[   640] loss=-2.4175 | res=5.23e-03 | grad=4.60e-01 | 1.0s
[   641] loss=-2.3240 | res=5.35e-03 | grad=7.44e-01 | 1.0s
[   642] loss=-2.2480 | res=7.97e-03 | grad=2.98e-01 | 1.0s
[   643] loss=-2.4761 | res=5.27e-03 | grad=4.13e-01 | 1.0s
[   644] loss=-2.0951 | res=1.04e-02 | grad=5.83e-01 | 1.0s
[   645] loss=-2.4569 | res=8.19e-03 | grad=6.21e-01 | 1.0s
[   646] loss=-2.3595 | res=7.96e-03 | grad=5.66e-01 | 1.0s
[   647] loss=-2.3668 | res=5.48e-03 | grad=4.16e-01 | 1.0s
[   648] loss=-2.3965 | res=8.52e-03 | grad=3.28e-01 | 1.0s
[   649] loss=-2.3526 | res=6.07e-03 | grad=4.52e-01 | 1.0s
[   650] loss=-2.3039 | res=6.61e-03 | grad=2.57e-01 | 1.0s
[   651] loss=-2.2570 | res=7.32e-03 | grad=4.81e-01 | 1.0s
[   652] loss=-2.1986 | res=6.11e-03 | grad=7.41e-01 | 1.0s
[   653] loss=-2.5587 | res=8.85e-03 | grad=7.06e-01 | 1.0s
[   654] loss=-2.1052 | res=7.18e-03 | grad=4.89e-01 | 1.0s
[   655] loss=-2.2387 | res=6.53e-03 | grad=7.45e-01 | 1.0s
[   656] loss=-2.3311 | res=8.28e-03 | grad=7.16e-01 | 1.0s
[   657] loss=-2.2485 | res=6.78e-03 | grad=3.54e-01 | 1.0s
[   658] loss=-2.2731 | res=7.72e-03 | grad=4.83e-01 | 1.0s
[   659] loss=-2.3959 | res=5.97e-03 | grad=1.09e+00 | 1.0s
[   660] loss=-2.3376 | res=9.58e-03 | grad=5.28e-01 | 1.0s
[   661] loss=-2.3683 | res=7.27e-03 | grad=5.06e-01 | 1.0s
[   662] loss=-2.3244 | res=5.42e-03 | grad=3.88e-01 | 1.0s
[   663] loss=-2.4982 | res=5.92e-03 | grad=2.82e-01 | 1.0s
[   664] loss=-2.3539 | res=5.07e-03 | grad=4.27e-01 | 1.0s
[   665] loss=-2.4636 | res=9.52e-03 | grad=2.93e-01 | 1.0s
[   666] loss=-2.4191 | res=9.53e-03 | grad=2.65e-01 | 1.0s
[   667] loss=-2.3831 | res=5.13e-03 | grad=6.48e-01 | 1.0s
[   668] loss=-2.1413 | res=6.49e-03 | grad=7.31e-01 | 1.0s
[   669] loss=-2.0899 | res=5.80e-03 | grad=9.09e-01 | 1.0s
[   670] loss=-2.2183 | res=8.14e-03 | grad=5.49e-01 | 1.0s
[   671] loss=-2.3907 | res=3.49e-03 | grad=3.39e-01 | 1.0s
[   672] loss=-2.2971 | res=5.75e-03 | grad=5.35e-01 | 1.0s
[   673] loss=-2.4133 | res=6.74e-03 | grad=7.25e-01 | 1.0s
[   674] loss=-2.1821 | res=6.16e-03 | grad=5.36e-01 | 1.0s
[   675] loss=-2.3150 | res=5.26e-03 | grad=5.30e-01 | 1.0s
[   676] loss=-2.1143 | res=6.74e-03 | grad=5.58e-01 | 1.0s
[   677] loss=-2.3179 | res=7.98e-03 | grad=4.56e-01 | 1.0s
[   678] loss=-2.4516 | res=5.10e-03 | grad=5.30e-01 | 1.0s
[   679] loss=-2.3171 | res=5.45e-03 | grad=8.72e-01 | 1.0s
[   680] loss=-2.2324 | res=7.12e-03 | grad=6.66e-01 | 1.0s
[   681] loss=-2.0459 | res=4.15e-03 | grad=7.23e-01 | 1.0s
[   682] loss=-2.3451 | res=6.06e-03 | grad=4.11e-01 | 1.0s
[   683] loss=-2.3091 | res=5.60e-03 | grad=5.02e-01 | 1.0s
[   684] loss=-2.2605 | res=5.98e-03 | grad=3.59e-01 | 1.0s
[   685] loss=-2.2173 | res=5.80e-03 | grad=9.41e-01 | 1.0s
[   686] loss=-2.5089 | res=9.58e-03 | grad=6.79e-01 | 1.0s
[   687] loss=-2.3737 | res=4.59e-03 | grad=3.99e-01 | 1.0s
[   688] loss=-2.4214 | res=6.66e-03 | grad=8.21e-01 | 1.0s
[   689] loss=-2.2822 | res=7.02e-03 | grad=1.64e-01 | 1.0s
[   690] loss=-2.2953 | res=9.02e-03 | grad=2.07e-01 | 1.0s
[   691] loss=-2.6043 | res=5.83e-03 | grad=4.59e-01 | 1.0s
[   692] loss=-2.4804 | res=7.58e-03 | grad=3.65e-01 | 1.0s
[   693] loss=-2.1588 | res=6.18e-03 | grad=1.00e+00 | 1.0s
[   694] loss=-2.4145 | res=8.50e-03 | grad=5.60e-01 | 1.1s
[   695] loss=-2.4683 | res=5.80e-03 | grad=4.14e-01 | 1.1s
[   696] loss=-2.1082 | res=7.14e-03 | grad=6.25e-01 | 1.1s
[   697] loss=-2.2867 | res=7.37e-03 | grad=3.26e-01 | 1.1s
[   698] loss=-2.5242 | res=9.22e-03 | grad=4.11e-01 | 1.1s
[   699] loss=-2.2172 | res=4.19e-03 | grad=2.66e-01 | 1.1s
[   700] loss=-2.1944 | res=3.76e-03 | grad=6.09e-01 | 1.1s
[   701] loss=-2.3809 | res=5.18e-03 | grad=5.56e-01 | 1.1s
[   702] loss=-2.3348 | res=4.45e-03 | grad=6.14e-01 | 1.1s
[   703] loss=-2.3477 | res=3.37e-03 | grad=7.75e-01 | 1.1s
[   704] loss=-2.3238 | res=6.66e-03 | grad=3.81e-01 | 1.1s
[   705] loss=-2.2137 | res=4.62e-03 | grad=1.83e-01 | 1.1s
[   706] loss=-2.2882 | res=4.56e-03 | grad=4.10e-01 | 1.1s
[   707] loss=-2.3107 | res=5.56e-03 | grad=1.97e-01 | 1.1s
[   708] loss=-2.3939 | res=4.49e-03 | grad=5.61e-01 | 1.1s
[   709] loss=-2.3517 | res=4.21e-03 | grad=3.26e-01 | 1.1s
[   710] loss=-2.2911 | res=5.84e-03 | grad=3.96e-01 | 1.1s
[   711] loss=-2.3010 | res=7.15e-03 | grad=3.77e-01 | 1.1s
[   712] loss=-2.3900 | res=6.77e-03 | grad=2.83e-01 | 1.1s
[   713] loss=-2.3535 | res=3.77e-03 | grad=6.51e-01 | 1.0s
[   714] loss=-2.4038 | res=6.93e-03 | grad=4.83e-01 | 1.1s
[   715] loss=-2.2128 | res=6.60e-03 | grad=6.13e-01 | 1.1s
[   716] loss=-2.4708 | res=6.47e-03 | grad=2.48e-01 | 1.1s
[   717] loss=-2.5374 | res=8.19e-03 | grad=4.93e-01 | 1.1s
[   718] loss=-2.2985 | res=4.76e-03 | grad=4.11e-01 | 1.1s
[   719] loss=-2.4478 | res=4.93e-03 | grad=3.67e-01 | 1.1s
[   720] loss=-2.2463 | res=7.79e-03 | grad=1.07e+00 | 1.1s
[   721] loss=-2.3314 | res=6.90e-03 | grad=7.34e-01 | 1.0s
[   722] loss=-2.1883 | res=6.21e-03 | grad=3.43e-01 | 1.0s
[   723] loss=-2.1444 | res=6.46e-03 | grad=3.62e-01 | 1.0s
[   724] loss=-2.4201 | res=5.87e-03 | grad=7.79e-01 | 1.0s
[   725] loss=-2.4118 | res=4.68e-03 | grad=7.58e-01 | 1.0s
[   726] loss=-2.1356 | res=5.35e-03 | grad=3.51e-01 | 1.0s
[   727] loss=-2.1714 | res=7.24e-03 | grad=4.09e-01 | 1.0s
[   728] loss=-2.2358 | res=6.33e-03 | grad=4.39e-01 | 1.0s
[   729] loss=-2.3646 | res=6.47e-03 | grad=6.95e-01 | 1.0s
[   730] loss=-2.3504 | res=6.22e-03 | grad=3.13e-01 | 1.0s
[   731] loss=-2.3583 | res=8.29e-03 | grad=3.56e-01 | 1.0s
[   732] loss=-2.4377 | res=7.74e-03 | grad=6.78e-01 | 1.0s
[   733] loss=-2.3210 | res=7.37e-03 | grad=5.35e-01 | 1.0s
[   734] loss=-2.2210 | res=5.53e-03 | grad=6.29e-01 | 1.0s
[   735] loss=-2.3136 | res=7.09e-03 | grad=1.15e+00 | 1.0s
[   736] loss=-2.3412 | res=4.84e-03 | grad=6.66e-01 | 1.0s
[   737] loss=-2.2730 | res=3.34e-03 | grad=5.58e-01 | 1.0s
[   738] loss=-2.2942 | res=6.12e-03 | grad=5.76e-01 | 1.0s
[   739] loss=-2.2672 | res=4.57e-03 | grad=4.97e-01 | 1.0s
[   740] loss=-2.2599 | res=6.59e-03 | grad=3.28e-01 | 1.0s
[   741] loss=-2.5358 | res=7.71e-03 | grad=6.12e-01 | 1.0s
[   742] loss=-2.1372 | res=7.15e-03 | grad=4.78e-01 | 1.0s
[   743] loss=-2.4257 | res=8.57e-03 | grad=1.05e+00 | 1.0s
[   744] loss=-2.4180 | res=6.19e-03 | grad=2.87e-01 | 1.0s
[   745] loss=-2.3070 | res=6.91e-03 | grad=3.30e-01 | 1.0s
[   746] loss=-2.3291 | res=5.19e-03 | grad=4.84e-01 | 1.0s
[   747] loss=-2.4498 | res=5.30e-03 | grad=4.75e-01 | 1.0s
[   748] loss=-2.3976 | res=4.82e-03 | grad=5.46e-01 | 1.0s
[   749] loss=-2.2715 | res=4.97e-03 | grad=2.79e-01 | 1.0s
[   750] loss=-2.3484 | res=5.75e-03 | grad=7.06e-01 | 1.0s
[   751] loss=-2.3788 | res=6.00e-03 | grad=3.13e-01 | 1.0s
[   752] loss=-2.3455 | res=5.14e-03 | grad=5.27e-01 | 1.0s
[   753] loss=-2.2459 | res=7.13e-03 | grad=2.37e-01 | 1.0s
[   754] loss=-2.2067 | res=6.03e-03 | grad=2.29e-01 | 1.0s
[   755] loss=-2.3101 | res=8.16e-03 | grad=3.67e-01 | 1.0s
[   756] loss=-2.3558 | res=5.57e-03 | grad=2.07e-01 | 1.0s
[   757] loss=-2.2148 | res=7.30e-03 | grad=4.37e-01 | 1.0s
[   758] loss=-2.2969 | res=6.16e-03 | grad=7.31e-01 | 1.0s
[   759] loss=-2.2697 | res=4.37e-03 | grad=7.98e-01 | 1.0s
[   760] loss=-2.3995 | res=6.46e-03 | grad=2.38e-01 | 1.0s
[   761] loss=-2.4174 | res=4.99e-03 | grad=5.80e-01 | 1.0s
[   762] loss=-2.2735 | res=4.73e-03 | grad=4.70e-01 | 1.0s
[   763] loss=-2.3030 | res=8.13e-03 | grad=1.03e+00 | 1.0s
[   764] loss=-2.2127 | res=7.57e-03 | grad=4.08e-01 | 1.0s
[   765] loss=-2.2486 | res=6.42e-03 | grad=3.18e-01 | 1.0s
[   766] loss=-2.3886 | res=7.66e-03 | grad=2.21e-01 | 1.0s
[   767] loss=-2.4319 | res=9.14e-03 | grad=3.82e-01 | 1.0s
[   768] loss=-2.1946 | res=6.75e-03 | grad=5.72e-01 | 1.0s
[   769] loss=-2.3064 | res=4.30e-03 | grad=4.00e-01 | 1.0s
[   770] loss=-2.1102 | res=6.53e-03 | grad=5.12e-01 | 1.0s
[   771] loss=-2.3283 | res=4.53e-03 | grad=3.33e-01 | 1.0s
[   772] loss=-2.3417 | res=6.36e-03 | grad=3.81e-01 | 1.0s
[   773] loss=-2.3123 | res=9.89e-03 | grad=5.75e-01 | 1.0s
[   774] loss=-2.3771 | res=6.92e-03 | grad=4.20e-01 | 1.0s
[   775] loss=-2.1635 | res=4.61e-03 | grad=3.87e-01 | 1.0s
[   776] loss=-2.2381 | res=6.16e-03 | grad=3.48e-01 | 1.0s
[   777] loss=-2.1207 | res=5.89e-03 | grad=3.70e-01 | 1.0s
[   778] loss=-2.2535 | res=7.78e-03 | grad=3.97e-01 | 1.0s
[   779] loss=-2.2361 | res=6.05e-03 | grad=2.04e-01 | 1.0s
[   780] loss=-2.3230 | res=4.70e-03 | grad=4.32e-01 | 1.0s
[   781] loss=-2.4005 | res=5.70e-03 | grad=6.80e-01 | 1.0s
[   782] loss=-2.2836 | res=5.78e-03 | grad=2.87e-01 | 1.0s
[   783] loss=-2.3651 | res=8.16e-03 | grad=2.67e-01 | 1.0s
[   784] loss=-2.3104 | res=7.61e-03 | grad=2.02e-01 | 1.0s
[   785] loss=-2.4783 | res=6.20e-03 | grad=8.34e-01 | 1.0s
[   786] loss=-2.4425 | res=7.60e-03 | grad=3.72e-01 | 1.0s
[   787] loss=-2.3835 | res=5.70e-03 | grad=1.49e-01 | 1.0s
[   788] loss=-2.1863 | res=6.08e-03 | grad=5.72e-01 | 1.0s
[   789] loss=-2.3919 | res=6.81e-03 | grad=4.22e-01 | 1.0s
[   790] loss=-2.0947 | res=8.21e-03 | grad=5.16e-01 | 1.0s
[   791] loss=-2.2897 | res=6.72e-03 | grad=2.57e-01 | 1.0s
[   792] loss=-2.2120 | res=7.69e-03 | grad=3.42e-01 | 1.0s
[   793] loss=-2.3008 | res=6.55e-03 | grad=1.34e-01 | 1.0s
[   794] loss=-2.2130 | res=8.70e-03 | grad=1.77e-01 | 1.0s
[   795] loss=-2.4671 | res=6.37e-03 | grad=6.65e-01 | 1.0s
[   796] loss=-2.4723 | res=7.40e-03 | grad=8.60e-01 | 1.0s
[   797] loss=-2.2113 | res=6.57e-03 | grad=4.08e-01 | 1.0s
[   798] loss=-2.2991 | res=5.72e-03 | grad=6.09e-01 | 1.0s
[   799] loss=-2.3484 | res=8.60e-03 | grad=5.01e-01 | 1.0s
[   800] loss=-2.3388 | res=4.51e-03 | grad=1.88e-01 | 1.0s
[   801] loss=-2.2278 | res=5.55e-03 | grad=1.90e-01 | 1.0s
[   802] loss=-2.4555 | res=5.83e-03 | grad=5.35e-01 | 1.0s
[   803] loss=-2.2786 | res=5.91e-03 | grad=1.85e-01 | 1.0s
[   804] loss=-2.1481 | res=5.41e-03 | grad=7.42e-01 | 1.0s
[   805] loss=-2.0909 | res=8.69e-03 | grad=4.78e-01 | 1.0s
[   806] loss=-2.5525 | res=6.76e-03 | grad=4.60e-01 | 1.0s
[   807] loss=-2.4437 | res=6.19e-03 | grad=2.84e-01 | 1.0s
[   808] loss=-2.4075 | res=7.88e-03 | grad=3.64e-01 | 1.0s
[   809] loss=-2.3985 | res=4.96e-03 | grad=5.14e-01 | 1.0s
[   810] loss=-2.3562 | res=6.51e-03 | grad=5.65e-01 | 1.0s
[   811] loss=-2.4802 | res=5.75e-03 | grad=2.27e-01 | 1.0s
[   812] loss=-2.2488 | res=5.51e-03 | grad=5.01e-01 | 1.0s
[   813] loss=-2.5084 | res=6.62e-03 | grad=5.30e-01 | 1.0s
[   814] loss=-2.0896 | res=5.67e-03 | grad=3.81e-01 | 1.0s
[   815] loss=-2.5881 | res=6.79e-03 | grad=3.29e-01 | 1.0s
[   816] loss=-2.1460 | res=5.24e-03 | grad=7.05e-01 | 1.0s
[   817] loss=-2.4640 | res=1.00e-02 | grad=6.72e-01 | 1.0s
[   818] loss=-2.3236 | res=8.38e-03 | grad=2.51e-01 | 1.0s
[   819] loss=-2.2845 | res=6.71e-03 | grad=4.59e-01 | 1.0s
[   820] loss=-2.3894 | res=6.59e-03 | grad=4.58e-01 | 1.0s
[   821] loss=-2.3470 | res=7.68e-03 | grad=4.63e-01 | 1.0s
[   822] loss=-2.2358 | res=6.47e-03 | grad=4.09e-01 | 1.0s
[   823] loss=-2.3507 | res=3.96e-03 | grad=3.96e-01 | 1.0s
[   824] loss=-2.3040 | res=7.53e-03 | grad=3.20e-01 | 1.0s
[   825] loss=-2.2772 | res=4.54e-03 | grad=3.50e-01 | 1.0s
[   826] loss=-2.2454 | res=9.89e-03 | grad=3.27e-01 | 1.0s
[   827] loss=-2.2648 | res=6.23e-03 | grad=2.62e-01 | 1.0s
[   828] loss=-2.2759 | res=6.57e-03 | grad=3.77e-01 | 1.0s
[   829] loss=-2.4707 | res=5.84e-03 | grad=3.18e-01 | 1.0s
[   830] loss=-2.3981 | res=5.00e-03 | grad=4.93e-01 | 1.0s
[   831] loss=-2.3380 | res=7.11e-03 | grad=4.21e-01 | 1.0s
[   832] loss=-2.3455 | res=4.23e-03 | grad=3.05e-01 | 1.0s
[   833] loss=-2.3171 | res=4.26e-03 | grad=4.28e-01 | 1.0s
[   834] loss=-2.4058 | res=5.17e-03 | grad=2.16e-01 | 1.0s
[   835] loss=-2.3411 | res=7.56e-03 | grad=2.49e-01 | 1.0s
[   836] loss=-2.1573 | res=6.02e-03 | grad=7.57e-01 | 1.0s
[   837] loss=-2.2990 | res=6.88e-03 | grad=3.71e-01 | 1.0s
[   838] loss=-2.3031 | res=6.58e-03 | grad=4.39e-01 | 1.0s
[   839] loss=-2.6283 | res=5.44e-03 | grad=6.47e-01 | 1.0s
[   840] loss=-2.4541 | res=8.54e-03 | grad=5.69e-01 | 1.0s
[   841] loss=-2.3930 | res=7.14e-03 | grad=5.48e-01 | 1.0s
[   842] loss=-2.4666 | res=6.50e-03 | grad=2.43e-01 | 1.0s
[   843] loss=-2.3349 | res=8.66e-03 | grad=2.90e-01 | 1.0s
[   844] loss=-2.3103 | res=5.86e-03 | grad=4.24e-01 | 1.0s
[   845] loss=-2.3603 | res=5.98e-03 | grad=2.43e-01 | 1.0s
[   846] loss=-2.4122 | res=7.08e-03 | grad=4.67e-01 | 1.0s
[   847] loss=-2.2860 | res=4.44e-03 | grad=4.36e-01 | 1.0s
[   848] loss=-2.5052 | res=6.72e-03 | grad=6.28e-01 | 1.0s
[   849] loss=-2.3867 | res=4.24e-03 | grad=4.22e-01 | 1.0s
[   850] loss=-2.2412 | res=5.77e-03 | grad=5.51e-01 | 1.0s
[   851] loss=-2.2570 | res=7.67e-03 | grad=3.35e-01 | 1.0s
[   852] loss=-2.4181 | res=5.95e-03 | grad=4.21e-01 | 1.0s
[   853] loss=-2.2470 | res=8.72e-03 | grad=4.49e-01 | 1.0s
[   854] loss=-2.5350 | res=8.56e-03 | grad=8.44e-01 | 1.0s
[   855] loss=-2.3702 | res=6.54e-03 | grad=4.97e-01 | 1.0s
[   856] loss=-2.4307 | res=7.66e-03 | grad=2.53e-01 | 1.0s
[   857] loss=-2.4289 | res=5.58e-03 | grad=2.86e-01 | 1.0s
[   858] loss=-2.2769 | res=7.21e-03 | grad=3.28e-01 | 1.0s
[   859] loss=-2.2589 | res=7.52e-03 | grad=4.63e-01 | 1.0s
[   860] loss=-2.4750 | res=5.15e-03 | grad=4.44e-01 | 1.0s
[   861] loss=-2.3228 | res=6.52e-03 | grad=4.13e-01 | 1.0s
[   862] loss=-2.4567 | res=4.43e-03 | grad=1.74e-01 | 1.0s
[   863] loss=-2.1039 | res=1.03e-02 | grad=7.98e-01 | 1.0s
[   864] loss=-2.3759 | res=7.32e-03 | grad=4.11e-01 | 1.0s
[   865] loss=-2.4942 | res=8.09e-03 | grad=6.64e-01 | 1.0s
[   866] loss=-2.3399 | res=6.77e-03 | grad=5.64e-01 | 1.0s
[   867] loss=-2.3106 | res=7.93e-03 | grad=2.37e-01 | 1.0s
[   868] loss=-2.3869 | res=7.29e-03 | grad=3.05e-01 | 1.0s
[   869] loss=-2.3032 | res=4.20e-03 | grad=6.35e-01 | 1.0s
[   870] loss=-2.4328 | res=5.29e-03 | grad=6.55e-01 | 1.0s
[   871] loss=-2.4566 | res=4.78e-03 | grad=3.77e-01 | 1.0s
[   872] loss=-2.3333 | res=3.26e-03 | grad=3.01e-01 | 1.0s
[   873] loss=-2.4116 | res=4.32e-03 | grad=7.52e-01 | 1.0s
[   874] loss=-2.2469 | res=5.70e-03 | grad=7.62e-01 | 1.0s
[   875] loss=-2.5742 | res=6.54e-03 | grad=1.57e-01 | 1.0s
[   876] loss=-2.2073 | res=5.32e-03 | grad=5.00e-01 | 1.0s
[   877] loss=-2.5569 | res=5.39e-03 | grad=5.93e-01 | 1.0s
[   878] loss=-2.4766 | res=5.96e-03 | grad=3.71e-01 | 1.0s
[   879] loss=-2.2739 | res=6.59e-03 | grad=3.15e-01 | 1.0s
[   880] loss=-2.3737 | res=6.27e-03 | grad=3.91e-01 | 1.0s
[   881] loss=-2.6307 | res=7.46e-03 | grad=6.60e-01 | 1.0s
[   882] loss=-2.3133 | res=5.67e-03 | grad=3.64e-01 | 1.0s
[   883] loss=-2.5860 | res=6.64e-03 | grad=8.28e-01 | 1.0s
[   884] loss=-2.2560 | res=6.15e-03 | grad=5.21e-01 | 1.0s
[   885] loss=-2.4061 | res=6.20e-03 | grad=2.38e-01 | 1.0s
[   886] loss=-2.2257 | res=5.24e-03 | grad=4.87e-01 | 1.0s
[   887] loss=-2.3964 | res=7.05e-03 | grad=5.10e-01 | 1.0s
[   888] loss=-2.3596 | res=6.83e-03 | grad=4.72e-01 | 1.0s
[   889] loss=-2.2328 | res=6.80e-03 | grad=5.82e-01 | 1.0s
[   890] loss=-2.3100 | res=4.17e-03 | grad=3.68e-01 | 1.0s
[   891] loss=-2.3265 | res=3.89e-03 | grad=2.73e-01 | 1.0s
[   892] loss=-2.6157 | res=6.04e-03 | grad=9.60e-01 | 1.0s
[   893] loss=-2.3743 | res=5.28e-03 | grad=4.30e-01 | 1.0s
[   894] loss=-2.4926 | res=4.27e-03 | grad=7.01e-01 | 1.0s
[   895] loss=-2.3972 | res=5.95e-03 | grad=5.48e-01 | 1.0s
[   896] loss=-2.2581 | res=4.25e-03 | grad=1.99e-01 | 1.0s
[   897] loss=-2.2947 | res=4.34e-03 | grad=3.59e-01 | 1.0s
[   898] loss=-2.1661 | res=6.59e-03 | grad=6.34e-01 | 1.0s
[   899] loss=-2.4690 | res=4.18e-03 | grad=1.97e-01 | 1.0s
[   900] loss=-2.2605 | res=5.84e-03 | grad=4.42e-01 | 1.0s
[   901] loss=-2.3646 | res=8.72e-03 | grad=3.48e-01 | 1.0s
[   902] loss=-2.3239 | res=6.79e-03 | grad=3.60e-01 | 1.0s
[   903] loss=-2.3041 | res=5.58e-03 | grad=4.27e-01 | 1.0s
[   904] loss=-2.5150 | res=6.89e-03 | grad=7.03e-01 | 1.0s
[   905] loss=-2.1597 | res=6.06e-03 | grad=4.42e-01 | 1.0s
[   906] loss=-2.2607 | res=6.43e-03 | grad=4.66e-01 | 1.0s
[   907] loss=-2.2446 | res=6.42e-03 | grad=4.66e-01 | 1.0s
[   908] loss=-2.3512 | res=7.04e-03 | grad=2.90e-01 | 1.0s
[   909] loss=-2.1782 | res=6.50e-03 | grad=1.72e-01 | 1.0s
[   910] loss=-2.2404 | res=9.32e-03 | grad=4.16e-01 | 1.0s
[   911] loss=-2.3661 | res=7.11e-03 | grad=4.66e-01 | 1.0s
[   912] loss=-2.4185 | res=5.01e-03 | grad=6.43e-01 | 1.0s
[   913] loss=-2.3950 | res=5.40e-03 | grad=3.35e-01 | 1.0s
[   914] loss=-2.2703 | res=5.80e-03 | grad=3.63e-01 | 1.0s
[   915] loss=-2.2289 | res=6.44e-03 | grad=4.81e-01 | 1.0s
[   916] loss=-2.3655 | res=8.07e-03 | grad=2.76e-01 | 1.0s
[   917] loss=-2.3139 | res=5.56e-03 | grad=5.17e-01 | 1.0s
[   918] loss=-2.1787 | res=8.60e-03 | grad=5.06e-01 | 1.0s
[   919] loss=-2.4366 | res=5.61e-03 | grad=2.09e-01 | 1.0s
[   920] loss=-2.3603 | res=6.73e-03 | grad=4.56e-01 | 1.0s
[   921] loss=-2.3273 | res=8.66e-03 | grad=6.10e-01 | 1.0s
[   922] loss=-2.2186 | res=7.38e-03 | grad=2.85e-01 | 1.0s
[   923] loss=-2.2495 | res=6.86e-03 | grad=3.69e-01 | 1.0s
[   924] loss=-2.1153 | res=7.93e-03 | grad=2.63e-01 | 1.0s
[   925] loss=-2.3139 | res=7.70e-03 | grad=4.06e-01 | 1.0s
[   926] loss=-2.2005 | res=7.70e-03 | grad=3.69e-01 | 1.0s
[   927] loss=-2.3765 | res=3.49e-03 | grad=5.81e-01 | 1.0s
[   928] loss=-2.1577 | res=6.86e-03 | grad=4.37e-01 | 1.0s
[   929] loss=-2.4063 | res=6.56e-03 | grad=6.51e-01 | 1.0s
[   930] loss=-2.2309 | res=6.90e-03 | grad=4.00e-01 | 1.0s
[   931] loss=-2.2959 | res=6.07e-03 | grad=7.57e-02 | 1.0s
[   932] loss=-2.2823 | res=5.72e-03 | grad=4.79e-01 | 1.0s
[   933] loss=-2.2661 | res=5.65e-03 | grad=3.89e-01 | 1.0s
[   934] loss=-2.3405 | res=8.80e-03 | grad=2.02e-01 | 1.0s
[   935] loss=-2.4060 | res=4.28e-03 | grad=4.23e-01 | 1.0s
[   936] loss=-2.2634 | res=3.93e-03 | grad=2.50e-01 | 1.0s
[   937] loss=-2.2734 | res=4.16e-03 | grad=3.75e-01 | 1.0s
[   938] loss=-2.1903 | res=4.57e-03 | grad=5.05e-01 | 1.0s
[   939] loss=-2.2132 | res=6.95e-03 | grad=6.61e-01 | 1.0s
[   940] loss=-2.4884 | res=4.78e-03 | grad=3.95e-01 | 1.0s
[   941] loss=-2.3223 | res=5.62e-03 | grad=3.85e-01 | 1.0s
[   942] loss=-2.3078 | res=4.05e-03 | grad=6.08e-01 | 1.0s
[   943] loss=-2.3143 | res=6.88e-03 | grad=8.43e-01 | 1.0s
[   944] loss=-2.3406 | res=3.94e-03 | grad=4.56e-01 | 1.0s
[   945] loss=-2.2266 | res=4.77e-03 | grad=5.51e-01 | 1.0s
[   946] loss=-2.2902 | res=3.14e-03 | grad=3.20e-01 | 1.0s
[   947] loss=-2.1037 | res=4.78e-03 | grad=5.39e-01 | 1.0s
[   948] loss=-2.3568 | res=8.68e-03 | grad=4.04e-01 | 1.0s
[   949] loss=-2.4897 | res=9.36e-03 | grad=8.99e-01 | 1.0s
[   950] loss=-2.4020 | res=3.06e-03 | grad=6.78e-01 | 1.0s
[   951] loss=-2.2177 | res=6.44e-03 | grad=3.53e-01 | 1.0s
[   952] loss=-2.2002 | res=6.35e-03 | grad=6.61e-01 | 1.0s
[   953] loss=-2.4755 | res=5.66e-03 | grad=4.59e-01 | 1.0s
[   954] loss=-2.3400 | res=3.32e-03 | grad=3.65e-01 | 1.0s
[   955] loss=-2.3717 | res=5.36e-03 | grad=2.27e-01 | 1.0s
[   956] loss=-2.2209 | res=5.75e-03 | grad=7.67e-01 | 1.0s
[   957] loss=-2.3961 | res=5.43e-03 | grad=4.13e-01 | 1.0s
[   958] loss=-2.4159 | res=4.33e-03 | grad=2.74e-01 | 1.0s
[   959] loss=-2.3786 | res=5.17e-03 | grad=2.78e-01 | 1.0s
[   960] loss=-2.2410 | res=4.30e-03 | grad=3.31e-01 | 1.0s
[   961] loss=-2.0742 | res=3.50e-03 | grad=5.90e-01 | 1.0s
[   962] loss=-2.3167 | res=4.74e-03 | grad=1.68e-01 | 1.0s
[   963] loss=-2.4979 | res=7.65e-03 | grad=6.40e-01 | 1.0s
[   964] loss=-2.3548 | res=5.47e-03 | grad=2.43e-01 | 1.0s
[   965] loss=-2.4871 | res=5.44e-03 | grad=5.15e-01 | 1.0s
[   966] loss=-2.4701 | res=5.95e-03 | grad=5.55e-01 | 1.0s
[   967] loss=-2.3007 | res=3.22e-03 | grad=5.53e-01 | 1.0s
[   968] loss=-2.4011 | res=7.96e-03 | grad=2.75e-01 | 1.0s
[   969] loss=-2.2599 | res=5.39e-03 | grad=2.03e-01 | 1.0s
[   970] loss=-2.2931 | res=6.93e-03 | grad=4.59e-01 | 1.0s
[   971] loss=-2.2132 | res=5.32e-03 | grad=3.13e-01 | 1.0s
[   972] loss=-2.3178 | res=4.61e-03 | grad=3.98e-01 | 1.0s
[   973] loss=-2.5238 | res=5.07e-03 | grad=4.81e-01 | 1.0s
[   974] loss=-2.1294 | res=5.95e-03 | grad=4.69e-01 | 1.0s
[   975] loss=-2.2222 | res=6.03e-03 | grad=3.47e-01 | 1.0s
[   976] loss=-2.2481 | res=7.33e-03 | grad=3.63e-01 | 1.0s
[   977] loss=-2.1870 | res=5.87e-03 | grad=2.91e-01 | 1.0s
[   978] loss=-2.1952 | res=5.82e-03 | grad=2.60e-01 | 1.0s
[   979] loss=-2.1528 | res=5.94e-03 | grad=4.51e-01 | 1.0s
[   980] loss=-2.2009 | res=3.64e-03 | grad=5.49e-01 | 1.0s
[   981] loss=-2.2427 | res=6.77e-03 | grad=1.29e-01 | 1.0s
[   982] loss=-2.3390 | res=8.53e-03 | grad=5.62e-01 | 1.0s
[   983] loss=-2.2082 | res=4.55e-03 | grad=5.55e-01 | 1.0s
[   984] loss=-2.3304 | res=6.22e-03 | grad=3.84e-01 | 1.0s
[   985] loss=-2.2590 | res=4.70e-03 | grad=3.70e-01 | 1.0s
[   986] loss=-2.1895 | res=8.63e-03 | grad=3.37e-01 | 1.0s
[   987] loss=-2.3476 | res=3.55e-03 | grad=1.37e-01 | 1.0s
[   988] loss=-2.3081 | res=6.27e-03 | grad=4.43e-01 | 1.0s
[   989] loss=-2.1992 | res=4.71e-03 | grad=6.35e-01 | 1.0s
[   990] loss=-2.1904 | res=6.17e-03 | grad=4.53e-01 | 1.0s
[   991] loss=-2.3681 | res=3.75e-03 | grad=4.31e-01 | 1.0s
[   992] loss=-2.3552 | res=6.82e-03 | grad=5.44e-01 | 1.0s
[   993] loss=-2.2216 | res=6.29e-03 | grad=5.35e-01 | 1.0s
[   994] loss=-2.3682 | res=4.92e-03 | grad=4.47e-01 | 1.0s
[   995] loss=-2.5153 | res=5.96e-03 | grad=6.15e-01 | 1.0s
[   996] loss=-2.1346 | res=5.50e-03 | grad=3.04e-01 | 1.0s
[   997] loss=-2.3654 | res=6.09e-03 | grad=4.08e-01 | 1.0s
[   998] loss=-2.3726 | res=5.89e-03 | grad=5.08e-01 | 1.0s
[   999] loss=-2.2549 | res=4.31e-03 | grad=4.71e-01 | 1.0s
[  1000] loss=-2.1796 | res=5.37e-03 | grad=8.59e-01 | 1.0s
    KL = 0.1130
    ESS ratio = 0.942
    Runtime = 1037.5s

  [Ours Summary for T2]
    KL = 0.1267 ± 0.0068
    ESS = 0.906 ± 0.024
    Runtime = 1038.6 ± 1.6s

[RCPM gamma=1.0] Running 5 independent training runs...

  --- Run 1/5 (seed=12345) ---
    [ 5000] loss = 1.0557
    KL = 0.9311
    ESS ratio = 0.565
    Runtime = 59.6s

  --- Run 2/5 (seed=23456) ---
    [ 5000] loss = 0.8753
    KL = 0.8810
    ESS ratio = 0.548
    Runtime = 59.8s

  --- Run 3/5 (seed=34567) ---
    [ 5000] loss = 0.9885
    KL = 0.8432
    ESS ratio = 0.551
    Runtime = 60.8s

  --- Run 4/5 (seed=45678) ---
    [ 5000] loss = 1.0865
    KL = 0.9599
    ESS ratio = 0.500
    Runtime = 63.7s

  --- Run 5/5 (seed=56789) ---
    [ 5000] loss = 0.4178
    KL = 0.6948
    ESS ratio = 0.646
    Runtime = 62.9s

  [RCPM Summary for T2]
    KL = 0.8620 ± 0.0415
    ESS = 0.562 ± 0.021
    Runtime = 61.4 ± 0.7s

======================================================================
FINAL RESULTS TABLE
======================================================================
Manifold   Method     KL                   ESS Ratio            Runtime (s)    
---------------------------------------------------------------------------
S2         Ours       0.0270 ± 0.0016      0.965 ± 0.005        1024.4 ± 12.9  
S2         RCPM       0.0037 ± 0.0008      0.996 ± 0.000        37.3 ± 0.6     
T2         Ours       0.1267 ± 0.0068      0.906 ± 0.024        1038.6 ± 1.6   
T2         RCPM       0.8620 ± 0.0415      0.562 ± 0.021        61.4 ± 0.7     

Saved: experiments/final_results/table_results.npz

======================================================================
LATEX TABLE
======================================================================
\begin{tabular}{lcccccc}
\hline
 & \multicolumn{3}{c|}{$\mathbb{S}^{2}$} & \multicolumn{3}{c}{$\mathbb{T}^{2}$} \\
\cline{2-7}
 \textbf{Model} & KL $\downarrow$ & ESS $\uparrow$ & Time (s) $\downarrow$
 & KL $\downarrow$ & ESS $\uparrow$ & Time (s) $\downarrow$\\
\hline
Ours & 0.03 $\pm$ 0.00 & 0.96 $\pm$ 0.01 & 1024 $\pm$ 13 & 0.13 $\pm$ 0.01 & 0.91 $\pm$ 0.02 & 1039 $\pm$ 2 \\
RCPM~\citep{lou2020neural} & 0.00 $\pm$ 0.00 & 1.00 $\pm$ 0.00 & 37 $\pm$ 1 & 0.86 $\pm$ 0.04 & 0.56 $\pm$ 0.02 & 61 $\pm$ 1 \\
\hline
\end{tabular}

Saved: experiments/final_results/table_results.tex
