nohup: ignoring input
Running on: [RocmDevice(id=0)]
N_RUNS = 5
RCPM_GAMMA = 1.0
LANDMARK_METHOD = random
Manifolds: S2, T2

======================================================================
DEFAULT CONFIGURATION PARAMETERS (from src/base.py)
======================================================================

[ModelConfig]
  network_type:   mlp
  hidden_dims:    (128, 128)
  n_landmarks:    128
  use_layernorm:  True
  last_scale:     0.01
  activation:     silu
  leaky_slope:    0.01
  softplus_beta:  1
  max_dist:       3.14159

[SolverConfig]
  inner_steps:      2500
  inner_lr:         0.05
  grad_clip:        None
  lr_decay:         False
  tolerance:        1e-06
  min_steps:        1000
  momentum:         0.0
  logsumexp_init:   True
  logsumexp_gamma:  0.1
  use_adam:         True
  adam_beta1:       0.9
  adam_beta2:       0.999

[TrainingConfig]
  n_steps:        1000
  batch_size:     256
  learning_rate:  0.001
  lr_decay:       False
  lr_decay_alpha: 0.05
  log_every:      1
  eval_every:     None
  eval_size:      1024
  seed:           12345

======================================================================


======================================================================
MANIFOLD: S2
======================================================================

[Ours] Running 5 independent training runs...

  --- Run 1/5 (seed=12345) ---
[     1] loss=-0.0286 | res=1.15e-04 | grad=5.27e+00 | 9.5s
[     2] loss=-0.1538 | res=4.44e-16 | grad=5.25e+00 | 1.1s
[     3] loss=-0.2617 | res=1.12e-04 | grad=4.94e+00 | 1.1s
[     4] loss=-0.3290 | res=7.07e-05 | grad=4.19e+00 | 1.0s
[     5] loss=-0.4696 | res=2.97e-04 | grad=4.57e+00 | 1.1s
[     6] loss=-0.5301 | res=5.42e-04 | grad=3.97e+00 | 1.1s
[     7] loss=-0.6204 | res=4.52e-10 | grad=3.56e+00 | 1.1s
[     8] loss=-0.7221 | res=2.10e-04 | grad=3.25e+00 | 1.0s
[     9] loss=-0.6977 | res=2.49e-04 | grad=1.74e+00 | 1.0s
[    10] loss=-0.7628 | res=1.90e-04 | grad=1.37e+00 | 1.1s
[    11] loss=-0.7372 | res=1.96e-04 | grad=7.70e-01 | 1.1s
[    12] loss=-0.8707 | res=1.81e-04 | grad=5.89e-01 | 1.1s
[    13] loss=-0.7396 | res=7.24e-04 | grad=5.71e-01 | 1.1s
[    14] loss=-0.8282 | res=1.96e-04 | grad=8.62e-01 | 1.1s
[    15] loss=-0.8340 | res=3.82e-04 | grad=8.81e-01 | 1.1s
[    16] loss=-0.8433 | res=1.92e-04 | grad=1.03e+00 | 1.1s
[    17] loss=-0.8809 | res=6.53e-04 | grad=8.47e-01 | 1.1s
[    18] loss=-0.7692 | res=2.84e-04 | grad=1.01e+00 | 1.1s
[    19] loss=-0.8297 | res=7.53e-04 | grad=1.33e+00 | 1.1s
[    20] loss=-0.8632 | res=3.34e-04 | grad=1.05e+00 | 1.1s
[    21] loss=-0.7772 | res=3.59e-04 | grad=9.82e-01 | 1.1s
[    22] loss=-0.7607 | res=3.50e-04 | grad=1.20e+00 | 1.1s
[    23] loss=-0.9280 | res=2.66e-04 | grad=5.70e-01 | 1.1s
[    24] loss=-0.7883 | res=4.17e-04 | grad=1.07e+00 | 1.1s
[    25] loss=-0.8356 | res=5.15e-04 | grad=4.21e-01 | 1.1s
[    26] loss=-0.7233 | res=5.23e-04 | grad=6.55e-01 | 1.1s
[    27] loss=-0.7601 | res=3.00e-04 | grad=3.84e-01 | 1.1s
[    28] loss=-0.7336 | res=2.38e-08 | grad=4.50e-01 | 1.1s
[    29] loss=-0.6819 | res=8.60e-09 | grad=5.48e-01 | 1.1s
[    30] loss=-0.7503 | res=4.07e-04 | grad=2.93e-01 | 1.1s
[    31] loss=-0.8142 | res=2.75e-09 | grad=6.27e-01 | 1.1s
[    32] loss=-0.8815 | res=3.57e-04 | grad=9.77e-01 | 1.1s
[    33] loss=-0.7929 | res=1.43e-04 | grad=8.21e-01 | 1.1s
[    34] loss=-0.8823 | res=1.34e-04 | grad=7.79e-01 | 1.1s
[    35] loss=-0.7282 | res=2.56e-04 | grad=5.16e-01 | 1.1s
[    36] loss=-0.8699 | res=8.83e-05 | grad=4.72e-01 | 1.1s
[    37] loss=-0.9065 | res=5.14e-04 | grad=9.52e-01 | 0.9s
[    38] loss=-0.7007 | res=1.32e-04 | grad=1.21e+00 | 1.0s
[    39] loss=-0.8231 | res=8.73e-04 | grad=6.92e-01 | 1.1s
[    40] loss=-0.7879 | res=2.90e-04 | grad=4.03e-01 | 1.1s
[    41] loss=-0.9067 | res=3.45e-04 | grad=3.93e-01 | 1.1s
[    42] loss=-0.8777 | res=6.74e-04 | grad=3.42e-01 | 1.1s
[    43] loss=-0.9221 | res=7.80e-04 | grad=4.78e-01 | 1.1s
[    44] loss=-0.7748 | res=6.09e-04 | grad=9.00e-01 | 0.9s
[    45] loss=-0.7190 | res=4.45e-04 | grad=8.35e-01 | 0.9s
[    46] loss=-0.8502 | res=7.11e-04 | grad=5.82e-01 | 1.0s
[    47] loss=-0.7388 | res=1.37e-03 | grad=7.89e-01 | 0.9s
[    48] loss=-0.8708 | res=5.50e-04 | grad=2.12e-01 | 1.0s
[    49] loss=-0.7635 | res=2.33e-04 | grad=5.57e-01 | 1.0s
[    50] loss=-0.8756 | res=2.38e-04 | grad=2.24e-01 | 1.0s
[    51] loss=-0.6951 | res=4.51e-04 | grad=9.01e-01 | 1.0s
[    52] loss=-0.7779 | res=5.01e-04 | grad=9.98e-01 | 1.0s
[    53] loss=-0.8520 | res=3.07e-04 | grad=7.79e-01 | 1.0s
[    54] loss=-0.9057 | res=6.03e-04 | grad=1.13e+00 | 1.0s
[    55] loss=-0.9177 | res=5.86e-04 | grad=5.18e-01 | 1.0s
[    56] loss=-0.8454 | res=1.28e-03 | grad=1.27e-01 | 1.0s
[    57] loss=-0.7866 | res=2.93e-04 | grad=4.24e-01 | 1.0s
[    58] loss=-0.8129 | res=3.33e-04 | grad=3.98e-01 | 1.0s
[    59] loss=-0.8780 | res=9.94e-04 | grad=7.14e-01 | 1.0s
[    60] loss=-0.8031 | res=1.33e-03 | grad=6.82e-01 | 0.9s
[    61] loss=-0.8686 | res=3.05e-04 | grad=8.31e-01 | 1.0s
[    62] loss=-0.8317 | res=7.24e-04 | grad=4.89e-01 | 1.0s
[    63] loss=-0.8101 | res=2.58e-04 | grad=3.15e-01 | 1.0s
[    64] loss=-0.7933 | res=5.14e-04 | grad=4.29e-01 | 1.0s
[    65] loss=-0.7844 | res=1.36e-03 | grad=2.97e-01 | 1.0s
[    66] loss=-0.8005 | res=5.57e-04 | grad=1.83e-01 | 1.0s
[    67] loss=-0.8705 | res=1.23e-03 | grad=4.73e-01 | 1.0s
[    68] loss=-0.8456 | res=7.14e-04 | grad=7.71e-01 | 1.0s
[    69] loss=-0.7395 | res=2.54e-04 | grad=9.48e-01 | 1.0s
[    70] loss=-0.9711 | res=6.65e-04 | grad=3.58e-01 | 1.0s
[    71] loss=-0.7654 | res=3.72e-04 | grad=2.76e-01 | 1.0s
[    72] loss=-0.8987 | res=7.47e-04 | grad=3.72e-01 | 1.0s
[    73] loss=-0.7558 | res=1.29e-04 | grad=3.68e-01 | 1.0s
[    74] loss=-0.8314 | res=1.02e-03 | grad=1.65e-01 | 1.0s
[    75] loss=-0.8824 | res=8.90e-04 | grad=1.64e-01 | 1.0s
[    76] loss=-0.7614 | res=4.07e-04 | grad=2.45e-01 | 1.0s
[    77] loss=-0.8619 | res=4.42e-04 | grad=1.68e-01 | 0.9s
[    78] loss=-0.8929 | res=6.38e-04 | grad=7.20e-01 | 0.9s
[    79] loss=-0.8221 | res=6.36e-04 | grad=3.84e-01 | 0.9s
[    80] loss=-0.8182 | res=2.74e-04 | grad=2.27e-01 | 1.0s
[    81] loss=-0.8253 | res=3.65e-04 | grad=8.47e-01 | 1.0s
[    82] loss=-0.7195 | res=6.88e-04 | grad=6.40e-01 | 1.0s
[    83] loss=-0.7110 | res=1.43e-03 | grad=6.57e-01 | 1.0s
[    84] loss=-0.8062 | res=6.65e-04 | grad=5.69e-01 | 1.0s
[    85] loss=-0.8824 | res=4.05e-04 | grad=5.86e-01 | 1.0s
[    86] loss=-0.8107 | res=9.86e-04 | grad=5.90e-01 | 0.9s
[    87] loss=-0.7497 | res=3.31e-04 | grad=3.52e-01 | 0.9s
[    88] loss=-0.7815 | res=2.69e-04 | grad=4.09e-01 | 1.0s
[    89] loss=-0.7490 | res=1.11e-03 | grad=4.02e-01 | 1.0s
[    90] loss=-0.8052 | res=1.11e-03 | grad=3.60e-01 | 1.0s
[    91] loss=-0.7842 | res=1.09e-03 | grad=2.56e-01 | 1.1s
[    92] loss=-0.8502 | res=2.41e-04 | grad=4.22e-01 | 1.0s
[    93] loss=-0.8909 | res=1.43e-04 | grad=2.55e-01 | 1.1s
[    94] loss=-0.8951 | res=4.44e-04 | grad=4.26e-01 | 1.1s
[    95] loss=-0.8257 | res=9.01e-05 | grad=2.57e-01 | 1.1s
[    96] loss=-0.7898 | res=1.06e-03 | grad=3.38e-01 | 1.1s
[    97] loss=-0.8228 | res=2.78e-04 | grad=4.59e-01 | 1.1s
[    98] loss=-0.7973 | res=6.46e-04 | grad=2.09e-01 | 1.1s
[    99] loss=-0.8162 | res=4.82e-04 | grad=1.87e-01 | 1.1s
[   100] loss=-0.8552 | res=7.50e-04 | grad=4.54e-01 | 1.1s
[   101] loss=-0.9004 | res=1.32e-03 | grad=4.01e-01 | 1.1s
[   102] loss=-0.8804 | res=3.05e-04 | grad=2.30e-01 | 1.1s
[   103] loss=-0.7169 | res=3.04e-04 | grad=5.03e-01 | 1.1s
[   104] loss=-0.7445 | res=9.16e-04 | grad=5.47e-01 | 1.1s
[   105] loss=-0.7842 | res=7.62e-04 | grad=3.91e-01 | 1.1s
[   106] loss=-0.8643 | res=2.70e-04 | grad=2.14e-01 | 1.1s
[   107] loss=-0.7831 | res=6.46e-04 | grad=3.89e-01 | 1.1s
[   108] loss=-0.8123 | res=2.79e-04 | grad=4.30e-01 | 1.1s
[   109] loss=-0.8473 | res=6.47e-04 | grad=2.51e-01 | 1.1s
[   110] loss=-0.8041 | res=4.43e-04 | grad=4.12e-01 | 1.1s
[   111] loss=-0.7977 | res=8.98e-05 | grad=5.98e-01 | 1.1s
[   112] loss=-0.8862 | res=4.25e-04 | grad=3.48e-01 | 1.1s
[   113] loss=-0.8809 | res=3.63e-04 | grad=3.82e-01 | 1.1s
[   114] loss=-0.8718 | res=7.95e-04 | grad=2.16e-01 | 1.1s
[   115] loss=-0.8377 | res=7.42e-04 | grad=4.34e-01 | 0.9s
[   116] loss=-0.7887 | res=1.96e-04 | grad=2.53e-01 | 1.0s
[   117] loss=-0.8781 | res=1.08e-04 | grad=6.89e-01 | 1.0s
[   118] loss=-0.8621 | res=4.17e-04 | grad=4.68e-01 | 1.0s
[   119] loss=-0.7799 | res=3.14e-04 | grad=7.98e-01 | 1.0s
[   120] loss=-0.7494 | res=7.50e-04 | grad=8.51e-01 | 1.0s
[   121] loss=-0.8669 | res=1.09e-04 | grad=5.80e-01 | 1.0s
[   122] loss=-0.8393 | res=5.48e-04 | grad=4.02e-01 | 1.0s
[   123] loss=-0.7898 | res=1.25e-04 | grad=2.71e-01 | 1.0s
[   124] loss=-0.8008 | res=1.59e-04 | grad=4.82e-01 | 1.0s
[   125] loss=-0.8878 | res=4.50e-04 | grad=7.09e-01 | 1.0s
[   126] loss=-0.8632 | res=8.25e-04 | grad=9.05e-01 | 1.0s
[   127] loss=-0.8960 | res=2.53e-04 | grad=3.37e-01 | 1.0s
[   128] loss=-0.7663 | res=2.23e-04 | grad=8.16e-01 | 1.0s
[   129] loss=-0.8120 | res=2.49e-04 | grad=4.41e-01 | 1.0s
[   130] loss=-0.8071 | res=9.09e-04 | grad=3.39e-01 | 0.9s
[   131] loss=-0.8520 | res=4.73e-04 | grad=3.91e-01 | 1.0s
[   132] loss=-0.9316 | res=2.61e-04 | grad=7.26e-01 | 1.1s
[   133] loss=-0.7981 | res=7.77e-05 | grad=6.98e-01 | 1.1s
[   134] loss=-0.7519 | res=2.80e-04 | grad=8.84e-01 | 1.1s
[   135] loss=-0.7268 | res=6.04e-04 | grad=7.64e-01 | 1.1s
[   136] loss=-0.8230 | res=2.45e-04 | grad=6.96e-01 | 1.1s
[   137] loss=-0.7340 | res=1.14e-04 | grad=5.36e-01 | 1.1s
[   138] loss=-0.8203 | res=2.18e-04 | grad=4.42e-01 | 1.1s
[   139] loss=-0.8883 | res=8.86e-05 | grad=5.08e-01 | 1.1s
[   140] loss=-0.8076 | res=3.92e-04 | grad=4.24e-01 | 1.1s
[   141] loss=-0.8648 | res=2.91e-04 | grad=3.60e-01 | 1.1s
[   142] loss=-0.7701 | res=6.57e-04 | grad=2.66e-01 | 1.1s
[   143] loss=-0.7969 | res=1.69e-04 | grad=5.73e-01 | 1.1s
[   144] loss=-0.8992 | res=3.67e-04 | grad=3.03e-01 | 1.1s
[   145] loss=-0.8916 | res=4.10e-04 | grad=4.62e-01 | 1.1s
[   146] loss=-0.9246 | res=8.51e-04 | grad=5.84e-01 | 1.1s
[   147] loss=-0.8908 | res=6.57e-05 | grad=4.26e-01 | 1.1s
[   148] loss=-0.7584 | res=2.02e-05 | grad=3.46e-01 | 1.1s
[   149] loss=-0.7822 | res=3.04e-04 | grad=6.10e-01 | 1.1s
[   150] loss=-0.8379 | res=4.14e-04 | grad=2.21e-01 | 1.1s
[   151] loss=-0.7798 | res=1.17e-03 | grad=3.28e-01 | 1.1s
[   152] loss=-0.8428 | res=6.87e-04 | grad=6.06e-01 | 1.1s
[   153] loss=-0.8305 | res=8.13e-04 | grad=2.99e-01 | 1.1s
[   154] loss=-0.7605 | res=2.04e-04 | grad=5.02e-01 | 1.1s
[   155] loss=-0.7137 | res=3.75e-04 | grad=4.77e-01 | 1.1s
[   156] loss=-0.7842 | res=5.66e-04 | grad=4.25e-01 | 1.1s
[   157] loss=-0.8241 | res=3.67e-04 | grad=2.31e-01 | 1.1s
[   158] loss=-0.7711 | res=6.55e-04 | grad=1.81e-01 | 1.1s
[   159] loss=-0.9085 | res=4.62e-04 | grad=5.02e-01 | 1.1s
[   160] loss=-0.7201 | res=5.14e-04 | grad=5.48e-01 | 1.1s
[   161] loss=-0.8624 | res=3.38e-04 | grad=3.68e-01 | 1.1s
[   162] loss=-0.7871 | res=3.39e-05 | grad=1.87e-01 | 1.1s
[   163] loss=-0.8555 | res=4.35e-04 | grad=5.06e-01 | 1.1s
[   164] loss=-0.8181 | res=3.91e-04 | grad=5.13e-01 | 1.1s
[   165] loss=-0.8304 | res=1.43e-04 | grad=3.75e-01 | 1.1s
[   166] loss=-0.8496 | res=6.39e-05 | grad=2.08e-01 | 1.1s
[   167] loss=-0.7370 | res=1.40e-04 | grad=4.44e-01 | 1.1s
[   168] loss=-0.8121 | res=3.66e-04 | grad=6.50e-01 | 1.1s
[   169] loss=-0.8065 | res=5.66e-04 | grad=1.50e-01 | 1.0s
[   170] loss=-0.8366 | res=6.29e-04 | grad=2.67e-01 | 1.0s
[   171] loss=-0.8059 | res=5.06e-04 | grad=5.15e-01 | 1.0s
[   172] loss=-0.8224 | res=1.07e-04 | grad=2.09e-01 | 1.0s
[   173] loss=-0.7710 | res=8.69e-04 | grad=1.77e-01 | 0.9s
[   174] loss=-0.8982 | res=2.58e-04 | grad=5.06e-01 | 1.0s
[   175] loss=-0.7075 | res=3.31e-04 | grad=6.57e-01 | 0.9s
[   176] loss=-0.7812 | res=7.40e-05 | grad=1.57e-01 | 0.9s
[   177] loss=-0.9201 | res=8.32e-05 | grad=4.16e-01 | 1.0s
[   178] loss=-0.8518 | res=1.98e-04 | grad=8.02e-01 | 1.0s
[   179] loss=-0.8163 | res=2.22e-04 | grad=1.91e-01 | 1.1s
[   180] loss=-0.8412 | res=1.55e-04 | grad=4.33e-01 | 1.1s
[   181] loss=-0.8472 | res=6.63e-04 | grad=5.94e-01 | 1.1s
[   182] loss=-0.8268 | res=1.31e-03 | grad=4.20e-01 | 1.1s
[   183] loss=-0.7310 | res=4.00e-04 | grad=4.35e-01 | 1.1s
[   184] loss=-0.8258 | res=4.21e-04 | grad=2.07e-01 | 1.1s
[   185] loss=-0.8237 | res=1.69e-04 | grad=3.16e-01 | 1.1s
[   186] loss=-0.8192 | res=4.17e-04 | grad=6.64e-01 | 1.1s
[   187] loss=-0.8404 | res=6.67e-05 | grad=9.21e-01 | 1.1s
[   188] loss=-0.9235 | res=1.95e-04 | grad=4.56e-01 | 1.0s
[   189] loss=-0.8992 | res=3.31e-04 | grad=4.40e-01 | 1.1s
[   190] loss=-0.8692 | res=9.82e-09 | grad=4.38e-01 | 1.1s
[   191] loss=-0.8235 | res=2.11e-04 | grad=4.80e-01 | 1.1s
[   192] loss=-0.8777 | res=2.89e-04 | grad=3.66e-01 | 1.1s
[   193] loss=-0.8631 | res=5.28e-04 | grad=5.13e-01 | 1.1s
[   194] loss=-0.9024 | res=3.90e-04 | grad=4.24e-01 | 1.1s
[   195] loss=-0.8967 | res=6.50e-05 | grad=3.37e-01 | 1.1s
[   196] loss=-0.8458 | res=3.79e-04 | grad=6.31e-01 | 1.1s
[   197] loss=-0.7932 | res=8.52e-05 | grad=6.33e-01 | 1.1s
[   198] loss=-0.8270 | res=1.33e-04 | grad=4.84e-01 | 1.1s
[   199] loss=-0.6644 | res=6.44e-04 | grad=9.31e-01 | 1.1s
[   200] loss=-0.8610 | res=5.24e-04 | grad=1.93e-01 | 1.1s
[   201] loss=-0.8245 | res=1.26e-03 | grad=3.33e-01 | 1.1s
[   202] loss=-0.8122 | res=3.28e-04 | grad=5.18e-01 | 1.1s
[   203] loss=-0.8760 | res=5.24e-04 | grad=3.69e-01 | 1.1s
[   204] loss=-0.8321 | res=1.78e-04 | grad=4.52e-01 | 1.1s
[   205] loss=-0.8807 | res=5.69e-09 | grad=4.50e-01 | 1.1s
[   206] loss=-0.8175 | res=6.23e-09 | grad=4.47e-01 | 1.1s
[   207] loss=-0.8668 | res=5.48e-04 | grad=6.88e-01 | 1.1s
[   208] loss=-0.8767 | res=4.62e-04 | grad=5.13e-01 | 1.1s
[   209] loss=-0.7594 | res=1.34e-04 | grad=4.80e-01 | 1.0s
[   210] loss=-0.8668 | res=1.09e-04 | grad=5.12e-01 | 1.0s
[   211] loss=-0.7975 | res=3.57e-04 | grad=3.38e-01 | 1.0s
[   212] loss=-0.7476 | res=2.88e-04 | grad=3.25e-01 | 1.0s
[   213] loss=-0.8179 | res=5.24e-04 | grad=6.03e-01 | 1.0s
[   214] loss=-0.9024 | res=5.16e-04 | grad=2.43e-01 | 1.0s
[   215] loss=-0.8154 | res=2.84e-04 | grad=4.71e-01 | 1.0s
[   216] loss=-0.8520 | res=2.70e-04 | grad=3.30e-01 | 1.1s
[   217] loss=-0.8007 | res=2.26e-04 | grad=4.52e-01 | 1.1s
[   218] loss=-0.9195 | res=3.43e-04 | grad=4.16e-01 | 1.0s
[   219] loss=-0.8955 | res=3.49e-04 | grad=4.84e-01 | 1.1s
[   220] loss=-0.9021 | res=2.20e-04 | grad=4.38e-01 | 1.1s
[   221] loss=-0.8220 | res=3.07e-04 | grad=3.23e-01 | 1.1s
[   222] loss=-0.8425 | res=2.23e-04 | grad=4.59e-01 | 1.1s
[   223] loss=-0.8238 | res=5.07e-04 | grad=2.26e-01 | 1.1s
[   224] loss=-0.8727 | res=3.77e-04 | grad=3.91e-01 | 1.1s
[   225] loss=-0.8497 | res=6.61e-05 | grad=2.30e-01 | 1.0s
[   226] loss=-0.8425 | res=1.80e-04 | grad=3.54e-01 | 1.1s
[   227] loss=-0.7857 | res=3.01e-04 | grad=4.08e-01 | 1.1s
[   228] loss=-0.7493 | res=2.33e-04 | grad=5.49e-01 | 1.1s
[   229] loss=-0.9201 | res=4.72e-04 | grad=4.61e-01 | 1.0s
[   230] loss=-0.7340 | res=5.53e-04 | grad=3.03e-01 | 1.0s
[   231] loss=-0.8224 | res=1.41e-04 | grad=5.82e-01 | 1.0s
[   232] loss=-0.8316 | res=7.46e-05 | grad=3.19e-01 | 1.0s
[   233] loss=-0.8568 | res=5.58e-05 | grad=3.16e-01 | 1.0s
[   234] loss=-0.8664 | res=1.01e-04 | grad=7.02e-01 | 1.0s
[   235] loss=-0.8046 | res=3.60e-04 | grad=1.03e-01 | 1.0s
[   236] loss=-0.8215 | res=5.46e-04 | grad=2.48e-01 | 1.1s
[   237] loss=-0.7719 | res=2.46e-04 | grad=3.51e-01 | 1.1s
[   238] loss=-0.8039 | res=7.40e-04 | grad=1.98e-01 | 1.1s
[   239] loss=-0.8210 | res=4.65e-04 | grad=5.25e-01 | 1.1s
[   240] loss=-0.8234 | res=2.63e-04 | grad=2.08e-01 | 1.1s
[   241] loss=-0.8698 | res=3.08e-04 | grad=2.47e-01 | 1.1s
[   242] loss=-0.8056 | res=8.89e-05 | grad=3.56e-01 | 1.1s
[   243] loss=-0.8361 | res=1.41e-09 | grad=3.06e-01 | 1.1s
[   244] loss=-0.9101 | res=4.58e-04 | grad=2.98e-01 | 1.1s
[   245] loss=-0.8648 | res=1.11e-04 | grad=5.43e-01 | 1.1s
[   246] loss=-0.7913 | res=3.48e-04 | grad=3.68e-01 | 1.1s
[   247] loss=-0.8180 | res=3.14e-04 | grad=3.55e-01 | 1.1s
[   248] loss=-0.8223 | res=5.50e-04 | grad=2.39e-01 | 1.1s
[   249] loss=-0.8547 | res=1.11e-04 | grad=1.75e-01 | 1.0s
[   250] loss=-0.7007 | res=1.23e-04 | grad=6.69e-01 | 1.0s
[   251] loss=-0.8463 | res=4.13e-04 | grad=2.32e-01 | 1.0s
[   252] loss=-0.7335 | res=4.48e-04 | grad=5.65e-01 | 1.0s
[   253] loss=-0.8537 | res=5.29e-04 | grad=3.38e-01 | 1.0s
[   254] loss=-0.8680 | res=3.07e-04 | grad=4.53e-01 | 1.0s
[   255] loss=-0.8175 | res=1.39e-04 | grad=8.54e-02 | 1.0s
[   256] loss=-0.8125 | res=3.70e-04 | grad=4.54e-01 | 1.0s
[   257] loss=-0.9810 | res=2.97e-04 | grad=9.25e-01 | 1.1s
[   258] loss=-0.8553 | res=5.28e-04 | grad=6.55e-01 | 1.1s
[   259] loss=-0.7689 | res=2.98e-04 | grad=3.42e-01 | 1.1s
[   260] loss=-0.8910 | res=4.97e-04 | grad=4.00e-01 | 1.1s
[   261] loss=-0.7570 | res=7.71e-04 | grad=5.42e-01 | 1.1s
[   262] loss=-0.8401 | res=5.36e-04 | grad=3.24e-01 | 1.1s
[   263] loss=-0.8180 | res=2.18e-04 | grad=4.23e-01 | 1.1s
[   264] loss=-0.7927 | res=7.67e-04 | grad=3.21e-01 | 1.1s
[   265] loss=-0.9644 | res=4.93e-05 | grad=3.52e-01 | 1.0s
[   266] loss=-0.7834 | res=7.13e-05 | grad=5.27e-01 | 1.1s
[   267] loss=-0.7348 | res=8.06e-04 | grad=6.89e-01 | 1.1s
[   268] loss=-0.8131 | res=7.31e-04 | grad=1.66e-01 | 1.1s
[   269] loss=-0.8420 | res=3.78e-04 | grad=2.62e-01 | 1.1s
[   270] loss=-0.8709 | res=3.99e-04 | grad=4.20e-01 | 1.1s
[   271] loss=-0.8834 | res=4.28e-04 | grad=6.14e-01 | 1.1s
[   272] loss=-0.8486 | res=3.82e-04 | grad=2.22e-01 | 1.1s
[   273] loss=-0.8325 | res=2.52e-04 | grad=1.94e-01 | 1.1s
[   274] loss=-0.8074 | res=3.67e-04 | grad=4.58e-01 | 1.1s
[   275] loss=-0.8243 | res=1.88e-04 | grad=3.13e-01 | 1.1s
[   276] loss=-0.8285 | res=6.16e-05 | grad=2.87e-01 | 1.1s
[   277] loss=-0.8441 | res=2.87e-04 | grad=4.19e-01 | 1.1s
[   278] loss=-0.8399 | res=3.26e-04 | grad=2.09e-01 | 1.1s
[   279] loss=-0.8522 | res=5.90e-05 | grad=1.23e-01 | 1.1s
[   280] loss=-0.7931 | res=2.27e-04 | grad=3.69e-01 | 1.1s
[   281] loss=-0.8883 | res=2.72e-04 | grad=3.27e-01 | 1.1s
[   282] loss=-0.8397 | res=3.22e-04 | grad=3.09e-01 | 1.1s
[   283] loss=-0.7796 | res=1.89e-04 | grad=3.07e-01 | 1.1s
[   284] loss=-0.8253 | res=6.04e-05 | grad=2.07e-01 | 1.1s
[   285] loss=-0.8836 | res=2.30e-04 | grad=2.44e-01 | 1.1s
[   286] loss=-0.8424 | res=4.28e-04 | grad=8.26e-02 | 1.1s
[   287] loss=-0.7756 | res=2.54e-04 | grad=3.70e-01 | 1.1s
[   288] loss=-0.8404 | res=4.60e-04 | grad=1.38e-01 | 1.0s
[   289] loss=-0.8201 | res=3.11e-04 | grad=4.18e-01 | 1.0s
[   290] loss=-0.8515 | res=2.37e-04 | grad=1.85e-01 | 1.0s
[   291] loss=-0.7326 | res=1.19e-04 | grad=5.74e-01 | 1.0s
[   292] loss=-0.8868 | res=3.05e-04 | grad=5.83e-01 | 1.0s
[   293] loss=-0.8740 | res=3.23e-04 | grad=4.10e-01 | 1.0s
[   294] loss=-0.8699 | res=3.03e-04 | grad=1.30e-01 | 1.0s
[   295] loss=-0.8235 | res=5.75e-04 | grad=1.77e-01 | 1.0s
[   296] loss=-0.8180 | res=1.03e-04 | grad=1.18e-01 | 1.0s
[   297] loss=-0.7895 | res=8.23e-04 | grad=2.45e-01 | 1.0s
[   298] loss=-0.7625 | res=3.92e-04 | grad=2.97e-01 | 1.0s
[   299] loss=-0.8327 | res=1.98e-04 | grad=2.53e-01 | 1.0s
[   300] loss=-0.7805 | res=3.48e-04 | grad=3.63e-01 | 1.0s
[   301] loss=-0.8135 | res=4.93e-04 | grad=3.38e-01 | 1.0s
[   302] loss=-0.8362 | res=2.79e-04 | grad=1.59e-01 | 1.0s
[   303] loss=-0.8356 | res=1.12e-04 | grad=3.44e-01 | 1.0s
[   304] loss=-0.8806 | res=2.42e-05 | grad=2.20e-01 | 1.0s
[   305] loss=-0.8704 | res=3.32e-04 | grad=4.64e-01 | 1.0s
[   306] loss=-0.9095 | res=3.96e-04 | grad=5.66e-01 | 1.0s
[   307] loss=-0.8787 | res=5.63e-04 | grad=4.03e-01 | 1.0s
[   308] loss=-0.7924 | res=1.68e-04 | grad=3.59e-01 | 1.0s
[   309] loss=-0.7332 | res=3.10e-04 | grad=6.33e-01 | 1.1s
[   310] loss=-0.8548 | res=5.69e-04 | grad=1.69e-01 | 1.1s
[   311] loss=-0.9417 | res=1.97e-04 | grad=4.64e-01 | 1.1s
[   312] loss=-0.8452 | res=8.86e-04 | grad=2.88e-01 | 1.1s
[   313] loss=-0.7587 | res=1.52e-04 | grad=5.72e-01 | 1.1s
[   314] loss=-0.7920 | res=4.50e-04 | grad=3.39e-01 | 1.1s
[   315] loss=-0.8025 | res=1.76e-04 | grad=2.68e-01 | 1.1s
[   316] loss=-0.8193 | res=1.65e-04 | grad=3.39e-01 | 1.1s
[   317] loss=-0.8860 | res=5.48e-04 | grad=7.89e-01 | 1.1s
[   318] loss=-0.7125 | res=8.98e-04 | grad=2.38e-01 | 1.1s
[   319] loss=-0.8011 | res=1.77e-04 | grad=1.73e-01 | 1.1s
[   320] loss=-0.8263 | res=2.92e-04 | grad=4.98e-01 | 1.1s
[   321] loss=-0.9184 | res=2.31e-04 | grad=8.05e-01 | 1.1s
[   322] loss=-0.7992 | res=2.54e-04 | grad=1.12e-01 | 1.1s
[   323] loss=-0.7412 | res=5.77e-05 | grad=2.09e-01 | 1.1s
[   324] loss=-0.8424 | res=2.24e-04 | grad=1.25e-01 | 1.1s
[   325] loss=-0.8777 | res=4.38e-04 | grad=6.31e-01 | 1.1s
[   326] loss=-0.8897 | res=2.31e-04 | grad=1.88e-01 | 1.1s
[   327] loss=-0.9075 | res=1.84e-04 | grad=3.44e-01 | 1.1s
[   328] loss=-0.8282 | res=3.34e-09 | grad=6.05e-01 | 1.1s
[   329] loss=-0.8125 | res=5.28e-05 | grad=3.68e-01 | 1.1s
[   330] loss=-0.8516 | res=2.56e-04 | grad=3.07e-01 | 1.1s
[   331] loss=-0.8322 | res=2.53e-04 | grad=3.74e-01 | 1.1s
[   332] loss=-0.8736 | res=2.18e-04 | grad=2.60e-01 | 1.1s
[   333] loss=-0.9422 | res=6.11e-05 | grad=5.80e-01 | 1.1s
[   334] loss=-0.8293 | res=3.21e-04 | grad=1.82e-01 | 1.1s
[   335] loss=-0.8286 | res=1.49e-04 | grad=2.42e-01 | 1.1s
[   336] loss=-0.7571 | res=2.55e-04 | grad=5.02e-01 | 1.1s
[   337] loss=-0.8997 | res=1.08e-04 | grad=2.35e-01 | 1.1s
[   338] loss=-0.8084 | res=7.16e-05 | grad=5.63e-01 | 1.1s
[   339] loss=-0.7448 | res=5.78e-04 | grad=4.46e-01 | 1.1s
[   340] loss=-0.8783 | res=3.28e-09 | grad=6.77e-01 | 1.1s
[   341] loss=-0.8812 | res=1.68e-04 | grad=7.20e-01 | 1.1s
[   342] loss=-0.8731 | res=2.11e-04 | grad=2.72e-01 | 1.1s
[   343] loss=-0.8796 | res=2.36e-04 | grad=3.70e-01 | 1.1s
[   344] loss=-0.8642 | res=1.85e-04 | grad=1.19e-01 | 1.1s
[   345] loss=-0.9008 | res=4.18e-04 | grad=2.15e-01 | 1.1s
[   346] loss=-0.8393 | res=2.71e-04 | grad=2.45e-01 | 1.1s
[   347] loss=-0.7883 | res=3.63e-04 | grad=3.19e-01 | 1.1s
[   348] loss=-0.8574 | res=3.26e-04 | grad=3.39e-01 | 1.1s
[   349] loss=-0.8286 | res=6.83e-05 | grad=6.10e-01 | 1.1s
[   350] loss=-0.8165 | res=5.48e-04 | grad=2.34e-01 | 1.1s
[   351] loss=-0.9647 | res=2.33e-04 | grad=4.63e-01 | 1.1s
[   352] loss=-0.8040 | res=1.31e-04 | grad=3.12e-01 | 1.1s
[   353] loss=-0.7004 | res=6.35e-05 | grad=6.35e-01 | 1.1s
[   354] loss=-0.9277 | res=7.30e-05 | grad=3.48e-01 | 1.1s
[   355] loss=-0.7847 | res=3.21e-04 | grad=2.34e-01 | 1.1s
[   356] loss=-0.8685 | res=1.17e-08 | grad=2.76e-01 | 1.1s
[   357] loss=-0.9142 | res=3.16e-04 | grad=5.60e-01 | 1.1s
[   358] loss=-0.8620 | res=2.90e-04 | grad=1.94e-01 | 1.1s
[   359] loss=-0.8313 | res=1.82e-04 | grad=2.85e-01 | 1.1s
[   360] loss=-0.7563 | res=1.84e-04 | grad=5.23e-01 | 1.1s
[   361] loss=-0.9190 | res=1.60e-04 | grad=1.92e-01 | 1.1s
[   362] loss=-0.9078 | res=3.74e-04 | grad=5.82e-01 | 1.1s
[   363] loss=-0.8377 | res=3.02e-04 | grad=3.68e-01 | 1.1s
[   364] loss=-0.8065 | res=1.48e-04 | grad=3.25e-01 | 1.1s
[   365] loss=-0.8264 | res=6.67e-04 | grad=1.19e-01 | 1.1s
[   366] loss=-0.7911 | res=5.14e-04 | grad=3.58e-01 | 1.1s
[   367] loss=-0.8415 | res=2.13e-04 | grad=2.37e-01 | 1.1s
[   368] loss=-0.8797 | res=2.02e-04 | grad=5.09e-01 | 1.1s
[   369] loss=-0.7857 | res=6.53e-04 | grad=4.56e-01 | 1.1s
[   370] loss=-0.7660 | res=1.85e-04 | grad=3.47e-01 | 1.1s
[   371] loss=-0.8087 | res=2.45e-04 | grad=3.89e-01 | 1.1s
[   372] loss=-0.7947 | res=3.53e-04 | grad=2.81e-01 | 1.1s
[   373] loss=-0.9044 | res=1.24e-04 | grad=6.06e-01 | 1.1s
[   374] loss=-0.8137 | res=1.09e-04 | grad=4.25e-01 | 1.1s
[   375] loss=-0.8118 | res=1.36e-08 | grad=1.90e-01 | 1.1s
[   376] loss=-0.8015 | res=1.25e-04 | grad=2.73e-01 | 1.1s
[   377] loss=-0.8565 | res=1.58e-04 | grad=4.43e-01 | 1.1s
[   378] loss=-0.8924 | res=9.45e-05 | grad=4.18e-01 | 1.1s
[   379] loss=-0.7178 | res=4.80e-04 | grad=6.83e-01 | 1.1s
[   380] loss=-0.8353 | res=8.90e-05 | grad=2.74e-01 | 1.1s
[   381] loss=-0.7902 | res=1.60e-04 | grad=4.22e-01 | 1.1s
[   382] loss=-0.8410 | res=1.31e-04 | grad=2.67e-01 | 1.1s
[   383] loss=-0.8087 | res=2.07e-04 | grad=1.90e-01 | 1.1s
[   384] loss=-0.9005 | res=4.77e-04 | grad=5.51e-01 | 1.0s
[   385] loss=-0.8584 | res=1.37e-04 | grad=1.22e-01 | 1.0s
[   386] loss=-0.8387 | res=3.50e-04 | grad=1.98e-01 | 1.0s
[   387] loss=-0.7474 | res=1.56e-04 | grad=4.30e-01 | 1.0s
[   388] loss=-0.7525 | res=6.38e-05 | grad=6.14e-01 | 1.0s
[   389] loss=-0.8521 | res=2.77e-04 | grad=2.79e-01 | 1.0s
[   390] loss=-0.8750 | res=1.06e-04 | grad=7.20e-01 | 1.0s
[   391] loss=-0.8115 | res=3.15e-04 | grad=2.73e-01 | 1.1s
[   392] loss=-0.8207 | res=2.39e-04 | grad=4.06e-01 | 1.1s
[   393] loss=-0.8662 | res=1.56e-04 | grad=6.49e-01 | 1.1s
[   394] loss=-0.9286 | res=1.11e-15 | grad=5.27e-01 | 1.1s
[   395] loss=-0.8667 | res=8.31e-05 | grad=7.23e-01 | 1.1s
[   396] loss=-0.8182 | res=8.53e-10 | grad=1.57e-01 | 1.1s
[   397] loss=-0.8725 | res=1.25e-04 | grad=5.86e-01 | 1.1s
[   398] loss=-0.7965 | res=5.08e-04 | grad=3.42e-01 | 1.1s
[   399] loss=-0.8024 | res=6.89e-04 | grad=5.02e-01 | 1.1s
[   400] loss=-0.8123 | res=1.08e-03 | grad=5.39e-01 | 1.1s
[   401] loss=-0.7568 | res=1.14e-04 | grad=6.72e-01 | 1.1s
[   402] loss=-0.9062 | res=1.40e-04 | grad=5.87e-01 | 1.1s
[   403] loss=-0.7901 | res=2.00e-04 | grad=3.50e-01 | 1.1s
[   404] loss=-0.8850 | res=1.28e-04 | grad=4.19e-01 | 1.1s
[   405] loss=-0.8850 | res=1.33e-04 | grad=4.79e-01 | 1.1s
[   406] loss=-0.8438 | res=5.45e-05 | grad=6.42e-01 | 1.1s
[   407] loss=-0.7690 | res=1.31e-04 | grad=5.12e-01 | 1.1s
[   408] loss=-0.8165 | res=3.96e-04 | grad=4.40e-01 | 1.1s
[   409] loss=-0.8623 | res=2.12e-04 | grad=4.17e-01 | 1.1s
[   410] loss=-0.9410 | res=2.07e-08 | grad=6.75e-01 | 1.0s
[   411] loss=-0.9180 | res=1.83e-04 | grad=5.16e-01 | 1.0s
[   412] loss=-0.7716 | res=3.77e-04 | grad=5.34e-01 | 1.0s
[   413] loss=-0.8356 | res=9.84e-09 | grad=2.97e-01 | 1.0s
[   414] loss=-0.9220 | res=1.54e-04 | grad=4.02e-01 | 1.0s
[   415] loss=-0.8614 | res=3.85e-04 | grad=1.39e-01 | 1.0s
[   416] loss=-0.8574 | res=8.35e-04 | grad=4.73e-01 | 1.0s
[   417] loss=-0.8887 | res=1.17e-04 | grad=2.42e-01 | 1.0s
[   418] loss=-0.8001 | res=5.46e-04 | grad=5.45e-01 | 1.0s
[   419] loss=-0.8824 | res=5.61e-04 | grad=1.25e-01 | 1.0s
[   420] loss=-0.8278 | res=3.11e-04 | grad=3.11e-01 | 1.0s
[   421] loss=-0.9067 | res=4.58e-04 | grad=2.66e-01 | 1.0s
[   422] loss=-0.7520 | res=1.25e-04 | grad=3.92e-01 | 1.0s
[   423] loss=-0.9254 | res=5.75e-05 | grad=4.22e-01 | 1.0s
[   424] loss=-0.8133 | res=3.18e-04 | grad=2.58e-01 | 1.0s
[   425] loss=-0.8385 | res=3.22e-04 | grad=3.05e-01 | 1.1s
[   426] loss=-0.8307 | res=4.20e-04 | grad=2.72e-01 | 1.1s
[   427] loss=-0.9142 | res=3.85e-04 | grad=5.07e-01 | 1.1s
[   428] loss=-0.8193 | res=6.89e-04 | grad=3.47e-01 | 1.1s
[   429] loss=-0.8283 | res=7.55e-09 | grad=2.29e-01 | 1.1s
[   430] loss=-0.8728 | res=7.29e-05 | grad=2.40e-01 | 1.1s
[   431] loss=-0.8018 | res=4.05e-04 | grad=2.65e-01 | 1.0s
[   432] loss=-0.7455 | res=5.93e-09 | grad=1.41e-01 | 1.0s
[   433] loss=-0.8572 | res=5.57e-04 | grad=4.83e-01 | 1.0s
[   434] loss=-0.8269 | res=2.67e-04 | grad=3.32e-01 | 1.0s
[   435] loss=-0.8592 | res=2.14e-04 | grad=1.84e-01 | 1.0s
[   436] loss=-0.8890 | res=3.16e-04 | grad=3.31e-01 | 1.0s
[   437] loss=-0.8023 | res=4.19e-04 | grad=3.15e-01 | 1.0s
[   438] loss=-0.8081 | res=6.66e-05 | grad=3.57e-01 | 1.0s
[   439] loss=-0.7831 | res=2.88e-04 | grad=4.62e-01 | 1.0s
[   440] loss=-0.8318 | res=8.36e-04 | grad=3.44e-01 | 1.0s
[   441] loss=-0.8316 | res=1.52e-04 | grad=1.67e-01 | 1.0s
[   442] loss=-0.8384 | res=2.77e-04 | grad=5.39e-01 | 1.0s
[   443] loss=-0.9195 | res=3.38e-04 | grad=4.52e-01 | 1.0s
[   444] loss=-0.8717 | res=4.12e-04 | grad=5.55e-01 | 1.0s
[   445] loss=-0.8589 | res=3.38e-04 | grad=3.27e-01 | 1.1s
[   446] loss=-0.8543 | res=7.38e-05 | grad=5.42e-01 | 1.1s
[   447] loss=-0.8538 | res=1.21e-04 | grad=1.18e-01 | 1.1s
[   448] loss=-0.8400 | res=6.43e-04 | grad=5.15e-01 | 1.1s
[   449] loss=-0.7442 | res=4.22e-04 | grad=7.74e-01 | 1.1s
[   450] loss=-0.8136 | res=3.09e-04 | grad=4.91e-01 | 1.1s
[   451] loss=-0.8300 | res=1.74e-04 | grad=4.24e-01 | 1.1s
[   452] loss=-0.7443 | res=3.08e-04 | grad=6.35e-01 | 1.1s
[   453] loss=-0.7439 | res=4.01e-04 | grad=6.38e-01 | 1.1s
[   454] loss=-0.7142 | res=6.34e-05 | grad=1.33e-01 | 1.1s
[   455] loss=-0.8584 | res=3.04e-04 | grad=4.13e-01 | 1.1s
[   456] loss=-0.8806 | res=4.80e-04 | grad=7.07e-01 | 1.1s
[   457] loss=-0.7800 | res=4.85e-04 | grad=4.81e-01 | 1.1s
[   458] loss=-0.8777 | res=2.02e-04 | grad=9.04e-01 | 1.1s
[   459] loss=-0.9245 | res=1.27e-04 | grad=7.22e-01 | 1.1s
[   460] loss=-0.9588 | res=9.08e-05 | grad=9.92e-01 | 1.1s
[   461] loss=-0.8061 | res=5.19e-04 | grad=3.74e-01 | 1.1s
[   462] loss=-0.8325 | res=2.61e-04 | grad=7.04e-01 | 1.1s
[   463] loss=-0.8295 | res=5.04e-04 | grad=5.90e-01 | 1.1s
[   464] loss=-0.8224 | res=1.28e-04 | grad=7.27e-01 | 1.1s
[   465] loss=-0.8972 | res=2.87e-04 | grad=3.64e-01 | 1.1s
[   466] loss=-0.9001 | res=4.30e-04 | grad=3.20e-01 | 1.1s
[   467] loss=-0.8154 | res=1.84e-04 | grad=4.93e-01 | 1.1s
[   468] loss=-0.7411 | res=1.59e-04 | grad=3.31e-01 | 1.1s
[   469] loss=-0.7803 | res=1.97e-04 | grad=4.62e-01 | 1.1s
[   470] loss=-0.8585 | res=8.03e-09 | grad=3.00e-01 | 1.1s
[   471] loss=-0.9010 | res=3.69e-04 | grad=4.30e-01 | 1.1s
[   472] loss=-0.9020 | res=3.29e-09 | grad=4.80e-01 | 1.1s
[   473] loss=-0.8181 | res=5.52e-04 | grad=1.10e-01 | 1.1s
[   474] loss=-0.7706 | res=2.37e-04 | grad=2.82e-01 | 1.1s
[   475] loss=-0.8527 | res=2.07e-04 | grad=4.64e-01 | 1.1s
[   476] loss=-0.8316 | res=3.87e-04 | grad=2.27e-01 | 1.1s
[   477] loss=-0.8841 | res=4.19e-04 | grad=2.65e-01 | 1.1s
[   478] loss=-0.8024 | res=6.10e-05 | grad=1.90e-01 | 1.1s
[   479] loss=-0.9221 | res=7.07e-04 | grad=3.97e-01 | 1.1s
[   480] loss=-0.8818 | res=2.19e-04 | grad=3.82e-01 | 1.1s
[   481] loss=-0.8074 | res=3.70e-04 | grad=3.27e-01 | 1.1s
[   482] loss=-0.8650 | res=9.05e-05 | grad=1.76e-01 | 1.1s
[   483] loss=-0.8493 | res=3.18e-04 | grad=1.52e-01 | 1.1s
[   484] loss=-0.8944 | res=8.03e-09 | grad=1.27e-01 | 1.1s
[   485] loss=-0.8141 | res=1.28e-05 | grad=2.08e-01 | 1.1s
[   486] loss=-0.8185 | res=2.67e-04 | grad=3.51e-01 | 1.1s
[   487] loss=-0.8304 | res=2.59e-04 | grad=1.68e-01 | 1.1s
[   488] loss=-0.8795 | res=2.59e-04 | grad=2.20e-01 | 1.1s
[   489] loss=-0.8401 | res=1.40e-14 | grad=1.86e-01 | 1.1s
[   490] loss=-0.8148 | res=5.45e-04 | grad=1.65e-01 | 1.1s
[   491] loss=-0.8330 | res=9.42e-04 | grad=1.65e-01 | 1.1s
[   492] loss=-0.9279 | res=1.12e-08 | grad=4.29e-01 | 1.1s
[   493] loss=-0.8968 | res=5.70e-05 | grad=2.26e-01 | 1.1s
[   494] loss=-0.7605 | res=2.57e-04 | grad=4.74e-01 | 1.1s
[   495] loss=-0.8746 | res=9.45e-09 | grad=2.71e-01 | 1.1s
[   496] loss=-0.9218 | res=2.92e-04 | grad=3.90e-01 | 1.1s
[   497] loss=-0.8558 | res=1.27e-04 | grad=1.39e-01 | 1.1s
[   498] loss=-0.8131 | res=2.35e-04 | grad=1.70e-01 | 1.1s
[   499] loss=-0.8790 | res=7.21e-05 | grad=3.81e-01 | 1.1s
[   500] loss=-0.9809 | res=2.12e-04 | grad=5.66e-01 | 1.1s
[   501] loss=-0.9581 | res=2.19e-04 | grad=3.41e-01 | 1.1s
[   502] loss=-0.9405 | res=9.90e-05 | grad=3.77e-01 | 1.1s
[   503] loss=-0.8838 | res=4.00e-04 | grad=3.01e-01 | 1.1s
[   504] loss=-0.8172 | res=9.93e-05 | grad=6.74e-01 | 1.1s
[   505] loss=-0.8463 | res=2.01e-04 | grad=6.29e-01 | 1.1s
[   506] loss=-0.8429 | res=2.55e-08 | grad=5.37e-01 | 1.1s
[   507] loss=-0.7742 | res=1.51e-04 | grad=5.20e-01 | 1.1s
[   508] loss=-0.8546 | res=1.95e-04 | grad=4.06e-01 | 1.1s
[   509] loss=-0.8146 | res=8.47e-05 | grad=3.84e-01 | 1.1s
[   510] loss=-0.8143 | res=3.88e-04 | grad=2.83e-01 | 1.1s
[   511] loss=-0.8521 | res=2.25e-04 | grad=5.17e-01 | 1.1s
[   512] loss=-0.8260 | res=3.56e-04 | grad=2.70e-01 | 1.1s
[   513] loss=-0.7967 | res=1.19e-04 | grad=3.15e-01 | 1.1s
[   514] loss=-0.6871 | res=3.28e-04 | grad=3.54e-01 | 1.1s
[   515] loss=-0.7768 | res=1.70e-04 | grad=1.53e-01 | 1.1s
[   516] loss=-0.7869 | res=3.35e-04 | grad=4.86e-01 | 1.1s
[   517] loss=-0.8186 | res=3.00e-04 | grad=5.36e-01 | 1.1s
[   518] loss=-0.7437 | res=5.52e-09 | grad=1.85e-01 | 1.1s
[   519] loss=-0.9288 | res=1.06e-04 | grad=5.48e-01 | 1.1s
[   520] loss=-0.7762 | res=2.16e-04 | grad=2.16e-01 | 1.0s
[   521] loss=-0.8531 | res=6.17e-05 | grad=1.94e-01 | 1.0s
[   522] loss=-0.8408 | res=6.57e-04 | grad=3.72e-01 | 1.0s
[   523] loss=-0.8142 | res=2.73e-04 | grad=4.62e-01 | 1.0s
[   524] loss=-0.8617 | res=2.34e-04 | grad=3.47e-01 | 1.0s
[   525] loss=-0.8254 | res=2.41e-04 | grad=3.34e-01 | 1.0s
[   526] loss=-0.7717 | res=2.18e-04 | grad=1.89e-01 | 1.0s
[   527] loss=-0.8868 | res=5.71e-05 | grad=4.44e-01 | 1.1s
[   528] loss=-0.8137 | res=3.47e-04 | grad=1.59e-01 | 1.1s
[   529] loss=-0.8807 | res=1.38e-08 | grad=4.80e-01 | 1.1s
[   530] loss=-0.8347 | res=1.99e-04 | grad=1.49e-01 | 1.1s
[   531] loss=-0.8989 | res=2.92e-04 | grad=3.25e-01 | 1.1s
[   532] loss=-0.8836 | res=1.22e-08 | grad=2.32e-01 | 1.1s
[   533] loss=-0.7984 | res=1.37e-04 | grad=2.19e-01 | 1.1s
[   534] loss=-0.8258 | res=1.74e-13 | grad=1.62e-01 | 1.1s
[   535] loss=-0.8878 | res=3.30e-04 | grad=2.48e-01 | 1.1s
[   536] loss=-0.8166 | res=7.64e-09 | grad=1.64e-01 | 1.1s
[   537] loss=-0.8804 | res=2.05e-04 | grad=8.54e-02 | 1.1s
[   538] loss=-0.8352 | res=2.80e-04 | grad=2.37e-01 | 1.1s
[   539] loss=-0.7864 | res=3.19e-05 | grad=4.29e-01 | 1.1s
[   540] loss=-0.8914 | res=6.32e-04 | grad=4.35e-01 | 1.1s
[   541] loss=-0.9140 | res=2.35e-04 | grad=4.70e-01 | 1.1s
[   542] loss=-0.7947 | res=1.60e-04 | grad=2.22e-01 | 1.1s
[   543] loss=-0.8673 | res=1.32e-04 | grad=3.40e-01 | 1.1s
[   544] loss=-0.8053 | res=4.23e-04 | grad=3.50e-01 | 1.1s
[   545] loss=-0.8987 | res=2.94e-05 | grad=3.41e-01 | 1.1s
[   546] loss=-0.7987 | res=2.15e-04 | grad=1.59e-01 | 1.1s
[   547] loss=-0.8781 | res=3.20e-04 | grad=3.47e-01 | 1.1s
[   548] loss=-0.8015 | res=2.01e-04 | grad=5.54e-01 | 1.1s
[   549] loss=-0.7986 | res=5.69e-04 | grad=1.62e-01 | 1.1s
[   550] loss=-0.7823 | res=6.47e-05 | grad=3.53e-01 | 1.1s
[   551] loss=-0.7888 | res=2.95e-04 | grad=2.38e-01 | 1.1s
[   552] loss=-0.8275 | res=1.94e-04 | grad=4.55e-01 | 1.1s
[   553] loss=-0.8243 | res=3.38e-04 | grad=6.50e-01 | 1.1s
[   554] loss=-0.8637 | res=2.23e-04 | grad=4.51e-01 | 1.1s
[   555] loss=-0.7966 | res=3.33e-04 | grad=4.98e-01 | 1.1s
[   556] loss=-0.8616 | res=6.89e-09 | grad=2.77e-01 | 1.1s
[   557] loss=-0.7702 | res=1.40e-04 | grad=4.76e-01 | 1.1s
[   558] loss=-0.8432 | res=6.11e-04 | grad=2.39e-01 | 1.1s
[   559] loss=-0.7966 | res=1.11e-04 | grad=2.72e-01 | 1.1s
[   560] loss=-0.8413 | res=2.52e-04 | grad=4.19e-01 | 1.1s
[   561] loss=-0.7624 | res=3.37e-04 | grad=2.90e-01 | 1.1s
[   562] loss=-0.8179 | res=1.66e-04 | grad=3.65e-01 | 1.1s
[   563] loss=-0.7794 | res=3.39e-04 | grad=2.06e-01 | 1.1s
[   564] loss=-0.7909 | res=1.12e-04 | grad=2.67e-01 | 1.1s
[   565] loss=-0.8052 | res=1.87e-04 | grad=3.75e-01 | 1.1s
[   566] loss=-0.7636 | res=1.92e-04 | grad=2.33e-01 | 1.1s
[   567] loss=-0.8783 | res=2.15e-04 | grad=5.28e-01 | 1.1s
[   568] loss=-0.8111 | res=2.82e-04 | grad=2.33e-01 | 1.1s
[   569] loss=-0.8284 | res=9.34e-09 | grad=6.76e-01 | 1.1s
[   570] loss=-0.8455 | res=3.51e-04 | grad=2.94e-01 | 1.1s
[   571] loss=-0.8119 | res=6.26e-05 | grad=3.34e-01 | 1.1s
[   572] loss=-0.8336 | res=2.42e-04 | grad=3.40e-01 | 1.1s
[   573] loss=-0.9128 | res=1.80e-10 | grad=4.80e-01 | 1.1s
[   574] loss=-0.9457 | res=2.57e-04 | grad=4.71e-01 | 1.1s
[   575] loss=-0.8401 | res=2.71e-04 | grad=5.53e-01 | 1.1s
[   576] loss=-0.7691 | res=8.03e-04 | grad=4.84e-01 | 1.1s
[   577] loss=-0.8359 | res=1.82e-04 | grad=5.22e-01 | 1.1s
[   578] loss=-0.8290 | res=6.17e-05 | grad=6.05e-01 | 1.1s
[   579] loss=-0.8573 | res=1.85e-08 | grad=4.27e-01 | 1.1s
[   580] loss=-0.7933 | res=7.40e-05 | grad=3.40e-01 | 1.1s
[   581] loss=-0.8922 | res=4.80e-04 | grad=3.24e-01 | 1.1s
[   582] loss=-0.7703 | res=4.65e-04 | grad=2.89e-01 | 1.1s
[   583] loss=-0.8311 | res=5.82e-04 | grad=2.54e-01 | 1.0s
[   584] loss=-0.8213 | res=2.84e-04 | grad=3.96e-01 | 1.0s
[   585] loss=-0.7505 | res=3.81e-04 | grad=1.34e-01 | 1.0s
[   586] loss=-0.7780 | res=8.70e-05 | grad=3.76e-01 | 1.0s
[   587] loss=-0.8394 | res=3.88e-04 | grad=5.80e-01 | 1.0s
[   588] loss=-0.8056 | res=1.99e-04 | grad=4.46e-01 | 1.0s
[   589] loss=-0.7855 | res=7.27e-05 | grad=2.03e-01 | 1.0s
[   590] loss=-0.8072 | res=3.08e-04 | grad=2.09e-01 | 1.0s
[   591] loss=-0.9183 | res=5.43e-04 | grad=5.40e-01 | 1.0s
[   592] loss=-0.8466 | res=2.51e-04 | grad=2.86e-01 | 1.0s
[   593] loss=-0.8462 | res=3.15e-04 | grad=3.11e-01 | 1.0s
[   594] loss=-0.9144 | res=1.56e-04 | grad=2.93e-01 | 1.0s
[   595] loss=-0.7640 | res=4.26e-04 | grad=7.59e-01 | 1.0s
[   596] loss=-0.7998 | res=7.44e-05 | grad=5.27e-01 | 1.0s
[   597] loss=-0.7124 | res=7.00e-05 | grad=6.10e-01 | 1.1s
[   598] loss=-0.7776 | res=9.09e-05 | grad=4.28e-01 | 1.1s
[   599] loss=-0.8944 | res=5.87e-06 | grad=1.72e-01 | 1.1s
[   600] loss=-0.8787 | res=3.78e-04 | grad=1.82e-01 | 1.1s
[   601] loss=-0.8431 | res=1.77e-04 | grad=2.50e-01 | 1.1s
[   602] loss=-0.8281 | res=2.98e-04 | grad=1.64e-01 | 1.1s
[   603] loss=-0.8826 | res=3.12e-12 | grad=2.42e-01 | 1.1s
[   604] loss=-0.8085 | res=1.58e-04 | grad=4.81e-01 | 1.1s
[   605] loss=-0.8600 | res=2.37e-04 | grad=3.21e-01 | 1.1s
[   606] loss=-0.8293 | res=7.52e-05 | grad=1.41e-01 | 1.1s
[   607] loss=-0.9517 | res=7.52e-05 | grad=5.46e-01 | 1.1s
[   608] loss=-0.9271 | res=2.27e-04 | grad=5.08e-01 | 1.1s
[   609] loss=-0.8296 | res=6.81e-04 | grad=2.70e-01 | 1.1s
[   610] loss=-0.9210 | res=7.61e-04 | grad=5.24e-01 | 1.1s
[   611] loss=-0.7520 | res=3.30e-04 | grad=5.57e-01 | 1.1s
[   612] loss=-0.9312 | res=1.03e-08 | grad=3.92e-01 | 1.1s
[   613] loss=-0.9447 | res=2.18e-04 | grad=2.54e-01 | 1.1s
[   614] loss=-0.7355 | res=4.58e-04 | grad=7.63e-01 | 1.1s
[   615] loss=-0.7777 | res=1.23e-04 | grad=5.80e-01 | 1.1s
[   616] loss=-0.8677 | res=5.68e-04 | grad=2.26e-01 | 1.1s
[   617] loss=-0.8003 | res=4.07e-04 | grad=4.27e-01 | 1.1s
[   618] loss=-0.7741 | res=1.29e-04 | grad=3.77e-01 | 1.1s
[   619] loss=-0.9009 | res=3.56e-09 | grad=6.76e-01 | 1.1s
[   620] loss=-0.8556 | res=4.25e-09 | grad=3.04e-01 | 1.1s
[   621] loss=-0.8980 | res=3.02e-04 | grad=6.69e-01 | 1.1s
[   622] loss=-0.8425 | res=5.07e-04 | grad=3.70e-01 | 1.0s
[   623] loss=-0.8332 | res=1.18e-08 | grad=2.57e-01 | 1.0s
[   624] loss=-0.8157 | res=2.55e-04 | grad=2.97e-01 | 1.0s
[   625] loss=-0.8136 | res=1.09e-04 | grad=3.59e-01 | 1.0s
[   626] loss=-0.8061 | res=4.91e-04 | grad=3.74e-01 | 1.0s
[   627] loss=-0.7996 | res=2.17e-04 | grad=2.29e-01 | 1.0s
[   628] loss=-0.9551 | res=2.67e-09 | grad=3.95e-01 | 1.0s
[   629] loss=-0.8937 | res=1.25e-04 | grad=2.59e-01 | 1.0s
[   630] loss=-0.8393 | res=3.99e-04 | grad=1.33e-01 | 1.0s
[   631] loss=-0.8368 | res=7.01e-04 | grad=1.72e-01 | 1.0s
[   632] loss=-0.8560 | res=1.96e-04 | grad=3.52e-01 | 1.0s
[   633] loss=-0.9540 | res=2.30e-04 | grad=2.86e-01 | 1.0s
[   634] loss=-0.6979 | res=1.80e-08 | grad=9.11e-01 | 1.0s
[   635] loss=-0.7981 | res=1.41e-04 | grad=4.03e-01 | 1.0s
[   636] loss=-0.8149 | res=2.95e-04 | grad=2.73e-01 | 1.1s
[   637] loss=-0.8060 | res=7.21e-05 | grad=9.72e-02 | 1.1s
[   638] loss=-0.7924 | res=1.54e-04 | grad=1.95e-01 | 1.1s
[   639] loss=-0.8598 | res=3.36e-04 | grad=4.82e-01 | 1.1s
[   640] loss=-0.7038 | res=5.86e-04 | grad=3.65e-01 | 1.1s
[   641] loss=-0.8148 | res=2.05e-04 | grad=2.58e-01 | 1.1s
[   642] loss=-0.9007 | res=2.75e-14 | grad=6.97e-01 | 1.1s
[   643] loss=-0.7444 | res=1.15e-09 | grad=1.82e-01 | 1.1s
[   644] loss=-0.8398 | res=2.88e-04 | grad=3.25e-01 | 1.1s
[   645] loss=-0.8709 | res=4.85e-04 | grad=3.92e-01 | 1.1s
[   646] loss=-0.8448 | res=1.17e-04 | grad=3.42e-01 | 1.1s
[   647] loss=-0.8774 | res=2.35e-04 | grad=2.96e-01 | 1.1s
[   648] loss=-0.8213 | res=1.61e-04 | grad=2.35e-01 | 1.1s
[   649] loss=-0.8891 | res=1.59e-04 | grad=3.21e-01 | 1.1s
[   650] loss=-0.9228 | res=6.49e-05 | grad=1.09e-01 | 1.1s
[   651] loss=-0.9421 | res=3.25e-09 | grad=1.51e-01 | 1.1s
[   652] loss=-0.7926 | res=4.54e-04 | grad=4.29e-01 | 1.1s
[   653] loss=-0.9090 | res=1.71e-04 | grad=3.58e-01 | 1.1s
[   654] loss=-0.8407 | res=2.13e-04 | grad=3.33e-01 | 1.0s
[   655] loss=-0.8045 | res=8.30e-04 | grad=6.89e-01 | 1.0s
[   656] loss=-0.9373 | res=3.60e-04 | grad=3.35e-01 | 1.0s
[   657] loss=-0.8225 | res=6.28e-04 | grad=2.74e-01 | 1.0s
[   658] loss=-0.8985 | res=1.49e-04 | grad=1.66e-01 | 1.0s
[   659] loss=-0.7805 | res=4.74e-05 | grad=1.81e-01 | 1.0s
[   660] loss=-0.7745 | res=1.61e-04 | grad=1.61e-01 | 1.0s
[   661] loss=-0.8417 | res=1.30e-04 | grad=4.15e-01 | 1.0s
[   662] loss=-0.8368 | res=2.59e-04 | grad=4.52e-01 | 1.1s
[   663] loss=-0.7973 | res=3.54e-04 | grad=2.97e-01 | 1.1s
[   664] loss=-0.8135 | res=5.01e-04 | grad=5.63e-01 | 1.1s
[   665] loss=-0.7708 | res=5.34e-04 | grad=2.37e-01 | 1.1s
[   666] loss=-0.8335 | res=3.53e-04 | grad=2.86e-01 | 1.1s
[   667] loss=-0.8929 | res=6.41e-04 | grad=3.75e-01 | 1.1s
[   668] loss=-0.7969 | res=2.15e-04 | grad=2.72e-01 | 1.1s
[   669] loss=-0.8905 | res=1.18e-04 | grad=3.53e-01 | 1.1s
[   670] loss=-0.7645 | res=5.88e-04 | grad=6.21e-01 | 1.1s
[   671] loss=-0.8172 | res=3.82e-04 | grad=3.17e-01 | 1.1s
[   672] loss=-0.7506 | res=2.13e-04 | grad=4.70e-01 | 1.1s
[   673] loss=-0.7967 | res=5.96e-04 | grad=4.73e-01 | 1.1s
[   674] loss=-0.8553 | res=5.86e-04 | grad=3.55e-01 | 1.0s
[   675] loss=-0.8671 | res=1.88e-04 | grad=2.84e-01 | 1.0s
[   676] loss=-0.8803 | res=1.65e-04 | grad=4.65e-01 | 1.0s
[   677] loss=-0.9222 | res=3.26e-04 | grad=4.72e-01 | 1.0s
[   678] loss=-0.8528 | res=7.32e-05 | grad=3.24e-01 | 1.0s
[   679] loss=-0.7330 | res=2.55e-04 | grad=5.77e-01 | 1.0s
[   680] loss=-0.9021 | res=2.62e-04 | grad=3.12e-01 | 1.0s
[   681] loss=-0.8197 | res=5.93e-04 | grad=1.52e-01 | 1.1s
[   682] loss=-0.8975 | res=2.28e-04 | grad=2.10e-01 | 1.1s
[   683] loss=-0.9015 | res=2.06e-04 | grad=4.82e-01 | 1.1s
[   684] loss=-0.8305 | res=3.76e-04 | grad=3.49e-01 | 1.1s
[   685] loss=-0.7701 | res=1.07e-04 | grad=6.60e-01 | 1.1s
[   686] loss=-0.8116 | res=4.74e-09 | grad=3.28e-01 | 1.1s
[   687] loss=-0.7982 | res=2.83e-04 | grad=4.39e-01 | 1.1s
[   688] loss=-0.8600 | res=5.34e-10 | grad=1.98e-01 | 1.1s
[   689] loss=-0.7789 | res=5.12e-04 | grad=3.11e-01 | 1.1s
[   690] loss=-0.8668 | res=2.69e-04 | grad=1.20e-01 | 1.1s
[   691] loss=-0.7518 | res=5.78e-04 | grad=1.65e-01 | 1.1s
[   692] loss=-0.8157 | res=9.11e-05 | grad=1.88e-01 | 1.1s
[   693] loss=-0.9135 | res=1.86e-04 | grad=5.79e-01 | 1.1s
[   694] loss=-0.8633 | res=9.35e-05 | grad=2.99e-01 | 1.1s
[   695] loss=-0.8609 | res=7.60e-05 | grad=3.63e-01 | 1.1s
[   696] loss=-0.7878 | res=6.08e-04 | grad=1.71e-01 | 1.1s
[   697] loss=-0.8656 | res=5.03e-04 | grad=4.22e-01 | 1.1s
[   698] loss=-0.7797 | res=2.59e-04 | grad=2.72e-01 | 1.1s
[   699] loss=-0.8327 | res=1.36e-08 | grad=3.27e-01 | 1.1s
[   700] loss=-0.8005 | res=1.57e-04 | grad=8.92e-02 | 1.0s
[   701] loss=-0.8198 | res=1.37e-04 | grad=1.31e-01 | 1.0s
[   702] loss=-0.8816 | res=4.74e-04 | grad=2.53e-01 | 1.0s
[   703] loss=-0.8060 | res=1.79e-04 | grad=2.51e-01 | 1.0s
[   704] loss=-0.7963 | res=1.59e-04 | grad=2.12e-01 | 1.0s
[   705] loss=-0.7739 | res=1.58e-04 | grad=2.98e-01 | 1.0s
[   706] loss=-0.8840 | res=2.18e-04 | grad=3.42e-01 | 1.0s
[   707] loss=-0.8189 | res=7.81e-05 | grad=1.77e-01 | 1.0s
[   708] loss=-0.8451 | res=1.18e-04 | grad=1.49e-01 | 1.0s
[   709] loss=-0.8456 | res=6.51e-04 | grad=2.95e-01 | 1.0s
[   710] loss=-0.8025 | res=2.39e-04 | grad=3.99e-01 | 1.0s
[   711] loss=-0.8372 | res=1.40e-04 | grad=1.65e-01 | 1.0s
[   712] loss=-0.7935 | res=4.76e-05 | grad=2.84e-01 | 1.0s
[   713] loss=-0.9541 | res=3.08e-04 | grad=8.55e-01 | 1.0s
[   714] loss=-0.7448 | res=5.75e-05 | grad=3.53e-01 | 1.1s
[   715] loss=-0.8718 | res=3.59e-04 | grad=3.25e-01 | 1.1s
[   716] loss=-0.8760 | res=5.90e-04 | grad=3.20e-01 | 1.1s
[   717] loss=-0.9027 | res=2.55e-04 | grad=2.75e-01 | 1.1s
[   718] loss=-0.8218 | res=2.94e-05 | grad=3.86e-01 | 1.1s
[   719] loss=-0.6681 | res=5.37e-04 | grad=7.23e-01 | 1.1s
[   720] loss=-0.9288 | res=4.02e-04 | grad=3.61e-01 | 1.1s
[   721] loss=-0.8698 | res=2.10e-04 | grad=2.15e-01 | 1.1s
[   722] loss=-0.7338 | res=3.27e-04 | grad=6.51e-01 | 1.1s
[   723] loss=-0.9231 | res=6.51e-04 | grad=5.91e-01 | 1.1s
[   724] loss=-0.8208 | res=1.48e-04 | grad=2.76e-01 | 1.1s
[   725] loss=-0.8216 | res=2.15e-04 | grad=3.06e-01 | 1.1s
[   726] loss=-0.8489 | res=7.43e-05 | grad=3.83e-01 | 1.1s
[   727] loss=-0.8244 | res=7.23e-05 | grad=1.98e-01 | 1.1s
[   728] loss=-0.7831 | res=1.88e-04 | grad=2.50e-01 | 1.1s
[   729] loss=-0.8143 | res=4.73e-04 | grad=1.46e-01 | 1.1s
[   730] loss=-0.7771 | res=4.78e-04 | grad=4.18e-01 | 1.1s
[   731] loss=-0.8887 | res=6.96e-04 | grad=4.09e-01 | 1.1s
[   732] loss=-0.7300 | res=5.52e-04 | grad=6.70e-01 | 1.1s
[   733] loss=-0.7393 | res=4.14e-04 | grad=3.09e-01 | 1.1s
[   734] loss=-0.7735 | res=1.60e-04 | grad=3.58e-01 | 1.0s
[   735] loss=-0.8053 | res=3.24e-04 | grad=1.89e-01 | 1.0s
[   736] loss=-0.8807 | res=3.50e-05 | grad=2.10e-01 | 1.0s
[   737] loss=-0.7346 | res=8.76e-05 | grad=3.18e-01 | 1.0s
[   738] loss=-0.8687 | res=1.47e-04 | grad=5.56e-01 | 1.0s
[   739] loss=-0.8650 | res=6.49e-05 | grad=4.97e-01 | 1.0s
[   740] loss=-0.8548 | res=4.13e-04 | grad=5.28e-01 | 1.1s
[   741] loss=-0.8589 | res=8.96e-05 | grad=4.11e-01 | 1.1s
[   742] loss=-0.8104 | res=7.56e-05 | grad=3.02e-01 | 1.1s
[   743] loss=-0.8696 | res=1.18e-08 | grad=3.74e-01 | 1.1s
[   744] loss=-0.7338 | res=1.83e-04 | grad=4.75e-01 | 1.1s
[   745] loss=-0.7327 | res=4.00e-04 | grad=5.01e-01 | 1.1s
[   746] loss=-0.9059 | res=2.28e-04 | grad=3.36e-01 | 1.1s
[   747] loss=-0.8471 | res=3.12e-09 | grad=1.26e-01 | 1.1s
[   748] loss=-0.8259 | res=8.03e-05 | grad=3.71e-01 | 1.1s
[   749] loss=-0.8197 | res=2.68e-07 | grad=2.96e-01 | 1.1s
[   750] loss=-0.8319 | res=1.05e-04 | grad=2.41e-01 | 1.1s
[   751] loss=-0.8364 | res=4.48e-04 | grad=1.41e-01 | 1.1s
[   752] loss=-0.8251 | res=4.15e-04 | grad=2.77e-01 | 1.1s
[   753] loss=-0.7853 | res=2.23e-04 | grad=3.03e-01 | 1.1s
[   754] loss=-0.8458 | res=5.98e-05 | grad=1.09e-01 | 1.1s
[   755] loss=-0.8520 | res=6.41e-05 | grad=3.24e-01 | 1.1s
[   756] loss=-0.8241 | res=1.18e-04 | grad=2.74e-01 | 1.1s
[   757] loss=-0.8268 | res=1.84e-04 | grad=2.82e-01 | 1.1s
[   758] loss=-0.9349 | res=7.55e-05 | grad=3.82e-01 | 1.1s
[   759] loss=-0.7635 | res=2.26e-04 | grad=4.96e-01 | 1.1s
[   760] loss=-0.9020 | res=6.30e-05 | grad=3.59e-01 | 1.1s
[   761] loss=-0.9048 | res=1.90e-08 | grad=3.31e-01 | 1.1s
[   762] loss=-0.8243 | res=2.67e-09 | grad=2.60e-01 | 1.1s
[   763] loss=-0.9228 | res=3.68e-04 | grad=2.60e-01 | 1.1s
[   764] loss=-0.7659 | res=1.57e-04 | grad=3.19e-01 | 1.1s
[   765] loss=-0.8282 | res=6.06e-05 | grad=4.23e-01 | 1.1s
[   766] loss=-0.8027 | res=2.13e-04 | grad=2.04e-01 | 1.1s
[   767] loss=-0.8000 | res=3.10e-04 | grad=4.59e-01 | 1.1s
[   768] loss=-0.8579 | res=3.19e-09 | grad=2.60e-01 | 1.1s
[   769] loss=-0.8294 | res=1.85e-04 | grad=2.97e-01 | 1.1s
[   770] loss=-0.8823 | res=1.31e-04 | grad=2.18e-01 | 1.1s
[   771] loss=-0.8830 | res=3.85e-04 | grad=3.74e-01 | 1.1s
[   772] loss=-0.8375 | res=3.73e-04 | grad=3.61e-01 | 1.1s
[   773] loss=-0.7668 | res=1.49e-04 | grad=2.69e-01 | 1.1s
[   774] loss=-0.8172 | res=1.80e-04 | grad=3.26e-01 | 1.1s
[   775] loss=-0.8325 | res=6.51e-09 | grad=3.51e-01 | 1.1s
[   776] loss=-0.8245 | res=2.60e-04 | grad=2.09e-01 | 1.1s
[   777] loss=-0.7740 | res=4.73e-04 | grad=4.13e-01 | 1.1s
[   778] loss=-0.8708 | res=7.05e-05 | grad=1.88e-01 | 1.1s
[   779] loss=-0.8091 | res=4.40e-04 | grad=1.44e-01 | 1.1s
[   780] loss=-0.6927 | res=1.63e-04 | grad=5.73e-01 | 1.1s
[   781] loss=-0.8650 | res=7.47e-05 | grad=3.87e-01 | 1.1s
[   782] loss=-0.8513 | res=6.59e-05 | grad=6.35e-01 | 1.1s
[   783] loss=-0.8661 | res=3.49e-09 | grad=4.88e-01 | 1.1s
[   784] loss=-0.7422 | res=3.62e-04 | grad=3.33e-01 | 1.1s
[   785] loss=-0.7928 | res=1.07e-04 | grad=2.02e-01 | 1.1s
[   786] loss=-0.7634 | res=2.10e-04 | grad=1.25e-01 | 1.1s
[   787] loss=-0.7743 | res=2.98e-04 | grad=2.04e-01 | 1.1s
[   788] loss=-0.8831 | res=1.45e-04 | grad=4.22e-01 | 1.1s
[   789] loss=-0.9834 | res=8.83e-05 | grad=9.33e-01 | 1.1s
[   790] loss=-0.8090 | res=6.29e-05 | grad=3.23e-01 | 1.1s
[   791] loss=-0.7951 | res=3.63e-04 | grad=2.48e-01 | 1.1s
[   792] loss=-0.8788 | res=6.06e-05 | grad=2.20e-01 | 1.1s
[   793] loss=-0.7099 | res=4.70e-04 | grad=4.38e-01 | 1.1s
[   794] loss=-0.8631 | res=2.85e-08 | grad=3.54e-01 | 1.1s
[   795] loss=-0.8424 | res=2.75e-04 | grad=2.27e-01 | 1.0s
[   796] loss=-0.8349 | res=3.18e-04 | grad=1.07e-01 | 1.0s
[   797] loss=-0.8585 | res=3.41e-04 | grad=3.27e-01 | 1.0s
[   798] loss=-0.8741 | res=3.90e-09 | grad=2.72e-01 | 1.0s
[   799] loss=-0.7134 | res=3.55e-04 | grad=6.08e-01 | 1.1s
[   800] loss=-0.8847 | res=9.14e-09 | grad=1.24e-01 | 1.0s
[   801] loss=-0.8671 | res=3.18e-04 | grad=2.42e-01 | 1.0s
[   802] loss=-0.8397 | res=2.16e-08 | grad=1.23e-01 | 1.0s
[   803] loss=-0.7652 | res=3.12e-04 | grad=2.66e-01 | 1.0s
[   804] loss=-0.8900 | res=1.56e-04 | grad=4.38e-01 | 1.0s
[   805] loss=-0.8755 | res=1.28e-04 | grad=5.10e-01 | 1.0s
[   806] loss=-0.9338 | res=4.35e-04 | grad=4.58e-01 | 1.0s
[   807] loss=-0.9026 | res=2.11e-04 | grad=1.37e-01 | 1.0s
[   808] loss=-0.8062 | res=9.39e-05 | grad=1.60e-01 | 1.0s
[   809] loss=-0.8135 | res=5.02e-04 | grad=5.39e-01 | 1.1s
[   810] loss=-0.7421 | res=3.94e-04 | grad=5.54e-01 | 1.1s
[   811] loss=-0.7181 | res=4.24e-04 | grad=5.49e-01 | 1.1s
[   812] loss=-0.7522 | res=6.55e-04 | grad=5.64e-01 | 1.1s
[   813] loss=-0.7841 | res=3.75e-04 | grad=2.63e-01 | 1.1s
[   814] loss=-0.7959 | res=6.92e-04 | grad=1.77e-01 | 1.1s
[   815] loss=-0.8640 | res=4.46e-04 | grad=5.81e-01 | 1.1s
[   816] loss=-0.9068 | res=2.46e-04 | grad=7.07e-01 | 1.1s
[   817] loss=-0.8494 | res=4.47e-04 | grad=4.52e-01 | 1.1s
[   818] loss=-0.7877 | res=1.17e-04 | grad=2.08e-01 | 1.1s
[   819] loss=-0.8427 | res=5.74e-04 | grad=3.69e-01 | 1.1s
[   820] loss=-0.7357 | res=3.50e-04 | grad=5.57e-01 | 1.1s
[   821] loss=-0.8259 | res=8.16e-04 | grad=3.35e-01 | 1.1s
[   822] loss=-0.8308 | res=1.89e-04 | grad=3.08e-01 | 1.1s
[   823] loss=-0.8448 | res=9.37e-09 | grad=1.16e-01 | 1.1s
[   824] loss=-0.8940 | res=4.78e-11 | grad=1.47e-01 | 1.1s
[   825] loss=-0.7626 | res=4.64e-04 | grad=4.97e-01 | 1.1s
[   826] loss=-0.9044 | res=2.50e-04 | grad=1.80e-01 | 1.1s
[   827] loss=-0.7496 | res=3.39e-04 | grad=4.43e-01 | 1.1s
[   828] loss=-0.7319 | res=5.74e-05 | grad=2.83e-01 | 1.0s
[   829] loss=-0.9496 | res=1.69e-04 | grad=9.58e-01 | 1.0s
[   830] loss=-0.9144 | res=4.80e-04 | grad=4.59e-01 | 1.0s
[   831] loss=-0.8975 | res=9.11e-09 | grad=3.50e-01 | 1.0s
[   832] loss=-0.9161 | res=5.93e-05 | grad=2.87e-01 | 1.0s
[   833] loss=-0.8922 | res=1.99e-04 | grad=1.06e-01 | 1.0s
[   834] loss=-0.8366 | res=2.54e-09 | grad=4.15e-01 | 1.0s
[   835] loss=-0.8690 | res=5.09e-04 | grad=4.70e-01 | 1.1s
[   836] loss=-0.9613 | res=3.36e-04 | grad=1.48e-01 | 1.1s
[   837] loss=-0.8298 | res=6.12e-05 | grad=5.01e-01 | 1.1s
[   838] loss=-0.7405 | res=1.73e-04 | grad=5.95e-01 | 1.1s
[   839] loss=-0.8400 | res=3.52e-04 | grad=2.49e-01 | 1.1s
[   840] loss=-0.9329 | res=5.85e-05 | grad=3.93e-01 | 1.1s
[   841] loss=-0.8417 | res=7.49e-09 | grad=2.47e-01 | 1.1s
[   842] loss=-0.7949 | res=2.15e-04 | grad=1.81e-01 | 1.1s
[   843] loss=-0.8041 | res=2.77e-04 | grad=2.10e-01 | 1.1s
[   844] loss=-0.7478 | res=6.52e-09 | grad=3.58e-01 | 1.1s
[   845] loss=-0.9001 | res=1.31e-04 | grad=7.20e-01 | 1.1s
[   846] loss=-0.8328 | res=6.12e-04 | grad=5.84e-01 | 1.1s
[   847] loss=-0.8029 | res=6.97e-09 | grad=3.19e-01 | 1.1s
[   848] loss=-0.7956 | res=2.82e-04 | grad=3.51e-01 | 1.0s
[   849] loss=-0.8161 | res=1.68e-04 | grad=4.06e-01 | 1.0s
[   850] loss=-0.8789 | res=1.33e-04 | grad=4.19e-01 | 1.0s
[   851] loss=-0.8656 | res=2.00e-04 | grad=1.49e-01 | 1.0s
[   852] loss=-0.9860 | res=2.75e-04 | grad=3.35e-01 | 1.0s
[   853] loss=-0.8695 | res=6.51e-05 | grad=9.22e-02 | 1.0s
[   854] loss=-0.8395 | res=2.89e-04 | grad=3.97e-01 | 1.1s
[   855] loss=-0.8128 | res=9.00e-09 | grad=5.88e-01 | 1.1s
[   856] loss=-0.7834 | res=5.50e-05 | grad=7.07e-01 | 1.1s
[   857] loss=-0.9207 | res=9.41e-05 | grad=1.97e-01 | 1.1s
[   858] loss=-0.7782 | res=1.82e-04 | grad=6.14e-01 | 1.1s
[   859] loss=-0.8418 | res=9.96e-09 | grad=3.66e-01 | 1.1s
[   860] loss=-0.7302 | res=2.52e-04 | grad=3.98e-01 | 1.1s
[   861] loss=-0.8484 | res=5.18e-04 | grad=5.12e-01 | 1.1s
[   862] loss=-0.7160 | res=3.19e-04 | grad=1.24e-01 | 1.1s
[   863] loss=-0.8858 | res=6.95e-05 | grad=1.00e+00 | 1.1s
[   864] loss=-0.7997 | res=2.53e-04 | grad=5.36e-01 | 1.1s
[   865] loss=-0.9256 | res=2.25e-04 | grad=8.55e-01 | 1.1s
[   866] loss=-0.8164 | res=1.09e-04 | grad=3.59e-01 | 1.1s
[   867] loss=-0.9053 | res=6.90e-05 | grad=5.03e-01 | 1.1s
[   868] loss=-0.8519 | res=3.95e-04 | grad=3.46e-01 | 1.1s
[   869] loss=-0.8691 | res=5.52e-04 | grad=3.98e-01 | 1.1s
[   870] loss=-0.8002 | res=1.13e-04 | grad=6.52e-01 | 1.1s
[   871] loss=-0.9936 | res=3.83e-04 | grad=2.12e-01 | 1.1s
[   872] loss=-0.8047 | res=6.34e-04 | grad=2.47e-01 | 1.1s
[   873] loss=-0.8233 | res=3.60e-04 | grad=9.19e-01 | 1.0s
[   874] loss=-0.8466 | res=1.47e-04 | grad=5.87e-01 | 1.0s
[   875] loss=-0.8465 | res=5.87e-05 | grad=3.37e-01 | 1.0s
[   876] loss=-0.8952 | res=2.51e-04 | grad=2.98e-01 | 1.0s
[   877] loss=-0.8665 | res=1.41e-08 | grad=4.59e-01 | 1.0s
[   878] loss=-0.8644 | res=5.58e-04 | grad=6.51e-01 | 1.0s
[   879] loss=-0.8838 | res=6.49e-04 | grad=4.41e-01 | 1.0s
[   880] loss=-0.8693 | res=1.70e-04 | grad=4.16e-01 | 1.0s
[   881] loss=-0.8407 | res=1.19e-04 | grad=6.22e-01 | 1.0s
[   882] loss=-0.8541 | res=2.28e-04 | grad=2.07e-01 | 1.0s
[   883] loss=-0.8071 | res=4.28e-04 | grad=1.44e-01 | 1.0s
[   884] loss=-0.7916 | res=2.16e-04 | grad=4.45e-01 | 1.0s
[   885] loss=-0.8088 | res=1.87e-04 | grad=3.69e-01 | 1.0s
[   886] loss=-0.8134 | res=4.28e-04 | grad=3.12e-01 | 1.0s
[   887] loss=-0.8859 | res=6.07e-09 | grad=1.82e-01 | 1.1s
[   888] loss=-0.8128 | res=3.65e-09 | grad=2.40e-01 | 1.1s
[   889] loss=-0.8519 | res=2.54e-04 | grad=1.92e-01 | 1.1s
[   890] loss=-0.8507 | res=5.28e-05 | grad=1.68e-01 | 1.1s
[   891] loss=-0.8244 | res=3.31e-04 | grad=1.08e-01 | 1.1s
[   892] loss=-0.8917 | res=1.14e-04 | grad=2.65e-01 | 1.1s
[   893] loss=-0.7975 | res=3.11e-04 | grad=3.47e-01 | 1.1s
[   894] loss=-0.8959 | res=5.86e-05 | grad=3.27e-01 | 1.1s
[   895] loss=-0.8486 | res=3.78e-04 | grad=2.12e-01 | 1.1s
[   896] loss=-0.8100 | res=1.92e-04 | grad=2.43e-01 | 1.1s
[   897] loss=-0.9230 | res=2.98e-04 | grad=4.80e-01 | 1.1s
[   898] loss=-0.8479 | res=4.48e-04 | grad=3.58e-01 | 1.1s
[   899] loss=-0.8215 | res=2.98e-04 | grad=9.37e-02 | 1.1s
[   900] loss=-0.7601 | res=1.91e-04 | grad=2.29e-01 | 1.1s
[   901] loss=-0.8657 | res=1.35e-15 | grad=1.42e-01 | 1.1s
[   902] loss=-0.9204 | res=1.64e-04 | grad=3.87e-01 | 1.1s
[   903] loss=-0.8836 | res=1.83e-04 | grad=3.10e-01 | 1.1s
[   904] loss=-0.8422 | res=3.87e-04 | grad=2.46e-01 | 1.1s
[   905] loss=-0.7987 | res=6.32e-05 | grad=4.74e-01 | 1.1s
[   906] loss=-0.9058 | res=1.44e-04 | grad=3.33e-01 | 1.1s
[   907] loss=-0.7745 | res=5.73e-05 | grad=4.71e-01 | 1.1s
[   908] loss=-0.7935 | res=7.34e-05 | grad=3.08e-01 | 1.1s
[   909] loss=-0.8831 | res=3.12e-04 | grad=2.42e-01 | 1.1s
[   910] loss=-0.9166 | res=3.30e-04 | grad=5.37e-01 | 1.1s
[   911] loss=-0.8736 | res=2.90e-04 | grad=2.84e-01 | 1.2s
[   912] loss=-0.8472 | res=3.69e-04 | grad=2.24e-01 | 1.1s
[   913] loss=-0.8930 | res=1.22e-04 | grad=2.65e-01 | 1.1s
[   914] loss=-0.8026 | res=7.92e-10 | grad=1.53e-01 | 1.1s
[   915] loss=-0.8275 | res=2.31e-04 | grad=3.86e-01 | 1.1s
[   916] loss=-0.7967 | res=4.16e-04 | grad=1.83e-01 | 1.1s
[   917] loss=-0.7932 | res=3.98e-04 | grad=3.06e-01 | 1.1s
[   918] loss=-0.6878 | res=3.12e-04 | grad=5.97e-01 | 1.1s
[   919] loss=-0.8059 | res=1.41e-04 | grad=4.25e-01 | 1.1s
[   920] loss=-0.7551 | res=2.16e-04 | grad=1.78e-01 | 1.1s
[   921] loss=-0.8720 | res=6.10e-05 | grad=4.80e-01 | 1.1s
[   922] loss=-0.8214 | res=8.71e-05 | grad=3.75e-01 | 1.1s
[   923] loss=-0.8476 | res=4.62e-04 | grad=3.41e-01 | 1.1s
[   924] loss=-0.8214 | res=2.08e-04 | grad=3.69e-01 | 1.1s
[   925] loss=-0.8739 | res=4.41e-04 | grad=4.39e-01 | 1.1s
[   926] loss=-0.7907 | res=2.19e-04 | grad=4.74e-01 | 1.1s
[   927] loss=-0.7784 | res=3.16e-09 | grad=3.83e-01 | 1.1s
[   928] loss=-0.8090 | res=3.21e-04 | grad=2.41e-01 | 1.1s
[   929] loss=-0.8599 | res=8.85e-05 | grad=1.67e-01 | 1.1s
[   930] loss=-0.8324 | res=1.46e-04 | grad=1.53e-01 | 1.1s
[   931] loss=-0.8840 | res=4.80e-05 | grad=2.10e-01 | 1.1s
[   932] loss=-0.8672 | res=6.21e-04 | grad=1.70e-01 | 1.1s
[   933] loss=-0.8237 | res=2.08e-04 | grad=4.30e-01 | 1.1s
[   934] loss=-0.6745 | res=9.60e-05 | grad=8.31e-01 | 1.1s
[   935] loss=-0.8213 | res=2.19e-12 | grad=3.38e-01 | 1.1s
[   936] loss=-0.8763 | res=1.37e-04 | grad=3.75e-01 | 1.1s
[   937] loss=-0.8130 | res=2.60e-04 | grad=2.34e-01 | 1.1s
[   938] loss=-0.7818 | res=1.86e-04 | grad=2.91e-01 | 1.1s
[   939] loss=-0.8571 | res=5.07e-09 | grad=3.97e-01 | 1.1s
[   940] loss=-0.7795 | res=4.87e-04 | grad=3.65e-01 | 1.1s
[   941] loss=-0.8992 | res=1.41e-04 | grad=6.52e-01 | 1.1s
[   942] loss=-0.8615 | res=3.84e-04 | grad=3.15e-01 | 1.1s
[   943] loss=-0.8374 | res=1.40e-04 | grad=1.81e-01 | 1.1s
[   944] loss=-0.8503 | res=3.02e-04 | grad=2.47e-01 | 1.1s
[   945] loss=-0.8431 | res=1.49e-04 | grad=3.31e-01 | 1.1s
[   946] loss=-0.8414 | res=8.51e-05 | grad=4.05e-01 | 1.1s
[   947] loss=-0.8241 | res=2.97e-04 | grad=4.57e-01 | 1.1s
[   948] loss=-0.7468 | res=3.17e-04 | grad=8.54e-01 | 1.1s
[   949] loss=-0.8049 | res=4.38e-04 | grad=3.80e-01 | 1.1s
[   950] loss=-0.9197 | res=2.96e-04 | grad=2.74e-01 | 1.1s
[   951] loss=-0.9297 | res=3.02e-04 | grad=5.39e-01 | 1.1s
[   952] loss=-0.7301 | res=1.50e-04 | grad=2.68e-01 | 1.1s
[   953] loss=-0.8858 | res=3.55e-04 | grad=3.55e-01 | 1.1s
[   954] loss=-0.8870 | res=2.73e-04 | grad=4.15e-01 | 1.1s
[   955] loss=-0.8538 | res=8.29e-05 | grad=2.99e-01 | 1.1s
[   956] loss=-0.9008 | res=1.11e-15 | grad=3.42e-01 | 1.1s
[   957] loss=-0.8234 | res=2.76e-04 | grad=1.57e-01 | 1.1s
[   958] loss=-0.9503 | res=1.62e-04 | grad=4.79e-01 | 1.1s
[   959] loss=-0.8005 | res=2.68e-04 | grad=4.45e-01 | 1.1s
[   960] loss=-0.7912 | res=9.49e-04 | grad=3.34e-01 | 1.1s
[   961] loss=-0.7798 | res=4.61e-04 | grad=3.78e-01 | 1.0s
[   962] loss=-0.8582 | res=2.21e-04 | grad=1.46e-01 | 1.0s
[   963] loss=-0.8938 | res=3.60e-04 | grad=1.90e-01 | 1.0s
[   964] loss=-0.8043 | res=3.76e-04 | grad=5.31e-01 | 1.0s
[   965] loss=-0.9093 | res=6.91e-05 | grad=2.73e-01 | 1.0s
[   966] loss=-0.8128 | res=2.19e-04 | grad=3.71e-01 | 1.0s
[   967] loss=-0.8214 | res=7.02e-09 | grad=1.87e-01 | 1.0s
[   968] loss=-0.8475 | res=5.39e-05 | grad=1.34e-01 | 1.1s
[   969] loss=-0.8423 | res=2.36e-04 | grad=1.72e-01 | 1.1s
[   970] loss=-0.8218 | res=4.59e-04 | grad=2.80e-01 | 1.1s
[   971] loss=-0.7755 | res=7.41e-04 | grad=1.43e-01 | 1.1s
[   972] loss=-0.8861 | res=1.56e-04 | grad=4.05e-01 | 1.1s
[   973] loss=-0.8231 | res=6.23e-05 | grad=2.95e-01 | 1.1s
[   974] loss=-0.7945 | res=3.37e-04 | grad=1.22e-01 | 1.1s
[   975] loss=-0.8046 | res=2.22e-04 | grad=3.11e-01 | 1.1s
[   976] loss=-0.7812 | res=3.55e-05 | grad=4.06e-01 | 1.1s
[   977] loss=-0.9384 | res=5.89e-04 | grad=5.00e-01 | 1.1s
[   978] loss=-0.9330 | res=1.12e-04 | grad=6.82e-01 | 1.1s
[   979] loss=-0.8068 | res=1.77e-04 | grad=3.43e-01 | 1.1s
[   980] loss=-0.7827 | res=3.18e-04 | grad=4.45e-01 | 1.1s
[   981] loss=-0.8723 | res=7.85e-04 | grad=1.60e-01 | 1.1s
[   982] loss=-0.8561 | res=1.86e-04 | grad=2.03e-01 | 1.1s
[   983] loss=-0.8267 | res=3.38e-10 | grad=3.19e-01 | 1.1s
[   984] loss=-0.8479 | res=1.79e-04 | grad=1.95e-01 | 1.1s
[   985] loss=-0.7750 | res=7.10e-04 | grad=2.16e-01 | 1.1s
[   986] loss=-0.7881 | res=7.55e-05 | grad=2.15e-01 | 1.1s
[   987] loss=-0.8626 | res=1.44e-04 | grad=3.06e-01 | 1.1s
[   988] loss=-0.8701 | res=8.29e-05 | grad=1.37e-01 | 1.1s
[   989] loss=-0.7910 | res=4.02e-04 | grad=1.68e-01 | 1.1s
[   990] loss=-0.7653 | res=3.11e-04 | grad=3.58e-01 | 1.1s
[   991] loss=-0.8717 | res=5.90e-05 | grad=3.57e-01 | 1.1s
[   992] loss=-0.7851 | res=4.47e-04 | grad=2.13e-01 | 1.1s
[   993] loss=-0.8681 | res=4.59e-04 | grad=3.44e-01 | 1.1s
[   994] loss=-0.7446 | res=1.82e-04 | grad=5.89e-01 | 1.1s
[   995] loss=-0.8390 | res=4.08e-04 | grad=3.08e-01 | 1.1s
[   996] loss=-0.8608 | res=4.91e-14 | grad=3.89e-01 | 1.1s
[   997] loss=-0.7894 | res=5.54e-05 | grad=1.41e-01 | 1.1s
[   998] loss=-0.8662 | res=9.01e-05 | grad=1.46e-01 | 1.1s
[   999] loss=-0.8100 | res=2.74e-04 | grad=1.47e-01 | 1.1s
[  1000] loss=-0.8041 | res=3.96e-04 | grad=3.28e-01 | 1.1s
    KL = 0.0394
    ESS ratio = 0.951
    Runtime = 1079.1s

  --- Run 2/5 (seed=23456) ---
[     1] loss=-0.0186 | res=4.15e-05 | grad=6.98e+00 | 3.5s
[     2] loss=-0.1476 | res=5.77e-10 | grad=6.28e+00 | 1.1s
[     3] loss=-0.2542 | res=1.25e-04 | grad=5.67e+00 | 1.1s
[     4] loss=-0.3638 | res=2.47e-04 | grad=5.61e+00 | 1.1s
[     5] loss=-0.4667 | res=4.56e-04 | grad=5.38e+00 | 1.1s
[     6] loss=-0.5845 | res=2.47e-04 | grad=5.14e+00 | 1.1s
[     7] loss=-0.6128 | res=6.57e-05 | grad=3.67e+00 | 1.1s
[     8] loss=-0.7030 | res=1.31e-04 | grad=3.08e+00 | 1.1s
[     9] loss=-0.7714 | res=1.36e-08 | grad=2.41e+00 | 1.1s
[    10] loss=-0.7559 | res=2.17e-04 | grad=1.51e+00 | 1.1s
[    11] loss=-0.8337 | res=7.90e-09 | grad=1.30e+00 | 1.1s
[    12] loss=-0.7602 | res=2.00e-08 | grad=5.96e-01 | 1.1s
[    13] loss=-0.8036 | res=2.66e-05 | grad=2.52e-01 | 1.1s
[    14] loss=-0.8662 | res=6.39e-05 | grad=8.14e-01 | 1.1s
[    15] loss=-0.8492 | res=4.06e-04 | grad=7.27e-01 | 1.1s
[    16] loss=-0.9231 | res=1.67e-04 | grad=4.77e-01 | 1.1s
[    17] loss=-0.7623 | res=1.15e-08 | grad=8.91e-01 | 1.1s
[    18] loss=-0.7818 | res=7.09e-05 | grad=1.00e+00 | 1.1s
[    19] loss=-0.7968 | res=4.51e-04 | grad=9.10e-01 | 1.1s
[    20] loss=-0.8764 | res=1.21e-04 | grad=7.04e-01 | 1.1s
[    21] loss=-0.7252 | res=7.66e-09 | grad=1.06e+00 | 1.1s
[    22] loss=-0.8736 | res=3.77e-04 | grad=8.62e-01 | 1.1s
[    23] loss=-0.8399 | res=3.87e-04 | grad=1.02e+00 | 1.1s
[    24] loss=-0.7911 | res=3.07e-04 | grad=1.10e+00 | 1.1s
[    25] loss=-0.8257 | res=6.00e-04 | grad=1.04e+00 | 1.1s
[    26] loss=-0.8164 | res=4.70e-05 | grad=1.10e+00 | 1.1s
[    27] loss=-0.8846 | res=6.68e-04 | grad=7.47e-01 | 1.1s
[    28] loss=-0.7865 | res=8.70e-09 | grad=7.10e-01 | 1.1s
[    29] loss=-0.8671 | res=2.38e-08 | grad=3.03e-01 | 1.1s
[    30] loss=-0.8661 | res=1.39e-04 | grad=5.66e-01 | 1.1s
[    31] loss=-0.8107 | res=6.60e-09 | grad=2.25e-01 | 1.1s
[    32] loss=-0.8395 | res=2.87e-04 | grad=3.87e-01 | 1.1s
[    33] loss=-0.7780 | res=6.14e-05 | grad=3.75e-01 | 1.1s
[    34] loss=-0.8782 | res=9.40e-05 | grad=2.01e-01 | 1.1s
[    35] loss=-0.8209 | res=4.72e-05 | grad=4.16e-01 | 1.1s
[    36] loss=-0.8289 | res=3.76e-04 | grad=5.02e-01 | 1.1s
[    37] loss=-0.7427 | res=4.49e-04 | grad=2.15e-01 | 1.2s
[    38] loss=-0.8949 | res=2.17e-08 | grad=4.68e-01 | 1.1s
[    39] loss=-0.8264 | res=3.24e-04 | grad=3.85e-01 | 1.1s
[    40] loss=-0.7933 | res=5.66e-05 | grad=2.06e-01 | 1.1s
[    41] loss=-0.8510 | res=3.29e-04 | grad=5.98e-01 | 1.2s
[    42] loss=-0.7848 | res=2.40e-04 | grad=4.51e-01 | 1.1s
[    43] loss=-0.8709 | res=2.78e-04 | grad=4.52e-01 | 1.1s
[    44] loss=-0.9081 | res=4.26e-05 | grad=5.56e-01 | 1.1s
[    45] loss=-0.7681 | res=8.52e-09 | grad=1.60e-01 | 1.1s
[    46] loss=-0.9189 | res=2.56e-04 | grad=5.29e-01 | 1.1s
[    47] loss=-0.7997 | res=1.71e-04 | grad=3.27e-01 | 1.1s
[    48] loss=-0.7826 | res=3.45e-04 | grad=3.56e-01 | 1.1s
[    49] loss=-0.8420 | res=3.20e-04 | grad=4.53e-01 | 1.1s
[    50] loss=-0.7865 | res=1.79e-08 | grad=4.42e-01 | 1.1s
[    51] loss=-0.8023 | res=1.21e-04 | grad=3.94e-01 | 1.1s
[    52] loss=-0.8171 | res=3.56e-04 | grad=1.58e-01 | 1.1s
[    53] loss=-0.8484 | res=2.24e-04 | grad=4.40e-01 | 1.1s
[    54] loss=-0.7689 | res=2.21e-04 | grad=4.72e-01 | 1.1s
[    55] loss=-0.8836 | res=2.33e-04 | grad=3.74e-01 | 1.1s
[    56] loss=-0.9050 | res=5.80e-05 | grad=4.84e-01 | 1.1s
[    57] loss=-0.7914 | res=3.92e-04 | grad=3.79e-01 | 1.1s
[    58] loss=-0.8196 | res=7.50e-05 | grad=4.58e-01 | 1.1s
[    59] loss=-0.9383 | res=5.15e-05 | grad=4.52e-01 | 1.1s
[    60] loss=-0.9372 | res=2.59e-04 | grad=3.37e-01 | 1.1s
[    61] loss=-0.8533 | res=4.18e-04 | grad=4.31e-01 | 1.1s
[    62] loss=-0.9376 | res=5.27e-04 | grad=7.63e-01 | 1.0s
[    63] loss=-0.8622 | res=6.01e-04 | grad=6.14e-01 | 1.0s
[    64] loss=-0.8344 | res=7.74e-05 | grad=6.24e-01 | 1.0s
[    65] loss=-0.7847 | res=8.06e-04 | grad=3.36e-01 | 1.0s
[    66] loss=-0.8137 | res=3.77e-04 | grad=5.40e-01 | 1.0s
[    67] loss=-0.8976 | res=3.54e-04 | grad=2.86e-01 | 1.0s
[    68] loss=-0.9679 | res=7.72e-05 | grad=4.48e-01 | 1.1s
[    69] loss=-0.9193 | res=7.03e-05 | grad=3.41e-01 | 1.1s
[    70] loss=-0.8900 | res=9.82e-05 | grad=2.60e-01 | 1.1s
[    71] loss=-0.8522 | res=5.51e-04 | grad=3.73e-01 | 1.1s
[    72] loss=-0.8444 | res=2.11e-04 | grad=4.64e-01 | 1.1s
[    73] loss=-0.8822 | res=3.20e-04 | grad=1.67e-01 | 1.1s
[    74] loss=-0.6946 | res=4.67e-04 | grad=7.00e-01 | 1.1s
[    75] loss=-0.8210 | res=7.39e-05 | grad=3.31e-01 | 1.1s
[    76] loss=-0.9088 | res=4.55e-04 | grad=9.81e-02 | 1.1s
[    77] loss=-0.7885 | res=4.69e-04 | grad=5.91e-01 | 1.1s
[    78] loss=-0.7410 | res=8.67e-04 | grad=5.51e-01 | 1.0s
[    79] loss=-0.8192 | res=4.89e-04 | grad=2.94e-01 | 1.1s
[    80] loss=-0.8455 | res=7.71e-04 | grad=3.45e-01 | 1.0s
[    81] loss=-0.8112 | res=1.76e-04 | grad=1.69e-01 | 1.1s
[    82] loss=-0.9064 | res=1.81e-04 | grad=3.51e-01 | 1.1s
[    83] loss=-0.7737 | res=4.07e-04 | grad=3.07e-01 | 1.1s
[    84] loss=-0.8144 | res=9.21e-04 | grad=2.44e-01 | 1.1s
[    85] loss=-0.8806 | res=1.40e-04 | grad=2.20e-01 | 1.1s
[    86] loss=-0.8883 | res=4.81e-04 | grad=5.72e-01 | 1.1s
[    87] loss=-0.8158 | res=8.58e-04 | grad=2.69e-01 | 1.1s
[    88] loss=-0.9087 | res=1.30e-04 | grad=5.52e-01 | 1.1s
[    89] loss=-0.7869 | res=5.57e-04 | grad=3.87e-01 | 1.0s
[    90] loss=-0.8543 | res=2.51e-04 | grad=2.26e-01 | 1.0s
[    91] loss=-0.7622 | res=2.93e-04 | grad=5.44e-01 | 1.0s
[    92] loss=-0.9487 | res=3.97e-04 | grad=3.99e-01 | 1.0s
[    93] loss=-0.8751 | res=1.94e-04 | grad=2.59e-01 | 1.0s
[    94] loss=-0.8762 | res=1.26e-03 | grad=3.39e-01 | 1.0s
[    95] loss=-0.8769 | res=5.19e-04 | grad=2.44e-01 | 1.0s
[    96] loss=-0.8487 | res=2.65e-04 | grad=6.66e-01 | 1.0s
[    97] loss=-0.8415 | res=6.67e-04 | grad=3.37e-01 | 1.0s
[    98] loss=-0.9433 | res=2.73e-04 | grad=5.50e-01 | 1.0s
[    99] loss=-0.8548 | res=9.88e-04 | grad=3.12e-01 | 1.0s
[   100] loss=-0.8742 | res=9.62e-04 | grad=1.27e-01 | 1.0s
[   101] loss=-0.8147 | res=5.14e-04 | grad=6.99e-01 | 1.0s
[   102] loss=-0.8711 | res=4.60e-04 | grad=3.41e-01 | 1.0s
[   103] loss=-0.8601 | res=6.74e-04 | grad=4.99e-01 | 1.0s
[   104] loss=-0.7518 | res=7.10e-04 | grad=4.72e-01 | 1.0s
[   105] loss=-0.8747 | res=4.36e-04 | grad=3.79e-01 | 1.0s
[   106] loss=-0.8650 | res=3.99e-04 | grad=5.63e-01 | 1.1s
[   107] loss=-0.8242 | res=1.11e-03 | grad=1.23e-01 | 1.1s
[   108] loss=-0.8100 | res=2.86e-04 | grad=4.00e-01 | 1.1s
[   109] loss=-0.7856 | res=6.28e-04 | grad=4.80e-01 | 1.1s
[   110] loss=-0.9364 | res=7.20e-04 | grad=9.72e-01 | 1.1s
[   111] loss=-0.9108 | res=2.35e-04 | grad=3.78e-01 | 1.1s
[   112] loss=-0.8830 | res=4.57e-04 | grad=4.42e-01 | 1.1s
[   113] loss=-0.8348 | res=2.19e-04 | grad=2.07e-01 | 1.1s
[   114] loss=-0.9325 | res=2.86e-04 | grad=5.32e-01 | 1.1s
[   115] loss=-0.9257 | res=2.13e-08 | grad=3.75e-01 | 1.1s
[   116] loss=-0.8586 | res=1.51e-04 | grad=1.26e-01 | 1.1s
[   117] loss=-0.7402 | res=1.91e-04 | grad=4.89e-01 | 1.1s
[   118] loss=-0.8633 | res=5.25e-04 | grad=2.09e-01 | 1.1s
[   119] loss=-0.8195 | res=5.06e-05 | grad=5.27e-01 | 1.1s
[   120] loss=-0.7158 | res=4.01e-04 | grad=7.01e-01 | 1.1s
[   121] loss=-0.8320 | res=2.72e-04 | grad=4.05e-01 | 1.1s
[   122] loss=-0.8380 | res=4.41e-04 | grad=3.82e-01 | 1.1s
[   123] loss=-0.8413 | res=8.12e-05 | grad=1.34e-01 | 1.1s
[   124] loss=-0.7696 | res=1.26e-04 | grad=5.62e-01 | 1.1s
[   125] loss=-0.7894 | res=6.25e-04 | grad=1.95e-01 | 1.1s
[   126] loss=-0.8798 | res=6.48e-04 | grad=6.08e-01 | 1.1s
[   127] loss=-0.7878 | res=1.25e-04 | grad=3.69e-01 | 1.1s
[   128] loss=-0.8156 | res=6.68e-04 | grad=3.57e-01 | 1.1s
[   129] loss=-0.7999 | res=2.50e-04 | grad=3.01e-01 | 1.1s
[   130] loss=-0.7956 | res=2.91e-04 | grad=4.17e-01 | 1.1s
[   131] loss=-0.9006 | res=3.05e-04 | grad=4.31e-01 | 1.1s
[   132] loss=-0.9575 | res=5.29e-04 | grad=7.56e-01 | 1.1s
[   133] loss=-0.8552 | res=4.41e-04 | grad=5.86e-01 | 1.1s
[   134] loss=-0.7910 | res=3.27e-04 | grad=3.64e-01 | 1.1s
[   135] loss=-0.8381 | res=2.63e-04 | grad=2.82e-01 | 1.1s
[   136] loss=-0.8852 | res=2.89e-04 | grad=4.74e-01 | 1.1s
[   137] loss=-0.7801 | res=4.83e-04 | grad=5.48e-01 | 1.1s
[   138] loss=-0.7935 | res=5.88e-04 | grad=4.13e-01 | 1.1s
[   139] loss=-0.9406 | res=1.75e-04 | grad=3.60e-01 | 1.1s
[   140] loss=-0.9428 | res=1.05e-03 | grad=2.25e-01 | 1.1s
[   141] loss=-0.8561 | res=5.36e-04 | grad=4.70e-01 | 1.1s
[   142] loss=-0.9101 | res=2.35e-04 | grad=3.65e-01 | 1.1s
[   143] loss=-0.8188 | res=4.73e-04 | grad=4.11e-01 | 1.1s
[   144] loss=-0.8830 | res=1.60e-04 | grad=3.10e-01 | 1.1s
[   145] loss=-0.7151 | res=4.49e-04 | grad=6.58e-01 | 1.1s
[   146] loss=-0.7653 | res=3.80e-04 | grad=4.46e-01 | 1.1s
[   147] loss=-0.8375 | res=4.19e-04 | grad=2.68e-01 | 1.0s
[   148] loss=-0.8816 | res=1.94e-04 | grad=1.98e-01 | 1.0s
[   149] loss=-0.9559 | res=2.96e-04 | grad=7.75e-01 | 1.0s
[   150] loss=-0.8095 | res=4.50e-04 | grad=1.49e-01 | 1.0s
[   151] loss=-0.9265 | res=4.58e-04 | grad=6.84e-01 | 1.0s
[   152] loss=-0.8457 | res=4.18e-04 | grad=3.56e-01 | 1.0s
[   153] loss=-0.8154 | res=2.23e-04 | grad=3.68e-01 | 1.1s
[   154] loss=-0.7081 | res=3.62e-04 | grad=4.38e-01 | 1.1s
[   155] loss=-0.8299 | res=3.25e-04 | grad=4.29e-01 | 1.1s
[   156] loss=-0.8789 | res=7.96e-04 | grad=3.39e-01 | 1.1s
[   157] loss=-0.7811 | res=1.87e-04 | grad=4.03e-01 | 1.1s
[   158] loss=-0.9078 | res=7.25e-04 | grad=3.59e-01 | 1.1s
[   159] loss=-0.8344 | res=5.15e-04 | grad=1.60e-01 | 1.1s
[   160] loss=-0.7538 | res=1.56e-08 | grad=3.98e-01 | 1.1s
[   161] loss=-0.8601 | res=1.64e-04 | grad=5.83e-01 | 1.1s
[   162] loss=-0.7375 | res=2.38e-04 | grad=4.19e-01 | 1.1s
[   163] loss=-0.8126 | res=3.94e-04 | grad=2.46e-01 | 1.1s
[   164] loss=-0.8227 | res=1.02e-04 | grad=1.51e-01 | 1.1s
[   165] loss=-0.8064 | res=1.36e-04 | grad=4.71e-01 | 1.1s
[   166] loss=-0.8308 | res=2.24e-04 | grad=2.27e-01 | 1.1s
[   167] loss=-0.7778 | res=8.57e-04 | grad=2.89e-01 | 1.1s
[   168] loss=-0.9282 | res=2.07e-04 | grad=5.60e-01 | 1.1s
[   169] loss=-0.9024 | res=5.80e-04 | grad=2.81e-01 | 1.1s
[   170] loss=-0.8068 | res=5.60e-04 | grad=2.90e-01 | 1.1s
[   171] loss=-0.8790 | res=1.11e-04 | grad=4.81e-01 | 1.1s
[   172] loss=-0.7874 | res=1.49e-04 | grad=7.52e-01 | 1.1s
[   173] loss=-0.8890 | res=5.08e-04 | grad=1.76e-01 | 1.1s
[   174] loss=-0.9363 | res=2.00e-04 | grad=3.07e-01 | 1.0s
[   175] loss=-0.8848 | res=1.03e-04 | grad=4.25e-01 | 1.0s
[   176] loss=-0.7896 | res=5.17e-04 | grad=2.29e-01 | 1.0s
[   177] loss=-0.8464 | res=1.54e-04 | grad=4.77e-01 | 1.0s
[   178] loss=-0.8056 | res=6.32e-04 | grad=3.59e-01 | 1.0s
[   179] loss=-0.8075 | res=2.15e-04 | grad=4.72e-01 | 1.0s
[   180] loss=-0.8258 | res=8.77e-04 | grad=3.15e-01 | 1.0s
[   181] loss=-0.8364 | res=3.91e-04 | grad=3.45e-01 | 1.0s
[   182] loss=-0.8702 | res=6.06e-04 | grad=2.08e-01 | 1.0s
[   183] loss=-0.9087 | res=5.52e-05 | grad=4.50e-01 | 1.0s
[   184] loss=-0.8458 | res=5.01e-04 | grad=3.65e-01 | 1.0s
[   185] loss=-0.8004 | res=6.59e-05 | grad=4.27e-01 | 1.0s
[   186] loss=-0.8351 | res=4.26e-04 | grad=5.19e-01 | 1.0s
[   187] loss=-0.8128 | res=3.25e-04 | grad=3.10e-01 | 1.0s
[   188] loss=-0.8750 | res=3.44e-04 | grad=4.29e-01 | 1.0s
[   189] loss=-0.8327 | res=2.42e-04 | grad=1.70e-01 | 1.0s
[   190] loss=-0.8618 | res=7.64e-10 | grad=2.36e-01 | 1.0s
[   191] loss=-0.7235 | res=2.08e-04 | grad=4.94e-01 | 1.1s
[   192] loss=-0.8356 | res=1.20e-04 | grad=2.28e-01 | 1.1s
[   193] loss=-0.7977 | res=1.28e-04 | grad=4.24e-01 | 1.1s
[   194] loss=-0.8951 | res=4.20e-04 | grad=3.85e-01 | 1.1s
[   195] loss=-0.8281 | res=1.75e-04 | grad=2.89e-01 | 1.1s
[   196] loss=-0.8340 | res=3.71e-04 | grad=3.67e-01 | 1.1s
[   197] loss=-0.8861 | res=5.41e-04 | grad=3.90e-01 | 1.1s
[   198] loss=-0.7808 | res=2.89e-04 | grad=4.10e-01 | 1.1s
[   199] loss=-0.8782 | res=2.26e-04 | grad=6.36e-01 | 1.1s
[   200] loss=-0.8135 | res=4.50e-04 | grad=3.95e-01 | 1.1s
[   201] loss=-0.8811 | res=1.50e-04 | grad=2.36e-01 | 1.1s
[   202] loss=-0.9223 | res=2.03e-04 | grad=2.76e-01 | 1.1s
[   203] loss=-0.8185 | res=9.19e-04 | grad=2.07e-01 | 1.1s
[   204] loss=-0.8319 | res=6.26e-05 | grad=1.44e-01 | 1.1s
[   205] loss=-0.8959 | res=6.72e-04 | grad=3.00e-01 | 1.1s
[   206] loss=-0.8899 | res=3.31e-04 | grad=3.88e-01 | 1.1s
[   207] loss=-0.8719 | res=5.38e-11 | grad=6.01e-01 | 1.1s
[   208] loss=-0.9614 | res=3.10e-04 | grad=2.83e-01 | 1.1s
[   209] loss=-0.8660 | res=1.70e-04 | grad=4.94e-01 | 1.1s
[   210] loss=-0.7824 | res=2.44e-04 | grad=4.32e-01 | 1.1s
[   211] loss=-0.7573 | res=5.27e-05 | grad=7.79e-01 | 1.1s
[   212] loss=-0.8351 | res=5.56e-04 | grad=6.76e-01 | 1.1s
[   213] loss=-0.8096 | res=2.97e-04 | grad=7.56e-01 | 1.1s
[   214] loss=-0.8582 | res=7.13e-04 | grad=2.04e-01 | 1.1s
[   215] loss=-0.7964 | res=7.59e-04 | grad=1.59e-01 | 1.1s
[   216] loss=-0.8069 | res=8.05e-05 | grad=3.19e-01 | 1.1s
[   217] loss=-0.8295 | res=7.34e-05 | grad=3.03e-01 | 1.1s
[   218] loss=-0.8438 | res=2.95e-04 | grad=4.71e-01 | 1.1s
[   219] loss=-0.9344 | res=3.00e-04 | grad=7.96e-01 | 1.1s
[   220] loss=-0.9929 | res=4.97e-04 | grad=9.71e-01 | 1.1s
[   221] loss=-0.8050 | res=2.01e-04 | grad=1.62e-01 | 1.1s
[   222] loss=-0.9467 | res=2.26e-04 | grad=4.87e-01 | 1.1s
[   223] loss=-0.7897 | res=2.46e-04 | grad=4.90e-01 | 1.1s
[   224] loss=-0.8631 | res=2.23e-04 | grad=3.37e-01 | 1.1s
[   225] loss=-0.8624 | res=3.11e-04 | grad=6.20e-01 | 1.1s
[   226] loss=-0.7917 | res=3.74e-04 | grad=5.51e-01 | 1.1s
[   227] loss=-0.8812 | res=2.38e-04 | grad=3.84e-01 | 1.1s
[   228] loss=-0.8396 | res=1.62e-04 | grad=2.95e-01 | 1.1s
[   229] loss=-0.7983 | res=9.62e-04 | grad=5.42e-01 | 1.1s
[   230] loss=-0.8445 | res=1.27e-04 | grad=3.48e-01 | 1.1s
[   231] loss=-0.8939 | res=2.17e-04 | grad=3.88e-01 | 1.1s
[   232] loss=-0.9168 | res=2.68e-04 | grad=4.84e-01 | 1.1s
[   233] loss=-0.8441 | res=8.86e-04 | grad=2.28e-01 | 1.1s
[   234] loss=-0.9342 | res=5.80e-04 | grad=4.58e-01 | 1.1s
[   235] loss=-0.8840 | res=7.44e-04 | grad=2.14e-01 | 1.1s
[   236] loss=-0.8221 | res=8.53e-05 | grad=3.44e-01 | 1.1s
[   237] loss=-0.8460 | res=1.47e-04 | grad=7.02e-01 | 1.1s
[   238] loss=-0.7357 | res=2.38e-04 | grad=5.26e-01 | 1.1s
[   239] loss=-0.8890 | res=1.16e-04 | grad=2.05e-01 | 1.1s
[   240] loss=-0.8591 | res=3.27e-04 | grad=1.97e-01 | 1.1s
[   241] loss=-0.8750 | res=3.36e-04 | grad=4.80e-01 | 1.1s
[   242] loss=-0.9043 | res=1.31e-04 | grad=2.74e-01 | 1.1s
[   243] loss=-0.8172 | res=4.05e-04 | grad=3.72e-01 | 1.1s
[   244] loss=-0.7870 | res=1.10e-04 | grad=5.27e-01 | 1.1s
[   245] loss=-0.7873 | res=1.94e-06 | grad=5.75e-01 | 1.1s
[   246] loss=-0.7720 | res=2.82e-04 | grad=4.10e-01 | 1.1s
[   247] loss=-0.7910 | res=3.17e-04 | grad=4.76e-01 | 1.1s
[   248] loss=-0.7635 | res=2.54e-04 | grad=2.68e-01 | 1.1s
[   249] loss=-0.8484 | res=5.62e-05 | grad=6.38e-01 | 1.1s
[   250] loss=-0.8209 | res=6.11e-05 | grad=3.74e-01 | 1.1s
[   251] loss=-0.7889 | res=3.97e-04 | grad=3.45e-01 | 1.1s
[   252] loss=-0.8628 | res=3.88e-04 | grad=4.61e-01 | 1.1s
[   253] loss=-0.8332 | res=3.32e-04 | grad=5.41e-01 | 1.1s
[   254] loss=-0.8457 | res=4.77e-04 | grad=3.68e-01 | 1.1s
[   255] loss=-0.8090 | res=4.70e-04 | grad=5.88e-01 | 1.1s
[   256] loss=-0.9106 | res=3.89e-09 | grad=4.23e-01 | 1.1s
[   257] loss=-0.8857 | res=3.19e-04 | grad=6.92e-01 | 1.1s
[   258] loss=-0.8088 | res=3.17e-09 | grad=3.13e-01 | 1.1s
[   259] loss=-0.7647 | res=2.99e-04 | grad=4.80e-01 | 1.1s
[   260] loss=-0.9294 | res=1.12e-04 | grad=1.77e-01 | 1.1s
[   261] loss=-0.8114 | res=2.22e-04 | grad=5.23e-01 | 1.1s
[   262] loss=-0.8065 | res=6.32e-04 | grad=3.73e-01 | 1.1s
[   263] loss=-0.8589 | res=4.79e-04 | grad=3.46e-01 | 1.1s
[   264] loss=-0.8004 | res=3.86e-04 | grad=4.30e-01 | 1.1s
[   265] loss=-0.8752 | res=7.83e-05 | grad=4.41e-01 | 1.1s
[   266] loss=-0.8355 | res=5.58e-04 | grad=2.81e-01 | 1.1s
[   267] loss=-0.9020 | res=5.24e-05 | grad=3.90e-01 | 1.1s
[   268] loss=-0.8814 | res=3.86e-04 | grad=2.12e-01 | 1.1s
[   269] loss=-0.8667 | res=1.62e-04 | grad=3.59e-01 | 1.1s
[   270] loss=-0.7952 | res=3.66e-04 | grad=3.14e-01 | 1.1s
[   271] loss=-0.7526 | res=1.07e-04 | grad=4.04e-01 | 1.1s
[   272] loss=-0.8023 | res=2.45e-04 | grad=3.55e-01 | 1.1s
[   273] loss=-0.8493 | res=2.07e-04 | grad=2.72e-01 | 1.1s
[   274] loss=-0.8875 | res=7.79e-05 | grad=4.08e-01 | 1.1s
[   275] loss=-0.8175 | res=1.68e-04 | grad=2.23e-01 | 1.1s
[   276] loss=-0.7730 | res=3.04e-04 | grad=7.25e-01 | 1.1s
[   277] loss=-0.7994 | res=3.38e-04 | grad=1.98e-01 | 1.1s
[   278] loss=-0.7346 | res=7.55e-05 | grad=4.70e-01 | 1.1s
[   279] loss=-0.8297 | res=2.60e-04 | grad=2.15e-01 | 1.1s
[   280] loss=-0.8366 | res=5.56e-05 | grad=4.41e-01 | 1.1s
[   281] loss=-0.8026 | res=5.71e-05 | grad=3.49e-01 | 1.1s
[   282] loss=-0.8811 | res=3.61e-04 | grad=3.21e-01 | 1.1s
[   283] loss=-0.9091 | res=4.49e-04 | grad=2.86e-01 | 1.1s
[   284] loss=-0.8424 | res=8.91e-05 | grad=2.82e-01 | 1.1s
[   285] loss=-0.8715 | res=1.21e-04 | grad=5.08e-01 | 1.1s
[   286] loss=-0.8458 | res=3.48e-04 | grad=1.62e-01 | 1.1s
[   287] loss=-0.7931 | res=3.71e-04 | grad=7.06e-01 | 1.1s
[   288] loss=-0.9139 | res=4.06e-04 | grad=5.15e-01 | 1.1s
[   289] loss=-0.8760 | res=1.37e-04 | grad=4.98e-01 | 1.1s
[   290] loss=-0.8292 | res=5.00e-04 | grad=2.91e-01 | 1.1s
[   291] loss=-0.8021 | res=5.96e-05 | grad=4.89e-01 | 1.1s
[   292] loss=-0.8995 | res=3.65e-04 | grad=5.22e-01 | 1.1s
[   293] loss=-0.8354 | res=3.96e-04 | grad=6.19e-01 | 1.1s
[   294] loss=-0.7524 | res=3.58e-04 | grad=7.68e-01 | 1.2s
[   295] loss=-0.8419 | res=3.54e-04 | grad=2.25e-01 | 1.1s
[   296] loss=-0.8522 | res=1.40e-04 | grad=4.10e-01 | 1.1s
[   297] loss=-0.8874 | res=5.21e-04 | grad=2.02e-01 | 1.1s
[   298] loss=-0.8075 | res=4.34e-04 | grad=3.88e-01 | 1.1s
[   299] loss=-0.9183 | res=5.89e-05 | grad=5.97e-01 | 1.1s
[   300] loss=-0.8233 | res=4.41e-04 | grad=2.51e-01 | 1.1s
[   301] loss=-0.8057 | res=3.79e-04 | grad=4.15e-01 | 1.1s
[   302] loss=-0.8085 | res=2.54e-04 | grad=3.99e-01 | 1.1s
[   303] loss=-0.8102 | res=5.11e-04 | grad=9.22e-01 | 1.1s
[   304] loss=-0.8665 | res=1.65e-04 | grad=4.07e-01 | 1.1s
[   305] loss=-0.8102 | res=9.20e-04 | grad=2.70e-01 | 1.1s
[   306] loss=-0.7498 | res=1.45e-04 | grad=5.18e-01 | 1.1s
[   307] loss=-0.7553 | res=2.94e-04 | grad=2.42e-01 | 1.1s
[   308] loss=-0.7943 | res=2.83e-04 | grad=2.52e-01 | 1.1s
[   309] loss=-0.8366 | res=5.30e-04 | grad=1.76e-01 | 1.1s
[   310] loss=-0.8584 | res=5.89e-04 | grad=6.91e-01 | 1.1s
[   311] loss=-0.8346 | res=3.59e-04 | grad=4.22e-01 | 1.1s
[   312] loss=-0.7885 | res=5.57e-04 | grad=4.94e-01 | 1.1s
[   313] loss=-0.7107 | res=1.75e-04 | grad=4.47e-01 | 1.1s
[   314] loss=-0.9401 | res=2.08e-04 | grad=5.55e-01 | 1.1s
[   315] loss=-0.9218 | res=1.13e-08 | grad=2.00e-01 | 1.1s
[   316] loss=-0.9633 | res=4.99e-05 | grad=3.08e-01 | 1.1s
[   317] loss=-0.8367 | res=2.11e-04 | grad=1.94e-01 | 1.1s
[   318] loss=-0.7441 | res=2.36e-04 | grad=5.32e-01 | 1.1s
[   319] loss=-0.7394 | res=2.01e-04 | grad=6.28e-01 | 1.1s
[   320] loss=-0.8028 | res=3.77e-04 | grad=3.71e-01 | 1.1s
[   321] loss=-0.8019 | res=2.16e-04 | grad=4.14e-01 | 1.1s
[   322] loss=-0.8572 | res=1.81e-04 | grad=3.15e-01 | 1.1s
[   323] loss=-0.8092 | res=5.97e-04 | grad=7.14e-01 | 1.1s
[   324] loss=-0.8454 | res=3.13e-04 | grad=2.81e-01 | 1.1s
[   325] loss=-0.8247 | res=6.44e-04 | grad=2.28e-01 | 1.1s
[   326] loss=-0.8755 | res=4.08e-04 | grad=3.12e-01 | 1.1s
[   327] loss=-0.8757 | res=5.77e-05 | grad=4.18e-01 | 1.1s
[   328] loss=-0.8259 | res=2.08e-04 | grad=4.14e-01 | 1.1s
[   329] loss=-0.8994 | res=3.28e-04 | grad=3.57e-01 | 1.1s
[   330] loss=-0.8067 | res=2.76e-04 | grad=4.21e-01 | 1.1s
[   331] loss=-0.8278 | res=5.83e-04 | grad=1.87e-01 | 1.1s
[   332] loss=-0.7839 | res=7.03e-04 | grad=3.78e-01 | 1.1s
[   333] loss=-0.8293 | res=6.09e-04 | grad=2.38e-01 | 1.1s
[   334] loss=-0.8935 | res=1.28e-04 | grad=4.34e-01 | 1.1s
[   335] loss=-0.8392 | res=2.80e-04 | grad=2.55e-01 | 1.1s
[   336] loss=-0.7697 | res=2.02e-04 | grad=3.22e-01 | 1.1s
[   337] loss=-0.8313 | res=3.28e-04 | grad=4.23e-02 | 1.1s
[   338] loss=-0.8417 | res=2.98e-04 | grad=2.60e-01 | 1.1s
[   339] loss=-0.8487 | res=2.35e-04 | grad=8.47e-02 | 1.1s
[   340] loss=-0.8440 | res=2.09e-04 | grad=2.42e-01 | 1.1s
[   341] loss=-0.7664 | res=1.79e-04 | grad=4.81e-01 | 1.1s
[   342] loss=-0.7835 | res=5.06e-04 | grad=4.42e-01 | 1.1s
[   343] loss=-0.8070 | res=1.38e-04 | grad=2.46e-01 | 1.1s
[   344] loss=-1.0099 | res=2.15e-04 | grad=8.42e-01 | 1.1s
[   345] loss=-0.7802 | res=2.90e-04 | grad=5.88e-01 | 1.1s
[   346] loss=-0.8764 | res=8.13e-04 | grad=2.89e-01 | 1.1s
[   347] loss=-0.8950 | res=2.98e-04 | grad=2.94e-01 | 1.1s
[   348] loss=-0.8343 | res=9.64e-05 | grad=2.90e-01 | 1.1s
[   349] loss=-0.7049 | res=2.50e-04 | grad=4.77e-01 | 1.1s
[   350] loss=-0.8319 | res=1.28e-09 | grad=1.55e-01 | 1.1s
[   351] loss=-0.8528 | res=1.80e-04 | grad=2.14e-01 | 1.1s
[   352] loss=-0.8002 | res=2.67e-04 | grad=4.00e-01 | 1.1s
[   353] loss=-0.7758 | res=3.17e-04 | grad=4.31e-01 | 1.1s
[   354] loss=-0.8165 | res=1.97e-09 | grad=3.05e-01 | 1.1s
[   355] loss=-0.8466 | res=1.46e-04 | grad=4.02e-01 | 1.1s
[   356] loss=-0.7880 | res=6.45e-05 | grad=1.84e-01 | 1.1s
[   357] loss=-0.8283 | res=2.58e-04 | grad=2.66e-01 | 1.1s
[   358] loss=-0.8809 | res=4.80e-04 | grad=4.54e-01 | 1.1s
[   359] loss=-0.7911 | res=4.20e-14 | grad=1.96e-01 | 1.1s
[   360] loss=-0.7291 | res=2.78e-04 | grad=6.33e-01 | 1.1s
[   361] loss=-0.8621 | res=1.50e-04 | grad=2.34e-01 | 1.1s
[   362] loss=-0.8952 | res=7.41e-05 | grad=2.23e-01 | 1.1s
[   363] loss=-0.8813 | res=6.72e-04 | grad=2.76e-01 | 1.1s
[   364] loss=-0.9864 | res=3.27e-09 | grad=7.73e-01 | 1.1s
[   365] loss=-0.7729 | res=2.99e-04 | grad=4.25e-01 | 1.2s
[   366] loss=-0.8642 | res=1.57e-04 | grad=1.98e-01 | 1.2s
[   367] loss=-0.7835 | res=1.67e-04 | grad=5.44e-01 | 1.2s
[   368] loss=-0.8528 | res=2.95e-04 | grad=4.17e-01 | 1.1s
[   369] loss=-0.8298 | res=3.90e-04 | grad=3.55e-01 | 1.1s
[   370] loss=-0.6478 | res=2.94e-04 | grad=1.01e+00 | 1.1s
[   371] loss=-0.8930 | res=1.20e-15 | grad=4.58e-01 | 1.1s
[   372] loss=-0.7407 | res=3.11e-09 | grad=5.29e-01 | 1.1s
[   373] loss=-0.9467 | res=1.42e-04 | grad=7.41e-01 | 1.1s
[   374] loss=-0.8288 | res=1.66e-04 | grad=2.66e-01 | 1.1s
[   375] loss=-0.7435 | res=5.34e-09 | grad=4.97e-01 | 1.1s
[   376] loss=-0.7615 | res=2.36e-09 | grad=1.63e-01 | 1.1s
[   377] loss=-0.8410 | res=3.07e-04 | grad=3.16e-01 | 1.1s
[   378] loss=-0.8461 | res=9.61e-05 | grad=4.80e-01 | 1.1s
[   379] loss=-0.9910 | res=4.93e-05 | grad=7.77e-01 | 1.1s
[   380] loss=-0.8996 | res=3.23e-04 | grad=4.41e-01 | 1.1s
[   381] loss=-0.8064 | res=2.70e-04 | grad=2.68e-01 | 1.1s
[   382] loss=-0.8083 | res=2.87e-04 | grad=5.45e-01 | 1.1s
[   383] loss=-0.7645 | res=8.14e-05 | grad=7.46e-01 | 1.1s
[   384] loss=-0.8080 | res=2.32e-04 | grad=5.98e-01 | 1.1s
[   385] loss=-0.7945 | res=1.81e-04 | grad=4.44e-01 | 1.1s
[   386] loss=-0.8351 | res=1.16e-04 | grad=2.86e-01 | 1.1s
[   387] loss=-0.8155 | res=4.09e-11 | grad=3.15e-01 | 1.1s
[   388] loss=-0.7753 | res=2.80e-04 | grad=2.32e-01 | 1.1s
[   389] loss=-0.8112 | res=3.37e-04 | grad=4.11e-01 | 1.1s
[   390] loss=-0.7346 | res=2.46e-04 | grad=3.55e-01 | 1.1s
[   391] loss=-0.7238 | res=2.74e-04 | grad=1.93e-01 | 1.1s
[   392] loss=-0.7790 | res=1.01e-04 | grad=7.47e-01 | 1.1s
[   393] loss=-0.8864 | res=3.76e-04 | grad=6.34e-01 | 1.1s
[   394] loss=-0.8413 | res=6.81e-05 | grad=2.47e-01 | 1.1s
[   395] loss=-0.8623 | res=1.30e-04 | grad=4.27e-01 | 1.1s
[   396] loss=-0.8754 | res=1.79e-04 | grad=2.91e-01 | 1.1s
[   397] loss=-0.7647 | res=1.69e-04 | grad=3.23e-01 | 1.1s
[   398] loss=-0.7127 | res=3.88e-04 | grad=4.04e-01 | 1.1s
[   399] loss=-0.8092 | res=4.97e-04 | grad=2.44e-01 | 1.1s
[   400] loss=-0.7765 | res=2.73e-04 | grad=2.68e-01 | 1.1s
[   401] loss=-0.8708 | res=2.01e-08 | grad=3.66e-01 | 1.1s
[   402] loss=-0.8251 | res=1.04e-04 | grad=5.89e-01 | 1.1s
[   403] loss=-0.8580 | res=5.23e-05 | grad=3.32e-01 | 1.1s
[   404] loss=-0.7035 | res=2.60e-04 | grad=3.70e-01 | 1.1s
[   405] loss=-0.8421 | res=2.34e-04 | grad=4.02e-01 | 1.1s
[   406] loss=-0.8185 | res=4.17e-05 | grad=4.92e-01 | 1.1s
[   407] loss=-0.8307 | res=1.30e-15 | grad=1.99e-01 | 1.1s
[   408] loss=-0.8372 | res=2.81e-04 | grad=6.44e-02 | 1.1s
[   409] loss=-0.9341 | res=2.85e-04 | grad=4.52e-01 | 1.1s
[   410] loss=-0.8832 | res=8.72e-05 | grad=3.55e-01 | 1.1s
[   411] loss=-0.8264 | res=1.73e-04 | grad=3.60e-01 | 1.1s
[   412] loss=-0.7652 | res=1.94e-04 | grad=3.48e-01 | 1.1s
[   413] loss=-0.8872 | res=5.56e-05 | grad=3.53e-01 | 1.1s
[   414] loss=-0.8394 | res=5.39e-05 | grad=2.06e-01 | 1.1s
[   415] loss=-0.8910 | res=3.58e-04 | grad=2.00e-01 | 1.1s
[   416] loss=-0.8711 | res=1.09e-04 | grad=3.70e-01 | 1.1s
[   417] loss=-0.9185 | res=2.39e-04 | grad=3.24e-01 | 1.1s
[   418] loss=-0.7036 | res=2.72e-04 | grad=9.09e-01 | 1.1s
[   419] loss=-0.8804 | res=2.89e-04 | grad=3.19e-01 | 1.1s
[   420] loss=-0.8643 | res=3.65e-04 | grad=3.99e-01 | 1.1s
[   421] loss=-0.8825 | res=5.14e-04 | grad=3.29e-01 | 1.1s
[   422] loss=-0.8616 | res=3.67e-04 | grad=6.72e-01 | 1.1s
[   423] loss=-0.9560 | res=2.43e-04 | grad=3.75e-01 | 1.1s
[   424] loss=-0.8364 | res=2.79e-04 | grad=4.69e-01 | 1.1s
[   425] loss=-0.8958 | res=7.08e-05 | grad=2.95e-01 | 1.1s
[   426] loss=-0.8218 | res=7.11e-04 | grad=3.90e-01 | 1.1s
[   427] loss=-0.8186 | res=2.60e-04 | grad=3.25e-01 | 1.1s
[   428] loss=-0.8535 | res=4.05e-04 | grad=1.79e-01 | 1.1s
[   429] loss=-0.9430 | res=5.44e-05 | grad=2.08e-01 | 1.1s
[   430] loss=-0.9548 | res=1.77e-04 | grad=6.01e-01 | 1.1s
[   431] loss=-0.7605 | res=4.47e-04 | grad=4.99e-01 | 1.1s
[   432] loss=-0.8212 | res=4.04e-05 | grad=5.46e-01 | 1.1s
[   433] loss=-0.7786 | res=1.33e-04 | grad=2.68e-01 | 1.1s
[   434] loss=-0.8139 | res=9.17e-05 | grad=2.49e-01 | 1.1s
[   435] loss=-0.8668 | res=2.64e-04 | grad=2.37e-01 | 1.1s
[   436] loss=-0.8682 | res=3.59e-04 | grad=3.24e-01 | 1.1s
[   437] loss=-0.7638 | res=6.98e-04 | grad=2.26e-01 | 1.1s
[   438] loss=-0.8773 | res=1.15e-04 | grad=3.24e-01 | 1.1s
[   439] loss=-0.8258 | res=2.18e-04 | grad=1.55e-01 | 1.1s
[   440] loss=-0.7983 | res=5.94e-04 | grad=2.42e-01 | 1.1s
[   441] loss=-0.8205 | res=2.78e-04 | grad=2.28e-01 | 1.1s
[   442] loss=-0.8282 | res=3.85e-04 | grad=2.11e-01 | 1.2s
[   443] loss=-0.8534 | res=6.53e-05 | grad=3.85e-01 | 1.1s
[   444] loss=-0.8775 | res=3.40e-04 | grad=2.44e-01 | 1.1s
[   445] loss=-0.8659 | res=1.21e-04 | grad=2.09e-01 | 1.1s
[   446] loss=-0.9170 | res=7.54e-04 | grad=4.08e-01 | 1.1s
[   447] loss=-0.8133 | res=3.00e-04 | grad=2.13e-01 | 1.1s
[   448] loss=-0.8425 | res=4.75e-05 | grad=2.54e-01 | 1.1s
[   449] loss=-0.7541 | res=1.32e-04 | grad=6.75e-01 | 1.1s
[   450] loss=-0.8704 | res=1.56e-04 | grad=2.59e-01 | 1.1s
[   451] loss=-0.8097 | res=3.39e-04 | grad=6.29e-01 | 1.1s
[   452] loss=-0.8178 | res=1.24e-04 | grad=1.86e-01 | 1.1s
[   453] loss=-0.8093 | res=3.67e-04 | grad=2.61e-01 | 1.1s
[   454] loss=-0.8590 | res=6.92e-09 | grad=2.63e-01 | 1.1s
[   455] loss=-0.7929 | res=1.35e-04 | grad=1.43e-01 | 1.1s
[   456] loss=-0.8243 | res=3.06e-04 | grad=2.73e-01 | 1.1s
[   457] loss=-0.7381 | res=3.96e-06 | grad=1.68e-01 | 1.1s
[   458] loss=-0.8117 | res=4.29e-04 | grad=4.85e-01 | 1.1s
[   459] loss=-0.8780 | res=1.58e-04 | grad=7.01e-01 | 1.1s
[   460] loss=-0.8344 | res=2.81e-04 | grad=3.00e-01 | 1.1s
[   461] loss=-0.7598 | res=4.88e-04 | grad=3.88e-01 | 1.1s
[   462] loss=-0.8550 | res=1.91e-04 | grad=2.98e-01 | 1.1s
[   463] loss=-0.7966 | res=5.12e-05 | grad=1.22e-01 | 1.1s
[   464] loss=-0.8489 | res=1.28e-15 | grad=1.89e-01 | 1.1s
[   465] loss=-0.8209 | res=3.00e-04 | grad=6.66e-01 | 1.1s
[   466] loss=-0.9461 | res=3.24e-04 | grad=4.59e-01 | 1.1s
[   467] loss=-0.8016 | res=1.04e-04 | grad=3.91e-01 | 1.1s
[   468] loss=-0.7990 | res=3.16e-04 | grad=5.03e-01 | 1.1s
[   469] loss=-0.7553 | res=2.62e-04 | grad=5.48e-01 | 1.1s
[   470] loss=-0.8418 | res=1.27e-04 | grad=1.90e-01 | 1.1s
[   471] loss=-0.8490 | res=2.06e-04 | grad=2.86e-01 | 1.1s
[   472] loss=-0.8184 | res=2.79e-04 | grad=1.63e-01 | 1.1s
[   473] loss=-0.8182 | res=2.71e-04 | grad=1.72e-01 | 1.1s
[   474] loss=-0.8043 | res=2.71e-13 | grad=3.44e-01 | 1.1s
[   475] loss=-0.8494 | res=1.13e-09 | grad=5.90e-01 | 1.1s
[   476] loss=-0.8242 | res=1.24e-04 | grad=6.74e-01 | 1.1s
[   477] loss=-0.8095 | res=1.20e-04 | grad=5.64e-01 | 1.1s
[   478] loss=-0.7923 | res=2.03e-09 | grad=3.31e-01 | 1.1s
[   479] loss=-0.8416 | res=2.65e-04 | grad=5.34e-01 | 1.1s
[   480] loss=-0.9737 | res=2.83e-04 | grad=8.03e-01 | 1.1s
[   481] loss=-0.8757 | res=3.07e-04 | grad=4.43e-01 | 1.1s
[   482] loss=-0.8172 | res=2.72e-04 | grad=3.57e-01 | 1.1s
[   483] loss=-0.7378 | res=6.28e-04 | grad=7.05e-01 | 1.1s
[   484] loss=-0.8483 | res=2.13e-04 | grad=5.29e-01 | 1.1s
[   485] loss=-0.8136 | res=3.28e-04 | grad=5.27e-01 | 1.1s
[   486] loss=-0.8763 | res=5.98e-05 | grad=4.35e-01 | 1.1s
[   487] loss=-0.8026 | res=1.56e-04 | grad=3.97e-01 | 1.1s
[   488] loss=-0.8553 | res=3.34e-09 | grad=4.72e-01 | 1.1s
[   489] loss=-0.7823 | res=9.03e-05 | grad=3.15e-01 | 1.1s
[   490] loss=-0.8469 | res=3.30e-04 | grad=1.78e-01 | 1.1s
[   491] loss=-0.8811 | res=4.26e-05 | grad=5.50e-01 | 1.1s
[   492] loss=-0.8505 | res=1.03e-04 | grad=3.41e-01 | 1.1s
[   493] loss=-0.8683 | res=2.31e-04 | grad=4.54e-01 | 1.0s
[   494] loss=-0.9258 | res=1.62e-04 | grad=4.45e-01 | 1.1s
[   495] loss=-0.8343 | res=1.91e-04 | grad=4.40e-01 | 1.1s
[   496] loss=-0.8622 | res=2.18e-04 | grad=2.06e-01 | 1.1s
[   497] loss=-0.8241 | res=1.49e-04 | grad=1.92e-01 | 1.1s
[   498] loss=-0.8931 | res=2.52e-04 | grad=4.09e-01 | 1.1s
[   499] loss=-0.8420 | res=7.12e-09 | grad=5.52e-01 | 1.1s
[   500] loss=-0.8102 | res=1.58e-08 | grad=5.19e-01 | 1.1s
[   501] loss=-0.8023 | res=5.90e-05 | grad=4.77e-01 | 1.1s
[   502] loss=-0.7594 | res=1.51e-04 | grad=5.00e-01 | 1.1s
[   503] loss=-0.7753 | res=5.32e-05 | grad=4.97e-01 | 1.1s
[   504] loss=-0.7918 | res=1.92e-04 | grad=4.84e-01 | 1.1s
[   505] loss=-0.8028 | res=6.32e-09 | grad=4.86e-01 | 1.1s
[   506] loss=-0.8392 | res=6.82e-05 | grad=1.61e-01 | 1.1s
[   507] loss=-0.8563 | res=5.19e-04 | grad=5.11e-01 | 1.1s
[   508] loss=-0.8046 | res=6.67e-05 | grad=5.51e-01 | 1.1s
[   509] loss=-0.8481 | res=5.89e-05 | grad=6.62e-01 | 1.1s
[   510] loss=-0.7553 | res=2.98e-09 | grad=1.23e-01 | 1.1s
[   511] loss=-0.7970 | res=1.84e-04 | grad=2.82e-01 | 1.1s
[   512] loss=-0.8130 | res=3.13e-04 | grad=3.40e-01 | 1.1s
[   513] loss=-0.8127 | res=1.13e-04 | grad=3.72e-01 | 1.1s
[   514] loss=-0.8917 | res=1.14e-04 | grad=5.63e-01 | 1.1s
[   515] loss=-0.7728 | res=1.70e-04 | grad=5.49e-01 | 1.1s
[   516] loss=-0.8948 | res=1.31e-09 | grad=2.18e-01 | 1.1s
[   517] loss=-0.7490 | res=2.60e-04 | grad=5.24e-01 | 1.1s
[   518] loss=-0.8406 | res=2.11e-04 | grad=3.41e-01 | 1.1s
[   519] loss=-0.8601 | res=8.97e-05 | grad=2.62e-01 | 1.1s
[   520] loss=-0.8148 | res=1.11e-04 | grad=5.90e-01 | 1.1s
[   521] loss=-0.7987 | res=1.78e-04 | grad=4.45e-01 | 1.1s
[   522] loss=-0.7937 | res=1.09e-04 | grad=4.42e-01 | 1.1s
[   523] loss=-0.8432 | res=9.91e-05 | grad=2.45e-01 | 1.1s
[   524] loss=-0.8301 | res=2.35e-04 | grad=1.27e-01 | 1.1s
[   525] loss=-0.8520 | res=1.11e-04 | grad=2.74e-01 | 1.1s
[   526] loss=-0.7839 | res=1.10e-04 | grad=1.65e-01 | 1.1s
[   527] loss=-0.9265 | res=4.57e-05 | grad=6.59e-01 | 1.1s
[   528] loss=-0.8269 | res=5.84e-05 | grad=2.49e-01 | 1.1s
[   529] loss=-0.8316 | res=2.18e-04 | grad=1.76e-01 | 1.1s
[   530] loss=-0.8102 | res=4.70e-04 | grad=2.15e-01 | 1.1s
[   531] loss=-0.8327 | res=6.95e-04 | grad=3.66e-01 | 1.1s
[   532] loss=-0.7705 | res=6.44e-05 | grad=3.87e-01 | 1.1s
[   533] loss=-0.7304 | res=6.60e-09 | grad=4.10e-01 | 1.1s
[   534] loss=-0.9051 | res=4.15e-04 | grad=2.36e-01 | 1.1s
[   535] loss=-0.8479 | res=2.31e-04 | grad=2.22e-01 | 1.1s
[   536] loss=-0.8158 | res=5.00e-05 | grad=2.04e-01 | 1.1s
[   537] loss=-0.8690 | res=1.25e-04 | grad=2.19e-01 | 1.1s
[   538] loss=-0.8887 | res=4.77e-05 | grad=3.94e-01 | 1.1s
[   539] loss=-0.8581 | res=4.78e-05 | grad=4.73e-01 | 1.1s
[   540] loss=-0.8421 | res=7.22e-09 | grad=2.14e-01 | 1.1s
[   541] loss=-0.8034 | res=9.33e-05 | grad=1.97e-01 | 1.1s
[   542] loss=-0.9640 | res=1.80e-04 | grad=4.13e-01 | 1.1s
[   543] loss=-0.8504 | res=8.79e-05 | grad=2.81e-01 | 1.1s
[   544] loss=-0.9172 | res=7.76e-05 | grad=3.32e-01 | 1.1s
[   545] loss=-0.8345 | res=2.32e-04 | grad=1.51e-01 | 1.1s
[   546] loss=-0.8762 | res=2.47e-04 | grad=4.28e-01 | 1.1s
[   547] loss=-0.8363 | res=8.90e-05 | grad=3.72e-01 | 1.1s
[   548] loss=-0.8494 | res=3.14e-04 | grad=4.77e-01 | 1.1s
[   549] loss=-0.9109 | res=6.76e-09 | grad=4.16e-01 | 1.1s
[   550] loss=-0.8919 | res=5.55e-04 | grad=2.62e-01 | 1.1s
[   551] loss=-0.8400 | res=2.66e-04 | grad=2.78e-01 | 1.1s
[   552] loss=-0.8185 | res=3.63e-04 | grad=1.22e-01 | 1.1s
[   553] loss=-0.8658 | res=3.54e-04 | grad=3.80e-01 | 1.1s
[   554] loss=-0.8255 | res=1.99e-04 | grad=4.19e-01 | 1.1s
[   555] loss=-0.7320 | res=5.44e-04 | grad=4.13e-01 | 1.1s
[   556] loss=-0.7758 | res=1.81e-04 | grad=1.18e-01 | 1.1s
[   557] loss=-0.7991 | res=5.97e-05 | grad=3.81e-01 | 1.1s
[   558] loss=-0.8858 | res=4.98e-05 | grad=5.75e-01 | 1.1s
[   559] loss=-0.8684 | res=5.04e-04 | grad=4.17e-01 | 1.1s
[   560] loss=-0.8008 | res=2.22e-04 | grad=5.47e-02 | 1.1s
[   561] loss=-0.8906 | res=1.73e-04 | grad=3.01e-01 | 1.1s
[   562] loss=-0.7853 | res=2.95e-04 | grad=4.86e-01 | 1.1s
[   563] loss=-0.7868 | res=2.39e-04 | grad=4.79e-01 | 1.1s
[   564] loss=-0.8142 | res=2.45e-04 | grad=5.14e-01 | 1.1s
[   565] loss=-0.7471 | res=3.63e-04 | grad=4.38e-01 | 1.1s
[   566] loss=-0.9054 | res=4.33e-04 | grad=3.49e-01 | 1.1s
[   567] loss=-0.8876 | res=1.60e-04 | grad=1.98e-01 | 1.2s
[   568] loss=-0.8589 | res=6.42e-10 | grad=2.60e-01 | 1.1s
[   569] loss=-0.7680 | res=3.98e-04 | grad=3.68e-01 | 1.1s
[   570] loss=-0.8586 | res=7.43e-09 | grad=3.43e-01 | 1.1s
[   571] loss=-0.8270 | res=7.58e-05 | grad=2.83e-01 | 1.1s
[   572] loss=-0.7978 | res=1.88e-04 | grad=1.95e-01 | 1.1s
[   573] loss=-0.7926 | res=1.97e-04 | grad=2.10e-01 | 1.1s
[   574] loss=-0.7836 | res=2.51e-04 | grad=4.57e-01 | 1.1s
[   575] loss=-0.8746 | res=1.16e-04 | grad=3.69e-01 | 1.1s
[   576] loss=-0.8446 | res=1.15e-04 | grad=2.86e-01 | 1.1s
[   577] loss=-0.7742 | res=2.57e-04 | grad=1.75e-01 | 1.1s
[   578] loss=-0.8512 | res=3.74e-09 | grad=2.61e-01 | 1.1s
[   579] loss=-0.8699 | res=5.68e-04 | grad=3.49e-01 | 1.1s
[   580] loss=-0.7908 | res=1.43e-15 | grad=2.41e-01 | 1.1s
[   581] loss=-0.7760 | res=1.43e-04 | grad=1.02e-01 | 1.1s
[   582] loss=-0.7438 | res=4.78e-05 | grad=2.32e-01 | 1.1s
[   583] loss=-0.8741 | res=2.55e-08 | grad=4.79e-01 | 1.1s
[   584] loss=-0.8966 | res=3.28e-04 | grad=2.87e-01 | 1.1s
[   585] loss=-0.8689 | res=2.84e-04 | grad=1.81e-01 | 1.1s
[   586] loss=-0.8178 | res=4.30e-09 | grad=3.01e-01 | 1.1s
[   587] loss=-0.8048 | res=8.67e-05 | grad=4.07e-01 | 1.1s
[   588] loss=-0.8546 | res=3.87e-04 | grad=4.34e-01 | 1.1s
[   589] loss=-0.9126 | res=3.25e-04 | grad=2.49e-01 | 1.1s
[   590] loss=-0.8784 | res=2.52e-04 | grad=1.33e-01 | 1.1s
[   591] loss=-0.9242 | res=1.38e-04 | grad=1.35e-01 | 1.1s
[   592] loss=-0.8849 | res=1.64e-04 | grad=1.88e-01 | 1.1s
[   593] loss=-0.8995 | res=3.20e-04 | grad=1.58e-01 | 1.1s
[   594] loss=-0.8708 | res=2.09e-04 | grad=3.56e-01 | 1.1s
[   595] loss=-0.8416 | res=4.77e-05 | grad=1.99e-01 | 1.1s
[   596] loss=-0.7615 | res=1.53e-15 | grad=6.16e-01 | 1.1s
[   597] loss=-0.8933 | res=6.36e-04 | grad=5.75e-02 | 1.1s
[   598] loss=-0.9146 | res=5.79e-04 | grad=3.01e-01 | 1.1s
[   599] loss=-0.8649 | res=3.84e-04 | grad=1.47e-01 | 1.1s
[   600] loss=-0.8245 | res=5.23e-10 | grad=2.35e-01 | 1.1s
[   601] loss=-0.8051 | res=6.49e-04 | grad=2.32e-01 | 1.1s
[   602] loss=-0.8541 | res=1.50e-04 | grad=3.30e-01 | 1.1s
[   603] loss=-0.6970 | res=3.94e-04 | grad=3.84e-01 | 1.1s
[   604] loss=-0.8827 | res=5.22e-04 | grad=5.73e-01 | 1.1s
[   605] loss=-0.9372 | res=4.24e-04 | grad=7.41e-01 | 1.1s
[   606] loss=-0.8310 | res=1.31e-04 | grad=5.12e-01 | 1.2s
[   607] loss=-0.9116 | res=3.29e-09 | grad=4.91e-01 | 1.1s
[   608] loss=-0.8284 | res=4.16e-04 | grad=3.68e-01 | 1.1s
[   609] loss=-0.8354 | res=8.29e-05 | grad=3.99e-01 | 1.1s
[   610] loss=-0.7873 | res=2.17e-08 | grad=6.95e-01 | 1.1s
[   611] loss=-0.9474 | res=4.22e-04 | grad=2.38e-01 | 1.1s
[   612] loss=-0.7727 | res=2.96e-04 | grad=6.69e-01 | 1.1s
[   613] loss=-0.8935 | res=4.65e-04 | grad=1.97e-01 | 1.1s
[   614] loss=-0.7764 | res=1.96e-04 | grad=2.02e-01 | 1.1s
[   615] loss=-0.8486 | res=2.79e-04 | grad=1.95e-01 | 1.1s
[   616] loss=-0.8152 | res=1.16e-04 | grad=1.50e-01 | 1.1s
[   617] loss=-0.8061 | res=1.21e-04 | grad=2.30e-01 | 1.1s
[   618] loss=-0.8291 | res=1.74e-04 | grad=2.57e-01 | 1.1s
[   619] loss=-0.7967 | res=1.59e-04 | grad=2.41e-01 | 1.1s
[   620] loss=-0.8234 | res=3.53e-04 | grad=1.51e-01 | 1.1s
[   621] loss=-0.8087 | res=5.64e-04 | grad=3.13e-01 | 1.1s
[   622] loss=-0.7582 | res=1.37e-04 | grad=1.22e-01 | 1.1s
[   623] loss=-0.8381 | res=3.89e-04 | grad=2.34e-01 | 1.1s
[   624] loss=-0.7983 | res=1.90e-04 | grad=2.14e-01 | 1.1s
[   625] loss=-0.8707 | res=4.03e-04 | grad=4.96e-01 | 1.1s
[   626] loss=-0.9225 | res=1.62e-04 | grad=2.97e-01 | 1.1s
[   627] loss=-0.7454 | res=3.09e-04 | grad=4.35e-01 | 1.1s
[   628] loss=-0.8125 | res=9.21e-05 | grad=2.68e-01 | 1.1s
[   629] loss=-0.9155 | res=7.08e-05 | grad=3.39e-01 | 1.1s
[   630] loss=-0.9066 | res=2.93e-04 | grad=3.15e-01 | 1.1s
[   631] loss=-0.7637 | res=2.99e-04 | grad=5.65e-01 | 1.1s
[   632] loss=-0.7610 | res=2.05e-04 | grad=4.46e-01 | 1.1s
[   633] loss=-0.7246 | res=4.00e-04 | grad=2.90e-01 | 1.1s
[   634] loss=-0.8117 | res=2.21e-04 | grad=3.13e-01 | 1.1s
[   635] loss=-0.8227 | res=1.86e-04 | grad=9.88e-02 | 1.1s
[   636] loss=-0.8346 | res=1.85e-04 | grad=2.58e-01 | 1.1s
[   637] loss=-0.8950 | res=3.10e-09 | grad=4.57e-01 | 1.1s
[   638] loss=-0.7516 | res=1.40e-04 | grad=3.20e-01 | 1.1s
[   639] loss=-0.8523 | res=2.41e-09 | grad=2.72e-01 | 1.1s
[   640] loss=-0.8274 | res=3.66e-04 | grad=5.82e-01 | 1.1s
[   641] loss=-0.8527 | res=7.10e-05 | grad=4.02e-01 | 1.1s
[   642] loss=-0.7918 | res=1.15e-04 | grad=1.83e-01 | 1.1s
[   643] loss=-0.7731 | res=5.39e-04 | grad=3.24e-01 | 1.1s
[   644] loss=-0.7930 | res=2.53e-09 | grad=2.95e-01 | 1.1s
[   645] loss=-0.8273 | res=3.54e-04 | grad=1.40e-01 | 1.1s
[   646] loss=-0.7556 | res=1.21e-04 | grad=4.39e-01 | 1.1s
[   647] loss=-0.8060 | res=1.90e-04 | grad=2.79e-01 | 1.1s
[   648] loss=-0.7435 | res=4.32e-05 | grad=4.09e-01 | 1.1s
[   649] loss=-0.8391 | res=1.92e-04 | grad=1.71e-01 | 1.1s
[   650] loss=-0.8670 | res=4.41e-04 | grad=3.59e-01 | 1.1s
[   651] loss=-0.8199 | res=3.14e-04 | grad=3.10e-01 | 1.1s
[   652] loss=-0.8338 | res=1.16e-04 | grad=3.06e-01 | 1.1s
[   653] loss=-0.7521 | res=3.99e-04 | grad=1.56e-01 | 1.1s
[   654] loss=-0.7566 | res=3.64e-04 | grad=2.23e-01 | 1.1s
[   655] loss=-0.8793 | res=1.96e-04 | grad=5.11e-01 | 1.1s
[   656] loss=-0.8097 | res=2.12e-04 | grad=2.73e-01 | 1.1s
[   657] loss=-0.8324 | res=1.57e-04 | grad=1.97e-01 | 1.1s
[   658] loss=-0.8994 | res=1.31e-04 | grad=3.47e-01 | 1.1s
[   659] loss=-0.9045 | res=3.72e-09 | grad=3.22e-01 | 1.1s
[   660] loss=-0.8571 | res=3.90e-04 | grad=1.51e-01 | 1.1s
[   661] loss=-0.8397 | res=2.07e-05 | grad=2.06e-01 | 1.1s
[   662] loss=-0.8730 | res=3.93e-04 | grad=3.55e-01 | 1.1s
[   663] loss=-0.8245 | res=1.08e-08 | grad=2.67e-01 | 1.1s
[   664] loss=-0.7364 | res=5.24e-05 | grad=9.05e-01 | 1.1s
[   665] loss=-0.8084 | res=4.21e-04 | grad=2.36e-01 | 1.1s
[   666] loss=-0.8725 | res=1.30e-15 | grad=1.15e-01 | 1.1s
[   667] loss=-0.8317 | res=2.47e-04 | grad=3.49e-01 | 1.1s
[   668] loss=-0.7941 | res=2.57e-04 | grad=2.19e-01 | 1.1s
[   669] loss=-0.8092 | res=1.09e-04 | grad=3.52e-01 | 1.1s
[   670] loss=-0.8162 | res=6.06e-05 | grad=4.82e-01 | 1.1s
[   671] loss=-0.7281 | res=1.09e-04 | grad=1.63e-01 | 1.1s
[   672] loss=-0.7508 | res=2.88e-04 | grad=3.77e-01 | 1.1s
[   673] loss=-0.8168 | res=2.17e-08 | grad=2.44e-01 | 1.1s
[   674] loss=-0.7812 | res=3.51e-09 | grad=2.22e-01 | 1.1s
[   675] loss=-0.8740 | res=1.50e-04 | grad=8.16e-01 | 1.1s
[   676] loss=-0.9078 | res=1.34e-10 | grad=9.18e-01 | 1.1s
[   677] loss=-0.8407 | res=1.69e-04 | grad=3.29e-01 | 1.1s
[   678] loss=-0.8160 | res=4.72e-04 | grad=3.29e-01 | 1.1s
[   679] loss=-0.7767 | res=2.11e-04 | grad=4.03e-01 | 1.1s
[   680] loss=-0.7773 | res=3.48e-04 | grad=5.20e-01 | 1.1s
[   681] loss=-0.8413 | res=2.42e-04 | grad=4.18e-01 | 1.1s
[   682] loss=-0.8041 | res=2.38e-04 | grad=3.94e-01 | 1.1s
[   683] loss=-0.8467 | res=1.95e-09 | grad=2.16e-01 | 1.1s
[   684] loss=-0.9296 | res=1.28e-04 | grad=4.61e-01 | 1.1s
[   685] loss=-0.7773 | res=9.95e-05 | grad=3.32e-01 | 1.1s
[   686] loss=-0.7082 | res=8.31e-05 | grad=7.36e-01 | 1.1s
[   687] loss=-0.8467 | res=6.74e-09 | grad=8.24e-02 | 1.1s
[   688] loss=-0.8456 | res=3.90e-04 | grad=2.85e-01 | 1.1s
[   689] loss=-0.8196 | res=9.46e-05 | grad=3.40e-01 | 1.1s
[   690] loss=-0.8084 | res=9.86e-05 | grad=3.14e-01 | 1.1s
[   691] loss=-0.9197 | res=3.69e-09 | grad=5.24e-01 | 1.1s
[   692] loss=-0.8765 | res=1.38e-04 | grad=6.44e-01 | 1.1s
[   693] loss=-0.7656 | res=1.76e-04 | grad=1.59e-01 | 1.1s
[   694] loss=-0.8510 | res=9.37e-05 | grad=2.71e-01 | 1.1s
[   695] loss=-0.8257 | res=3.62e-04 | grad=4.07e-01 | 1.1s
[   696] loss=-0.7354 | res=2.12e-04 | grad=4.25e-01 | 1.1s
[   697] loss=-0.8319 | res=4.00e-04 | grad=1.90e-01 | 1.1s
[   698] loss=-0.8321 | res=1.37e-15 | grad=3.09e-01 | 1.1s
[   699] loss=-0.9048 | res=5.22e-05 | grad=2.81e-01 | 1.1s
[   700] loss=-0.9227 | res=1.48e-04 | grad=3.22e-01 | 1.1s
[   701] loss=-0.7427 | res=5.12e-04 | grad=5.00e-01 | 1.1s
[   702] loss=-0.9636 | res=1.69e-04 | grad=4.55e-01 | 1.1s
[   703] loss=-0.8003 | res=2.20e-04 | grad=4.08e-01 | 1.1s
[   704] loss=-0.9143 | res=5.11e-05 | grad=2.25e-01 | 1.1s
[   705] loss=-0.8934 | res=1.00e-04 | grad=1.33e-01 | 1.1s
[   706] loss=-0.9520 | res=9.23e-09 | grad=1.79e-01 | 1.1s
[   707] loss=-0.7823 | res=3.25e-04 | grad=6.54e-01 | 1.1s
[   708] loss=-0.7805 | res=2.07e-04 | grad=5.21e-01 | 1.1s
[   709] loss=-0.7921 | res=2.45e-04 | grad=2.42e-01 | 1.1s
[   710] loss=-0.7674 | res=1.89e-04 | grad=1.72e-01 | 1.1s
[   711] loss=-0.8519 | res=2.55e-04 | grad=3.51e-01 | 1.1s
[   712] loss=-0.8601 | res=2.58e-04 | grad=2.55e-01 | 1.1s
[   713] loss=-0.7923 | res=5.01e-04 | grad=2.17e-01 | 1.1s
[   714] loss=-0.7830 | res=4.26e-04 | grad=1.75e-01 | 1.1s
[   715] loss=-0.7524 | res=1.91e-04 | grad=3.00e-01 | 1.1s
[   716] loss=-0.8940 | res=1.06e-04 | grad=1.05e+00 | 1.1s
[   717] loss=-0.7892 | res=1.39e-04 | grad=2.29e-01 | 1.1s
[   718] loss=-0.7944 | res=2.24e-04 | grad=1.27e-01 | 1.1s
[   719] loss=-0.7742 | res=3.71e-04 | grad=3.35e-01 | 1.1s
[   720] loss=-0.8708 | res=9.77e-05 | grad=1.87e-01 | 1.1s
[   721] loss=-0.8099 | res=1.26e-09 | grad=2.92e-01 | 1.1s
[   722] loss=-0.7383 | res=3.23e-04 | grad=5.77e-01 | 1.1s
[   723] loss=-0.9452 | res=1.46e-04 | grad=3.47e-01 | 1.2s
[   724] loss=-0.8208 | res=3.74e-04 | grad=3.26e-01 | 1.1s
[   725] loss=-0.8774 | res=2.06e-10 | grad=1.51e-01 | 1.1s
[   726] loss=-0.8211 | res=2.74e-04 | grad=2.79e-01 | 1.1s
[   727] loss=-0.7532 | res=2.98e-04 | grad=3.02e-01 | 1.1s
[   728] loss=-0.8319 | res=1.58e-04 | grad=2.09e-01 | 1.1s
[   729] loss=-0.7962 | res=1.37e-15 | grad=2.99e-01 | 1.1s
[   730] loss=-0.7701 | res=1.01e-04 | grad=4.27e-01 | 1.1s
[   731] loss=-0.8125 | res=5.04e-05 | grad=2.36e-01 | 1.1s
[   732] loss=-0.9677 | res=2.20e-04 | grad=9.91e-01 | 1.1s
[   733] loss=-0.8378 | res=1.33e-04 | grad=4.25e-01 | 1.1s
[   734] loss=-0.8660 | res=1.88e-04 | grad=3.81e-01 | 1.1s
[   735] loss=-0.8187 | res=5.21e-05 | grad=1.14e-01 | 1.1s
[   736] loss=-0.8441 | res=1.40e-15 | grad=2.18e-01 | 1.1s
[   737] loss=-0.8703 | res=1.66e-04 | grad=3.07e-01 | 1.1s
[   738] loss=-0.8574 | res=3.72e-04 | grad=2.63e-01 | 1.1s
[   739] loss=-0.9132 | res=1.19e-04 | grad=1.91e-01 | 1.1s
[   740] loss=-0.7679 | res=2.05e-04 | grad=3.44e-01 | 1.1s
[   741] loss=-0.7879 | res=2.49e-04 | grad=6.18e-01 | 1.1s
[   742] loss=-0.9308 | res=6.62e-04 | grad=8.79e-02 | 1.1s
[   743] loss=-0.8014 | res=2.76e-04 | grad=4.54e-01 | 1.1s
[   744] loss=-0.7440 | res=1.48e-04 | grad=4.23e-01 | 1.1s
[   745] loss=-0.7798 | res=4.46e-05 | grad=2.11e-01 | 1.1s
[   746] loss=-0.8329 | res=6.02e-04 | grad=2.54e-01 | 1.1s
[   747] loss=-0.8428 | res=1.88e-04 | grad=4.06e-01 | 1.1s
[   748] loss=-0.8909 | res=3.04e-04 | grad=9.52e-01 | 1.1s
[   749] loss=-0.8828 | res=2.57e-04 | grad=7.61e-01 | 1.1s
[   750] loss=-0.8433 | res=1.15e-04 | grad=1.13e-01 | 1.1s
[   751] loss=-0.9387 | res=4.39e-04 | grad=5.11e-01 | 1.1s
[   752] loss=-0.6652 | res=8.57e-04 | grad=9.86e-01 | 1.1s
[   753] loss=-0.9273 | res=4.21e-05 | grad=1.81e-01 | 1.1s
[   754] loss=-0.8505 | res=1.17e-04 | grad=1.93e-01 | 1.1s
[   755] loss=-0.7650 | res=1.37e-04 | grad=6.22e-01 | 1.1s
[   756] loss=-0.9431 | res=2.86e-04 | grad=4.39e-01 | 1.1s
[   757] loss=-0.7660 | res=1.95e-04 | grad=4.15e-01 | 1.1s
[   758] loss=-0.8727 | res=1.93e-04 | grad=1.28e-01 | 1.1s
[   759] loss=-0.7628 | res=2.70e-04 | grad=4.16e-01 | 1.1s
[   760] loss=-0.7567 | res=1.18e-04 | grad=1.03e-01 | 1.1s
[   761] loss=-0.7880 | res=6.19e-05 | grad=2.40e-01 | 1.1s
[   762] loss=-0.8065 | res=5.34e-05 | grad=4.07e-01 | 1.1s
[   763] loss=-0.7800 | res=1.38e-04 | grad=1.29e-01 | 1.1s
[   764] loss=-0.7951 | res=5.86e-05 | grad=1.46e-01 | 1.1s
[   765] loss=-0.8561 | res=4.68e-05 | grad=5.98e-01 | 1.1s
[   766] loss=-0.8420 | res=2.73e-04 | grad=4.69e-01 | 1.1s
[   767] loss=-0.9692 | res=2.61e-04 | grad=7.11e-01 | 1.1s
[   768] loss=-0.8705 | res=3.13e-04 | grad=4.23e-01 | 1.1s
[   769] loss=-0.8055 | res=1.36e-04 | grad=1.76e-01 | 1.1s
[   770] loss=-0.9193 | res=1.13e-04 | grad=2.23e-01 | 1.1s
[   771] loss=-0.8846 | res=1.65e-04 | grad=2.71e-01 | 1.1s
[   772] loss=-0.8828 | res=4.15e-05 | grad=1.12e-01 | 1.1s
[   773] loss=-0.8427 | res=3.51e-04 | grad=4.99e-01 | 1.1s
[   774] loss=-0.8212 | res=5.25e-04 | grad=5.04e-01 | 1.1s
[   775] loss=-0.7565 | res=4.45e-04 | grad=6.67e-01 | 1.1s
[   776] loss=-0.8566 | res=2.47e-04 | grad=3.03e-01 | 1.1s
[   777] loss=-0.9830 | res=1.63e-04 | grad=3.76e-01 | 1.1s
[   778] loss=-0.8321 | res=1.12e-04 | grad=3.70e-01 | 1.1s
[   779] loss=-0.8692 | res=9.59e-05 | grad=3.13e-01 | 1.1s
[   780] loss=-0.7732 | res=1.43e-04 | grad=4.26e-01 | 1.1s
[   781] loss=-0.9083 | res=1.72e-04 | grad=5.44e-01 | 1.1s
[   782] loss=-0.8621 | res=5.54e-04 | grad=3.95e-01 | 1.1s
[   783] loss=-0.8447 | res=1.93e-04 | grad=3.47e-01 | 1.1s
[   784] loss=-0.8275 | res=9.41e-05 | grad=4.30e-01 | 1.1s
[   785] loss=-0.8543 | res=1.52e-04 | grad=2.03e-01 | 1.1s
[   786] loss=-0.8909 | res=1.14e-04 | grad=4.62e-01 | 1.1s
[   787] loss=-0.7581 | res=1.31e-09 | grad=3.03e-01 | 1.1s
[   788] loss=-0.9200 | res=2.91e-04 | grad=3.30e-01 | 1.1s
[   789] loss=-0.8265 | res=3.72e-09 | grad=5.47e-01 | 1.1s
[   790] loss=-0.9310 | res=1.22e-04 | grad=2.19e-01 | 1.1s
[   791] loss=-0.7859 | res=8.89e-05 | grad=3.52e-01 | 1.1s
[   792] loss=-0.8330 | res=5.96e-09 | grad=7.02e-01 | 1.1s
[   793] loss=-0.8975 | res=1.42e-15 | grad=2.93e-01 | 1.1s
[   794] loss=-0.8363 | res=3.72e-09 | grad=1.86e-01 | 1.1s
[   795] loss=-0.8651 | res=2.42e-09 | grad=2.92e-01 | 1.1s
[   796] loss=-0.8071 | res=1.13e-04 | grad=4.22e-01 | 1.1s
[   797] loss=-0.8460 | res=3.49e-04 | grad=2.10e-01 | 1.1s
[   798] loss=-0.7894 | res=2.75e-04 | grad=2.32e-01 | 1.1s
[   799] loss=-0.7961 | res=1.19e-04 | grad=1.82e-01 | 1.1s
[   800] loss=-0.9252 | res=1.32e-15 | grad=6.38e-01 | 1.1s
[   801] loss=-0.7753 | res=2.48e-04 | grad=1.03e-01 | 1.1s
[   802] loss=-0.7772 | res=2.79e-04 | grad=1.40e-01 | 1.1s
[   803] loss=-0.8879 | res=3.06e-04 | grad=6.05e-01 | 1.1s
[   804] loss=-0.9291 | res=2.89e-04 | grad=6.83e-01 | 1.1s
[   805] loss=-0.7659 | res=2.41e-04 | grad=2.17e-01 | 1.1s
[   806] loss=-0.8372 | res=2.01e-04 | grad=3.11e-01 | 1.1s
[   807] loss=-0.7798 | res=4.98e-06 | grad=3.89e-01 | 1.1s
[   808] loss=-0.8158 | res=3.76e-04 | grad=4.23e-01 | 1.1s
[   809] loss=-0.8018 | res=1.12e-04 | grad=4.27e-01 | 1.1s
[   810] loss=-0.7467 | res=2.47e-04 | grad=3.00e-01 | 1.1s
[   811] loss=-0.8531 | res=5.12e-09 | grad=2.09e-01 | 1.1s
[   812] loss=-0.8329 | res=2.70e-05 | grad=3.02e-01 | 1.1s
[   813] loss=-0.7710 | res=1.80e-04 | grad=4.55e-01 | 1.1s
[   814] loss=-0.8470 | res=1.07e-04 | grad=4.01e-01 | 1.1s
[   815] loss=-0.8163 | res=4.23e-05 | grad=3.31e-01 | 1.1s
[   816] loss=-0.8542 | res=1.08e-04 | grad=4.82e-01 | 1.1s
[   817] loss=-0.8846 | res=1.28e-04 | grad=6.00e-01 | 1.1s
[   818] loss=-0.7675 | res=3.93e-04 | grad=4.37e-01 | 1.1s
[   819] loss=-0.7890 | res=4.94e-09 | grad=3.09e-01 | 1.1s
[   820] loss=-0.7215 | res=1.60e-04 | grad=4.88e-01 | 1.1s
[   821] loss=-0.8755 | res=1.37e-04 | grad=2.36e-01 | 1.1s
[   822] loss=-0.7507 | res=1.83e-04 | grad=3.73e-01 | 1.1s
[   823] loss=-0.9347 | res=1.04e-04 | grad=4.63e-01 | 1.1s
[   824] loss=-0.8649 | res=3.03e-04 | grad=1.81e-01 | 1.1s
[   825] loss=-0.9107 | res=2.69e-04 | grad=1.98e-01 | 1.1s
[   826] loss=-0.8313 | res=6.27e-05 | grad=6.89e-01 | 1.1s
[   827] loss=-0.8087 | res=2.56e-04 | grad=1.94e-01 | 1.1s
[   828] loss=-0.8565 | res=6.46e-05 | grad=2.48e-01 | 1.1s
[   829] loss=-0.8363 | res=6.51e-09 | grad=2.32e-01 | 1.1s
[   830] loss=-0.8404 | res=1.40e-15 | grad=2.94e-01 | 1.1s
[   831] loss=-0.8042 | res=5.43e-05 | grad=1.87e-01 | 1.1s
[   832] loss=-0.7725 | res=4.20e-04 | grad=1.74e-01 | 1.1s
[   833] loss=-0.8896 | res=3.64e-04 | grad=5.37e-01 | 1.1s
[   834] loss=-0.8502 | res=6.13e-13 | grad=5.32e-01 | 1.1s
[   835] loss=-0.7722 | res=5.80e-05 | grad=2.69e-01 | 1.1s
[   836] loss=-0.8707 | res=2.65e-04 | grad=4.17e-01 | 1.1s
[   837] loss=-0.8552 | res=4.92e-04 | grad=6.03e-01 | 1.1s
[   838] loss=-0.7624 | res=1.28e-04 | grad=4.59e-01 | 1.1s
[   839] loss=-0.8656 | res=1.97e-04 | grad=2.12e-01 | 1.1s
[   840] loss=-0.8720 | res=4.66e-09 | grad=2.60e-01 | 1.1s
[   841] loss=-0.8747 | res=2.77e-09 | grad=2.89e-01 | 1.1s
[   842] loss=-0.7144 | res=6.45e-05 | grad=4.36e-01 | 1.1s
[   843] loss=-0.7737 | res=3.24e-04 | grad=1.94e-01 | 1.1s
[   844] loss=-0.8822 | res=1.54e-04 | grad=4.31e-01 | 1.1s
[   845] loss=-0.7750 | res=4.40e-05 | grad=3.17e-01 | 1.1s
[   846] loss=-0.7883 | res=2.46e-04 | grad=4.04e-01 | 1.1s
[   847] loss=-0.8733 | res=2.94e-04 | grad=3.58e-01 | 1.1s
[   848] loss=-0.9136 | res=5.03e-05 | grad=5.84e-01 | 1.1s
[   849] loss=-0.8407 | res=1.31e-04 | grad=3.09e-01 | 1.1s
[   850] loss=-0.8601 | res=1.08e-04 | grad=9.19e-02 | 1.1s
[   851] loss=-0.9243 | res=2.94e-04 | grad=4.17e-01 | 1.1s
[   852] loss=-0.7978 | res=3.46e-04 | grad=4.24e-01 | 1.1s
[   853] loss=-0.8128 | res=2.28e-04 | grad=1.96e-01 | 1.1s
[   854] loss=-0.7572 | res=7.33e-05 | grad=6.57e-01 | 1.1s
[   855] loss=-0.8230 | res=4.96e-04 | grad=3.10e-01 | 1.1s
[   856] loss=-0.8149 | res=2.98e-04 | grad=2.91e-01 | 1.1s
[   857] loss=-0.8210 | res=2.56e-04 | grad=3.99e-01 | 1.1s
[   858] loss=-0.8025 | res=1.53e-04 | grad=1.33e-01 | 1.1s
[   859] loss=-0.7822 | res=3.74e-13 | grad=2.05e-01 | 1.1s
[   860] loss=-0.8945 | res=1.88e-04 | grad=5.05e-01 | 1.1s
[   861] loss=-0.7982 | res=3.52e-10 | grad=1.21e-01 | 1.1s
[   862] loss=-0.8493 | res=4.47e-04 | grad=5.17e-01 | 1.1s
[   863] loss=-0.7406 | res=2.69e-04 | grad=1.77e-01 | 1.1s
[   864] loss=-0.8839 | res=1.42e-04 | grad=7.59e-01 | 1.1s
[   865] loss=-0.8384 | res=8.18e-05 | grad=3.17e-01 | 1.1s
[   866] loss=-0.8639 | res=6.87e-09 | grad=2.25e-01 | 1.1s
[   867] loss=-0.8400 | res=1.21e-04 | grad=3.98e-01 | 1.1s
[   868] loss=-0.8354 | res=5.87e-05 | grad=2.66e-01 | 1.1s
[   869] loss=-0.8591 | res=1.47e-04 | grad=1.62e-01 | 1.1s
[   870] loss=-0.8011 | res=3.05e-04 | grad=4.43e-01 | 1.1s
[   871] loss=-0.8039 | res=2.75e-04 | grad=4.83e-01 | 1.1s
[   872] loss=-0.8877 | res=1.17e-04 | grad=1.95e-01 | 1.1s
[   873] loss=-0.8936 | res=4.83e-04 | grad=7.53e-02 | 1.1s
[   874] loss=-0.9415 | res=8.09e-05 | grad=1.58e-01 | 1.2s
[   875] loss=-0.8444 | res=2.40e-04 | grad=2.40e-01 | 1.1s
[   876] loss=-0.8381 | res=1.21e-04 | grad=2.59e-01 | 1.1s
[   877] loss=-0.7659 | res=2.91e-04 | grad=3.24e-01 | 1.1s
[   878] loss=-0.8454 | res=1.39e-15 | grad=4.53e-01 | 1.1s
[   879] loss=-0.8646 | res=2.98e-04 | grad=4.08e-01 | 1.1s
[   880] loss=-0.9411 | res=3.93e-04 | grad=8.27e-01 | 1.1s
[   881] loss=-0.8055 | res=8.04e-05 | grad=1.51e-01 | 1.1s
[   882] loss=-0.8299 | res=2.30e-04 | grad=2.76e-01 | 1.1s
[   883] loss=-0.8602 | res=1.77e-04 | grad=3.80e-01 | 1.1s
[   884] loss=-0.8275 | res=2.45e-04 | grad=2.63e-01 | 1.1s
[   885] loss=-0.8973 | res=3.45e-04 | grad=4.17e-01 | 1.1s
[   886] loss=-0.7871 | res=3.11e-04 | grad=4.62e-01 | 1.1s
[   887] loss=-0.8994 | res=2.25e-04 | grad=2.69e-01 | 1.1s
[   888] loss=-0.8132 | res=3.47e-04 | grad=4.83e-01 | 1.1s
[   889] loss=-0.8475 | res=5.23e-04 | grad=1.62e-01 | 1.1s
[   890] loss=-0.9616 | res=1.46e-04 | grad=5.20e-01 | 1.1s
[   891] loss=-0.8198 | res=5.78e-05 | grad=2.10e-01 | 1.1s
[   892] loss=-0.8851 | res=3.52e-04 | grad=3.51e-01 | 1.1s
[   893] loss=-0.7730 | res=4.31e-04 | grad=2.41e-01 | 1.1s
[   894] loss=-0.8739 | res=1.67e-04 | grad=4.37e-01 | 1.1s
[   895] loss=-0.9360 | res=2.77e-04 | grad=3.67e-01 | 1.1s
[   896] loss=-0.9301 | res=3.27e-04 | grad=2.30e-01 | 1.1s
[   897] loss=-0.8070 | res=1.53e-04 | grad=2.74e-01 | 1.1s
[   898] loss=-0.8364 | res=1.10e-04 | grad=4.39e-01 | 1.1s
[   899] loss=-0.8413 | res=1.48e-04 | grad=4.28e-01 | 1.1s
[   900] loss=-0.8255 | res=7.53e-05 | grad=5.08e-01 | 1.1s
[   901] loss=-0.8865 | res=1.32e-04 | grad=2.20e-01 | 1.1s
[   902] loss=-0.8720 | res=2.05e-04 | grad=2.07e-01 | 1.1s
[   903] loss=-0.8021 | res=2.65e-04 | grad=4.05e-01 | 1.1s
[   904] loss=-0.8552 | res=6.72e-05 | grad=3.05e-01 | 1.1s
[   905] loss=-0.8065 | res=3.09e-04 | grad=4.47e-01 | 1.1s
[   906] loss=-0.7380 | res=2.75e-04 | grad=2.33e-01 | 1.1s
[   907] loss=-0.7800 | res=2.39e-05 | grad=1.41e-01 | 1.1s
[   908] loss=-0.8792 | res=2.14e-04 | grad=7.27e-01 | 1.1s
[   909] loss=-0.8913 | res=1.09e-04 | grad=5.86e-01 | 1.1s
[   910] loss=-0.8524 | res=7.86e-05 | grad=2.49e-01 | 1.1s
[   911] loss=-0.8402 | res=8.56e-05 | grad=2.61e-01 | 1.1s
[   912] loss=-0.8938 | res=4.27e-04 | grad=2.13e-01 | 1.2s
[   913] loss=-0.8616 | res=2.85e-04 | grad=2.02e-01 | 1.1s
[   914] loss=-0.8679 | res=1.85e-04 | grad=4.87e-01 | 1.1s
[   915] loss=-0.8946 | res=5.31e-05 | grad=8.76e-02 | 1.1s
[   916] loss=-0.8575 | res=6.56e-05 | grad=4.41e-01 | 1.1s
[   917] loss=-0.8523 | res=1.46e-15 | grad=5.32e-01 | 1.1s
[   918] loss=-0.8096 | res=1.38e-04 | grad=4.07e-01 | 1.1s
[   919] loss=-0.7683 | res=4.77e-04 | grad=7.22e-01 | 1.1s
[   920] loss=-0.8647 | res=9.76e-05 | grad=2.24e-01 | 1.1s
[   921] loss=-0.8132 | res=2.63e-04 | grad=7.75e-02 | 1.1s
[   922] loss=-0.8527 | res=2.61e-04 | grad=5.24e-01 | 1.1s
[   923] loss=-0.8302 | res=1.42e-04 | grad=3.76e-01 | 1.1s
[   924] loss=-0.7976 | res=2.34e-08 | grad=5.13e-01 | 1.1s
[   925] loss=-0.7664 | res=1.74e-04 | grad=2.32e-01 | 1.1s
[   926] loss=-0.9085 | res=1.09e-15 | grad=6.18e-01 | 1.1s
[   927] loss=-0.7990 | res=1.34e-04 | grad=1.64e-01 | 1.1s
[   928] loss=-0.8359 | res=1.47e-04 | grad=1.93e-01 | 1.1s
[   929] loss=-0.8676 | res=1.13e-08 | grad=1.42e-01 | 1.1s
[   930] loss=-0.7903 | res=1.77e-04 | grad=2.78e-01 | 1.1s
[   931] loss=-0.8049 | res=1.51e-04 | grad=2.47e-01 | 1.1s
[   932] loss=-0.7944 | res=1.25e-04 | grad=5.33e-01 | 1.1s
[   933] loss=-0.7863 | res=2.60e-04 | grad=2.89e-01 | 1.1s
[   934] loss=-0.8049 | res=2.30e-04 | grad=3.66e-01 | 1.1s
[   935] loss=-0.7855 | res=1.21e-04 | grad=2.57e-01 | 1.1s
[   936] loss=-0.8883 | res=1.38e-04 | grad=3.41e-01 | 1.1s
[   937] loss=-0.7901 | res=4.93e-04 | grad=3.60e-01 | 1.1s
[   938] loss=-0.7614 | res=1.20e-15 | grad=1.42e-01 | 1.1s
[   939] loss=-0.8450 | res=1.29e-15 | grad=4.11e-01 | 1.1s
[   940] loss=-0.8401 | res=1.12e-04 | grad=3.92e-01 | 1.1s
[   941] loss=-0.8419 | res=2.32e-04 | grad=3.38e-01 | 1.1s
[   942] loss=-0.8755 | res=7.82e-05 | grad=2.78e-01 | 1.1s
[   943] loss=-0.8701 | res=1.50e-04 | grad=2.10e-01 | 1.1s
[   944] loss=-0.8114 | res=4.58e-04 | grad=2.90e-01 | 1.1s
[   945] loss=-0.7596 | res=3.52e-04 | grad=4.65e-01 | 1.1s
[   946] loss=-0.9316 | res=1.01e-08 | grad=3.93e-01 | 1.1s
[   947] loss=-0.7737 | res=1.59e-11 | grad=4.33e-01 | 1.1s
[   948] loss=-0.6537 | res=3.51e-04 | grad=8.44e-01 | 1.1s
[   949] loss=-0.7929 | res=3.77e-04 | grad=2.26e-01 | 1.1s
[   950] loss=-0.8898 | res=1.29e-04 | grad=3.38e-01 | 1.1s
[   951] loss=-0.9346 | res=2.60e-04 | grad=7.16e-01 | 1.1s
[   952] loss=-0.8097 | res=1.92e-04 | grad=5.25e-01 | 1.1s
[   953] loss=-0.8653 | res=2.14e-04 | grad=4.00e-01 | 1.1s
[   954] loss=-0.9056 | res=3.11e-04 | grad=4.08e-01 | 1.1s
[   955] loss=-0.7212 | res=6.90e-05 | grad=6.90e-01 | 1.1s
[   956] loss=-0.8317 | res=2.72e-04 | grad=3.81e-01 | 1.1s
[   957] loss=-0.7914 | res=1.19e-04 | grad=4.60e-01 | 1.1s
[   958] loss=-0.8547 | res=2.84e-04 | grad=1.76e-01 | 1.1s
[   959] loss=-0.8824 | res=2.21e-04 | grad=5.47e-01 | 1.1s
[   960] loss=-0.8387 | res=1.38e-15 | grad=2.35e-01 | 1.1s
[   961] loss=-0.8161 | res=2.82e-04 | grad=4.13e-01 | 1.1s
[   962] loss=-0.8101 | res=1.91e-04 | grad=3.15e-01 | 1.1s
[   963] loss=-0.7760 | res=6.96e-05 | grad=2.38e-01 | 1.1s
[   964] loss=-0.8289 | res=6.08e-05 | grad=3.24e-01 | 1.1s
[   965] loss=-0.7761 | res=4.25e-04 | grad=3.33e-01 | 1.1s
[   966] loss=-0.7721 | res=1.63e-04 | grad=5.24e-01 | 1.1s
[   967] loss=-0.8398 | res=4.18e-04 | grad=1.88e-01 | 1.1s
[   968] loss=-0.9353 | res=4.67e-05 | grad=5.57e-01 | 1.1s
[   969] loss=-0.7690 | res=5.98e-04 | grad=1.05e-01 | 1.1s
[   970] loss=-0.7987 | res=9.48e-05 | grad=1.97e-01 | 1.1s
[   971] loss=-0.8581 | res=3.91e-04 | grad=4.20e-01 | 1.1s
[   972] loss=-0.8447 | res=1.24e-04 | grad=2.68e-01 | 1.1s
[   973] loss=-0.8122 | res=6.29e-05 | grad=1.60e-01 | 1.2s
[   974] loss=-0.9230 | res=1.23e-04 | grad=2.11e-01 | 1.1s
[   975] loss=-0.8946 | res=4.70e-05 | grad=2.94e-01 | 1.1s
[   976] loss=-0.8247 | res=1.52e-15 | grad=3.08e-01 | 1.1s
[   977] loss=-0.7996 | res=1.79e-04 | grad=4.94e-01 | 1.1s
[   978] loss=-0.7088 | res=1.35e-04 | grad=6.12e-01 | 1.1s
[   979] loss=-0.7686 | res=1.09e-04 | grad=5.91e-01 | 1.1s
[   980] loss=-0.8241 | res=7.82e-05 | grad=1.32e-01 | 1.1s
[   981] loss=-0.7961 | res=1.13e-04 | grad=2.22e-01 | 1.1s
[   982] loss=-0.8875 | res=1.88e-09 | grad=4.83e-01 | 1.1s
[   983] loss=-0.7789 | res=1.72e-04 | grad=3.56e-01 | 1.1s
[   984] loss=-0.7870 | res=2.91e-09 | grad=4.32e-01 | 1.1s
[   985] loss=-0.8704 | res=1.54e-04 | grad=5.92e-01 | 1.1s
[   986] loss=-0.7545 | res=2.91e-04 | grad=1.62e-01 | 1.1s
[   987] loss=-0.8301 | res=5.45e-05 | grad=2.38e-01 | 1.1s
[   988] loss=-0.7748 | res=2.28e-04 | grad=2.91e-01 | 1.0s
[   989] loss=-1.0166 | res=1.66e-05 | grad=6.85e-01 | 1.0s
[   990] loss=-0.8191 | res=3.07e-04 | grad=5.26e-01 | 1.0s
[   991] loss=-0.8564 | res=1.11e-04 | grad=2.98e-01 | 1.0s
[   992] loss=-0.7998 | res=3.36e-04 | grad=2.84e-01 | 1.0s
[   993] loss=-0.8492 | res=5.84e-05 | grad=2.84e-01 | 1.0s
[   994] loss=-0.8449 | res=1.09e-04 | grad=2.33e-01 | 1.1s
[   995] loss=-0.8600 | res=1.10e-04 | grad=1.44e-01 | 1.1s
[   996] loss=-0.8654 | res=1.32e-15 | grad=9.95e-02 | 1.1s
[   997] loss=-0.8126 | res=1.24e-04 | grad=2.32e-01 | 1.1s
[   998] loss=-0.8697 | res=3.55e-04 | grad=2.38e-01 | 1.1s
[   999] loss=-0.7584 | res=5.18e-05 | grad=3.78e-01 | 1.1s
[  1000] loss=-0.8109 | res=1.64e-04 | grad=2.89e-01 | 1.1s
    KL = 0.0437
    ESS ratio = 0.963
    Runtime = 1111.0s

  --- Run 3/5 (seed=34567) ---
[     1] loss=0.0100 | res=5.31e-09 | grad=9.17e+00 | 3.6s
[     2] loss=-0.1392 | res=1.03e-08 | grad=7.43e+00 | 1.1s
[     3] loss=-0.2882 | res=3.08e-09 | grad=6.93e+00 | 1.1s
[     4] loss=-0.4066 | res=7.55e-05 | grad=5.88e+00 | 1.1s
[     5] loss=-0.5211 | res=2.91e-04 | grad=5.37e+00 | 1.1s
[     6] loss=-0.6028 | res=1.99e-04 | grad=4.61e+00 | 1.1s
[     7] loss=-0.6886 | res=2.35e-09 | grad=3.55e+00 | 1.1s
[     8] loss=-0.7985 | res=9.89e-05 | grad=3.10e+00 | 1.1s
[     9] loss=-0.7662 | res=2.89e-09 | grad=2.45e+00 | 1.1s
[    10] loss=-0.7464 | res=1.04e-04 | grad=1.74e+00 | 1.1s
[    11] loss=-0.8070 | res=5.55e-09 | grad=1.36e+00 | 1.1s
[    12] loss=-0.8461 | res=5.74e-04 | grad=1.10e+00 | 1.1s
[    13] loss=-0.8394 | res=5.04e-04 | grad=5.97e-01 | 1.1s
[    14] loss=-0.7815 | res=1.12e-04 | grad=1.93e-01 | 1.1s
[    15] loss=-0.8956 | res=2.34e-04 | grad=2.92e-01 | 1.1s
[    16] loss=-0.7603 | res=4.34e-04 | grad=6.95e-01 | 1.1s
[    17] loss=-0.8878 | res=3.14e-04 | grad=7.16e-01 | 1.1s
[    18] loss=-0.7183 | res=7.19e-05 | grad=1.06e+00 | 1.1s
[    19] loss=-0.8492 | res=4.15e-04 | grad=9.79e-01 | 1.1s
[    20] loss=-0.8655 | res=6.96e-04 | grad=8.15e-01 | 1.1s
[    21] loss=-0.7710 | res=5.46e-04 | grad=1.20e+00 | 1.1s
[    22] loss=-0.7765 | res=3.31e-04 | grad=1.20e+00 | 1.1s
[    23] loss=-0.7908 | res=8.04e-05 | grad=1.17e+00 | 1.1s
[    24] loss=-0.6778 | res=4.54e-04 | grad=1.27e+00 | 1.1s
[    25] loss=-0.8362 | res=7.33e-04 | grad=1.01e+00 | 1.1s
[    26] loss=-0.7996 | res=2.06e-04 | grad=9.91e-01 | 1.1s
[    27] loss=-0.8459 | res=4.99e-04 | grad=8.51e-01 | 1.1s
[    28] loss=-0.8824 | res=3.62e-05 | grad=5.46e-01 | 1.1s
[    29] loss=-0.6922 | res=4.07e-04 | grad=8.12e-01 | 1.1s
[    30] loss=-0.8288 | res=6.84e-04 | grad=1.02e+00 | 1.1s
[    31] loss=-0.8333 | res=1.57e-04 | grad=3.83e-01 | 1.1s
[    32] loss=-0.9146 | res=1.03e-03 | grad=7.22e-01 | 1.2s
[    33] loss=-0.8487 | res=1.14e-04 | grad=4.30e-01 | 1.1s
[    34] loss=-0.8273 | res=3.18e-04 | grad=6.26e-01 | 1.1s
[    35] loss=-0.8131 | res=1.46e-08 | grad=5.21e-01 | 1.1s
[    36] loss=-0.8837 | res=1.70e-04 | grad=6.79e-01 | 1.1s
[    37] loss=-0.8090 | res=4.22e-05 | grad=5.62e-01 | 1.1s
[    38] loss=-0.8661 | res=2.01e-04 | grad=6.11e-01 | 1.0s
[    39] loss=-0.8869 | res=3.42e-04 | grad=9.14e-01 | 1.0s
[    40] loss=-0.7725 | res=4.75e-04 | grad=4.80e-01 | 1.0s
[    41] loss=-0.7585 | res=2.24e-04 | grad=2.74e-01 | 0.9s
[    42] loss=-0.8755 | res=2.09e-04 | grad=6.76e-01 | 1.0s
[    43] loss=-0.8018 | res=3.04e-04 | grad=6.37e-01 | 1.0s
[    44] loss=-0.8641 | res=1.04e-04 | grad=4.12e-01 | 1.0s
[    45] loss=-0.8262 | res=8.58e-04 | grad=4.36e-01 | 1.0s
[    46] loss=-0.7338 | res=8.52e-04 | grad=4.08e-01 | 1.0s
[    47] loss=-0.8658 | res=6.16e-04 | grad=5.59e-01 | 1.0s
[    48] loss=-0.7924 | res=7.05e-04 | grad=5.86e-01 | 0.9s
[    49] loss=-0.8570 | res=1.99e-04 | grad=4.56e-01 | 1.0s
[    50] loss=-0.8284 | res=4.56e-04 | grad=3.29e-01 | 1.0s
[    51] loss=-0.7423 | res=5.45e-04 | grad=6.30e-01 | 1.0s
[    52] loss=-0.7696 | res=4.31e-04 | grad=4.39e-01 | 1.0s
[    53] loss=-0.8538 | res=6.40e-04 | grad=4.60e-01 | 1.0s
[    54] loss=-0.8322 | res=2.14e-04 | grad=2.02e-01 | 1.0s
[    55] loss=-0.8484 | res=3.64e-04 | grad=5.42e-01 | 1.1s
[    56] loss=-0.8005 | res=5.69e-04 | grad=3.37e-01 | 1.1s
[    57] loss=-0.8808 | res=9.51e-04 | grad=2.82e-01 | 1.1s
[    58] loss=-0.7108 | res=7.20e-04 | grad=5.47e-01 | 1.1s
[    59] loss=-0.8323 | res=1.81e-03 | grad=4.17e-01 | 1.1s
[    60] loss=-0.9114 | res=8.99e-04 | grad=4.63e-01 | 1.1s
[    61] loss=-0.8481 | res=1.89e-04 | grad=3.77e-01 | 1.1s
[    62] loss=-0.7517 | res=1.27e-03 | grad=5.35e-01 | 1.1s
[    63] loss=-0.8589 | res=4.89e-04 | grad=1.63e-01 | 1.1s
[    64] loss=-0.8141 | res=7.59e-04 | grad=3.28e-01 | 1.1s
[    65] loss=-0.7516 | res=1.71e-04 | grad=2.82e-01 | 1.1s
[    66] loss=-0.8175 | res=1.28e-03 | grad=1.27e-01 | 1.1s
[    67] loss=-0.7686 | res=1.46e-03 | grad=6.06e-01 | 1.1s
[    68] loss=-0.7462 | res=4.77e-04 | grad=5.20e-01 | 1.1s
[    69] loss=-0.7724 | res=5.11e-04 | grad=5.26e-01 | 1.1s
[    70] loss=-0.8247 | res=2.00e-04 | grad=3.65e-01 | 1.1s
[    71] loss=-0.8494 | res=7.77e-04 | grad=1.96e-01 | 1.1s
[    72] loss=-0.9013 | res=9.88e-04 | grad=4.67e-01 | 1.1s
[    73] loss=-0.8298 | res=8.22e-04 | grad=4.88e-01 | 1.0s
[    74] loss=-0.7553 | res=1.22e-03 | grad=3.15e-01 | 1.1s
[    75] loss=-0.8782 | res=3.89e-04 | grad=3.24e-01 | 1.1s
[    76] loss=-0.8710 | res=8.64e-04 | grad=4.73e-01 | 1.1s
[    77] loss=-0.8173 | res=2.98e-04 | grad=3.83e-01 | 1.1s
[    78] loss=-0.8524 | res=6.85e-05 | grad=2.83e-01 | 1.1s
[    79] loss=-0.7833 | res=5.70e-04 | grad=5.25e-01 | 1.1s
[    80] loss=-0.8023 | res=4.51e-04 | grad=2.04e-01 | 1.1s
[    81] loss=-0.9198 | res=2.59e-04 | grad=3.10e-01 | 1.1s
[    82] loss=-0.7415 | res=1.10e-03 | grad=2.97e-01 | 1.1s
[    83] loss=-0.9224 | res=1.07e-03 | grad=4.89e-01 | 1.1s
[    84] loss=-0.8954 | res=4.74e-04 | grad=3.84e-01 | 1.1s
[    85] loss=-0.7157 | res=5.41e-04 | grad=4.18e-01 | 1.1s
[    86] loss=-0.8821 | res=6.86e-04 | grad=4.82e-01 | 1.1s
[    87] loss=-0.9042 | res=8.66e-04 | grad=5.29e-01 | 1.1s
[    88] loss=-0.8450 | res=3.86e-04 | grad=3.44e-01 | 1.1s
[    89] loss=-0.8963 | res=7.37e-05 | grad=3.22e-01 | 1.1s
[    90] loss=-0.7491 | res=9.87e-04 | grad=5.34e-01 | 1.1s
[    91] loss=-0.7720 | res=9.06e-04 | grad=6.09e-01 | 1.1s
[    92] loss=-0.7598 | res=7.75e-04 | grad=5.15e-01 | 1.1s
[    93] loss=-0.8784 | res=3.18e-04 | grad=4.30e-01 | 1.1s
[    94] loss=-0.9125 | res=2.42e-04 | grad=1.96e-01 | 1.1s
[    95] loss=-0.7989 | res=1.42e-03 | grad=2.15e-01 | 1.1s
[    96] loss=-0.8110 | res=4.51e-04 | grad=3.61e-01 | 1.1s
[    97] loss=-0.7906 | res=9.33e-04 | grad=4.83e-01 | 1.1s
[    98] loss=-0.8203 | res=4.50e-04 | grad=2.03e-01 | 1.1s
[    99] loss=-0.8521 | res=6.22e-04 | grad=2.29e-01 | 1.1s
[   100] loss=-0.8306 | res=5.97e-05 | grad=5.54e-01 | 1.1s
[   101] loss=-0.9235 | res=8.77e-04 | grad=7.35e-01 | 1.1s
[   102] loss=-0.8155 | res=6.77e-04 | grad=8.68e-01 | 1.1s
[   103] loss=-0.8636 | res=1.65e-04 | grad=2.78e-01 | 1.1s
[   104] loss=-0.8363 | res=4.68e-04 | grad=4.58e-01 | 1.1s
[   105] loss=-0.8891 | res=4.35e-04 | grad=7.23e-01 | 1.1s
[   106] loss=-0.8481 | res=1.24e-03 | grad=2.35e-01 | 1.1s
[   107] loss=-0.7673 | res=1.09e-03 | grad=6.86e-01 | 1.1s
[   108] loss=-0.7943 | res=8.88e-04 | grad=2.97e-01 | 1.1s
[   109] loss=-0.8077 | res=1.30e-04 | grad=3.57e-01 | 1.1s
[   110] loss=-0.7268 | res=2.21e-03 | grad=6.73e-01 | 1.1s
[   111] loss=-0.8546 | res=1.59e-03 | grad=6.65e-01 | 1.1s
[   112] loss=-0.8366 | res=9.21e-04 | grad=4.37e-01 | 1.1s
[   113] loss=-0.7119 | res=1.68e-03 | grad=6.75e-01 | 1.1s
[   114] loss=-0.7902 | res=9.79e-04 | grad=2.95e-01 | 1.1s
[   115] loss=-0.8078 | res=5.07e-04 | grad=1.43e-01 | 1.1s
[   116] loss=-0.7533 | res=7.14e-04 | grad=2.67e-01 | 1.1s
[   117] loss=-0.8922 | res=7.00e-04 | grad=5.95e-01 | 1.1s
[   118] loss=-0.9978 | res=2.79e-04 | grad=8.72e-01 | 1.1s
[   119] loss=-0.7904 | res=7.07e-04 | grad=3.54e-01 | 1.1s
[   120] loss=-0.7641 | res=1.30e-03 | grad=5.96e-01 | 1.1s
[   121] loss=-0.8309 | res=5.44e-04 | grad=5.97e-01 | 1.1s
[   122] loss=-0.8111 | res=1.07e-03 | grad=4.02e-01 | 1.1s
[   123] loss=-0.8140 | res=5.19e-04 | grad=3.30e-01 | 1.1s
[   124] loss=-0.7351 | res=5.91e-04 | grad=2.64e-01 | 1.1s
[   125] loss=-0.8899 | res=1.62e-03 | grad=6.41e-01 | 1.1s
[   126] loss=-0.9398 | res=2.47e-04 | grad=4.69e-01 | 1.1s
[   127] loss=-0.8063 | res=2.76e-04 | grad=4.02e-01 | 1.1s
[   128] loss=-0.7149 | res=3.30e-04 | grad=9.42e-01 | 1.1s
[   129] loss=-0.8288 | res=8.23e-04 | grad=5.26e-01 | 1.1s
[   130] loss=-0.8098 | res=5.09e-04 | grad=3.57e-01 | 1.1s
[   131] loss=-0.8236 | res=1.27e-03 | grad=1.24e-01 | 1.1s
[   132] loss=-0.7852 | res=4.55e-04 | grad=6.55e-01 | 1.1s
[   133] loss=-0.8449 | res=2.19e-04 | grad=4.92e-01 | 1.1s
[   134] loss=-0.8353 | res=4.16e-04 | grad=4.41e-01 | 1.1s
[   135] loss=-0.8034 | res=8.21e-04 | grad=3.22e-01 | 1.1s
[   136] loss=-0.7789 | res=6.85e-04 | grad=3.22e-01 | 1.1s
[   137] loss=-0.8463 | res=3.59e-04 | grad=3.40e-01 | 1.1s
[   138] loss=-0.9025 | res=4.68e-04 | grad=5.69e-01 | 1.1s
[   139] loss=-0.8172 | res=5.71e-04 | grad=5.22e-01 | 1.1s
[   140] loss=-0.7487 | res=5.71e-05 | grad=2.43e-01 | 1.1s
[   141] loss=-0.8622 | res=1.11e-03 | grad=4.54e-01 | 1.1s
[   142] loss=-0.8479 | res=5.00e-04 | grad=3.53e-01 | 1.1s
[   143] loss=-0.9004 | res=6.24e-04 | grad=3.91e-01 | 1.1s
[   144] loss=-0.8337 | res=1.15e-03 | grad=4.90e-01 | 1.1s
[   145] loss=-0.8531 | res=8.40e-04 | grad=2.82e-01 | 1.1s
[   146] loss=-0.8529 | res=7.49e-04 | grad=4.97e-01 | 1.1s
[   147] loss=-0.7704 | res=1.29e-03 | grad=3.35e-01 | 1.1s
[   148] loss=-0.7754 | res=6.60e-04 | grad=4.68e-01 | 1.1s
[   149] loss=-0.7762 | res=1.48e-03 | grad=4.30e-01 | 1.1s
[   150] loss=-0.8683 | res=1.01e-03 | grad=2.14e-01 | 1.1s
[   151] loss=-0.7667 | res=3.01e-04 | grad=4.37e-01 | 1.1s
[   152] loss=-0.9255 | res=6.82e-04 | grad=4.06e-01 | 1.1s
[   153] loss=-0.8433 | res=7.55e-04 | grad=3.44e-01 | 1.1s
[   154] loss=-0.8879 | res=8.57e-04 | grad=4.67e-01 | 1.1s
[   155] loss=-0.8878 | res=4.13e-04 | grad=4.21e-01 | 1.1s
[   156] loss=-0.8266 | res=5.12e-04 | grad=2.06e-01 | 1.1s
[   157] loss=-0.9178 | res=7.57e-04 | grad=4.79e-01 | 1.1s
[   158] loss=-0.8881 | res=3.83e-04 | grad=3.03e-01 | 1.1s
[   159] loss=-0.8933 | res=6.74e-04 | grad=2.96e-01 | 1.1s
[   160] loss=-0.8669 | res=1.35e-03 | grad=3.39e-01 | 1.1s
[   161] loss=-0.8009 | res=3.67e-04 | grad=3.48e-01 | 1.1s
[   162] loss=-0.8779 | res=6.67e-04 | grad=3.79e-01 | 1.1s
[   163] loss=-0.7300 | res=4.38e-04 | grad=4.43e-01 | 1.1s
[   164] loss=-0.8046 | res=1.86e-03 | grad=6.97e-01 | 1.1s
[   165] loss=-0.8574 | res=8.32e-04 | grad=3.35e-01 | 1.1s
[   166] loss=-0.8420 | res=1.01e-03 | grad=3.34e-01 | 1.1s
[   167] loss=-0.8096 | res=1.26e-03 | grad=3.77e-01 | 1.1s
[   168] loss=-0.8104 | res=4.30e-04 | grad=1.60e-01 | 1.1s
[   169] loss=-0.9343 | res=4.80e-04 | grad=4.59e-01 | 1.1s
[   170] loss=-0.8079 | res=5.74e-04 | grad=3.80e-01 | 1.1s
[   171] loss=-0.7228 | res=5.33e-04 | grad=5.13e-01 | 1.1s
[   172] loss=-0.7921 | res=8.34e-04 | grad=5.64e-01 | 1.1s
[   173] loss=-0.8398 | res=7.58e-04 | grad=5.75e-01 | 1.1s
[   174] loss=-0.8632 | res=3.72e-04 | grad=4.61e-01 | 1.1s
[   175] loss=-0.8126 | res=6.22e-04 | grad=2.25e-01 | 1.1s
[   176] loss=-0.8471 | res=7.91e-04 | grad=2.21e-01 | 1.1s
[   177] loss=-0.8829 | res=8.58e-04 | grad=5.76e-01 | 1.1s
[   178] loss=-0.8328 | res=5.03e-04 | grad=2.22e-01 | 1.1s
[   179] loss=-0.9426 | res=6.71e-04 | grad=5.78e-01 | 1.1s
[   180] loss=-0.9011 | res=8.82e-04 | grad=4.19e-01 | 1.1s
[   181] loss=-0.9676 | res=4.56e-04 | grad=3.75e-01 | 1.1s
[   182] loss=-0.6992 | res=5.13e-04 | grad=7.99e-01 | 1.1s
[   183] loss=-0.8911 | res=6.32e-04 | grad=2.53e-01 | 1.1s
[   184] loss=-0.8444 | res=6.95e-04 | grad=4.07e-01 | 1.1s
[   185] loss=-0.7069 | res=8.98e-04 | grad=5.67e-01 | 1.1s
[   186] loss=-0.7412 | res=8.49e-04 | grad=8.23e-01 | 1.1s
[   187] loss=-0.8691 | res=3.90e-04 | grad=3.04e-01 | 1.1s
[   188] loss=-0.8723 | res=4.96e-04 | grad=3.12e-01 | 1.1s
[   189] loss=-0.8955 | res=8.91e-04 | grad=4.92e-01 | 1.1s
[   190] loss=-0.8290 | res=4.09e-04 | grad=4.36e-01 | 1.1s
[   191] loss=-0.9356 | res=3.29e-04 | grad=5.59e-01 | 1.1s
[   192] loss=-0.7535 | res=1.32e-04 | grad=5.36e-01 | 1.1s
[   193] loss=-0.8568 | res=8.93e-04 | grad=3.90e-01 | 1.1s
[   194] loss=-0.7900 | res=5.30e-04 | grad=1.36e-01 | 1.1s
[   195] loss=-0.8539 | res=1.20e-03 | grad=2.81e-01 | 1.1s
[   196] loss=-0.8196 | res=1.40e-03 | grad=1.78e-01 | 1.1s
[   197] loss=-0.8107 | res=4.94e-04 | grad=5.27e-01 | 1.1s
[   198] loss=-0.7455 | res=1.43e-03 | grad=4.07e-01 | 1.1s
[   199] loss=-0.8939 | res=5.64e-04 | grad=5.04e-01 | 1.1s
[   200] loss=-0.9615 | res=1.43e-04 | grad=6.18e-01 | 1.1s
[   201] loss=-0.7975 | res=1.18e-03 | grad=3.33e-01 | 1.1s
[   202] loss=-0.6863 | res=1.45e-03 | grad=7.98e-01 | 1.1s
[   203] loss=-0.8702 | res=8.22e-04 | grad=3.16e-01 | 1.1s
[   204] loss=-0.7519 | res=3.00e-04 | grad=2.72e-01 | 1.1s
[   205] loss=-0.8735 | res=3.98e-04 | grad=1.98e-01 | 1.1s
[   206] loss=-0.9538 | res=8.80e-04 | grad=6.17e-01 | 1.1s
[   207] loss=-0.8215 | res=8.00e-04 | grad=1.45e-01 | 1.1s
[   208] loss=-0.8095 | res=1.26e-03 | grad=4.13e-01 | 1.1s
[   209] loss=-0.7970 | res=6.59e-04 | grad=1.91e-01 | 1.1s
[   210] loss=-0.7116 | res=1.00e-03 | grad=5.76e-01 | 1.1s
[   211] loss=-0.8344 | res=1.88e-03 | grad=3.63e-01 | 1.1s
[   212] loss=-0.8324 | res=1.07e-03 | grad=2.88e-01 | 1.1s
[   213] loss=-0.7768 | res=5.65e-05 | grad=3.00e-01 | 1.1s
[   214] loss=-0.8963 | res=6.17e-05 | grad=7.05e-01 | 1.1s
[   215] loss=-0.7914 | res=1.32e-04 | grad=1.73e-01 | 1.1s
[   216] loss=-0.7563 | res=7.35e-04 | grad=3.26e-01 | 1.1s
[   217] loss=-0.8220 | res=1.01e-03 | grad=3.71e-01 | 1.1s
[   218] loss=-0.7168 | res=6.23e-04 | grad=4.46e-01 | 1.1s
[   219] loss=-0.7459 | res=4.49e-04 | grad=1.36e-01 | 1.1s
[   220] loss=-0.8405 | res=4.89e-04 | grad=4.58e-01 | 1.1s
[   221] loss=-0.8269 | res=5.55e-04 | grad=2.78e-01 | 1.1s
[   222] loss=-0.7854 | res=1.23e-03 | grad=5.29e-01 | 1.1s
[   223] loss=-0.8652 | res=1.31e-04 | grad=3.38e-01 | 1.1s
[   224] loss=-0.8442 | res=1.08e-03 | grad=3.77e-01 | 1.1s
[   225] loss=-0.8791 | res=4.60e-04 | grad=3.13e-01 | 1.1s
[   226] loss=-0.7903 | res=4.30e-04 | grad=5.66e-01 | 1.1s
[   227] loss=-0.9367 | res=2.68e-04 | grad=4.96e-01 | 1.1s
[   228] loss=-0.8525 | res=6.94e-04 | grad=4.02e-01 | 1.1s
[   229] loss=-0.7911 | res=5.17e-05 | grad=3.46e-01 | 1.1s
[   230] loss=-0.7999 | res=7.54e-04 | grad=3.86e-01 | 1.1s
[   231] loss=-0.9527 | res=1.45e-04 | grad=5.57e-01 | 1.1s
[   232] loss=-0.8504 | res=5.16e-04 | grad=5.38e-01 | 1.1s
[   233] loss=-0.7557 | res=8.08e-04 | grad=8.45e-01 | 1.1s
[   234] loss=-0.8172 | res=2.20e-04 | grad=4.35e-01 | 1.1s
[   235] loss=-0.8925 | res=9.92e-04 | grad=3.63e-01 | 1.1s
[   236] loss=-0.8263 | res=9.80e-04 | grad=3.79e-01 | 1.1s
[   237] loss=-0.8368 | res=5.25e-04 | grad=1.78e-01 | 1.1s
[   238] loss=-0.8098 | res=8.66e-04 | grad=5.47e-01 | 1.1s
[   239] loss=-0.8562 | res=7.27e-04 | grad=1.25e-01 | 1.1s
[   240] loss=-0.8395 | res=8.92e-04 | grad=3.47e-01 | 1.1s
[   241] loss=-0.9479 | res=4.17e-05 | grad=5.69e-01 | 1.1s
[   242] loss=-0.7963 | res=6.93e-04 | grad=4.35e-01 | 1.1s
[   243] loss=-0.8541 | res=1.08e-03 | grad=5.02e-01 | 1.1s
[   244] loss=-0.8215 | res=6.63e-04 | grad=4.56e-01 | 1.1s
[   245] loss=-0.8879 | res=6.63e-04 | grad=3.74e-01 | 1.1s
[   246] loss=-0.9361 | res=9.25e-04 | grad=3.78e-01 | 1.1s
[   247] loss=-0.7935 | res=6.80e-04 | grad=5.94e-01 | 1.1s
[   248] loss=-0.8538 | res=5.12e-04 | grad=6.98e-01 | 1.1s
[   249] loss=-0.7608 | res=1.06e-03 | grad=6.12e-01 | 1.1s
[   250] loss=-0.8899 | res=2.76e-04 | grad=2.26e-01 | 1.1s
[   251] loss=-0.7668 | res=2.05e-04 | grad=6.24e-01 | 1.1s
[   252] loss=-0.8834 | res=7.07e-04 | grad=4.12e-01 | 1.1s
[   253] loss=-0.9205 | res=1.93e-04 | grad=6.32e-01 | 1.1s
[   254] loss=-0.7902 | res=9.65e-04 | grad=4.30e-01 | 1.1s
[   255] loss=-0.8899 | res=3.78e-04 | grad=2.28e-01 | 1.1s
[   256] loss=-0.8487 | res=4.12e-04 | grad=2.27e-01 | 1.1s
[   257] loss=-0.8613 | res=4.74e-04 | grad=3.70e-01 | 1.1s
[   258] loss=-0.8386 | res=6.63e-04 | grad=5.39e-01 | 1.0s
[   259] loss=-0.8792 | res=4.71e-04 | grad=2.99e-01 | 1.1s
[   260] loss=-0.8793 | res=5.95e-04 | grad=2.61e-01 | 1.1s
[   261] loss=-0.8111 | res=8.06e-04 | grad=3.50e-01 | 1.1s
[   262] loss=-0.8166 | res=2.83e-04 | grad=2.11e-01 | 1.1s
[   263] loss=-0.8184 | res=2.71e-04 | grad=2.35e-01 | 1.1s
[   264] loss=-0.8410 | res=1.66e-03 | grad=2.71e-01 | 1.1s
[   265] loss=-0.8321 | res=8.26e-04 | grad=4.93e-01 | 1.1s
[   266] loss=-0.8327 | res=1.10e-03 | grad=2.68e-01 | 1.1s
[   267] loss=-0.8240 | res=5.29e-04 | grad=3.54e-01 | 1.1s
[   268] loss=-0.8896 | res=7.97e-04 | grad=3.52e-01 | 1.1s
[   269] loss=-0.8920 | res=5.68e-04 | grad=4.38e-01 | 1.1s
[   270] loss=-0.8823 | res=9.05e-04 | grad=5.57e-01 | 1.1s
[   271] loss=-0.8812 | res=1.70e-04 | grad=3.13e-01 | 1.1s
[   272] loss=-0.9344 | res=1.42e-03 | grad=6.59e-01 | 1.1s
[   273] loss=-0.8175 | res=6.14e-04 | grad=4.19e-01 | 1.1s
[   274] loss=-0.8258 | res=2.25e-04 | grad=3.80e-01 | 1.1s
[   275] loss=-0.8478 | res=4.95e-04 | grad=4.68e-01 | 1.1s
[   276] loss=-0.7759 | res=8.86e-04 | grad=6.23e-01 | 1.1s
[   277] loss=-0.7821 | res=1.03e-03 | grad=5.37e-01 | 1.1s
[   278] loss=-0.8450 | res=4.62e-04 | grad=2.01e-01 | 1.1s
[   279] loss=-0.8737 | res=6.53e-04 | grad=2.54e-01 | 1.1s
[   280] loss=-0.8646 | res=5.08e-04 | grad=2.73e-01 | 1.1s
[   281] loss=-0.8072 | res=7.15e-04 | grad=5.31e-01 | 1.1s
[   282] loss=-0.8915 | res=1.10e-03 | grad=5.03e-01 | 1.1s
[   283] loss=-0.8351 | res=1.18e-03 | grad=5.55e-01 | 1.0s
[   284] loss=-0.7054 | res=7.49e-04 | grad=2.69e-01 | 1.0s
[   285] loss=-0.8471 | res=2.71e-04 | grad=3.11e-01 | 1.0s
[   286] loss=-0.7913 | res=1.16e-03 | grad=1.78e-01 | 1.0s
[   287] loss=-0.8003 | res=5.03e-04 | grad=3.98e-01 | 1.0s
[   288] loss=-0.7779 | res=2.12e-04 | grad=1.79e-01 | 1.0s
[   289] loss=-0.8678 | res=7.08e-04 | grad=4.11e-01 | 1.0s
[   290] loss=-0.8477 | res=1.27e-03 | grad=2.77e-01 | 1.1s
[   291] loss=-0.8019 | res=6.62e-04 | grad=5.37e-01 | 1.1s
[   292] loss=-0.8140 | res=9.62e-04 | grad=4.42e-01 | 1.1s
[   293] loss=-0.7229 | res=8.80e-04 | grad=4.04e-01 | 1.1s
[   294] loss=-0.8755 | res=3.63e-04 | grad=1.35e-01 | 1.1s
[   295] loss=-0.8286 | res=5.16e-04 | grad=3.72e-01 | 1.1s
[   296] loss=-0.8379 | res=3.18e-04 | grad=2.46e-01 | 1.1s
[   297] loss=-0.8626 | res=3.62e-04 | grad=2.28e-01 | 1.1s
[   298] loss=-0.7104 | res=2.13e-04 | grad=5.64e-01 | 1.1s
[   299] loss=-0.8745 | res=3.75e-04 | grad=2.08e-01 | 1.1s
[   300] loss=-0.8788 | res=2.94e-04 | grad=4.91e-01 | 1.1s
[   301] loss=-0.8634 | res=4.15e-04 | grad=2.57e-01 | 1.1s
[   302] loss=-0.7727 | res=4.23e-04 | grad=2.94e-01 | 1.0s
[   303] loss=-0.8041 | res=1.42e-03 | grad=3.51e-01 | 1.1s
[   304] loss=-0.7635 | res=6.34e-04 | grad=2.71e-01 | 1.1s
[   305] loss=-0.8274 | res=4.84e-04 | grad=5.82e-01 | 1.1s
[   306] loss=-0.8811 | res=6.84e-04 | grad=3.22e-01 | 1.1s
[   307] loss=-0.9280 | res=7.31e-04 | grad=6.83e-01 | 1.1s
[   308] loss=-0.8008 | res=7.70e-04 | grad=1.70e-01 | 1.1s
[   309] loss=-0.7862 | res=1.55e-03 | grad=3.78e-01 | 1.1s
[   310] loss=-0.8042 | res=6.30e-04 | grad=2.38e-01 | 1.1s
[   311] loss=-0.8503 | res=4.24e-04 | grad=7.28e-01 | 1.1s
[   312] loss=-0.7975 | res=4.31e-04 | grad=4.95e-01 | 1.1s
[   313] loss=-0.8630 | res=3.28e-04 | grad=5.87e-01 | 1.1s
[   314] loss=-0.8106 | res=4.25e-04 | grad=2.45e-01 | 1.1s
[   315] loss=-0.8260 | res=7.31e-04 | grad=3.08e-01 | 1.1s
[   316] loss=-0.7285 | res=4.42e-04 | grad=4.60e-01 | 1.1s
[   317] loss=-0.7848 | res=4.43e-04 | grad=4.89e-01 | 1.1s
[   318] loss=-0.8657 | res=3.53e-04 | grad=5.09e-01 | 1.1s
[   319] loss=-0.7403 | res=5.60e-04 | grad=4.36e-01 | 1.1s
[   320] loss=-0.8059 | res=4.22e-04 | grad=2.78e-01 | 1.1s
[   321] loss=-0.8925 | res=7.83e-04 | grad=8.20e-01 | 1.1s
[   322] loss=-0.7666 | res=1.22e-03 | grad=3.23e-01 | 1.1s
[   323] loss=-0.8522 | res=1.00e-03 | grad=5.75e-01 | 1.1s
[   324] loss=-0.8330 | res=6.57e-05 | grad=3.70e-01 | 1.1s
[   325] loss=-0.9248 | res=5.93e-04 | grad=6.50e-01 | 1.1s
[   326] loss=-0.8258 | res=8.39e-04 | grad=3.76e-01 | 1.1s
[   327] loss=-0.8078 | res=3.21e-04 | grad=1.40e-01 | 1.1s
[   328] loss=-0.8820 | res=7.98e-04 | grad=2.55e-01 | 1.1s
[   329] loss=-0.8255 | res=1.03e-04 | grad=2.60e-01 | 1.1s
[   330] loss=-0.7995 | res=2.26e-04 | grad=5.21e-01 | 1.1s
[   331] loss=-0.8347 | res=1.56e-04 | grad=4.75e-01 | 1.1s
[   332] loss=-0.7949 | res=4.03e-04 | grad=6.72e-01 | 1.1s
[   333] loss=-0.7964 | res=2.07e-04 | grad=3.69e-01 | 1.1s
[   334] loss=-0.8397 | res=5.31e-04 | grad=2.40e-01 | 1.1s
[   335] loss=-0.7472 | res=8.03e-04 | grad=5.74e-01 | 1.1s
[   336] loss=-0.8760 | res=4.57e-04 | grad=3.09e-01 | 1.1s
[   337] loss=-0.8245 | res=4.45e-04 | grad=4.15e-01 | 1.1s
[   338] loss=-0.7817 | res=6.72e-04 | grad=4.68e-01 | 1.1s
[   339] loss=-0.8171 | res=5.99e-04 | grad=2.79e-01 | 1.1s
[   340] loss=-0.7929 | res=1.16e-03 | grad=2.00e-01 | 1.1s
[   341] loss=-0.8787 | res=2.52e-04 | grad=5.42e-01 | 1.1s
[   342] loss=-0.8285 | res=4.90e-04 | grad=3.11e-01 | 1.0s
[   343] loss=-0.8701 | res=1.28e-03 | grad=7.61e-01 | 1.1s
[   344] loss=-0.8390 | res=4.61e-04 | grad=4.33e-01 | 1.1s
[   345] loss=-0.9154 | res=6.54e-04 | grad=5.46e-01 | 1.1s
[   346] loss=-0.7930 | res=3.81e-04 | grad=4.08e-01 | 1.1s
[   347] loss=-0.8376 | res=1.85e-04 | grad=3.26e-01 | 1.1s
[   348] loss=-0.8465 | res=8.18e-04 | grad=3.65e-01 | 1.1s
[   349] loss=-0.8352 | res=8.19e-04 | grad=3.51e-01 | 1.1s
[   350] loss=-0.9407 | res=7.64e-04 | grad=2.16e-01 | 1.1s
[   351] loss=-0.8881 | res=7.39e-04 | grad=3.19e-01 | 1.1s
[   352] loss=-0.7687 | res=5.82e-04 | grad=3.62e-01 | 1.1s
[   353] loss=-0.9198 | res=2.07e-04 | grad=2.14e-01 | 1.1s
[   354] loss=-0.8600 | res=1.18e-03 | grad=1.98e-01 | 1.1s
[   355] loss=-0.8894 | res=5.96e-04 | grad=2.67e-01 | 1.1s
[   356] loss=-0.7700 | res=1.01e-03 | grad=5.93e-01 | 1.1s
[   357] loss=-0.8541 | res=5.98e-05 | grad=2.73e-01 | 1.1s
[   358] loss=-0.9476 | res=5.74e-04 | grad=7.79e-01 | 1.1s
[   359] loss=-0.8640 | res=2.01e-04 | grad=2.07e-01 | 1.1s
[   360] loss=-0.8571 | res=2.17e-04 | grad=1.51e-01 | 1.1s
[   361] loss=-0.7780 | res=1.05e-03 | grad=3.51e-01 | 1.1s
[   362] loss=-0.8514 | res=3.97e-04 | grad=5.20e-01 | 1.1s
[   363] loss=-0.7578 | res=6.53e-04 | grad=1.80e-01 | 1.1s
[   364] loss=-0.7591 | res=8.49e-05 | grad=4.05e-01 | 1.1s
[   365] loss=-0.8451 | res=2.15e-04 | grad=5.26e-01 | 1.1s
[   366] loss=-0.8118 | res=7.26e-04 | grad=2.39e-01 | 1.1s
[   367] loss=-0.7332 | res=7.56e-04 | grad=3.32e-01 | 1.1s
[   368] loss=-0.8647 | res=6.50e-04 | grad=4.60e-01 | 1.1s
[   369] loss=-0.8324 | res=1.40e-04 | grad=4.08e-01 | 1.1s
[   370] loss=-0.7332 | res=2.75e-04 | grad=3.90e-01 | 1.1s
[   371] loss=-0.8885 | res=6.08e-04 | grad=2.44e-01 | 1.1s
[   372] loss=-0.8169 | res=5.91e-04 | grad=3.04e-01 | 1.1s
[   373] loss=-0.8525 | res=1.73e-04 | grad=3.84e-01 | 1.1s
[   374] loss=-0.9188 | res=3.40e-04 | grad=4.71e-01 | 1.1s
[   375] loss=-0.8820 | res=4.38e-04 | grad=3.74e-01 | 1.1s
[   376] loss=-0.7949 | res=5.79e-04 | grad=4.14e-01 | 1.1s
[   377] loss=-0.8824 | res=2.70e-04 | grad=1.77e-01 | 1.1s
[   378] loss=-0.9992 | res=7.03e-04 | grad=6.21e-01 | 1.1s
[   379] loss=-0.7843 | res=7.90e-04 | grad=4.53e-01 | 1.1s
[   380] loss=-0.7256 | res=7.89e-04 | grad=4.83e-01 | 1.1s
[   381] loss=-0.8819 | res=4.87e-04 | grad=4.75e-01 | 1.1s
[   382] loss=-0.8253 | res=3.10e-04 | grad=3.51e-01 | 1.1s
[   383] loss=-0.9129 | res=9.68e-04 | grad=2.27e-01 | 1.1s
[   384] loss=-0.7836 | res=6.03e-04 | grad=7.09e-01 | 1.1s
[   385] loss=-0.8024 | res=4.92e-04 | grad=4.17e-01 | 1.1s
[   386] loss=-0.9356 | res=4.42e-04 | grad=6.39e-01 | 1.1s
[   387] loss=-0.8320 | res=1.68e-04 | grad=1.81e-01 | 1.1s
[   388] loss=-0.8371 | res=6.03e-04 | grad=4.50e-01 | 1.0s
[   389] loss=-0.9039 | res=2.16e-04 | grad=4.72e-01 | 1.0s
[   390] loss=-0.8572 | res=4.74e-05 | grad=2.56e-01 | 1.0s
[   391] loss=-0.8439 | res=1.47e-03 | grad=2.52e-01 | 1.0s
[   392] loss=-0.9045 | res=3.24e-04 | grad=5.04e-01 | 0.9s
[   393] loss=-0.8899 | res=1.07e-03 | grad=2.47e-01 | 1.0s
[   394] loss=-0.9516 | res=1.61e-03 | grad=5.53e-01 | 1.0s
[   395] loss=-0.8862 | res=1.43e-03 | grad=3.10e-01 | 1.0s
[   396] loss=-0.7988 | res=4.15e-04 | grad=4.38e-01 | 1.0s
[   397] loss=-0.9165 | res=1.29e-04 | grad=1.99e-01 | 1.0s
[   398] loss=-0.7894 | res=3.93e-04 | grad=4.19e-01 | 1.0s
[   399] loss=-0.7481 | res=4.49e-04 | grad=5.48e-01 | 1.0s
[   400] loss=-0.7933 | res=3.57e-04 | grad=6.12e-01 | 1.0s
[   401] loss=-0.8490 | res=4.14e-04 | grad=2.30e-01 | 1.0s
[   402] loss=-0.7537 | res=9.23e-04 | grad=3.98e-01 | 1.0s
[   403] loss=-0.7877 | res=4.44e-04 | grad=2.31e-01 | 1.0s
[   404] loss=-0.8550 | res=4.33e-04 | grad=5.00e-01 | 1.0s
[   405] loss=-0.8967 | res=4.54e-04 | grad=4.30e-01 | 1.0s
[   406] loss=-0.8254 | res=5.29e-04 | grad=4.04e-01 | 1.0s
[   407] loss=-0.8873 | res=1.42e-08 | grad=5.34e-01 | 1.0s
[   408] loss=-0.9158 | res=2.97e-04 | grad=6.14e-01 | 1.0s
[   409] loss=-0.8233 | res=5.70e-04 | grad=1.56e-01 | 0.9s
[   410] loss=-0.8920 | res=6.12e-04 | grad=5.59e-01 | 1.0s
[   411] loss=-0.7267 | res=1.69e-04 | grad=6.58e-01 | 1.0s
[   412] loss=-0.8752 | res=4.74e-04 | grad=2.80e-01 | 1.0s
[   413] loss=-0.7577 | res=5.55e-04 | grad=4.31e-01 | 1.2s
[   414] loss=-0.8640 | res=6.49e-04 | grad=1.22e-01 | 1.1s
[   415] loss=-0.8331 | res=1.00e-04 | grad=2.27e-01 | 1.1s
[   416] loss=-0.8199 | res=2.18e-04 | grad=3.31e-01 | 1.1s
[   417] loss=-0.7564 | res=3.50e-04 | grad=4.29e-01 | 1.1s
[   418] loss=-0.8742 | res=6.21e-04 | grad=4.21e-01 | 1.1s
[   419] loss=-0.8920 | res=5.76e-04 | grad=6.96e-01 | 1.1s
[   420] loss=-0.9157 | res=4.28e-04 | grad=3.78e-01 | 1.1s
[   421] loss=-0.8026 | res=4.67e-04 | grad=2.67e-01 | 1.1s
[   422] loss=-0.8912 | res=3.22e-04 | grad=3.64e-01 | 1.1s
[   423] loss=-0.8678 | res=9.09e-05 | grad=4.39e-01 | 1.1s
[   424] loss=-0.9078 | res=8.33e-04 | grad=3.84e-01 | 1.1s
[   425] loss=-0.8502 | res=6.04e-04 | grad=3.84e-01 | 1.1s
[   426] loss=-0.8105 | res=6.21e-04 | grad=3.69e-01 | 1.1s
[   427] loss=-0.9049 | res=5.43e-04 | grad=3.35e-01 | 1.1s
[   428] loss=-0.7887 | res=1.37e-04 | grad=4.06e-01 | 1.1s
[   429] loss=-0.9413 | res=7.35e-04 | grad=4.88e-01 | 1.1s
[   430] loss=-0.9181 | res=2.81e-04 | grad=3.65e-01 | 1.1s
[   431] loss=-0.8828 | res=1.17e-04 | grad=1.62e-01 | 1.1s
[   432] loss=-0.8713 | res=1.10e-03 | grad=3.39e-01 | 1.1s
[   433] loss=-0.9454 | res=4.65e-04 | grad=7.11e-01 | 1.1s
[   434] loss=-0.7770 | res=7.85e-04 | grad=4.94e-01 | 1.1s
[   435] loss=-0.8585 | res=4.71e-04 | grad=7.62e-01 | 1.1s
[   436] loss=-0.8772 | res=2.61e-04 | grad=2.78e-01 | 1.1s
[   437] loss=-0.7744 | res=9.41e-04 | grad=5.31e-01 | 1.1s
[   438] loss=-0.8869 | res=1.04e-04 | grad=5.40e-01 | 1.1s
[   439] loss=-0.8133 | res=9.69e-04 | grad=4.30e-01 | 1.1s
[   440] loss=-0.8690 | res=1.38e-04 | grad=1.47e-01 | 1.0s
[   441] loss=-0.8436 | res=7.34e-04 | grad=4.62e-01 | 1.0s
[   442] loss=-0.8325 | res=3.89e-04 | grad=2.41e-01 | 1.0s
[   443] loss=-0.8262 | res=6.63e-04 | grad=2.11e-01 | 1.0s
[   444] loss=-0.8012 | res=8.43e-04 | grad=2.28e-01 | 1.0s
[   445] loss=-0.9013 | res=1.10e-03 | grad=5.80e-01 | 1.0s
[   446] loss=-0.8742 | res=4.57e-04 | grad=3.37e-01 | 1.0s
[   447] loss=-0.8983 | res=3.49e-04 | grad=3.14e-01 | 1.0s
[   448] loss=-0.9678 | res=4.48e-04 | grad=4.72e-01 | 1.0s
[   449] loss=-0.8637 | res=7.80e-04 | grad=3.26e-01 | 1.0s
[   450] loss=-0.8000 | res=6.91e-04 | grad=2.13e-01 | 1.0s
[   451] loss=-0.7824 | res=6.85e-04 | grad=4.54e-01 | 1.0s
[   452] loss=-0.8538 | res=7.45e-04 | grad=2.00e-01 | 1.0s
[   453] loss=-0.8963 | res=4.02e-09 | grad=5.89e-01 | 1.0s
[   454] loss=-0.7838 | res=6.17e-04 | grad=5.40e-01 | 1.0s
[   455] loss=-0.7972 | res=2.23e-04 | grad=4.18e-01 | 1.0s
[   456] loss=-0.8250 | res=4.77e-04 | grad=2.87e-01 | 1.0s
[   457] loss=-0.8553 | res=8.59e-04 | grad=1.94e-01 | 1.1s
[   458] loss=-0.8572 | res=1.59e-04 | grad=3.70e-01 | 1.1s
[   459] loss=-0.9020 | res=7.13e-05 | grad=8.75e-01 | 1.1s
[   460] loss=-0.8398 | res=8.06e-04 | grad=2.80e-01 | 1.1s
[   461] loss=-0.8172 | res=1.20e-04 | grad=1.54e-01 | 1.1s
[   462] loss=-0.8674 | res=4.31e-04 | grad=5.57e-01 | 1.1s
[   463] loss=-0.8255 | res=3.81e-04 | grad=2.92e-01 | 1.1s
[   464] loss=-0.8336 | res=5.48e-04 | grad=3.56e-01 | 1.1s
[   465] loss=-0.8407 | res=3.51e-04 | grad=4.36e-01 | 1.1s
[   466] loss=-0.8950 | res=4.52e-04 | grad=3.65e-01 | 1.1s
[   467] loss=-0.9115 | res=3.60e-04 | grad=4.80e-01 | 1.1s
[   468] loss=-0.8642 | res=7.68e-04 | grad=2.05e-01 | 1.1s
[   469] loss=-0.9201 | res=3.01e-04 | grad=3.11e-01 | 1.1s
[   470] loss=-0.8480 | res=2.12e-04 | grad=4.82e-01 | 1.1s
[   471] loss=-0.7684 | res=1.96e-04 | grad=4.66e-01 | 1.1s
[   472] loss=-0.8951 | res=3.48e-04 | grad=2.13e-01 | 1.1s
[   473] loss=-0.8417 | res=8.88e-04 | grad=3.91e-01 | 1.1s
[   474] loss=-0.8551 | res=1.19e-03 | grad=1.45e-01 | 1.1s
[   475] loss=-1.0022 | res=2.91e-04 | grad=4.37e-01 | 1.1s
[   476] loss=-0.8662 | res=6.28e-04 | grad=1.36e-01 | 1.1s
[   477] loss=-0.8213 | res=1.32e-04 | grad=2.26e-01 | 1.1s
[   478] loss=-0.8790 | res=9.20e-04 | grad=2.92e-01 | 1.1s
[   479] loss=-0.8470 | res=8.89e-11 | grad=1.43e-01 | 1.1s
[   480] loss=-0.7852 | res=4.40e-04 | grad=5.06e-01 | 1.1s
[   481] loss=-0.8014 | res=1.24e-03 | grad=2.36e-01 | 1.1s
[   482] loss=-0.9034 | res=3.96e-04 | grad=4.92e-01 | 1.1s
[   483] loss=-0.8183 | res=6.79e-04 | grad=2.80e-01 | 1.1s
[   484] loss=-0.8150 | res=3.57e-04 | grad=4.24e-01 | 1.1s
[   485] loss=-0.8869 | res=2.11e-04 | grad=2.99e-01 | 1.1s
[   486] loss=-0.8159 | res=5.10e-04 | grad=1.24e-01 | 1.1s
[   487] loss=-0.8045 | res=8.30e-05 | grad=3.45e-01 | 1.1s
[   488] loss=-0.9144 | res=4.06e-04 | grad=5.49e-01 | 1.1s
[   489] loss=-0.7898 | res=7.77e-04 | grad=2.81e-01 | 1.1s
[   490] loss=-0.8019 | res=6.55e-04 | grad=1.03e-01 | 1.1s
[   491] loss=-0.7909 | res=1.05e-04 | grad=4.77e-01 | 1.1s
[   492] loss=-0.7687 | res=5.43e-04 | grad=4.25e-01 | 1.1s
[   493] loss=-0.8608 | res=5.29e-04 | grad=3.29e-01 | 1.1s
[   494] loss=-0.7446 | res=3.50e-04 | grad=1.72e-01 | 1.1s
[   495] loss=-0.8122 | res=1.05e-03 | grad=4.79e-01 | 1.1s
[   496] loss=-0.8553 | res=4.11e-04 | grad=5.05e-01 | 1.1s
[   497] loss=-0.8391 | res=9.97e-04 | grad=5.45e-01 | 1.1s
[   498] loss=-0.8212 | res=3.67e-04 | grad=2.89e-01 | 1.1s
[   499] loss=-0.9253 | res=5.05e-04 | grad=4.62e-01 | 1.1s
[   500] loss=-0.8611 | res=3.98e-04 | grad=3.26e-01 | 1.1s
[   501] loss=-0.7500 | res=7.06e-04 | grad=7.66e-01 | 1.1s
[   502] loss=-0.8307 | res=2.65e-04 | grad=3.79e-01 | 1.1s
[   503] loss=-0.8427 | res=5.32e-04 | grad=3.65e-01 | 1.1s
[   504] loss=-0.8043 | res=2.64e-04 | grad=3.19e-01 | 1.1s
[   505] loss=-0.7598 | res=3.80e-04 | grad=3.87e-01 | 1.1s
[   506] loss=-0.9657 | res=6.88e-04 | grad=8.07e-01 | 1.1s
[   507] loss=-0.8342 | res=6.17e-04 | grad=5.01e-01 | 1.1s
[   508] loss=-0.8481 | res=2.61e-04 | grad=3.60e-01 | 1.1s
[   509] loss=-0.8439 | res=5.34e-04 | grad=1.80e-01 | 1.1s
[   510] loss=-0.8029 | res=3.03e-04 | grad=2.73e-01 | 1.1s
[   511] loss=-0.8552 | res=2.70e-04 | grad=1.82e-01 | 1.1s
[   512] loss=-0.8009 | res=8.22e-04 | grad=3.09e-01 | 1.1s
[   513] loss=-0.8590 | res=2.74e-04 | grad=2.30e-01 | 1.1s
[   514] loss=-0.9321 | res=3.71e-04 | grad=5.55e-01 | 1.1s
[   515] loss=-0.8370 | res=3.11e-04 | grad=2.93e-01 | 1.1s
[   516] loss=-0.8374 | res=5.90e-05 | grad=3.96e-01 | 1.1s
[   517] loss=-0.8331 | res=4.28e-04 | grad=2.66e-01 | 1.0s
[   518] loss=-0.7702 | res=5.17e-04 | grad=5.74e-01 | 1.1s
[   519] loss=-0.8060 | res=5.18e-04 | grad=5.80e-01 | 1.1s
[   520] loss=-0.8333 | res=1.61e-04 | grad=2.05e-01 | 1.1s
[   521] loss=-0.8568 | res=3.50e-04 | grad=3.99e-01 | 1.1s
[   522] loss=-0.8845 | res=3.42e-04 | grad=2.41e-01 | 1.1s
[   523] loss=-0.9255 | res=6.71e-09 | grad=4.74e-01 | 1.1s
[   524] loss=-0.7988 | res=6.38e-04 | grad=2.61e-01 | 1.1s
[   525] loss=-0.7957 | res=1.81e-04 | grad=4.18e-01 | 1.1s
[   526] loss=-0.8105 | res=2.04e-04 | grad=1.45e-01 | 1.1s
[   527] loss=-0.9765 | res=1.56e-04 | grad=4.40e-01 | 1.1s
[   528] loss=-0.8407 | res=4.38e-04 | grad=3.58e-01 | 1.1s
[   529] loss=-0.8009 | res=5.88e-04 | grad=4.49e-01 | 1.1s
[   530] loss=-0.8486 | res=7.20e-04 | grad=4.56e-01 | 1.1s
[   531] loss=-0.9233 | res=3.84e-04 | grad=3.32e-01 | 1.1s
[   532] loss=-0.8723 | res=5.46e-04 | grad=2.66e-01 | 1.1s
[   533] loss=-0.7695 | res=7.03e-04 | grad=3.24e-01 | 1.1s
[   534] loss=-0.9085 | res=3.72e-04 | grad=5.57e-01 | 1.1s
[   535] loss=-0.9146 | res=6.15e-04 | grad=4.57e-01 | 1.1s
[   536] loss=-0.8770 | res=8.84e-04 | grad=2.75e-01 | 1.1s
[   537] loss=-0.8594 | res=2.81e-04 | grad=1.93e-01 | 1.1s
[   538] loss=-0.8384 | res=1.19e-04 | grad=4.24e-01 | 1.1s
[   539] loss=-0.7593 | res=9.18e-04 | grad=6.93e-01 | 1.1s
[   540] loss=-0.7722 | res=6.96e-04 | grad=6.36e-01 | 1.1s
[   541] loss=-0.8592 | res=7.14e-04 | grad=3.99e-01 | 1.1s
[   542] loss=-0.7687 | res=5.53e-04 | grad=3.93e-01 | 1.1s
[   543] loss=-0.7969 | res=7.11e-04 | grad=3.51e-01 | 1.1s
[   544] loss=-0.8118 | res=2.11e-04 | grad=2.15e-01 | 1.1s
[   545] loss=-0.8463 | res=2.20e-04 | grad=5.66e-01 | 1.1s
[   546] loss=-0.8092 | res=9.19e-05 | grad=2.36e-01 | 1.1s
[   547] loss=-0.7330 | res=5.65e-05 | grad=4.71e-01 | 1.1s
[   548] loss=-0.8616 | res=3.71e-04 | grad=3.47e-01 | 1.1s
[   549] loss=-0.9052 | res=9.23e-04 | grad=7.06e-01 | 1.1s
[   550] loss=-0.8362 | res=9.17e-04 | grad=3.06e-01 | 1.1s
[   551] loss=-0.8285 | res=1.87e-04 | grad=4.05e-01 | 1.1s
[   552] loss=-0.8377 | res=1.40e-04 | grad=1.54e-01 | 1.1s
[   553] loss=-0.7922 | res=1.63e-04 | grad=3.19e-01 | 1.1s
[   554] loss=-0.8750 | res=4.78e-04 | grad=3.44e-01 | 1.1s
[   555] loss=-0.8664 | res=7.21e-09 | grad=2.94e-01 | 1.1s
[   556] loss=-0.8074 | res=5.28e-04 | grad=3.73e-01 | 1.1s
[   557] loss=-0.7973 | res=4.96e-05 | grad=3.34e-01 | 1.1s
[   558] loss=-0.8198 | res=3.23e-04 | grad=4.21e-01 | 1.1s
[   559] loss=-0.9302 | res=8.14e-04 | grad=6.34e-01 | 1.1s
[   560] loss=-0.8258 | res=5.99e-04 | grad=5.16e-01 | 1.1s
[   561] loss=-0.8645 | res=3.78e-04 | grad=2.60e-01 | 1.1s
[   562] loss=-0.8444 | res=5.63e-04 | grad=3.16e-01 | 1.1s
[   563] loss=-0.8189 | res=4.72e-04 | grad=2.63e-01 | 1.1s
[   564] loss=-0.7730 | res=1.63e-04 | grad=5.45e-01 | 1.1s
[   565] loss=-0.7922 | res=7.45e-04 | grad=2.78e-01 | 1.1s
[   566] loss=-0.8848 | res=4.76e-04 | grad=2.82e-01 | 1.1s
[   567] loss=-0.8088 | res=5.07e-04 | grad=3.57e-01 | 1.1s
[   568] loss=-0.9432 | res=2.57e-04 | grad=6.97e-01 | 1.1s
[   569] loss=-0.7968 | res=4.48e-04 | grad=3.17e-01 | 1.1s
[   570] loss=-0.7051 | res=1.07e-03 | grad=3.34e-01 | 1.1s
[   571] loss=-0.9260 | res=2.64e-04 | grad=5.70e-01 | 1.1s
[   572] loss=-0.8235 | res=7.40e-04 | grad=3.82e-01 | 1.1s
[   573] loss=-0.7881 | res=3.10e-04 | grad=4.82e-01 | 1.1s
[   574] loss=-0.8374 | res=4.57e-04 | grad=4.10e-01 | 1.1s
[   575] loss=-0.7764 | res=6.10e-04 | grad=6.41e-01 | 1.1s
[   576] loss=-0.8489 | res=5.40e-04 | grad=2.27e-01 | 1.1s
[   577] loss=-0.9276 | res=1.68e-04 | grad=2.89e-01 | 1.1s
[   578] loss=-0.8685 | res=2.58e-04 | grad=1.59e-01 | 1.1s
[   579] loss=-0.8113 | res=3.23e-04 | grad=3.56e-01 | 1.1s
[   580] loss=-0.8232 | res=6.61e-05 | grad=2.98e-01 | 1.1s
[   581] loss=-0.8359 | res=7.04e-04 | grad=5.69e-01 | 1.1s
[   582] loss=-0.7243 | res=6.15e-04 | grad=4.58e-01 | 1.1s
[   583] loss=-0.8951 | res=4.94e-04 | grad=5.53e-01 | 1.1s
[   584] loss=-0.9432 | res=1.38e-03 | grad=6.96e-01 | 1.1s
[   585] loss=-0.8552 | res=1.11e-03 | grad=3.87e-01 | 1.1s
[   586] loss=-0.8028 | res=3.28e-04 | grad=3.71e-01 | 1.1s
[   587] loss=-0.9498 | res=9.89e-04 | grad=6.03e-01 | 1.1s
[   588] loss=-0.8651 | res=8.69e-04 | grad=1.94e-01 | 1.1s
[   589] loss=-0.8322 | res=6.78e-04 | grad=4.93e-01 | 1.1s
[   590] loss=-0.8423 | res=5.56e-05 | grad=5.38e-01 | 1.1s
[   591] loss=-0.7457 | res=5.32e-04 | grad=6.19e-01 | 1.1s
[   592] loss=-0.7699 | res=2.39e-04 | grad=4.14e-01 | 1.1s
[   593] loss=-0.8137 | res=4.80e-04 | grad=3.69e-01 | 1.1s
[   594] loss=-0.8627 | res=1.07e-04 | grad=2.55e-01 | 1.1s
[   595] loss=-0.7214 | res=6.37e-04 | grad=4.87e-01 | 1.1s
[   596] loss=-0.8952 | res=3.73e-04 | grad=7.04e-01 | 1.1s
[   597] loss=-0.7144 | res=6.34e-04 | grad=2.59e-01 | 1.1s
[   598] loss=-0.8132 | res=5.86e-04 | grad=4.72e-01 | 1.1s
[   599] loss=-0.7388 | res=5.47e-04 | grad=1.96e-01 | 1.1s
[   600] loss=-0.7399 | res=4.47e-09 | grad=3.75e-01 | 1.1s
[   601] loss=-0.8217 | res=2.18e-04 | grad=5.25e-01 | 1.1s
[   602] loss=-0.8043 | res=2.65e-04 | grad=3.43e-01 | 1.1s
[   603] loss=-0.8639 | res=3.79e-04 | grad=5.83e-01 | 1.1s
[   604] loss=-0.8486 | res=5.52e-04 | grad=2.35e-01 | 1.1s
[   605] loss=-0.8600 | res=4.92e-04 | grad=2.65e-01 | 1.1s
[   606] loss=-0.9037 | res=4.33e-04 | grad=1.81e-01 | 1.1s
[   607] loss=-0.7994 | res=3.92e-04 | grad=6.48e-01 | 1.1s
[   608] loss=-0.8945 | res=1.47e-04 | grad=1.37e-01 | 1.1s
[   609] loss=-0.8539 | res=6.86e-04 | grad=6.19e-01 | 1.1s
[   610] loss=-0.7928 | res=9.21e-04 | grad=4.01e-01 | 1.1s
[   611] loss=-0.7819 | res=4.77e-04 | grad=8.27e-01 | 1.1s
[   612] loss=-0.7349 | res=6.06e-04 | grad=7.82e-01 | 1.1s
[   613] loss=-0.8180 | res=4.80e-04 | grad=1.86e-01 | 1.1s
[   614] loss=-0.8515 | res=1.44e-03 | grad=2.81e-01 | 1.1s
[   615] loss=-0.7719 | res=6.79e-05 | grad=1.00e-01 | 1.1s
[   616] loss=-0.7722 | res=3.54e-04 | grad=3.76e-01 | 1.1s
[   617] loss=-0.8459 | res=9.87e-05 | grad=6.26e-01 | 1.1s
[   618] loss=-0.8439 | res=3.90e-04 | grad=5.37e-01 | 1.1s
[   619] loss=-0.8284 | res=1.96e-04 | grad=7.55e-01 | 1.1s
[   620] loss=-0.8691 | res=6.13e-05 | grad=2.96e-01 | 1.1s
[   621] loss=-0.7945 | res=6.72e-04 | grad=2.16e-01 | 1.1s
[   622] loss=-0.7951 | res=5.04e-05 | grad=3.95e-01 | 1.1s
[   623] loss=-0.8233 | res=5.79e-05 | grad=1.96e-01 | 1.1s
[   624] loss=-0.8481 | res=6.28e-04 | grad=2.19e-01 | 1.1s
[   625] loss=-0.8763 | res=3.88e-04 | grad=1.74e-01 | 1.1s
[   626] loss=-0.7843 | res=2.49e-04 | grad=4.74e-01 | 1.1s
[   627] loss=-0.8876 | res=7.40e-04 | grad=1.23e-01 | 1.1s
[   628] loss=-0.8148 | res=1.46e-04 | grad=3.63e-01 | 1.1s
[   629] loss=-0.8413 | res=6.49e-05 | grad=2.81e-01 | 1.1s
[   630] loss=-0.7776 | res=7.26e-05 | grad=3.88e-01 | 1.1s
[   631] loss=-0.8709 | res=1.62e-04 | grad=1.60e-01 | 1.1s
[   632] loss=-0.9250 | res=3.68e-09 | grad=3.84e-01 | 1.1s
[   633] loss=-0.8200 | res=1.81e-04 | grad=2.73e-01 | 1.1s
[   634] loss=-0.8062 | res=3.12e-04 | grad=2.10e-01 | 1.1s
[   635] loss=-0.9135 | res=6.18e-04 | grad=7.45e-01 | 1.1s
[   636] loss=-0.9125 | res=1.87e-04 | grad=3.89e-01 | 1.1s
[   637] loss=-0.8065 | res=3.96e-04 | grad=2.50e-01 | 1.1s
[   638] loss=-0.8754 | res=2.09e-04 | grad=4.44e-01 | 1.1s
[   639] loss=-0.7879 | res=1.00e-08 | grad=2.87e-01 | 1.1s
[   640] loss=-0.8029 | res=9.28e-04 | grad=3.25e-01 | 1.1s
[   641] loss=-0.7523 | res=2.50e-04 | grad=6.08e-01 | 1.1s
[   642] loss=-0.8094 | res=3.75e-04 | grad=2.23e-01 | 1.1s
[   643] loss=-0.8756 | res=3.66e-04 | grad=4.86e-01 | 1.1s
[   644] loss=-0.8912 | res=6.99e-04 | grad=4.45e-01 | 1.1s
[   645] loss=-0.9017 | res=6.50e-04 | grad=4.93e-01 | 1.1s
[   646] loss=-0.8704 | res=8.64e-04 | grad=1.68e-01 | 1.1s
[   647] loss=-0.8031 | res=3.33e-04 | grad=4.21e-01 | 1.1s
[   648] loss=-0.7755 | res=3.27e-04 | grad=3.30e-01 | 1.1s
[   649] loss=-0.7753 | res=7.73e-04 | grad=5.68e-01 | 1.1s
[   650] loss=-0.7754 | res=4.19e-04 | grad=5.36e-01 | 1.1s
[   651] loss=-0.8187 | res=2.87e-04 | grad=3.29e-01 | 1.1s
[   652] loss=-0.8361 | res=3.39e-05 | grad=3.35e-01 | 1.1s
[   653] loss=-0.8294 | res=6.21e-05 | grad=2.27e-01 | 1.1s
[   654] loss=-0.8592 | res=2.69e-04 | grad=3.59e-01 | 1.1s
[   655] loss=-0.8226 | res=7.66e-04 | grad=5.22e-01 | 1.1s
[   656] loss=-0.8555 | res=1.67e-04 | grad=4.27e-01 | 1.1s
[   657] loss=-0.8355 | res=4.05e-04 | grad=4.22e-01 | 1.1s
[   658] loss=-0.8035 | res=3.86e-04 | grad=1.51e-01 | 1.1s
[   659] loss=-0.8787 | res=8.35e-05 | grad=4.14e-01 | 1.1s
[   660] loss=-0.8740 | res=1.57e-04 | grad=2.25e-01 | 1.1s
[   661] loss=-0.7705 | res=7.49e-04 | grad=4.05e-01 | 1.1s
[   662] loss=-0.7352 | res=5.42e-04 | grad=4.93e-01 | 1.1s
[   663] loss=-0.8545 | res=3.76e-04 | grad=2.33e-01 | 1.1s
[   664] loss=-0.8218 | res=5.15e-05 | grad=2.56e-01 | 1.1s
[   665] loss=-0.8552 | res=7.66e-04 | grad=2.29e-01 | 1.1s
[   666] loss=-0.8213 | res=1.02e-04 | grad=1.67e-01 | 1.1s
[   667] loss=-0.8394 | res=3.84e-04 | grad=4.49e-01 | 1.1s
[   668] loss=-0.8110 | res=1.23e-04 | grad=2.55e-01 | 1.1s
[   669] loss=-0.9018 | res=6.31e-04 | grad=6.58e-01 | 1.1s
[   670] loss=-0.8256 | res=1.12e-04 | grad=5.18e-01 | 1.1s
[   671] loss=-0.8399 | res=7.46e-04 | grad=1.91e-01 | 1.1s
[   672] loss=-0.8722 | res=2.74e-04 | grad=4.31e-01 | 1.1s
[   673] loss=-0.7927 | res=4.49e-04 | grad=2.97e-01 | 1.1s
[   674] loss=-0.8673 | res=8.28e-05 | grad=2.72e-01 | 1.1s
[   675] loss=-0.9305 | res=5.40e-04 | grad=2.81e-01 | 1.1s
[   676] loss=-0.7884 | res=3.13e-04 | grad=4.91e-01 | 1.1s
[   677] loss=-0.8966 | res=3.97e-04 | grad=2.35e-01 | 1.1s
[   678] loss=-0.8761 | res=5.61e-04 | grad=1.72e-01 | 1.1s
[   679] loss=-0.8320 | res=8.72e-04 | grad=3.43e-01 | 1.1s
[   680] loss=-0.8490 | res=1.39e-04 | grad=2.73e-01 | 1.1s
[   681] loss=-0.8724 | res=5.33e-04 | grad=3.61e-01 | 1.1s
[   682] loss=-0.8862 | res=4.48e-04 | grad=2.99e-01 | 1.1s
[   683] loss=-0.8183 | res=6.65e-04 | grad=4.55e-01 | 1.1s
[   684] loss=-0.8520 | res=4.42e-04 | grad=1.54e-01 | 1.1s
[   685] loss=-0.8529 | res=5.25e-04 | grad=3.09e-01 | 1.1s
[   686] loss=-0.7728 | res=9.01e-04 | grad=4.52e-01 | 1.1s
[   687] loss=-0.8473 | res=4.26e-04 | grad=2.38e-01 | 1.1s
[   688] loss=-0.9759 | res=3.12e-04 | grad=7.95e-01 | 1.1s
[   689] loss=-0.8625 | res=2.01e-04 | grad=2.06e-01 | 1.1s
[   690] loss=-0.7309 | res=1.71e-04 | grad=4.31e-01 | 1.1s
[   691] loss=-0.7911 | res=8.90e-04 | grad=4.07e-01 | 1.1s
[   692] loss=-0.9264 | res=8.36e-04 | grad=3.02e-01 | 1.1s
[   693] loss=-0.8380 | res=8.72e-04 | grad=2.02e-01 | 1.1s
[   694] loss=-0.8033 | res=2.36e-04 | grad=1.57e-01 | 1.1s
[   695] loss=-0.8266 | res=4.14e-04 | grad=1.95e-01 | 1.1s
[   696] loss=-0.8139 | res=1.08e-04 | grad=2.35e-01 | 1.1s
[   697] loss=-0.8999 | res=6.48e-04 | grad=2.55e-01 | 1.1s
[   698] loss=-0.8699 | res=3.32e-04 | grad=1.91e-01 | 1.1s
[   699] loss=-0.7769 | res=3.72e-04 | grad=2.81e-01 | 1.1s
[   700] loss=-0.9314 | res=2.45e-04 | grad=4.17e-01 | 1.0s
[   701] loss=-0.8410 | res=4.22e-04 | grad=1.98e-01 | 1.1s
[   702] loss=-0.6887 | res=2.28e-04 | grad=6.85e-01 | 1.1s
[   703] loss=-0.8797 | res=3.59e-04 | grad=2.26e-01 | 1.1s
[   704] loss=-0.8415 | res=1.38e-04 | grad=2.03e-01 | 1.1s
[   705] loss=-0.7633 | res=7.12e-04 | grad=1.42e-01 | 1.1s
[   706] loss=-0.7927 | res=2.43e-04 | grad=3.40e-01 | 1.1s
[   707] loss=-0.7325 | res=2.81e-04 | grad=4.76e-01 | 1.1s
[   708] loss=-0.8370 | res=2.21e-04 | grad=5.25e-01 | 1.1s
[   709] loss=-0.8855 | res=3.64e-04 | grad=5.96e-01 | 1.1s
[   710] loss=-0.7664 | res=1.99e-04 | grad=3.06e-01 | 1.1s
[   711] loss=-0.8616 | res=5.22e-09 | grad=4.18e-01 | 1.2s
[   712] loss=-0.8327 | res=7.35e-04 | grad=3.31e-01 | 1.1s
[   713] loss=-0.7801 | res=6.01e-09 | grad=3.41e-01 | 1.1s
[   714] loss=-0.8821 | res=2.71e-04 | grad=4.34e-01 | 1.1s
[   715] loss=-0.7708 | res=8.36e-04 | grad=3.21e-01 | 1.1s
[   716] loss=-0.8731 | res=1.69e-04 | grad=3.69e-01 | 1.1s
[   717] loss=-0.8560 | res=3.81e-04 | grad=2.01e-01 | 1.1s
[   718] loss=-0.8310 | res=5.56e-04 | grad=5.67e-01 | 1.1s
[   719] loss=-0.9208 | res=4.18e-04 | grad=1.80e-01 | 1.1s
[   720] loss=-0.8614 | res=4.96e-04 | grad=2.28e-01 | 1.1s
[   721] loss=-0.8541 | res=8.53e-04 | grad=5.78e-01 | 1.1s
[   722] loss=-0.8130 | res=3.12e-04 | grad=4.05e-01 | 1.1s
[   723] loss=-0.9010 | res=2.06e-04 | grad=2.43e-01 | 1.1s
[   724] loss=-0.8941 | res=5.51e-05 | grad=3.69e-01 | 1.0s
[   725] loss=-0.7879 | res=8.95e-04 | grad=1.74e-01 | 1.1s
[   726] loss=-0.9284 | res=4.27e-04 | grad=5.53e-01 | 1.1s
[   727] loss=-0.7013 | res=2.87e-09 | grad=5.15e-01 | 1.1s
[   728] loss=-0.9203 | res=5.58e-04 | grad=3.51e-01 | 1.1s
[   729] loss=-0.7897 | res=6.79e-04 | grad=3.33e-01 | 1.1s
[   730] loss=-0.8623 | res=3.38e-04 | grad=3.26e-01 | 1.1s
[   731] loss=-0.7714 | res=4.73e-04 | grad=2.25e-01 | 1.1s
[   732] loss=-0.7659 | res=8.59e-04 | grad=4.34e-01 | 1.1s
[   733] loss=-0.8068 | res=2.57e-04 | grad=2.95e-01 | 1.1s
[   734] loss=-0.8529 | res=4.88e-05 | grad=1.59e-01 | 1.1s
[   735] loss=-0.9251 | res=6.88e-04 | grad=4.64e-01 | 1.1s
[   736] loss=-0.8364 | res=4.82e-05 | grad=2.41e-01 | 1.1s
[   737] loss=-0.7826 | res=6.46e-04 | grad=3.25e-01 | 1.1s
[   738] loss=-0.7453 | res=3.61e-04 | grad=3.91e-01 | 1.1s
[   739] loss=-0.7553 | res=6.44e-09 | grad=3.83e-01 | 1.1s
[   740] loss=-0.9046 | res=5.79e-04 | grad=8.79e-01 | 1.1s
[   741] loss=-0.9144 | res=7.57e-04 | grad=4.78e-01 | 1.1s
[   742] loss=-0.8700 | res=7.19e-04 | grad=2.37e-01 | 1.1s
[   743] loss=-0.8144 | res=1.19e-03 | grad=3.75e-01 | 1.1s
[   744] loss=-0.8366 | res=2.78e-04 | grad=3.98e-01 | 1.1s
[   745] loss=-0.7892 | res=5.74e-04 | grad=3.62e-01 | 1.1s
[   746] loss=-0.8749 | res=5.35e-04 | grad=5.05e-01 | 1.1s
[   747] loss=-0.8018 | res=5.43e-04 | grad=3.00e-01 | 1.1s
[   748] loss=-0.7712 | res=4.36e-04 | grad=3.90e-01 | 1.1s
[   749] loss=-0.9228 | res=3.34e-04 | grad=4.92e-01 | 1.1s
[   750] loss=-0.7726 | res=4.48e-04 | grad=2.57e-01 | 1.1s
[   751] loss=-0.8627 | res=1.58e-04 | grad=4.45e-01 | 1.1s
[   752] loss=-0.7567 | res=2.62e-04 | grad=3.42e-01 | 1.1s
[   753] loss=-0.8475 | res=3.80e-04 | grad=2.49e-01 | 1.1s
[   754] loss=-0.7674 | res=3.36e-04 | grad=2.86e-01 | 1.1s
[   755] loss=-0.8313 | res=4.18e-04 | grad=2.04e-01 | 1.1s
[   756] loss=-0.8462 | res=4.22e-04 | grad=2.74e-01 | 1.1s
[   757] loss=-0.8358 | res=4.90e-04 | grad=1.12e-01 | 1.1s
[   758] loss=-0.7433 | res=1.36e-04 | grad=6.61e-01 | 1.1s
[   759] loss=-0.7984 | res=8.88e-04 | grad=3.24e-01 | 1.1s
[   760] loss=-0.9494 | res=3.99e-05 | grad=7.06e-01 | 1.1s
[   761] loss=-0.8169 | res=7.74e-04 | grad=3.37e-01 | 1.1s
[   762] loss=-0.7732 | res=6.26e-04 | grad=3.73e-01 | 1.1s
[   763] loss=-0.7922 | res=6.11e-05 | grad=2.46e-01 | 1.1s
[   764] loss=-0.8222 | res=1.68e-04 | grad=2.42e-01 | 1.1s
[   765] loss=-0.8207 | res=5.26e-04 | grad=4.14e-01 | 1.1s
[   766] loss=-0.7906 | res=4.82e-04 | grad=2.12e-01 | 1.1s
[   767] loss=-0.8404 | res=8.80e-04 | grad=2.39e-01 | 1.1s
[   768] loss=-0.8986 | res=4.50e-04 | grad=4.00e-01 | 1.1s
[   769] loss=-0.7901 | res=4.79e-04 | grad=3.43e-01 | 1.1s
[   770] loss=-0.7711 | res=9.31e-04 | grad=2.64e-01 | 1.1s
[   771] loss=-0.8746 | res=4.18e-04 | grad=4.79e-01 | 1.1s
[   772] loss=-0.9402 | res=4.84e-04 | grad=4.34e-01 | 1.1s
[   773] loss=-0.9336 | res=3.07e-04 | grad=5.45e-01 | 1.1s
[   774] loss=-0.8906 | res=1.76e-04 | grad=1.95e-01 | 1.1s
[   775] loss=-0.7415 | res=5.99e-04 | grad=4.69e-01 | 1.1s
[   776] loss=-0.9020 | res=6.54e-04 | grad=3.44e-01 | 1.1s
[   777] loss=-0.8410 | res=7.01e-04 | grad=1.97e-01 | 1.1s
[   778] loss=-0.8339 | res=8.41e-04 | grad=1.95e-01 | 1.1s
[   779] loss=-0.8845 | res=8.03e-04 | grad=5.21e-01 | 1.1s
[   780] loss=-0.7447 | res=3.55e-04 | grad=4.46e-01 | 1.1s
[   781] loss=-0.8736 | res=5.54e-05 | grad=1.80e-01 | 1.1s
[   782] loss=-0.8340 | res=4.04e-04 | grad=1.35e-01 | 1.1s
[   783] loss=-0.8982 | res=8.65e-05 | grad=3.74e-01 | 1.1s
[   784] loss=-0.8208 | res=7.91e-04 | grad=3.39e-01 | 1.1s
[   785] loss=-0.8289 | res=5.80e-04 | grad=2.72e-01 | 1.1s
[   786] loss=-0.7673 | res=9.45e-04 | grad=2.03e-01 | 1.1s
[   787] loss=-0.7720 | res=1.08e-03 | grad=3.23e-01 | 1.1s
[   788] loss=-0.8589 | res=3.48e-04 | grad=3.66e-01 | 1.1s
[   789] loss=-0.8748 | res=5.57e-04 | grad=4.78e-01 | 1.1s
[   790] loss=-0.7298 | res=3.44e-04 | grad=5.93e-01 | 1.1s
[   791] loss=-0.8925 | res=5.82e-05 | grad=4.85e-01 | 1.1s
[   792] loss=-0.8231 | res=4.89e-04 | grad=3.28e-01 | 1.1s
[   793] loss=-0.8154 | res=4.79e-05 | grad=1.59e-01 | 1.1s
[   794] loss=-0.8196 | res=2.59e-04 | grad=3.17e-01 | 1.1s
[   795] loss=-0.8002 | res=4.58e-04 | grad=3.02e-01 | 1.1s
[   796] loss=-0.7368 | res=3.29e-04 | grad=3.28e-01 | 1.1s
[   797] loss=-0.9524 | res=7.16e-04 | grad=6.39e-01 | 1.1s
[   798] loss=-0.7502 | res=2.20e-04 | grad=3.48e-01 | 1.1s
[   799] loss=-0.7940 | res=4.19e-04 | grad=3.39e-01 | 1.1s
[   800] loss=-0.9118 | res=6.24e-04 | grad=3.61e-01 | 1.1s
[   801] loss=-0.8465 | res=4.40e-04 | grad=4.29e-01 | 1.1s
[   802] loss=-0.8346 | res=3.74e-04 | grad=2.39e-01 | 1.1s
[   803] loss=-0.7143 | res=3.02e-04 | grad=4.47e-01 | 1.1s
[   804] loss=-0.8769 | res=3.68e-04 | grad=2.81e-01 | 1.1s
[   805] loss=-0.7350 | res=4.87e-04 | grad=3.77e-01 | 1.1s
[   806] loss=-0.8444 | res=5.87e-04 | grad=1.30e-01 | 1.1s
[   807] loss=-0.8166 | res=2.30e-04 | grad=1.80e-01 | 1.1s
[   808] loss=-0.8133 | res=1.24e-04 | grad=2.66e-01 | 1.1s
[   809] loss=-0.8521 | res=1.05e-03 | grad=6.69e-01 | 1.1s
[   810] loss=-0.7462 | res=8.09e-05 | grad=2.65e-01 | 1.1s
[   811] loss=-0.8217 | res=5.52e-04 | grad=2.77e-01 | 1.1s
[   812] loss=-0.8184 | res=4.44e-04 | grad=2.73e-01 | 1.1s
[   813] loss=-0.8133 | res=5.31e-04 | grad=1.67e-01 | 1.1s
[   814] loss=-0.8351 | res=7.66e-04 | grad=1.90e-01 | 1.1s
[   815] loss=-0.7593 | res=4.10e-04 | grad=1.97e-01 | 1.1s
[   816] loss=-0.7787 | res=2.44e-04 | grad=1.66e-01 | 1.1s
[   817] loss=-0.8142 | res=4.40e-04 | grad=2.52e-01 | 1.1s
[   818] loss=-0.7565 | res=3.05e-04 | grad=3.90e-01 | 1.1s
[   819] loss=-0.8865 | res=5.10e-04 | grad=4.43e-01 | 1.1s
[   820] loss=-0.7757 | res=3.12e-04 | grad=2.12e-01 | 1.1s
[   821] loss=-0.8305 | res=2.36e-04 | grad=1.03e-01 | 1.1s
[   822] loss=-0.8176 | res=5.20e-04 | grad=3.53e-01 | 1.1s
[   823] loss=-0.8931 | res=2.76e-04 | grad=3.90e-01 | 1.1s
[   824] loss=-0.8895 | res=5.66e-04 | grad=2.88e-01 | 1.1s
[   825] loss=-0.8142 | res=1.11e-04 | grad=1.48e-01 | 1.1s
[   826] loss=-0.8736 | res=9.51e-04 | grad=1.40e-01 | 1.1s
[   827] loss=-0.8757 | res=5.33e-04 | grad=2.54e-01 | 1.1s
[   828] loss=-0.8347 | res=4.45e-04 | grad=4.01e-01 | 1.1s
[   829] loss=-0.9406 | res=2.28e-04 | grad=3.66e-01 | 1.1s
[   830] loss=-0.8718 | res=4.49e-04 | grad=3.16e-01 | 1.1s
[   831] loss=-0.9367 | res=4.67e-04 | grad=1.02e-01 | 1.1s
[   832] loss=-0.8906 | res=2.21e-04 | grad=4.07e-01 | 1.1s
[   833] loss=-0.8995 | res=3.84e-04 | grad=2.89e-01 | 1.1s
[   834] loss=-0.8324 | res=6.97e-04 | grad=3.51e-01 | 1.1s
[   835] loss=-0.8579 | res=1.19e-04 | grad=1.20e-01 | 1.0s
[   836] loss=-0.8140 | res=6.42e-04 | grad=2.29e-01 | 1.0s
[   837] loss=-0.8399 | res=1.86e-04 | grad=2.81e-01 | 1.0s
[   838] loss=-0.8998 | res=6.35e-04 | grad=3.67e-01 | 1.0s
[   839] loss=-0.7990 | res=1.76e-04 | grad=1.13e-01 | 1.0s
[   840] loss=-0.7793 | res=4.00e-04 | grad=2.37e-01 | 1.0s
[   841] loss=-0.8664 | res=3.06e-04 | grad=5.23e-01 | 1.0s
[   842] loss=-0.8232 | res=7.45e-04 | grad=2.64e-01 | 1.0s
[   843] loss=-0.8341 | res=5.69e-04 | grad=2.68e-01 | 1.0s
[   844] loss=-0.8673 | res=2.51e-04 | grad=3.25e-01 | 1.0s
[   845] loss=-0.8575 | res=2.25e-04 | grad=8.77e-02 | 1.0s
[   846] loss=-0.7809 | res=2.12e-04 | grad=5.78e-01 | 1.0s
[   847] loss=-0.8703 | res=4.31e-04 | grad=1.44e-01 | 1.0s
[   848] loss=-0.8583 | res=2.48e-04 | grad=3.92e-01 | 1.0s
[   849] loss=-0.7776 | res=2.11e-04 | grad=5.30e-01 | 0.9s
[   850] loss=-0.7711 | res=5.85e-04 | grad=4.52e-01 | 1.0s
[   851] loss=-0.8307 | res=2.84e-04 | grad=2.61e-01 | 0.9s
[   852] loss=-0.8009 | res=3.11e-04 | grad=2.41e-01 | 1.0s
[   853] loss=-0.8339 | res=1.96e-05 | grad=4.75e-01 | 1.2s
[   854] loss=-0.8488 | res=1.91e-04 | grad=3.78e-01 | 1.1s
[   855] loss=-0.9173 | res=4.20e-04 | grad=7.26e-01 | 1.1s
[   856] loss=-0.8432 | res=2.36e-04 | grad=1.36e-01 | 1.1s
[   857] loss=-0.8394 | res=3.02e-04 | grad=1.98e-01 | 1.1s
[   858] loss=-0.8187 | res=1.85e-04 | grad=2.11e-01 | 1.1s
[   859] loss=-0.9055 | res=1.03e-04 | grad=1.34e-01 | 1.1s
[   860] loss=-0.7961 | res=3.56e-04 | grad=3.84e-01 | 1.1s
[   861] loss=-0.8893 | res=1.77e-04 | grad=3.63e-01 | 1.1s
[   862] loss=-0.8452 | res=9.24e-04 | grad=1.90e-01 | 1.1s
[   863] loss=-0.8665 | res=5.09e-04 | grad=1.44e-01 | 1.1s
[   864] loss=-0.9171 | res=2.12e-04 | grad=2.81e-01 | 1.1s
[   865] loss=-0.8186 | res=4.44e-04 | grad=2.54e-01 | 1.1s
[   866] loss=-0.8789 | res=7.36e-04 | grad=2.94e-01 | 1.1s
[   867] loss=-0.9068 | res=3.79e-04 | grad=1.78e-01 | 1.1s
[   868] loss=-0.8929 | res=4.36e-04 | grad=2.81e-01 | 1.1s
[   869] loss=-0.7882 | res=1.37e-04 | grad=5.34e-01 | 1.1s
[   870] loss=-0.8562 | res=9.24e-04 | grad=1.78e-01 | 1.1s
[   871] loss=-0.8482 | res=4.98e-04 | grad=1.59e-01 | 1.1s
[   872] loss=-0.6626 | res=4.01e-04 | grad=7.68e-01 | 1.1s
[   873] loss=-0.7315 | res=1.16e-04 | grad=4.45e-01 | 1.1s
[   874] loss=-0.8043 | res=7.82e-04 | grad=2.57e-01 | 1.1s
[   875] loss=-0.7162 | res=6.19e-04 | grad=2.98e-01 | 1.1s
[   876] loss=-0.8488 | res=2.26e-04 | grad=8.50e-01 | 1.1s
[   877] loss=-0.9515 | res=2.39e-04 | grad=1.22e+00 | 1.1s
[   878] loss=-0.9746 | res=2.23e-04 | grad=1.01e+00 | 1.1s
[   879] loss=-0.8056 | res=1.05e-03 | grad=2.98e-01 | 1.1s
[   880] loss=-0.8657 | res=2.81e-04 | grad=1.90e-01 | 1.1s
[   881] loss=-0.7852 | res=3.10e-04 | grad=6.56e-01 | 1.1s
[   882] loss=-0.8241 | res=6.69e-04 | grad=5.59e-01 | 1.1s
[   883] loss=-0.8068 | res=1.25e-04 | grad=3.94e-01 | 1.1s
[   884] loss=-0.8902 | res=2.88e-04 | grad=3.02e-01 | 1.1s
[   885] loss=-0.8593 | res=4.12e-04 | grad=3.15e-01 | 1.1s
[   886] loss=-0.7360 | res=6.59e-04 | grad=9.62e-01 | 1.1s
[   887] loss=-0.8045 | res=3.99e-04 | grad=2.10e-01 | 1.1s
[   888] loss=-0.8520 | res=7.48e-04 | grad=3.57e-01 | 1.1s
[   889] loss=-0.8575 | res=2.14e-04 | grad=3.41e-01 | 1.1s
[   890] loss=-0.8247 | res=3.14e-04 | grad=1.67e-01 | 1.1s
[   891] loss=-0.8955 | res=1.69e-04 | grad=6.70e-01 | 1.1s
[   892] loss=-0.7875 | res=9.04e-05 | grad=1.55e-01 | 1.1s
[   893] loss=-0.9481 | res=2.22e-04 | grad=9.31e-01 | 1.1s
[   894] loss=-0.8772 | res=3.17e-04 | grad=2.92e-01 | 1.1s
[   895] loss=-0.7813 | res=3.52e-04 | grad=4.66e-01 | 1.1s
[   896] loss=-0.8129 | res=3.98e-04 | grad=2.84e-01 | 1.1s
[   897] loss=-0.8935 | res=4.11e-04 | grad=1.99e-01 | 1.1s
[   898] loss=-0.7860 | res=3.93e-04 | grad=3.47e-01 | 1.1s
[   899] loss=-0.8690 | res=6.60e-04 | grad=3.18e-01 | 1.1s
[   900] loss=-0.8604 | res=4.35e-04 | grad=1.92e-01 | 1.1s
[   901] loss=-0.8400 | res=4.85e-04 | grad=1.68e-01 | 1.1s
[   902] loss=-0.8309 | res=2.77e-04 | grad=1.41e-01 | 1.1s
[   903] loss=-0.8081 | res=2.57e-04 | grad=3.99e-01 | 1.1s
[   904] loss=-0.8444 | res=3.84e-04 | grad=3.30e-01 | 1.1s
[   905] loss=-0.8529 | res=8.35e-04 | grad=2.58e-01 | 1.1s
[   906] loss=-0.8634 | res=1.97e-04 | grad=2.06e-01 | 1.1s
[   907] loss=-0.9183 | res=8.32e-04 | grad=4.54e-01 | 1.1s
[   908] loss=-0.8641 | res=3.36e-04 | grad=2.65e-01 | 1.1s
[   909] loss=-0.7873 | res=5.00e-05 | grad=5.86e-01 | 1.1s
[   910] loss=-0.7891 | res=4.44e-04 | grad=3.99e-01 | 1.0s
[   911] loss=-0.8067 | res=8.22e-04 | grad=1.06e-01 | 1.1s
[   912] loss=-0.8475 | res=2.79e-04 | grad=3.54e-01 | 1.1s
[   913] loss=-0.8960 | res=9.82e-05 | grad=3.47e-01 | 1.0s
[   914] loss=-0.7776 | res=9.62e-04 | grad=4.60e-01 | 1.1s
[   915] loss=-0.8739 | res=2.92e-04 | grad=2.65e-01 | 1.1s
[   916] loss=-0.8008 | res=6.61e-04 | grad=3.48e-01 | 1.1s
[   917] loss=-0.7697 | res=3.62e-04 | grad=4.86e-01 | 1.1s
[   918] loss=-0.8482 | res=3.42e-04 | grad=1.67e-01 | 1.1s
[   919] loss=-0.7843 | res=6.97e-04 | grad=2.42e-01 | 1.1s
[   920] loss=-0.8465 | res=3.54e-04 | grad=3.39e-01 | 1.1s
[   921] loss=-0.8069 | res=1.01e-03 | grad=4.51e-01 | 1.1s
[   922] loss=-0.8396 | res=2.42e-04 | grad=3.83e-01 | 1.1s
[   923] loss=-0.8132 | res=3.00e-04 | grad=2.37e-01 | 1.1s
[   924] loss=-0.7962 | res=4.86e-04 | grad=1.40e-01 | 1.1s
[   925] loss=-0.8238 | res=2.57e-04 | grad=1.50e-01 | 1.1s
[   926] loss=-0.8651 | res=6.12e-05 | grad=1.97e-01 | 1.1s
[   927] loss=-0.8624 | res=4.97e-09 | grad=1.84e-01 | 1.1s
[   928] loss=-0.8641 | res=4.48e-04 | grad=2.23e-01 | 1.1s
[   929] loss=-0.7117 | res=2.79e-04 | grad=6.70e-01 | 1.1s
[   930] loss=-0.8355 | res=2.59e-04 | grad=3.46e-01 | 1.1s
[   931] loss=-0.8056 | res=3.17e-04 | grad=5.27e-01 | 1.1s
[   932] loss=-0.8930 | res=9.84e-05 | grad=4.51e-01 | 1.1s
[   933] loss=-0.8328 | res=2.57e-04 | grad=2.55e-01 | 1.1s
[   934] loss=-0.7445 | res=1.17e-04 | grad=1.96e-01 | 1.0s
[   935] loss=-0.8501 | res=6.67e-13 | grad=4.64e-01 | 1.1s
[   936] loss=-0.8570 | res=1.80e-04 | grad=6.47e-01 | 1.0s
[   937] loss=-0.8530 | res=2.08e-04 | grad=3.96e-01 | 1.0s
[   938] loss=-0.8378 | res=3.91e-04 | grad=2.10e-01 | 1.0s
[   939] loss=-0.8444 | res=4.56e-04 | grad=1.27e-01 | 1.0s
[   940] loss=-0.8195 | res=8.23e-04 | grad=2.16e-01 | 1.0s
[   941] loss=-0.8771 | res=1.21e-04 | grad=3.55e-01 | 1.0s
[   942] loss=-0.7443 | res=6.86e-04 | grad=5.40e-01 | 1.0s
[   943] loss=-0.8177 | res=3.19e-04 | grad=3.76e-01 | 1.1s
[   944] loss=-0.8771 | res=7.45e-09 | grad=3.26e-01 | 1.1s
[   945] loss=-0.8348 | res=7.81e-04 | grad=3.70e-01 | 1.1s
[   946] loss=-0.7775 | res=3.58e-04 | grad=6.56e-01 | 1.1s
[   947] loss=-0.9025 | res=4.14e-04 | grad=2.61e-01 | 1.1s
[   948] loss=-0.8323 | res=3.64e-04 | grad=1.93e-01 | 1.1s
[   949] loss=-0.7724 | res=1.31e-04 | grad=2.14e-01 | 1.1s
[   950] loss=-0.8771 | res=1.27e-04 | grad=7.85e-01 | 1.1s
[   951] loss=-0.8569 | res=1.84e-04 | grad=5.41e-01 | 1.1s
[   952] loss=-0.8682 | res=9.79e-05 | grad=4.31e-01 | 1.1s
[   953] loss=-0.8473 | res=4.46e-05 | grad=2.03e-01 | 1.1s
[   954] loss=-0.8614 | res=2.76e-04 | grad=2.37e-01 | 1.1s
[   955] loss=-0.9226 | res=2.99e-04 | grad=3.07e-01 | 1.1s
[   956] loss=-0.7835 | res=3.71e-04 | grad=6.02e-01 | 1.1s
[   957] loss=-0.9092 | res=3.85e-04 | grad=3.19e-01 | 1.1s
[   958] loss=-0.9583 | res=4.76e-04 | grad=2.40e-01 | 1.1s
[   959] loss=-0.8592 | res=2.05e-04 | grad=4.61e-01 | 1.1s
[   960] loss=-0.8053 | res=5.85e-04 | grad=7.39e-01 | 1.1s
[   961] loss=-0.8464 | res=3.55e-04 | grad=3.03e-01 | 1.1s
[   962] loss=-0.7652 | res=8.87e-04 | grad=6.44e-01 | 1.1s
[   963] loss=-0.8606 | res=5.22e-04 | grad=3.10e-01 | 1.1s
[   964] loss=-0.8137 | res=4.89e-05 | grad=2.22e-01 | 1.1s
[   965] loss=-0.8665 | res=6.41e-04 | grad=7.24e-01 | 1.1s
[   966] loss=-0.8540 | res=2.70e-04 | grad=6.00e-01 | 1.1s
[   967] loss=-0.8613 | res=3.99e-04 | grad=4.61e-01 | 1.1s
[   968] loss=-0.8081 | res=1.46e-04 | grad=1.76e-01 | 1.1s
[   969] loss=-0.9281 | res=4.30e-04 | grad=4.94e-01 | 1.1s
[   970] loss=-0.8337 | res=1.72e-04 | grad=3.43e-01 | 1.1s
[   971] loss=-0.8824 | res=5.87e-04 | grad=1.94e-01 | 1.1s
[   972] loss=-0.9505 | res=4.04e-04 | grad=1.51e-01 | 1.1s
[   973] loss=-0.8664 | res=6.82e-04 | grad=2.30e-01 | 1.1s
[   974] loss=-0.7500 | res=9.16e-04 | grad=7.72e-01 | 1.1s
[   975] loss=-0.8536 | res=6.50e-04 | grad=3.33e-01 | 1.0s
[   976] loss=-0.7469 | res=4.94e-04 | grad=6.53e-01 | 1.1s
[   977] loss=-0.8603 | res=3.18e-04 | grad=1.57e-01 | 1.1s
[   978] loss=-0.8563 | res=1.80e-04 | grad=2.60e-01 | 1.0s
[   979] loss=-0.8506 | res=2.60e-04 | grad=1.47e-01 | 0.9s
[   980] loss=-0.7649 | res=2.58e-04 | grad=2.62e-01 | 1.0s
[   981] loss=-0.7920 | res=4.37e-04 | grad=2.48e-01 | 1.0s
[   982] loss=-0.8160 | res=3.70e-04 | grad=2.82e-01 | 1.0s
[   983] loss=-0.8967 | res=2.80e-04 | grad=9.12e-01 | 1.0s
[   984] loss=-0.8891 | res=9.97e-04 | grad=7.92e-01 | 1.0s
[   985] loss=-0.8589 | res=1.76e-04 | grad=5.92e-01 | 1.0s
[   986] loss=-0.8675 | res=3.02e-04 | grad=3.24e-01 | 1.1s
[   987] loss=-0.8207 | res=5.10e-04 | grad=2.84e-01 | 1.1s
[   988] loss=-0.8396 | res=8.76e-04 | grad=3.97e-01 | 1.1s
[   989] loss=-0.7781 | res=6.11e-04 | grad=6.92e-01 | 1.1s
[   990] loss=-0.7855 | res=9.15e-04 | grad=6.56e-01 | 1.1s
[   991] loss=-0.7607 | res=3.81e-04 | grad=7.27e-01 | 1.1s
[   992] loss=-0.8846 | res=9.53e-04 | grad=2.74e-01 | 1.1s
[   993] loss=-0.8047 | res=1.63e-04 | grad=2.92e-01 | 1.1s
[   994] loss=-0.8264 | res=1.89e-04 | grad=1.44e-01 | 1.1s
[   995] loss=-0.9072 | res=5.64e-04 | grad=2.96e-01 | 1.1s
[   996] loss=-0.7780 | res=5.21e-04 | grad=4.30e-01 | 1.1s
[   997] loss=-0.7720 | res=4.22e-04 | grad=2.69e-01 | 1.1s
[   998] loss=-0.8732 | res=2.20e-04 | grad=5.91e-01 | 1.1s
[   999] loss=-0.9223 | res=3.77e-04 | grad=5.94e-01 | 1.1s
[  1000] loss=-0.8422 | res=2.01e-04 | grad=2.00e-01 | 1.1s
    KL = 0.0417
    ESS ratio = 0.944
    Runtime = 1090.3s

  --- Run 4/5 (seed=45678) ---
[     1] loss=-0.0722 | res=1.42e-13 | grad=6.16e+00 | 3.3s
[     2] loss=-0.1889 | res=8.33e-05 | grad=5.99e+00 | 1.1s
[     3] loss=-0.3223 | res=1.08e-04 | grad=6.20e+00 | 1.1s
[     4] loss=-0.4166 | res=3.17e-09 | grad=5.72e+00 | 1.1s
[     5] loss=-0.5046 | res=5.13e-05 | grad=4.93e+00 | 1.1s
[     6] loss=-0.5904 | res=8.93e-09 | grad=3.78e+00 | 1.1s
[     7] loss=-0.6864 | res=2.52e-04 | grad=3.47e+00 | 1.1s
[     8] loss=-0.7349 | res=9.89e-09 | grad=2.35e+00 | 1.1s
[     9] loss=-0.7389 | res=3.75e-09 | grad=1.40e+00 | 1.1s
[    10] loss=-0.8061 | res=1.35e-08 | grad=9.83e-01 | 1.1s
[    11] loss=-0.7565 | res=7.12e-11 | grad=5.54e-01 | 1.1s
[    12] loss=-0.7792 | res=1.91e-04 | grad=3.51e-01 | 1.1s
[    13] loss=-0.7806 | res=4.83e-04 | grad=2.68e-01 | 1.1s
[    14] loss=-0.8411 | res=4.32e-09 | grad=6.11e-01 | 1.0s
[    15] loss=-0.8177 | res=3.93e-04 | grad=8.69e-01 | 1.1s
[    16] loss=-0.7368 | res=1.34e-04 | grad=9.95e-01 | 1.1s
[    17] loss=-0.8512 | res=1.47e-04 | grad=9.61e-01 | 1.1s
[    18] loss=-0.7988 | res=1.37e-04 | grad=1.05e+00 | 1.1s
[    19] loss=-0.8857 | res=5.56e-05 | grad=9.45e-01 | 1.1s
[    20] loss=-0.8260 | res=1.83e-04 | grad=1.05e+00 | 1.1s
[    21] loss=-0.8880 | res=1.67e-04 | grad=1.27e+00 | 1.1s
[    22] loss=-0.7289 | res=1.71e-04 | grad=1.43e+00 | 1.1s
[    23] loss=-0.7602 | res=6.93e-05 | grad=1.22e+00 | 1.1s
[    24] loss=-0.7445 | res=4.35e-04 | grad=8.70e-01 | 1.1s
[    25] loss=-0.9332 | res=7.45e-05 | grad=6.36e-01 | 1.1s
[    26] loss=-0.8456 | res=6.95e-05 | grad=6.70e-01 | 1.1s
[    27] loss=-0.7540 | res=3.09e-04 | grad=7.07e-01 | 1.1s
[    28] loss=-0.8389 | res=5.94e-04 | grad=4.13e-01 | 1.1s
[    29] loss=-0.8839 | res=8.81e-09 | grad=3.36e-01 | 1.1s
[    30] loss=-0.7754 | res=4.52e-09 | grad=4.69e-01 | 1.1s
[    31] loss=-0.7328 | res=3.41e-09 | grad=5.30e-01 | 1.1s
[    32] loss=-0.8312 | res=5.32e-05 | grad=5.68e-01 | 1.1s
[    33] loss=-0.8231 | res=6.36e-09 | grad=4.19e-01 | 1.1s
[    34] loss=-0.7255 | res=6.38e-09 | grad=2.89e-01 | 1.1s
[    35] loss=-0.8767 | res=4.39e-05 | grad=5.90e-01 | 1.1s
[    36] loss=-0.8351 | res=5.68e-05 | grad=8.03e-01 | 1.1s
[    37] loss=-0.9424 | res=4.26e-09 | grad=8.72e-01 | 1.1s
[    38] loss=-0.7789 | res=1.40e-04 | grad=6.14e-01 | 1.1s
[    39] loss=-0.7895 | res=1.72e-04 | grad=3.74e-01 | 1.1s
[    40] loss=-0.7898 | res=1.40e-04 | grad=5.28e-01 | 1.1s
[    41] loss=-0.8082 | res=9.74e-05 | grad=4.40e-01 | 1.0s
[    42] loss=-0.8883 | res=1.04e-08 | grad=5.50e-01 | 1.1s
[    43] loss=-0.7496 | res=7.16e-05 | grad=2.75e-01 | 1.1s
[    44] loss=-0.9138 | res=3.89e-04 | grad=7.21e-01 | 1.0s
[    45] loss=-0.8929 | res=1.26e-08 | grad=2.42e-01 | 1.1s
[    46] loss=-0.7328 | res=3.60e-05 | grad=3.96e-01 | 1.2s
[    47] loss=-0.7726 | res=2.05e-04 | grad=6.29e-01 | 1.1s
[    48] loss=-0.6836 | res=4.69e-09 | grad=6.40e-01 | 1.1s
[    49] loss=-0.8614 | res=2.77e-04 | grad=4.67e-01 | 1.1s
[    50] loss=-0.8973 | res=1.86e-04 | grad=2.59e-01 | 1.1s
[    51] loss=-0.9140 | res=1.20e-04 | grad=2.02e-01 | 1.1s
[    52] loss=-0.9123 | res=2.23e-04 | grad=2.88e-01 | 1.0s
[    53] loss=-0.7413 | res=1.38e-04 | grad=4.82e-01 | 1.0s
[    54] loss=-0.7150 | res=1.98e-04 | grad=4.99e-01 | 1.0s
[    55] loss=-0.9023 | res=2.99e-04 | grad=8.35e-02 | 1.0s
[    56] loss=-0.8472 | res=2.19e-04 | grad=3.24e-01 | 1.0s
[    57] loss=-0.7081 | res=1.43e-04 | grad=6.47e-01 | 1.0s
[    58] loss=-0.8139 | res=3.49e-04 | grad=3.71e-01 | 1.0s
[    59] loss=-0.7931 | res=4.12e-09 | grad=3.00e-01 | 1.0s
[    60] loss=-0.7613 | res=1.60e-04 | grad=1.58e-01 | 1.0s
[    61] loss=-0.8041 | res=5.59e-05 | grad=3.72e-01 | 1.0s
[    62] loss=-0.7984 | res=5.78e-04 | grad=4.64e-01 | 1.0s
[    63] loss=-0.8694 | res=8.58e-06 | grad=4.76e-01 | 1.0s
[    64] loss=-0.8754 | res=1.79e-04 | grad=3.10e-01 | 1.0s
[    65] loss=-0.8596 | res=1.79e-04 | grad=1.47e-01 | 1.0s
[    66] loss=-0.8195 | res=2.66e-04 | grad=2.90e-01 | 1.0s
[    67] loss=-0.7904 | res=5.29e-04 | grad=2.77e-01 | 1.0s
[    68] loss=-0.7566 | res=4.81e-05 | grad=3.89e-01 | 1.0s
[    69] loss=-0.8207 | res=1.15e-08 | grad=6.03e-01 | 1.1s
[    70] loss=-0.8979 | res=1.42e-04 | grad=1.52e-01 | 1.1s
[    71] loss=-0.8346 | res=2.19e-04 | grad=3.36e-01 | 1.1s
[    72] loss=-0.8554 | res=3.35e-04 | grad=1.49e-01 | 1.1s
[    73] loss=-0.8005 | res=1.28e-04 | grad=1.60e-01 | 1.1s
[    74] loss=-0.8977 | res=3.10e-04 | grad=3.86e-01 | 1.1s
[    75] loss=-0.8464 | res=6.56e-05 | grad=2.37e-01 | 1.1s
[    76] loss=-0.7468 | res=3.28e-04 | grad=1.84e-01 | 1.1s
[    77] loss=-0.7844 | res=3.63e-04 | grad=2.22e-01 | 1.1s
[    78] loss=-0.9159 | res=1.71e-04 | grad=4.51e-01 | 1.1s
[    79] loss=-0.8733 | res=6.90e-05 | grad=2.40e-01 | 1.1s
[    80] loss=-0.9337 | res=1.32e-08 | grad=4.03e-01 | 1.1s
[    81] loss=-0.8661 | res=1.27e-04 | grad=2.52e-01 | 1.1s
[    82] loss=-0.7983 | res=1.51e-04 | grad=3.56e-01 | 1.1s
[    83] loss=-0.8272 | res=2.12e-04 | grad=5.08e-01 | 1.1s
[    84] loss=-0.8926 | res=7.58e-05 | grad=1.85e-01 | 1.1s
[    85] loss=-0.8495 | res=8.71e-09 | grad=2.14e-01 | 1.1s
[    86] loss=-0.8461 | res=2.64e-04 | grad=1.40e-01 | 1.1s
[    87] loss=-0.7611 | res=2.01e-04 | grad=7.81e-01 | 1.1s
[    88] loss=-0.8243 | res=3.29e-04 | grad=3.80e-01 | 1.1s
[    89] loss=-0.7828 | res=2.64e-08 | grad=4.84e-01 | 1.1s
[    90] loss=-0.8351 | res=6.69e-05 | grad=3.06e-01 | 1.1s
[    91] loss=-0.7649 | res=1.84e-04 | grad=3.51e-01 | 1.1s
[    92] loss=-0.9348 | res=4.00e-04 | grad=4.29e-01 | 1.1s
[    93] loss=-0.7264 | res=3.94e-04 | grad=3.37e-01 | 1.1s
[    94] loss=-0.8442 | res=5.72e-05 | grad=1.49e-01 | 1.1s
[    95] loss=-0.8630 | res=8.75e-05 | grad=4.25e-01 | 1.1s
[    96] loss=-0.8557 | res=4.64e-04 | grad=5.77e-01 | 1.1s
[    97] loss=-0.7952 | res=1.24e-04 | grad=2.93e-01 | 1.1s
[    98] loss=-0.7289 | res=4.78e-05 | grad=3.89e-01 | 1.1s
[    99] loss=-0.8612 | res=2.30e-04 | grad=4.86e-01 | 1.1s
[   100] loss=-0.8073 | res=6.71e-04 | grad=1.58e-01 | 1.1s
[   101] loss=-0.9006 | res=1.68e-04 | grad=3.64e-01 | 1.1s
[   102] loss=-0.8829 | res=4.65e-04 | grad=1.81e-01 | 1.1s
[   103] loss=-0.8702 | res=2.68e-04 | grad=4.98e-01 | 1.1s
[   104] loss=-0.7466 | res=5.25e-04 | grad=6.90e-01 | 1.1s
[   105] loss=-0.8467 | res=4.85e-04 | grad=1.80e-01 | 1.1s
[   106] loss=-0.7123 | res=5.01e-04 | grad=6.82e-01 | 1.1s
[   107] loss=-0.7985 | res=3.68e-05 | grad=5.00e-01 | 1.1s
[   108] loss=-0.8493 | res=2.20e-04 | grad=6.14e-01 | 1.1s
[   109] loss=-0.8097 | res=4.96e-05 | grad=2.36e-01 | 1.1s
[   110] loss=-0.8264 | res=2.47e-04 | grad=1.11e-01 | 1.1s
[   111] loss=-0.8099 | res=1.47e-04 | grad=3.95e-01 | 1.1s
[   112] loss=-0.8255 | res=3.73e-04 | grad=2.68e-01 | 1.1s
[   113] loss=-0.7790 | res=1.95e-04 | grad=2.92e-01 | 1.1s
[   114] loss=-0.7611 | res=5.84e-04 | grad=1.78e-01 | 1.1s
[   115] loss=-0.8245 | res=2.48e-04 | grad=2.11e-01 | 1.1s
[   116] loss=-0.9072 | res=3.12e-04 | grad=6.69e-01 | 1.1s
[   117] loss=-0.8822 | res=2.72e-04 | grad=3.19e-01 | 1.1s
[   118] loss=-0.7587 | res=4.27e-08 | grad=2.60e-01 | 1.1s
[   119] loss=-0.8747 | res=6.75e-09 | grad=3.14e-01 | 1.1s
[   120] loss=-0.8115 | res=6.42e-05 | grad=2.92e-01 | 1.1s
[   121] loss=-0.8350 | res=1.41e-04 | grad=1.69e-01 | 1.1s
[   122] loss=-0.8635 | res=3.80e-04 | grad=4.25e-01 | 1.1s
[   123] loss=-0.7206 | res=1.18e-04 | grad=3.39e-01 | 1.1s
[   124] loss=-0.9125 | res=2.18e-04 | grad=5.74e-01 | 1.1s
[   125] loss=-0.8312 | res=2.96e-04 | grad=2.04e-01 | 1.1s
[   126] loss=-0.8885 | res=4.85e-04 | grad=5.27e-01 | 1.1s
[   127] loss=-0.7752 | res=1.77e-04 | grad=3.66e-01 | 1.1s
[   128] loss=-0.8696 | res=4.06e-04 | grad=4.23e-01 | 1.1s
[   129] loss=-0.8735 | res=4.43e-04 | grad=1.30e-01 | 1.1s
[   130] loss=-0.8615 | res=6.42e-05 | grad=3.07e-01 | 1.1s
[   131] loss=-0.8579 | res=5.41e-04 | grad=2.69e-01 | 1.1s
[   132] loss=-0.9177 | res=4.32e-04 | grad=3.60e-01 | 1.1s
[   133] loss=-0.8225 | res=1.59e-04 | grad=1.73e-01 | 1.1s
[   134] loss=-0.7531 | res=2.02e-04 | grad=4.44e-01 | 1.1s
[   135] loss=-0.8015 | res=1.10e-04 | grad=3.17e-01 | 1.1s
[   136] loss=-0.8042 | res=2.65e-04 | grad=2.94e-01 | 1.1s
[   137] loss=-0.8149 | res=1.70e-04 | grad=3.34e-01 | 1.1s
[   138] loss=-0.8959 | res=3.52e-04 | grad=4.22e-01 | 1.1s
[   139] loss=-0.8722 | res=9.32e-05 | grad=2.16e-01 | 1.1s
[   140] loss=-0.8251 | res=2.51e-04 | grad=3.34e-01 | 1.1s
[   141] loss=-0.8339 | res=1.68e-04 | grad=1.97e-01 | 1.1s
[   142] loss=-0.8850 | res=4.90e-05 | grad=3.53e-01 | 1.1s
[   143] loss=-0.7969 | res=1.88e-04 | grad=3.80e-01 | 1.1s
[   144] loss=-0.8348 | res=2.16e-09 | grad=5.11e-01 | 1.1s
[   145] loss=-0.8581 | res=3.04e-04 | grad=4.39e-01 | 1.1s
[   146] loss=-0.9262 | res=6.56e-04 | grad=4.33e-01 | 1.1s
[   147] loss=-0.8279 | res=8.70e-04 | grad=2.45e-01 | 1.1s
[   148] loss=-0.8654 | res=2.69e-04 | grad=5.07e-01 | 1.1s
[   149] loss=-0.8886 | res=4.44e-04 | grad=3.47e-01 | 1.1s
[   150] loss=-0.8420 | res=1.22e-04 | grad=3.07e-01 | 1.0s
[   151] loss=-0.8097 | res=1.44e-04 | grad=4.83e-01 | 1.1s
[   152] loss=-0.8761 | res=2.28e-04 | grad=3.63e-01 | 1.1s
[   153] loss=-0.8203 | res=1.47e-04 | grad=4.52e-01 | 1.1s
[   154] loss=-0.8761 | res=9.42e-09 | grad=4.56e-01 | 1.1s
[   155] loss=-0.7653 | res=5.20e-04 | grad=4.69e-01 | 1.1s
[   156] loss=-0.8671 | res=3.20e-04 | grad=3.94e-01 | 1.1s
[   157] loss=-0.8578 | res=6.17e-05 | grad=4.28e-01 | 1.1s
[   158] loss=-0.7960 | res=9.83e-05 | grad=1.84e-01 | 1.1s
[   159] loss=-0.9105 | res=3.00e-04 | grad=3.88e-01 | 1.1s
[   160] loss=-0.8607 | res=1.66e-04 | grad=7.13e-01 | 1.1s
[   161] loss=-0.9038 | res=2.99e-04 | grad=6.04e-01 | 1.1s
[   162] loss=-0.7542 | res=2.39e-04 | grad=3.73e-01 | 1.1s
[   163] loss=-0.8138 | res=2.07e-04 | grad=3.28e-01 | 1.1s
[   164] loss=-0.8360 | res=5.29e-09 | grad=2.29e-01 | 1.1s
[   165] loss=-0.8025 | res=1.31e-03 | grad=1.55e-01 | 1.1s
[   166] loss=-0.8861 | res=4.10e-04 | grad=5.92e-01 | 1.1s
[   167] loss=-0.8181 | res=9.11e-05 | grad=3.28e-01 | 1.1s
[   168] loss=-0.8686 | res=3.17e-04 | grad=1.88e-01 | 1.1s
[   169] loss=-0.9329 | res=2.79e-04 | grad=2.67e-01 | 1.1s
[   170] loss=-0.7576 | res=2.62e-04 | grad=5.14e-01 | 1.1s
[   171] loss=-0.9015 | res=1.42e-04 | grad=3.13e-01 | 1.1s
[   172] loss=-0.8127 | res=2.74e-09 | grad=1.62e-01 | 1.1s
[   173] loss=-0.8559 | res=4.52e-04 | grad=1.08e-01 | 1.1s
[   174] loss=-0.8495 | res=1.03e-04 | grad=7.02e-01 | 1.1s
[   175] loss=-0.8864 | res=3.18e-04 | grad=6.33e-01 | 1.1s
[   176] loss=-0.8875 | res=1.21e-04 | grad=3.61e-01 | 1.1s
[   177] loss=-0.8598 | res=3.07e-04 | grad=3.18e-01 | 1.1s
[   178] loss=-0.8305 | res=1.84e-04 | grad=4.55e-01 | 1.1s
[   179] loss=-0.9202 | res=7.07e-05 | grad=6.79e-01 | 1.1s
[   180] loss=-0.8211 | res=1.37e-04 | grad=2.22e-01 | 1.1s
[   181] loss=-0.8450 | res=1.47e-04 | grad=2.92e-01 | 1.1s
[   182] loss=-0.8302 | res=8.17e-07 | grad=3.61e-01 | 1.1s
[   183] loss=-0.9066 | res=1.74e-04 | grad=2.63e-01 | 1.1s
[   184] loss=-0.8066 | res=5.47e-04 | grad=3.69e-01 | 1.1s
[   185] loss=-0.8905 | res=1.49e-04 | grad=2.60e-01 | 1.1s
[   186] loss=-0.8460 | res=3.36e-09 | grad=3.76e-01 | 1.1s
[   187] loss=-0.9035 | res=1.39e-04 | grad=1.91e-01 | 1.1s
[   188] loss=-0.8857 | res=6.53e-05 | grad=2.74e-01 | 1.1s
[   189] loss=-0.8399 | res=5.23e-05 | grad=4.52e-01 | 1.1s
[   190] loss=-0.8488 | res=2.22e-04 | grad=4.07e-01 | 1.1s
[   191] loss=-0.8066 | res=6.35e-05 | grad=5.10e-01 | 1.1s
[   192] loss=-0.7897 | res=3.72e-04 | grad=5.53e-01 | 1.1s
[   193] loss=-0.8825 | res=1.93e-04 | grad=2.75e-01 | 1.1s
[   194] loss=-0.8455 | res=1.45e-15 | grad=4.37e-01 | 1.1s
[   195] loss=-0.8095 | res=2.63e-04 | grad=7.08e-01 | 1.1s
[   196] loss=-0.9229 | res=4.73e-04 | grad=2.69e-01 | 1.1s
[   197] loss=-0.7649 | res=6.26e-05 | grad=2.76e-01 | 1.1s
[   198] loss=-0.7746 | res=9.74e-05 | grad=3.73e-01 | 1.1s
[   199] loss=-0.8199 | res=3.54e-09 | grad=3.22e-01 | 1.1s
[   200] loss=-0.8012 | res=4.46e-04 | grad=4.80e-01 | 1.1s
[   201] loss=-0.8094 | res=8.82e-09 | grad=1.95e-01 | 1.1s
[   202] loss=-0.8399 | res=3.61e-09 | grad=3.27e-01 | 1.1s
[   203] loss=-0.7537 | res=2.97e-04 | grad=4.43e-01 | 1.1s
[   204] loss=-0.8760 | res=4.74e-10 | grad=3.34e-01 | 1.1s
[   205] loss=-0.8078 | res=3.58e-04 | grad=2.16e-01 | 1.1s
[   206] loss=-0.7598 | res=4.36e-04 | grad=3.15e-01 | 1.1s
[   207] loss=-0.8086 | res=5.58e-05 | grad=2.43e-01 | 1.1s
[   208] loss=-0.8137 | res=5.31e-04 | grad=1.74e-01 | 1.1s
[   209] loss=-0.8189 | res=1.32e-04 | grad=5.26e-01 | 1.0s
[   210] loss=-0.8537 | res=4.97e-05 | grad=2.02e-01 | 1.1s
[   211] loss=-0.8547 | res=2.07e-04 | grad=3.41e-01 | 1.1s
[   212] loss=-0.8338 | res=2.06e-04 | grad=4.40e-01 | 1.0s
[   213] loss=-0.8522 | res=1.14e-04 | grad=4.30e-01 | 1.1s
[   214] loss=-0.8788 | res=3.25e-05 | grad=2.33e-01 | 1.1s
[   215] loss=-0.8754 | res=1.39e-15 | grad=2.16e-01 | 1.1s
[   216] loss=-0.8659 | res=4.89e-05 | grad=1.30e-01 | 1.1s
[   217] loss=-0.8158 | res=2.89e-04 | grad=2.27e-01 | 1.1s
[   218] loss=-0.7761 | res=4.09e-04 | grad=3.86e-01 | 1.1s
[   219] loss=-0.8522 | res=1.70e-09 | grad=3.23e-01 | 1.1s
[   220] loss=-0.8564 | res=4.62e-04 | grad=3.44e-01 | 1.1s
[   221] loss=-0.7991 | res=9.07e-05 | grad=5.54e-01 | 1.1s
[   222] loss=-0.7533 | res=3.93e-04 | grad=4.05e-01 | 1.1s
[   223] loss=-0.8906 | res=3.39e-04 | grad=3.38e-01 | 1.1s
[   224] loss=-0.8943 | res=1.89e-04 | grad=3.05e-01 | 1.1s
[   225] loss=-0.8394 | res=2.19e-04 | grad=3.19e-01 | 1.1s
[   226] loss=-0.8811 | res=8.23e-05 | grad=3.41e-01 | 1.1s
[   227] loss=-0.7736 | res=4.98e-04 | grad=4.64e-01 | 1.1s
[   228] loss=-0.8591 | res=2.72e-04 | grad=1.39e-01 | 1.1s
[   229] loss=-0.7855 | res=2.92e-09 | grad=2.71e-01 | 1.1s
[   230] loss=-0.8690 | res=2.68e-04 | grad=3.57e-01 | 1.1s
[   231] loss=-0.8093 | res=2.14e-08 | grad=6.29e-01 | 1.1s
[   232] loss=-0.8398 | res=5.56e-05 | grad=4.56e-01 | 1.1s
[   233] loss=-0.8136 | res=2.46e-04 | grad=5.08e-01 | 1.0s
[   234] loss=-0.8818 | res=1.24e-04 | grad=2.62e-01 | 1.1s
[   235] loss=-0.8705 | res=4.45e-04 | grad=5.20e-01 | 1.1s
[   236] loss=-0.8378 | res=1.25e-04 | grad=2.57e-01 | 1.1s
[   237] loss=-0.8613 | res=4.75e-04 | grad=2.90e-01 | 1.1s
[   238] loss=-0.8697 | res=1.39e-04 | grad=4.83e-01 | 1.1s
[   239] loss=-0.7974 | res=7.13e-04 | grad=2.34e-01 | 1.1s
[   240] loss=-0.8929 | res=4.19e-04 | grad=3.83e-01 | 1.1s
[   241] loss=-0.9077 | res=3.71e-04 | grad=4.19e-01 | 1.1s
[   242] loss=-0.8459 | res=1.45e-04 | grad=3.44e-01 | 1.1s
[   243] loss=-0.7031 | res=2.28e-04 | grad=9.08e-01 | 1.1s
[   244] loss=-0.7852 | res=2.64e-04 | grad=6.40e-01 | 1.1s
[   245] loss=-0.8034 | res=2.61e-04 | grad=3.18e-01 | 1.1s
[   246] loss=-0.8479 | res=4.66e-04 | grad=2.08e-01 | 1.1s
[   247] loss=-0.7720 | res=2.15e-04 | grad=1.86e-01 | 1.1s
[   248] loss=-0.7880 | res=2.74e-04 | grad=2.68e-01 | 1.1s
[   249] loss=-0.8196 | res=9.04e-05 | grad=5.43e-01 | 1.1s
[   250] loss=-0.8123 | res=1.81e-04 | grad=3.31e-01 | 1.1s
[   251] loss=-0.8112 | res=2.33e-04 | grad=3.70e-01 | 1.1s
[   252] loss=-0.9298 | res=6.45e-11 | grad=8.94e-01 | 1.1s
[   253] loss=-0.8141 | res=3.17e-04 | grad=3.20e-01 | 1.1s
[   254] loss=-0.7896 | res=3.44e-05 | grad=1.81e-01 | 1.1s
[   255] loss=-0.8587 | res=5.89e-04 | grad=2.21e-01 | 1.1s
[   256] loss=-0.8956 | res=3.21e-04 | grad=4.25e-01 | 1.1s
[   257] loss=-0.8409 | res=2.07e-04 | grad=2.49e-01 | 1.1s
[   258] loss=-0.9211 | res=3.37e-14 | grad=2.31e-01 | 1.1s
[   259] loss=-0.8890 | res=2.00e-08 | grad=2.52e-01 | 1.1s
[   260] loss=-0.7162 | res=2.59e-05 | grad=6.31e-01 | 1.1s
[   261] loss=-0.7201 | res=3.02e-04 | grad=6.65e-01 | 1.1s
[   262] loss=-0.7979 | res=1.43e-04 | grad=4.21e-01 | 1.1s
[   263] loss=-0.9012 | res=1.25e-04 | grad=3.82e-01 | 1.1s
[   264] loss=-0.7042 | res=5.60e-04 | grad=5.97e-01 | 1.1s
[   265] loss=-0.7352 | res=3.08e-04 | grad=4.55e-01 | 1.1s
[   266] loss=-0.8192 | res=1.37e-04 | grad=4.19e-01 | 1.1s
[   267] loss=-0.8859 | res=2.19e-04 | grad=5.41e-01 | 1.1s
[   268] loss=-0.8875 | res=5.82e-04 | grad=7.29e-01 | 1.1s
[   269] loss=-0.8637 | res=2.17e-04 | grad=4.81e-01 | 1.1s
[   270] loss=-0.7604 | res=5.91e-05 | grad=2.77e-01 | 1.1s
[   271] loss=-0.8473 | res=3.42e-04 | grad=3.99e-01 | 1.1s
[   272] loss=-0.8309 | res=5.30e-05 | grad=2.41e-01 | 1.1s
[   273] loss=-0.8217 | res=4.82e-05 | grad=2.58e-01 | 1.1s
[   274] loss=-0.8512 | res=1.08e-04 | grad=3.49e-01 | 1.0s
[   275] loss=-0.9519 | res=1.01e-04 | grad=4.64e-01 | 1.1s
[   276] loss=-0.8740 | res=1.29e-04 | grad=3.07e-01 | 1.1s
[   277] loss=-0.8221 | res=7.83e-09 | grad=4.40e-01 | 1.1s
[   278] loss=-0.9283 | res=1.18e-04 | grad=2.98e-01 | 1.1s
[   279] loss=-0.8418 | res=8.33e-05 | grad=2.91e-01 | 1.1s
[   280] loss=-0.8301 | res=2.14e-04 | grad=7.14e-01 | 1.1s
[   281] loss=-0.8246 | res=6.67e-04 | grad=3.82e-01 | 1.1s
[   282] loss=-0.8448 | res=1.48e-04 | grad=2.94e-01 | 1.1s
[   283] loss=-0.7470 | res=1.11e-08 | grad=8.07e-01 | 1.1s
[   284] loss=-0.8690 | res=2.45e-04 | grad=2.46e-01 | 1.1s
[   285] loss=-0.8632 | res=1.79e-04 | grad=2.67e-01 | 1.1s
[   286] loss=-0.8267 | res=1.30e-04 | grad=2.12e-01 | 1.1s
[   287] loss=-0.8605 | res=2.37e-04 | grad=4.93e-01 | 1.1s
[   288] loss=-0.9280 | res=1.14e-04 | grad=5.31e-01 | 1.1s
[   289] loss=-0.8779 | res=7.88e-10 | grad=4.45e-01 | 1.1s
[   290] loss=-0.9402 | res=5.68e-05 | grad=7.05e-01 | 1.1s
[   291] loss=-0.8219 | res=1.67e-04 | grad=3.75e-01 | 1.1s
[   292] loss=-0.8715 | res=2.84e-04 | grad=1.81e-01 | 1.1s
[   293] loss=-0.7691 | res=3.42e-04 | grad=3.31e-01 | 1.1s
[   294] loss=-0.7632 | res=1.80e-04 | grad=9.14e-01 | 1.1s
[   295] loss=-0.8676 | res=2.70e-04 | grad=2.06e-01 | 1.1s
[   296] loss=-0.8584 | res=4.73e-05 | grad=2.51e-01 | 1.1s
[   297] loss=-0.8314 | res=2.94e-04 | grad=1.99e-01 | 1.1s
[   298] loss=-0.9085 | res=1.35e-04 | grad=2.66e-01 | 1.1s
[   299] loss=-0.7316 | res=6.14e-05 | grad=6.47e-01 | 1.1s
[   300] loss=-0.8089 | res=2.42e-04 | grad=3.94e-01 | 1.1s
[   301] loss=-0.7679 | res=7.99e-05 | grad=2.45e-01 | 1.1s
[   302] loss=-0.9383 | res=6.78e-10 | grad=5.26e-01 | 1.1s
[   303] loss=-0.7776 | res=6.25e-05 | grad=5.72e-01 | 1.1s
[   304] loss=-0.8968 | res=3.58e-04 | grad=5.21e-01 | 1.1s
[   305] loss=-0.8663 | res=1.09e-04 | grad=4.02e-01 | 1.1s
[   306] loss=-0.8300 | res=2.71e-04 | grad=3.10e-01 | 1.1s
[   307] loss=-0.8538 | res=1.18e-04 | grad=2.89e-01 | 1.1s
[   308] loss=-0.8117 | res=3.03e-04 | grad=3.32e-01 | 1.1s
[   309] loss=-0.8402 | res=1.68e-04 | grad=1.78e-01 | 1.1s
[   310] loss=-0.7607 | res=4.37e-05 | grad=4.92e-01 | 1.1s
[   311] loss=-0.8192 | res=3.42e-04 | grad=2.39e-01 | 1.1s
[   312] loss=-0.8624 | res=2.28e-04 | grad=3.80e-01 | 1.1s
[   313] loss=-0.7679 | res=2.52e-04 | grad=3.62e-01 | 1.1s
[   314] loss=-0.8395 | res=3.13e-04 | grad=1.67e-01 | 1.1s
[   315] loss=-0.9474 | res=2.39e-04 | grad=4.25e-01 | 1.0s
[   316] loss=-0.8532 | res=6.30e-05 | grad=3.18e-01 | 1.1s
[   317] loss=-0.8137 | res=3.61e-04 | grad=2.46e-01 | 1.1s
[   318] loss=-0.8061 | res=5.79e-05 | grad=2.69e-01 | 1.1s
[   319] loss=-0.7554 | res=8.94e-05 | grad=6.97e-01 | 1.1s
[   320] loss=-0.8465 | res=5.32e-04 | grad=2.68e-01 | 1.1s
[   321] loss=-0.7445 | res=2.29e-04 | grad=4.53e-01 | 1.1s
[   322] loss=-0.8981 | res=3.32e-09 | grad=4.94e-01 | 1.1s
[   323] loss=-0.8964 | res=1.56e-15 | grad=2.90e-01 | 1.1s
[   324] loss=-0.8176 | res=6.71e-05 | grad=3.20e-01 | 1.1s
[   325] loss=-0.8570 | res=1.85e-08 | grad=2.81e-01 | 1.1s
[   326] loss=-0.7272 | res=1.27e-15 | grad=4.05e-01 | 1.1s
[   327] loss=-0.8295 | res=3.78e-04 | grad=1.12e-01 | 1.1s
[   328] loss=-0.7611 | res=8.33e-05 | grad=2.33e-01 | 1.1s
[   329] loss=-0.7799 | res=9.20e-05 | grad=1.66e-01 | 1.1s
[   330] loss=-0.9449 | res=5.78e-05 | grad=6.13e-01 | 1.1s
[   331] loss=-0.8056 | res=6.32e-05 | grad=3.39e-01 | 1.1s
[   332] loss=-0.8342 | res=5.99e-05 | grad=2.64e-01 | 1.1s
[   333] loss=-0.7422 | res=6.31e-05 | grad=3.71e-01 | 1.1s
[   334] loss=-0.8127 | res=5.54e-05 | grad=2.14e-01 | 1.1s
[   335] loss=-0.8267 | res=1.30e-04 | grad=2.79e-01 | 1.1s
[   336] loss=-0.8416 | res=3.76e-05 | grad=1.83e-01 | 1.1s
[   337] loss=-0.8304 | res=1.03e-04 | grad=2.17e-01 | 1.1s
[   338] loss=-0.9236 | res=3.79e-04 | grad=3.74e-01 | 1.1s
[   339] loss=-0.7468 | res=2.78e-08 | grad=8.21e-01 | 1.1s
[   340] loss=-0.8972 | res=3.95e-04 | grad=3.12e-01 | 1.1s
[   341] loss=-0.7955 | res=1.65e-04 | grad=3.52e-01 | 1.1s
[   342] loss=-0.7745 | res=1.12e-04 | grad=2.17e-01 | 1.1s
[   343] loss=-0.8599 | res=1.77e-04 | grad=2.35e-01 | 1.1s
[   344] loss=-0.9062 | res=2.96e-04 | grad=2.19e-01 | 1.0s
[   345] loss=-0.8360 | res=1.18e-04 | grad=1.60e-01 | 1.0s
[   346] loss=-0.8327 | res=5.19e-05 | grad=1.20e-01 | 1.0s
[   347] loss=-0.8332 | res=1.60e-04 | grad=1.10e-01 | 1.0s
[   348] loss=-0.8568 | res=1.67e-04 | grad=2.34e-01 | 1.0s
[   349] loss=-0.8070 | res=2.06e-04 | grad=1.63e-01 | 1.0s
[   350] loss=-0.7740 | res=1.86e-08 | grad=4.66e-01 | 1.0s
[   351] loss=-0.9101 | res=2.96e-04 | grad=4.27e-01 | 1.0s
[   352] loss=-0.9158 | res=7.20e-05 | grad=6.23e-01 | 1.0s
[   353] loss=-0.8362 | res=2.64e-04 | grad=2.50e-01 | 1.0s
[   354] loss=-0.8755 | res=5.95e-04 | grad=1.92e-01 | 1.0s
[   355] loss=-0.7240 | res=1.59e-04 | grad=4.70e-01 | 1.0s
[   356] loss=-0.8534 | res=3.05e-05 | grad=4.22e-01 | 1.0s
[   357] loss=-0.7894 | res=4.87e-04 | grad=4.40e-01 | 1.0s
[   358] loss=-0.8262 | res=4.73e-05 | grad=1.70e-01 | 1.0s
[   359] loss=-0.7387 | res=2.38e-04 | grad=6.34e-01 | 0.9s
[   360] loss=-0.8047 | res=1.45e-04 | grad=2.53e-01 | 1.0s
[   361] loss=-0.8447 | res=6.33e-05 | grad=2.95e-01 | 1.0s
[   362] loss=-0.7521 | res=1.06e-04 | grad=2.43e-01 | 1.0s
[   363] loss=-0.8554 | res=1.48e-04 | grad=4.97e-01 | 1.0s
[   364] loss=-0.8134 | res=2.33e-04 | grad=2.66e-01 | 1.0s
[   365] loss=-0.8440 | res=2.38e-04 | grad=3.43e-01 | 1.0s
[   366] loss=-0.8236 | res=2.67e-04 | grad=4.92e-01 | 1.0s
[   367] loss=-0.7777 | res=1.42e-08 | grad=1.40e-01 | 1.0s
[   368] loss=-0.8611 | res=1.34e-04 | grad=5.07e-01 | 1.1s
[   369] loss=-0.8072 | res=6.33e-04 | grad=1.53e-01 | 1.1s
[   370] loss=-0.7980 | res=2.95e-04 | grad=2.52e-01 | 1.1s
[   371] loss=-0.8214 | res=1.46e-04 | grad=3.11e-01 | 1.1s
[   372] loss=-0.9239 | res=2.10e-04 | grad=3.35e-01 | 1.1s
[   373] loss=-0.7982 | res=2.67e-04 | grad=6.11e-01 | 1.1s
[   374] loss=-0.8410 | res=5.88e-05 | grad=3.27e-01 | 1.1s
[   375] loss=-0.8648 | res=9.73e-05 | grad=2.98e-01 | 1.1s
[   376] loss=-0.8468 | res=1.22e-04 | grad=2.54e-01 | 1.1s
[   377] loss=-0.8522 | res=1.35e-04 | grad=1.38e-01 | 1.1s
[   378] loss=-0.7970 | res=3.08e-09 | grad=2.72e-01 | 1.1s
[   379] loss=-0.7759 | res=2.00e-04 | grad=3.84e-01 | 1.1s
[   380] loss=-0.7282 | res=1.09e-04 | grad=4.91e-01 | 1.1s
[   381] loss=-0.7777 | res=2.31e-04 | grad=4.10e-01 | 1.0s
[   382] loss=-0.8193 | res=3.21e-04 | grad=1.21e-01 | 1.1s
[   383] loss=-0.7453 | res=7.77e-05 | grad=1.73e-01 | 1.1s
[   384] loss=-0.7819 | res=5.66e-05 | grad=3.12e-01 | 1.1s
[   385] loss=-0.8349 | res=1.82e-04 | grad=4.53e-01 | 1.1s
[   386] loss=-0.9107 | res=1.79e-04 | grad=7.54e-01 | 1.1s
[   387] loss=-0.8469 | res=1.51e-04 | grad=3.87e-01 | 1.1s
[   388] loss=-0.8014 | res=7.37e-05 | grad=2.18e-01 | 1.1s
[   389] loss=-0.8401 | res=3.31e-13 | grad=3.05e-01 | 1.1s
[   390] loss=-0.8655 | res=6.65e-09 | grad=3.03e-01 | 1.1s
[   391] loss=-0.8551 | res=3.03e-04 | grad=2.58e-01 | 1.1s
[   392] loss=-0.9831 | res=2.00e-09 | grad=2.59e-01 | 1.1s
[   393] loss=-0.7913 | res=1.48e-15 | grad=4.17e-01 | 1.1s
[   394] loss=-0.9119 | res=1.28e-04 | grad=3.12e-01 | 1.1s
[   395] loss=-0.8775 | res=1.79e-04 | grad=2.10e-01 | 1.1s
[   396] loss=-0.8156 | res=5.35e-05 | grad=5.33e-01 | 1.1s
[   397] loss=-0.7394 | res=1.07e-04 | grad=7.59e-01 | 1.1s
[   398] loss=-0.7829 | res=3.58e-04 | grad=5.68e-01 | 1.1s
[   399] loss=-0.7885 | res=2.00e-04 | grad=3.31e-01 | 1.1s
[   400] loss=-0.7909 | res=6.17e-09 | grad=2.22e-01 | 1.1s
[   401] loss=-0.8488 | res=7.33e-05 | grad=6.05e-01 | 1.1s
[   402] loss=-0.7746 | res=5.00e-05 | grad=4.66e-01 | 1.1s
[   403] loss=-0.7787 | res=4.32e-04 | grad=4.57e-01 | 1.1s
[   404] loss=-0.8666 | res=1.83e-08 | grad=8.55e-01 | 1.1s
[   405] loss=-0.8867 | res=4.52e-04 | grad=7.42e-01 | 1.1s
[   406] loss=-0.7061 | res=9.91e-09 | grad=3.32e-01 | 1.1s
[   407] loss=-0.8045 | res=1.19e-04 | grad=3.35e-01 | 1.1s
[   408] loss=-0.7904 | res=5.84e-05 | grad=2.46e-01 | 1.1s
[   409] loss=-0.7054 | res=5.09e-09 | grad=4.12e-01 | 1.1s
[   410] loss=-0.7803 | res=1.38e-09 | grad=2.08e-01 | 1.0s
[   411] loss=-0.8576 | res=1.73e-09 | grad=2.17e-01 | 1.0s
[   412] loss=-0.8712 | res=1.57e-04 | grad=4.25e-01 | 1.0s
[   413] loss=-0.7942 | res=1.90e-04 | grad=1.87e-01 | 1.0s
[   414] loss=-0.8491 | res=3.74e-05 | grad=2.80e-01 | 1.0s
[   415] loss=-0.8235 | res=2.27e-04 | grad=2.48e-01 | 1.0s
[   416] loss=-0.8276 | res=1.40e-04 | grad=1.80e-01 | 1.0s
[   417] loss=-0.8193 | res=1.85e-04 | grad=3.12e-01 | 1.0s
[   418] loss=-0.8370 | res=7.52e-05 | grad=1.42e-01 | 1.0s
[   419] loss=-0.8008 | res=6.51e-05 | grad=4.49e-01 | 1.0s
[   420] loss=-0.8559 | res=4.77e-05 | grad=1.14e-01 | 1.0s
[   421] loss=-0.7601 | res=3.21e-11 | grad=4.20e-01 | 1.0s
[   422] loss=-0.7660 | res=2.72e-04 | grad=2.83e-01 | 1.0s
[   423] loss=-0.9173 | res=5.57e-09 | grad=4.19e-01 | 1.0s
[   424] loss=-0.9369 | res=1.40e-04 | grad=7.77e-01 | 1.0s
[   425] loss=-0.8179 | res=9.11e-05 | grad=2.59e-01 | 0.9s
[   426] loss=-0.8804 | res=5.86e-05 | grad=3.00e-01 | 1.0s
[   427] loss=-0.8964 | res=1.15e-04 | grad=3.98e-01 | 1.1s
[   428] loss=-0.8341 | res=2.67e-09 | grad=1.64e-01 | 1.1s
[   429] loss=-0.8196 | res=1.13e-08 | grad=2.65e-01 | 1.1s
[   430] loss=-0.8139 | res=3.40e-04 | grad=4.70e-01 | 1.1s
[   431] loss=-0.7310 | res=4.85e-09 | grad=6.74e-01 | 1.1s
[   432] loss=-0.7839 | res=2.71e-04 | grad=2.70e-01 | 1.1s
[   433] loss=-0.8732 | res=3.49e-04 | grad=4.62e-01 | 1.1s
[   434] loss=-0.7472 | res=1.23e-04 | grad=3.29e-01 | 1.1s
[   435] loss=-0.8546 | res=5.41e-05 | grad=2.59e-01 | 1.1s
[   436] loss=-0.7659 | res=1.70e-04 | grad=3.00e-01 | 1.1s
[   437] loss=-0.7218 | res=4.69e-05 | grad=2.09e-01 | 1.1s
[   438] loss=-0.8069 | res=2.20e-04 | grad=5.59e-01 | 1.1s
[   439] loss=-0.7853 | res=5.32e-05 | grad=2.15e-01 | 1.1s
[   440] loss=-0.8136 | res=2.14e-04 | grad=4.05e-01 | 1.1s
[   441] loss=-0.8757 | res=5.82e-09 | grad=7.62e-01 | 1.1s
[   442] loss=-0.8989 | res=1.69e-04 | grad=5.03e-01 | 1.1s
[   443] loss=-0.8680 | res=4.29e-04 | grad=1.32e-01 | 1.1s
[   444] loss=-0.8064 | res=1.76e-04 | grad=2.79e-01 | 1.1s
[   445] loss=-0.8040 | res=3.56e-09 | grad=4.37e-01 | 1.1s
[   446] loss=-0.8448 | res=2.23e-04 | grad=4.74e-01 | 1.0s
[   447] loss=-0.7885 | res=1.67e-04 | grad=5.11e-01 | 1.1s
[   448] loss=-0.8363 | res=1.95e-04 | grad=2.06e-01 | 1.1s
[   449] loss=-0.9359 | res=6.88e-05 | grad=2.09e-01 | 1.1s
[   450] loss=-0.8752 | res=7.15e-05 | grad=3.04e-01 | 1.1s
[   451] loss=-0.7331 | res=1.54e-04 | grad=6.03e-01 | 1.1s
[   452] loss=-0.9844 | res=2.32e-04 | grad=5.42e-01 | 1.1s
[   453] loss=-0.8285 | res=7.08e-09 | grad=4.07e-01 | 1.1s
[   454] loss=-0.7617 | res=1.79e-04 | grad=3.97e-01 | 1.1s
[   455] loss=-0.8342 | res=1.54e-04 | grad=3.95e-01 | 1.1s
[   456] loss=-0.9113 | res=2.24e-04 | grad=3.97e-01 | 1.1s
[   457] loss=-0.8443 | res=1.27e-09 | grad=2.37e-01 | 1.1s
[   458] loss=-0.8675 | res=1.37e-04 | grad=4.72e-01 | 1.1s
[   459] loss=-0.8085 | res=2.89e-04 | grad=5.92e-01 | 1.1s
[   460] loss=-0.8398 | res=1.92e-04 | grad=2.76e-01 | 1.1s
[   461] loss=-0.8646 | res=2.26e-04 | grad=3.63e-01 | 1.1s
[   462] loss=-0.8723 | res=3.00e-04 | grad=1.99e-01 | 1.1s
[   463] loss=-0.8540 | res=2.62e-04 | grad=2.09e-01 | 1.1s
[   464] loss=-0.9006 | res=2.75e-04 | grad=5.09e-01 | 1.1s
[   465] loss=-0.7725 | res=2.59e-04 | grad=4.79e-01 | 1.1s
[   466] loss=-0.8585 | res=2.28e-04 | grad=3.03e-01 | 1.1s
[   467] loss=-0.8755 | res=2.16e-04 | grad=1.05e-01 | 1.1s
[   468] loss=-0.8266 | res=2.40e-05 | grad=2.27e-01 | 1.1s
[   469] loss=-0.7531 | res=1.35e-10 | grad=3.59e-01 | 1.1s
[   470] loss=-0.8186 | res=4.66e-04 | grad=2.00e-01 | 1.1s
[   471] loss=-0.8412 | res=1.39e-15 | grad=3.40e-01 | 1.1s
[   472] loss=-0.7412 | res=2.06e-04 | grad=3.60e-01 | 1.1s
[   473] loss=-0.9159 | res=2.19e-09 | grad=6.55e-01 | 1.1s
[   474] loss=-0.7492 | res=5.16e-05 | grad=1.36e-01 | 1.1s
[   475] loss=-0.8621 | res=1.22e-15 | grad=3.93e-01 | 1.1s
[   476] loss=-0.8298 | res=9.01e-05 | grad=1.96e-01 | 1.1s
[   477] loss=-0.8432 | res=3.40e-04 | grad=2.62e-01 | 1.1s
[   478] loss=-0.8261 | res=2.09e-04 | grad=2.85e-01 | 1.1s
[   479] loss=-0.8820 | res=1.28e-04 | grad=1.66e-01 | 1.1s
[   480] loss=-0.9117 | res=2.05e-08 | grad=1.66e-01 | 1.1s
[   481] loss=-0.8556 | res=2.39e-04 | grad=2.86e-01 | 1.1s
[   482] loss=-0.8209 | res=8.22e-05 | grad=3.97e-01 | 1.1s
[   483] loss=-0.8115 | res=5.78e-05 | grad=5.11e-01 | 1.1s
[   484] loss=-0.8969 | res=1.15e-04 | grad=2.37e-01 | 1.1s
[   485] loss=-0.7622 | res=5.12e-04 | grad=5.08e-01 | 1.1s
[   486] loss=-0.8885 | res=1.67e-04 | grad=4.16e-01 | 1.1s
[   487] loss=-0.8241 | res=3.67e-04 | grad=3.54e-01 | 1.0s
[   488] loss=-0.8559 | res=1.04e-08 | grad=2.98e-01 | 1.1s
[   489] loss=-0.7521 | res=1.82e-04 | grad=3.52e-01 | 1.1s
[   490] loss=-0.7986 | res=3.78e-09 | grad=4.65e-01 | 1.1s
[   491] loss=-0.7811 | res=8.90e-05 | grad=4.60e-01 | 1.1s
[   492] loss=-0.8470 | res=1.04e-04 | grad=4.63e-01 | 1.1s
[   493] loss=-0.9096 | res=2.91e-04 | grad=6.95e-01 | 1.1s
[   494] loss=-0.9262 | res=7.95e-05 | grad=7.56e-01 | 1.1s
[   495] loss=-0.8685 | res=4.08e-05 | grad=4.30e-01 | 1.1s
[   496] loss=-0.8769 | res=6.01e-05 | grad=2.37e-01 | 1.1s
[   497] loss=-0.7740 | res=5.75e-05 | grad=5.43e-01 | 1.1s
[   498] loss=-0.8072 | res=1.14e-04 | grad=6.22e-01 | 1.1s
[   499] loss=-0.8655 | res=7.85e-05 | grad=2.73e-01 | 1.1s
[   500] loss=-0.8206 | res=7.73e-05 | grad=2.50e-01 | 1.1s
[   501] loss=-0.8321 | res=2.47e-04 | grad=2.47e-01 | 1.1s
[   502] loss=-0.8160 | res=2.09e-04 | grad=4.30e-01 | 1.1s
[   503] loss=-0.7850 | res=1.65e-04 | grad=2.80e-01 | 1.1s
[   504] loss=-0.8228 | res=9.15e-05 | grad=3.14e-01 | 1.1s
[   505] loss=-0.8392 | res=3.54e-04 | grad=4.07e-01 | 1.0s
[   506] loss=-0.7513 | res=1.68e-04 | grad=4.39e-01 | 1.1s
[   507] loss=-0.8086 | res=1.74e-04 | grad=3.52e-01 | 1.1s
[   508] loss=-0.6979 | res=1.31e-04 | grad=2.57e-01 | 1.1s
[   509] loss=-0.8496 | res=1.66e-04 | grad=3.66e-01 | 1.1s
[   510] loss=-0.9008 | res=3.37e-04 | grad=7.23e-01 | 1.1s
[   511] loss=-0.8103 | res=1.66e-09 | grad=3.56e-01 | 1.1s
[   512] loss=-0.8161 | res=5.44e-05 | grad=1.90e-01 | 1.1s
[   513] loss=-0.8770 | res=3.95e-04 | grad=3.53e-01 | 1.1s
[   514] loss=-0.8675 | res=1.01e-05 | grad=3.72e-01 | 1.1s
[   515] loss=-0.7621 | res=2.47e-08 | grad=4.01e-01 | 1.1s
[   516] loss=-0.8909 | res=2.81e-04 | grad=3.10e-01 | 1.1s
[   517] loss=-0.8220 | res=6.33e-09 | grad=3.06e-01 | 1.1s
[   518] loss=-0.8216 | res=1.79e-08 | grad=3.75e-01 | 1.1s
[   519] loss=-0.8576 | res=2.11e-05 | grad=3.52e-01 | 1.1s
[   520] loss=-0.8211 | res=2.95e-04 | grad=5.11e-01 | 1.1s
[   521] loss=-0.9233 | res=2.08e-04 | grad=4.89e-01 | 1.1s
[   522] loss=-0.8178 | res=3.61e-04 | grad=1.09e-01 | 1.1s
[   523] loss=-0.7907 | res=6.10e-05 | grad=1.45e-01 | 1.1s
[   524] loss=-0.8197 | res=2.71e-04 | grad=1.81e-01 | 1.1s
[   525] loss=-0.8333 | res=1.46e-04 | grad=1.03e-01 | 1.1s
[   526] loss=-0.7502 | res=2.96e-04 | grad=1.32e-01 | 1.1s
[   527] loss=-0.8435 | res=6.83e-09 | grad=2.82e-01 | 1.1s
[   528] loss=-0.8642 | res=2.59e-04 | grad=5.08e-01 | 1.1s
[   529] loss=-0.7832 | res=5.50e-05 | grad=2.18e-01 | 1.1s
[   530] loss=-0.8492 | res=2.72e-04 | grad=3.39e-01 | 1.1s
[   531] loss=-0.7591 | res=3.91e-05 | grad=3.34e-01 | 1.1s
[   532] loss=-0.8605 | res=4.44e-09 | grad=2.10e-01 | 1.1s
[   533] loss=-0.8215 | res=1.48e-04 | grad=1.78e-01 | 1.1s
[   534] loss=-0.8242 | res=1.14e-04 | grad=3.81e-01 | 1.1s
[   535] loss=-0.8308 | res=1.20e-04 | grad=3.37e-01 | 1.1s
[   536] loss=-0.7148 | res=8.34e-05 | grad=5.58e-01 | 1.1s
[   537] loss=-0.7667 | res=1.14e-04 | grad=6.24e-01 | 1.1s
[   538] loss=-0.7505 | res=1.65e-04 | grad=1.94e-01 | 1.1s
[   539] loss=-0.7812 | res=3.86e-04 | grad=3.80e-01 | 1.1s
[   540] loss=-0.8141 | res=9.60e-05 | grad=2.63e-01 | 1.1s
[   541] loss=-0.7966 | res=1.34e-04 | grad=2.90e-01 | 1.1s
[   542] loss=-0.8120 | res=1.77e-04 | grad=4.08e-01 | 1.1s
[   543] loss=-0.7833 | res=1.41e-15 | grad=3.53e-01 | 1.1s
[   544] loss=-0.8755 | res=2.73e-09 | grad=7.82e-01 | 1.1s
[   545] loss=-0.7801 | res=5.20e-05 | grad=4.33e-01 | 1.1s
[   546] loss=-0.9170 | res=1.55e-09 | grad=5.89e-01 | 1.1s
[   547] loss=-0.8435 | res=2.52e-09 | grad=2.28e-01 | 1.1s
[   548] loss=-0.8377 | res=3.29e-04 | grad=1.70e-01 | 1.1s
[   549] loss=-0.8710 | res=6.23e-05 | grad=3.21e-01 | 1.1s
[   550] loss=-0.8905 | res=1.31e-04 | grad=4.18e-01 | 1.1s
[   551] loss=-0.8364 | res=2.06e-04 | grad=5.67e-01 | 1.1s
[   552] loss=-0.8478 | res=2.34e-09 | grad=3.79e-01 | 1.1s
[   553] loss=-0.8307 | res=8.17e-14 | grad=6.50e-01 | 1.1s
[   554] loss=-0.8101 | res=5.47e-04 | grad=3.60e-01 | 1.1s
[   555] loss=-0.8329 | res=3.91e-04 | grad=4.59e-01 | 1.1s
[   556] loss=-0.8718 | res=3.30e-09 | grad=1.66e-01 | 1.1s
[   557] loss=-0.8720 | res=3.13e-15 | grad=8.13e-02 | 1.1s
[   558] loss=-0.7600 | res=1.52e-08 | grad=1.16e-01 | 1.1s
[   559] loss=-0.8101 | res=3.02e-04 | grad=3.55e-01 | 1.1s
[   560] loss=-0.8258 | res=2.14e-04 | grad=3.80e-01 | 1.1s
[   561] loss=-0.9591 | res=8.47e-11 | grad=1.08e+00 | 1.1s
[   562] loss=-0.9275 | res=3.29e-04 | grad=8.71e-01 | 1.1s
[   563] loss=-0.8119 | res=4.10e-09 | grad=1.54e-01 | 1.1s
[   564] loss=-0.8374 | res=2.01e-04 | grad=2.44e-01 | 1.1s
[   565] loss=-0.7464 | res=1.52e-04 | grad=5.23e-01 | 1.1s
[   566] loss=-0.8631 | res=5.24e-04 | grad=1.52e-01 | 1.1s
[   567] loss=-0.7967 | res=2.02e-04 | grad=7.86e-01 | 1.1s
[   568] loss=-0.9485 | res=4.39e-05 | grad=3.35e-01 | 1.1s
[   569] loss=-0.7783 | res=8.87e-05 | grad=7.73e-01 | 1.1s
[   570] loss=-0.7932 | res=2.02e-04 | grad=2.65e-01 | 1.1s
[   571] loss=-0.8192 | res=5.29e-05 | grad=4.44e-01 | 1.1s
[   572] loss=-0.8391 | res=6.03e-09 | grad=2.40e-01 | 1.1s
[   573] loss=-0.8695 | res=2.65e-04 | grad=3.42e-01 | 1.1s
[   574] loss=-0.8225 | res=8.45e-05 | grad=2.54e-01 | 1.1s
[   575] loss=-0.8043 | res=1.21e-04 | grad=2.59e-01 | 1.1s
[   576] loss=-0.7267 | res=2.11e-04 | grad=3.64e-01 | 1.1s
[   577] loss=-0.8385 | res=1.98e-04 | grad=6.02e-01 | 1.1s
[   578] loss=-0.8558 | res=1.13e-04 | grad=4.91e-01 | 1.2s
[   579] loss=-0.7425 | res=1.42e-04 | grad=2.81e-01 | 1.1s
[   580] loss=-0.8502 | res=2.56e-09 | grad=4.19e-01 | 1.1s
[   581] loss=-0.8829 | res=5.42e-05 | grad=3.64e-01 | 1.1s
[   582] loss=-0.9011 | res=6.07e-09 | grad=2.47e-01 | 1.1s
[   583] loss=-0.8322 | res=1.31e-04 | grad=3.06e-01 | 1.1s
[   584] loss=-0.9291 | res=3.65e-04 | grad=1.21e-01 | 1.1s
[   585] loss=-0.8694 | res=1.17e-04 | grad=2.87e-01 | 1.1s
[   586] loss=-0.7336 | res=3.04e-04 | grad=7.82e-01 | 1.1s
[   587] loss=-0.8134 | res=6.70e-05 | grad=7.67e-01 | 1.1s
[   588] loss=-0.8989 | res=3.20e-09 | grad=2.61e-01 | 1.1s
[   589] loss=-0.9027 | res=3.83e-04 | grad=2.40e-01 | 1.1s
[   590] loss=-0.9191 | res=5.10e-04 | grad=2.67e-01 | 1.1s
[   591] loss=-0.7821 | res=1.28e-08 | grad=4.19e-01 | 1.1s
[   592] loss=-0.7929 | res=5.25e-05 | grad=2.43e-01 | 1.1s
[   593] loss=-0.8603 | res=8.68e-05 | grad=4.24e-01 | 1.1s
[   594] loss=-0.7964 | res=6.17e-15 | grad=3.25e-01 | 1.1s
[   595] loss=-0.7615 | res=3.87e-04 | grad=1.12e-01 | 1.1s
[   596] loss=-0.8122 | res=3.94e-04 | grad=2.18e-01 | 1.1s
[   597] loss=-0.7419 | res=5.76e-05 | grad=1.83e-01 | 1.1s
[   598] loss=-0.7775 | res=1.36e-15 | grad=1.41e-01 | 1.1s
[   599] loss=-0.8597 | res=2.68e-04 | grad=4.24e-01 | 1.1s
[   600] loss=-0.8476 | res=6.18e-05 | grad=2.39e-01 | 1.1s
[   601] loss=-0.8745 | res=3.78e-09 | grad=2.92e-01 | 1.1s
[   602] loss=-0.8903 | res=3.71e-11 | grad=4.68e-01 | 1.1s
[   603] loss=-0.7593 | res=1.77e-04 | grad=2.81e-01 | 1.1s
[   604] loss=-0.8159 | res=2.90e-09 | grad=3.80e-01 | 1.1s
[   605] loss=-0.7986 | res=2.80e-04 | grad=2.43e-01 | 1.1s
[   606] loss=-0.7995 | res=1.03e-04 | grad=2.30e-01 | 1.1s
[   607] loss=-0.7879 | res=2.64e-04 | grad=3.58e-01 | 1.1s
[   608] loss=-0.8490 | res=1.09e-04 | grad=3.54e-01 | 1.1s
[   609] loss=-0.8746 | res=3.69e-05 | grad=4.11e-01 | 1.1s
[   610] loss=-0.8405 | res=4.56e-05 | grad=7.97e-02 | 1.1s
[   611] loss=-0.8557 | res=7.04e-05 | grad=1.59e-01 | 1.1s
[   612] loss=-0.7650 | res=1.83e-04 | grad=1.98e-01 | 1.1s
[   613] loss=-0.8257 | res=1.10e-04 | grad=1.70e-01 | 1.1s
[   614] loss=-0.8768 | res=6.43e-05 | grad=1.33e-01 | 1.1s
[   615] loss=-0.8210 | res=4.87e-05 | grad=2.24e-01 | 1.1s
[   616] loss=-0.8469 | res=1.52e-09 | grad=3.91e-01 | 1.1s
[   617] loss=-0.7619 | res=6.69e-09 | grad=5.14e-01 | 1.1s
[   618] loss=-0.7913 | res=1.60e-04 | grad=3.12e-01 | 1.1s
[   619] loss=-0.8584 | res=1.17e-04 | grad=3.16e-01 | 1.1s
[   620] loss=-0.8509 | res=6.95e-05 | grad=2.89e-01 | 1.1s
[   621] loss=-0.8694 | res=1.33e-15 | grad=3.89e-01 | 1.1s
[   622] loss=-0.9269 | res=1.06e-08 | grad=6.10e-01 | 1.1s
[   623] loss=-0.7647 | res=3.53e-04 | grad=2.62e-01 | 1.1s
[   624] loss=-0.9142 | res=2.53e-04 | grad=4.56e-01 | 1.1s
[   625] loss=-0.8378 | res=2.26e-09 | grad=3.86e-01 | 1.1s
[   626] loss=-0.9378 | res=1.86e-04 | grad=3.88e-01 | 1.1s
[   627] loss=-0.7460 | res=1.93e-04 | grad=5.42e-01 | 1.1s
[   628] loss=-0.8733 | res=4.11e-09 | grad=3.71e-01 | 1.1s
[   629] loss=-0.8300 | res=2.29e-04 | grad=3.18e-01 | 1.1s
[   630] loss=-0.7990 | res=2.12e-04 | grad=3.55e-01 | 1.1s
[   631] loss=-0.8015 | res=3.52e-09 | grad=5.39e-01 | 1.1s
[   632] loss=-0.8878 | res=2.34e-04 | grad=1.63e-01 | 1.1s
[   633] loss=-0.8727 | res=1.63e-04 | grad=1.35e-01 | 1.1s
[   634] loss=-0.8240 | res=5.52e-05 | grad=1.71e-01 | 1.2s
[   635] loss=-0.8243 | res=1.67e-04 | grad=2.36e-01 | 1.1s
[   636] loss=-0.8514 | res=1.26e-04 | grad=3.81e-01 | 1.1s
[   637] loss=-0.8251 | res=2.96e-04 | grad=1.80e-01 | 1.1s
[   638] loss=-0.8805 | res=2.34e-04 | grad=3.79e-01 | 1.1s
[   639] loss=-0.8058 | res=3.36e-04 | grad=3.57e-01 | 1.1s
[   640] loss=-0.8185 | res=4.98e-05 | grad=2.82e-01 | 1.1s
[   641] loss=-0.8898 | res=1.37e-04 | grad=4.35e-01 | 1.1s
[   642] loss=-0.8235 | res=4.05e-04 | grad=3.22e-01 | 1.1s
[   643] loss=-0.7228 | res=1.16e-04 | grad=2.57e-01 | 1.1s
[   644] loss=-0.8809 | res=4.89e-05 | grad=3.19e-01 | 1.1s
[   645] loss=-0.8357 | res=2.55e-04 | grad=2.65e-01 | 1.1s
[   646] loss=-0.8589 | res=1.91e-04 | grad=4.65e-01 | 1.1s
[   647] loss=-0.8686 | res=2.32e-04 | grad=2.95e-01 | 1.1s
[   648] loss=-0.8584 | res=5.14e-05 | grad=4.03e-01 | 1.1s
[   649] loss=-0.8777 | res=1.31e-09 | grad=1.27e-01 | 1.1s
[   650] loss=-0.9097 | res=2.23e-04 | grad=2.02e-01 | 1.1s
[   651] loss=-0.8482 | res=1.14e-04 | grad=2.92e-01 | 1.1s
[   652] loss=-0.8500 | res=3.69e-04 | grad=3.30e-01 | 1.1s
[   653] loss=-0.8960 | res=1.10e-04 | grad=1.18e-01 | 1.1s
[   654] loss=-0.8045 | res=1.40e-04 | grad=4.59e-01 | 1.1s
[   655] loss=-0.8737 | res=3.25e-04 | grad=1.60e-01 | 1.1s
[   656] loss=-0.8202 | res=5.44e-05 | grad=2.24e-01 | 1.1s
[   657] loss=-0.8044 | res=2.49e-04 | grad=3.39e-01 | 1.1s
[   658] loss=-0.7992 | res=1.90e-04 | grad=2.90e-01 | 1.1s
[   659] loss=-0.8659 | res=2.24e-04 | grad=5.63e-01 | 1.1s
[   660] loss=-0.8008 | res=1.02e-04 | grad=3.22e-01 | 1.1s
[   661] loss=-0.7831 | res=1.82e-04 | grad=1.40e-01 | 1.1s
[   662] loss=-0.7769 | res=1.03e-04 | grad=2.96e-01 | 1.1s
[   663] loss=-0.8419 | res=5.46e-05 | grad=3.39e-01 | 1.1s
[   664] loss=-0.8252 | res=1.55e-04 | grad=3.01e-01 | 1.1s
[   665] loss=-0.7801 | res=1.54e-15 | grad=3.14e-01 | 1.1s
[   666] loss=-0.9378 | res=1.94e-04 | grad=3.34e-01 | 1.1s
[   667] loss=-0.8008 | res=2.84e-04 | grad=1.55e-01 | 1.1s
[   668] loss=-0.7995 | res=4.02e-04 | grad=3.72e-01 | 1.1s
[   669] loss=-0.8405 | res=1.49e-04 | grad=1.80e-01 | 1.1s
[   670] loss=-0.8758 | res=1.57e-04 | grad=2.81e-01 | 1.1s
[   671] loss=-0.8223 | res=1.64e-04 | grad=2.66e-01 | 1.1s
[   672] loss=-0.8229 | res=1.25e-15 | grad=1.76e-01 | 1.1s
[   673] loss=-0.7821 | res=1.90e-04 | grad=3.97e-01 | 1.1s
[   674] loss=-0.8389 | res=2.42e-04 | grad=2.89e-01 | 1.1s
[   675] loss=-0.8076 | res=1.01e-04 | grad=2.30e-01 | 1.1s
[   676] loss=-0.8213 | res=1.14e-04 | grad=2.48e-01 | 1.1s
[   677] loss=-0.7824 | res=5.74e-04 | grad=3.13e-01 | 1.1s
[   678] loss=-0.8503 | res=2.46e-04 | grad=5.14e-01 | 1.1s
[   679] loss=-0.9032 | res=2.92e-04 | grad=4.51e-01 | 1.1s
[   680] loss=-0.8317 | res=2.08e-04 | grad=2.53e-01 | 1.1s
[   681] loss=-0.8122 | res=1.87e-04 | grad=1.64e-01 | 1.1s
[   682] loss=-0.7924 | res=2.36e-04 | grad=1.38e-01 | 1.1s
[   683] loss=-0.7945 | res=1.34e-15 | grad=2.28e-01 | 1.1s
[   684] loss=-0.8887 | res=5.28e-05 | grad=2.62e-01 | 1.1s
[   685] loss=-0.8772 | res=9.62e-05 | grad=1.99e-01 | 1.1s
[   686] loss=-0.8334 | res=1.45e-04 | grad=3.34e-01 | 1.1s
[   687] loss=-0.9681 | res=1.58e-04 | grad=3.69e-01 | 1.1s
[   688] loss=-0.8230 | res=1.43e-04 | grad=3.30e-01 | 1.1s
[   689] loss=-0.7921 | res=2.32e-04 | grad=4.36e-01 | 1.1s
[   690] loss=-0.8855 | res=1.29e-04 | grad=6.58e-02 | 1.1s
[   691] loss=-0.8906 | res=3.30e-04 | grad=1.59e-01 | 1.1s
[   692] loss=-0.8236 | res=2.29e-04 | grad=3.05e-01 | 1.1s
[   693] loss=-0.8133 | res=3.07e-04 | grad=3.37e-01 | 1.1s
[   694] loss=-0.7987 | res=2.37e-04 | grad=2.96e-01 | 1.0s
[   695] loss=-0.8681 | res=1.36e-15 | grad=2.27e-01 | 1.1s
[   696] loss=-0.8645 | res=4.14e-05 | grad=4.51e-01 | 1.1s
[   697] loss=-0.8755 | res=4.23e-04 | grad=4.35e-01 | 1.1s
[   698] loss=-0.8705 | res=2.58e-04 | grad=2.38e-01 | 1.1s
[   699] loss=-0.7984 | res=1.78e-04 | grad=3.31e-01 | 1.1s
[   700] loss=-0.8244 | res=1.65e-04 | grad=2.22e-01 | 1.1s
[   701] loss=-0.8742 | res=3.64e-09 | grad=1.11e-01 | 1.1s
[   702] loss=-0.7106 | res=1.18e-04 | grad=4.35e-01 | 1.1s
[   703] loss=-0.8015 | res=1.40e-15 | grad=1.35e-01 | 1.1s
[   704] loss=-0.8343 | res=3.25e-09 | grad=4.48e-01 | 1.1s
[   705] loss=-0.9336 | res=1.04e-04 | grad=4.17e-01 | 1.1s
[   706] loss=-0.8064 | res=2.69e-04 | grad=2.16e-01 | 1.1s
[   707] loss=-0.8930 | res=9.20e-05 | grad=1.78e-01 | 1.1s
[   708] loss=-0.8336 | res=1.63e-15 | grad=2.10e-01 | 1.1s
[   709] loss=-0.7819 | res=1.38e-15 | grad=2.54e-01 | 1.1s
[   710] loss=-0.8199 | res=2.16e-04 | grad=3.39e-01 | 1.1s
[   711] loss=-0.8255 | res=3.62e-09 | grad=1.50e-01 | 1.1s
[   712] loss=-0.9142 | res=1.23e-04 | grad=2.65e-01 | 1.1s
[   713] loss=-0.8545 | res=2.53e-04 | grad=1.21e-01 | 1.1s
[   714] loss=-0.7915 | res=9.47e-05 | grad=5.19e-02 | 1.1s
[   715] loss=-0.8701 | res=1.78e-04 | grad=3.07e-01 | 1.0s
[   716] loss=-0.8685 | res=1.36e-15 | grad=1.53e-01 | 1.1s
[   717] loss=-0.9175 | res=1.91e-04 | grad=4.59e-01 | 1.1s
[   718] loss=-0.7972 | res=1.61e-04 | grad=3.71e-01 | 1.1s
[   719] loss=-0.7902 | res=1.77e-04 | grad=4.22e-01 | 1.1s
[   720] loss=-0.7586 | res=3.56e-04 | grad=5.10e-01 | 1.1s
[   721] loss=-0.7645 | res=9.03e-05 | grad=3.65e-01 | 1.1s
[   722] loss=-0.8735 | res=5.78e-05 | grad=3.26e-01 | 1.1s
[   723] loss=-0.7564 | res=1.28e-15 | grad=2.48e-01 | 1.1s
[   724] loss=-0.8413 | res=1.59e-04 | grad=3.49e-01 | 1.1s
[   725] loss=-0.7907 | res=1.65e-04 | grad=3.10e-01 | 1.1s
[   726] loss=-0.8529 | res=1.52e-04 | grad=3.93e-01 | 1.1s
[   727] loss=-0.8685 | res=6.24e-11 | grad=7.67e-01 | 1.1s
[   728] loss=-0.8453 | res=5.87e-05 | grad=4.04e-01 | 1.1s
[   729] loss=-0.9127 | res=4.80e-05 | grad=2.24e-01 | 1.1s
[   730] loss=-0.7936 | res=1.06e-08 | grad=5.21e-01 | 1.1s
[   731] loss=-0.8872 | res=3.66e-04 | grad=1.42e-01 | 1.1s
[   732] loss=-0.8214 | res=6.66e-09 | grad=4.28e-01 | 1.1s
[   733] loss=-0.7682 | res=1.98e-04 | grad=5.61e-01 | 1.1s
[   734] loss=-0.8880 | res=4.79e-04 | grad=1.49e-01 | 1.1s
[   735] loss=-0.8372 | res=1.16e-04 | grad=2.23e-01 | 1.1s
[   736] loss=-0.9187 | res=2.50e-04 | grad=2.24e-01 | 1.0s
[   737] loss=-0.8578 | res=3.19e-04 | grad=3.45e-01 | 1.1s
[   738] loss=-0.9053 | res=1.54e-04 | grad=3.75e-01 | 1.1s
[   739] loss=-0.9255 | res=5.56e-05 | grad=5.43e-01 | 1.1s
[   740] loss=-0.9219 | res=1.03e-04 | grad=6.83e-01 | 1.1s
[   741] loss=-0.8773 | res=4.90e-05 | grad=1.46e-01 | 1.1s
[   742] loss=-0.8837 | res=3.80e-04 | grad=2.32e-01 | 1.1s
[   743] loss=-0.7859 | res=1.47e-04 | grad=3.72e-01 | 1.1s
[   744] loss=-0.8701 | res=1.92e-04 | grad=3.11e-01 | 1.1s
[   745] loss=-0.7714 | res=5.41e-05 | grad=8.64e-01 | 1.1s
[   746] loss=-0.8389 | res=2.00e-04 | grad=2.42e-01 | 1.1s
[   747] loss=-0.8698 | res=4.80e-05 | grad=3.95e-01 | 1.1s
[   748] loss=-0.7577 | res=1.25e-04 | grad=4.07e-01 | 1.1s
[   749] loss=-0.6864 | res=9.62e-05 | grad=7.14e-01 | 1.1s
[   750] loss=-0.8549 | res=6.53e-05 | grad=3.56e-01 | 1.1s
[   751] loss=-0.8737 | res=6.73e-05 | grad=8.54e-01 | 1.1s
[   752] loss=-0.9048 | res=1.51e-04 | grad=8.14e-01 | 1.1s
[   753] loss=-0.7988 | res=3.46e-04 | grad=5.54e-01 | 1.1s
[   754] loss=-0.7969 | res=2.92e-04 | grad=2.59e-01 | 1.1s
[   755] loss=-0.8620 | res=1.42e-04 | grad=2.26e-01 | 1.1s
[   756] loss=-0.7725 | res=7.12e-05 | grad=3.97e-01 | 1.1s
[   757] loss=-0.9250 | res=4.26e-04 | grad=2.61e-01 | 1.0s
[   758] loss=-0.6901 | res=2.94e-04 | grad=6.35e-01 | 1.1s
[   759] loss=-0.8560 | res=4.70e-05 | grad=2.58e-01 | 1.1s
[   760] loss=-0.8141 | res=3.31e-04 | grad=1.15e-01 | 1.1s
[   761] loss=-0.8577 | res=3.28e-04 | grad=1.73e-01 | 1.1s
[   762] loss=-0.8037 | res=1.71e-04 | grad=2.72e-01 | 1.1s
[   763] loss=-0.8180 | res=1.20e-15 | grad=1.11e-01 | 1.1s
[   764] loss=-0.8209 | res=6.92e-05 | grad=1.79e-01 | 1.1s
[   765] loss=-0.8785 | res=4.38e-15 | grad=2.68e-01 | 1.1s
[   766] loss=-0.9614 | res=5.86e-05 | grad=5.46e-01 | 1.1s
[   767] loss=-0.7878 | res=6.35e-09 | grad=6.43e-02 | 1.1s
[   768] loss=-0.7940 | res=4.78e-05 | grad=2.53e-01 | 1.1s
[   769] loss=-0.7340 | res=3.13e-15 | grad=2.59e-01 | 1.1s
[   770] loss=-0.9537 | res=9.44e-05 | grad=5.94e-01 | 1.1s
[   771] loss=-0.8978 | res=1.27e-15 | grad=3.43e-01 | 1.1s
[   772] loss=-0.8513 | res=7.26e-05 | grad=1.95e-01 | 1.1s
[   773] loss=-0.7804 | res=5.26e-05 | grad=3.04e-01 | 1.1s
[   774] loss=-0.8501 | res=1.31e-08 | grad=2.09e-01 | 1.1s
[   775] loss=-0.8877 | res=3.76e-04 | grad=1.46e-01 | 1.1s
[   776] loss=-0.8453 | res=2.09e-04 | grad=7.31e-02 | 1.1s
[   777] loss=-0.8199 | res=1.45e-04 | grad=4.72e-01 | 1.1s
[   778] loss=-0.7844 | res=2.94e-04 | grad=7.04e-01 | 1.1s
[   779] loss=-0.8563 | res=1.25e-04 | grad=1.22e-01 | 1.1s
[   780] loss=-0.7865 | res=6.27e-05 | grad=2.76e-01 | 1.1s
[   781] loss=-0.7288 | res=1.68e-04 | grad=6.55e-01 | 1.1s
[   782] loss=-0.8646 | res=1.26e-04 | grad=3.54e-01 | 1.1s
[   783] loss=-0.8499 | res=1.81e-04 | grad=5.14e-01 | 1.1s
[   784] loss=-0.8406 | res=4.92e-05 | grad=5.97e-01 | 1.1s
[   785] loss=-0.8378 | res=2.23e-04 | grad=5.40e-01 | 1.1s
[   786] loss=-0.7203 | res=8.95e-09 | grad=3.48e-01 | 1.1s
[   787] loss=-0.8542 | res=5.30e-05 | grad=2.47e-01 | 1.1s
[   788] loss=-0.7825 | res=1.31e-04 | grad=1.75e-01 | 1.1s
[   789] loss=-0.8486 | res=1.30e-04 | grad=3.03e-01 | 1.1s
[   790] loss=-0.8943 | res=1.27e-15 | grad=3.45e-01 | 1.1s
[   791] loss=-0.8981 | res=9.57e-05 | grad=1.78e-01 | 1.1s
[   792] loss=-0.8096 | res=3.79e-04 | grad=4.67e-01 | 1.1s
[   793] loss=-0.8458 | res=3.28e-04 | grad=1.96e-01 | 1.1s
[   794] loss=-0.8297 | res=1.54e-09 | grad=2.66e-01 | 1.1s
[   795] loss=-0.8669 | res=1.24e-04 | grad=2.53e-01 | 1.1s
[   796] loss=-0.7138 | res=1.37e-04 | grad=5.41e-01 | 1.1s
[   797] loss=-0.7901 | res=1.23e-04 | grad=5.32e-01 | 1.1s
[   798] loss=-0.7284 | res=9.79e-05 | grad=5.06e-01 | 1.0s
[   799] loss=-0.8315 | res=5.83e-05 | grad=3.66e-01 | 1.1s
[   800] loss=-0.8996 | res=2.25e-04 | grad=8.50e-01 | 1.1s
[   801] loss=-0.8987 | res=5.88e-05 | grad=6.21e-01 | 1.1s
[   802] loss=-0.8897 | res=5.11e-04 | grad=7.66e-01 | 1.1s
[   803] loss=-0.7471 | res=6.57e-05 | grad=2.87e-01 | 1.1s
[   804] loss=-0.8712 | res=1.74e-04 | grad=2.48e-01 | 1.1s
[   805] loss=-0.7753 | res=2.02e-04 | grad=5.22e-01 | 1.1s
[   806] loss=-0.8318 | res=2.60e-15 | grad=2.12e-01 | 1.1s
[   807] loss=-0.8705 | res=3.52e-04 | grad=2.33e-01 | 1.1s
[   808] loss=-0.8080 | res=1.86e-04 | grad=3.95e-01 | 1.1s
[   809] loss=-0.8752 | res=1.15e-04 | grad=3.37e-01 | 1.1s
[   810] loss=-0.8864 | res=2.00e-04 | grad=1.90e-01 | 1.1s
[   811] loss=-0.8494 | res=1.74e-04 | grad=1.61e-01 | 1.1s
[   812] loss=-0.8088 | res=4.15e-04 | grad=3.16e-01 | 1.1s
[   813] loss=-0.7224 | res=3.74e-10 | grad=3.13e-01 | 1.1s
[   814] loss=-0.8969 | res=6.13e-05 | grad=2.71e-01 | 1.1s
[   815] loss=-0.7630 | res=1.66e-04 | grad=3.30e-01 | 1.1s
[   816] loss=-0.9055 | res=5.72e-05 | grad=4.28e-01 | 1.1s
[   817] loss=-0.7055 | res=2.09e-04 | grad=2.60e-01 | 1.1s
[   818] loss=-0.8696 | res=1.74e-04 | grad=4.06e-01 | 1.1s
[   819] loss=-0.8736 | res=2.99e-04 | grad=7.16e-01 | 1.0s
[   820] loss=-0.8780 | res=2.35e-04 | grad=2.75e-01 | 1.1s
[   821] loss=-0.7718 | res=3.65e-04 | grad=2.50e-01 | 1.1s
[   822] loss=-0.8053 | res=1.60e-04 | grad=3.74e-01 | 1.1s
[   823] loss=-0.8433 | res=6.03e-05 | grad=1.65e-01 | 1.1s
[   824] loss=-0.8722 | res=3.19e-04 | grad=2.35e-01 | 1.1s
[   825] loss=-0.8689 | res=2.17e-04 | grad=1.76e-01 | 1.1s
[   826] loss=-0.7840 | res=1.99e-04 | grad=4.02e-01 | 1.1s
[   827] loss=-0.7784 | res=5.41e-05 | grad=5.95e-01 | 1.1s
[   828] loss=-0.9085 | res=1.74e-14 | grad=2.03e-01 | 1.1s
[   829] loss=-0.8718 | res=4.48e-05 | grad=3.29e-01 | 1.1s
[   830] loss=-0.8345 | res=1.64e-04 | grad=1.99e-01 | 1.1s
[   831] loss=-0.8513 | res=1.65e-04 | grad=5.27e-01 | 1.1s
[   832] loss=-0.8357 | res=5.97e-09 | grad=1.60e-01 | 1.1s
[   833] loss=-0.7641 | res=3.86e-09 | grad=1.57e-01 | 1.1s
[   834] loss=-0.8342 | res=2.42e-04 | grad=2.43e-01 | 1.1s
[   835] loss=-0.8713 | res=3.07e-04 | grad=2.24e-01 | 1.1s
[   836] loss=-0.7531 | res=1.52e-04 | grad=4.71e-01 | 1.1s
[   837] loss=-0.8599 | res=1.52e-04 | grad=1.25e-01 | 1.0s
[   838] loss=-0.7816 | res=2.06e-04 | grad=2.56e-01 | 1.1s
[   839] loss=-0.8084 | res=3.39e-04 | grad=2.07e-01 | 1.1s
[   840] loss=-0.9048 | res=2.96e-04 | grad=4.43e-01 | 1.0s
[   841] loss=-0.8796 | res=1.83e-04 | grad=1.54e-01 | 1.1s
[   842] loss=-0.8801 | res=1.07e-08 | grad=2.98e-01 | 1.1s
[   843] loss=-0.7782 | res=5.12e-05 | grad=1.50e-01 | 1.1s
[   844] loss=-0.8647 | res=1.81e-04 | grad=1.75e-01 | 1.1s
[   845] loss=-0.7827 | res=3.53e-04 | grad=2.31e-01 | 1.1s
[   846] loss=-0.9397 | res=1.28e-15 | grad=5.23e-01 | 1.1s
[   847] loss=-0.8338 | res=7.84e-05 | grad=1.79e-01 | 1.1s
[   848] loss=-0.8198 | res=6.39e-05 | grad=1.24e-01 | 1.1s
[   849] loss=-0.8812 | res=2.70e-09 | grad=1.73e-01 | 1.1s
[   850] loss=-0.8474 | res=9.12e-13 | grad=5.52e-02 | 1.1s
[   851] loss=-0.8240 | res=6.02e-05 | grad=3.81e-01 | 1.1s
[   852] loss=-0.8851 | res=2.39e-04 | grad=1.42e-01 | 1.1s
[   853] loss=-0.8085 | res=1.07e-08 | grad=3.17e-01 | 1.1s
[   854] loss=-0.7935 | res=3.30e-04 | grad=2.12e-01 | 1.1s
[   855] loss=-0.7979 | res=2.59e-04 | grad=2.06e-01 | 1.1s
[   856] loss=-0.8586 | res=1.57e-04 | grad=1.43e-01 | 1.1s
[   857] loss=-0.8745 | res=1.43e-04 | grad=5.21e-01 | 1.1s
[   858] loss=-0.7358 | res=2.34e-10 | grad=1.90e-01 | 1.1s
[   859] loss=-0.7530 | res=5.29e-09 | grad=4.59e-01 | 1.1s
[   860] loss=-0.8219 | res=1.13e-08 | grad=2.56e-01 | 1.1s
[   861] loss=-0.7663 | res=1.59e-04 | grad=1.06e-01 | 1.1s
[   862] loss=-0.7901 | res=1.61e-04 | grad=1.86e-01 | 1.1s
[   863] loss=-0.8360 | res=2.10e-04 | grad=9.04e-02 | 1.1s
[   864] loss=-0.7087 | res=1.86e-04 | grad=2.61e-01 | 1.1s
[   865] loss=-0.7589 | res=2.47e-04 | grad=2.04e-01 | 1.1s
[   866] loss=-0.9377 | res=9.94e-05 | grad=1.17e+00 | 1.1s
[   867] loss=-0.8155 | res=5.49e-05 | grad=3.39e-01 | 1.1s
[   868] loss=-0.7988 | res=3.59e-09 | grad=1.62e-01 | 1.1s
[   869] loss=-0.9928 | res=2.94e-09 | grad=7.34e-01 | 1.1s
[   870] loss=-0.8502 | res=1.48e-04 | grad=1.99e-01 | 1.1s
[   871] loss=-0.7402 | res=1.17e-09 | grad=4.51e-01 | 1.1s
[   872] loss=-0.9025 | res=1.49e-04 | grad=2.84e-01 | 1.1s
[   873] loss=-0.8992 | res=2.17e-04 | grad=1.62e-01 | 1.1s
[   874] loss=-0.8358 | res=2.83e-04 | grad=3.13e-01 | 1.1s
[   875] loss=-0.7939 | res=1.12e-04 | grad=4.97e-01 | 1.1s
[   876] loss=-0.7913 | res=2.91e-04 | grad=4.28e-01 | 1.1s
[   877] loss=-0.7726 | res=2.65e-04 | grad=3.13e-01 | 1.1s
[   878] loss=-0.8686 | res=5.53e-05 | grad=1.90e-01 | 1.1s
[   879] loss=-0.8275 | res=1.74e-04 | grad=1.10e-01 | 1.1s
[   880] loss=-0.8580 | res=1.96e-04 | grad=4.69e-01 | 1.1s
[   881] loss=-0.8596 | res=3.05e-04 | grad=7.22e-01 | 1.1s
[   882] loss=-0.8205 | res=1.81e-04 | grad=1.35e-01 | 1.1s
[   883] loss=-0.7768 | res=7.75e-13 | grad=1.71e-01 | 1.1s
[   884] loss=-0.7781 | res=1.81e-04 | grad=2.02e-01 | 1.1s
[   885] loss=-0.8116 | res=1.27e-04 | grad=1.43e-01 | 1.1s
[   886] loss=-0.8315 | res=5.50e-05 | grad=2.92e-01 | 1.1s
[   887] loss=-0.8840 | res=6.83e-09 | grad=2.81e-01 | 1.1s
[   888] loss=-0.8482 | res=1.28e-04 | grad=6.31e-02 | 1.1s
[   889] loss=-0.7965 | res=2.36e-04 | grad=3.31e-01 | 1.1s
[   890] loss=-0.8278 | res=5.18e-05 | grad=2.77e-01 | 1.1s
[   891] loss=-0.7968 | res=1.53e-15 | grad=3.50e-01 | 1.1s
[   892] loss=-0.8463 | res=9.07e-05 | grad=2.50e-01 | 1.1s
[   893] loss=-0.9176 | res=1.36e-04 | grad=3.06e-01 | 1.1s
[   894] loss=-0.8518 | res=1.74e-04 | grad=9.93e-02 | 1.1s
[   895] loss=-0.8543 | res=2.28e-04 | grad=2.46e-01 | 1.1s
[   896] loss=-0.7721 | res=1.11e-04 | grad=3.96e-01 | 1.1s
[   897] loss=-0.8346 | res=1.11e-04 | grad=2.01e-01 | 1.1s
[   898] loss=-0.9738 | res=1.66e-04 | grad=7.07e-01 | 1.1s
[   899] loss=-0.8473 | res=8.77e-10 | grad=1.27e-01 | 1.1s
[   900] loss=-0.8379 | res=5.49e-05 | grad=1.14e-01 | 1.1s
[   901] loss=-0.7804 | res=1.11e-04 | grad=1.73e-01 | 1.1s
[   902] loss=-0.8035 | res=5.32e-05 | grad=6.00e-01 | 1.0s
[   903] loss=-0.8134 | res=5.32e-05 | grad=2.16e-01 | 1.1s
[   904] loss=-0.7741 | res=3.42e-10 | grad=3.92e-01 | 1.1s
[   905] loss=-0.7834 | res=1.36e-15 | grad=3.74e-01 | 1.1s
[   906] loss=-0.7993 | res=2.22e-04 | grad=2.05e-01 | 1.1s
[   907] loss=-0.8059 | res=2.02e-04 | grad=2.69e-01 | 1.1s
[   908] loss=-0.7904 | res=1.74e-04 | grad=1.64e-01 | 1.1s
[   909] loss=-0.8555 | res=5.37e-05 | grad=5.50e-01 | 1.1s
[   910] loss=-0.8251 | res=1.16e-04 | grad=3.23e-01 | 1.1s
[   911] loss=-0.9516 | res=5.61e-05 | grad=7.32e-01 | 1.1s
[   912] loss=-0.7960 | res=1.47e-04 | grad=2.02e-01 | 1.1s
[   913] loss=-0.7952 | res=1.01e-04 | grad=1.82e-01 | 1.1s
[   914] loss=-0.9077 | res=5.02e-05 | grad=1.29e-01 | 1.1s
[   915] loss=-0.7859 | res=6.92e-05 | grad=4.04e-01 | 1.1s
[   916] loss=-0.8797 | res=5.54e-05 | grad=3.61e-01 | 1.1s
[   917] loss=-0.7934 | res=5.69e-05 | grad=3.56e-01 | 1.1s
[   918] loss=-0.7358 | res=6.61e-05 | grad=6.58e-01 | 1.1s
[   919] loss=-0.7888 | res=2.69e-09 | grad=2.38e-01 | 1.1s
[   920] loss=-0.8901 | res=5.06e-05 | grad=1.85e-01 | 1.1s
[   921] loss=-0.8697 | res=2.29e-04 | grad=3.36e-01 | 1.1s
[   922] loss=-0.8715 | res=2.10e-08 | grad=4.36e-01 | 1.1s
[   923] loss=-0.7617 | res=1.89e-04 | grad=2.98e-01 | 1.1s
[   924] loss=-0.8319 | res=1.40e-04 | grad=3.47e-01 | 1.1s
[   925] loss=-0.8831 | res=4.92e-05 | grad=6.31e-01 | 1.1s
[   926] loss=-0.7631 | res=9.52e-05 | grad=2.08e-01 | 1.1s
[   927] loss=-0.8744 | res=4.56e-09 | grad=3.88e-01 | 1.1s
[   928] loss=-0.7693 | res=4.13e-09 | grad=2.69e-01 | 1.1s
[   929] loss=-0.8647 | res=1.25e-04 | grad=1.20e-01 | 1.1s
[   930] loss=-0.8845 | res=2.87e-04 | grad=7.74e-02 | 1.1s
[   931] loss=-0.8496 | res=1.27e-04 | grad=2.84e-01 | 1.1s
[   932] loss=-0.7790 | res=3.43e-09 | grad=3.25e-01 | 1.1s
[   933] loss=-0.8292 | res=1.40e-04 | grad=3.13e-01 | 1.1s
[   934] loss=-0.8909 | res=4.08e-14 | grad=1.86e-01 | 1.1s
[   935] loss=-0.9016 | res=1.81e-04 | grad=3.41e-01 | 1.1s
[   936] loss=-0.7849 | res=5.64e-05 | grad=5.11e-01 | 1.1s
[   937] loss=-0.7724 | res=3.12e-04 | grad=6.52e-01 | 1.1s
[   938] loss=-0.8622 | res=1.94e-05 | grad=1.30e-01 | 1.1s
[   939] loss=-0.9237 | res=3.53e-05 | grad=4.18e-01 | 1.1s
[   940] loss=-0.8803 | res=1.05e-08 | grad=3.73e-01 | 1.1s
[   941] loss=-0.8665 | res=1.25e-15 | grad=3.44e-01 | 1.1s
[   942] loss=-0.8040 | res=2.35e-04 | grad=1.01e-01 | 1.1s
[   943] loss=-0.7637 | res=2.79e-04 | grad=2.22e-01 | 1.1s
[   944] loss=-0.8496 | res=6.96e-05 | grad=1.85e-01 | 1.1s
[   945] loss=-0.7859 | res=1.14e-04 | grad=1.77e-01 | 1.1s
[   946] loss=-0.9178 | res=8.04e-05 | grad=3.12e-01 | 1.1s
[   947] loss=-0.7821 | res=7.88e-05 | grad=3.12e-01 | 1.1s
[   948] loss=-0.8125 | res=2.50e-04 | grad=1.34e-01 | 1.1s
[   949] loss=-0.8033 | res=2.22e-04 | grad=1.81e-01 | 1.1s
[   950] loss=-0.8497 | res=2.31e-04 | grad=2.08e-01 | 1.1s
[   951] loss=-0.8717 | res=1.72e-04 | grad=2.11e-01 | 1.1s
[   952] loss=-0.8288 | res=1.36e-04 | grad=1.65e-01 | 1.1s
[   953] loss=-0.7635 | res=3.87e-05 | grad=3.39e-01 | 1.1s
[   954] loss=-0.9033 | res=2.86e-04 | grad=2.71e-01 | 1.1s
[   955] loss=-0.7409 | res=9.82e-09 | grad=5.37e-01 | 1.1s
[   956] loss=-0.7985 | res=1.65e-15 | grad=2.26e-01 | 1.1s
[   957] loss=-0.7879 | res=5.35e-05 | grad=1.66e-01 | 1.1s
[   958] loss=-0.9460 | res=1.04e-04 | grad=7.68e-01 | 1.1s
[   959] loss=-0.8713 | res=8.10e-05 | grad=3.56e-01 | 1.1s
[   960] loss=-0.8926 | res=7.52e-05 | grad=5.23e-01 | 1.1s
[   961] loss=-0.8135 | res=1.39e-04 | grad=3.64e-01 | 1.1s
[   962] loss=-0.9261 | res=6.80e-05 | grad=2.77e-01 | 1.1s
[   963] loss=-0.8482 | res=1.30e-15 | grad=2.98e-01 | 1.1s
[   964] loss=-0.8960 | res=1.97e-04 | grad=1.84e-01 | 1.1s
[   965] loss=-0.8807 | res=1.97e-04 | grad=1.88e-01 | 1.1s
[   966] loss=-0.8004 | res=1.19e-04 | grad=2.96e-01 | 1.1s
[   967] loss=-0.9377 | res=2.16e-04 | grad=2.38e-01 | 1.1s
[   968] loss=-0.8222 | res=1.51e-04 | grad=4.09e-01 | 1.1s
[   969] loss=-0.8733 | res=4.30e-05 | grad=2.46e-01 | 1.1s
[   970] loss=-0.7572 | res=3.16e-05 | grad=4.19e-01 | 1.1s
[   971] loss=-0.7896 | res=2.74e-04 | grad=3.58e-01 | 1.1s
[   972] loss=-0.8872 | res=1.24e-09 | grad=5.42e-01 | 1.1s
[   973] loss=-0.8980 | res=1.76e-04 | grad=5.25e-01 | 1.1s
[   974] loss=-0.7614 | res=8.61e-05 | grad=2.72e-01 | 1.1s
[   975] loss=-0.8148 | res=4.62e-05 | grad=1.62e-01 | 1.1s
[   976] loss=-0.8021 | res=3.07e-04 | grad=2.88e-01 | 1.1s
[   977] loss=-0.7706 | res=2.71e-09 | grad=2.24e-01 | 1.1s
[   978] loss=-0.9111 | res=2.35e-09 | grad=6.80e-01 | 1.1s
[   979] loss=-0.7303 | res=4.17e-13 | grad=1.99e-01 | 1.1s
[   980] loss=-0.8179 | res=1.64e-04 | grad=2.55e-01 | 1.1s
[   981] loss=-0.8227 | res=1.81e-04 | grad=2.20e-01 | 1.1s
[   982] loss=-0.7872 | res=3.20e-04 | grad=2.87e-01 | 1.1s
[   983] loss=-0.9435 | res=7.36e-09 | grad=3.78e-01 | 1.1s
[   984] loss=-0.7825 | res=1.35e-04 | grad=2.20e-01 | 1.1s
[   985] loss=-0.7572 | res=1.55e-15 | grad=6.84e-01 | 1.1s
[   986] loss=-0.7149 | res=4.58e-05 | grad=7.11e-01 | 1.1s
[   987] loss=-0.8568 | res=3.33e-04 | grad=1.83e-01 | 1.1s
[   988] loss=-0.8455 | res=1.20e-04 | grad=2.96e-01 | 1.1s
[   989] loss=-0.7525 | res=1.05e-04 | grad=2.30e-01 | 1.1s
[   990] loss=-0.8769 | res=7.76e-05 | grad=3.40e-01 | 1.1s
[   991] loss=-0.8187 | res=5.27e-05 | grad=1.81e-01 | 1.1s
[   992] loss=-0.8660 | res=9.70e-05 | grad=2.45e-01 | 1.1s
[   993] loss=-0.7861 | res=1.21e-04 | grad=1.49e-01 | 1.1s
[   994] loss=-0.8388 | res=7.67e-12 | grad=3.56e-01 | 1.1s
[   995] loss=-0.9463 | res=7.02e-05 | grad=5.96e-01 | 1.1s
[   996] loss=-0.9365 | res=2.15e-04 | grad=1.74e-01 | 1.1s
[   997] loss=-0.7970 | res=3.26e-04 | grad=2.91e-01 | 1.1s
[   998] loss=-0.8763 | res=4.96e-09 | grad=4.35e-01 | 1.1s
[   999] loss=-0.7805 | res=2.96e-04 | grad=5.59e-01 | 1.1s
[  1000] loss=-0.8583 | res=1.28e-04 | grad=1.70e-01 | 1.1s
    KL = 0.0422
    ESS ratio = 0.941
    Runtime = 1095.1s

  --- Run 5/5 (seed=56789) ---
[     1] loss=0.0634 | res=7.49e-05 | grad=7.86e+00 | 3.4s
[     2] loss=-0.0828 | res=1.14e-04 | grad=6.69e+00 | 1.1s
[     3] loss=-0.2180 | res=1.43e-04 | grad=6.25e+00 | 1.1s
[     4] loss=-0.3198 | res=3.58e-10 | grad=5.74e+00 | 1.1s
[     5] loss=-0.4568 | res=1.95e-04 | grad=5.70e+00 | 1.1s
[     6] loss=-0.4870 | res=5.15e-16 | grad=4.12e+00 | 1.1s
[     7] loss=-0.5720 | res=2.93e-04 | grad=3.58e+00 | 1.1s
[     8] loss=-0.6267 | res=1.58e-04 | grad=3.02e+00 | 1.1s
[     9] loss=-0.7548 | res=2.08e-04 | grad=2.71e+00 | 1.1s
[    10] loss=-0.6767 | res=1.55e-04 | grad=1.78e+00 | 1.1s
[    11] loss=-0.7903 | res=7.18e-04 | grad=1.77e+00 | 1.1s
[    12] loss=-0.8152 | res=2.37e-04 | grad=1.47e+00 | 1.1s
[    13] loss=-0.8022 | res=3.64e-09 | grad=1.08e+00 | 1.1s
[    14] loss=-0.8094 | res=1.20e-04 | grad=7.44e-01 | 1.1s
[    15] loss=-0.7186 | res=3.96e-04 | grad=3.51e-01 | 1.1s
[    16] loss=-0.8566 | res=8.44e-05 | grad=2.33e-01 | 1.1s
[    17] loss=-0.8299 | res=6.34e-04 | grad=3.11e-01 | 1.1s
[    18] loss=-0.8162 | res=9.15e-04 | grad=4.12e-01 | 1.1s
[    19] loss=-0.9091 | res=1.18e-04 | grad=4.35e-01 | 1.1s
[    20] loss=-0.7514 | res=1.08e-04 | grad=8.41e-01 | 1.1s
[    21] loss=-0.9118 | res=3.28e-04 | grad=7.95e-01 | 1.1s
[    22] loss=-0.8177 | res=3.05e-04 | grad=8.83e-01 | 1.1s
[    23] loss=-0.8684 | res=3.26e-08 | grad=7.07e-01 | 1.1s
[    24] loss=-0.8610 | res=7.06e-04 | grad=9.12e-01 | 1.1s
[    25] loss=-0.8227 | res=2.23e-04 | grad=9.06e-01 | 1.1s
[    26] loss=-0.7936 | res=1.30e-04 | grad=1.23e+00 | 1.0s
[    27] loss=-0.8746 | res=7.33e-05 | grad=5.68e-01 | 1.1s
[    28] loss=-0.8828 | res=3.31e-04 | grad=5.54e-01 | 1.1s
[    29] loss=-0.8604 | res=2.20e-04 | grad=5.44e-01 | 1.1s
[    30] loss=-0.8233 | res=1.58e-04 | grad=4.95e-01 | 1.1s
[    31] loss=-0.8368 | res=3.43e-04 | grad=4.19e-01 | 1.1s
[    32] loss=-0.8723 | res=2.41e-09 | grad=3.16e-01 | 1.1s
[    33] loss=-0.8512 | res=4.46e-04 | grad=3.82e-01 | 1.1s
[    34] loss=-0.8519 | res=1.60e-04 | grad=7.18e-01 | 1.1s
[    35] loss=-0.8397 | res=1.91e-04 | grad=5.49e-01 | 1.1s
[    36] loss=-0.8157 | res=2.76e-04 | grad=7.87e-01 | 1.1s
[    37] loss=-0.7425 | res=3.95e-05 | grad=2.80e-01 | 1.1s
[    38] loss=-0.8578 | res=5.25e-04 | grad=7.49e-01 | 1.1s
[    39] loss=-0.8339 | res=3.13e-04 | grad=3.02e-01 | 1.1s
[    40] loss=-0.7178 | res=2.85e-04 | grad=2.36e-01 | 1.1s
[    41] loss=-0.7521 | res=3.08e-04 | grad=6.46e-01 | 1.1s
[    42] loss=-0.8473 | res=4.65e-05 | grad=2.59e-01 | 1.1s
[    43] loss=-0.7970 | res=4.53e-04 | grad=1.36e-01 | 1.1s
[    44] loss=-0.8841 | res=2.06e-04 | grad=5.42e-01 | 1.1s
[    45] loss=-0.7516 | res=2.64e-04 | grad=3.98e-01 | 1.1s
[    46] loss=-0.7947 | res=5.99e-04 | grad=6.56e-01 | 1.1s
[    47] loss=-0.7889 | res=3.72e-04 | grad=4.06e-01 | 1.1s
[    48] loss=-0.9052 | res=8.14e-09 | grad=4.38e-01 | 1.0s
[    49] loss=-0.9146 | res=2.25e-04 | grad=1.71e-01 | 1.1s
[    50] loss=-0.9038 | res=3.19e-04 | grad=5.23e-01 | 1.1s
[    51] loss=-0.8007 | res=6.15e-04 | grad=3.05e-01 | 1.1s
[    52] loss=-0.8742 | res=4.57e-04 | grad=4.46e-01 | 1.1s
[    53] loss=-0.8100 | res=5.13e-05 | grad=3.99e-01 | 1.1s
[    54] loss=-0.8540 | res=1.49e-03 | grad=2.89e-01 | 1.1s
[    55] loss=-0.7347 | res=1.47e-08 | grad=6.58e-01 | 1.1s
[    56] loss=-0.8283 | res=3.37e-04 | grad=1.63e-01 | 1.1s
[    57] loss=-0.7972 | res=4.54e-04 | grad=5.93e-01 | 1.1s
[    58] loss=-0.8165 | res=9.36e-04 | grad=4.28e-01 | 1.1s
[    59] loss=-0.9027 | res=8.77e-04 | grad=1.91e-01 | 1.1s
[    60] loss=-0.8498 | res=1.97e-04 | grad=3.50e-01 | 1.1s
[    61] loss=-0.8268 | res=4.88e-04 | grad=3.63e-01 | 1.1s
[    62] loss=-0.8717 | res=2.06e-04 | grad=2.97e-01 | 1.1s
[    63] loss=-0.8253 | res=2.89e-04 | grad=5.20e-01 | 1.1s
[    64] loss=-0.8171 | res=1.15e-04 | grad=1.00e-01 | 1.1s
[    65] loss=-0.7933 | res=4.86e-05 | grad=4.98e-01 | 1.1s
[    66] loss=-0.7896 | res=2.65e-04 | grad=2.96e-01 | 1.1s
[    67] loss=-0.8229 | res=2.60e-04 | grad=3.36e-01 | 1.1s
[    68] loss=-0.8413 | res=6.56e-04 | grad=3.85e-01 | 1.1s
[    69] loss=-0.8741 | res=4.82e-04 | grad=8.59e-01 | 1.0s
[    70] loss=-0.8260 | res=2.70e-04 | grad=3.32e-01 | 1.1s
[    71] loss=-0.7546 | res=3.65e-04 | grad=4.40e-01 | 1.0s
[    72] loss=-0.8696 | res=4.98e-04 | grad=4.55e-01 | 1.1s
[    73] loss=-0.8331 | res=1.30e-03 | grad=4.68e-01 | 1.1s
[    74] loss=-0.7997 | res=2.17e-04 | grad=5.80e-01 | 1.1s
[    75] loss=-0.6479 | res=3.03e-04 | grad=9.22e-01 | 1.1s
[    76] loss=-0.9339 | res=7.61e-05 | grad=6.39e-01 | 1.1s
[    77] loss=-0.7906 | res=6.11e-04 | grad=5.83e-01 | 1.1s
[    78] loss=-0.8228 | res=1.00e-03 | grad=3.97e-01 | 1.1s
[    79] loss=-0.7764 | res=1.13e-03 | grad=3.60e-01 | 1.1s
[    80] loss=-0.8438 | res=8.40e-04 | grad=3.62e-01 | 1.1s
[    81] loss=-0.8359 | res=5.56e-04 | grad=1.03e+00 | 1.1s
[    82] loss=-0.7519 | res=4.55e-04 | grad=2.98e-01 | 1.1s
[    83] loss=-0.7215 | res=4.37e-04 | grad=6.01e-01 | 1.1s
[    84] loss=-0.8316 | res=8.84e-04 | grad=6.74e-01 | 1.1s
[    85] loss=-0.7776 | res=2.32e-04 | grad=3.80e-01 | 1.1s
[    86] loss=-0.8110 | res=6.37e-04 | grad=4.04e-01 | 1.1s
[    87] loss=-0.9033 | res=6.22e-05 | grad=4.23e-01 | 1.0s
[    88] loss=-0.9747 | res=9.34e-05 | grad=5.42e-01 | 1.1s
[    89] loss=-0.8164 | res=5.68e-04 | grad=5.62e-01 | 1.0s
[    90] loss=-0.7983 | res=1.40e-04 | grad=1.45e-01 | 1.0s
[    91] loss=-0.8172 | res=4.40e-05 | grad=2.66e-01 | 1.1s
[    92] loss=-0.8578 | res=4.02e-04 | grad=1.71e-01 | 1.1s
[    93] loss=-0.7366 | res=2.46e-04 | grad=6.62e-01 | 1.1s
[    94] loss=-0.8082 | res=2.72e-04 | grad=3.27e-01 | 1.1s
[    95] loss=-0.8228 | res=3.54e-04 | grad=3.70e-01 | 1.1s
[    96] loss=-0.8342 | res=6.59e-04 | grad=2.93e-01 | 1.1s
[    97] loss=-0.7781 | res=6.45e-05 | grad=8.91e-01 | 1.1s
[    98] loss=-0.8465 | res=7.74e-04 | grad=5.62e-01 | 1.1s
[    99] loss=-0.8519 | res=7.29e-04 | grad=4.26e-01 | 1.1s
[   100] loss=-0.7975 | res=1.96e-04 | grad=3.84e-01 | 1.1s
[   101] loss=-0.7914 | res=1.58e-04 | grad=4.45e-01 | 1.1s
[   102] loss=-0.8303 | res=6.90e-04 | grad=5.46e-01 | 1.1s
[   103] loss=-0.8314 | res=5.85e-04 | grad=4.85e-01 | 1.1s
[   104] loss=-0.9081 | res=5.05e-04 | grad=4.79e-01 | 1.1s
[   105] loss=-0.8725 | res=1.20e-04 | grad=5.11e-01 | 1.1s
[   106] loss=-0.8245 | res=2.95e-04 | grad=4.22e-01 | 1.1s
[   107] loss=-0.7780 | res=6.93e-04 | grad=4.58e-01 | 1.1s
[   108] loss=-0.8656 | res=1.88e-04 | grad=5.23e-01 | 1.1s
[   109] loss=-0.7883 | res=4.60e-05 | grad=2.90e-01 | 1.1s
[   110] loss=-0.7389 | res=8.98e-04 | grad=4.33e-01 | 1.1s
[   111] loss=-0.8675 | res=2.13e-04 | grad=7.57e-01 | 1.0s
[   112] loss=-0.8417 | res=4.30e-04 | grad=5.43e-01 | 1.1s
[   113] loss=-0.9185 | res=5.12e-04 | grad=9.38e-01 | 1.1s
[   114] loss=-0.9656 | res=5.40e-04 | grad=5.77e-01 | 1.1s
[   115] loss=-0.8217 | res=3.19e-04 | grad=2.65e-01 | 1.1s
[   116] loss=-0.7932 | res=4.87e-04 | grad=5.54e-01 | 1.1s
[   117] loss=-0.8476 | res=2.57e-04 | grad=4.88e-01 | 1.1s
[   118] loss=-0.8852 | res=4.03e-04 | grad=3.20e-01 | 1.1s
[   119] loss=-0.8554 | res=9.80e-04 | grad=2.51e-01 | 1.1s
[   120] loss=-0.7937 | res=2.32e-04 | grad=5.20e-01 | 1.1s
[   121] loss=-0.7838 | res=7.64e-04 | grad=6.78e-01 | 1.1s
[   122] loss=-0.8027 | res=5.96e-04 | grad=5.01e-01 | 1.1s
[   123] loss=-0.9222 | res=4.16e-04 | grad=2.86e-01 | 1.1s
[   124] loss=-0.8457 | res=5.56e-04 | grad=4.19e-01 | 1.1s
[   125] loss=-0.9215 | res=3.16e-04 | grad=3.59e-01 | 1.1s
[   126] loss=-0.7053 | res=5.48e-04 | grad=8.81e-01 | 1.1s
[   127] loss=-0.8272 | res=3.32e-04 | grad=4.82e-01 | 1.1s
[   128] loss=-0.7812 | res=7.96e-04 | grad=4.15e-01 | 1.1s
[   129] loss=-0.8457 | res=4.85e-04 | grad=8.93e-01 | 1.1s
[   130] loss=-0.8761 | res=1.79e-04 | grad=3.17e-01 | 1.1s
[   131] loss=-0.8389 | res=5.56e-04 | grad=5.30e-01 | 1.1s
[   132] loss=-0.7903 | res=4.06e-04 | grad=4.72e-01 | 1.1s
[   133] loss=-0.8811 | res=7.38e-04 | grad=5.71e-01 | 1.1s
[   134] loss=-0.8871 | res=6.06e-04 | grad=6.64e-01 | 1.1s
[   135] loss=-0.8375 | res=4.27e-04 | grad=4.43e-01 | 1.1s
[   136] loss=-0.7487 | res=4.66e-04 | grad=6.66e-01 | 1.1s
[   137] loss=-0.7517 | res=3.23e-04 | grad=6.54e-01 | 1.1s
[   138] loss=-0.8712 | res=1.57e-04 | grad=3.98e-01 | 1.1s
[   139] loss=-0.7980 | res=7.01e-04 | grad=1.31e-01 | 1.2s
[   140] loss=-0.7575 | res=2.85e-04 | grad=2.63e-01 | 1.1s
[   141] loss=-0.7803 | res=4.29e-04 | grad=3.36e-01 | 1.1s
[   142] loss=-0.7692 | res=5.63e-04 | grad=1.25e-01 | 1.1s
[   143] loss=-0.8803 | res=4.67e-04 | grad=9.39e-01 | 1.1s
[   144] loss=-0.8722 | res=1.75e-04 | grad=8.32e-01 | 1.1s
[   145] loss=-0.7755 | res=5.55e-04 | grad=6.63e-01 | 1.1s
[   146] loss=-0.8521 | res=5.22e-04 | grad=3.20e-01 | 1.1s
[   147] loss=-0.7380 | res=7.21e-04 | grad=6.11e-01 | 1.1s
[   148] loss=-0.8165 | res=3.42e-04 | grad=1.25e-01 | 1.1s
[   149] loss=-0.8288 | res=2.72e-04 | grad=5.40e-01 | 1.1s
[   150] loss=-0.9284 | res=2.90e-04 | grad=1.37e+00 | 1.1s
[   151] loss=-0.8395 | res=2.94e-04 | grad=7.54e-01 | 1.1s
[   152] loss=-0.7915 | res=5.03e-04 | grad=3.27e-01 | 1.1s
[   153] loss=-0.7390 | res=2.61e-04 | grad=3.96e-01 | 1.1s
[   154] loss=-0.8340 | res=5.95e-04 | grad=4.59e-01 | 1.1s
[   155] loss=-0.8503 | res=2.55e-04 | grad=6.24e-01 | 1.1s
[   156] loss=-0.8325 | res=1.12e-03 | grad=4.19e-01 | 1.1s
[   157] loss=-0.7603 | res=3.77e-04 | grad=7.25e-01 | 1.1s
[   158] loss=-0.7913 | res=4.97e-04 | grad=3.72e-01 | 1.1s
[   159] loss=-0.8051 | res=6.53e-04 | grad=1.95e-01 | 1.1s
[   160] loss=-0.8763 | res=1.02e-03 | grad=3.96e-01 | 1.1s
[   161] loss=-0.8429 | res=5.59e-04 | grad=2.75e-01 | 1.1s
[   162] loss=-0.8650 | res=2.22e-04 | grad=3.36e-01 | 1.1s
[   163] loss=-0.7122 | res=3.81e-04 | grad=5.07e-01 | 1.1s
[   164] loss=-0.8328 | res=2.19e-04 | grad=2.73e-01 | 1.1s
[   165] loss=-0.8486 | res=5.15e-04 | grad=3.42e-01 | 1.1s
[   166] loss=-0.8065 | res=1.21e-04 | grad=5.89e-01 | 1.1s
[   167] loss=-0.8702 | res=5.11e-04 | grad=2.65e-01 | 1.1s
[   168] loss=-0.9198 | res=3.26e-04 | grad=8.81e-01 | 1.1s
[   169] loss=-0.8212 | res=4.83e-04 | grad=1.35e-01 | 1.1s
[   170] loss=-0.8230 | res=5.33e-04 | grad=6.13e-01 | 1.1s
[   171] loss=-0.7981 | res=3.55e-04 | grad=2.14e-01 | 1.1s
[   172] loss=-0.9598 | res=1.43e-04 | grad=4.98e-01 | 1.1s
[   173] loss=-0.9112 | res=1.13e-03 | grad=3.92e-01 | 1.0s
[   174] loss=-0.7442 | res=1.32e-03 | grad=5.61e-01 | 1.1s
[   175] loss=-0.8714 | res=3.56e-04 | grad=2.88e-01 | 1.1s
[   176] loss=-0.8992 | res=5.36e-04 | grad=3.72e-01 | 1.1s
[   177] loss=-0.7070 | res=2.75e-04 | grad=7.51e-01 | 1.1s
[   178] loss=-0.8836 | res=2.31e-04 | grad=2.28e-01 | 1.1s
[   179] loss=-0.8872 | res=6.12e-04 | grad=2.63e-01 | 1.1s
[   180] loss=-0.7967 | res=6.00e-04 | grad=2.39e-01 | 1.1s
[   181] loss=-0.8283 | res=4.44e-04 | grad=1.92e-01 | 1.1s
[   182] loss=-0.8707 | res=4.61e-04 | grad=4.70e-01 | 1.1s
[   183] loss=-0.9787 | res=1.37e-04 | grad=7.06e-01 | 1.1s
[   184] loss=-0.9067 | res=7.76e-04 | grad=5.08e-01 | 1.2s
[   185] loss=-0.7975 | res=2.92e-04 | grad=1.88e-01 | 1.1s
[   186] loss=-0.7284 | res=5.29e-04 | grad=5.67e-01 | 1.1s
[   187] loss=-0.8230 | res=5.06e-04 | grad=2.52e-01 | 1.1s
[   188] loss=-0.8048 | res=4.82e-04 | grad=4.93e-01 | 1.1s
[   189] loss=-0.8721 | res=5.87e-05 | grad=3.67e-01 | 1.1s
[   190] loss=-0.8640 | res=8.44e-04 | grad=6.20e-01 | 1.1s
[   191] loss=-0.8105 | res=3.99e-04 | grad=2.71e-01 | 1.1s
[   192] loss=-0.8096 | res=3.63e-04 | grad=2.30e-01 | 1.1s
[   193] loss=-0.7912 | res=8.95e-04 | grad=5.66e-01 | 1.1s
[   194] loss=-0.8019 | res=1.98e-04 | grad=1.46e-01 | 1.1s
[   195] loss=-0.8632 | res=3.76e-04 | grad=3.40e-01 | 1.1s
[   196] loss=-0.8162 | res=9.99e-04 | grad=3.72e-01 | 1.1s
[   197] loss=-0.7137 | res=1.86e-04 | grad=5.09e-01 | 1.1s
[   198] loss=-0.7393 | res=5.95e-04 | grad=3.36e-01 | 1.1s
[   199] loss=-0.8003 | res=3.02e-08 | grad=6.08e-01 | 1.1s
[   200] loss=-0.7526 | res=2.45e-04 | grad=6.66e-01 | 1.1s
[   201] loss=-0.8382 | res=2.31e-04 | grad=5.01e-01 | 1.1s
[   202] loss=-0.9048 | res=3.08e-04 | grad=6.49e-01 | 1.1s
[   203] loss=-0.7515 | res=6.35e-04 | grad=4.94e-01 | 1.1s
[   204] loss=-0.8531 | res=1.03e-04 | grad=4.13e-01 | 1.1s
[   205] loss=-0.7719 | res=7.11e-04 | grad=6.05e-01 | 1.1s
[   206] loss=-0.8959 | res=6.51e-04 | grad=4.70e-01 | 1.1s
[   207] loss=-0.8997 | res=4.53e-05 | grad=7.26e-01 | 1.1s
[   208] loss=-0.8397 | res=5.03e-04 | grad=5.33e-01 | 1.1s
[   209] loss=-0.8180 | res=2.42e-04 | grad=2.44e-01 | 1.1s
[   210] loss=-0.7710 | res=4.00e-04 | grad=5.67e-01 | 1.1s
[   211] loss=-0.9987 | res=3.19e-04 | grad=6.42e-01 | 1.1s
[   212] loss=-0.8654 | res=5.06e-04 | grad=6.40e-01 | 1.1s
[   213] loss=-0.7299 | res=4.33e-04 | grad=8.37e-01 | 1.1s
[   214] loss=-0.7461 | res=7.97e-05 | grad=6.57e-01 | 1.0s
[   215] loss=-0.9456 | res=1.35e-08 | grad=1.45e-01 | 1.1s
[   216] loss=-0.8327 | res=4.23e-04 | grad=3.92e-01 | 1.2s
[   217] loss=-0.8897 | res=6.41e-04 | grad=4.25e-01 | 1.1s
[   218] loss=-0.8212 | res=7.22e-04 | grad=2.17e-01 | 1.1s
[   219] loss=-0.7772 | res=8.63e-04 | grad=3.20e-01 | 1.1s
[   220] loss=-0.8501 | res=3.34e-04 | grad=3.53e-01 | 1.1s
[   221] loss=-0.7519 | res=8.54e-04 | grad=3.35e-01 | 1.1s
[   222] loss=-0.7352 | res=2.89e-04 | grad=3.04e-01 | 1.1s
[   223] loss=-0.8446 | res=2.29e-04 | grad=5.46e-01 | 1.1s
[   224] loss=-0.8275 | res=4.66e-04 | grad=2.69e-01 | 1.1s
[   225] loss=-0.7987 | res=2.87e-04 | grad=2.94e-01 | 1.1s
[   226] loss=-0.7265 | res=8.75e-04 | grad=4.99e-01 | 1.1s
[   227] loss=-0.9188 | res=4.05e-04 | grad=5.27e-01 | 1.1s
[   228] loss=-0.8690 | res=4.22e-04 | grad=7.40e-01 | 1.1s
[   229] loss=-0.8053 | res=2.59e-04 | grad=4.28e-01 | 1.1s
[   230] loss=-0.8117 | res=1.29e-04 | grad=3.53e-01 | 1.1s
[   231] loss=-0.8021 | res=1.87e-04 | grad=4.14e-01 | 1.1s
[   232] loss=-0.8304 | res=3.75e-04 | grad=2.15e-01 | 1.1s
[   233] loss=-0.8631 | res=4.47e-04 | grad=2.52e-01 | 1.1s
[   234] loss=-0.8014 | res=3.95e-04 | grad=1.89e-01 | 1.1s
[   235] loss=-0.8731 | res=4.34e-04 | grad=3.46e-01 | 1.1s
[   236] loss=-0.8118 | res=2.70e-04 | grad=6.45e-01 | 1.2s
[   237] loss=-0.8460 | res=1.84e-04 | grad=2.77e-01 | 1.1s
[   238] loss=-0.8771 | res=4.85e-04 | grad=1.46e-01 | 1.1s
[   239] loss=-0.8767 | res=4.92e-04 | grad=3.96e-01 | 1.1s
[   240] loss=-0.8113 | res=6.02e-04 | grad=4.01e-01 | 1.1s
[   241] loss=-0.7905 | res=6.91e-04 | grad=3.88e-01 | 1.1s
[   242] loss=-0.8017 | res=5.53e-04 | grad=3.17e-01 | 1.1s
[   243] loss=-0.7814 | res=2.98e-04 | grad=2.93e-01 | 1.1s
[   244] loss=-0.8415 | res=8.30e-04 | grad=3.66e-01 | 1.1s
[   245] loss=-0.8784 | res=8.37e-04 | grad=2.27e-01 | 1.1s
[   246] loss=-0.9053 | res=7.43e-04 | grad=3.69e-01 | 1.1s
[   247] loss=-0.7640 | res=3.22e-04 | grad=3.80e-01 | 1.1s
[   248] loss=-0.8467 | res=1.64e-04 | grad=5.42e-01 | 1.1s
[   249] loss=-0.8644 | res=2.86e-04 | grad=1.28e-01 | 1.1s
[   250] loss=-0.8605 | res=1.14e-03 | grad=4.86e-01 | 1.1s
[   251] loss=-0.9523 | res=1.19e-04 | grad=6.30e-01 | 1.1s
[   252] loss=-0.8228 | res=4.65e-04 | grad=9.65e-02 | 1.1s
[   253] loss=-0.7962 | res=4.12e-04 | grad=2.77e-01 | 1.1s
[   254] loss=-0.7984 | res=5.93e-04 | grad=9.39e-02 | 1.1s
[   255] loss=-0.8828 | res=7.86e-04 | grad=4.43e-01 | 1.0s
[   256] loss=-0.7668 | res=9.42e-04 | grad=3.56e-01 | 1.2s
[   257] loss=-0.6665 | res=4.51e-04 | grad=8.09e-01 | 1.2s
[   258] loss=-0.7347 | res=1.31e-03 | grad=6.91e-01 | 1.1s
[   259] loss=-0.7756 | res=1.07e-03 | grad=4.34e-01 | 1.1s
[   260] loss=-0.7988 | res=3.01e-04 | grad=3.93e-01 | 1.1s
[   261] loss=-0.8210 | res=2.76e-04 | grad=4.20e-01 | 1.1s
[   262] loss=-0.8745 | res=2.23e-04 | grad=3.21e-01 | 1.1s
[   263] loss=-0.8732 | res=3.26e-04 | grad=5.47e-01 | 1.1s
[   264] loss=-0.8119 | res=3.76e-04 | grad=5.01e-01 | 1.1s
[   265] loss=-0.9067 | res=2.90e-04 | grad=5.99e-01 | 1.1s
[   266] loss=-1.0200 | res=2.72e-04 | grad=1.14e+00 | 1.1s
[   267] loss=-0.8660 | res=1.03e-03 | grad=3.88e-01 | 1.1s
[   268] loss=-0.8506 | res=5.33e-04 | grad=2.71e-01 | 1.1s
[   269] loss=-0.7929 | res=6.25e-04 | grad=1.98e-01 | 1.1s
[   270] loss=-0.8458 | res=5.02e-04 | grad=3.05e-01 | 1.1s
[   271] loss=-0.8771 | res=4.95e-04 | grad=4.01e-01 | 1.1s
[   272] loss=-0.8721 | res=5.28e-04 | grad=4.56e-01 | 1.1s
[   273] loss=-0.8366 | res=6.82e-04 | grad=5.79e-01 | 1.1s
[   274] loss=-0.8049 | res=4.42e-04 | grad=7.89e-01 | 1.1s
[   275] loss=-0.8186 | res=1.72e-04 | grad=4.80e-01 | 1.1s
[   276] loss=-0.8395 | res=1.08e-03 | grad=5.44e-01 | 1.1s
[   277] loss=-0.8112 | res=1.18e-04 | grad=3.77e-01 | 1.1s
[   278] loss=-0.7703 | res=4.44e-04 | grad=4.48e-01 | 1.1s
[   279] loss=-0.9043 | res=4.29e-04 | grad=4.61e-01 | 1.1s
[   280] loss=-0.7490 | res=4.43e-04 | grad=3.38e-01 | 1.1s
[   281] loss=-0.9146 | res=1.01e-04 | grad=7.84e-01 | 1.1s
[   282] loss=-0.6378 | res=6.89e-04 | grad=7.14e-01 | 1.1s
[   283] loss=-0.8826 | res=2.49e-04 | grad=5.79e-01 | 1.1s
[   284] loss=-0.8044 | res=1.29e-04 | grad=4.15e-01 | 1.1s
[   285] loss=-0.8774 | res=2.87e-04 | grad=6.77e-01 | 1.1s
[   286] loss=-0.8076 | res=2.15e-04 | grad=3.57e-01 | 1.1s
[   287] loss=-0.7560 | res=6.15e-04 | grad=1.92e-01 | 1.1s
[   288] loss=-0.8832 | res=4.71e-04 | grad=5.33e-01 | 1.1s
[   289] loss=-0.7954 | res=6.04e-04 | grad=3.38e-01 | 1.1s
[   290] loss=-0.8354 | res=6.02e-04 | grad=2.45e-01 | 1.1s
[   291] loss=-0.8219 | res=1.79e-04 | grad=4.20e-01 | 1.1s
[   292] loss=-0.9052 | res=4.94e-04 | grad=4.11e-01 | 1.1s
[   293] loss=-0.7170 | res=1.25e-04 | grad=6.54e-01 | 1.1s
[   294] loss=-0.8381 | res=7.47e-04 | grad=2.27e-01 | 1.1s
[   295] loss=-0.7691 | res=4.87e-04 | grad=3.35e-01 | 1.1s
[   296] loss=-0.8152 | res=4.67e-04 | grad=4.63e-01 | 1.0s
[   297] loss=-0.8267 | res=1.31e-04 | grad=4.06e-01 | 1.1s
[   298] loss=-0.8012 | res=4.00e-04 | grad=1.94e-01 | 1.1s
[   299] loss=-0.9921 | res=3.76e-04 | grad=4.40e-01 | 1.1s
[   300] loss=-0.8099 | res=3.28e-04 | grad=3.32e-01 | 1.1s
[   301] loss=-0.8719 | res=4.35e-04 | grad=1.99e-01 | 1.1s
[   302] loss=-0.8257 | res=4.08e-04 | grad=5.47e-01 | 1.1s
[   303] loss=-0.8002 | res=9.44e-09 | grad=3.68e-01 | 1.1s
[   304] loss=-0.8355 | res=2.51e-04 | grad=1.32e-01 | 1.2s
[   305] loss=-0.8106 | res=6.12e-04 | grad=4.40e-01 | 1.1s
[   306] loss=-0.8968 | res=2.88e-04 | grad=3.84e-01 | 1.1s
[   307] loss=-0.8209 | res=1.41e-04 | grad=1.51e-01 | 1.1s
[   308] loss=-0.8074 | res=7.61e-04 | grad=4.77e-01 | 1.1s
[   309] loss=-0.8778 | res=1.49e-04 | grad=3.20e-01 | 1.1s
[   310] loss=-0.8786 | res=3.82e-04 | grad=3.00e-01 | 1.1s
[   311] loss=-0.8165 | res=1.84e-04 | grad=5.56e-01 | 1.1s
[   312] loss=-0.8847 | res=5.26e-05 | grad=2.35e-01 | 1.1s
[   313] loss=-0.8599 | res=1.71e-04 | grad=3.62e-01 | 1.1s
[   314] loss=-0.7870 | res=7.27e-04 | grad=4.68e-01 | 1.1s
[   315] loss=-0.8804 | res=6.31e-05 | grad=3.35e-01 | 1.1s
[   316] loss=-0.9166 | res=3.55e-04 | grad=3.63e-01 | 1.1s
[   317] loss=-0.8974 | res=4.03e-04 | grad=2.66e-01 | 1.0s
[   318] loss=-0.7766 | res=7.44e-04 | grad=4.55e-01 | 1.1s
[   319] loss=-0.8352 | res=5.71e-04 | grad=7.90e-02 | 1.1s
[   320] loss=-0.8535 | res=7.49e-04 | grad=4.59e-01 | 1.1s
[   321] loss=-0.7282 | res=6.04e-04 | grad=6.82e-01 | 1.1s
[   322] loss=-0.9124 | res=1.29e-04 | grad=2.69e-01 | 1.1s
[   323] loss=-0.8622 | res=1.77e-04 | grad=2.72e-01 | 1.1s
[   324] loss=-0.7615 | res=3.59e-04 | grad=4.93e-01 | 1.1s
[   325] loss=-0.8827 | res=1.92e-04 | grad=6.25e-01 | 1.1s
[   326] loss=-0.8643 | res=6.65e-04 | grad=3.89e-01 | 1.1s
[   327] loss=-0.7786 | res=6.37e-05 | grad=4.09e-01 | 1.1s
[   328] loss=-0.9152 | res=4.72e-04 | grad=8.28e-01 | 1.1s
[   329] loss=-0.8341 | res=5.09e-04 | grad=2.16e-01 | 1.1s
[   330] loss=-0.8148 | res=2.29e-04 | grad=4.01e-01 | 1.1s
[   331] loss=-0.9459 | res=5.50e-04 | grad=6.35e-01 | 1.1s
[   332] loss=-0.7887 | res=5.54e-04 | grad=3.73e-01 | 1.1s
[   333] loss=-0.7349 | res=5.87e-04 | grad=5.60e-01 | 1.1s
[   334] loss=-0.7383 | res=8.91e-04 | grad=4.79e-01 | 1.1s
[   335] loss=-0.9483 | res=1.05e-04 | grad=1.70e-01 | 1.1s
[   336] loss=-0.8982 | res=2.75e-04 | grad=5.35e-01 | 1.1s
[   337] loss=-0.8781 | res=1.05e-03 | grad=1.84e-01 | 1.1s
[   338] loss=-0.8205 | res=8.14e-04 | grad=5.39e-01 | 1.1s
[   339] loss=-0.9379 | res=7.45e-04 | grad=1.43e-01 | 1.1s
[   340] loss=-0.8331 | res=5.68e-04 | grad=4.26e-01 | 1.1s
[   341] loss=-0.7646 | res=4.93e-04 | grad=2.40e-01 | 1.1s
[   342] loss=-0.7612 | res=9.78e-04 | grad=3.58e-01 | 1.1s
[   343] loss=-0.8513 | res=9.49e-04 | grad=7.62e-01 | 1.1s
[   344] loss=-0.7823 | res=7.33e-04 | grad=2.05e-01 | 1.1s
[   345] loss=-0.8982 | res=4.87e-04 | grad=4.19e-01 | 1.1s
[   346] loss=-0.8946 | res=7.30e-04 | grad=4.08e-01 | 1.1s
[   347] loss=-0.8123 | res=3.99e-04 | grad=3.64e-01 | 1.1s
[   348] loss=-0.7723 | res=2.45e-04 | grad=5.17e-01 | 1.1s
[   349] loss=-0.7655 | res=8.55e-04 | grad=3.65e-01 | 1.1s
[   350] loss=-0.8529 | res=5.12e-04 | grad=3.82e-01 | 1.1s
[   351] loss=-0.7968 | res=7.38e-04 | grad=4.62e-01 | 1.1s
[   352] loss=-0.7391 | res=6.15e-04 | grad=2.76e-01 | 1.1s
[   353] loss=-0.8561 | res=6.23e-05 | grad=1.26e-01 | 1.1s
[   354] loss=-0.7993 | res=2.98e-04 | grad=5.27e-01 | 1.1s
[   355] loss=-0.8255 | res=2.47e-04 | grad=4.69e-01 | 1.1s
[   356] loss=-0.8461 | res=3.47e-04 | grad=3.58e-01 | 1.1s
[   357] loss=-0.8876 | res=1.73e-04 | grad=2.88e-01 | 1.1s
[   358] loss=-0.8472 | res=5.60e-04 | grad=2.27e-01 | 1.1s
[   359] loss=-0.8288 | res=3.43e-04 | grad=2.71e-01 | 1.1s
[   360] loss=-0.8435 | res=2.37e-04 | grad=3.25e-01 | 1.2s
[   361] loss=-0.7863 | res=7.93e-04 | grad=1.33e-01 | 1.1s
[   362] loss=-0.7922 | res=2.89e-04 | grad=3.33e-01 | 1.1s
[   363] loss=-0.8570 | res=1.98e-04 | grad=3.06e-01 | 1.1s
[   364] loss=-0.7903 | res=2.25e-04 | grad=4.45e-01 | 1.1s
[   365] loss=-0.8407 | res=6.33e-04 | grad=2.04e-01 | 1.1s
[   366] loss=-0.8776 | res=4.67e-04 | grad=5.22e-01 | 1.1s
[   367] loss=-0.9988 | res=6.61e-05 | grad=4.00e-01 | 1.1s
[   368] loss=-0.7858 | res=4.47e-04 | grad=3.07e-01 | 1.1s
[   369] loss=-0.8066 | res=3.43e-04 | grad=3.58e-01 | 1.1s
[   370] loss=-0.7868 | res=5.81e-04 | grad=4.02e-01 | 1.1s
[   371] loss=-0.9470 | res=3.51e-04 | grad=4.21e-01 | 1.1s
[   372] loss=-0.7729 | res=3.48e-04 | grad=2.31e-01 | 1.1s
[   373] loss=-0.8248 | res=1.12e-03 | grad=1.94e-01 | 1.1s
[   374] loss=-0.7776 | res=2.78e-04 | grad=5.13e-01 | 1.1s
[   375] loss=-0.7728 | res=2.25e-04 | grad=3.73e-01 | 1.1s
[   376] loss=-0.7914 | res=3.63e-04 | grad=3.00e-01 | 1.1s
[   377] loss=-0.8673 | res=4.00e-04 | grad=4.27e-01 | 1.1s
[   378] loss=-0.7734 | res=6.55e-05 | grad=1.99e-01 | 1.1s
[   379] loss=-0.7233 | res=2.99e-04 | grad=3.05e-01 | 1.1s
[   380] loss=-0.9279 | res=3.75e-04 | grad=6.71e-01 | 1.1s
[   381] loss=-0.8779 | res=5.92e-04 | grad=5.32e-01 | 1.1s
[   382] loss=-0.7789 | res=4.85e-04 | grad=2.76e-01 | 1.1s
[   383] loss=-0.8156 | res=1.87e-04 | grad=5.69e-01 | 1.1s
[   384] loss=-0.8342 | res=6.17e-04 | grad=2.99e-01 | 1.1s
[   385] loss=-0.8069 | res=1.38e-04 | grad=4.32e-01 | 1.1s
[   386] loss=-0.9036 | res=4.84e-04 | grad=3.07e-01 | 1.2s
[   387] loss=-0.8739 | res=4.91e-04 | grad=3.97e-01 | 1.2s
[   388] loss=-0.7860 | res=5.03e-04 | grad=4.24e-01 | 1.1s
[   389] loss=-0.7491 | res=2.14e-04 | grad=5.66e-01 | 1.1s
[   390] loss=-0.8248 | res=2.47e-04 | grad=2.00e-01 | 1.1s
[   391] loss=-0.8017 | res=3.00e-04 | grad=4.79e-01 | 1.1s
[   392] loss=-0.7716 | res=2.41e-04 | grad=5.37e-01 | 1.1s
[   393] loss=-0.9180 | res=6.85e-04 | grad=4.30e-01 | 1.1s
[   394] loss=-0.9589 | res=3.72e-04 | grad=5.44e-01 | 1.1s
[   395] loss=-0.8210 | res=6.95e-04 | grad=5.15e-01 | 1.1s
[   396] loss=-0.7502 | res=2.92e-04 | grad=3.16e-01 | 1.1s
[   397] loss=-0.7936 | res=3.09e-04 | grad=2.31e-01 | 1.1s
[   398] loss=-0.8685 | res=2.99e-04 | grad=3.32e-01 | 1.1s
[   399] loss=-0.8384 | res=4.18e-04 | grad=4.00e-01 | 1.0s
[   400] loss=-0.8749 | res=1.90e-04 | grad=5.47e-01 | 1.1s
[   401] loss=-0.8071 | res=3.46e-04 | grad=5.93e-01 | 1.1s
[   402] loss=-0.7589 | res=3.46e-04 | grad=5.07e-01 | 1.1s
[   403] loss=-0.8271 | res=3.11e-04 | grad=1.39e-01 | 1.1s
[   404] loss=-0.8354 | res=2.61e-09 | grad=2.22e-01 | 1.1s
[   405] loss=-0.8258 | res=6.42e-04 | grad=1.27e-01 | 1.1s
[   406] loss=-0.8332 | res=5.91e-04 | grad=5.46e-01 | 1.1s
[   407] loss=-0.7879 | res=2.93e-04 | grad=1.16e-01 | 1.1s
[   408] loss=-0.8958 | res=5.35e-04 | grad=3.73e-01 | 1.1s
[   409] loss=-0.9027 | res=3.77e-04 | grad=4.42e-01 | 1.1s
[   410] loss=-0.7711 | res=6.95e-05 | grad=5.13e-01 | 1.1s
[   411] loss=-0.8657 | res=3.74e-04 | grad=2.02e-01 | 1.1s
[   412] loss=-0.8205 | res=2.48e-04 | grad=2.61e-01 | 1.1s
[   413] loss=-0.8671 | res=5.17e-04 | grad=1.86e-01 | 1.1s
[   414] loss=-0.8798 | res=2.23e-04 | grad=3.14e-01 | 1.1s
[   415] loss=-0.8445 | res=2.82e-04 | grad=4.60e-01 | 1.1s
[   416] loss=-0.7521 | res=7.08e-04 | grad=3.28e-01 | 1.1s
[   417] loss=-0.9344 | res=4.73e-04 | grad=4.24e-01 | 1.1s
[   418] loss=-0.7942 | res=1.28e-04 | grad=3.08e-01 | 1.1s
[   419] loss=-0.8901 | res=5.68e-04 | grad=3.10e-01 | 1.1s
[   420] loss=-0.7855 | res=2.80e-04 | grad=4.74e-01 | 1.0s
[   421] loss=-0.8548 | res=8.37e-09 | grad=3.77e-01 | 1.1s
[   422] loss=-0.7300 | res=5.03e-04 | grad=2.73e-01 | 1.1s
[   423] loss=-0.9264 | res=1.10e-03 | grad=5.00e-01 | 1.1s
[   424] loss=-0.8528 | res=2.33e-04 | grad=5.51e-01 | 1.1s
[   425] loss=-0.8028 | res=2.35e-04 | grad=6.24e-01 | 1.1s
[   426] loss=-0.8212 | res=4.04e-04 | grad=2.41e-01 | 1.1s
[   427] loss=-0.8330 | res=4.50e-04 | grad=3.19e-01 | 1.1s
[   428] loss=-0.8146 | res=1.26e-04 | grad=5.08e-01 | 1.1s
[   429] loss=-0.9201 | res=6.69e-09 | grad=4.35e-01 | 1.1s
[   430] loss=-0.8850 | res=1.22e-03 | grad=2.86e-01 | 1.1s
[   431] loss=-0.7801 | res=3.54e-04 | grad=4.57e-01 | 1.1s
[   432] loss=-0.8189 | res=2.62e-04 | grad=5.90e-01 | 1.1s
[   433] loss=-0.7819 | res=4.32e-04 | grad=4.39e-01 | 1.1s
[   434] loss=-0.6554 | res=1.02e-03 | grad=7.37e-01 | 1.1s
[   435] loss=-0.8974 | res=2.05e-04 | grad=4.40e-01 | 1.1s
[   436] loss=-0.9223 | res=8.29e-05 | grad=3.25e-01 | 1.1s
[   437] loss=-0.9089 | res=7.39e-04 | grad=6.27e-01 | 1.1s
[   438] loss=-0.8232 | res=5.05e-04 | grad=3.42e-01 | 1.1s
[   439] loss=-0.8122 | res=1.33e-04 | grad=3.82e-01 | 1.1s
[   440] loss=-0.9319 | res=3.91e-04 | grad=4.45e-01 | 1.1s
[   441] loss=-0.8386 | res=3.44e-04 | grad=5.62e-01 | 1.1s
[   442] loss=-0.8244 | res=5.54e-04 | grad=3.29e-01 | 1.1s
[   443] loss=-0.8267 | res=8.46e-04 | grad=3.90e-01 | 1.1s
[   444] loss=-0.8760 | res=3.88e-04 | grad=2.80e-01 | 1.1s
[   445] loss=-0.9138 | res=1.74e-04 | grad=4.28e-01 | 1.1s
[   446] loss=-0.7399 | res=3.40e-04 | grad=6.94e-01 | 1.1s
[   447] loss=-0.8649 | res=2.78e-04 | grad=4.09e-01 | 1.1s
[   448] loss=-0.7984 | res=8.25e-04 | grad=3.63e-01 | 1.1s
[   449] loss=-0.8097 | res=4.47e-04 | grad=6.78e-01 | 1.1s
[   450] loss=-0.8758 | res=6.27e-04 | grad=2.62e-01 | 1.1s
[   451] loss=-0.9367 | res=1.36e-04 | grad=7.07e-01 | 1.1s
[   452] loss=-0.8022 | res=2.19e-04 | grad=2.61e-01 | 1.1s
[   453] loss=-0.7419 | res=5.37e-04 | grad=5.53e-01 | 1.1s
[   454] loss=-0.7932 | res=1.11e-04 | grad=2.73e-01 | 1.1s
[   455] loss=-0.8883 | res=2.41e-04 | grad=6.20e-01 | 1.1s
[   456] loss=-0.8319 | res=1.13e-03 | grad=3.80e-01 | 1.1s
[   457] loss=-0.8972 | res=2.03e-04 | grad=4.68e-01 | 1.1s
[   458] loss=-0.7961 | res=2.70e-04 | grad=2.41e-01 | 1.1s
[   459] loss=-0.8548 | res=5.68e-05 | grad=3.33e-01 | 1.1s
[   460] loss=-0.8687 | res=2.00e-04 | grad=2.09e-01 | 1.1s
[   461] loss=-0.7678 | res=3.29e-04 | grad=2.23e-01 | 1.1s
[   462] loss=-0.8567 | res=5.00e-04 | grad=2.96e-01 | 1.1s
[   463] loss=-0.7453 | res=2.66e-04 | grad=3.05e-01 | 1.1s
[   464] loss=-0.7850 | res=1.80e-04 | grad=4.31e-01 | 1.1s
[   465] loss=-0.9082 | res=7.68e-04 | grad=3.04e-01 | 1.1s
[   466] loss=-0.8635 | res=5.90e-09 | grad=3.26e-01 | 1.1s
[   467] loss=-0.8495 | res=9.00e-04 | grad=1.73e-01 | 1.1s
[   468] loss=-0.7497 | res=8.12e-05 | grad=5.56e-01 | 1.1s
[   469] loss=-0.8458 | res=1.26e-04 | grad=2.74e-01 | 1.1s
[   470] loss=-0.8674 | res=7.24e-05 | grad=4.33e-01 | 1.1s
[   471] loss=-0.8747 | res=3.41e-04 | grad=3.24e-01 | 1.1s
[   472] loss=-0.7482 | res=2.51e-04 | grad=3.01e-01 | 1.1s
[   473] loss=-0.7015 | res=8.35e-04 | grad=5.64e-01 | 1.1s
[   474] loss=-0.8141 | res=1.31e-04 | grad=2.72e-01 | 1.1s
[   475] loss=-0.8474 | res=5.48e-04 | grad=1.89e-01 | 1.1s
[   476] loss=-0.8363 | res=4.67e-04 | grad=1.46e-01 | 1.1s
[   477] loss=-0.7520 | res=6.59e-04 | grad=4.02e-01 | 1.1s
[   478] loss=-0.8121 | res=3.79e-04 | grad=4.08e-01 | 1.1s
[   479] loss=-0.8585 | res=6.16e-04 | grad=3.49e-01 | 1.0s
[   480] loss=-0.8355 | res=6.27e-04 | grad=3.45e-01 | 1.1s
[   481] loss=-0.8523 | res=6.71e-04 | grad=4.94e-01 | 1.1s
[   482] loss=-0.8824 | res=5.65e-04 | grad=2.54e-01 | 1.0s
[   483] loss=-0.8345 | res=3.55e-04 | grad=2.23e-01 | 1.1s
[   484] loss=-0.7621 | res=6.94e-04 | grad=5.09e-01 | 1.1s
[   485] loss=-0.8213 | res=3.27e-04 | grad=1.83e-01 | 1.1s
[   486] loss=-0.8284 | res=5.99e-04 | grad=5.47e-01 | 1.1s
[   487] loss=-0.8085 | res=3.07e-04 | grad=4.04e-01 | 1.1s
[   488] loss=-0.8062 | res=5.18e-04 | grad=3.90e-01 | 1.1s
[   489] loss=-0.7778 | res=1.08e-04 | grad=4.19e-01 | 1.1s
[   490] loss=-0.7840 | res=1.74e-04 | grad=3.02e-01 | 1.1s
[   491] loss=-0.6736 | res=2.61e-04 | grad=7.67e-01 | 1.1s
[   492] loss=-0.7776 | res=7.99e-04 | grad=2.59e-01 | 1.1s
[   493] loss=-0.8679 | res=4.96e-04 | grad=2.68e-01 | 1.1s
[   494] loss=-0.7878 | res=3.56e-04 | grad=2.36e-01 | 1.1s
[   495] loss=-0.7500 | res=6.91e-04 | grad=2.24e-01 | 1.1s
[   496] loss=-0.8901 | res=4.17e-04 | grad=7.43e-01 | 1.1s
[   497] loss=-0.8273 | res=1.36e-04 | grad=6.09e-01 | 1.1s
[   498] loss=-0.7111 | res=2.98e-04 | grad=1.96e-01 | 1.1s
[   499] loss=-0.8756 | res=2.70e-04 | grad=5.14e-01 | 1.1s
[   500] loss=-0.8061 | res=1.55e-04 | grad=1.44e-01 | 1.1s
[   501] loss=-0.7995 | res=5.51e-04 | grad=3.19e-01 | 1.1s
[   502] loss=-0.7733 | res=3.42e-04 | grad=2.87e-01 | 1.1s
[   503] loss=-0.8276 | res=2.69e-04 | grad=2.03e-01 | 1.1s
[   504] loss=-0.8524 | res=2.48e-05 | grad=3.88e-01 | 1.1s
[   505] loss=-0.8607 | res=5.98e-04 | grad=4.01e-01 | 1.1s
[   506] loss=-0.8423 | res=4.13e-04 | grad=3.72e-01 | 1.1s
[   507] loss=-0.9056 | res=6.17e-05 | grad=1.54e-01 | 1.1s
[   508] loss=-0.9498 | res=1.00e-08 | grad=2.00e-01 | 1.1s
[   509] loss=-0.9112 | res=2.78e-04 | grad=1.92e-01 | 1.1s
[   510] loss=-0.7886 | res=5.85e-04 | grad=7.35e-01 | 1.1s
[   511] loss=-0.9142 | res=4.80e-04 | grad=1.10e-01 | 1.1s
[   512] loss=-0.8371 | res=2.94e-04 | grad=2.64e-01 | 1.1s
[   513] loss=-0.6877 | res=2.74e-04 | grad=8.38e-01 | 1.1s
[   514] loss=-0.8834 | res=2.10e-04 | grad=5.49e-01 | 1.1s
[   515] loss=-0.8622 | res=1.05e-04 | grad=3.36e-01 | 1.1s
[   516] loss=-0.8208 | res=3.57e-04 | grad=1.75e-01 | 1.1s
[   517] loss=-0.8472 | res=2.85e-04 | grad=2.88e-01 | 1.1s
[   518] loss=-0.7633 | res=7.34e-04 | grad=4.07e-01 | 1.1s
[   519] loss=-0.7422 | res=1.05e-03 | grad=1.15e-01 | 1.1s
[   520] loss=-0.7160 | res=5.64e-05 | grad=5.41e-01 | 1.1s
[   521] loss=-0.8509 | res=4.05e-04 | grad=8.09e-01 | 1.1s
[   522] loss=-0.7049 | res=3.86e-04 | grad=3.08e-01 | 1.1s
[   523] loss=-0.9284 | res=1.16e-04 | grad=1.02e+00 | 1.1s
[   524] loss=-0.8224 | res=4.15e-04 | grad=4.71e-01 | 1.1s
[   525] loss=-0.7998 | res=3.88e-04 | grad=1.32e-01 | 1.1s
[   526] loss=-0.7407 | res=3.44e-04 | grad=5.58e-01 | 1.1s
[   527] loss=-0.8394 | res=3.49e-04 | grad=1.36e-01 | 1.1s
[   528] loss=-0.8123 | res=4.08e-04 | grad=3.96e-01 | 1.1s
[   529] loss=-0.8355 | res=3.00e-04 | grad=8.85e-02 | 1.1s
[   530] loss=-0.7909 | res=5.41e-04 | grad=6.83e-01 | 1.1s
[   531] loss=-0.8564 | res=3.14e-04 | grad=4.68e-01 | 1.1s
[   532] loss=-0.8326 | res=1.21e-03 | grad=3.00e-01 | 1.1s
[   533] loss=-0.8062 | res=5.53e-04 | grad=2.78e-01 | 1.1s
[   534] loss=-0.8905 | res=5.00e-04 | grad=5.34e-01 | 1.1s
[   535] loss=-0.8835 | res=2.08e-04 | grad=3.83e-01 | 1.1s
[   536] loss=-0.7804 | res=6.02e-04 | grad=4.13e-01 | 1.1s
[   537] loss=-0.8540 | res=1.42e-04 | grad=1.88e-01 | 1.1s
[   538] loss=-0.8476 | res=5.98e-04 | grad=3.75e-01 | 1.1s
[   539] loss=-0.8305 | res=8.19e-09 | grad=2.48e-01 | 1.1s
[   540] loss=-0.7689 | res=4.03e-04 | grad=3.22e-01 | 1.1s
[   541] loss=-0.8680 | res=1.97e-04 | grad=3.85e-01 | 1.1s
[   542] loss=-0.8229 | res=9.88e-05 | grad=2.94e-01 | 1.1s
[   543] loss=-0.8276 | res=4.19e-04 | grad=8.81e-02 | 1.1s
[   544] loss=-0.9019 | res=1.80e-04 | grad=4.47e-01 | 1.0s
[   545] loss=-0.8227 | res=5.62e-05 | grad=4.52e-01 | 1.1s
[   546] loss=-0.8131 | res=2.24e-04 | grad=3.23e-01 | 1.1s
[   547] loss=-0.8002 | res=5.79e-04 | grad=2.48e-01 | 1.1s
[   548] loss=-0.8247 | res=5.53e-04 | grad=3.29e-01 | 1.1s
[   549] loss=-0.7630 | res=1.83e-04 | grad=5.68e-01 | 1.1s
[   550] loss=-0.7764 | res=3.99e-04 | grad=5.03e-01 | 1.1s
[   551] loss=-0.7500 | res=2.24e-04 | grad=4.63e-01 | 1.1s
[   552] loss=-0.8124 | res=8.61e-04 | grad=6.27e-01 | 1.1s
[   553] loss=-0.8316 | res=3.07e-04 | grad=3.54e-01 | 1.1s
[   554] loss=-0.8916 | res=2.62e-04 | grad=4.81e-01 | 1.1s
[   555] loss=-0.8220 | res=3.14e-04 | grad=6.11e-01 | 1.1s
[   556] loss=-0.8292 | res=3.13e-04 | grad=5.06e-01 | 1.1s
[   557] loss=-0.9513 | res=7.78e-05 | grad=1.04e+00 | 1.1s
[   558] loss=-0.8609 | res=1.60e-04 | grad=3.11e-01 | 1.1s
[   559] loss=-0.7949 | res=1.17e-04 | grad=1.61e-01 | 1.1s
[   560] loss=-0.8233 | res=3.49e-04 | grad=2.72e-01 | 1.1s
[   561] loss=-0.8918 | res=5.86e-04 | grad=1.84e-01 | 1.1s
[   562] loss=-0.8603 | res=7.26e-05 | grad=2.69e-01 | 1.1s
[   563] loss=-0.7737 | res=4.28e-04 | grad=4.30e-01 | 1.1s
[   564] loss=-0.7635 | res=8.55e-04 | grad=6.44e-01 | 1.1s
[   565] loss=-0.8188 | res=1.90e-04 | grad=3.48e-01 | 1.1s
[   566] loss=-0.8790 | res=3.58e-09 | grad=2.23e-01 | 1.1s
[   567] loss=-0.8146 | res=3.05e-15 | grad=3.33e-01 | 1.1s
[   568] loss=-0.7639 | res=2.66e-04 | grad=2.57e-01 | 1.1s
[   569] loss=-0.7179 | res=4.36e-04 | grad=5.34e-01 | 1.1s
[   570] loss=-0.8941 | res=5.69e-04 | grad=4.95e-01 | 1.1s
[   571] loss=-0.9290 | res=3.41e-04 | grad=5.79e-01 | 1.1s
[   572] loss=-0.8080 | res=6.14e-05 | grad=1.94e-01 | 1.1s
[   573] loss=-0.7765 | res=2.18e-04 | grad=1.36e-01 | 1.1s
[   574] loss=-0.8214 | res=3.47e-04 | grad=3.34e-01 | 1.1s
[   575] loss=-0.8735 | res=2.32e-04 | grad=4.82e-01 | 1.1s
[   576] loss=-0.8588 | res=2.10e-04 | grad=4.85e-01 | 1.1s
[   577] loss=-0.9443 | res=1.17e-04 | grad=5.17e-01 | 1.1s
[   578] loss=-0.7351 | res=1.86e-04 | grad=6.95e-01 | 1.1s
[   579] loss=-0.8275 | res=3.65e-04 | grad=4.36e-01 | 1.1s
[   580] loss=-0.9287 | res=2.76e-04 | grad=3.12e-01 | 1.1s
[   581] loss=-0.7246 | res=5.56e-04 | grad=7.52e-01 | 1.1s
[   582] loss=-0.8268 | res=3.73e-04 | grad=4.54e-01 | 1.1s
[   583] loss=-0.9014 | res=2.85e-04 | grad=2.74e-01 | 1.1s
[   584] loss=-0.8734 | res=7.98e-04 | grad=3.85e-01 | 1.1s
[   585] loss=-0.7074 | res=4.62e-04 | grad=4.72e-01 | 1.0s
[   586] loss=-0.8390 | res=5.08e-05 | grad=2.24e-01 | 1.1s
[   587] loss=-0.8649 | res=2.67e-04 | grad=3.41e-01 | 1.1s
[   588] loss=-0.8631 | res=4.07e-04 | grad=4.79e-01 | 1.1s
[   589] loss=-0.7884 | res=3.17e-04 | grad=4.79e-01 | 1.1s
[   590] loss=-0.8482 | res=2.10e-04 | grad=2.22e-01 | 1.1s
[   591] loss=-0.8641 | res=3.69e-04 | grad=2.12e-01 | 1.1s
[   592] loss=-0.9231 | res=4.01e-04 | grad=5.35e-01 | 1.1s
[   593] loss=-0.9111 | res=1.78e-04 | grad=5.06e-01 | 1.1s
[   594] loss=-0.8220 | res=1.87e-04 | grad=3.60e-01 | 1.1s
[   595] loss=-0.8682 | res=1.38e-04 | grad=1.62e-01 | 1.1s
[   596] loss=-0.7877 | res=4.42e-04 | grad=5.19e-01 | 1.1s
[   597] loss=-0.7145 | res=8.41e-04 | grad=5.53e-01 | 1.1s
[   598] loss=-0.8131 | res=3.11e-04 | grad=4.10e-01 | 1.1s
[   599] loss=-0.8054 | res=3.69e-04 | grad=3.39e-01 | 1.1s
[   600] loss=-0.8245 | res=6.78e-04 | grad=1.99e-01 | 1.1s
[   601] loss=-0.8710 | res=3.17e-04 | grad=2.57e-01 | 1.1s
[   602] loss=-0.8937 | res=1.96e-04 | grad=5.51e-01 | 1.1s
[   603] loss=-0.8134 | res=5.07e-04 | grad=3.53e-01 | 1.1s
[   604] loss=-0.7883 | res=2.13e-04 | grad=2.83e-01 | 1.1s
[   605] loss=-0.8053 | res=1.55e-09 | grad=3.61e-01 | 1.1s
[   606] loss=-0.9115 | res=6.03e-04 | grad=5.27e-01 | 1.0s
[   607] loss=-0.7903 | res=1.64e-04 | grad=2.83e-01 | 1.1s
[   608] loss=-0.7757 | res=1.38e-04 | grad=3.63e-01 | 1.1s
[   609] loss=-0.8538 | res=2.48e-04 | grad=1.64e-01 | 1.1s
[   610] loss=-0.8518 | res=7.44e-04 | grad=5.95e-01 | 1.1s
[   611] loss=-0.8035 | res=3.80e-04 | grad=1.91e-01 | 1.1s
[   612] loss=-0.7653 | res=2.96e-04 | grad=4.66e-01 | 1.1s
[   613] loss=-0.9133 | res=5.33e-04 | grad=3.10e-01 | 1.1s
[   614] loss=-0.8891 | res=6.38e-05 | grad=4.42e-01 | 1.1s
[   615] loss=-0.7914 | res=2.05e-04 | grad=2.73e-01 | 1.1s
[   616] loss=-0.8437 | res=3.17e-04 | grad=3.40e-01 | 1.1s
[   617] loss=-0.8563 | res=2.95e-04 | grad=4.47e-01 | 1.1s
[   618] loss=-0.7993 | res=3.74e-04 | grad=3.48e-01 | 1.1s
[   619] loss=-0.8156 | res=3.90e-04 | grad=2.50e-01 | 1.1s
[   620] loss=-0.8455 | res=2.90e-04 | grad=2.10e-01 | 1.1s
[   621] loss=-0.8773 | res=3.66e-04 | grad=3.22e-01 | 1.1s
[   622] loss=-0.9527 | res=2.49e-04 | grad=6.28e-01 | 1.1s
[   623] loss=-0.8822 | res=2.64e-04 | grad=2.90e-01 | 1.1s
[   624] loss=-0.8574 | res=6.32e-05 | grad=3.12e-01 | 1.1s
[   625] loss=-0.8818 | res=6.53e-05 | grad=1.99e-01 | 1.1s
[   626] loss=-0.7974 | res=3.93e-04 | grad=4.89e-01 | 1.1s
[   627] loss=-0.9338 | res=1.63e-08 | grad=1.62e-01 | 1.1s
[   628] loss=-0.8866 | res=6.49e-04 | grad=2.90e-01 | 1.1s
[   629] loss=-0.7929 | res=1.37e-04 | grad=4.39e-01 | 1.1s
[   630] loss=-0.8552 | res=5.09e-04 | grad=3.46e-01 | 1.1s
[   631] loss=-0.8394 | res=3.07e-04 | grad=1.72e-01 | 1.1s
[   632] loss=-0.8844 | res=5.95e-04 | grad=2.96e-01 | 1.1s
[   633] loss=-0.7621 | res=2.20e-04 | grad=4.80e-01 | 1.1s
[   634] loss=-0.8706 | res=1.51e-04 | grad=5.95e-01 | 1.1s
[   635] loss=-0.8531 | res=1.81e-04 | grad=3.72e-01 | 1.1s
[   636] loss=-0.8298 | res=1.33e-04 | grad=1.42e-01 | 1.1s
[   637] loss=-0.7750 | res=2.71e-04 | grad=3.82e-01 | 1.1s
[   638] loss=-0.7466 | res=3.64e-04 | grad=3.85e-01 | 1.1s
[   639] loss=-0.8719 | res=4.00e-04 | grad=3.60e-01 | 1.1s
[   640] loss=-0.9726 | res=2.06e-04 | grad=6.00e-01 | 1.1s
[   641] loss=-0.8420 | res=1.82e-04 | grad=3.92e-01 | 1.1s
[   642] loss=-0.7806 | res=5.98e-04 | grad=4.99e-01 | 1.1s
[   643] loss=-0.8117 | res=2.87e-04 | grad=1.78e-01 | 1.1s
[   644] loss=-0.8416 | res=3.89e-04 | grad=3.15e-01 | 1.1s
[   645] loss=-0.8547 | res=1.41e-04 | grad=2.61e-01 | 1.1s
[   646] loss=-0.8033 | res=1.11e-04 | grad=2.24e-01 | 1.1s
[   647] loss=-0.8956 | res=9.17e-09 | grad=3.13e-01 | 1.0s
[   648] loss=-0.7816 | res=2.07e-04 | grad=2.12e-01 | 1.1s
[   649] loss=-0.8426 | res=4.27e-05 | grad=4.18e-01 | 1.1s
[   650] loss=-0.7774 | res=2.53e-04 | grad=2.72e-01 | 1.1s
[   651] loss=-0.8241 | res=2.75e-04 | grad=3.39e-01 | 1.1s
[   652] loss=-0.8709 | res=1.71e-04 | grad=4.65e-01 | 1.1s
[   653] loss=-0.7733 | res=6.47e-04 | grad=5.20e-01 | 1.1s
[   654] loss=-0.7859 | res=3.42e-04 | grad=2.12e-01 | 1.1s
[   655] loss=-0.8306 | res=3.18e-04 | grad=1.32e-01 | 1.1s
[   656] loss=-0.8250 | res=6.94e-04 | grad=3.93e-01 | 1.1s
[   657] loss=-0.8425 | res=1.07e-04 | grad=1.53e-01 | 1.1s
[   658] loss=-0.9383 | res=3.32e-09 | grad=5.02e-01 | 1.1s
[   659] loss=-0.8864 | res=3.34e-09 | grad=3.55e-01 | 1.1s
[   660] loss=-0.8580 | res=5.44e-04 | grad=2.97e-01 | 1.1s
[   661] loss=-0.8362 | res=3.56e-04 | grad=1.92e-01 | 1.1s
[   662] loss=-0.8170 | res=3.39e-04 | grad=2.64e-01 | 1.1s
[   663] loss=-0.8675 | res=3.32e-04 | grad=2.47e-01 | 1.1s
[   664] loss=-0.9269 | res=2.76e-04 | grad=1.21e-01 | 1.1s
[   665] loss=-0.8158 | res=1.51e-04 | grad=4.47e-01 | 1.1s
[   666] loss=-0.7966 | res=2.00e-04 | grad=4.59e-01 | 1.1s
[   667] loss=-0.8528 | res=2.47e-04 | grad=2.55e-01 | 1.1s
[   668] loss=-0.8287 | res=2.13e-04 | grad=1.41e-01 | 1.1s
[   669] loss=-0.7963 | res=4.30e-04 | grad=2.46e-01 | 1.1s
[   670] loss=-0.7697 | res=7.13e-04 | grad=5.18e-01 | 1.1s
[   671] loss=-0.8324 | res=1.75e-04 | grad=2.36e-01 | 1.1s
[   672] loss=-0.8917 | res=4.62e-05 | grad=2.54e-01 | 1.1s
[   673] loss=-0.8158 | res=5.80e-05 | grad=3.56e-01 | 1.1s
[   674] loss=-0.8850 | res=1.56e-09 | grad=6.61e-01 | 1.1s
[   675] loss=-0.8800 | res=1.68e-04 | grad=6.30e-01 | 1.1s
[   676] loss=-0.8129 | res=1.02e-03 | grad=4.84e-01 | 1.1s
[   677] loss=-0.8511 | res=2.84e-04 | grad=3.11e-01 | 1.1s
[   678] loss=-0.7794 | res=1.23e-03 | grad=4.48e-01 | 1.1s
[   679] loss=-0.8599 | res=8.51e-05 | grad=3.32e-01 | 1.1s
[   680] loss=-0.8888 | res=3.31e-04 | grad=4.60e-01 | 1.1s
[   681] loss=-0.7716 | res=3.90e-04 | grad=6.71e-01 | 1.1s
[   682] loss=-0.8709 | res=4.60e-04 | grad=4.85e-01 | 1.1s
[   683] loss=-0.8234 | res=1.08e-04 | grad=3.09e-01 | 1.1s
[   684] loss=-0.9058 | res=6.48e-04 | grad=2.44e-01 | 1.1s
[   685] loss=-0.8221 | res=6.30e-04 | grad=3.02e-01 | 1.1s
[   686] loss=-0.8812 | res=4.30e-04 | grad=3.22e-01 | 1.1s
[   687] loss=-0.7768 | res=5.44e-04 | grad=3.01e-01 | 1.1s
[   688] loss=-0.9179 | res=7.41e-05 | grad=4.63e-01 | 1.1s
[   689] loss=-0.9797 | res=1.72e-04 | grad=8.56e-01 | 1.1s
[   690] loss=-0.9061 | res=1.60e-04 | grad=3.67e-01 | 1.1s
[   691] loss=-0.8635 | res=8.50e-05 | grad=4.23e-01 | 1.1s
[   692] loss=-0.8210 | res=3.45e-04 | grad=2.58e-01 | 1.1s
[   693] loss=-0.8829 | res=2.55e-04 | grad=2.91e-01 | 1.1s
[   694] loss=-0.8270 | res=2.95e-04 | grad=7.32e-01 | 1.1s
[   695] loss=-0.8010 | res=3.90e-04 | grad=4.08e-01 | 1.1s
[   696] loss=-0.7526 | res=4.67e-04 | grad=5.21e-01 | 1.1s
[   697] loss=-0.8374 | res=9.42e-05 | grad=4.05e-01 | 1.1s
[   698] loss=-0.8171 | res=8.48e-06 | grad=4.04e-01 | 1.1s
[   699] loss=-0.7977 | res=7.44e-04 | grad=3.29e-01 | 1.1s
[   700] loss=-0.8457 | res=7.61e-04 | grad=2.56e-01 | 1.1s
[   701] loss=-0.8093 | res=7.73e-04 | grad=4.66e-01 | 1.1s
[   702] loss=-0.8546 | res=3.35e-04 | grad=8.30e-02 | 1.1s
[   703] loss=-0.9081 | res=3.71e-04 | grad=7.38e-01 | 1.1s
[   704] loss=-0.8079 | res=3.64e-04 | grad=1.65e-01 | 1.1s
[   705] loss=-0.8280 | res=4.92e-04 | grad=1.51e-01 | 1.1s
[   706] loss=-0.8637 | res=2.45e-04 | grad=4.06e-01 | 1.1s
[   707] loss=-0.9648 | res=1.66e-04 | grad=5.60e-01 | 1.1s
[   708] loss=-0.8603 | res=3.79e-04 | grad=3.20e-01 | 1.1s
[   709] loss=-0.8688 | res=6.40e-04 | grad=2.63e-01 | 1.0s
[   710] loss=-0.9081 | res=2.62e-04 | grad=2.38e-01 | 1.1s
[   711] loss=-0.7804 | res=4.58e-04 | grad=4.44e-01 | 1.1s
[   712] loss=-0.8116 | res=1.75e-04 | grad=3.47e-01 | 1.1s
[   713] loss=-0.8732 | res=4.16e-04 | grad=2.94e-01 | 1.1s
[   714] loss=-0.8917 | res=2.80e-04 | grad=2.71e-01 | 1.1s
[   715] loss=-0.9107 | res=1.27e-04 | grad=1.72e-01 | 1.1s
[   716] loss=-0.8585 | res=3.86e-04 | grad=1.92e-01 | 1.1s
[   717] loss=-0.8902 | res=2.80e-04 | grad=3.23e-01 | 1.1s
[   718] loss=-0.9931 | res=2.77e-04 | grad=3.18e-01 | 1.1s
[   719] loss=-0.9010 | res=5.91e-04 | grad=4.14e-01 | 1.1s
[   720] loss=-0.8044 | res=5.70e-04 | grad=1.57e-01 | 1.1s
[   721] loss=-0.8284 | res=6.41e-05 | grad=3.95e-01 | 1.1s
[   722] loss=-0.8600 | res=1.63e-04 | grad=2.95e-01 | 1.1s
[   723] loss=-0.8324 | res=4.02e-04 | grad=1.90e-01 | 1.1s
[   724] loss=-0.8101 | res=1.23e-03 | grad=2.12e-01 | 1.1s
[   725] loss=-0.9408 | res=3.97e-04 | grad=6.76e-01 | 1.1s
[   726] loss=-0.8189 | res=2.20e-04 | grad=1.24e-01 | 1.1s
[   727] loss=-0.8846 | res=2.60e-04 | grad=3.73e-01 | 1.1s
[   728] loss=-0.7790 | res=4.42e-04 | grad=3.17e-01 | 1.1s
[   729] loss=-0.9055 | res=1.17e-08 | grad=1.75e-01 | 1.1s
[   730] loss=-0.7961 | res=1.47e-04 | grad=4.74e-01 | 1.1s
[   731] loss=-0.8438 | res=1.11e-04 | grad=5.18e-01 | 1.1s
[   732] loss=-0.9032 | res=1.93e-04 | grad=4.11e-01 | 1.1s
[   733] loss=-0.8518 | res=5.05e-05 | grad=2.74e-01 | 1.1s
[   734] loss=-0.8762 | res=5.33e-05 | grad=2.76e-01 | 1.1s
[   735] loss=-0.8496 | res=2.19e-04 | grad=1.08e-01 | 1.1s
[   736] loss=-0.8534 | res=4.55e-04 | grad=3.04e-01 | 1.1s
[   737] loss=-0.7042 | res=6.75e-04 | grad=5.58e-01 | 1.1s
[   738] loss=-0.8368 | res=2.35e-04 | grad=2.06e-01 | 1.1s
[   739] loss=-0.7581 | res=7.66e-04 | grad=4.65e-01 | 1.1s
[   740] loss=-0.8053 | res=5.01e-04 | grad=3.11e-01 | 1.1s
[   741] loss=-0.8672 | res=4.87e-04 | grad=3.55e-01 | 1.1s
[   742] loss=-0.7903 | res=6.13e-05 | grad=2.35e-01 | 1.1s
[   743] loss=-0.8795 | res=2.24e-04 | grad=4.66e-01 | 1.1s
[   744] loss=-0.7146 | res=5.17e-04 | grad=5.10e-01 | 1.1s
[   745] loss=-0.8306 | res=4.42e-04 | grad=4.07e-01 | 1.1s
[   746] loss=-0.9533 | res=6.60e-04 | grad=6.65e-01 | 1.1s
[   747] loss=-0.9577 | res=1.36e-04 | grad=7.57e-01 | 1.1s
[   748] loss=-0.7980 | res=2.45e-04 | grad=3.25e-01 | 1.1s
[   749] loss=-0.8882 | res=5.75e-04 | grad=1.96e-01 | 1.1s
[   750] loss=-0.7658 | res=5.99e-04 | grad=4.82e-01 | 1.1s
[   751] loss=-0.8711 | res=8.27e-04 | grad=4.05e-01 | 1.1s
[   752] loss=-0.7930 | res=7.59e-04 | grad=4.29e-01 | 1.1s
[   753] loss=-0.8000 | res=3.34e-04 | grad=6.34e-01 | 1.1s
[   754] loss=-0.8231 | res=2.83e-04 | grad=2.19e-01 | 1.1s
[   755] loss=-0.8296 | res=1.03e-03 | grad=1.20e-01 | 1.1s
[   756] loss=-0.8261 | res=1.83e-04 | grad=2.94e-01 | 1.1s
[   757] loss=-0.6995 | res=3.25e-04 | grad=5.47e-01 | 1.1s
[   758] loss=-0.8075 | res=6.15e-04 | grad=3.23e-01 | 1.1s
[   759] loss=-0.8497 | res=1.20e-04 | grad=4.46e-01 | 1.1s
[   760] loss=-0.8593 | res=1.28e-08 | grad=5.71e-01 | 1.1s
[   761] loss=-0.7763 | res=3.64e-04 | grad=1.88e-01 | 1.1s
[   762] loss=-0.8982 | res=3.18e-04 | grad=5.92e-01 | 1.1s
[   763] loss=-0.8511 | res=2.19e-04 | grad=4.66e-01 | 1.1s
[   764] loss=-0.8720 | res=1.51e-04 | grad=2.83e-01 | 1.1s
[   765] loss=-0.7754 | res=2.68e-04 | grad=1.99e-01 | 1.1s
[   766] loss=-0.7665 | res=1.57e-04 | grad=2.68e-01 | 1.1s
[   767] loss=-0.8229 | res=4.67e-04 | grad=1.42e-01 | 1.1s
[   768] loss=-0.8980 | res=4.05e-04 | grad=2.69e-01 | 1.1s
[   769] loss=-0.8146 | res=5.30e-04 | grad=3.22e-01 | 1.1s
[   770] loss=-0.8061 | res=2.33e-04 | grad=2.09e-01 | 1.1s
[   771] loss=-0.8215 | res=2.74e-04 | grad=2.71e-01 | 1.0s
[   772] loss=-0.8303 | res=6.77e-05 | grad=2.43e-01 | 1.1s
[   773] loss=-0.8309 | res=2.59e-04 | grad=1.55e-01 | 1.1s
[   774] loss=-0.8296 | res=5.08e-04 | grad=2.73e-01 | 1.1s
[   775] loss=-0.8763 | res=7.83e-09 | grad=2.72e-01 | 1.1s
[   776] loss=-0.8508 | res=3.72e-04 | grad=3.42e-01 | 1.1s
[   777] loss=-0.8591 | res=2.02e-04 | grad=2.16e-01 | 1.1s
[   778] loss=-0.8245 | res=4.38e-04 | grad=3.67e-01 | 1.1s
[   779] loss=-0.8367 | res=1.25e-04 | grad=3.15e-01 | 1.1s
[   780] loss=-0.8806 | res=8.49e-04 | grad=1.76e-01 | 1.1s
[   781] loss=-0.8082 | res=1.98e-04 | grad=2.20e-01 | 1.1s
[   782] loss=-0.7725 | res=2.66e-04 | grad=2.65e-01 | 1.1s
[   783] loss=-0.7685 | res=5.92e-04 | grad=1.92e-01 | 1.1s
[   784] loss=-0.6453 | res=1.21e-04 | grad=6.75e-01 | 1.1s
[   785] loss=-0.8446 | res=1.05e-04 | grad=3.31e-01 | 1.1s
[   786] loss=-0.8448 | res=2.85e-04 | grad=6.80e-01 | 1.1s
[   787] loss=-0.9645 | res=9.30e-05 | grad=9.35e-01 | 1.1s
[   788] loss=-0.8703 | res=4.13e-04 | grad=5.47e-01 | 1.1s
[   789] loss=-0.8080 | res=1.01e-04 | grad=1.63e-01 | 1.1s
[   790] loss=-0.8043 | res=1.79e-04 | grad=2.93e-01 | 1.1s
[   791] loss=-0.7887 | res=3.94e-04 | grad=2.73e-01 | 1.1s
[   792] loss=-0.8767 | res=1.81e-04 | grad=1.55e-01 | 1.1s
[   793] loss=-0.7936 | res=3.23e-04 | grad=2.68e-01 | 1.1s
[   794] loss=-0.8355 | res=2.78e-04 | grad=2.96e-01 | 1.1s
[   795] loss=-0.7668 | res=5.27e-04 | grad=4.75e-01 | 1.1s
[   796] loss=-0.8427 | res=4.41e-04 | grad=2.02e-01 | 1.1s
[   797] loss=-0.8920 | res=2.26e-04 | grad=2.19e-01 | 1.1s
[   798] loss=-0.8059 | res=3.49e-04 | grad=4.58e-01 | 1.1s
[   799] loss=-0.8474 | res=6.32e-04 | grad=2.57e-01 | 1.1s
[   800] loss=-0.7891 | res=1.19e-04 | grad=2.06e-01 | 1.1s
[   801] loss=-0.7176 | res=2.35e-04 | grad=3.85e-01 | 1.1s
[   802] loss=-0.8868 | res=7.62e-05 | grad=7.13e-01 | 1.1s
[   803] loss=-0.9316 | res=3.26e-04 | grad=5.88e-01 | 1.1s
[   804] loss=-0.9449 | res=2.98e-04 | grad=7.20e-01 | 1.1s
[   805] loss=-0.8163 | res=4.39e-04 | grad=4.32e-01 | 1.1s
[   806] loss=-0.7672 | res=4.04e-04 | grad=3.31e-01 | 1.1s
[   807] loss=-0.8910 | res=1.86e-04 | grad=4.22e-01 | 1.1s
[   808] loss=-0.8507 | res=4.38e-04 | grad=1.13e-01 | 1.1s
[   809] loss=-0.9052 | res=1.83e-04 | grad=2.46e-01 | 1.1s
[   810] loss=-0.8975 | res=8.56e-04 | grad=2.13e-01 | 1.1s
[   811] loss=-0.8356 | res=1.32e-04 | grad=5.21e-01 | 1.1s
[   812] loss=-0.8384 | res=4.84e-04 | grad=2.99e-01 | 1.1s
[   813] loss=-0.7783 | res=1.54e-04 | grad=5.55e-01 | 1.1s
[   814] loss=-0.9076 | res=6.60e-04 | grad=2.59e-01 | 1.1s
[   815] loss=-0.8194 | res=5.39e-04 | grad=1.65e-01 | 1.1s
[   816] loss=-0.7582 | res=2.29e-04 | grad=5.22e-01 | 1.1s
[   817] loss=-0.8633 | res=5.84e-04 | grad=1.24e-01 | 1.1s
[   818] loss=-0.8972 | res=5.99e-04 | grad=4.55e-01 | 1.1s
[   819] loss=-0.8287 | res=1.50e-04 | grad=3.03e-01 | 1.1s
[   820] loss=-0.9339 | res=6.23e-05 | grad=5.56e-01 | 1.1s
[   821] loss=-0.8065 | res=3.61e-04 | grad=2.27e-01 | 1.1s
[   822] loss=-0.8952 | res=6.14e-04 | grad=3.19e-01 | 1.1s
[   823] loss=-0.8385 | res=7.09e-04 | grad=2.62e-01 | 1.1s
[   824] loss=-0.7698 | res=9.23e-05 | grad=3.35e-01 | 1.1s
[   825] loss=-0.7621 | res=4.69e-04 | grad=5.08e-01 | 1.1s
[   826] loss=-0.8557 | res=2.85e-04 | grad=2.74e-01 | 1.1s
[   827] loss=-0.7902 | res=5.73e-04 | grad=4.32e-01 | 1.1s
[   828] loss=-0.8993 | res=4.98e-04 | grad=1.27e-01 | 1.1s
[   829] loss=-0.7960 | res=4.98e-04 | grad=1.86e-01 | 1.1s
[   830] loss=-0.7658 | res=3.08e-04 | grad=2.64e-01 | 1.1s
[   831] loss=-0.9329 | res=1.81e-04 | grad=5.36e-01 | 1.1s
[   832] loss=-0.8077 | res=6.64e-04 | grad=2.75e-01 | 1.1s
[   833] loss=-0.8089 | res=3.56e-04 | grad=1.36e-01 | 1.1s
[   834] loss=-0.7872 | res=3.90e-04 | grad=3.24e-01 | 1.1s
[   835] loss=-0.8954 | res=3.31e-04 | grad=4.65e-01 | 1.1s
[   836] loss=-0.8379 | res=3.74e-04 | grad=2.25e-01 | 1.1s
[   837] loss=-0.7613 | res=2.92e-04 | grad=4.33e-01 | 1.1s
[   838] loss=-0.8042 | res=4.24e-04 | grad=1.69e-01 | 1.1s
[   839] loss=-0.7651 | res=5.45e-05 | grad=4.94e-01 | 1.1s
[   840] loss=-0.8043 | res=8.60e-09 | grad=2.27e-01 | 1.1s
[   841] loss=-0.8567 | res=3.96e-04 | grad=2.97e-01 | 1.1s
[   842] loss=-0.8228 | res=7.54e-04 | grad=2.20e-01 | 1.1s
[   843] loss=-0.8079 | res=2.43e-04 | grad=1.67e-01 | 1.1s
[   844] loss=-0.7873 | res=5.12e-04 | grad=3.37e-01 | 1.1s
[   845] loss=-0.7928 | res=2.02e-04 | grad=2.05e-01 | 1.1s
[   846] loss=-0.8509 | res=8.07e-05 | grad=2.21e-01 | 1.1s
[   847] loss=-0.8350 | res=2.00e-04 | grad=1.87e-01 | 1.1s
[   848] loss=-0.8533 | res=1.55e-04 | grad=2.74e-01 | 1.1s
[   849] loss=-0.9088 | res=2.73e-04 | grad=5.16e-01 | 1.1s
[   850] loss=-0.8148 | res=2.52e-04 | grad=1.96e-01 | 1.1s
[   851] loss=-0.8993 | res=4.38e-04 | grad=1.11e-01 | 1.1s
[   852] loss=-0.8143 | res=1.97e-04 | grad=2.53e-01 | 1.1s
[   853] loss=-0.9848 | res=4.04e-04 | grad=5.65e-01 | 1.1s
[   854] loss=-0.8304 | res=3.93e-04 | grad=2.73e-01 | 1.0s
[   855] loss=-0.9600 | res=4.74e-04 | grad=4.59e-01 | 1.1s
[   856] loss=-0.9070 | res=5.45e-05 | grad=4.11e-01 | 1.1s
[   857] loss=-0.9478 | res=6.00e-05 | grad=2.80e-01 | 1.1s
[   858] loss=-0.8696 | res=5.02e-04 | grad=3.88e-01 | 1.1s
[   859] loss=-0.7401 | res=3.61e-04 | grad=6.76e-01 | 1.1s
[   860] loss=-0.8540 | res=3.15e-04 | grad=2.88e-01 | 1.1s
[   861] loss=-0.8486 | res=2.92e-09 | grad=4.27e-01 | 1.1s
[   862] loss=-0.8196 | res=4.93e-04 | grad=5.20e-01 | 1.1s
[   863] loss=-0.9118 | res=4.49e-04 | grad=3.22e-01 | 1.1s
[   864] loss=-0.7833 | res=6.00e-04 | grad=2.77e-01 | 1.1s
[   865] loss=-0.8644 | res=3.09e-04 | grad=3.46e-01 | 1.1s
[   866] loss=-0.8640 | res=2.51e-04 | grad=5.39e-01 | 1.1s
[   867] loss=-0.8348 | res=9.10e-04 | grad=4.54e-01 | 1.1s
[   868] loss=-0.8453 | res=4.12e-04 | grad=3.84e-01 | 1.1s
[   869] loss=-0.7747 | res=2.33e-04 | grad=4.86e-01 | 1.1s
[   870] loss=-0.7550 | res=2.87e-04 | grad=3.97e-01 | 1.1s
[   871] loss=-0.8377 | res=1.51e-04 | grad=2.93e-01 | 1.1s
[   872] loss=-0.9615 | res=4.22e-04 | grad=6.08e-01 | 1.1s
[   873] loss=-0.9163 | res=2.27e-04 | grad=1.56e-01 | 1.1s
[   874] loss=-0.8884 | res=6.38e-04 | grad=2.89e-01 | 1.1s
[   875] loss=-0.8003 | res=5.02e-05 | grad=6.22e-01 | 1.1s
[   876] loss=-0.8033 | res=2.08e-04 | grad=2.91e-01 | 1.1s
[   877] loss=-0.9058 | res=3.87e-04 | grad=2.00e-01 | 1.1s
[   878] loss=-0.8028 | res=3.75e-04 | grad=3.33e-01 | 1.1s
[   879] loss=-0.7744 | res=1.68e-04 | grad=4.82e-01 | 1.1s
[   880] loss=-0.8506 | res=5.53e-04 | grad=3.77e-01 | 1.1s
[   881] loss=-0.8072 | res=5.94e-04 | grad=3.81e-01 | 1.1s
[   882] loss=-0.8153 | res=9.89e-05 | grad=2.45e-01 | 1.1s
[   883] loss=-0.7970 | res=9.17e-05 | grad=2.31e-01 | 1.1s
[   884] loss=-0.9154 | res=9.24e-05 | grad=6.19e-01 | 1.1s
[   885] loss=-0.9475 | res=2.75e-04 | grad=4.18e-01 | 1.1s
[   886] loss=-0.8237 | res=3.34e-04 | grad=1.82e-01 | 1.1s
[   887] loss=-0.8055 | res=2.95e-04 | grad=2.02e-01 | 1.1s
[   888] loss=-0.9053 | res=1.73e-04 | grad=5.54e-01 | 1.1s
[   889] loss=-0.7632 | res=3.42e-04 | grad=4.20e-01 | 1.1s
[   890] loss=-0.7736 | res=2.25e-04 | grad=4.77e-01 | 1.1s
[   891] loss=-0.9228 | res=8.55e-05 | grad=2.98e-01 | 1.1s
[   892] loss=-0.9041 | res=1.21e-04 | grad=2.80e-01 | 1.1s
[   893] loss=-0.8786 | res=7.57e-04 | grad=3.27e-01 | 1.1s
[   894] loss=-0.7689 | res=4.88e-04 | grad=3.67e-01 | 1.1s
[   895] loss=-0.9261 | res=1.58e-04 | grad=2.90e-01 | 1.1s
[   896] loss=-0.8215 | res=1.49e-04 | grad=4.13e-01 | 1.1s
[   897] loss=-0.9110 | res=1.60e-04 | grad=4.68e-01 | 1.1s
[   898] loss=-0.8584 | res=1.54e-04 | grad=1.47e-01 | 1.1s
[   899] loss=-0.7670 | res=2.79e-04 | grad=5.32e-01 | 1.1s
[   900] loss=-0.9336 | res=4.84e-04 | grad=3.43e-01 | 1.1s
[   901] loss=-0.7948 | res=5.40e-04 | grad=2.63e-01 | 1.1s
[   902] loss=-0.9018 | res=6.69e-04 | grad=1.23e-01 | 1.1s
[   903] loss=-0.7891 | res=6.99e-04 | grad=4.12e-01 | 1.1s
[   904] loss=-0.8280 | res=3.36e-04 | grad=1.22e-01 | 1.1s
[   905] loss=-0.8454 | res=4.14e-04 | grad=3.23e-01 | 1.1s
[   906] loss=-0.8660 | res=5.47e-04 | grad=1.67e-01 | 1.1s
[   907] loss=-0.8216 | res=2.33e-04 | grad=2.58e-01 | 1.1s
[   908] loss=-0.9143 | res=1.62e-04 | grad=4.97e-01 | 1.1s
[   909] loss=-0.7909 | res=3.05e-04 | grad=3.22e-01 | 1.1s
[   910] loss=-0.8900 | res=4.06e-04 | grad=3.66e-01 | 1.1s
[   911] loss=-0.8538 | res=1.97e-04 | grad=1.79e-01 | 1.1s
[   912] loss=-0.7815 | res=3.62e-04 | grad=2.19e-01 | 1.1s
[   913] loss=-0.9508 | res=1.31e-04 | grad=3.56e-01 | 1.1s
[   914] loss=-0.7443 | res=4.74e-04 | grad=3.56e-01 | 1.1s
[   915] loss=-0.9074 | res=4.89e-04 | grad=1.11e-01 | 1.1s
[   916] loss=-0.7693 | res=1.43e-04 | grad=4.74e-01 | 1.1s
[   917] loss=-0.8710 | res=5.35e-04 | grad=2.30e-01 | 1.1s
[   918] loss=-0.7313 | res=6.53e-04 | grad=5.15e-01 | 1.1s
[   919] loss=-0.8105 | res=3.12e-04 | grad=2.36e-01 | 1.1s
[   920] loss=-0.8510 | res=2.73e-04 | grad=2.09e-01 | 1.1s
[   921] loss=-0.8204 | res=4.92e-04 | grad=2.21e-01 | 1.1s
[   922] loss=-0.9058 | res=2.12e-04 | grad=3.24e-01 | 1.1s
[   923] loss=-0.9263 | res=2.56e-04 | grad=6.00e-01 | 1.1s
[   924] loss=-0.8618 | res=1.68e-04 | grad=1.89e-01 | 1.1s
[   925] loss=-0.8352 | res=4.97e-04 | grad=2.61e-01 | 1.1s
[   926] loss=-0.7817 | res=7.69e-04 | grad=3.49e-01 | 1.1s
[   927] loss=-0.7651 | res=7.04e-04 | grad=3.22e-01 | 1.1s
[   928] loss=-0.7257 | res=7.04e-05 | grad=6.70e-01 | 1.1s
[   929] loss=-0.8768 | res=2.94e-04 | grad=3.32e-01 | 1.1s
[   930] loss=-0.8302 | res=5.42e-04 | grad=3.78e-01 | 1.1s
[   931] loss=-0.8360 | res=9.96e-05 | grad=4.63e-01 | 1.1s
[   932] loss=-0.7840 | res=4.64e-04 | grad=3.59e-01 | 1.1s
[   933] loss=-0.8698 | res=1.09e-04 | grad=2.86e-01 | 1.1s
[   934] loss=-0.8715 | res=1.08e-04 | grad=2.06e-01 | 1.1s
[   935] loss=-0.8399 | res=1.22e-04 | grad=3.26e-01 | 1.1s
[   936] loss=-0.7500 | res=2.10e-04 | grad=2.00e-01 | 1.1s
[   937] loss=-0.8531 | res=6.93e-09 | grad=3.05e-01 | 1.1s
[   938] loss=-0.7360 | res=6.66e-05 | grad=4.91e-01 | 1.1s
[   939] loss=-0.8655 | res=2.74e-04 | grad=2.25e-01 | 1.1s
[   940] loss=-0.7503 | res=3.20e-04 | grad=4.96e-01 | 1.1s
[   941] loss=-0.7403 | res=4.56e-04 | grad=4.19e-01 | 1.1s
[   942] loss=-0.8457 | res=3.29e-04 | grad=3.00e-01 | 1.1s
[   943] loss=-0.8341 | res=1.46e-04 | grad=2.46e-01 | 1.1s
[   944] loss=-0.8737 | res=4.02e-04 | grad=3.95e-01 | 1.1s
[   945] loss=-0.8652 | res=4.89e-04 | grad=4.13e-01 | 1.1s
[   946] loss=-0.7560 | res=1.34e-04 | grad=3.86e-01 | 1.1s
[   947] loss=-0.8597 | res=3.16e-04 | grad=3.29e-01 | 1.1s
[   948] loss=-0.8334 | res=5.87e-04 | grad=1.66e-01 | 1.1s
[   949] loss=-0.8472 | res=4.52e-04 | grad=2.86e-01 | 1.1s
[   950] loss=-0.8191 | res=1.14e-04 | grad=2.92e-01 | 1.1s
[   951] loss=-0.8078 | res=3.37e-04 | grad=1.77e-01 | 1.1s
[   952] loss=-0.8787 | res=2.63e-04 | grad=1.82e-01 | 1.1s
[   953] loss=-0.8305 | res=3.63e-04 | grad=2.62e-01 | 1.1s
[   954] loss=-0.8332 | res=6.49e-04 | grad=3.78e-01 | 1.1s
[   955] loss=-0.8406 | res=1.21e-04 | grad=2.89e-01 | 1.1s
[   956] loss=-0.8510 | res=1.30e-04 | grad=1.31e-01 | 1.1s
[   957] loss=-0.7636 | res=1.13e-04 | grad=5.87e-01 | 1.1s
[   958] loss=-0.8405 | res=1.26e-04 | grad=1.51e-01 | 1.1s
[   959] loss=-0.8726 | res=1.74e-04 | grad=3.05e-01 | 1.1s
[   960] loss=-0.8439 | res=1.67e-04 | grad=2.34e-01 | 1.1s
[   961] loss=-0.8024 | res=1.77e-04 | grad=2.56e-01 | 1.1s
[   962] loss=-0.8303 | res=3.13e-04 | grad=3.69e-01 | 1.1s
[   963] loss=-0.9108 | res=2.21e-04 | grad=3.57e-01 | 1.1s
[   964] loss=-0.6930 | res=5.64e-04 | grad=5.76e-01 | 1.1s
[   965] loss=-0.8181 | res=4.80e-04 | grad=3.14e-01 | 1.1s
[   966] loss=-0.8029 | res=4.89e-04 | grad=2.56e-01 | 1.1s
[   967] loss=-0.8903 | res=3.33e-04 | grad=2.16e-01 | 1.1s
[   968] loss=-0.8431 | res=4.23e-04 | grad=1.99e-01 | 1.1s
[   969] loss=-0.8779 | res=2.52e-08 | grad=1.18e-01 | 1.1s
[   970] loss=-0.8747 | res=3.09e-09 | grad=2.55e-01 | 1.1s
[   971] loss=-0.8164 | res=1.22e-04 | grad=2.30e-01 | 1.1s
[   972] loss=-0.8480 | res=6.45e-04 | grad=8.36e-02 | 1.1s
[   973] loss=-0.8937 | res=6.21e-04 | grad=2.19e-01 | 1.1s
[   974] loss=-0.7694 | res=7.08e-04 | grad=4.71e-01 | 1.1s
[   975] loss=-0.9025 | res=2.65e-04 | grad=2.81e-01 | 1.1s
[   976] loss=-0.7951 | res=3.17e-04 | grad=2.19e-01 | 1.1s
[   977] loss=-0.7624 | res=3.49e-04 | grad=3.50e-01 | 1.1s
[   978] loss=-0.7738 | res=2.16e-04 | grad=2.00e-01 | 1.1s
[   979] loss=-0.7272 | res=7.12e-09 | grad=5.12e-01 | 1.1s
[   980] loss=-0.8610 | res=2.95e-04 | grad=3.26e-01 | 1.1s
[   981] loss=-0.8113 | res=4.45e-04 | grad=1.65e-01 | 1.1s
[   982] loss=-0.8695 | res=1.39e-08 | grad=3.12e-01 | 1.1s
[   983] loss=-0.8595 | res=7.82e-05 | grad=3.74e-01 | 1.1s
[   984] loss=-0.8493 | res=3.78e-04 | grad=5.26e-01 | 1.1s
[   985] loss=-0.8467 | res=1.75e-04 | grad=3.30e-01 | 1.1s
[   986] loss=-0.8756 | res=3.40e-04 | grad=2.66e-01 | 1.1s
[   987] loss=-0.8026 | res=1.19e-09 | grad=3.22e-01 | 1.1s
[   988] loss=-0.7615 | res=1.80e-04 | grad=3.72e-01 | 1.1s
[   989] loss=-0.7488 | res=1.87e-04 | grad=6.06e-01 | 1.1s
[   990] loss=-0.8887 | res=4.23e-04 | grad=2.43e-01 | 1.1s
[   991] loss=-0.8175 | res=1.28e-04 | grad=1.83e-01 | 1.1s
[   992] loss=-0.8285 | res=5.44e-04 | grad=1.88e-01 | 1.1s
[   993] loss=-0.9043 | res=3.00e-05 | grad=4.90e-01 | 1.1s
[   994] loss=-0.7403 | res=4.29e-04 | grad=3.26e-01 | 1.1s
[   995] loss=-0.8709 | res=2.63e-04 | grad=4.89e-01 | 1.1s
[   996] loss=-0.8074 | res=2.87e-04 | grad=1.94e-01 | 1.1s
[   997] loss=-0.8657 | res=1.78e-04 | grad=6.41e-01 | 1.1s
[   998] loss=-0.7934 | res=4.88e-04 | grad=2.64e-01 | 1.0s
[   999] loss=-0.7877 | res=2.96e-04 | grad=3.18e-01 | 1.1s
[  1000] loss=-0.7377 | res=5.95e-05 | grad=4.07e-01 | 1.1s
    KL = 0.0546
    ESS ratio = 0.941
    Runtime = 1108.0s

  [Ours Summary for S2]
    KL = 0.0443 ± 0.0024
    ESS = 0.948 ± 0.004
    Runtime = 1096.7 ± 5.2s

[RCPM gamma=1.0] Running 5 independent training runs...

  --- Run 1/5 (seed=12345) ---
    [ 5000] loss = 0.0038
    KL = 0.0070
    ESS ratio = 0.996
    Runtime = 39.2s

  --- Run 2/5 (seed=23456) ---
    [ 5000] loss = 0.0022
    KL = 0.0026
    ESS ratio = 0.996
    Runtime = 36.8s

  --- Run 3/5 (seed=34567) ---
    [ 5000] loss = 0.0035
    KL = 0.0022
    ESS ratio = 0.998
    Runtime = 38.6s

  --- Run 4/5 (seed=45678) ---
    [ 5000] loss = -0.0048
    KL = 0.0018
    ESS ratio = 0.997
    Runtime = 38.9s

  --- Run 5/5 (seed=56789) ---
    [ 5000] loss = 0.0004
    KL = 0.0051
    ESS ratio = 0.995
    Runtime = 40.0s

  [RCPM Summary for S2]
    KL = 0.0037 ± 0.0009
    ESS = 0.996 ± 0.000
    Runtime = 38.7 ± 0.5s

======================================================================
MANIFOLD: T2
======================================================================

[Ours] Running 5 independent training runs...

  --- Run 1/5 (seed=12345) ---
[     1] loss=-0.0340 | res=2.75e-03 | grad=6.29e+00 | 6.8s
[     2] loss=-0.1719 | res=3.15e-03 | grad=6.24e+00 | 1.1s
[     3] loss=-0.2972 | res=3.43e-03 | grad=6.33e+00 | 1.1s
[     4] loss=-0.4443 | res=4.01e-03 | grad=6.74e+00 | 1.1s
[     5] loss=-0.5846 | res=3.72e-03 | grad=7.07e+00 | 1.1s
[     6] loss=-0.7456 | res=4.74e-03 | grad=7.39e+00 | 1.1s
[     7] loss=-0.9261 | res=6.10e-03 | grad=7.83e+00 | 1.1s
[     8] loss=-1.0040 | res=5.62e-03 | grad=7.04e+00 | 1.0s
[     9] loss=-1.2160 | res=8.94e-03 | grad=7.59e+00 | 1.1s
[    10] loss=-1.3193 | res=5.76e-03 | grad=6.71e+00 | 1.0s
[    11] loss=-1.5773 | res=6.14e-03 | grad=6.64e+00 | 1.1s
[    12] loss=-1.5551 | res=4.93e-03 | grad=5.27e+00 | 1.0s
[    13] loss=-1.6733 | res=3.70e-03 | grad=4.76e+00 | 1.1s
[    14] loss=-1.7340 | res=6.09e-03 | grad=4.31e+00 | 1.1s
[    15] loss=-1.7368 | res=5.07e-03 | grad=3.78e+00 | 1.1s
[    16] loss=-1.9147 | res=5.09e-03 | grad=3.46e+00 | 1.1s
[    17] loss=-1.8701 | res=5.07e-03 | grad=3.01e+00 | 1.1s
[    18] loss=-1.9002 | res=7.12e-03 | grad=2.48e+00 | 1.0s
[    19] loss=-2.1286 | res=5.06e-03 | grad=2.27e+00 | 1.1s
[    20] loss=-2.1586 | res=7.40e-03 | grad=2.02e+00 | 1.1s
[    21] loss=-2.2572 | res=8.55e-03 | grad=1.72e+00 | 1.1s
[    22] loss=-2.2639 | res=9.75e-03 | grad=1.13e+00 | 1.1s
[    23] loss=-2.2474 | res=1.05e-02 | grad=8.59e-01 | 1.0s
[    24] loss=-2.3554 | res=9.10e-03 | grad=7.52e-01 | 1.1s
[    25] loss=-2.2695 | res=1.31e-02 | grad=3.69e-01 | 1.1s
[    26] loss=-2.1775 | res=1.65e-02 | grad=4.66e-01 | 1.1s
[    27] loss=-2.2593 | res=1.43e-02 | grad=6.98e-01 | 1.0s
[    28] loss=-2.2847 | res=1.44e-02 | grad=7.09e-01 | 1.1s
[    29] loss=-2.0812 | res=1.81e-02 | grad=8.62e-01 | 1.1s
[    30] loss=-2.0762 | res=1.63e-02 | grad=1.28e+00 | 1.1s
[    31] loss=-2.2663 | res=2.16e-02 | grad=9.02e-01 | 1.1s
[    32] loss=-2.3912 | res=2.29e-02 | grad=9.76e-01 | 1.1s
[    33] loss=-2.2040 | res=2.39e-02 | grad=9.78e-01 | 1.1s
[    34] loss=-2.4785 | res=2.52e-02 | grad=1.01e+00 | 1.1s
[    35] loss=-2.1880 | res=2.39e-02 | grad=1.08e+00 | 1.1s
[    36] loss=-1.9739 | res=2.55e-02 | grad=1.26e+00 | 1.1s
[    37] loss=-2.3475 | res=2.60e-02 | grad=5.27e-01 | 1.1s
[    38] loss=-2.2384 | res=2.55e-02 | grad=9.88e-01 | 1.1s
[    39] loss=-2.4373 | res=2.97e-02 | grad=1.10e+00 | 1.1s
[    40] loss=-2.2547 | res=2.22e-02 | grad=8.14e-01 | 1.1s
[    41] loss=-2.2564 | res=2.15e-02 | grad=1.24e+00 | 1.1s
[    42] loss=-2.2476 | res=2.39e-02 | grad=8.37e-01 | 1.0s
[    43] loss=-2.2750 | res=2.42e-02 | grad=1.09e+00 | 1.1s
[    44] loss=-2.2237 | res=2.65e-02 | grad=1.32e+00 | 1.1s
[    45] loss=-2.1345 | res=2.57e-02 | grad=8.83e-01 | 1.0s
[    46] loss=-2.4120 | res=2.28e-02 | grad=1.11e+00 | 1.0s
[    47] loss=-2.2764 | res=2.36e-02 | grad=3.81e-01 | 1.0s
[    48] loss=-2.3004 | res=3.09e-02 | grad=6.02e-01 | 1.1s
[    49] loss=-2.2948 | res=2.64e-02 | grad=3.08e-01 | 1.1s
[    50] loss=-2.2328 | res=1.83e-02 | grad=5.35e-01 | 1.1s
[    51] loss=-2.2926 | res=2.33e-02 | grad=1.16e+00 | 1.0s
[    52] loss=-2.3025 | res=2.78e-02 | grad=1.33e+00 | 1.0s
[    53] loss=-2.3121 | res=2.80e-02 | grad=8.38e-01 | 1.1s
[    54] loss=-2.4285 | res=2.70e-02 | grad=1.61e+00 | 1.1s
[    55] loss=-2.4022 | res=2.95e-02 | grad=4.24e-01 | 1.1s
[    56] loss=-2.3722 | res=2.54e-02 | grad=6.48e-01 | 1.1s
[    57] loss=-2.1575 | res=2.52e-02 | grad=3.58e-01 | 1.1s
[    58] loss=-2.0636 | res=1.90e-02 | grad=1.71e+00 | 1.0s
[    59] loss=-2.1343 | res=2.48e-02 | grad=1.40e+00 | 1.1s
[    60] loss=-2.2822 | res=2.04e-02 | grad=1.22e+00 | 1.1s
[    61] loss=-2.0965 | res=2.10e-02 | grad=1.04e+00 | 1.1s
[    62] loss=-2.1810 | res=2.95e-02 | grad=3.32e-01 | 1.1s
[    63] loss=-2.4243 | res=2.48e-02 | grad=3.86e-01 | 1.0s
[    64] loss=-2.3685 | res=2.48e-02 | grad=9.35e-01 | 1.1s
[    65] loss=-2.0786 | res=1.77e-02 | grad=9.92e-01 | 1.1s
[    66] loss=-2.2719 | res=2.44e-02 | grad=1.67e+00 | 1.1s
[    67] loss=-2.3148 | res=2.25e-02 | grad=8.98e-01 | 1.1s
[    68] loss=-2.3833 | res=2.31e-02 | grad=6.73e-01 | 1.1s
[    69] loss=-2.4369 | res=2.01e-02 | grad=9.69e-01 | 1.1s
[    70] loss=-2.3884 | res=2.74e-02 | grad=4.34e-01 | 1.0s
[    71] loss=-2.3150 | res=2.43e-02 | grad=5.89e-01 | 1.0s
[    72] loss=-2.2750 | res=2.36e-02 | grad=1.22e+00 | 1.1s
[    73] loss=-2.4558 | res=2.50e-02 | grad=8.66e-01 | 1.0s
[    74] loss=-2.5431 | res=1.81e-02 | grad=1.00e+00 | 1.1s
[    75] loss=-2.1726 | res=1.89e-02 | grad=3.36e-01 | 1.1s
[    76] loss=-2.4065 | res=1.99e-02 | grad=5.59e-01 | 1.1s
[    77] loss=-2.3261 | res=2.40e-02 | grad=1.94e-01 | 1.1s
[    78] loss=-2.1825 | res=2.51e-02 | grad=6.65e-01 | 1.1s
[    79] loss=-2.2446 | res=2.14e-02 | grad=4.81e-01 | 1.1s
[    80] loss=-2.0818 | res=2.31e-02 | grad=1.01e+00 | 1.1s
[    81] loss=-2.2242 | res=2.63e-02 | grad=5.34e-01 | 1.1s
[    82] loss=-2.4619 | res=2.87e-02 | grad=8.38e-01 | 1.1s
[    83] loss=-2.0250 | res=3.06e-02 | grad=8.17e-01 | 1.1s
[    84] loss=-2.3678 | res=2.90e-02 | grad=1.20e+00 | 1.0s
[    85] loss=-2.4913 | res=2.29e-02 | grad=9.50e-01 | 1.1s
[    86] loss=-2.2970 | res=2.38e-02 | grad=3.92e-01 | 1.1s
[    87] loss=-2.2626 | res=2.54e-02 | grad=5.23e-01 | 1.1s
[    88] loss=-2.3484 | res=2.52e-02 | grad=4.43e-01 | 1.1s
[    89] loss=-2.2783 | res=2.09e-02 | grad=1.23e-01 | 1.1s
[    90] loss=-2.2220 | res=2.81e-02 | grad=3.18e-01 | 1.1s
[    91] loss=-2.2971 | res=3.16e-02 | grad=2.44e-01 | 1.1s
[    92] loss=-2.4862 | res=2.06e-02 | grad=4.45e-01 | 1.1s
[    93] loss=-2.1327 | res=2.15e-02 | grad=5.09e-01 | 1.1s
[    94] loss=-2.5510 | res=2.14e-02 | grad=6.41e-01 | 1.1s
[    95] loss=-2.2220 | res=2.85e-02 | grad=3.76e-01 | 1.0s
[    96] loss=-2.1330 | res=2.84e-02 | grad=6.14e-01 | 1.1s
[    97] loss=-2.5150 | res=2.56e-02 | grad=6.59e-01 | 1.0s
[    98] loss=-2.4439 | res=2.76e-02 | grad=3.33e-01 | 1.0s
[    99] loss=-2.1516 | res=2.32e-02 | grad=1.19e+00 | 1.0s
[   100] loss=-2.4331 | res=2.42e-02 | grad=2.44e-01 | 1.1s
[   101] loss=-2.3027 | res=2.54e-02 | grad=2.01e-01 | 1.1s
[   102] loss=-2.2705 | res=2.30e-02 | grad=8.74e-01 | 1.1s
[   103] loss=-2.3963 | res=2.54e-02 | grad=4.88e-01 | 1.1s
[   104] loss=-2.2667 | res=2.55e-02 | grad=3.85e-01 | 1.1s
[   105] loss=-2.4178 | res=2.66e-02 | grad=8.24e-01 | 1.1s
[   106] loss=-2.2789 | res=1.65e-02 | grad=5.22e-01 | 1.1s
[   107] loss=-2.2043 | res=3.26e-02 | grad=7.36e-01 | 1.1s
[   108] loss=-2.3382 | res=2.20e-02 | grad=5.05e-01 | 1.0s
[   109] loss=-2.3352 | res=2.95e-02 | grad=4.67e-01 | 1.1s
[   110] loss=-2.2063 | res=2.75e-02 | grad=5.06e-01 | 1.0s
[   111] loss=-2.2353 | res=3.17e-02 | grad=6.36e-01 | 1.1s
[   112] loss=-2.3205 | res=2.41e-02 | grad=9.39e-01 | 1.1s
[   113] loss=-2.2229 | res=2.35e-02 | grad=7.62e-01 | 1.0s
[   114] loss=-2.3375 | res=2.80e-02 | grad=8.54e-01 | 1.0s
[   115] loss=-2.4650 | res=2.79e-02 | grad=5.71e-01 | 1.1s
[   116] loss=-2.2363 | res=2.43e-02 | grad=1.96e-01 | 1.0s
[   117] loss=-2.2468 | res=2.78e-02 | grad=8.07e-01 | 1.1s
[   118] loss=-2.3405 | res=2.08e-02 | grad=3.58e-01 | 1.1s
[   119] loss=-2.3671 | res=2.29e-02 | grad=9.10e-01 | 1.0s
[   120] loss=-2.0509 | res=2.88e-02 | grad=6.60e-01 | 1.0s
[   121] loss=-2.4383 | res=2.91e-02 | grad=5.22e-01 | 1.1s
[   122] loss=-1.9142 | res=2.65e-02 | grad=6.17e-01 | 1.1s
[   123] loss=-2.4239 | res=2.62e-02 | grad=4.73e-01 | 1.0s
[   124] loss=-2.2097 | res=2.95e-02 | grad=1.14e+00 | 1.1s
[   125] loss=-2.4143 | res=2.69e-02 | grad=7.42e-01 | 1.1s
[   126] loss=-2.2201 | res=2.83e-02 | grad=8.16e-01 | 1.0s
[   127] loss=-2.5804 | res=1.82e-02 | grad=8.70e-01 | 1.0s
[   128] loss=-2.5962 | res=2.57e-02 | grad=6.20e-01 | 1.1s
[   129] loss=-2.4045 | res=2.64e-02 | grad=3.39e-01 | 1.1s
[   130] loss=-2.4781 | res=2.12e-02 | grad=6.45e-01 | 1.1s
[   131] loss=-2.2989 | res=2.39e-02 | grad=5.66e-01 | 1.1s
[   132] loss=-2.4380 | res=2.68e-02 | grad=3.78e-01 | 1.1s
[   133] loss=-2.3976 | res=3.11e-02 | grad=4.57e-01 | 1.1s
[   134] loss=-2.3244 | res=2.56e-02 | grad=4.79e-01 | 1.1s
[   135] loss=-2.3669 | res=2.48e-02 | grad=4.78e-01 | 1.1s
[   136] loss=-2.6888 | res=2.59e-02 | grad=7.97e-01 | 1.1s
[   137] loss=-2.2485 | res=3.07e-02 | grad=7.80e-01 | 1.0s
[   138] loss=-2.2328 | res=2.74e-02 | grad=5.37e-01 | 1.1s
[   139] loss=-2.2969 | res=2.75e-02 | grad=8.93e-01 | 1.0s
[   140] loss=-2.1380 | res=2.26e-02 | grad=5.05e-01 | 1.1s
[   141] loss=-2.1331 | res=2.44e-02 | grad=4.69e-01 | 1.1s
[   142] loss=-2.5612 | res=1.77e-02 | grad=9.96e-01 | 1.0s
[   143] loss=-2.0608 | res=2.37e-02 | grad=6.75e-01 | 1.0s
[   144] loss=-2.2058 | res=2.43e-02 | grad=7.45e-01 | 1.0s
[   145] loss=-2.3591 | res=2.42e-02 | grad=9.89e-01 | 1.0s
[   146] loss=-2.4265 | res=2.69e-02 | grad=5.69e-01 | 1.0s
[   147] loss=-2.1933 | res=2.89e-02 | grad=4.21e-01 | 1.1s
[   148] loss=-2.2020 | res=2.76e-02 | grad=1.68e-01 | 1.0s
[   149] loss=-2.2859 | res=2.60e-02 | grad=7.23e-01 | 1.1s
[   150] loss=-2.3056 | res=2.35e-02 | grad=1.09e+00 | 1.1s
[   151] loss=-2.3630 | res=2.35e-02 | grad=1.12e+00 | 1.1s
[   152] loss=-2.2144 | res=2.21e-02 | grad=1.19e-01 | 1.1s
[   153] loss=-2.3000 | res=2.68e-02 | grad=7.19e-01 | 1.0s
[   154] loss=-2.3584 | res=2.17e-02 | grad=2.84e-01 | 1.1s
[   155] loss=-2.4568 | res=2.47e-02 | grad=3.31e-01 | 1.1s
[   156] loss=-2.2580 | res=2.37e-02 | grad=2.54e-01 | 1.1s
[   157] loss=-2.4027 | res=2.36e-02 | grad=1.80e-01 | 1.1s
[   158] loss=-2.3061 | res=2.43e-02 | grad=5.67e-01 | 1.1s
[   159] loss=-2.4204 | res=3.01e-02 | grad=8.91e-01 | 1.1s
[   160] loss=-2.3026 | res=2.66e-02 | grad=5.34e-01 | 1.1s
[   161] loss=-2.3340 | res=2.54e-02 | grad=2.53e-01 | 1.1s
[   162] loss=-2.3135 | res=2.68e-02 | grad=7.84e-01 | 1.1s
[   163] loss=-2.3587 | res=3.02e-02 | grad=6.29e-01 | 1.1s
[   164] loss=-2.3992 | res=2.67e-02 | grad=2.58e-01 | 1.0s
[   165] loss=-2.2608 | res=2.53e-02 | grad=5.86e-01 | 1.1s
[   166] loss=-2.1954 | res=3.16e-02 | grad=4.50e-01 | 1.1s
[   167] loss=-2.3307 | res=2.31e-02 | grad=3.94e-01 | 1.0s
[   168] loss=-2.3703 | res=2.57e-02 | grad=5.81e-01 | 1.1s
[   169] loss=-2.2347 | res=2.79e-02 | grad=5.64e-01 | 1.0s
[   170] loss=-2.3154 | res=2.74e-02 | grad=5.21e-01 | 1.0s
[   171] loss=-2.0982 | res=2.99e-02 | grad=7.42e-01 | 1.1s
[   172] loss=-2.0524 | res=2.66e-02 | grad=4.60e-01 | 1.0s
[   173] loss=-2.5359 | res=3.10e-02 | grad=7.24e-01 | 1.1s
[   174] loss=-2.3204 | res=2.45e-02 | grad=4.04e-01 | 1.0s
[   175] loss=-2.2705 | res=1.76e-02 | grad=1.11e+00 | 1.1s
[   176] loss=-2.3641 | res=2.30e-02 | grad=3.81e-01 | 1.0s
[   177] loss=-2.2152 | res=3.09e-02 | grad=5.66e-01 | 1.1s
[   178] loss=-2.3808 | res=2.26e-02 | grad=4.26e-01 | 1.1s
[   179] loss=-2.1483 | res=2.94e-02 | grad=3.40e-01 | 1.1s
[   180] loss=-2.3295 | res=2.40e-02 | grad=2.53e-01 | 1.1s
[   181] loss=-2.4286 | res=2.96e-02 | grad=4.94e-01 | 1.1s
[   182] loss=-2.4904 | res=2.31e-02 | grad=5.18e-01 | 1.1s
[   183] loss=-2.3292 | res=3.32e-02 | grad=6.20e-01 | 1.1s
[   184] loss=-2.2575 | res=3.19e-02 | grad=3.26e-01 | 1.1s
[   185] loss=-2.4425 | res=2.39e-02 | grad=4.62e-01 | 1.0s
[   186] loss=-2.4233 | res=2.90e-02 | grad=3.80e-01 | 1.1s
[   187] loss=-2.4679 | res=3.60e-02 | grad=2.90e-01 | 1.1s
[   188] loss=-2.2681 | res=2.97e-02 | grad=1.14e+00 | 1.1s
[   189] loss=-2.3316 | res=2.42e-02 | grad=3.16e-01 | 1.0s
[   190] loss=-2.3191 | res=2.37e-02 | grad=3.30e-01 | 1.1s
[   191] loss=-2.4542 | res=3.16e-02 | grad=6.76e-01 | 1.1s
[   192] loss=-2.3047 | res=2.94e-02 | grad=7.47e-01 | 1.1s
[   193] loss=-2.3044 | res=2.97e-02 | grad=5.42e-01 | 1.1s
[   194] loss=-2.3577 | res=2.45e-02 | grad=1.04e+00 | 1.1s
[   195] loss=-2.1909 | res=2.62e-02 | grad=5.92e-01 | 1.0s
[   196] loss=-2.3402 | res=1.98e-02 | grad=6.66e-01 | 1.0s
[   197] loss=-2.3491 | res=2.34e-02 | grad=7.30e-01 | 1.0s
[   198] loss=-2.4182 | res=1.95e-02 | grad=1.49e-01 | 1.1s
[   199] loss=-2.1908 | res=3.15e-02 | grad=1.05e+00 | 1.0s
[   200] loss=-2.3805 | res=2.90e-02 | grad=8.83e-01 | 1.1s
[   201] loss=-2.3172 | res=2.40e-02 | grad=5.71e-01 | 1.1s
[   202] loss=-2.4116 | res=2.05e-02 | grad=3.61e-01 | 1.1s
[   203] loss=-2.3795 | res=2.04e-02 | grad=3.64e-01 | 1.1s
[   204] loss=-2.1689 | res=2.97e-02 | grad=9.59e-01 | 1.1s
[   205] loss=-2.2439 | res=2.87e-02 | grad=3.28e-01 | 1.1s
[   206] loss=-2.2908 | res=3.40e-02 | grad=7.15e-01 | 1.1s
[   207] loss=-2.3785 | res=3.98e-02 | grad=5.24e-01 | 1.1s
[   208] loss=-2.2101 | res=2.60e-02 | grad=1.86e-01 | 1.0s
[   209] loss=-2.2319 | res=2.49e-02 | grad=9.00e-01 | 1.1s
[   210] loss=-2.6882 | res=2.87e-02 | grad=7.57e-01 | 1.1s
[   211] loss=-2.2004 | res=2.46e-02 | grad=5.77e-01 | 1.0s
[   212] loss=-2.2991 | res=2.73e-02 | grad=2.50e-01 | 1.1s
[   213] loss=-2.4709 | res=2.79e-02 | grad=8.90e-01 | 1.0s
[   214] loss=-2.2832 | res=2.54e-02 | grad=6.09e-01 | 1.1s
[   215] loss=-2.2218 | res=2.17e-02 | grad=8.56e-01 | 1.1s
[   216] loss=-2.5006 | res=2.76e-02 | grad=6.44e-01 | 1.1s
[   217] loss=-1.9472 | res=2.53e-02 | grad=9.33e-01 | 1.1s
[   218] loss=-2.3105 | res=2.31e-02 | grad=6.77e-01 | 1.1s
[   219] loss=-2.4892 | res=3.59e-02 | grad=4.33e-01 | 1.1s
[   220] loss=-2.2730 | res=2.99e-02 | grad=4.40e-01 | 1.0s
[   221] loss=-2.2001 | res=2.98e-02 | grad=1.24e+00 | 1.1s
[   222] loss=-2.2732 | res=3.09e-02 | grad=9.78e-01 | 1.1s
[   223] loss=-2.4618 | res=2.08e-02 | grad=1.22e+00 | 1.0s
[   224] loss=-2.1990 | res=2.61e-02 | grad=7.75e-01 | 1.0s
[   225] loss=-2.3853 | res=2.66e-02 | grad=4.37e-01 | 1.1s
[   226] loss=-2.1982 | res=2.63e-02 | grad=7.40e-01 | 1.1s
[   227] loss=-2.5016 | res=2.79e-02 | grad=1.82e+00 | 1.1s
[   228] loss=-2.3336 | res=2.48e-02 | grad=1.12e+00 | 1.1s
[   229] loss=-2.2271 | res=2.97e-02 | grad=1.08e+00 | 1.1s
[   230] loss=-2.4542 | res=2.07e-02 | grad=8.86e-01 | 1.1s
[   231] loss=-2.4254 | res=2.25e-02 | grad=7.43e-01 | 1.1s
[   232] loss=-2.1658 | res=3.15e-02 | grad=5.74e-01 | 1.1s
[   233] loss=-2.4328 | res=2.81e-02 | grad=6.16e-01 | 1.1s
[   234] loss=-2.4617 | res=2.42e-02 | grad=4.91e-01 | 1.1s
[   235] loss=-2.5260 | res=2.37e-02 | grad=6.45e-01 | 1.1s
[   236] loss=-2.4163 | res=2.61e-02 | grad=9.32e-01 | 1.1s
[   237] loss=-2.4040 | res=2.65e-02 | grad=8.36e-01 | 1.1s
[   238] loss=-2.2413 | res=2.19e-02 | grad=9.23e-01 | 1.1s
[   239] loss=-2.2302 | res=2.29e-02 | grad=5.40e-01 | 1.1s
[   240] loss=-2.2400 | res=2.77e-02 | grad=5.60e-01 | 1.1s
[   241] loss=-2.1863 | res=3.19e-02 | grad=3.38e-01 | 1.1s
[   242] loss=-2.2501 | res=2.87e-02 | grad=7.03e-01 | 1.1s
[   243] loss=-2.3610 | res=2.67e-02 | grad=1.59e-01 | 1.1s
[   244] loss=-2.4506 | res=2.78e-02 | grad=2.16e-01 | 1.1s
[   245] loss=-2.2192 | res=2.76e-02 | grad=1.05e+00 | 1.0s
[   246] loss=-2.4330 | res=2.70e-02 | grad=8.23e-01 | 1.0s
[   247] loss=-2.2263 | res=2.56e-02 | grad=8.36e-01 | 1.0s
[   248] loss=-2.3775 | res=2.34e-02 | grad=4.16e-01 | 1.0s
[   249] loss=-2.3716 | res=2.46e-02 | grad=5.52e-01 | 1.1s
[   250] loss=-2.3220 | res=2.73e-02 | grad=8.25e-01 | 1.1s
[   251] loss=-2.1457 | res=2.35e-02 | grad=9.34e-01 | 1.1s
[   252] loss=-2.2532 | res=3.20e-02 | grad=1.12e+00 | 1.1s
[   253] loss=-2.2919 | res=2.69e-02 | grad=6.83e-01 | 1.1s
[   254] loss=-2.1205 | res=3.66e-02 | grad=4.04e-01 | 1.1s
[   255] loss=-2.1902 | res=2.11e-02 | grad=5.52e-01 | 1.1s
[   256] loss=-2.2535 | res=2.19e-02 | grad=6.65e-01 | 1.1s
[   257] loss=-2.2644 | res=2.01e-02 | grad=1.75e+00 | 1.1s
[   258] loss=-2.4539 | res=3.04e-02 | grad=7.40e-01 | 1.1s
[   259] loss=-2.5695 | res=2.06e-02 | grad=5.01e-01 | 1.1s
[   260] loss=-2.2999 | res=3.14e-02 | grad=2.55e-01 | 1.1s
[   261] loss=-2.3282 | res=2.86e-02 | grad=9.73e-01 | 1.1s
[   262] loss=-2.3270 | res=1.83e-02 | grad=1.21e+00 | 1.1s
[   263] loss=-2.3672 | res=2.27e-02 | grad=9.39e-01 | 1.1s
[   264] loss=-2.3036 | res=2.08e-02 | grad=6.61e-01 | 1.1s
[   265] loss=-2.1112 | res=2.53e-02 | grad=8.00e-01 | 1.0s
[   266] loss=-2.2599 | res=2.32e-02 | grad=6.55e-01 | 1.1s
[   267] loss=-2.3986 | res=2.21e-02 | grad=1.20e+00 | 1.1s
[   268] loss=-2.3741 | res=2.28e-02 | grad=9.71e-01 | 1.0s
[   269] loss=-2.3856 | res=3.50e-02 | grad=7.12e-01 | 1.1s
[   270] loss=-2.5240 | res=2.90e-02 | grad=8.46e-01 | 1.0s
[   271] loss=-2.5513 | res=2.65e-02 | grad=1.07e+00 | 1.1s
[   272] loss=-2.1656 | res=2.53e-02 | grad=9.41e-01 | 1.0s
[   273] loss=-2.2759 | res=2.37e-02 | grad=1.19e+00 | 1.0s
[   274] loss=-2.3851 | res=2.39e-02 | grad=2.14e-01 | 1.0s
[   275] loss=-2.2675 | res=2.83e-02 | grad=6.83e-01 | 1.1s
[   276] loss=-2.0673 | res=2.71e-02 | grad=6.79e-01 | 1.1s
[   277] loss=-2.3802 | res=1.97e-02 | grad=3.66e-01 | 1.1s
[   278] loss=-2.3562 | res=2.58e-02 | grad=4.04e-01 | 1.1s
[   279] loss=-2.2922 | res=2.49e-02 | grad=5.19e-01 | 1.1s
[   280] loss=-2.3773 | res=2.95e-02 | grad=8.02e-01 | 1.1s
[   281] loss=-2.4222 | res=2.46e-02 | grad=8.76e-01 | 1.1s
[   282] loss=-2.3029 | res=2.01e-02 | grad=5.84e-01 | 1.0s
[   283] loss=-2.3173 | res=2.34e-02 | grad=6.36e-01 | 1.1s
[   284] loss=-2.2419 | res=2.90e-02 | grad=2.79e-01 | 1.1s
[   285] loss=-2.3613 | res=2.09e-02 | grad=3.27e-01 | 1.1s
[   286] loss=-2.2407 | res=2.20e-02 | grad=4.29e-01 | 1.1s
[   287] loss=-2.3167 | res=3.43e-02 | grad=4.73e-01 | 1.1s
[   288] loss=-2.3763 | res=2.58e-02 | grad=1.26e-01 | 1.1s
[   289] loss=-2.0610 | res=2.35e-02 | grad=7.54e-01 | 1.1s
[   290] loss=-2.2531 | res=2.68e-02 | grad=4.64e-01 | 1.1s
[   291] loss=-2.4104 | res=1.91e-02 | grad=6.85e-01 | 1.0s
[   292] loss=-2.3315 | res=2.53e-02 | grad=1.92e-01 | 1.1s
[   293] loss=-2.2687 | res=2.72e-02 | grad=3.34e-01 | 1.1s
[   294] loss=-2.1719 | res=2.57e-02 | grad=6.91e-01 | 1.1s
[   295] loss=-2.1928 | res=2.02e-02 | grad=5.87e-01 | 1.0s
[   296] loss=-2.3262 | res=2.54e-02 | grad=2.91e-01 | 1.0s
[   297] loss=-2.3924 | res=1.93e-02 | grad=7.71e-01 | 1.1s
[   298] loss=-2.1767 | res=2.71e-02 | grad=3.88e-01 | 1.1s
[   299] loss=-2.2570 | res=2.18e-02 | grad=7.98e-01 | 1.1s
[   300] loss=-2.2823 | res=2.27e-02 | grad=9.13e-01 | 1.1s
[   301] loss=-2.1317 | res=2.28e-02 | grad=7.83e-01 | 1.1s
[   302] loss=-2.2369 | res=2.77e-02 | grad=8.13e-01 | 1.1s
[   303] loss=-2.1665 | res=2.30e-02 | grad=3.40e-01 | 1.0s
[   304] loss=-2.4177 | res=2.43e-02 | grad=5.93e-01 | 1.1s
[   305] loss=-2.1805 | res=2.76e-02 | grad=4.90e-01 | 1.1s
[   306] loss=-2.1408 | res=2.65e-02 | grad=5.34e-01 | 1.1s
[   307] loss=-2.1980 | res=2.37e-02 | grad=7.13e-01 | 1.1s
[   308] loss=-2.2465 | res=2.93e-02 | grad=3.85e-01 | 1.1s
[   309] loss=-2.3542 | res=2.63e-02 | grad=4.35e-01 | 1.1s
[   310] loss=-2.3020 | res=2.46e-02 | grad=4.90e-01 | 1.1s
[   311] loss=-2.2372 | res=3.00e-02 | grad=3.52e-01 | 1.1s
[   312] loss=-2.3320 | res=2.36e-02 | grad=6.99e-01 | 1.1s
[   313] loss=-2.3557 | res=2.08e-02 | grad=1.06e+00 | 1.1s
[   314] loss=-2.2325 | res=2.35e-02 | grad=4.67e-01 | 1.1s
[   315] loss=-2.1170 | res=2.54e-02 | grad=6.29e-01 | 1.1s
[   316] loss=-2.2868 | res=2.31e-02 | grad=1.28e+00 | 1.1s
[   317] loss=-2.3294 | res=2.49e-02 | grad=7.63e-01 | 1.1s
[   318] loss=-2.2984 | res=2.30e-02 | grad=8.15e-01 | 1.1s
[   319] loss=-2.3633 | res=1.87e-02 | grad=1.06e+00 | 1.1s
[   320] loss=-2.1952 | res=2.99e-02 | grad=5.21e-01 | 1.0s
[   321] loss=-2.3783 | res=2.62e-02 | grad=4.26e-01 | 1.1s
[   322] loss=-2.3090 | res=2.44e-02 | grad=2.36e-01 | 1.0s
[   323] loss=-2.0399 | res=2.92e-02 | grad=4.28e-01 | 1.0s
[   324] loss=-2.3379 | res=1.82e-02 | grad=1.00e+00 | 1.1s
[   325] loss=-2.0827 | res=2.43e-02 | grad=8.51e-01 | 1.1s
[   326] loss=-2.3334 | res=2.55e-02 | grad=4.55e-01 | 1.0s
[   327] loss=-2.3970 | res=2.90e-02 | grad=2.52e-01 | 1.1s
[   328] loss=-2.3187 | res=2.74e-02 | grad=3.33e-01 | 1.1s
[   329] loss=-2.3530 | res=2.59e-02 | grad=1.57e-01 | 1.1s
[   330] loss=-2.4040 | res=1.96e-02 | grad=5.45e-01 | 1.1s
[   331] loss=-2.4167 | res=2.67e-02 | grad=5.55e-01 | 1.1s
[   332] loss=-2.3394 | res=2.13e-02 | grad=2.98e-01 | 1.1s
[   333] loss=-2.3603 | res=2.56e-02 | grad=5.23e-01 | 1.1s
[   334] loss=-2.4098 | res=2.48e-02 | grad=7.08e-01 | 1.1s
[   335] loss=-2.3358 | res=2.79e-02 | grad=3.42e-01 | 1.1s
[   336] loss=-2.2181 | res=2.69e-02 | grad=7.61e-01 | 1.1s
[   337] loss=-2.4742 | res=2.34e-02 | grad=6.60e-01 | 1.1s
[   338] loss=-2.1617 | res=2.21e-02 | grad=1.08e+00 | 1.1s
[   339] loss=-2.4961 | res=1.93e-02 | grad=1.59e-01 | 1.1s
[   340] loss=-2.4035 | res=2.98e-02 | grad=4.03e-01 | 1.1s
[   341] loss=-2.3532 | res=3.05e-02 | grad=1.99e-01 | 1.1s
[   342] loss=-2.5380 | res=2.33e-02 | grad=9.57e-01 | 1.1s
[   343] loss=-2.4244 | res=2.54e-02 | grad=8.98e-01 | 1.1s
[   344] loss=-2.2868 | res=2.80e-02 | grad=3.78e-01 | 1.0s
[   345] loss=-2.2542 | res=2.37e-02 | grad=5.30e-01 | 1.0s
[   346] loss=-2.2872 | res=2.61e-02 | grad=3.11e-01 | 1.1s
[   347] loss=-2.3415 | res=2.63e-02 | grad=4.74e-01 | 1.0s
[   348] loss=-2.1655 | res=2.59e-02 | grad=7.44e-01 | 1.1s
[   349] loss=-2.3088 | res=3.07e-02 | grad=5.21e-01 | 1.1s
[   350] loss=-2.3228 | res=3.32e-02 | grad=6.79e-01 | 1.1s
[   351] loss=-2.2626 | res=2.85e-02 | grad=6.11e-01 | 1.1s
[   352] loss=-2.3564 | res=2.83e-02 | grad=1.99e-01 | 1.1s
[   353] loss=-2.1946 | res=2.36e-02 | grad=5.35e-01 | 1.1s
[   354] loss=-2.3321 | res=2.64e-02 | grad=4.26e-01 | 1.1s
[   355] loss=-2.1738 | res=2.47e-02 | grad=4.48e-01 | 1.1s
[   356] loss=-2.3449 | res=3.02e-02 | grad=4.51e-01 | 1.1s
[   357] loss=-2.3817 | res=2.79e-02 | grad=4.49e-01 | 1.1s
[   358] loss=-2.1052 | res=2.66e-02 | grad=4.97e-01 | 1.1s
[   359] loss=-2.0778 | res=3.40e-02 | grad=7.08e-01 | 1.0s
[   360] loss=-2.3691 | res=2.65e-02 | grad=7.67e-01 | 1.1s
[   361] loss=-2.3102 | res=3.42e-02 | grad=1.62e-01 | 1.1s
[   362] loss=-2.1296 | res=2.62e-02 | grad=1.35e+00 | 1.1s
[   363] loss=-2.4008 | res=2.25e-02 | grad=6.93e-01 | 1.0s
[   364] loss=-2.2726 | res=2.73e-02 | grad=9.43e-01 | 1.1s
[   365] loss=-2.3213 | res=2.54e-02 | grad=1.28e+00 | 1.1s
[   366] loss=-2.4340 | res=2.52e-02 | grad=1.29e+00 | 1.1s
[   367] loss=-2.2331 | res=2.81e-02 | grad=9.82e-01 | 1.0s
[   368] loss=-2.2415 | res=3.04e-02 | grad=3.58e-01 | 1.1s
[   369] loss=-2.2943 | res=2.38e-02 | grad=1.24e+00 | 1.1s
[   370] loss=-2.3064 | res=2.70e-02 | grad=7.03e-01 | 1.0s
[   371] loss=-2.2244 | res=2.76e-02 | grad=1.12e+00 | 1.0s
[   372] loss=-2.2245 | res=2.89e-02 | grad=8.26e-01 | 1.1s
[   373] loss=-2.3663 | res=2.77e-02 | grad=5.21e-01 | 1.1s
[   374] loss=-2.2961 | res=3.12e-02 | grad=2.40e-01 | 1.1s
[   375] loss=-2.5770 | res=2.22e-02 | grad=9.61e-01 | 1.1s
[   376] loss=-2.3065 | res=3.04e-02 | grad=6.05e-01 | 1.1s
[   377] loss=-2.3119 | res=2.22e-02 | grad=1.18e+00 | 1.1s
[   378] loss=-2.3570 | res=2.48e-02 | grad=5.59e-01 | 1.1s
[   379] loss=-2.0939 | res=2.58e-02 | grad=8.82e-01 | 1.1s
[   380] loss=-2.2526 | res=2.65e-02 | grad=5.60e-01 | 1.1s
[   381] loss=-2.0463 | res=2.84e-02 | grad=9.03e-01 | 1.1s
[   382] loss=-2.2414 | res=2.36e-02 | grad=2.91e-01 | 1.1s
[   383] loss=-2.1611 | res=2.44e-02 | grad=1.78e-01 | 1.1s
[   384] loss=-2.1422 | res=2.06e-02 | grad=6.60e-01 | 1.0s
[   385] loss=-2.3126 | res=2.51e-02 | grad=7.07e-01 | 1.1s
[   386] loss=-2.2800 | res=2.18e-02 | grad=9.10e-01 | 1.1s
[   387] loss=-2.3228 | res=2.62e-02 | grad=9.21e-01 | 1.1s
[   388] loss=-2.1215 | res=2.39e-02 | grad=5.05e-01 | 1.1s
[   389] loss=-2.0571 | res=2.48e-02 | grad=3.29e-01 | 1.1s
[   390] loss=-2.4540 | res=2.35e-02 | grad=9.96e-01 | 1.0s
[   391] loss=-2.3635 | res=2.03e-02 | grad=1.28e+00 | 1.1s
[   392] loss=-2.3424 | res=2.01e-02 | grad=1.02e+00 | 1.1s
[   393] loss=-2.3961 | res=2.59e-02 | grad=5.36e-01 | 1.1s
[   394] loss=-2.3236 | res=2.75e-02 | grad=6.05e-01 | 1.1s
[   395] loss=-2.3026 | res=2.28e-02 | grad=8.43e-01 | 1.0s
[   396] loss=-2.4205 | res=2.84e-02 | grad=8.18e-01 | 1.0s
[   397] loss=-2.2799 | res=2.10e-02 | grad=9.55e-01 | 1.0s
[   398] loss=-2.3714 | res=1.61e-02 | grad=1.36e-01 | 1.1s
[   399] loss=-2.0839 | res=2.28e-02 | grad=7.43e-01 | 1.1s
[   400] loss=-2.2220 | res=1.98e-02 | grad=6.03e-01 | 1.0s
[   401] loss=-2.3305 | res=2.22e-02 | grad=6.08e-01 | 1.1s
[   402] loss=-2.2276 | res=2.54e-02 | grad=7.65e-01 | 1.1s
[   403] loss=-2.2470 | res=2.67e-02 | grad=1.89e-01 | 1.0s
[   404] loss=-2.2784 | res=1.98e-02 | grad=2.82e-01 | 1.1s
[   405] loss=-2.3106 | res=2.49e-02 | grad=2.41e-01 | 1.1s
[   406] loss=-2.2864 | res=2.29e-02 | grad=8.29e-01 | 1.1s
[   407] loss=-2.2250 | res=1.94e-02 | grad=9.07e-01 | 1.1s
[   408] loss=-2.4302 | res=2.27e-02 | grad=5.19e-01 | 1.0s
[   409] loss=-2.1811 | res=2.23e-02 | grad=4.47e-01 | 1.1s
[   410] loss=-2.2655 | res=2.31e-02 | grad=1.23e+00 | 1.1s
[   411] loss=-2.4070 | res=2.53e-02 | grad=1.28e+00 | 1.1s
[   412] loss=-2.3873 | res=1.91e-02 | grad=8.69e-01 | 1.1s
[   413] loss=-2.4127 | res=2.05e-02 | grad=2.58e-01 | 1.0s
[   414] loss=-2.2776 | res=2.76e-02 | grad=5.83e-01 | 1.1s
[   415] loss=-2.4399 | res=1.90e-02 | grad=2.16e-01 | 1.1s
[   416] loss=-2.4980 | res=2.45e-02 | grad=2.35e-01 | 1.1s
[   417] loss=-2.4001 | res=2.82e-02 | grad=5.02e-01 | 1.1s
[   418] loss=-2.2660 | res=2.19e-02 | grad=7.55e-01 | 1.1s
[   419] loss=-2.3766 | res=2.51e-02 | grad=3.55e-01 | 1.0s
[   420] loss=-2.2637 | res=2.46e-02 | grad=5.62e-01 | 1.0s
[   421] loss=-2.2911 | res=2.91e-02 | grad=5.35e-01 | 1.0s
[   422] loss=-2.3871 | res=2.86e-02 | grad=4.63e-01 | 1.1s
[   423] loss=-2.2839 | res=2.13e-02 | grad=6.73e-01 | 1.1s
[   424] loss=-2.2988 | res=2.51e-02 | grad=5.72e-01 | 1.1s
[   425] loss=-2.1623 | res=2.37e-02 | grad=5.88e-01 | 1.0s
[   426] loss=-2.2135 | res=3.09e-02 | grad=3.63e-01 | 1.1s
[   427] loss=-2.1855 | res=2.71e-02 | grad=2.98e-01 | 1.1s
[   428] loss=-2.3772 | res=2.65e-02 | grad=6.34e-01 | 1.1s
[   429] loss=-2.4063 | res=1.94e-02 | grad=6.23e-01 | 1.1s
[   430] loss=-2.2096 | res=2.77e-02 | grad=4.93e-01 | 1.1s
[   431] loss=-2.4729 | res=2.44e-02 | grad=8.57e-01 | 1.1s
[   432] loss=-2.2757 | res=2.41e-02 | grad=6.05e-01 | 1.1s
[   433] loss=-2.2224 | res=2.42e-02 | grad=4.68e-01 | 1.1s
[   434] loss=-2.4133 | res=2.69e-02 | grad=7.75e-01 | 1.1s
[   435] loss=-2.4422 | res=2.64e-02 | grad=7.41e-01 | 1.0s
[   436] loss=-2.3157 | res=2.00e-02 | grad=5.15e-01 | 1.0s
[   437] loss=-2.2070 | res=2.40e-02 | grad=4.14e-01 | 1.1s
[   438] loss=-2.4666 | res=2.56e-02 | grad=5.46e-01 | 1.1s
[   439] loss=-2.3559 | res=2.30e-02 | grad=6.81e-01 | 1.1s
[   440] loss=-2.4420 | res=2.08e-02 | grad=7.54e-01 | 1.0s
[   441] loss=-2.4391 | res=2.68e-02 | grad=4.86e-01 | 1.1s
[   442] loss=-2.3433 | res=3.10e-02 | grad=2.69e-01 | 1.1s
[   443] loss=-2.3931 | res=2.52e-02 | grad=3.28e-01 | 1.1s
[   444] loss=-2.3805 | res=1.88e-02 | grad=4.70e-01 | 1.0s
[   445] loss=-2.4737 | res=2.25e-02 | grad=6.00e-01 | 1.0s
[   446] loss=-2.3211 | res=2.40e-02 | grad=4.43e-01 | 1.0s
[   447] loss=-2.2509 | res=2.88e-02 | grad=3.10e-01 | 1.1s
[   448] loss=-2.2924 | res=2.35e-02 | grad=3.37e-01 | 1.0s
[   449] loss=-2.2621 | res=2.43e-02 | grad=6.46e-01 | 1.1s
[   450] loss=-2.3391 | res=2.56e-02 | grad=1.64e-01 | 1.1s
[   451] loss=-2.3521 | res=2.34e-02 | grad=5.35e-01 | 1.1s
[   452] loss=-2.2619 | res=2.01e-02 | grad=4.16e-01 | 1.1s
[   453] loss=-2.1468 | res=2.58e-02 | grad=9.28e-01 | 1.1s
[   454] loss=-2.2412 | res=1.97e-02 | grad=5.59e-01 | 1.1s
[   455] loss=-2.2383 | res=2.40e-02 | grad=6.09e-01 | 1.1s
[   456] loss=-2.1585 | res=2.88e-02 | grad=5.60e-01 | 1.1s
[   457] loss=-2.1338 | res=1.83e-02 | grad=3.12e-01 | 1.1s
[   458] loss=-2.4704 | res=2.54e-02 | grad=7.07e-01 | 1.1s
[   459] loss=-2.2537 | res=2.45e-02 | grad=1.67e-01 | 1.1s
[   460] loss=-2.3903 | res=1.88e-02 | grad=5.51e-01 | 1.1s
[   461] loss=-2.3434 | res=2.69e-02 | grad=3.11e-01 | 1.1s
[   462] loss=-2.3143 | res=2.27e-02 | grad=6.22e-01 | 1.1s
[   463] loss=-2.2628 | res=2.50e-02 | grad=1.04e+00 | 1.1s
[   464] loss=-2.3485 | res=2.08e-02 | grad=4.26e-01 | 1.1s
[   465] loss=-2.2867 | res=1.95e-02 | grad=4.23e-01 | 1.1s
[   466] loss=-2.2834 | res=2.50e-02 | grad=3.38e-01 | 1.0s
[   467] loss=-2.3264 | res=2.12e-02 | grad=4.90e-01 | 1.1s
[   468] loss=-2.5253 | res=2.56e-02 | grad=4.93e-01 | 1.1s
[   469] loss=-2.2202 | res=2.37e-02 | grad=5.28e-01 | 1.1s
[   470] loss=-2.4570 | res=2.83e-02 | grad=2.18e-01 | 1.0s
[   471] loss=-2.1484 | res=2.24e-02 | grad=2.22e-01 | 1.0s
[   472] loss=-2.4062 | res=2.50e-02 | grad=8.48e-01 | 1.0s
[   473] loss=-2.3443 | res=2.57e-02 | grad=4.82e-01 | 1.1s
[   474] loss=-2.3535 | res=2.81e-02 | grad=8.01e-01 | 1.1s
[   475] loss=-2.2899 | res=2.54e-02 | grad=4.90e-01 | 1.0s
[   476] loss=-2.4042 | res=1.99e-02 | grad=3.94e-01 | 1.1s
[   477] loss=-2.4287 | res=2.69e-02 | grad=8.18e-01 | 1.1s
[   478] loss=-2.2114 | res=3.00e-02 | grad=4.19e-01 | 1.0s
[   479] loss=-2.3528 | res=1.76e-02 | grad=5.41e-01 | 1.1s
[   480] loss=-2.6043 | res=2.22e-02 | grad=4.32e-01 | 1.1s
[   481] loss=-2.2591 | res=2.19e-02 | grad=6.53e-01 | 1.1s
[   482] loss=-2.3199 | res=1.94e-02 | grad=3.52e-01 | 1.1s
[   483] loss=-2.3702 | res=2.41e-02 | grad=2.68e-01 | 1.1s
[   484] loss=-2.4318 | res=2.38e-02 | grad=3.04e-01 | 1.1s
[   485] loss=-2.2811 | res=2.41e-02 | grad=4.38e-01 | 1.0s
[   486] loss=-2.2361 | res=2.36e-02 | grad=7.25e-01 | 1.1s
[   487] loss=-2.4005 | res=1.98e-02 | grad=4.15e-01 | 1.1s
[   488] loss=-2.4081 | res=1.93e-02 | grad=3.25e-01 | 1.1s
[   489] loss=-2.3297 | res=2.44e-02 | grad=4.14e-01 | 1.1s
[   490] loss=-2.3081 | res=2.82e-02 | grad=8.32e-01 | 1.1s
[   491] loss=-2.1917 | res=2.23e-02 | grad=4.43e-01 | 1.0s
[   492] loss=-2.4976 | res=2.72e-02 | grad=3.47e-01 | 1.1s
[   493] loss=-2.4436 | res=2.47e-02 | grad=2.68e-01 | 1.1s
[   494] loss=-2.2970 | res=2.57e-02 | grad=2.98e-01 | 1.1s
[   495] loss=-2.4695 | res=3.30e-02 | grad=4.27e-01 | 1.0s
[   496] loss=-2.3139 | res=2.38e-02 | grad=6.06e-01 | 1.0s
[   497] loss=-2.4577 | res=2.83e-02 | grad=1.65e-01 | 1.1s
[   498] loss=-2.2920 | res=2.71e-02 | grad=5.72e-01 | 1.1s
[   499] loss=-2.4128 | res=2.76e-02 | grad=4.30e-01 | 1.1s
[   500] loss=-2.4251 | res=3.15e-02 | grad=5.15e-01 | 1.1s
[   501] loss=-2.3243 | res=2.92e-02 | grad=3.87e-01 | 1.1s
[   502] loss=-2.3098 | res=2.24e-02 | grad=3.14e-01 | 1.1s
[   503] loss=-2.2178 | res=2.91e-02 | grad=7.13e-01 | 1.1s
[   504] loss=-2.4794 | res=2.46e-02 | grad=7.21e-01 | 1.1s
[   505] loss=-2.2266 | res=2.34e-02 | grad=5.27e-01 | 1.1s
[   506] loss=-2.4042 | res=3.10e-02 | grad=3.22e-01 | 1.1s
[   507] loss=-2.4049 | res=1.89e-02 | grad=1.75e-01 | 1.1s
[   508] loss=-2.3477 | res=3.23e-02 | grad=7.35e-01 | 1.1s
[   509] loss=-2.3739 | res=2.39e-02 | grad=5.61e-01 | 1.1s
[   510] loss=-2.2253 | res=3.09e-02 | grad=3.88e-01 | 1.1s
[   511] loss=-2.3292 | res=2.66e-02 | grad=7.09e-01 | 1.1s
[   512] loss=-2.3009 | res=2.42e-02 | grad=9.16e-01 | 1.1s
[   513] loss=-2.3184 | res=2.51e-02 | grad=5.27e-01 | 1.0s
[   514] loss=-2.2982 | res=2.54e-02 | grad=1.38e+00 | 1.1s
[   515] loss=-2.3225 | res=2.37e-02 | grad=1.64e-01 | 1.0s
[   516] loss=-2.0983 | res=3.38e-02 | grad=5.75e-01 | 1.1s
[   517] loss=-2.2318 | res=2.51e-02 | grad=3.49e-01 | 1.0s
[   518] loss=-2.3883 | res=2.93e-02 | grad=6.65e-01 | 1.1s
[   519] loss=-2.3918 | res=2.28e-02 | grad=5.88e-01 | 1.1s
[   520] loss=-2.4415 | res=2.32e-02 | grad=6.43e-01 | 1.0s
[   521] loss=-2.2133 | res=3.09e-02 | grad=7.23e-01 | 1.1s
[   522] loss=-2.0822 | res=2.73e-02 | grad=7.19e-01 | 1.0s
[   523] loss=-2.3571 | res=2.68e-02 | grad=4.48e-01 | 1.1s
[   524] loss=-2.3041 | res=2.68e-02 | grad=5.32e-01 | 1.1s
[   525] loss=-2.1479 | res=2.70e-02 | grad=5.56e-01 | 1.1s
[   526] loss=-2.1810 | res=1.96e-02 | grad=6.19e-01 | 1.1s
[   527] loss=-2.4182 | res=1.91e-02 | grad=4.28e-01 | 1.1s
[   528] loss=-2.2686 | res=2.01e-02 | grad=5.69e-01 | 1.0s
[   529] loss=-2.3779 | res=1.75e-02 | grad=5.76e-01 | 1.0s
[   530] loss=-2.3478 | res=2.33e-02 | grad=3.18e-01 | 1.1s
[   531] loss=-2.2763 | res=2.02e-02 | grad=6.75e-01 | 1.1s
[   532] loss=-2.2189 | res=2.64e-02 | grad=2.22e-01 | 1.1s
[   533] loss=-2.5323 | res=2.00e-02 | grad=4.39e-01 | 1.1s
[   534] loss=-2.4993 | res=2.13e-02 | grad=4.26e-01 | 1.1s
[   535] loss=-2.2900 | res=2.34e-02 | grad=5.68e-01 | 1.1s
[   536] loss=-2.3093 | res=2.55e-02 | grad=3.72e-01 | 1.1s
[   537] loss=-2.2330 | res=2.36e-02 | grad=6.22e-01 | 1.1s
[   538] loss=-2.3461 | res=1.86e-02 | grad=7.03e-01 | 1.1s
[   539] loss=-2.3217 | res=1.99e-02 | grad=4.17e-01 | 1.1s
[   540] loss=-2.0767 | res=1.83e-02 | grad=4.10e-01 | 1.0s
[   541] loss=-2.3754 | res=2.30e-02 | grad=3.19e-01 | 1.1s
[   542] loss=-2.3960 | res=2.56e-02 | grad=6.24e-01 | 1.1s
[   543] loss=-2.2527 | res=2.26e-02 | grad=6.06e-01 | 1.1s
[   544] loss=-2.3784 | res=2.30e-02 | grad=8.46e-01 | 1.1s
[   545] loss=-2.4252 | res=2.09e-02 | grad=2.82e-01 | 1.0s
[   546] loss=-2.3199 | res=2.20e-02 | grad=3.61e-01 | 1.1s
[   547] loss=-2.3317 | res=2.20e-02 | grad=5.36e-01 | 1.0s
[   548] loss=-2.2980 | res=2.28e-02 | grad=5.50e-01 | 1.1s
[   549] loss=-2.2105 | res=2.75e-02 | grad=4.19e-01 | 1.1s
[   550] loss=-2.4007 | res=2.36e-02 | grad=3.43e-01 | 1.1s
[   551] loss=-2.4366 | res=2.64e-02 | grad=6.04e-01 | 1.0s
[   552] loss=-2.2515 | res=2.24e-02 | grad=6.85e-01 | 1.1s
[   553] loss=-2.3950 | res=2.01e-02 | grad=3.24e-01 | 1.1s
[   554] loss=-2.3792 | res=2.63e-02 | grad=1.86e-01 | 1.1s
[   555] loss=-2.1985 | res=2.90e-02 | grad=3.91e-01 | 1.1s
[   556] loss=-2.3500 | res=2.63e-02 | grad=1.90e-01 | 1.1s
[   557] loss=-2.3307 | res=2.71e-02 | grad=7.53e-01 | 1.1s
[   558] loss=-2.3488 | res=2.54e-02 | grad=4.65e-01 | 1.1s
[   559] loss=-2.1214 | res=2.80e-02 | grad=6.27e-01 | 1.1s
[   560] loss=-2.4319 | res=1.67e-02 | grad=4.57e-01 | 1.1s
[   561] loss=-2.0434 | res=2.47e-02 | grad=3.72e-01 | 1.1s
[   562] loss=-2.0663 | res=2.04e-02 | grad=4.30e-01 | 1.1s
[   563] loss=-2.3208 | res=2.10e-02 | grad=4.88e-01 | 1.1s
[   564] loss=-2.2412 | res=2.58e-02 | grad=9.99e-01 | 1.1s
[   565] loss=-2.2500 | res=2.23e-02 | grad=5.21e-01 | 1.1s
[   566] loss=-2.3764 | res=2.08e-02 | grad=5.94e-01 | 1.1s
[   567] loss=-2.2298 | res=2.02e-02 | grad=3.58e-01 | 1.0s
[   568] loss=-2.2276 | res=2.07e-02 | grad=6.98e-01 | 1.1s
[   569] loss=-2.4025 | res=2.35e-02 | grad=8.07e-01 | 1.0s
[   570] loss=-2.2595 | res=2.25e-02 | grad=7.36e-01 | 1.0s
[   571] loss=-2.3995 | res=2.58e-02 | grad=2.81e-01 | 1.1s
[   572] loss=-2.2663 | res=2.60e-02 | grad=8.45e-01 | 1.0s
[   573] loss=-2.3944 | res=2.61e-02 | grad=9.09e-01 | 1.0s
[   574] loss=-2.1922 | res=2.22e-02 | grad=2.96e-01 | 1.1s
[   575] loss=-2.2475 | res=2.75e-02 | grad=9.33e-01 | 1.1s
[   576] loss=-2.1587 | res=2.29e-02 | grad=7.41e-01 | 1.0s
[   577] loss=-2.3724 | res=2.80e-02 | grad=6.69e-01 | 1.1s
[   578] loss=-2.4693 | res=2.14e-02 | grad=2.52e-01 | 1.1s
[   579] loss=-2.2362 | res=1.88e-02 | grad=5.95e-01 | 1.1s
[   580] loss=-2.2255 | res=2.40e-02 | grad=7.45e-01 | 1.1s
[   581] loss=-2.4309 | res=2.03e-02 | grad=3.17e-01 | 1.1s
[   582] loss=-2.3383 | res=1.92e-02 | grad=5.16e-01 | 1.1s
[   583] loss=-2.2311 | res=1.89e-02 | grad=6.66e-01 | 1.1s
[   584] loss=-2.4004 | res=1.97e-02 | grad=4.08e-01 | 1.1s
[   585] loss=-2.1005 | res=2.56e-02 | grad=3.23e-01 | 1.1s
[   586] loss=-2.3301 | res=1.91e-02 | grad=3.49e-01 | 1.1s
[   587] loss=-2.2516 | res=2.30e-02 | grad=5.84e-01 | 1.0s
[   588] loss=-2.4310 | res=2.21e-02 | grad=6.05e-01 | 1.1s
[   589] loss=-2.3502 | res=2.04e-02 | grad=9.14e-01 | 1.1s
[   590] loss=-2.2318 | res=2.27e-02 | grad=3.87e-01 | 1.1s
[   591] loss=-2.3223 | res=1.83e-02 | grad=4.85e-01 | 1.1s
[   592] loss=-2.5030 | res=2.19e-02 | grad=2.86e-01 | 1.1s
[   593] loss=-2.4500 | res=1.86e-02 | grad=1.18e+00 | 1.1s
[   594] loss=-2.4565 | res=2.46e-02 | grad=5.13e-01 | 1.1s
[   595] loss=-2.0844 | res=2.52e-02 | grad=7.41e-01 | 1.0s
[   596] loss=-2.3852 | res=2.18e-02 | grad=4.05e-01 | 1.0s
[   597] loss=-2.2548 | res=2.83e-02 | grad=4.96e-01 | 1.0s
[   598] loss=-2.3848 | res=2.33e-02 | grad=8.13e-01 | 1.1s
[   599] loss=-2.3050 | res=2.23e-02 | grad=2.67e-01 | 1.1s
[   600] loss=-2.4056 | res=2.40e-02 | grad=2.32e-01 | 1.1s
[   601] loss=-2.4516 | res=2.26e-02 | grad=4.13e-01 | 1.1s
[   602] loss=-2.3745 | res=1.86e-02 | grad=3.28e-01 | 1.1s
[   603] loss=-2.1957 | res=3.18e-02 | grad=6.36e-01 | 1.1s
[   604] loss=-2.3298 | res=2.21e-02 | grad=4.12e-01 | 1.1s
[   605] loss=-2.3088 | res=2.03e-02 | grad=3.15e-01 | 1.1s
[   606] loss=-2.3233 | res=2.44e-02 | grad=7.48e-01 | 1.1s
[   607] loss=-2.2923 | res=2.65e-02 | grad=8.98e-01 | 1.0s
[   608] loss=-2.3080 | res=2.85e-02 | grad=6.28e-01 | 1.0s
[   609] loss=-2.1388 | res=2.30e-02 | grad=5.64e-01 | 1.1s
[   610] loss=-2.2624 | res=2.35e-02 | grad=9.38e-01 | 1.1s
[   611] loss=-2.3356 | res=2.25e-02 | grad=4.67e-01 | 1.1s
[   612] loss=-2.2263 | res=1.71e-02 | grad=4.95e-01 | 1.0s
[   613] loss=-2.3186 | res=2.20e-02 | grad=4.00e-01 | 1.1s
[   614] loss=-2.2595 | res=1.91e-02 | grad=6.53e-01 | 1.1s
[   615] loss=-2.4594 | res=2.44e-02 | grad=4.33e-01 | 1.1s
[   616] loss=-2.3786 | res=2.39e-02 | grad=9.14e-01 | 1.1s
[   617] loss=-2.3390 | res=2.74e-02 | grad=8.99e-01 | 1.0s
[   618] loss=-2.3545 | res=2.27e-02 | grad=4.55e-01 | 1.1s
[   619] loss=-2.3791 | res=2.51e-02 | grad=5.11e-01 | 1.0s
[   620] loss=-2.3199 | res=3.32e-02 | grad=6.84e-01 | 1.0s
[   621] loss=-2.2389 | res=2.02e-02 | grad=5.58e-01 | 1.0s
[   622] loss=-2.1769 | res=2.93e-02 | grad=5.98e-01 | 1.1s
[   623] loss=-2.1554 | res=2.82e-02 | grad=6.41e-01 | 1.0s
[   624] loss=-2.3466 | res=2.49e-02 | grad=3.32e-01 | 1.1s
[   625] loss=-2.3492 | res=2.44e-02 | grad=3.72e-01 | 1.1s
[   626] loss=-2.1142 | res=2.12e-02 | grad=4.01e-01 | 1.1s
[   627] loss=-2.3323 | res=2.31e-02 | grad=7.24e-01 | 1.1s
[   628] loss=-2.3720 | res=2.79e-02 | grad=3.42e-01 | 1.1s
[   629] loss=-2.2464 | res=2.08e-02 | grad=6.02e-01 | 1.1s
[   630] loss=-2.1733 | res=1.47e-02 | grad=8.33e-01 | 1.1s
[   631] loss=-2.5232 | res=2.04e-02 | grad=1.22e+00 | 1.1s
[   632] loss=-2.3490 | res=2.67e-02 | grad=7.28e-01 | 1.1s
[   633] loss=-2.4210 | res=2.52e-02 | grad=3.60e-01 | 1.1s
[   634] loss=-2.0963 | res=2.37e-02 | grad=8.38e-01 | 1.1s
[   635] loss=-2.2527 | res=3.16e-02 | grad=5.00e-01 | 1.0s
[   636] loss=-2.3406 | res=2.04e-02 | grad=1.03e+00 | 1.1s
[   637] loss=-2.4061 | res=2.19e-02 | grad=5.74e-01 | 1.1s
[   638] loss=-2.3062 | res=2.51e-02 | grad=3.13e-01 | 1.1s
[   639] loss=-2.2739 | res=2.57e-02 | grad=8.76e-01 | 1.0s
[   640] loss=-2.1719 | res=2.19e-02 | grad=6.12e-01 | 1.1s
[   641] loss=-2.1574 | res=1.82e-02 | grad=3.48e-01 | 1.1s
[   642] loss=-2.3564 | res=2.75e-02 | grad=2.44e-01 | 1.1s
[   643] loss=-2.4571 | res=2.54e-02 | grad=5.85e-01 | 1.1s
[   644] loss=-2.1661 | res=2.18e-02 | grad=1.09e+00 | 1.0s
[   645] loss=-2.3383 | res=2.15e-02 | grad=5.38e-01 | 1.0s
[   646] loss=-2.3642 | res=2.51e-02 | grad=6.80e-01 | 1.0s
[   647] loss=-2.2487 | res=2.39e-02 | grad=6.19e-01 | 1.0s
[   648] loss=-2.1334 | res=2.59e-02 | grad=4.43e-01 | 1.1s
[   649] loss=-2.3438 | res=2.15e-02 | grad=1.05e+00 | 1.1s
[   650] loss=-2.3229 | res=2.84e-02 | grad=6.19e-01 | 1.1s
[   651] loss=-2.3248 | res=2.54e-02 | grad=2.98e-01 | 1.1s
[   652] loss=-2.3455 | res=2.43e-02 | grad=3.90e-01 | 1.1s
[   653] loss=-2.4530 | res=2.39e-02 | grad=4.98e-01 | 1.1s
[   654] loss=-2.4140 | res=2.17e-02 | grad=8.27e-01 | 1.1s
[   655] loss=-2.1191 | res=2.22e-02 | grad=8.41e-01 | 1.1s
[   656] loss=-2.2513 | res=2.28e-02 | grad=5.77e-01 | 1.1s
[   657] loss=-2.3990 | res=2.05e-02 | grad=8.28e-01 | 1.1s
[   658] loss=-2.3231 | res=2.67e-02 | grad=7.34e-01 | 1.1s
[   659] loss=-2.3167 | res=2.79e-02 | grad=7.41e-01 | 1.1s
[   660] loss=-2.1733 | res=2.03e-02 | grad=2.72e-01 | 1.0s
[   661] loss=-2.3649 | res=2.22e-02 | grad=3.99e-01 | 1.1s
[   662] loss=-2.2694 | res=1.47e-02 | grad=4.10e-01 | 1.1s
[   663] loss=-2.2929 | res=1.75e-02 | grad=4.51e-01 | 1.0s
[   664] loss=-2.4378 | res=2.21e-02 | grad=5.24e-01 | 1.1s
[   665] loss=-2.2444 | res=2.29e-02 | grad=3.66e-01 | 1.1s
[   666] loss=-2.2516 | res=1.45e-02 | grad=3.85e-01 | 1.1s
[   667] loss=-2.1359 | res=2.13e-02 | grad=2.98e-01 | 1.1s
[   668] loss=-2.3439 | res=2.29e-02 | grad=3.34e-01 | 1.0s
[   669] loss=-2.4207 | res=2.58e-02 | grad=5.25e-01 | 1.1s
[   670] loss=-2.2664 | res=2.18e-02 | grad=1.96e-01 | 1.0s
[   671] loss=-2.2629 | res=2.11e-02 | grad=4.48e-01 | 1.1s
[   672] loss=-2.4167 | res=2.30e-02 | grad=1.91e-01 | 1.1s
[   673] loss=-2.2684 | res=2.44e-02 | grad=7.85e-01 | 1.0s
[   674] loss=-2.2877 | res=2.06e-02 | grad=3.68e-01 | 1.1s
[   675] loss=-2.4964 | res=2.43e-02 | grad=3.05e-01 | 1.0s
[   676] loss=-2.3010 | res=2.17e-02 | grad=2.71e-01 | 1.0s
[   677] loss=-2.2324 | res=1.84e-02 | grad=2.43e-01 | 1.1s
[   678] loss=-2.1478 | res=2.08e-02 | grad=7.01e-01 | 1.1s
[   679] loss=-2.4337 | res=2.01e-02 | grad=3.79e-01 | 1.1s
[   680] loss=-2.2580 | res=2.56e-02 | grad=4.65e-01 | 1.1s
[   681] loss=-2.2457 | res=2.98e-02 | grad=2.11e-01 | 1.1s
[   682] loss=-2.1784 | res=2.11e-02 | grad=3.92e-01 | 1.1s
[   683] loss=-2.4185 | res=2.06e-02 | grad=5.73e-01 | 1.1s
[   684] loss=-2.3635 | res=1.75e-02 | grad=6.15e-01 | 1.1s
[   685] loss=-2.5386 | res=2.31e-02 | grad=6.09e-01 | 1.1s
[   686] loss=-2.2510 | res=2.58e-02 | grad=5.69e-01 | 1.1s
[   687] loss=-2.5048 | res=2.07e-02 | grad=6.59e-01 | 1.0s
[   688] loss=-2.4940 | res=2.22e-02 | grad=1.11e+00 | 1.1s
[   689] loss=-2.3323 | res=2.61e-02 | grad=4.66e-01 | 1.1s
[   690] loss=-2.3600 | res=2.51e-02 | grad=3.51e-01 | 1.1s
[   691] loss=-2.5065 | res=2.25e-02 | grad=5.01e-01 | 1.1s
[   692] loss=-2.3026 | res=2.31e-02 | grad=5.79e-01 | 1.1s
[   693] loss=-2.4208 | res=2.65e-02 | grad=6.26e-01 | 1.1s
[   694] loss=-2.1717 | res=2.08e-02 | grad=5.77e-01 | 1.1s
[   695] loss=-2.4528 | res=2.55e-02 | grad=2.93e-01 | 1.0s
[   696] loss=-2.3143 | res=2.73e-02 | grad=3.98e-01 | 1.0s
[   697] loss=-2.2558 | res=1.90e-02 | grad=3.79e-01 | 1.1s
[   698] loss=-2.3220 | res=2.06e-02 | grad=7.44e-01 | 1.0s
[   699] loss=-2.3817 | res=2.57e-02 | grad=3.62e-01 | 1.0s
[   700] loss=-2.4828 | res=2.11e-02 | grad=4.75e-01 | 1.1s
[   701] loss=-2.4050 | res=2.52e-02 | grad=5.67e-01 | 1.1s
[   702] loss=-2.4826 | res=1.99e-02 | grad=8.83e-01 | 1.1s
[   703] loss=-2.2958 | res=1.58e-02 | grad=1.20e-01 | 1.1s
[   704] loss=-2.1541 | res=2.82e-02 | grad=3.98e-01 | 1.1s
[   705] loss=-2.4136 | res=2.17e-02 | grad=2.40e-01 | 1.1s
[   706] loss=-2.3310 | res=1.74e-02 | grad=4.28e-01 | 1.1s
[   707] loss=-2.1967 | res=2.14e-02 | grad=7.30e-01 | 1.0s
[   708] loss=-2.3088 | res=2.20e-02 | grad=6.31e-01 | 1.1s
[   709] loss=-2.1524 | res=2.35e-02 | grad=4.45e-01 | 1.1s
[   710] loss=-2.2356 | res=1.91e-02 | grad=4.33e-01 | 1.1s
[   711] loss=-2.2833 | res=2.32e-02 | grad=1.19e-01 | 1.1s
[   712] loss=-2.1254 | res=2.35e-02 | grad=4.12e-01 | 1.1s
[   713] loss=-2.3150 | res=1.97e-02 | grad=9.53e-01 | 1.1s
[   714] loss=-2.3821 | res=2.03e-02 | grad=8.30e-01 | 1.1s
[   715] loss=-2.3712 | res=1.84e-02 | grad=5.54e-01 | 1.1s
[   716] loss=-2.3170 | res=1.80e-02 | grad=6.61e-01 | 1.1s
[   717] loss=-2.3485 | res=1.86e-02 | grad=6.95e-01 | 1.1s
[   718] loss=-2.2268 | res=2.98e-02 | grad=2.51e-01 | 1.1s
[   719] loss=-2.3262 | res=1.80e-02 | grad=3.59e-01 | 1.0s
[   720] loss=-2.2706 | res=2.18e-02 | grad=1.75e-01 | 1.0s
[   721] loss=-2.1303 | res=3.01e-02 | grad=4.70e-01 | 1.0s
[   722] loss=-2.1569 | res=2.02e-02 | grad=7.17e-01 | 1.0s
[   723] loss=-2.3649 | res=1.89e-02 | grad=3.52e-01 | 1.1s
[   724] loss=-2.2569 | res=2.40e-02 | grad=1.82e-01 | 1.1s
[   725] loss=-2.5645 | res=2.16e-02 | grad=4.85e-01 | 1.1s
[   726] loss=-2.4064 | res=1.89e-02 | grad=4.26e-01 | 1.1s
[   727] loss=-2.4189 | res=2.72e-02 | grad=2.08e-01 | 1.0s
[   728] loss=-2.3460 | res=2.23e-02 | grad=1.92e-01 | 1.1s
[   729] loss=-2.5644 | res=2.63e-02 | grad=5.36e-01 | 1.1s
[   730] loss=-2.4620 | res=1.79e-02 | grad=3.18e-01 | 1.1s
[   731] loss=-2.3592 | res=2.23e-02 | grad=2.14e-01 | 1.1s
[   732] loss=-2.2165 | res=2.15e-02 | grad=6.22e-01 | 1.1s
[   733] loss=-2.3636 | res=2.51e-02 | grad=3.07e-01 | 1.1s
[   734] loss=-2.4138 | res=2.39e-02 | grad=4.07e-01 | 1.1s
[   735] loss=-2.5587 | res=2.18e-02 | grad=5.20e-01 | 1.1s
[   736] loss=-2.1207 | res=2.54e-02 | grad=5.94e-01 | 1.1s
[   737] loss=-2.2121 | res=2.54e-02 | grad=4.36e-01 | 1.0s
[   738] loss=-2.2912 | res=1.95e-02 | grad=8.31e-01 | 1.1s
[   739] loss=-2.3170 | res=2.41e-02 | grad=5.62e-01 | 1.1s
[   740] loss=-2.2320 | res=2.22e-02 | grad=2.55e-01 | 1.1s
[   741] loss=-2.0921 | res=2.55e-02 | grad=3.57e-01 | 1.1s
[   742] loss=-2.1420 | res=1.83e-02 | grad=3.99e-01 | 1.0s
[   743] loss=-2.2692 | res=2.02e-02 | grad=2.94e-01 | 1.1s
[   744] loss=-2.2465 | res=1.49e-02 | grad=4.90e-01 | 1.1s
[   745] loss=-2.3978 | res=2.03e-02 | grad=8.26e-01 | 1.0s
[   746] loss=-2.4938 | res=1.95e-02 | grad=7.35e-01 | 1.1s
[   747] loss=-2.2803 | res=2.13e-02 | grad=3.91e-01 | 1.0s
[   748] loss=-2.5257 | res=1.99e-02 | grad=8.89e-01 | 1.0s
[   749] loss=-2.2184 | res=2.11e-02 | grad=3.08e-01 | 1.1s
[   750] loss=-2.2863 | res=2.23e-02 | grad=3.43e-01 | 1.1s
[   751] loss=-2.2729 | res=2.30e-02 | grad=2.68e-01 | 1.1s
[   752] loss=-2.1987 | res=2.72e-02 | grad=2.77e-01 | 1.1s
[   753] loss=-2.1861 | res=2.17e-02 | grad=6.53e-01 | 1.1s
[   754] loss=-2.2825 | res=2.51e-02 | grad=5.34e-01 | 1.1s
[   755] loss=-2.3596 | res=2.44e-02 | grad=5.43e-01 | 1.1s
[   756] loss=-2.4220 | res=1.37e-02 | grad=7.31e-01 | 1.1s
[   757] loss=-2.2359 | res=1.77e-02 | grad=6.93e-01 | 1.0s
[   758] loss=-2.4572 | res=1.93e-02 | grad=3.35e-01 | 1.1s
[   759] loss=-2.3101 | res=2.10e-02 | grad=8.69e-01 | 1.1s
[   760] loss=-2.4055 | res=2.12e-02 | grad=4.15e-01 | 1.1s
[   761] loss=-2.3857 | res=1.73e-02 | grad=3.06e-01 | 1.1s
[   762] loss=-2.5380 | res=1.98e-02 | grad=5.31e-01 | 1.1s
[   763] loss=-2.5175 | res=2.12e-02 | grad=6.93e-01 | 1.1s
[   764] loss=-2.5613 | res=2.76e-02 | grad=2.77e-01 | 1.1s
[   765] loss=-2.3790 | res=2.14e-02 | grad=8.03e-01 | 1.1s
[   766] loss=-2.2465 | res=2.39e-02 | grad=4.58e-01 | 1.1s
[   767] loss=-2.3091 | res=2.32e-02 | grad=5.85e-01 | 1.1s
[   768] loss=-2.4415 | res=3.19e-02 | grad=3.35e-01 | 1.1s
[   769] loss=-2.3370 | res=2.48e-02 | grad=7.11e-01 | 1.1s
[   770] loss=-2.0472 | res=2.56e-02 | grad=5.70e-01 | 1.0s
[   771] loss=-2.3560 | res=2.36e-02 | grad=5.70e-01 | 1.0s
[   772] loss=-2.3908 | res=2.69e-02 | grad=4.56e-01 | 1.1s
[   773] loss=-2.3289 | res=2.27e-02 | grad=3.98e-01 | 1.1s
[   774] loss=-2.4528 | res=2.40e-02 | grad=5.56e-01 | 1.1s
[   775] loss=-2.4566 | res=2.03e-02 | grad=5.91e-01 | 1.1s
[   776] loss=-2.3846 | res=2.22e-02 | grad=4.85e-01 | 1.1s
[   777] loss=-2.3171 | res=2.08e-02 | grad=3.54e-01 | 1.0s
[   778] loss=-2.4154 | res=2.10e-02 | grad=4.43e-01 | 1.0s
[   779] loss=-2.3021 | res=2.35e-02 | grad=5.88e-01 | 1.1s
[   780] loss=-2.1171 | res=2.21e-02 | grad=8.29e-01 | 1.1s
[   781] loss=-2.2977 | res=2.22e-02 | grad=4.82e-01 | 1.1s
[   782] loss=-2.2720 | res=2.62e-02 | grad=6.29e-01 | 1.1s
[   783] loss=-2.1929 | res=1.68e-02 | grad=5.82e-01 | 1.0s
[   784] loss=-2.5106 | res=1.98e-02 | grad=3.12e-01 | 1.1s
[   785] loss=-2.0364 | res=2.80e-02 | grad=2.99e-01 | 1.1s
[   786] loss=-2.4052 | res=2.65e-02 | grad=3.92e-01 | 1.1s
[   787] loss=-2.1521 | res=2.25e-02 | grad=8.20e-01 | 1.1s
[   788] loss=-2.0421 | res=2.21e-02 | grad=7.66e-01 | 1.1s
[   789] loss=-2.3465 | res=2.33e-02 | grad=1.05e+00 | 1.0s
[   790] loss=-2.0493 | res=2.59e-02 | grad=4.79e-01 | 1.0s
[   791] loss=-2.3418 | res=2.37e-02 | grad=5.58e-01 | 1.1s
[   792] loss=-2.3762 | res=2.57e-02 | grad=2.79e-01 | 1.1s
[   793] loss=-2.2755 | res=2.34e-02 | grad=5.68e-01 | 1.1s
[   794] loss=-2.2360 | res=1.86e-02 | grad=6.97e-01 | 1.1s
[   795] loss=-2.1229 | res=2.24e-02 | grad=4.89e-01 | 1.0s
[   796] loss=-2.3284 | res=1.68e-02 | grad=6.55e-01 | 1.0s
[   797] loss=-2.3647 | res=1.62e-02 | grad=6.17e-01 | 1.0s
[   798] loss=-2.1332 | res=2.05e-02 | grad=5.69e-01 | 1.0s
[   799] loss=-2.1257 | res=2.01e-02 | grad=6.81e-01 | 1.0s
[   800] loss=-2.2104 | res=2.20e-02 | grad=6.12e-01 | 1.1s
[   801] loss=-2.4402 | res=1.85e-02 | grad=4.33e-01 | 1.1s
[   802] loss=-2.2941 | res=2.31e-02 | grad=5.00e-01 | 1.1s
[   803] loss=-2.4021 | res=1.91e-02 | grad=4.51e-01 | 1.1s
[   804] loss=-2.2076 | res=1.68e-02 | grad=2.33e-01 | 1.1s
[   805] loss=-2.3885 | res=1.85e-02 | grad=4.73e-01 | 1.1s
[   806] loss=-2.2280 | res=1.91e-02 | grad=6.28e-01 | 1.1s
[   807] loss=-2.5600 | res=2.12e-02 | grad=1.34e+00 | 1.1s
[   808] loss=-2.2916 | res=1.60e-02 | grad=6.43e-01 | 1.1s
[   809] loss=-2.2314 | res=1.83e-02 | grad=8.29e-01 | 1.1s
[   810] loss=-2.3602 | res=1.97e-02 | grad=6.06e-01 | 1.1s
[   811] loss=-2.3764 | res=1.77e-02 | grad=4.50e-01 | 1.1s
[   812] loss=-2.4887 | res=2.38e-02 | grad=5.98e-01 | 1.1s
[   813] loss=-2.2155 | res=2.06e-02 | grad=5.28e-01 | 1.1s
[   814] loss=-2.1682 | res=1.97e-02 | grad=1.19e+00 | 1.1s
[   815] loss=-2.3847 | res=2.10e-02 | grad=7.19e-01 | 1.1s
[   816] loss=-2.3574 | res=2.42e-02 | grad=2.82e-01 | 1.1s
[   817] loss=-2.3883 | res=2.22e-02 | grad=7.17e-01 | 1.1s
[   818] loss=-2.1022 | res=1.90e-02 | grad=7.33e-01 | 1.1s
[   819] loss=-2.1461 | res=2.77e-02 | grad=4.86e-01 | 1.0s
[   820] loss=-2.2256 | res=2.56e-02 | grad=5.73e-01 | 1.0s
[   821] loss=-2.2179 | res=1.63e-02 | grad=5.28e-01 | 1.0s
[   822] loss=-2.1370 | res=1.88e-02 | grad=2.32e-01 | 1.0s
[   823] loss=-2.3438 | res=2.32e-02 | grad=1.01e+00 | 1.0s
[   824] loss=-2.3235 | res=1.98e-02 | grad=3.64e-01 | 1.1s
[   825] loss=-2.1532 | res=1.83e-02 | grad=3.75e-01 | 1.1s
[   826] loss=-2.3926 | res=2.45e-02 | grad=5.63e-01 | 1.1s
[   827] loss=-2.2522 | res=1.45e-02 | grad=4.37e-01 | 1.1s
[   828] loss=-2.2233 | res=2.10e-02 | grad=8.12e-01 | 1.1s
[   829] loss=-2.4008 | res=2.53e-02 | grad=7.93e-01 | 1.1s
[   830] loss=-2.3018 | res=1.53e-02 | grad=6.20e-01 | 1.1s
[   831] loss=-2.6590 | res=1.48e-02 | grad=5.81e-01 | 1.0s
[   832] loss=-2.3677 | res=2.08e-02 | grad=4.14e-01 | 1.1s
[   833] loss=-2.3788 | res=2.26e-02 | grad=6.41e-01 | 1.1s
[   834] loss=-2.3596 | res=1.97e-02 | grad=5.09e-01 | 1.1s
[   835] loss=-2.1838 | res=2.21e-02 | grad=8.06e-01 | 1.1s
[   836] loss=-2.4212 | res=1.79e-02 | grad=6.46e-01 | 1.1s
[   837] loss=-2.3664 | res=2.06e-02 | grad=4.17e-01 | 1.1s
[   838] loss=-2.5160 | res=1.92e-02 | grad=5.05e-01 | 1.1s
[   839] loss=-2.3000 | res=2.14e-02 | grad=5.29e-01 | 1.0s
[   840] loss=-2.2181 | res=2.00e-02 | grad=4.08e-01 | 1.0s
[   841] loss=-2.3497 | res=2.40e-02 | grad=1.68e-01 | 1.1s
[   842] loss=-2.5090 | res=2.02e-02 | grad=4.03e-01 | 1.1s
[   843] loss=-2.3227 | res=1.21e-02 | grad=1.48e-01 | 1.1s
[   844] loss=-2.2401 | res=2.10e-02 | grad=6.31e-01 | 1.1s
[   845] loss=-2.3332 | res=2.39e-02 | grad=4.98e-01 | 1.0s
[   846] loss=-2.3791 | res=2.27e-02 | grad=1.05e+00 | 1.1s
[   847] loss=-2.2227 | res=2.62e-02 | grad=1.87e-01 | 1.0s
[   848] loss=-2.2161 | res=1.74e-02 | grad=3.26e-01 | 1.0s
[   849] loss=-2.2690 | res=1.82e-02 | grad=2.01e-01 | 1.0s
[   850] loss=-2.3543 | res=2.20e-02 | grad=4.13e-01 | 1.1s
[   851] loss=-2.2872 | res=2.76e-02 | grad=7.87e-01 | 1.1s
[   852] loss=-2.4075 | res=1.66e-02 | grad=1.52e-01 | 1.0s
[   853] loss=-2.2156 | res=2.07e-02 | grad=3.30e-01 | 1.0s
[   854] loss=-2.3292 | res=2.23e-02 | grad=3.81e-01 | 1.1s
[   855] loss=-2.0987 | res=2.21e-02 | grad=4.98e-01 | 1.1s
[   856] loss=-2.3216 | res=1.87e-02 | grad=2.74e-01 | 1.1s
[   857] loss=-2.1952 | res=2.42e-02 | grad=3.26e-01 | 1.1s
[   858] loss=-2.2370 | res=2.24e-02 | grad=3.21e-01 | 1.1s
[   859] loss=-2.4490 | res=2.10e-02 | grad=5.70e-01 | 1.1s
[   860] loss=-2.4033 | res=1.61e-02 | grad=2.67e-01 | 1.1s
[   861] loss=-2.3818 | res=2.09e-02 | grad=4.01e-01 | 1.1s
[   862] loss=-2.2983 | res=2.11e-02 | grad=5.17e-01 | 1.1s
[   863] loss=-2.3827 | res=1.92e-02 | grad=4.38e-01 | 1.1s
[   864] loss=-2.4410 | res=1.54e-02 | grad=4.08e-01 | 1.1s
[   865] loss=-2.0659 | res=2.02e-02 | grad=6.51e-01 | 1.1s
[   866] loss=-2.4647 | res=2.05e-02 | grad=3.17e-01 | 1.1s
[   867] loss=-2.4659 | res=2.17e-02 | grad=4.13e-01 | 1.1s
[   868] loss=-2.3164 | res=2.11e-02 | grad=4.35e-01 | 1.1s
[   869] loss=-2.4100 | res=2.89e-02 | grad=4.81e-01 | 1.1s
[   870] loss=-2.1100 | res=2.02e-02 | grad=8.84e-01 | 1.0s
[   871] loss=-2.0774 | res=2.43e-02 | grad=6.74e-01 | 1.0s
[   872] loss=-2.1597 | res=2.50e-02 | grad=4.16e-01 | 1.0s
[   873] loss=-2.3026 | res=2.24e-02 | grad=5.20e-01 | 1.1s
[   874] loss=-2.2587 | res=1.52e-02 | grad=2.83e-01 | 1.1s
[   875] loss=-2.1622 | res=1.91e-02 | grad=5.73e-01 | 1.1s
[   876] loss=-2.2562 | res=1.57e-02 | grad=6.88e-01 | 1.1s
[   877] loss=-2.0921 | res=2.83e-02 | grad=3.60e-01 | 1.1s
[   878] loss=-2.1946 | res=2.03e-02 | grad=7.07e-01 | 1.1s
[   879] loss=-2.2577 | res=2.13e-02 | grad=3.14e-01 | 1.1s
[   880] loss=-2.3197 | res=2.29e-02 | grad=4.72e-01 | 1.1s
[   881] loss=-2.4824 | res=1.92e-02 | grad=1.13e+00 | 1.1s
[   882] loss=-2.1475 | res=2.37e-02 | grad=1.78e-01 | 1.1s
[   883] loss=-2.3113 | res=2.18e-02 | grad=4.33e-01 | 1.1s
[   884] loss=-2.2320 | res=2.29e-02 | grad=5.55e-01 | 1.0s
[   885] loss=-2.2958 | res=1.86e-02 | grad=3.87e-01 | 1.1s
[   886] loss=-2.2373 | res=2.34e-02 | grad=6.16e-01 | 1.0s
[   887] loss=-2.5307 | res=2.63e-02 | grad=3.06e-01 | 1.1s
[   888] loss=-2.4427 | res=2.24e-02 | grad=2.20e-01 | 1.1s
[   889] loss=-2.2173 | res=1.88e-02 | grad=5.33e-01 | 1.0s
[   890] loss=-2.2141 | res=2.26e-02 | grad=5.58e-01 | 1.1s
[   891] loss=-2.3571 | res=2.40e-02 | grad=3.20e-01 | 1.0s
[   892] loss=-2.4127 | res=1.90e-02 | grad=4.04e-01 | 1.1s
[   893] loss=-2.2021 | res=2.57e-02 | grad=4.21e-01 | 1.1s
[   894] loss=-2.1895 | res=1.52e-02 | grad=7.32e-01 | 1.1s
[   895] loss=-2.1599 | res=2.13e-02 | grad=4.12e-01 | 1.0s
[   896] loss=-2.1347 | res=1.76e-02 | grad=4.52e-01 | 1.0s
[   897] loss=-2.2181 | res=1.90e-02 | grad=3.17e-01 | 1.1s
[   898] loss=-2.2581 | res=2.01e-02 | grad=2.91e-01 | 1.1s
[   899] loss=-2.3350 | res=1.64e-02 | grad=7.11e-01 | 1.1s
[   900] loss=-2.2600 | res=1.57e-02 | grad=6.66e-01 | 1.1s
[   901] loss=-2.3126 | res=1.71e-02 | grad=5.80e-01 | 1.1s
[   902] loss=-2.3617 | res=2.08e-02 | grad=6.96e-01 | 1.1s
[   903] loss=-2.3826 | res=1.46e-02 | grad=5.08e-01 | 1.1s
[   904] loss=-2.4508 | res=1.85e-02 | grad=3.25e-01 | 1.0s
[   905] loss=-2.2149 | res=1.75e-02 | grad=5.34e-01 | 1.1s
[   906] loss=-2.1967 | res=2.06e-02 | grad=7.12e-01 | 1.1s
[   907] loss=-2.0503 | res=2.05e-02 | grad=1.04e+00 | 1.1s
[   908] loss=-2.2096 | res=1.87e-02 | grad=9.04e-01 | 1.1s
[   909] loss=-2.3622 | res=1.40e-02 | grad=7.07e-01 | 1.1s
[   910] loss=-2.3339 | res=1.78e-02 | grad=4.37e-01 | 1.1s
[   911] loss=-2.2192 | res=2.20e-02 | grad=6.12e-01 | 1.0s
[   912] loss=-2.1736 | res=2.07e-02 | grad=4.54e-01 | 1.1s
[   913] loss=-2.2333 | res=2.45e-02 | grad=2.58e-01 | 1.1s
[   914] loss=-2.1883 | res=2.24e-02 | grad=3.71e-01 | 1.1s
[   915] loss=-2.2876 | res=1.70e-02 | grad=4.18e-01 | 1.1s
[   916] loss=-2.2839 | res=1.94e-02 | grad=9.10e-01 | 1.1s
[   917] loss=-2.2651 | res=1.65e-02 | grad=5.86e-01 | 1.1s
[   918] loss=-2.1204 | res=1.42e-02 | grad=3.46e-01 | 1.1s
[   919] loss=-2.2619 | res=1.86e-02 | grad=5.30e-01 | 1.1s
[   920] loss=-2.4018 | res=2.12e-02 | grad=5.08e-01 | 1.0s
[   921] loss=-2.2981 | res=1.81e-02 | grad=6.04e-01 | 1.0s
[   922] loss=-2.2736 | res=1.36e-02 | grad=3.77e-01 | 1.1s
[   923] loss=-2.2812 | res=1.99e-02 | grad=6.08e-01 | 1.0s
[   924] loss=-2.2953 | res=1.70e-02 | grad=7.30e-01 | 1.1s
[   925] loss=-2.2391 | res=2.25e-02 | grad=4.68e-01 | 1.1s
[   926] loss=-2.5205 | res=1.73e-02 | grad=6.96e-01 | 1.1s
[   927] loss=-2.4952 | res=1.91e-02 | grad=5.22e-01 | 1.1s
[   928] loss=-2.2852 | res=1.74e-02 | grad=3.60e-01 | 1.1s
[   929] loss=-2.3629 | res=1.99e-02 | grad=7.37e-01 | 1.1s
[   930] loss=-2.3853 | res=2.17e-02 | grad=5.21e-01 | 1.1s
[   931] loss=-2.4266 | res=2.07e-02 | grad=1.80e-01 | 1.1s
[   932] loss=-2.3638 | res=1.74e-02 | grad=3.67e-01 | 1.1s
[   933] loss=-2.2879 | res=2.03e-02 | grad=4.16e-01 | 1.1s
[   934] loss=-2.0796 | res=2.26e-02 | grad=9.48e-01 | 1.1s
[   935] loss=-2.2496 | res=1.71e-02 | grad=6.65e-01 | 1.1s
[   936] loss=-2.1269 | res=1.91e-02 | grad=2.70e-01 | 1.0s
[   937] loss=-2.3836 | res=1.71e-02 | grad=8.15e-01 | 1.1s
[   938] loss=-2.3069 | res=1.83e-02 | grad=4.90e-01 | 1.1s
[   939] loss=-2.1151 | res=1.92e-02 | grad=4.08e-01 | 1.1s
[   940] loss=-2.2884 | res=2.15e-02 | grad=5.78e-01 | 1.1s
[   941] loss=-2.2857 | res=1.83e-02 | grad=6.47e-01 | 1.1s
[   942] loss=-2.3723 | res=2.00e-02 | grad=4.58e-01 | 1.1s
[   943] loss=-2.2660 | res=2.95e-02 | grad=7.30e-01 | 1.1s
[   944] loss=-2.3538 | res=1.78e-02 | grad=5.19e-01 | 1.1s
[   945] loss=-2.3951 | res=2.27e-02 | grad=4.54e-01 | 1.0s
[   946] loss=-2.3887 | res=2.60e-02 | grad=2.16e-01 | 1.0s
[   947] loss=-2.1937 | res=2.38e-02 | grad=5.91e-01 | 1.0s
[   948] loss=-2.2483 | res=2.47e-02 | grad=1.07e+00 | 1.1s
[   949] loss=-2.2493 | res=2.15e-02 | grad=2.36e-01 | 1.1s
[   950] loss=-2.3765 | res=1.64e-02 | grad=2.80e-01 | 1.0s
[   951] loss=-2.1840 | res=1.88e-02 | grad=2.66e-01 | 1.1s
[   952] loss=-2.1926 | res=1.74e-02 | grad=1.02e+00 | 1.1s
[   953] loss=-2.4477 | res=1.87e-02 | grad=4.56e-01 | 1.0s
[   954] loss=-2.3965 | res=1.71e-02 | grad=6.28e-01 | 1.1s
[   955] loss=-2.3522 | res=2.36e-02 | grad=2.80e-01 | 1.1s
[   956] loss=-2.1327 | res=2.01e-02 | grad=5.45e-01 | 1.0s
[   957] loss=-2.2198 | res=2.20e-02 | grad=4.54e-01 | 1.1s
[   958] loss=-2.6176 | res=1.38e-02 | grad=7.77e-01 | 1.1s
[   959] loss=-2.2604 | res=1.85e-02 | grad=1.71e-01 | 1.1s
[   960] loss=-2.2468 | res=1.65e-02 | grad=1.69e-01 | 1.1s
[   961] loss=-2.3203 | res=1.91e-02 | grad=4.47e-01 | 1.1s
[   962] loss=-2.5315 | res=1.59e-02 | grad=7.64e-01 | 1.1s
[   963] loss=-2.3515 | res=1.53e-02 | grad=1.68e-01 | 1.1s
[   964] loss=-2.2862 | res=2.03e-02 | grad=2.29e-01 | 1.1s
[   965] loss=-2.3094 | res=2.63e-02 | grad=2.64e-01 | 1.1s
[   966] loss=-2.3013 | res=1.89e-02 | grad=4.43e-01 | 1.1s
[   967] loss=-2.3451 | res=2.40e-02 | grad=7.16e-01 | 1.0s
[   968] loss=-2.1286 | res=2.45e-02 | grad=5.62e-01 | 1.1s
[   969] loss=-2.3335 | res=1.53e-02 | grad=1.79e-01 | 1.1s
[   970] loss=-2.4308 | res=1.79e-02 | grad=1.08e+00 | 1.0s
[   971] loss=-2.2009 | res=2.20e-02 | grad=6.45e-01 | 1.0s
[   972] loss=-2.4022 | res=1.21e-02 | grad=2.98e-01 | 1.1s
[   973] loss=-2.4465 | res=2.32e-02 | grad=4.24e-01 | 1.1s
[   974] loss=-2.3757 | res=1.67e-02 | grad=2.39e-01 | 1.1s
[   975] loss=-2.1925 | res=2.21e-02 | grad=3.29e-01 | 1.1s
[   976] loss=-2.0254 | res=1.61e-02 | grad=6.01e-01 | 1.0s
[   977] loss=-2.4294 | res=1.98e-02 | grad=3.42e-01 | 1.1s
[   978] loss=-2.2808 | res=2.06e-02 | grad=5.42e-01 | 1.1s
[   979] loss=-2.3228 | res=1.97e-02 | grad=3.52e-01 | 1.1s
[   980] loss=-2.2838 | res=2.15e-02 | grad=2.47e-01 | 1.1s
[   981] loss=-2.3584 | res=1.80e-02 | grad=6.92e-01 | 1.1s
[   982] loss=-2.4004 | res=2.09e-02 | grad=3.28e-01 | 1.1s
[   983] loss=-2.2618 | res=3.21e-02 | grad=5.19e-01 | 1.1s
[   984] loss=-2.1877 | res=1.74e-02 | grad=5.07e-01 | 1.0s
[   985] loss=-2.2493 | res=2.48e-02 | grad=2.87e-01 | 1.1s
[   986] loss=-2.2919 | res=2.09e-02 | grad=3.84e-01 | 1.1s
[   987] loss=-2.4001 | res=2.34e-02 | grad=4.07e-01 | 1.0s
[   988] loss=-2.1060 | res=1.80e-02 | grad=5.71e-01 | 1.1s
[   989] loss=-2.3886 | res=2.54e-02 | grad=3.10e-01 | 1.1s
[   990] loss=-2.3104 | res=1.79e-02 | grad=5.38e-01 | 1.1s
[   991] loss=-2.2172 | res=1.78e-02 | grad=4.09e-01 | 1.1s
[   992] loss=-2.5412 | res=1.84e-02 | grad=5.02e-01 | 1.1s
[   993] loss=-2.3132 | res=2.18e-02 | grad=8.16e-01 | 1.1s
[   994] loss=-2.3477 | res=1.87e-02 | grad=4.67e-01 | 1.1s
[   995] loss=-2.2511 | res=2.48e-02 | grad=4.39e-01 | 1.0s
[   996] loss=-2.4473 | res=2.17e-02 | grad=9.21e-01 | 1.1s
[   997] loss=-2.3872 | res=1.45e-02 | grad=5.63e-01 | 1.1s
[   998] loss=-2.3513 | res=1.79e-02 | grad=3.56e-01 | 1.0s
[   999] loss=-2.4326 | res=1.97e-02 | grad=3.09e-01 | 1.1s
[  1000] loss=-2.2386 | res=1.55e-02 | grad=6.90e-01 | 1.0s
    KL = 0.1316
    ESS ratio = 0.690
    Runtime = 1064.8s

  --- Run 2/5 (seed=23456) ---
[     1] loss=0.0036 | res=2.25e-03 | grad=7.77e+00 | 4.1s
[     2] loss=-0.1533 | res=2.78e-03 | grad=7.44e+00 | 1.0s
[     3] loss=-0.3020 | res=1.66e-03 | grad=7.82e+00 | 1.1s
[     4] loss=-0.4242 | res=3.03e-03 | grad=7.53e+00 | 1.1s
[     5] loss=-0.5939 | res=3.50e-03 | grad=8.12e+00 | 1.1s
[     6] loss=-0.7665 | res=3.83e-03 | grad=8.76e+00 | 1.1s
[     7] loss=-0.8671 | res=4.29e-03 | grad=8.26e+00 | 1.1s
[     8] loss=-1.0183 | res=4.02e-03 | grad=8.05e+00 | 1.1s
[     9] loss=-1.1974 | res=4.81e-03 | grad=8.19e+00 | 1.1s
[    10] loss=-1.2584 | res=3.93e-03 | grad=7.27e+00 | 1.1s
[    11] loss=-1.5194 | res=4.86e-03 | grad=7.30e+00 | 1.1s
[    12] loss=-1.6136 | res=4.35e-03 | grad=6.17e+00 | 1.0s
[    13] loss=-1.5741 | res=3.83e-03 | grad=5.07e+00 | 1.1s
[    14] loss=-1.9107 | res=4.00e-03 | grad=5.26e+00 | 1.1s
[    15] loss=-1.9215 | res=4.23e-03 | grad=4.71e+00 | 1.0s
[    16] loss=-1.8826 | res=2.72e-03 | grad=4.00e+00 | 1.1s
[    17] loss=-2.0653 | res=2.42e-03 | grad=3.81e+00 | 1.0s
[    18] loss=-2.0814 | res=2.19e-03 | grad=3.17e+00 | 1.1s
[    19] loss=-2.1514 | res=2.52e-03 | grad=2.78e+00 | 1.1s
[    20] loss=-2.2568 | res=1.73e-03 | grad=2.74e+00 | 1.1s
[    21] loss=-2.1596 | res=9.04e-04 | grad=2.00e+00 | 1.1s
[    22] loss=-2.2673 | res=1.32e-03 | grad=1.59e+00 | 1.1s
[    23] loss=-2.3313 | res=1.38e-03 | grad=1.21e+00 | 1.1s
[    24] loss=-2.4872 | res=1.19e-03 | grad=9.38e-01 | 1.0s
[    25] loss=-2.3459 | res=1.43e-03 | grad=4.49e-01 | 1.1s
[    26] loss=-2.1816 | res=1.12e-03 | grad=3.44e-01 | 1.1s
[    27] loss=-2.3888 | res=1.04e-03 | grad=3.62e-01 | 1.1s
[    28] loss=-2.1927 | res=2.95e-03 | grad=9.47e-01 | 1.1s
[    29] loss=-2.3442 | res=3.01e-03 | grad=7.80e-01 | 1.0s
[    30] loss=-2.0047 | res=2.95e-03 | grad=1.14e+00 | 1.1s
[    31] loss=-2.3659 | res=1.67e-03 | grad=1.03e+00 | 1.0s
[    32] loss=-2.2303 | res=1.35e-03 | grad=1.31e+00 | 1.1s
[    33] loss=-2.2943 | res=2.44e-03 | grad=1.17e+00 | 1.0s
[    34] loss=-2.1525 | res=2.57e-03 | grad=1.35e+00 | 1.0s
[    35] loss=-2.3691 | res=1.54e-03 | grad=8.52e-01 | 1.0s
[    36] loss=-2.2723 | res=4.66e-03 | grad=9.13e-01 | 1.1s
[    37] loss=-2.0900 | res=1.57e-03 | grad=1.24e+00 | 1.0s
[    38] loss=-2.1325 | res=1.91e-03 | grad=1.15e+00 | 1.1s
[    39] loss=-2.2316 | res=1.91e-03 | grad=8.56e-01 | 1.0s
[    40] loss=-2.3149 | res=2.12e-03 | grad=7.03e-01 | 1.1s
[    41] loss=-2.1132 | res=2.80e-03 | grad=6.97e-01 | 1.0s
[    42] loss=-2.2603 | res=2.48e-03 | grad=5.91e-01 | 1.1s
[    43] loss=-2.1722 | res=1.32e-03 | grad=2.30e-01 | 1.1s
[    44] loss=-2.3886 | res=2.20e-03 | grad=6.19e-01 | 1.1s
[    45] loss=-2.4279 | res=9.83e-04 | grad=9.55e-01 | 1.1s
[    46] loss=-2.2690 | res=1.92e-03 | grad=5.47e-01 | 1.0s
[    47] loss=-2.2412 | res=1.49e-03 | grad=4.99e-01 | 1.1s
[    48] loss=-2.2787 | res=1.64e-03 | grad=9.87e-01 | 1.1s
[    49] loss=-2.1934 | res=1.05e-03 | grad=5.15e-01 | 1.1s
[    50] loss=-2.4861 | res=1.78e-03 | grad=7.23e-01 | 1.1s
[    51] loss=-2.2672 | res=1.78e-03 | grad=3.97e-01 | 1.1s
[    52] loss=-2.4632 | res=1.82e-03 | grad=8.38e-01 | 1.1s
[    53] loss=-2.2270 | res=2.62e-03 | grad=6.46e-01 | 1.1s
[    54] loss=-2.2903 | res=3.01e-03 | grad=3.35e-01 | 1.1s
[    55] loss=-2.1709 | res=7.90e-04 | grad=3.37e-01 | 1.1s
[    56] loss=-2.4165 | res=1.64e-03 | grad=5.75e-01 | 1.1s
[    57] loss=-2.3975 | res=1.76e-03 | grad=7.10e-01 | 1.0s
[    58] loss=-2.5536 | res=2.62e-03 | grad=4.25e-01 | 1.1s
[    59] loss=-2.3804 | res=1.82e-03 | grad=2.49e-01 | 1.1s
[    60] loss=-2.4261 | res=1.88e-03 | grad=1.65e-01 | 1.0s
[    61] loss=-2.2129 | res=1.37e-03 | grad=4.17e-01 | 1.0s
[    62] loss=-2.2891 | res=1.19e-03 | grad=5.85e-01 | 1.0s
[    63] loss=-2.2509 | res=2.29e-03 | grad=7.90e-01 | 1.1s
[    64] loss=-2.3420 | res=2.28e-03 | grad=4.16e-01 | 1.1s
[    65] loss=-2.4623 | res=1.73e-03 | grad=2.51e-01 | 1.1s
[    66] loss=-2.2561 | res=3.49e-03 | grad=7.71e-01 | 1.1s
[    67] loss=-2.3650 | res=2.56e-03 | grad=4.64e-01 | 1.1s
[    68] loss=-2.5019 | res=1.63e-03 | grad=2.26e-01 | 1.1s
[    69] loss=-2.3871 | res=1.20e-03 | grad=7.22e-01 | 1.1s
[    70] loss=-2.3208 | res=1.15e-03 | grad=4.74e-01 | 1.0s
[    71] loss=-2.3409 | res=2.68e-03 | grad=2.23e-01 | 1.1s
[    72] loss=-2.3827 | res=3.09e-03 | grad=3.20e-01 | 1.1s
[    73] loss=-2.2927 | res=3.15e-03 | grad=5.35e-01 | 1.0s
[    74] loss=-2.4739 | res=1.66e-03 | grad=5.22e-01 | 1.0s
[    75] loss=-2.3507 | res=2.60e-03 | grad=8.38e-01 | 1.1s
[    76] loss=-2.4374 | res=6.49e-04 | grad=2.92e-01 | 1.0s
[    77] loss=-2.3576 | res=2.10e-03 | grad=2.10e-01 | 1.1s
[    78] loss=-2.2519 | res=7.51e-04 | grad=4.60e-01 | 1.0s
[    79] loss=-2.5030 | res=8.19e-04 | grad=5.90e-01 | 1.1s
[    80] loss=-2.3281 | res=1.46e-03 | grad=3.03e-01 | 1.0s
[    81] loss=-2.3369 | res=2.28e-03 | grad=6.18e-01 | 1.0s
[    82] loss=-2.1767 | res=1.24e-03 | grad=2.98e-01 | 1.0s
[    83] loss=-2.3461 | res=1.57e-03 | grad=3.83e-01 | 1.1s
[    84] loss=-2.3898 | res=2.84e-03 | grad=1.47e-01 | 1.1s
[    85] loss=-2.4156 | res=2.63e-03 | grad=2.94e-01 | 1.1s
[    86] loss=-2.3139 | res=2.45e-03 | grad=7.89e-01 | 1.0s
[    87] loss=-2.2976 | res=2.46e-03 | grad=1.63e-01 | 1.1s
[    88] loss=-2.0687 | res=2.61e-03 | grad=4.30e-01 | 1.1s
[    89] loss=-2.4315 | res=1.87e-03 | grad=6.97e-01 | 1.1s
[    90] loss=-2.3747 | res=1.15e-03 | grad=4.33e-01 | 1.1s
[    91] loss=-2.3139 | res=1.50e-03 | grad=6.11e-01 | 1.1s
[    92] loss=-2.4039 | res=1.34e-03 | grad=2.51e-01 | 1.1s
[    93] loss=-2.3068 | res=1.95e-03 | grad=3.49e-01 | 1.1s
[    94] loss=-2.3806 | res=2.21e-03 | grad=3.47e-01 | 1.1s
[    95] loss=-2.3744 | res=3.79e-03 | grad=6.61e-01 | 1.1s
[    96] loss=-2.2745 | res=2.21e-03 | grad=1.18e+00 | 1.1s
[    97] loss=-2.4667 | res=2.38e-03 | grad=4.03e-01 | 1.1s
[    98] loss=-2.3475 | res=9.50e-04 | grad=7.37e-01 | 1.1s
[    99] loss=-2.3501 | res=2.39e-03 | grad=4.70e-01 | 1.1s
[   100] loss=-2.1256 | res=2.84e-03 | grad=8.19e-01 | 1.1s
[   101] loss=-2.3652 | res=2.82e-03 | grad=7.69e-01 | 1.1s
[   102] loss=-2.2513 | res=1.64e-03 | grad=8.86e-01 | 1.1s
[   103] loss=-1.9906 | res=2.52e-03 | grad=9.14e-01 | 1.1s
[   104] loss=-2.4089 | res=3.71e-03 | grad=9.21e-01 | 1.1s
[   105] loss=-2.3233 | res=2.76e-03 | grad=5.21e-01 | 1.1s
[   106] loss=-2.3073 | res=2.32e-03 | grad=3.93e-01 | 1.1s
[   107] loss=-2.3742 | res=1.52e-03 | grad=5.27e-01 | 1.0s
[   108] loss=-2.4511 | res=2.57e-03 | grad=6.65e-01 | 1.1s
[   109] loss=-2.3120 | res=2.19e-03 | grad=6.13e-01 | 1.1s
[   110] loss=-2.3920 | res=2.83e-03 | grad=6.37e-01 | 1.1s
[   111] loss=-2.3123 | res=2.56e-03 | grad=6.81e-01 | 1.1s
[   112] loss=-2.4245 | res=3.07e-03 | grad=4.91e-01 | 1.1s
[   113] loss=-2.3343 | res=2.47e-03 | grad=2.25e-01 | 1.1s
[   114] loss=-2.4317 | res=2.72e-03 | grad=2.29e-01 | 1.1s
[   115] loss=-2.3275 | res=2.75e-03 | grad=3.75e-01 | 1.1s
[   116] loss=-2.4231 | res=2.04e-03 | grad=3.53e-01 | 1.1s
[   117] loss=-2.3057 | res=2.93e-03 | grad=3.76e-01 | 1.1s
[   118] loss=-2.2912 | res=2.42e-03 | grad=3.19e-01 | 1.1s
[   119] loss=-2.2245 | res=1.77e-03 | grad=6.26e-01 | 1.1s
[   120] loss=-2.2204 | res=1.94e-03 | grad=4.34e-01 | 1.1s
[   121] loss=-2.3944 | res=1.58e-03 | grad=2.50e-01 | 1.1s
[   122] loss=-2.2887 | res=2.48e-03 | grad=5.28e-01 | 1.0s
[   123] loss=-2.4861 | res=2.12e-03 | grad=3.25e-01 | 1.1s
[   124] loss=-2.0466 | res=3.32e-03 | grad=7.51e-01 | 1.0s
[   125] loss=-2.3063 | res=3.21e-03 | grad=4.84e-01 | 1.1s
[   126] loss=-1.9765 | res=2.43e-03 | grad=2.90e-01 | 1.1s
[   127] loss=-2.2244 | res=2.91e-03 | grad=7.51e-01 | 1.1s
[   128] loss=-2.3213 | res=2.42e-03 | grad=2.96e-01 | 1.1s
[   129] loss=-2.2180 | res=2.00e-03 | grad=4.96e-01 | 1.1s
[   130] loss=-2.2890 | res=3.99e-03 | grad=4.33e-01 | 1.1s
[   131] loss=-2.4133 | res=1.36e-03 | grad=7.66e-01 | 1.1s
[   132] loss=-2.1597 | res=3.69e-03 | grad=9.61e-02 | 1.0s
[   133] loss=-2.4506 | res=3.17e-03 | grad=3.84e-01 | 1.1s
[   134] loss=-2.0688 | res=5.27e-03 | grad=3.35e-01 | 1.1s
[   135] loss=-2.3530 | res=4.49e-03 | grad=6.98e-01 | 1.1s
[   136] loss=-2.4257 | res=4.48e-03 | grad=5.15e-01 | 1.0s
[   137] loss=-2.5118 | res=3.69e-03 | grad=4.23e-01 | 1.1s
[   138] loss=-2.3164 | res=3.33e-03 | grad=4.14e-01 | 1.1s
[   139] loss=-2.3184 | res=5.34e-03 | grad=5.39e-01 | 1.1s
[   140] loss=-2.1667 | res=3.47e-03 | grad=5.51e-01 | 1.1s
[   141] loss=-2.1227 | res=3.90e-03 | grad=5.21e-01 | 1.1s
[   142] loss=-2.3685 | res=3.12e-03 | grad=4.72e-01 | 1.1s
[   143] loss=-2.6290 | res=6.44e-03 | grad=5.36e-01 | 1.1s
[   144] loss=-2.2795 | res=3.83e-03 | grad=3.34e-01 | 1.0s
[   145] loss=-2.2931 | res=2.15e-03 | grad=7.44e-01 | 1.1s
[   146] loss=-2.2547 | res=3.23e-03 | grad=2.80e-01 | 1.1s
[   147] loss=-2.2559 | res=3.63e-03 | grad=5.08e-01 | 1.0s
[   148] loss=-2.2910 | res=2.67e-03 | grad=5.04e-01 | 1.1s
[   149] loss=-2.2866 | res=4.05e-03 | grad=4.03e-01 | 1.1s
[   150] loss=-2.4729 | res=3.11e-03 | grad=6.46e-01 | 1.1s
[   151] loss=-2.4101 | res=3.80e-03 | grad=5.09e-01 | 1.1s
[   152] loss=-2.0924 | res=4.90e-03 | grad=5.08e-01 | 1.1s
[   153] loss=-2.3192 | res=3.77e-03 | grad=2.65e-01 | 1.0s
[   154] loss=-2.3105 | res=4.40e-03 | grad=6.33e-01 | 1.1s
[   155] loss=-2.3857 | res=4.03e-03 | grad=2.46e-01 | 1.0s
[   156] loss=-2.3578 | res=3.95e-03 | grad=2.05e-01 | 1.1s
[   157] loss=-2.3359 | res=4.93e-03 | grad=4.58e-01 | 1.1s
[   158] loss=-2.3992 | res=2.59e-03 | grad=5.24e-01 | 1.1s
[   159] loss=-2.3952 | res=5.14e-03 | grad=2.28e-01 | 1.0s
[   160] loss=-2.0980 | res=2.92e-03 | grad=4.67e-01 | 1.1s
[   161] loss=-2.1912 | res=3.37e-03 | grad=3.06e-01 | 1.1s
[   162] loss=-2.5709 | res=2.36e-03 | grad=6.13e-01 | 1.1s
[   163] loss=-2.1685 | res=4.61e-03 | grad=4.28e-01 | 1.0s
[   164] loss=-2.4204 | res=5.13e-03 | grad=3.21e-01 | 1.1s
[   165] loss=-2.2879 | res=5.88e-03 | grad=5.94e-01 | 1.1s
[   166] loss=-2.3065 | res=4.12e-03 | grad=1.44e-01 | 1.1s
[   167] loss=-2.4266 | res=4.70e-03 | grad=8.70e-01 | 1.1s
[   168] loss=-2.5178 | res=4.31e-03 | grad=6.42e-01 | 1.1s
[   169] loss=-2.2821 | res=4.60e-03 | grad=2.32e-01 | 1.0s
[   170] loss=-2.1679 | res=5.74e-03 | grad=5.94e-01 | 1.0s
[   171] loss=-2.2518 | res=3.93e-03 | grad=8.42e-01 | 1.1s
[   172] loss=-2.2833 | res=5.65e-03 | grad=5.77e-01 | 1.1s
[   173] loss=-2.3802 | res=3.60e-03 | grad=3.60e-01 | 1.1s
[   174] loss=-2.4784 | res=4.61e-03 | grad=4.32e-01 | 1.1s
[   175] loss=-2.2257 | res=4.59e-03 | grad=3.69e-01 | 1.1s
[   176] loss=-2.1944 | res=4.77e-03 | grad=9.90e-01 | 1.1s
[   177] loss=-2.4656 | res=3.73e-03 | grad=5.73e-01 | 1.1s
[   178] loss=-2.2580 | res=4.27e-03 | grad=1.59e-01 | 1.1s
[   179] loss=-2.3449 | res=5.46e-03 | grad=1.70e-01 | 1.1s
[   180] loss=-2.3257 | res=7.07e-03 | grad=5.35e-01 | 1.1s
[   181] loss=-2.3095 | res=5.47e-03 | grad=1.14e+00 | 1.1s
[   182] loss=-2.2235 | res=4.03e-03 | grad=6.82e-01 | 1.1s
[   183] loss=-2.2634 | res=4.95e-03 | grad=2.96e-01 | 1.1s
[   184] loss=-2.4545 | res=5.85e-03 | grad=3.85e-01 | 1.1s
[   185] loss=-2.3943 | res=6.88e-03 | grad=4.53e-01 | 1.0s
[   186] loss=-2.0747 | res=5.35e-03 | grad=4.86e-01 | 1.1s
[   187] loss=-2.6523 | res=4.32e-03 | grad=4.47e-01 | 1.1s
[   188] loss=-2.5116 | res=4.99e-03 | grad=9.59e-01 | 1.0s
[   189] loss=-2.2789 | res=3.68e-03 | grad=4.10e-01 | 1.1s
[   190] loss=-2.2418 | res=4.27e-03 | grad=4.08e-01 | 1.1s
[   191] loss=-2.3715 | res=5.55e-03 | grad=2.39e-01 | 1.1s
[   192] loss=-2.3079 | res=6.39e-03 | grad=2.08e-01 | 1.1s
[   193] loss=-2.4857 | res=4.82e-03 | grad=8.93e-01 | 1.1s
[   194] loss=-2.5409 | res=3.32e-03 | grad=4.69e-01 | 1.1s
[   195] loss=-2.4180 | res=6.05e-03 | grad=4.13e-01 | 1.1s
[   196] loss=-2.4546 | res=5.60e-03 | grad=2.87e-01 | 1.0s
[   197] loss=-2.2238 | res=4.05e-03 | grad=3.95e-01 | 1.1s
[   198] loss=-2.3966 | res=8.24e-03 | grad=4.74e-01 | 1.1s
[   199] loss=-2.4109 | res=4.33e-03 | grad=3.25e-01 | 1.1s
[   200] loss=-2.1470 | res=6.23e-03 | grad=6.65e-01 | 1.1s
[   201] loss=-2.3801 | res=5.47e-03 | grad=3.85e-01 | 1.1s
[   202] loss=-2.3217 | res=7.00e-03 | grad=4.27e-01 | 1.1s
[   203] loss=-2.3509 | res=8.00e-03 | grad=1.98e-01 | 1.0s
[   204] loss=-2.4022 | res=5.75e-03 | grad=5.65e-01 | 1.1s
[   205] loss=-2.4461 | res=7.92e-03 | grad=5.40e-01 | 1.1s
[   206] loss=-2.2599 | res=7.95e-03 | grad=5.57e-01 | 1.0s
[   207] loss=-2.1523 | res=6.60e-03 | grad=3.48e-01 | 1.0s
[   208] loss=-2.2265 | res=6.84e-03 | grad=5.98e-01 | 1.1s
[   209] loss=-2.3907 | res=6.34e-03 | grad=5.17e-01 | 1.1s
[   210] loss=-2.2618 | res=1.01e-02 | grad=5.46e-01 | 1.1s
[   211] loss=-2.1399 | res=3.94e-03 | grad=9.07e-01 | 1.1s
[   212] loss=-2.3455 | res=5.82e-03 | grad=1.20e+00 | 1.0s
[   213] loss=-2.0813 | res=5.31e-03 | grad=9.17e-01 | 1.1s
[   214] loss=-2.2266 | res=5.21e-03 | grad=6.39e-01 | 1.1s
[   215] loss=-2.3719 | res=5.16e-03 | grad=2.24e-01 | 1.1s
[   216] loss=-2.3756 | res=7.92e-03 | grad=6.60e-01 | 1.0s
[   217] loss=-2.3214 | res=7.16e-03 | grad=4.80e-01 | 1.1s
[   218] loss=-2.5967 | res=5.69e-03 | grad=6.40e-01 | 1.1s
[   219] loss=-2.3367 | res=5.02e-03 | grad=3.74e-01 | 1.1s
[   220] loss=-2.4920 | res=6.37e-03 | grad=4.46e-01 | 1.1s
[   221] loss=-2.3281 | res=7.54e-03 | grad=7.35e-01 | 1.1s
[   222] loss=-2.3490 | res=5.41e-03 | grad=1.41e-01 | 1.1s
[   223] loss=-2.2481 | res=5.57e-03 | grad=6.65e-01 | 1.1s
[   224] loss=-2.3641 | res=5.42e-03 | grad=3.32e-01 | 1.0s
[   225] loss=-2.3558 | res=5.77e-03 | grad=4.82e-01 | 1.0s
[   226] loss=-2.3795 | res=6.03e-03 | grad=2.25e-01 | 1.0s
[   227] loss=-2.4357 | res=7.40e-03 | grad=5.72e-01 | 1.1s
[   228] loss=-2.2261 | res=4.94e-03 | grad=6.88e-01 | 1.0s
[   229] loss=-2.4755 | res=5.65e-03 | grad=1.36e-01 | 1.1s
[   230] loss=-2.3763 | res=7.93e-03 | grad=6.48e-01 | 1.1s
[   231] loss=-2.3710 | res=4.65e-03 | grad=2.31e-01 | 1.0s
[   232] loss=-2.3401 | res=8.24e-03 | grad=1.76e-01 | 1.1s
[   233] loss=-2.4562 | res=6.58e-03 | grad=6.31e-01 | 1.1s
[   234] loss=-2.4419 | res=7.10e-03 | grad=3.87e-01 | 1.0s
[   235] loss=-2.3443 | res=6.33e-03 | grad=9.65e-01 | 1.1s
[   236] loss=-2.3321 | res=6.22e-03 | grad=6.07e-01 | 1.1s
[   237] loss=-2.2159 | res=6.34e-03 | grad=4.40e-01 | 1.1s
[   238] loss=-2.2015 | res=8.07e-03 | grad=3.28e-01 | 1.1s
[   239] loss=-2.2330 | res=9.13e-03 | grad=5.64e-01 | 1.1s
[   240] loss=-2.1938 | res=4.99e-03 | grad=3.05e-01 | 1.1s
[   241] loss=-2.2093 | res=6.35e-03 | grad=4.00e-01 | 1.0s
[   242] loss=-2.4065 | res=8.04e-03 | grad=4.15e-01 | 1.1s
[   243] loss=-2.4935 | res=5.37e-03 | grad=3.03e-01 | 1.1s
[   244] loss=-2.3307 | res=6.62e-03 | grad=6.11e-01 | 1.1s
[   245] loss=-2.2177 | res=6.38e-03 | grad=1.04e+00 | 1.1s
[   246] loss=-2.1782 | res=6.71e-03 | grad=2.87e-01 | 1.0s
[   247] loss=-2.3894 | res=6.70e-03 | grad=4.33e-01 | 1.1s
[   248] loss=-2.2685 | res=7.07e-03 | grad=9.71e-01 | 1.1s
[   249] loss=-2.2648 | res=6.26e-03 | grad=5.02e-01 | 1.0s
[   250] loss=-2.3987 | res=4.68e-03 | grad=4.75e-01 | 1.1s
[   251] loss=-2.2810 | res=6.46e-03 | grad=2.04e-01 | 1.1s
[   252] loss=-2.1311 | res=7.01e-03 | grad=3.44e-01 | 1.0s
[   253] loss=-2.2821 | res=6.12e-03 | grad=4.04e-01 | 1.1s
[   254] loss=-2.3076 | res=8.29e-03 | grad=1.92e-01 | 1.1s
[   255] loss=-2.1436 | res=7.44e-03 | grad=5.90e-01 | 1.1s
[   256] loss=-2.2694 | res=5.65e-03 | grad=2.45e-01 | 1.1s
[   257] loss=-2.4318 | res=6.43e-03 | grad=4.84e-01 | 1.0s
[   258] loss=-2.2459 | res=7.62e-03 | grad=3.80e-01 | 1.1s
[   259] loss=-2.4630 | res=8.35e-03 | grad=1.99e-01 | 1.1s
[   260] loss=-2.4043 | res=8.15e-03 | grad=1.86e-01 | 1.1s
[   261] loss=-2.2209 | res=7.56e-03 | grad=2.98e-01 | 1.1s
[   262] loss=-2.3011 | res=8.24e-03 | grad=3.98e-01 | 1.1s
[   263] loss=-2.1861 | res=5.86e-03 | grad=7.11e-01 | 1.1s
[   264] loss=-2.4332 | res=9.83e-03 | grad=2.22e-01 | 1.1s
[   265] loss=-2.4994 | res=6.07e-03 | grad=1.06e+00 | 1.1s
[   266] loss=-2.3192 | res=7.79e-03 | grad=2.10e-01 | 1.1s
[   267] loss=-2.4432 | res=1.00e-02 | grad=4.29e-01 | 1.1s
[   268] loss=-2.2431 | res=4.99e-03 | grad=2.70e-01 | 1.1s
[   269] loss=-2.2723 | res=8.32e-03 | grad=3.28e-01 | 1.0s
[   270] loss=-2.3960 | res=8.72e-03 | grad=3.11e-01 | 1.1s
[   271] loss=-2.3706 | res=8.95e-03 | grad=2.43e-01 | 1.1s
[   272] loss=-2.1629 | res=8.12e-03 | grad=4.31e-01 | 1.1s
[   273] loss=-2.3670 | res=8.85e-03 | grad=7.52e-01 | 1.0s
[   274] loss=-2.3035 | res=8.00e-03 | grad=7.33e-01 | 1.0s
[   275] loss=-2.2616 | res=8.40e-03 | grad=3.56e-01 | 1.1s
[   276] loss=-2.4161 | res=8.87e-03 | grad=4.11e-01 | 1.1s
[   277] loss=-2.4592 | res=7.45e-03 | grad=5.10e-01 | 1.1s
[   278] loss=-2.2319 | res=7.74e-03 | grad=7.15e-01 | 1.1s
[   279] loss=-2.3890 | res=1.06e-02 | grad=8.05e-01 | 1.1s
[   280] loss=-2.1253 | res=7.90e-03 | grad=4.44e-01 | 1.0s
[   281] loss=-2.4415 | res=8.41e-03 | grad=6.74e-01 | 1.0s
[   282] loss=-2.2125 | res=7.99e-03 | grad=1.68e-01 | 1.1s
[   283] loss=-2.4422 | res=8.88e-03 | grad=3.35e-01 | 1.1s
[   284] loss=-2.2416 | res=8.73e-03 | grad=4.21e-01 | 1.0s
[   285] loss=-2.4167 | res=9.53e-03 | grad=4.96e-01 | 1.1s
[   286] loss=-2.2870 | res=7.97e-03 | grad=7.48e-01 | 1.1s
[   287] loss=-2.2544 | res=6.75e-03 | grad=2.90e-01 | 1.1s
[   288] loss=-2.3023 | res=3.94e-03 | grad=8.47e-01 | 1.0s
[   289] loss=-2.1227 | res=7.34e-03 | grad=6.11e-01 | 1.1s
[   290] loss=-2.2385 | res=8.65e-03 | grad=7.24e-01 | 1.1s
[   291] loss=-2.3280 | res=5.21e-03 | grad=8.79e-01 | 1.1s
[   292] loss=-2.3482 | res=7.81e-03 | grad=6.14e-01 | 1.1s
[   293] loss=-2.2228 | res=6.68e-03 | grad=2.65e-01 | 1.1s
[   294] loss=-2.4067 | res=6.25e-03 | grad=3.59e-01 | 1.1s
[   295] loss=-2.4182 | res=7.65e-03 | grad=7.89e-01 | 1.1s
[   296] loss=-2.3047 | res=6.21e-03 | grad=1.42e-01 | 1.1s
[   297] loss=-2.1878 | res=6.37e-03 | grad=3.54e-01 | 1.1s
[   298] loss=-2.1488 | res=5.82e-03 | grad=5.93e-01 | 1.1s
[   299] loss=-2.0921 | res=7.84e-03 | grad=3.79e-01 | 1.1s
[   300] loss=-2.3433 | res=9.64e-03 | grad=6.89e-01 | 1.1s
[   301] loss=-2.2635 | res=4.99e-03 | grad=3.89e-01 | 1.1s
[   302] loss=-2.4320 | res=6.14e-03 | grad=4.29e-01 | 1.1s
[   303] loss=-2.1677 | res=6.36e-03 | grad=7.50e-01 | 1.1s
[   304] loss=-2.4679 | res=7.90e-03 | grad=4.73e-01 | 1.1s
[   305] loss=-2.3542 | res=7.46e-03 | grad=1.92e-01 | 1.1s
[   306] loss=-2.2959 | res=7.51e-03 | grad=3.39e-01 | 1.1s
[   307] loss=-2.2662 | res=7.40e-03 | grad=4.03e-01 | 1.1s
[   308] loss=-2.2683 | res=7.17e-03 | grad=3.44e-01 | 1.1s
[   309] loss=-2.3226 | res=5.67e-03 | grad=2.16e-01 | 1.1s
[   310] loss=-2.3556 | res=5.55e-03 | grad=6.41e-01 | 1.1s
[   311] loss=-2.3431 | res=4.98e-03 | grad=2.95e-01 | 1.1s
[   312] loss=-2.5831 | res=6.82e-03 | grad=4.07e-01 | 1.1s
[   313] loss=-2.3606 | res=6.51e-03 | grad=3.00e-01 | 1.1s
[   314] loss=-2.2275 | res=7.99e-03 | grad=2.73e-01 | 1.1s
[   315] loss=-2.2927 | res=8.20e-03 | grad=3.32e-01 | 1.1s
[   316] loss=-2.1392 | res=7.66e-03 | grad=5.80e-01 | 1.1s
[   317] loss=-2.5195 | res=6.62e-03 | grad=4.93e-01 | 1.1s
[   318] loss=-2.2303 | res=6.68e-03 | grad=5.74e-01 | 1.1s
[   319] loss=-2.2866 | res=9.15e-03 | grad=8.92e-01 | 1.1s
[   320] loss=-2.4404 | res=6.10e-03 | grad=2.59e-01 | 1.1s
[   321] loss=-2.3201 | res=8.16e-03 | grad=4.22e-01 | 1.1s
[   322] loss=-2.2447 | res=5.43e-03 | grad=3.26e-01 | 1.1s
[   323] loss=-2.5132 | res=9.90e-03 | grad=3.96e-01 | 1.1s
[   324] loss=-2.4166 | res=9.68e-03 | grad=4.84e-01 | 1.1s
[   325] loss=-2.1691 | res=7.16e-03 | grad=3.95e-01 | 1.1s
[   326] loss=-2.4668 | res=8.08e-03 | grad=4.54e-01 | 1.1s
[   327] loss=-2.4208 | res=8.92e-03 | grad=4.67e-01 | 1.1s
[   328] loss=-2.1801 | res=8.16e-03 | grad=4.81e-01 | 1.1s
[   329] loss=-2.5626 | res=5.29e-03 | grad=8.07e-01 | 1.1s
[   330] loss=-2.2416 | res=1.03e-02 | grad=2.38e-01 | 1.1s
[   331] loss=-2.3057 | res=6.67e-03 | grad=3.39e-01 | 1.1s
[   332] loss=-2.1448 | res=8.93e-03 | grad=4.22e-01 | 1.1s
[   333] loss=-2.3334 | res=9.43e-03 | grad=3.59e-01 | 1.0s
[   334] loss=-2.3180 | res=6.48e-03 | grad=7.01e-01 | 1.1s
[   335] loss=-2.5307 | res=8.92e-03 | grad=6.93e-01 | 1.1s
[   336] loss=-2.4141 | res=8.14e-03 | grad=1.96e-01 | 1.1s
[   337] loss=-2.2721 | res=8.28e-03 | grad=4.68e-01 | 1.1s
[   338] loss=-2.4681 | res=5.60e-03 | grad=5.41e-01 | 1.1s
[   339] loss=-2.2359 | res=9.02e-03 | grad=6.73e-01 | 1.0s
[   340] loss=-2.3569 | res=9.05e-03 | grad=4.11e-01 | 1.0s
[   341] loss=-2.2611 | res=5.51e-03 | grad=7.28e-01 | 1.1s
[   342] loss=-2.3039 | res=7.65e-03 | grad=4.81e-01 | 1.1s
[   343] loss=-2.2841 | res=1.10e-02 | grad=5.74e-01 | 1.1s
[   344] loss=-2.4373 | res=8.15e-03 | grad=8.08e-01 | 1.1s
[   345] loss=-2.3221 | res=8.67e-03 | grad=4.46e-01 | 1.1s
[   346] loss=-2.3750 | res=9.68e-03 | grad=1.57e-01 | 1.1s
[   347] loss=-2.4311 | res=9.89e-03 | grad=6.97e-01 | 1.1s
[   348] loss=-2.2436 | res=5.92e-03 | grad=5.51e-01 | 1.1s
[   349] loss=-2.4598 | res=7.98e-03 | grad=2.11e-01 | 1.0s
[   350] loss=-2.3115 | res=8.77e-03 | grad=3.67e-01 | 1.0s
[   351] loss=-2.4586 | res=9.72e-03 | grad=3.31e-01 | 1.1s
[   352] loss=-2.2880 | res=7.82e-03 | grad=7.36e-01 | 1.0s
[   353] loss=-2.2360 | res=8.83e-03 | grad=4.15e-01 | 1.1s
[   354] loss=-2.3537 | res=9.62e-03 | grad=6.27e-01 | 1.0s
[   355] loss=-2.2231 | res=8.31e-03 | grad=1.62e-01 | 1.0s
[   356] loss=-2.2421 | res=9.84e-03 | grad=6.86e-01 | 1.0s
[   357] loss=-2.4694 | res=8.20e-03 | grad=4.84e-01 | 1.1s
[   358] loss=-2.3838 | res=9.34e-03 | grad=5.12e-01 | 1.1s
[   359] loss=-2.3336 | res=7.47e-03 | grad=2.30e-01 | 1.1s
[   360] loss=-2.2750 | res=1.05e-02 | grad=6.38e-01 | 1.1s
[   361] loss=-2.3488 | res=8.85e-03 | grad=2.26e-01 | 1.1s
[   362] loss=-2.2609 | res=9.75e-03 | grad=3.91e-01 | 1.1s
[   363] loss=-2.5150 | res=7.57e-03 | grad=6.38e-01 | 1.0s
[   364] loss=-2.4267 | res=6.58e-03 | grad=8.19e-01 | 1.0s
[   365] loss=-2.2539 | res=1.10e-02 | grad=4.76e-01 | 1.0s
[   366] loss=-2.2814 | res=1.10e-02 | grad=1.09e-01 | 1.1s
[   367] loss=-2.2606 | res=1.06e-02 | grad=4.45e-01 | 1.1s
[   368] loss=-2.1680 | res=1.10e-02 | grad=6.22e-01 | 1.1s
[   369] loss=-2.3618 | res=9.96e-03 | grad=6.13e-01 | 1.1s
[   370] loss=-2.2037 | res=5.44e-03 | grad=5.05e-01 | 1.1s
[   371] loss=-2.3482 | res=6.27e-03 | grad=7.88e-01 | 1.1s
[   372] loss=-2.1695 | res=9.59e-03 | grad=6.59e-01 | 1.1s
[   373] loss=-2.3467 | res=1.02e-02 | grad=4.48e-01 | 1.1s
[   374] loss=-2.5914 | res=6.79e-03 | grad=6.36e-01 | 1.1s
[   375] loss=-2.2976 | res=1.02e-02 | grad=3.81e-01 | 1.1s
[   376] loss=-2.1679 | res=7.75e-03 | grad=5.44e-01 | 1.1s
[   377] loss=-2.2769 | res=7.65e-03 | grad=3.41e-01 | 1.1s
[   378] loss=-2.3256 | res=6.66e-03 | grad=5.45e-01 | 1.1s
[   379] loss=-2.2225 | res=4.88e-03 | grad=3.93e-01 | 1.1s
[   380] loss=-2.2616 | res=6.59e-03 | grad=4.24e-01 | 1.1s
[   381] loss=-2.2673 | res=9.01e-03 | grad=4.35e-01 | 1.1s
[   382] loss=-2.2045 | res=9.94e-03 | grad=4.29e-01 | 1.1s
[   383] loss=-2.2005 | res=9.30e-03 | grad=3.49e-01 | 1.1s
[   384] loss=-2.3602 | res=8.02e-03 | grad=3.80e-01 | 1.1s
[   385] loss=-2.3251 | res=1.03e-02 | grad=5.38e-01 | 1.1s
[   386] loss=-2.4041 | res=7.79e-03 | grad=8.67e-01 | 1.1s
[   387] loss=-2.3177 | res=1.05e-02 | grad=3.47e-01 | 1.1s
[   388] loss=-2.4590 | res=1.01e-02 | grad=3.27e-01 | 1.1s
[   389] loss=-2.2915 | res=7.67e-03 | grad=1.44e-01 | 1.1s
[   390] loss=-2.2394 | res=6.76e-03 | grad=8.42e-01 | 1.1s
[   391] loss=-2.4270 | res=8.74e-03 | grad=5.51e-01 | 1.1s
[   392] loss=-2.1512 | res=6.47e-03 | grad=5.99e-01 | 1.1s
[   393] loss=-2.2203 | res=8.20e-03 | grad=3.88e-01 | 1.1s
[   394] loss=-2.2192 | res=9.51e-03 | grad=4.77e-01 | 1.1s
[   395] loss=-2.1553 | res=7.29e-03 | grad=5.51e-01 | 1.1s
[   396] loss=-2.4201 | res=8.56e-03 | grad=2.33e-01 | 1.1s
[   397] loss=-2.1676 | res=1.10e-02 | grad=4.62e-01 | 1.1s
[   398] loss=-2.3652 | res=9.71e-03 | grad=2.94e-01 | 1.1s
[   399] loss=-2.3981 | res=8.95e-03 | grad=4.16e-01 | 1.1s
[   400] loss=-2.2794 | res=8.28e-03 | grad=3.11e-01 | 1.0s
[   401] loss=-2.4439 | res=8.28e-03 | grad=4.47e-01 | 1.1s
[   402] loss=-2.2720 | res=6.89e-03 | grad=6.49e-01 | 1.0s
[   403] loss=-2.2616 | res=9.03e-03 | grad=4.34e-01 | 1.1s
[   404] loss=-2.1520 | res=9.45e-03 | grad=3.82e-01 | 1.1s
[   405] loss=-2.2868 | res=6.50e-03 | grad=4.55e-01 | 1.1s
[   406] loss=-2.2887 | res=7.28e-03 | grad=4.42e-01 | 1.0s
[   407] loss=-2.2043 | res=1.00e-02 | grad=2.99e-01 | 1.1s
[   408] loss=-2.1457 | res=1.08e-02 | grad=4.17e-01 | 1.0s
[   409] loss=-2.2215 | res=5.59e-03 | grad=4.45e-01 | 1.1s
[   410] loss=-2.3345 | res=7.64e-03 | grad=3.58e-01 | 1.0s
[   411] loss=-2.3242 | res=5.61e-03 | grad=6.70e-01 | 1.1s
[   412] loss=-2.2902 | res=9.86e-03 | grad=3.24e-01 | 1.1s
[   413] loss=-2.5119 | res=7.51e-03 | grad=3.29e-01 | 1.1s
[   414] loss=-2.4664 | res=7.24e-03 | grad=2.46e-01 | 1.1s
[   415] loss=-2.4850 | res=8.74e-03 | grad=2.42e-01 | 1.1s
[   416] loss=-2.1313 | res=9.59e-03 | grad=7.92e-01 | 1.1s
[   417] loss=-2.2475 | res=9.06e-03 | grad=6.09e-01 | 1.1s
[   418] loss=-2.1610 | res=5.96e-03 | grad=6.31e-01 | 1.1s
[   419] loss=-2.3718 | res=7.44e-03 | grad=8.13e-01 | 1.1s
[   420] loss=-2.2216 | res=4.72e-03 | grad=3.06e-01 | 1.1s
[   421] loss=-2.5432 | res=9.07e-03 | grad=5.43e-01 | 1.0s
[   422] loss=-2.3838 | res=1.04e-02 | grad=5.69e-01 | 1.1s
[   423] loss=-2.3469 | res=7.90e-03 | grad=7.06e-01 | 1.1s
[   424] loss=-2.4241 | res=1.15e-02 | grad=7.79e-01 | 1.1s
[   425] loss=-2.4243 | res=6.25e-03 | grad=4.33e-01 | 1.1s
[   426] loss=-2.0218 | res=8.57e-03 | grad=7.48e-01 | 1.1s
[   427] loss=-2.4707 | res=7.26e-03 | grad=5.62e-01 | 1.1s
[   428] loss=-2.1756 | res=6.02e-03 | grad=4.49e-01 | 1.1s
[   429] loss=-2.1853 | res=5.99e-03 | grad=7.53e-01 | 1.1s
[   430] loss=-2.5988 | res=8.42e-03 | grad=7.24e-01 | 1.1s
[   431] loss=-2.1658 | res=8.31e-03 | grad=5.74e-01 | 1.1s
[   432] loss=-2.1916 | res=5.75e-03 | grad=7.02e-01 | 1.1s
[   433] loss=-2.3072 | res=7.22e-03 | grad=1.02e+00 | 1.0s
[   434] loss=-2.3622 | res=4.75e-03 | grad=4.99e-01 | 1.1s
[   435] loss=-2.1963 | res=1.13e-02 | grad=3.67e-01 | 1.1s
[   436] loss=-2.1887 | res=1.07e-02 | grad=3.69e-01 | 1.1s
[   437] loss=-2.4119 | res=5.99e-03 | grad=6.58e-01 | 1.1s
[   438] loss=-2.3999 | res=6.31e-03 | grad=6.14e-01 | 1.1s
[   439] loss=-2.2270 | res=8.23e-03 | grad=7.06e-01 | 1.1s
[   440] loss=-2.2658 | res=7.78e-03 | grad=1.87e-01 | 1.1s
[   441] loss=-2.1643 | res=9.32e-03 | grad=3.27e-01 | 1.1s
[   442] loss=-2.3287 | res=1.03e-02 | grad=2.96e-01 | 1.1s
[   443] loss=-2.2687 | res=9.56e-03 | grad=8.67e-01 | 1.1s
[   444] loss=-2.2780 | res=1.03e-02 | grad=8.22e-01 | 1.1s
[   445] loss=-2.3193 | res=8.54e-03 | grad=6.56e-01 | 1.1s
[   446] loss=-2.2057 | res=6.45e-03 | grad=3.97e-01 | 1.1s
[   447] loss=-2.1841 | res=1.02e-02 | grad=2.82e-01 | 1.1s
[   448] loss=-2.4028 | res=9.31e-03 | grad=3.57e-01 | 1.1s
[   449] loss=-2.2977 | res=7.07e-03 | grad=4.23e-01 | 1.0s
[   450] loss=-2.3515 | res=8.39e-03 | grad=3.87e-01 | 1.1s
[   451] loss=-2.2025 | res=8.31e-03 | grad=9.42e-01 | 1.0s
[   452] loss=-2.1935 | res=6.42e-03 | grad=9.01e-01 | 1.1s
[   453] loss=-2.2307 | res=9.45e-03 | grad=5.75e-01 | 1.1s
[   454] loss=-2.2958 | res=9.68e-03 | grad=3.31e-01 | 1.1s
[   455] loss=-2.3021 | res=7.20e-03 | grad=3.41e-01 | 1.1s
[   456] loss=-2.3647 | res=1.19e-02 | grad=2.87e-01 | 1.0s
[   457] loss=-2.3377 | res=9.12e-03 | grad=3.45e-01 | 1.0s
[   458] loss=-2.3499 | res=1.15e-02 | grad=8.38e-01 | 1.0s
[   459] loss=-2.1308 | res=1.46e-02 | grad=2.72e-01 | 1.1s
[   460] loss=-2.2486 | res=7.58e-03 | grad=6.74e-01 | 1.1s
[   461] loss=-2.3911 | res=8.37e-03 | grad=5.38e-01 | 1.0s
[   462] loss=-2.3275 | res=5.86e-03 | grad=2.90e-01 | 1.1s
[   463] loss=-2.3033 | res=6.17e-03 | grad=5.90e-01 | 1.1s
[   464] loss=-2.1455 | res=8.98e-03 | grad=3.88e-01 | 1.1s
[   465] loss=-2.2467 | res=5.70e-03 | grad=4.08e-01 | 1.1s
[   466] loss=-2.1788 | res=7.75e-03 | grad=3.92e-01 | 1.1s
[   467] loss=-2.1415 | res=7.43e-03 | grad=3.41e-01 | 1.1s
[   468] loss=-2.2391 | res=8.98e-03 | grad=5.00e-01 | 1.1s
[   469] loss=-2.2002 | res=8.38e-03 | grad=3.93e-01 | 1.1s
[   470] loss=-2.4416 | res=8.64e-03 | grad=2.60e-01 | 1.1s
[   471] loss=-2.1319 | res=8.86e-03 | grad=4.35e-01 | 1.1s
[   472] loss=-2.3162 | res=7.63e-03 | grad=2.32e-01 | 1.1s
[   473] loss=-2.3279 | res=9.08e-03 | grad=4.74e-01 | 1.1s
[   474] loss=-2.1569 | res=8.99e-03 | grad=3.69e-01 | 1.1s
[   475] loss=-2.1925 | res=9.22e-03 | grad=7.02e-01 | 1.1s
[   476] loss=-2.3297 | res=7.40e-03 | grad=6.32e-01 | 1.1s
[   477] loss=-2.5708 | res=7.87e-03 | grad=9.30e-01 | 1.1s
[   478] loss=-2.3881 | res=7.82e-03 | grad=5.02e-01 | 1.1s
[   479] loss=-2.1407 | res=7.78e-03 | grad=8.73e-01 | 1.1s
[   480] loss=-2.1959 | res=7.39e-03 | grad=3.96e-01 | 1.1s
[   481] loss=-2.1128 | res=7.37e-03 | grad=4.70e-01 | 1.1s
[   482] loss=-2.4498 | res=4.76e-03 | grad=5.60e-01 | 1.1s
[   483] loss=-2.4696 | res=8.80e-03 | grad=3.76e-01 | 1.0s
[   484] loss=-2.3000 | res=8.43e-03 | grad=6.62e-01 | 1.1s
[   485] loss=-2.3846 | res=6.75e-03 | grad=6.21e-01 | 1.1s
[   486] loss=-2.2989 | res=8.01e-03 | grad=4.98e-01 | 1.1s
[   487] loss=-2.3453 | res=6.91e-03 | grad=2.74e-01 | 1.1s
[   488] loss=-2.2953 | res=1.11e-02 | grad=4.15e-01 | 1.1s
[   489] loss=-2.1667 | res=1.14e-02 | grad=4.85e-01 | 1.1s
[   490] loss=-2.2176 | res=5.45e-03 | grad=3.37e-01 | 1.1s
[   491] loss=-2.3259 | res=6.92e-03 | grad=4.40e-01 | 1.1s
[   492] loss=-2.2301 | res=5.81e-03 | grad=4.52e-01 | 1.1s
[   493] loss=-2.2777 | res=1.03e-02 | grad=2.44e-01 | 1.1s
[   494] loss=-2.3603 | res=7.86e-03 | grad=2.51e-01 | 1.1s
[   495] loss=-2.4209 | res=9.67e-03 | grad=6.90e-01 | 1.1s
[   496] loss=-2.4039 | res=8.46e-03 | grad=2.68e-01 | 1.0s
[   497] loss=-2.0885 | res=1.18e-02 | grad=3.52e-01 | 1.1s
[   498] loss=-2.2206 | res=5.47e-03 | grad=4.61e-01 | 1.1s
[   499] loss=-2.2235 | res=1.01e-02 | grad=2.18e-01 | 1.0s
[   500] loss=-2.1703 | res=6.69e-03 | grad=2.42e-01 | 1.1s
[   501] loss=-2.4645 | res=7.46e-03 | grad=4.41e-01 | 1.1s
[   502] loss=-2.3247 | res=8.03e-03 | grad=3.35e-01 | 1.1s
[   503] loss=-2.2695 | res=7.93e-03 | grad=3.87e-01 | 1.1s
[   504] loss=-2.1878 | res=8.85e-03 | grad=5.41e-01 | 1.1s
[   505] loss=-2.2231 | res=9.94e-03 | grad=5.73e-01 | 1.0s
[   506] loss=-2.3581 | res=1.02e-02 | grad=4.21e-01 | 1.0s
[   507] loss=-2.1723 | res=7.91e-03 | grad=2.38e-01 | 1.1s
[   508] loss=-2.3945 | res=5.67e-03 | grad=3.29e-01 | 1.1s
[   509] loss=-2.2447 | res=1.08e-02 | grad=5.64e-01 | 1.1s
[   510] loss=-2.2014 | res=8.07e-03 | grad=4.42e-01 | 1.1s
[   511] loss=-2.3277 | res=7.69e-03 | grad=6.83e-01 | 1.1s
[   512] loss=-2.5245 | res=9.40e-03 | grad=5.43e-01 | 1.1s
[   513] loss=-2.3060 | res=6.12e-03 | grad=1.56e-01 | 1.1s
[   514] loss=-2.3005 | res=6.87e-03 | grad=3.53e-01 | 1.1s
[   515] loss=-2.4528 | res=7.07e-03 | grad=3.92e-01 | 1.1s
[   516] loss=-2.5229 | res=7.74e-03 | grad=2.67e-01 | 1.1s
[   517] loss=-2.3053 | res=9.37e-03 | grad=5.49e-01 | 1.1s
[   518] loss=-2.3393 | res=7.09e-03 | grad=2.94e-01 | 1.1s
[   519] loss=-2.2087 | res=7.51e-03 | grad=3.77e-01 | 1.1s
[   520] loss=-2.3011 | res=1.14e-02 | grad=7.97e-01 | 1.1s
[   521] loss=-2.1917 | res=6.67e-03 | grad=5.46e-01 | 1.0s
[   522] loss=-2.4095 | res=5.16e-03 | grad=3.32e-01 | 1.1s
[   523] loss=-2.4420 | res=6.00e-03 | grad=4.42e-01 | 1.1s
[   524] loss=-2.3777 | res=9.31e-03 | grad=2.97e-01 | 1.1s
[   525] loss=-2.3290 | res=7.35e-03 | grad=3.10e-01 | 1.1s
[   526] loss=-2.1886 | res=9.50e-03 | grad=2.62e-01 | 1.1s
[   527] loss=-2.3076 | res=7.16e-03 | grad=3.66e-01 | 1.1s
[   528] loss=-2.1885 | res=7.86e-03 | grad=3.61e-01 | 1.1s
[   529] loss=-2.4169 | res=1.00e-02 | grad=3.84e-01 | 1.1s
[   530] loss=-2.2567 | res=7.15e-03 | grad=2.94e-01 | 1.1s
[   531] loss=-2.3616 | res=7.40e-03 | grad=4.32e-01 | 1.1s
[   532] loss=-2.3714 | res=9.39e-03 | grad=3.30e-01 | 1.1s
[   533] loss=-2.3641 | res=8.49e-03 | grad=2.76e-01 | 1.0s
[   534] loss=-2.2622 | res=8.96e-03 | grad=3.96e-01 | 1.1s
[   535] loss=-2.4750 | res=1.14e-02 | grad=1.91e-01 | 1.1s
[   536] loss=-2.2851 | res=1.28e-02 | grad=2.33e-01 | 1.1s
[   537] loss=-2.1994 | res=7.08e-03 | grad=6.02e-01 | 1.0s
[   538] loss=-2.4486 | res=1.17e-02 | grad=6.10e-01 | 1.0s
[   539] loss=-2.3679 | res=6.58e-03 | grad=4.83e-01 | 1.1s
[   540] loss=-2.4908 | res=9.71e-03 | grad=1.66e-01 | 1.0s
[   541] loss=-2.4892 | res=8.78e-03 | grad=5.93e-01 | 1.1s
[   542] loss=-2.2923 | res=9.66e-03 | grad=2.51e-01 | 1.1s
[   543] loss=-2.3420 | res=8.05e-03 | grad=4.15e-01 | 1.1s
[   544] loss=-2.3496 | res=9.36e-03 | grad=3.27e-01 | 1.1s
[   545] loss=-2.2918 | res=9.60e-03 | grad=1.54e-01 | 1.1s
[   546] loss=-2.4009 | res=9.27e-03 | grad=3.38e-01 | 1.1s
[   547] loss=-2.2170 | res=9.40e-03 | grad=2.94e-01 | 1.1s
[   548] loss=-2.3019 | res=5.87e-03 | grad=4.39e-01 | 1.0s
[   549] loss=-2.2384 | res=7.43e-03 | grad=6.33e-01 | 1.1s
[   550] loss=-2.4012 | res=1.22e-02 | grad=2.90e-01 | 1.1s
[   551] loss=-2.3509 | res=9.41e-03 | grad=3.70e-01 | 1.1s
[   552] loss=-2.5202 | res=7.55e-03 | grad=4.40e-01 | 1.1s
[   553] loss=-2.3313 | res=6.68e-03 | grad=3.90e-01 | 1.1s
[   554] loss=-2.1291 | res=8.50e-03 | grad=3.38e-01 | 1.1s
[   555] loss=-2.0345 | res=9.04e-03 | grad=5.59e-01 | 1.1s
[   556] loss=-2.3477 | res=9.22e-03 | grad=4.31e-01 | 1.1s
[   557] loss=-2.2724 | res=8.71e-03 | grad=6.78e-01 | 1.1s
[   558] loss=-2.1616 | res=6.72e-03 | grad=1.98e-01 | 1.1s
[   559] loss=-2.4644 | res=7.72e-03 | grad=4.72e-01 | 1.1s
[   560] loss=-2.2294 | res=8.85e-03 | grad=2.15e-01 | 1.1s
[   561] loss=-2.3947 | res=1.25e-02 | grad=2.94e-01 | 1.1s
[   562] loss=-2.2451 | res=1.20e-02 | grad=4.73e-01 | 1.1s
[   563] loss=-2.3809 | res=1.22e-02 | grad=5.92e-01 | 1.1s
[   564] loss=-2.2767 | res=8.39e-03 | grad=7.40e-01 | 1.1s
[   565] loss=-2.4560 | res=7.31e-03 | grad=5.06e-01 | 1.1s
[   566] loss=-2.3402 | res=7.58e-03 | grad=1.33e-01 | 1.0s
[   567] loss=-2.3587 | res=8.07e-03 | grad=4.28e-01 | 1.1s
[   568] loss=-2.4290 | res=7.55e-03 | grad=3.65e-01 | 1.0s
[   569] loss=-2.2236 | res=1.05e-02 | grad=4.75e-01 | 1.1s
[   570] loss=-2.3417 | res=1.15e-02 | grad=5.08e-01 | 1.1s
[   571] loss=-2.2340 | res=8.80e-03 | grad=6.31e-01 | 1.1s
[   572] loss=-2.6073 | res=1.30e-02 | grad=5.11e-01 | 1.1s
[   573] loss=-2.4042 | res=9.71e-03 | grad=4.63e-01 | 1.1s
[   574] loss=-2.4082 | res=7.65e-03 | grad=2.26e-01 | 1.1s
[   575] loss=-2.4782 | res=1.17e-02 | grad=5.29e-01 | 1.1s
[   576] loss=-2.0326 | res=1.02e-02 | grad=5.39e-01 | 1.1s
[   577] loss=-2.2655 | res=1.14e-02 | grad=5.75e-01 | 1.0s
[   578] loss=-2.2726 | res=8.89e-03 | grad=3.06e-01 | 1.0s
[   579] loss=-2.1739 | res=6.50e-03 | grad=4.33e-01 | 1.1s
[   580] loss=-2.2554 | res=8.64e-03 | grad=2.20e-01 | 1.1s
[   581] loss=-2.1748 | res=9.26e-03 | grad=2.42e-01 | 1.1s
[   582] loss=-2.1921 | res=1.07e-02 | grad=3.80e-01 | 1.1s
[   583] loss=-2.5107 | res=1.00e-02 | grad=7.44e-01 | 1.1s
[   584] loss=-2.4424 | res=1.13e-02 | grad=6.37e-01 | 1.1s
[   585] loss=-2.4067 | res=7.85e-03 | grad=3.38e-01 | 1.1s
[   586] loss=-2.3406 | res=7.21e-03 | grad=2.26e-01 | 1.0s
[   587] loss=-2.2625 | res=9.17e-03 | grad=4.50e-01 | 1.1s
[   588] loss=-2.3298 | res=8.31e-03 | grad=4.92e-01 | 1.0s
[   589] loss=-2.0176 | res=3.38e-03 | grad=6.15e-01 | 1.1s
[   590] loss=-2.3513 | res=8.77e-03 | grad=3.52e-01 | 1.1s
[   591] loss=-2.2905 | res=1.21e-02 | grad=2.99e-01 | 1.1s
[   592] loss=-2.4529 | res=6.15e-03 | grad=3.26e-01 | 1.1s
[   593] loss=-2.2699 | res=6.78e-03 | grad=2.08e-01 | 1.1s
[   594] loss=-2.3235 | res=1.00e-02 | grad=4.50e-01 | 1.1s
[   595] loss=-2.2387 | res=8.58e-03 | grad=3.62e-01 | 1.1s
[   596] loss=-2.2823 | res=8.07e-03 | grad=3.33e-01 | 1.0s
[   597] loss=-2.2194 | res=6.05e-03 | grad=2.95e-01 | 1.1s
[   598] loss=-2.3860 | res=7.58e-03 | grad=6.74e-01 | 1.1s
[   599] loss=-2.2029 | res=7.86e-03 | grad=2.12e-01 | 1.0s
[   600] loss=-2.0753 | res=8.86e-03 | grad=2.72e-01 | 1.0s
[   601] loss=-2.1120 | res=1.05e-02 | grad=3.01e-01 | 1.0s
[   602] loss=-2.3917 | res=8.58e-03 | grad=4.09e-01 | 1.1s
[   603] loss=-2.2321 | res=7.47e-03 | grad=2.76e-01 | 1.1s
[   604] loss=-2.3988 | res=7.47e-03 | grad=6.71e-01 | 1.0s
[   605] loss=-2.5153 | res=6.62e-03 | grad=6.73e-01 | 1.0s
[   606] loss=-2.2705 | res=8.34e-03 | grad=5.34e-01 | 1.1s
[   607] loss=-2.4339 | res=8.59e-03 | grad=4.23e-01 | 1.1s
[   608] loss=-2.4288 | res=9.02e-03 | grad=2.56e-01 | 1.1s
[   609] loss=-2.3530 | res=9.12e-03 | grad=3.94e-01 | 1.1s
[   610] loss=-2.3690 | res=9.55e-03 | grad=4.54e-01 | 1.0s
[   611] loss=-2.3750 | res=7.15e-03 | grad=2.53e-01 | 1.1s
[   612] loss=-2.0676 | res=8.88e-03 | grad=8.11e-01 | 1.1s
[   613] loss=-2.2192 | res=1.09e-02 | grad=4.96e-01 | 1.1s
[   614] loss=-2.2991 | res=6.75e-03 | grad=4.41e-01 | 1.0s
[   615] loss=-2.4165 | res=7.41e-03 | grad=4.11e-01 | 1.1s
[   616] loss=-2.0769 | res=8.92e-03 | grad=3.58e-01 | 1.1s
[   617] loss=-2.3730 | res=9.01e-03 | grad=3.26e-01 | 1.1s
[   618] loss=-2.1620 | res=9.78e-03 | grad=4.90e-01 | 1.1s
[   619] loss=-2.2552 | res=9.02e-03 | grad=5.99e-01 | 1.1s
[   620] loss=-2.3754 | res=7.85e-03 | grad=3.50e-01 | 1.1s
[   621] loss=-2.4070 | res=8.66e-03 | grad=5.13e-01 | 1.1s
[   622] loss=-2.4444 | res=9.61e-03 | grad=6.82e-01 | 1.1s
[   623] loss=-2.2329 | res=9.57e-03 | grad=3.91e-01 | 1.1s
[   624] loss=-2.2994 | res=9.09e-03 | grad=2.55e-01 | 1.1s
[   625] loss=-2.2914 | res=9.11e-03 | grad=5.67e-01 | 1.1s
[   626] loss=-2.2351 | res=1.12e-02 | grad=4.05e-01 | 1.1s
[   627] loss=-2.4039 | res=8.63e-03 | grad=3.45e-01 | 1.1s
[   628] loss=-2.4811 | res=8.08e-03 | grad=3.02e-01 | 1.1s
[   629] loss=-2.4179 | res=9.23e-03 | grad=3.24e-01 | 1.1s
[   630] loss=-2.4358 | res=1.20e-02 | grad=3.50e-01 | 1.1s
[   631] loss=-2.2755 | res=9.47e-03 | grad=3.99e-01 | 1.1s
[   632] loss=-2.0592 | res=7.25e-03 | grad=5.26e-01 | 1.1s
[   633] loss=-2.2055 | res=7.68e-03 | grad=3.53e-01 | 1.1s
[   634] loss=-2.4569 | res=1.00e-02 | grad=6.32e-01 | 1.1s
[   635] loss=-2.1754 | res=7.59e-03 | grad=4.66e-01 | 1.1s
[   636] loss=-2.2865 | res=9.68e-03 | grad=3.87e-01 | 1.1s
[   637] loss=-2.1577 | res=1.07e-02 | grad=5.61e-01 | 1.1s
[   638] loss=-2.3024 | res=9.18e-03 | grad=4.25e-01 | 1.1s
[   639] loss=-2.4024 | res=7.94e-03 | grad=4.93e-01 | 1.1s
[   640] loss=-2.3299 | res=1.20e-02 | grad=5.87e-01 | 1.1s
[   641] loss=-2.2559 | res=1.11e-02 | grad=1.38e-01 | 1.1s
[   642] loss=-2.5549 | res=8.66e-03 | grad=6.49e-01 | 1.0s
[   643] loss=-2.2807 | res=9.93e-03 | grad=1.87e-01 | 1.1s
[   644] loss=-2.2821 | res=9.96e-03 | grad=1.40e-01 | 1.1s
[   645] loss=-2.5127 | res=6.85e-03 | grad=3.06e-01 | 1.1s
[   646] loss=-2.3282 | res=1.16e-02 | grad=3.33e-01 | 1.1s
[   647] loss=-2.2208 | res=6.61e-03 | grad=4.51e-01 | 1.0s
[   648] loss=-2.2538 | res=8.90e-03 | grad=4.75e-01 | 1.1s
[   649] loss=-2.2416 | res=9.78e-03 | grad=3.76e-01 | 1.0s
[   650] loss=-2.2364 | res=7.38e-03 | grad=2.26e-01 | 1.0s
[   651] loss=-2.2882 | res=6.09e-03 | grad=5.72e-01 | 1.1s
[   652] loss=-2.4817 | res=6.74e-03 | grad=2.61e-01 | 1.1s
[   653] loss=-2.3870 | res=1.02e-02 | grad=1.31e-01 | 1.1s
[   654] loss=-2.2050 | res=7.03e-03 | grad=5.61e-01 | 1.1s
[   655] loss=-2.3438 | res=9.04e-03 | grad=2.03e-01 | 1.0s
[   656] loss=-2.3104 | res=9.63e-03 | grad=3.44e-01 | 1.0s
[   657] loss=-2.3063 | res=1.11e-02 | grad=2.54e-01 | 1.0s
[   658] loss=-2.3456 | res=5.60e-03 | grad=4.20e-01 | 1.1s
[   659] loss=-2.5539 | res=8.09e-03 | grad=4.96e-01 | 1.1s
[   660] loss=-2.3349 | res=1.00e-02 | grad=2.13e-01 | 1.1s
[   661] loss=-2.4358 | res=1.02e-02 | grad=1.38e-01 | 1.0s
[   662] loss=-2.3647 | res=9.11e-03 | grad=2.04e-01 | 1.1s
[   663] loss=-2.2721 | res=7.90e-03 | grad=4.30e-01 | 1.1s
[   664] loss=-2.2636 | res=6.14e-03 | grad=4.71e-01 | 1.0s
[   665] loss=-2.3839 | res=7.68e-03 | grad=2.49e-01 | 1.0s
[   666] loss=-2.0958 | res=7.42e-03 | grad=3.50e-01 | 1.1s
[   667] loss=-2.4018 | res=1.26e-02 | grad=6.12e-01 | 1.1s
[   668] loss=-2.5198 | res=1.05e-02 | grad=4.33e-01 | 1.1s
[   669] loss=-2.5477 | res=9.92e-03 | grad=3.52e-01 | 1.0s
[   670] loss=-2.4247 | res=1.14e-02 | grad=3.88e-01 | 1.1s
[   671] loss=-2.3327 | res=9.62e-03 | grad=1.64e-01 | 1.0s
[   672] loss=-2.1249 | res=1.49e-02 | grad=6.32e-01 | 1.1s
[   673] loss=-2.4687 | res=8.83e-03 | grad=2.36e-01 | 1.1s
[   674] loss=-2.2606 | res=1.16e-02 | grad=4.43e-01 | 1.0s
[   675] loss=-2.2120 | res=8.63e-03 | grad=4.42e-01 | 1.1s
[   676] loss=-2.4814 | res=9.36e-03 | grad=4.87e-01 | 1.1s
[   677] loss=-2.2239 | res=9.85e-03 | grad=2.65e-01 | 1.1s
[   678] loss=-2.1271 | res=1.23e-02 | grad=4.18e-01 | 1.1s
[   679] loss=-2.4600 | res=7.01e-03 | grad=4.44e-01 | 1.0s
[   680] loss=-2.4237 | res=1.34e-02 | grad=5.03e-01 | 1.1s
[   681] loss=-2.3640 | res=1.05e-02 | grad=1.71e-01 | 1.0s
[   682] loss=-2.4255 | res=9.26e-03 | grad=2.05e-01 | 1.0s
[   683] loss=-2.3659 | res=9.31e-03 | grad=4.27e-01 | 1.0s
[   684] loss=-2.2872 | res=8.30e-03 | grad=2.87e-01 | 1.1s
[   685] loss=-2.2730 | res=1.34e-02 | grad=3.77e-01 | 1.1s
[   686] loss=-2.2828 | res=1.02e-02 | grad=8.18e-01 | 1.1s
[   687] loss=-2.2631 | res=8.29e-03 | grad=4.19e-01 | 1.1s
[   688] loss=-2.3419 | res=5.96e-03 | grad=3.84e-01 | 1.1s
[   689] loss=-2.3535 | res=8.67e-03 | grad=2.36e-01 | 1.1s
[   690] loss=-2.4496 | res=1.28e-02 | grad=2.04e-01 | 1.1s
[   691] loss=-2.3918 | res=1.02e-02 | grad=2.01e-01 | 1.0s
[   692] loss=-2.1502 | res=1.19e-02 | grad=3.71e-01 | 1.1s
[   693] loss=-2.3367 | res=1.23e-02 | grad=2.54e-01 | 1.1s
[   694] loss=-2.4287 | res=9.39e-03 | grad=3.72e-01 | 1.1s
[   695] loss=-2.3298 | res=8.86e-03 | grad=2.75e-01 | 1.1s
[   696] loss=-2.3246 | res=6.58e-03 | grad=3.75e-01 | 1.1s
[   697] loss=-2.2529 | res=1.31e-02 | grad=2.30e-01 | 1.0s
[   698] loss=-2.3876 | res=1.01e-02 | grad=5.02e-01 | 1.1s
[   699] loss=-2.2443 | res=1.00e-02 | grad=1.74e-01 | 1.1s
[   700] loss=-2.3347 | res=1.10e-02 | grad=2.18e-01 | 1.1s
[   701] loss=-2.2066 | res=1.14e-02 | grad=4.32e-01 | 1.1s
[   702] loss=-2.4734 | res=1.02e-02 | grad=2.92e-01 | 1.1s
[   703] loss=-2.2554 | res=8.91e-03 | grad=4.15e-01 | 1.0s
[   704] loss=-2.4322 | res=8.53e-03 | grad=3.57e-01 | 1.1s
[   705] loss=-2.6342 | res=9.44e-03 | grad=3.47e-01 | 1.1s
[   706] loss=-2.2474 | res=1.18e-02 | grad=2.82e-01 | 1.1s
[   707] loss=-2.3837 | res=1.07e-02 | grad=4.56e-01 | 1.1s
[   708] loss=-2.1043 | res=6.12e-03 | grad=6.82e-01 | 1.1s
[   709] loss=-2.3246 | res=8.45e-03 | grad=2.50e-01 | 1.1s
[   710] loss=-2.5546 | res=7.14e-03 | grad=4.45e-01 | 1.0s
[   711] loss=-2.2330 | res=1.05e-02 | grad=5.04e-01 | 1.1s
[   712] loss=-2.2294 | res=1.31e-02 | grad=2.27e-01 | 1.1s
[   713] loss=-2.4175 | res=8.88e-03 | grad=3.67e-01 | 1.0s
[   714] loss=-2.3542 | res=7.82e-03 | grad=3.45e-01 | 1.1s
[   715] loss=-2.2864 | res=6.79e-03 | grad=4.03e-01 | 1.1s
[   716] loss=-2.2307 | res=9.50e-03 | grad=5.77e-01 | 1.0s
[   717] loss=-2.2442 | res=1.29e-02 | grad=4.89e-01 | 1.1s
[   718] loss=-2.3848 | res=8.23e-03 | grad=2.12e-01 | 1.1s
[   719] loss=-2.2976 | res=1.12e-02 | grad=3.87e-01 | 1.1s
[   720] loss=-2.2690 | res=9.84e-03 | grad=2.84e-01 | 1.1s
[   721] loss=-2.3213 | res=9.22e-03 | grad=3.30e-01 | 1.1s
[   722] loss=-2.3102 | res=8.70e-03 | grad=3.56e-01 | 1.1s
[   723] loss=-2.2924 | res=7.20e-03 | grad=3.78e-01 | 1.1s
[   724] loss=-2.3186 | res=8.20e-03 | grad=2.53e-01 | 1.1s
[   725] loss=-2.2261 | res=1.19e-02 | grad=3.22e-01 | 1.1s
[   726] loss=-2.2685 | res=9.57e-03 | grad=3.08e-01 | 1.1s
[   727] loss=-2.2647 | res=9.71e-03 | grad=5.38e-01 | 1.1s
[   728] loss=-2.2147 | res=1.20e-02 | grad=1.80e-01 | 1.1s
[   729] loss=-2.3842 | res=8.59e-03 | grad=4.93e-01 | 1.0s
[   730] loss=-1.9744 | res=1.37e-02 | grad=4.30e-01 | 1.1s
[   731] loss=-2.2341 | res=1.17e-02 | grad=4.15e-01 | 1.1s
[   732] loss=-2.5071 | res=1.07e-02 | grad=9.69e-01 | 1.1s
[   733] loss=-2.4223 | res=1.17e-02 | grad=8.68e-01 | 1.1s
[   734] loss=-2.3610 | res=1.09e-02 | grad=5.03e-01 | 1.1s
[   735] loss=-2.2691 | res=1.01e-02 | grad=1.59e-01 | 1.1s
[   736] loss=-2.3576 | res=9.72e-03 | grad=5.83e-01 | 1.1s
[   737] loss=-2.3004 | res=1.09e-02 | grad=2.04e-01 | 1.1s
[   738] loss=-2.3282 | res=7.21e-03 | grad=4.42e-01 | 1.1s
[   739] loss=-2.3192 | res=7.86e-03 | grad=3.28e-01 | 1.1s
[   740] loss=-2.3010 | res=9.40e-03 | grad=2.23e-01 | 1.1s
[   741] loss=-2.2921 | res=1.01e-02 | grad=4.37e-01 | 1.1s
[   742] loss=-2.0651 | res=8.78e-03 | grad=5.86e-01 | 1.1s
[   743] loss=-2.2638 | res=1.06e-02 | grad=3.37e-01 | 1.1s
[   744] loss=-2.5286 | res=8.94e-03 | grad=2.97e-01 | 1.0s
[   745] loss=-2.2647 | res=9.13e-03 | grad=1.12e-01 | 1.0s
[   746] loss=-2.1179 | res=7.37e-03 | grad=1.94e-01 | 1.1s
[   747] loss=-2.2845 | res=9.39e-03 | grad=2.56e-01 | 1.1s
[   748] loss=-2.3673 | res=9.77e-03 | grad=6.86e-01 | 1.1s
[   749] loss=-2.2419 | res=9.95e-03 | grad=4.38e-01 | 1.1s
[   750] loss=-2.4631 | res=6.88e-03 | grad=3.32e-01 | 1.1s
[   751] loss=-2.5669 | res=1.12e-02 | grad=8.94e-01 | 1.1s
[   752] loss=-2.2619 | res=8.73e-03 | grad=3.97e-01 | 1.1s
[   753] loss=-2.0551 | res=1.05e-02 | grad=4.89e-01 | 1.1s
[   754] loss=-2.1762 | res=7.99e-03 | grad=2.00e-01 | 1.1s
[   755] loss=-2.3907 | res=6.62e-03 | grad=3.39e-01 | 1.1s
[   756] loss=-2.4966 | res=7.29e-03 | grad=5.49e-01 | 1.1s
[   757] loss=-2.0699 | res=1.09e-02 | grad=5.09e-01 | 1.1s
[   758] loss=-2.5652 | res=1.01e-02 | grad=2.65e-01 | 1.1s
[   759] loss=-2.4091 | res=8.18e-03 | grad=3.37e-01 | 1.1s
[   760] loss=-2.3225 | res=8.69e-03 | grad=1.49e-01 | 1.1s
[   761] loss=-2.2874 | res=1.03e-02 | grad=3.91e-01 | 1.1s
[   762] loss=-2.3801 | res=8.62e-03 | grad=4.27e-01 | 1.1s
[   763] loss=-2.3162 | res=6.21e-03 | grad=1.73e-01 | 1.1s
[   764] loss=-2.2602 | res=9.76e-03 | grad=3.93e-01 | 1.1s
[   765] loss=-2.0484 | res=1.14e-02 | grad=3.66e-01 | 1.1s
[   766] loss=-2.3198 | res=8.58e-03 | grad=3.24e-01 | 1.1s
[   767] loss=-2.2946 | res=9.70e-03 | grad=5.31e-01 | 1.1s
[   768] loss=-2.3580 | res=9.34e-03 | grad=8.31e-01 | 1.0s
[   769] loss=-2.2969 | res=7.08e-03 | grad=2.66e-01 | 1.1s
[   770] loss=-2.0758 | res=7.40e-03 | grad=5.66e-01 | 1.1s
[   771] loss=-2.3398 | res=8.86e-03 | grad=6.51e-01 | 1.1s
[   772] loss=-2.3314 | res=7.20e-03 | grad=4.99e-01 | 1.1s
[   773] loss=-2.4086 | res=7.83e-03 | grad=1.41e-01 | 1.1s
[   774] loss=-2.3961 | res=8.98e-03 | grad=1.28e-01 | 1.1s
[   775] loss=-2.0845 | res=1.07e-02 | grad=5.66e-01 | 1.1s
[   776] loss=-2.3393 | res=8.83e-03 | grad=2.66e-01 | 1.1s
[   777] loss=-2.1210 | res=8.53e-03 | grad=2.58e-01 | 1.1s
[   778] loss=-2.4179 | res=8.90e-03 | grad=1.75e-01 | 1.1s
[   779] loss=-2.4043 | res=8.73e-03 | grad=1.83e-01 | 1.1s
[   780] loss=-2.1863 | res=1.22e-02 | grad=5.39e-01 | 1.1s
[   781] loss=-2.4152 | res=7.49e-03 | grad=1.38e-01 | 1.1s
[   782] loss=-2.4220 | res=9.44e-03 | grad=3.45e-01 | 1.1s
[   783] loss=-2.3145 | res=9.05e-03 | grad=1.73e-01 | 1.1s
[   784] loss=-2.2816 | res=7.58e-03 | grad=3.81e-01 | 1.1s
[   785] loss=-2.3476 | res=1.05e-02 | grad=2.46e-01 | 1.1s
[   786] loss=-2.1758 | res=1.21e-02 | grad=1.37e-01 | 1.1s
[   787] loss=-2.4269 | res=6.01e-03 | grad=3.24e-01 | 1.1s
[   788] loss=-2.3003 | res=9.94e-03 | grad=2.32e-01 | 1.1s
[   789] loss=-2.2504 | res=9.33e-03 | grad=1.36e-01 | 1.1s
[   790] loss=-2.3157 | res=7.55e-03 | grad=3.11e-01 | 1.1s
[   791] loss=-2.2414 | res=7.95e-03 | grad=3.35e-01 | 1.1s
[   792] loss=-2.2205 | res=9.85e-03 | grad=6.77e-01 | 1.1s
[   793] loss=-2.3886 | res=5.41e-03 | grad=4.87e-01 | 1.1s
[   794] loss=-2.5060 | res=1.23e-02 | grad=3.94e-01 | 1.1s
[   795] loss=-2.3794 | res=8.44e-03 | grad=4.78e-01 | 1.1s
[   796] loss=-2.3209 | res=1.13e-02 | grad=4.06e-01 | 1.1s
[   797] loss=-2.2059 | res=1.11e-02 | grad=3.47e-01 | 1.1s
[   798] loss=-2.1078 | res=9.25e-03 | grad=3.05e-01 | 1.1s
[   799] loss=-2.3286 | res=7.57e-03 | grad=4.39e-01 | 1.1s
[   800] loss=-2.3645 | res=1.04e-02 | grad=3.80e-01 | 1.1s
[   801] loss=-2.3542 | res=8.35e-03 | grad=1.72e-01 | 1.1s
[   802] loss=-2.4483 | res=9.73e-03 | grad=2.86e-01 | 1.1s
[   803] loss=-2.4012 | res=9.45e-03 | grad=5.98e-01 | 1.1s
[   804] loss=-2.2231 | res=8.82e-03 | grad=2.34e-01 | 1.0s
[   805] loss=-2.2187 | res=8.73e-03 | grad=3.29e-01 | 1.1s
[   806] loss=-2.3412 | res=1.26e-02 | grad=1.50e-01 | 1.1s
[   807] loss=-2.4187 | res=8.97e-03 | grad=3.85e-01 | 1.0s
[   808] loss=-2.4484 | res=1.08e-02 | grad=4.39e-01 | 1.1s
[   809] loss=-2.2032 | res=9.65e-03 | grad=4.07e-01 | 1.1s
[   810] loss=-2.3366 | res=1.06e-02 | grad=3.46e-01 | 1.0s
[   811] loss=-2.3940 | res=6.26e-03 | grad=9.62e-01 | 1.1s
[   812] loss=-2.2615 | res=1.03e-02 | grad=5.60e-01 | 1.1s
[   813] loss=-2.4201 | res=8.49e-03 | grad=5.94e-01 | 1.1s
[   814] loss=-2.3158 | res=8.59e-03 | grad=3.80e-01 | 1.1s
[   815] loss=-2.1195 | res=1.12e-02 | grad=6.04e-01 | 1.0s
[   816] loss=-2.1957 | res=9.35e-03 | grad=3.95e-01 | 1.1s
[   817] loss=-2.3595 | res=7.33e-03 | grad=6.34e-01 | 1.1s
[   818] loss=-2.2664 | res=1.01e-02 | grad=5.02e-01 | 1.1s
[   819] loss=-2.3747 | res=7.08e-03 | grad=6.08e-01 | 1.1s
[   820] loss=-2.3663 | res=7.41e-03 | grad=8.52e-01 | 1.1s
[   821] loss=-2.3155 | res=8.99e-03 | grad=4.70e-01 | 1.1s
[   822] loss=-2.1191 | res=9.53e-03 | grad=6.06e-01 | 1.1s
[   823] loss=-2.3515 | res=8.02e-03 | grad=5.01e-01 | 1.1s
[   824] loss=-2.2055 | res=1.05e-02 | grad=3.17e-01 | 1.1s
[   825] loss=-2.3830 | res=8.61e-03 | grad=3.88e-01 | 1.0s
[   826] loss=-2.0446 | res=6.95e-03 | grad=1.01e+00 | 1.1s
[   827] loss=-2.2096 | res=8.83e-03 | grad=4.58e-01 | 1.0s
[   828] loss=-2.4040 | res=6.43e-03 | grad=4.84e-01 | 1.0s
[   829] loss=-2.3376 | res=9.29e-03 | grad=3.32e-01 | 1.0s
[   830] loss=-2.3337 | res=6.99e-03 | grad=1.60e-01 | 1.0s
[   831] loss=-2.1621 | res=7.19e-03 | grad=2.62e-01 | 1.0s
[   832] loss=-2.3361 | res=5.81e-03 | grad=4.58e-01 | 1.1s
[   833] loss=-2.3303 | res=6.70e-03 | grad=4.92e-01 | 1.1s
[   834] loss=-2.4528 | res=8.52e-03 | grad=3.33e-01 | 1.1s
[   835] loss=-2.1987 | res=7.75e-03 | grad=5.44e-01 | 1.1s
[   836] loss=-2.4719 | res=7.74e-03 | grad=3.65e-01 | 1.0s
[   837] loss=-2.1690 | res=7.47e-03 | grad=6.41e-01 | 1.0s
[   838] loss=-2.3489 | res=6.11e-03 | grad=5.64e-01 | 1.1s
[   839] loss=-2.3153 | res=6.86e-03 | grad=1.06e-01 | 1.1s
[   840] loss=-2.3968 | res=7.72e-03 | grad=1.41e-01 | 1.1s
[   841] loss=-2.3828 | res=7.08e-03 | grad=2.39e-01 | 1.1s
[   842] loss=-2.3209 | res=8.01e-03 | grad=1.34e-01 | 1.1s
[   843] loss=-2.2516 | res=7.27e-03 | grad=4.61e-01 | 1.1s
[   844] loss=-2.4388 | res=5.82e-03 | grad=5.20e-01 | 1.1s
[   845] loss=-2.1850 | res=7.07e-03 | grad=4.74e-01 | 1.1s
[   846] loss=-2.5192 | res=7.80e-03 | grad=3.40e-01 | 1.1s
[   847] loss=-2.2733 | res=1.07e-02 | grad=3.33e-01 | 1.1s
[   848] loss=-2.1199 | res=8.98e-03 | grad=3.02e-01 | 1.1s
[   849] loss=-2.3064 | res=9.04e-03 | grad=4.41e-01 | 1.1s
[   850] loss=-2.2436 | res=8.42e-03 | grad=5.25e-01 | 1.1s
[   851] loss=-2.2308 | res=6.26e-03 | grad=4.44e-01 | 1.1s
[   852] loss=-2.4121 | res=7.67e-03 | grad=3.17e-01 | 1.1s
[   853] loss=-2.3992 | res=8.30e-03 | grad=4.40e-01 | 1.1s
[   854] loss=-2.2124 | res=7.49e-03 | grad=4.73e-01 | 1.1s
[   855] loss=-2.3691 | res=1.04e-02 | grad=4.23e-01 | 1.1s
[   856] loss=-2.4217 | res=7.82e-03 | grad=3.91e-01 | 1.1s
[   857] loss=-2.4146 | res=7.46e-03 | grad=2.26e-01 | 1.1s
[   858] loss=-2.1100 | res=8.05e-03 | grad=4.61e-01 | 1.1s
[   859] loss=-2.2314 | res=6.81e-03 | grad=2.45e-01 | 1.1s
[   860] loss=-2.3146 | res=8.11e-03 | grad=2.76e-01 | 1.1s
[   861] loss=-2.3589 | res=8.11e-03 | grad=2.45e-01 | 1.1s
[   862] loss=-2.2137 | res=6.23e-03 | grad=1.39e-01 | 1.1s
[   863] loss=-2.2225 | res=6.66e-03 | grad=2.01e-01 | 1.1s
[   864] loss=-2.2129 | res=1.01e-02 | grad=5.37e-01 | 1.1s
[   865] loss=-2.2881 | res=7.41e-03 | grad=5.39e-01 | 1.1s
[   866] loss=-2.4402 | res=7.05e-03 | grad=5.64e-01 | 1.1s
[   867] loss=-2.1871 | res=9.01e-03 | grad=3.09e-01 | 1.1s
[   868] loss=-2.1837 | res=7.76e-03 | grad=1.50e-01 | 1.1s
[   869] loss=-2.2523 | res=1.09e-02 | grad=2.05e-01 | 1.1s
[   870] loss=-2.2213 | res=7.46e-03 | grad=1.49e-01 | 1.1s
[   871] loss=-2.2889 | res=6.20e-03 | grad=3.61e-01 | 1.1s
[   872] loss=-2.4268 | res=9.67e-03 | grad=5.83e-01 | 1.1s
[   873] loss=-2.2586 | res=6.87e-03 | grad=4.05e-01 | 1.1s
[   874] loss=-2.2854 | res=8.42e-03 | grad=3.62e-01 | 1.1s
[   875] loss=-2.2957 | res=8.64e-03 | grad=2.29e-01 | 1.1s
[   876] loss=-2.4302 | res=8.00e-03 | grad=2.45e-01 | 1.0s
[   877] loss=-2.3495 | res=6.45e-03 | grad=1.13e-01 | 1.1s
[   878] loss=-2.1897 | res=9.31e-03 | grad=4.92e-01 | 1.1s
[   879] loss=-2.3259 | res=9.53e-03 | grad=3.77e-01 | 1.1s
[   880] loss=-2.5686 | res=7.30e-03 | grad=6.66e-01 | 1.0s
[   881] loss=-2.0720 | res=8.43e-03 | grad=3.99e-01 | 1.1s
[   882] loss=-2.3442 | res=8.74e-03 | grad=4.12e-01 | 1.1s
[   883] loss=-2.2162 | res=8.46e-03 | grad=1.77e-01 | 1.0s
[   884] loss=-2.2756 | res=7.62e-03 | grad=2.58e-01 | 1.1s
[   885] loss=-2.2515 | res=9.07e-03 | grad=1.97e-01 | 1.0s
[   886] loss=-2.2080 | res=7.57e-03 | grad=2.88e-01 | 1.1s
[   887] loss=-2.3262 | res=9.91e-03 | grad=3.45e-01 | 1.1s
[   888] loss=-2.2435 | res=4.57e-03 | grad=1.18e-01 | 1.0s
[   889] loss=-2.3032 | res=8.24e-03 | grad=2.62e-01 | 1.1s
[   890] loss=-2.3005 | res=8.46e-03 | grad=4.25e-01 | 1.0s
[   891] loss=-2.4445 | res=8.62e-03 | grad=2.75e-01 | 1.1s
[   892] loss=-2.1259 | res=9.36e-03 | grad=2.22e-01 | 1.1s
[   893] loss=-2.2564 | res=1.03e-02 | grad=1.41e-01 | 1.0s
[   894] loss=-2.1725 | res=8.15e-03 | grad=5.87e-01 | 1.1s
[   895] loss=-2.2831 | res=6.83e-03 | grad=1.55e-01 | 1.1s
[   896] loss=-2.3900 | res=1.06e-02 | grad=2.28e-01 | 1.1s
[   897] loss=-2.3814 | res=7.10e-03 | grad=2.55e-01 | 1.1s
[   898] loss=-2.2460 | res=8.10e-03 | grad=4.27e-01 | 1.1s
[   899] loss=-2.3388 | res=9.76e-03 | grad=1.69e-01 | 1.1s
[   900] loss=-2.1258 | res=6.60e-03 | grad=6.26e-01 | 1.1s
[   901] loss=-2.1997 | res=9.25e-03 | grad=4.22e-01 | 1.1s
[   902] loss=-2.3423 | res=1.06e-02 | grad=2.50e-01 | 1.1s
[   903] loss=-2.2373 | res=8.84e-03 | grad=3.84e-01 | 1.1s
[   904] loss=-2.2294 | res=6.89e-03 | grad=3.80e-01 | 1.1s
[   905] loss=-2.4337 | res=9.67e-03 | grad=8.11e-01 | 1.1s
[   906] loss=-2.5576 | res=9.24e-03 | grad=9.19e-01 | 1.1s
[   907] loss=-2.2864 | res=9.13e-03 | grad=2.83e-01 | 1.1s
[   908] loss=-2.3742 | res=1.21e-02 | grad=4.01e-01 | 1.1s
[   909] loss=-2.2716 | res=9.67e-03 | grad=1.57e-01 | 1.1s
[   910] loss=-2.3189 | res=8.65e-03 | grad=2.39e-01 | 1.1s
[   911] loss=-2.2954 | res=8.65e-03 | grad=3.92e-01 | 1.1s
[   912] loss=-2.3032 | res=9.58e-03 | grad=2.19e-01 | 1.1s
[   913] loss=-2.3125 | res=1.08e-02 | grad=2.26e-01 | 1.1s
[   914] loss=-2.3375 | res=1.13e-02 | grad=4.32e-01 | 1.1s
[   915] loss=-2.4314 | res=8.31e-03 | grad=1.96e-01 | 1.1s
[   916] loss=-2.4268 | res=8.09e-03 | grad=3.69e-01 | 1.1s
[   917] loss=-2.2325 | res=7.55e-03 | grad=4.06e-01 | 1.1s
[   918] loss=-2.3573 | res=1.07e-02 | grad=1.49e-01 | 1.1s
[   919] loss=-2.2980 | res=9.34e-03 | grad=2.89e-01 | 1.1s
[   920] loss=-2.3129 | res=8.96e-03 | grad=3.17e-01 | 1.0s
[   921] loss=-2.5216 | res=1.08e-02 | grad=5.33e-01 | 1.0s
[   922] loss=-2.3113 | res=9.95e-03 | grad=7.64e-01 | 1.1s
[   923] loss=-2.2021 | res=1.11e-02 | grad=2.11e-01 | 1.1s
[   924] loss=-2.2793 | res=8.11e-03 | grad=1.27e-01 | 1.1s
[   925] loss=-2.4158 | res=1.20e-02 | grad=5.42e-01 | 1.1s
[   926] loss=-2.1757 | res=7.51e-03 | grad=2.31e-01 | 1.1s
[   927] loss=-2.3844 | res=1.09e-02 | grad=5.76e-01 | 1.1s
[   928] loss=-2.1986 | res=1.07e-02 | grad=5.59e-01 | 1.1s
[   929] loss=-2.4903 | res=1.11e-02 | grad=2.74e-01 | 1.1s
[   930] loss=-2.4208 | res=1.10e-02 | grad=2.69e-01 | 1.1s
[   931] loss=-2.1168 | res=7.82e-03 | grad=4.15e-01 | 1.1s
[   932] loss=-2.3114 | res=8.11e-03 | grad=5.11e-01 | 1.0s
[   933] loss=-2.2591 | res=9.07e-03 | grad=3.99e-01 | 1.1s
[   934] loss=-2.2039 | res=7.53e-03 | grad=4.66e-01 | 1.1s
[   935] loss=-2.2483 | res=7.94e-03 | grad=3.92e-01 | 1.1s
[   936] loss=-2.4084 | res=8.18e-03 | grad=4.64e-01 | 1.1s
[   937] loss=-2.3119 | res=8.98e-03 | grad=6.88e-01 | 1.1s
[   938] loss=-2.2146 | res=1.21e-02 | grad=4.62e-01 | 1.1s
[   939] loss=-2.3179 | res=8.90e-03 | grad=2.40e-01 | 1.1s
[   940] loss=-2.3151 | res=4.99e-03 | grad=1.85e-01 | 1.0s
[   941] loss=-2.2195 | res=7.65e-03 | grad=3.07e-01 | 1.1s
[   942] loss=-2.1130 | res=7.14e-03 | grad=4.20e-01 | 1.1s
[   943] loss=-2.1787 | res=5.19e-03 | grad=3.63e-01 | 1.1s
[   944] loss=-2.3509 | res=9.39e-03 | grad=3.43e-01 | 1.1s
[   945] loss=-2.0687 | res=9.32e-03 | grad=3.36e-01 | 1.1s
[   946] loss=-2.4097 | res=7.76e-03 | grad=3.39e-01 | 1.1s
[   947] loss=-2.4069 | res=9.63e-03 | grad=2.39e-01 | 1.1s
[   948] loss=-2.3495 | res=1.02e-02 | grad=4.26e-01 | 1.1s
[   949] loss=-2.4201 | res=1.02e-02 | grad=4.24e-01 | 1.1s
[   950] loss=-2.3045 | res=9.88e-03 | grad=2.98e-01 | 1.1s
[   951] loss=-2.3204 | res=9.49e-03 | grad=4.93e-01 | 1.1s
[   952] loss=-2.1381 | res=9.83e-03 | grad=4.94e-01 | 1.1s
[   953] loss=-2.3684 | res=9.29e-03 | grad=1.27e-01 | 1.1s
[   954] loss=-2.4925 | res=9.94e-03 | grad=4.16e-01 | 1.1s
[   955] loss=-2.1744 | res=1.05e-02 | grad=6.35e-01 | 1.1s
[   956] loss=-2.2153 | res=1.12e-02 | grad=4.22e-01 | 1.1s
[   957] loss=-2.3380 | res=8.75e-03 | grad=3.84e-01 | 1.1s
[   958] loss=-2.2339 | res=8.52e-03 | grad=2.56e-01 | 1.1s
[   959] loss=-2.2407 | res=1.19e-02 | grad=5.28e-01 | 1.0s
[   960] loss=-2.3807 | res=1.28e-02 | grad=5.56e-01 | 1.1s
[   961] loss=-2.3609 | res=8.81e-03 | grad=1.59e-01 | 1.1s
[   962] loss=-2.2678 | res=8.58e-03 | grad=5.03e-01 | 1.0s
[   963] loss=-2.2246 | res=1.34e-02 | grad=4.42e-01 | 1.1s
[   964] loss=-2.3360 | res=1.07e-02 | grad=2.94e-01 | 1.0s
[   965] loss=-2.1319 | res=7.35e-03 | grad=4.91e-01 | 1.1s
[   966] loss=-2.2552 | res=8.68e-03 | grad=5.03e-01 | 1.1s
[   967] loss=-2.0098 | res=9.73e-03 | grad=6.95e-01 | 1.1s
[   968] loss=-2.1622 | res=8.11e-03 | grad=2.76e-01 | 1.1s
[   969] loss=-2.1709 | res=5.59e-03 | grad=5.42e-01 | 1.1s
[   970] loss=-2.3712 | res=6.89e-03 | grad=2.89e-01 | 1.1s
[   971] loss=-2.3374 | res=7.86e-03 | grad=5.27e-01 | 1.1s
[   972] loss=-2.3061 | res=1.10e-02 | grad=6.66e-01 | 1.1s
[   973] loss=-2.2307 | res=1.17e-02 | grad=3.84e-01 | 1.0s
[   974] loss=-2.4770 | res=5.67e-03 | grad=5.35e-01 | 1.1s
[   975] loss=-2.5392 | res=1.03e-02 | grad=8.68e-01 | 1.1s
[   976] loss=-2.2701 | res=8.44e-03 | grad=5.13e-01 | 1.1s
[   977] loss=-2.3396 | res=9.53e-03 | grad=6.52e-01 | 1.1s
[   978] loss=-2.0463 | res=1.02e-02 | grad=6.05e-01 | 1.1s
[   979] loss=-2.4910 | res=1.03e-02 | grad=4.08e-01 | 1.1s
[   980] loss=-2.1519 | res=1.13e-02 | grad=5.01e-01 | 1.1s
[   981] loss=-2.4722 | res=7.08e-03 | grad=4.28e-01 | 1.1s
[   982] loss=-2.1920 | res=7.57e-03 | grad=6.52e-01 | 1.1s
[   983] loss=-2.1895 | res=6.89e-03 | grad=2.43e-01 | 1.1s
[   984] loss=-2.2493 | res=7.14e-03 | grad=2.08e-01 | 1.1s
[   985] loss=-2.1898 | res=6.67e-03 | grad=1.74e-01 | 1.1s
[   986] loss=-2.3580 | res=7.13e-03 | grad=4.55e-01 | 1.1s
[   987] loss=-2.1112 | res=9.97e-03 | grad=2.03e-01 | 1.1s
[   988] loss=-2.1486 | res=1.25e-02 | grad=3.97e-01 | 1.1s
[   989] loss=-2.3962 | res=7.60e-03 | grad=5.62e-01 | 1.1s
[   990] loss=-2.2830 | res=1.10e-02 | grad=3.54e-01 | 1.1s
[   991] loss=-2.5228 | res=8.75e-03 | grad=6.56e-01 | 1.1s
[   992] loss=-2.3457 | res=7.07e-03 | grad=4.61e-01 | 1.1s
[   993] loss=-2.3765 | res=8.36e-03 | grad=3.09e-01 | 1.1s
[   994] loss=-2.2134 | res=8.76e-03 | grad=3.63e-01 | 1.1s
[   995] loss=-2.4937 | res=6.01e-03 | grad=3.27e-01 | 1.1s
[   996] loss=-2.4142 | res=8.09e-03 | grad=4.12e-01 | 1.0s
[   997] loss=-2.3376 | res=9.45e-03 | grad=3.61e-01 | 1.0s
[   998] loss=-2.2298 | res=8.46e-03 | grad=2.85e-01 | 1.1s
[   999] loss=-2.2630 | res=9.50e-03 | grad=5.02e-01 | 1.1s
[  1000] loss=-2.1357 | res=8.16e-03 | grad=5.54e-01 | 1.1s
    KL = 0.1574
    ESS ratio = 0.881
    Runtime = 1072.0s

  --- Run 3/5 (seed=34567) ---
[     1] loss=0.0798 | res=1.98e-03 | grad=7.41e+00 | 5.3s
[     2] loss=-0.0701 | res=1.58e-03 | grad=7.22e+00 | 1.1s
[     3] loss=-0.2221 | res=2.46e-03 | grad=7.16e+00 | 1.1s
[     4] loss=-0.3473 | res=2.44e-03 | grad=6.64e+00 | 1.1s
[     5] loss=-0.4929 | res=2.87e-03 | grad=7.05e+00 | 1.1s
[     6] loss=-0.6562 | res=3.35e-03 | grad=7.59e+00 | 1.1s
[     7] loss=-0.7937 | res=3.82e-03 | grad=7.65e+00 | 1.1s
[     8] loss=-0.9078 | res=4.68e-03 | grad=7.67e+00 | 1.1s
[     9] loss=-1.0496 | res=5.93e-03 | grad=7.23e+00 | 1.0s
[    10] loss=-1.2684 | res=4.11e-03 | grad=7.68e+00 | 1.0s
[    11] loss=-1.3269 | res=8.02e-03 | grad=6.59e+00 | 1.1s
[    12] loss=-1.4694 | res=3.66e-03 | grad=5.88e+00 | 1.1s
[    13] loss=-1.5016 | res=4.06e-03 | grad=5.12e+00 | 1.1s
[    14] loss=-1.5384 | res=2.76e-03 | grad=4.61e+00 | 1.1s
[    15] loss=-1.6891 | res=1.84e-03 | grad=4.34e+00 | 1.1s
[    16] loss=-1.7552 | res=2.80e-03 | grad=4.06e+00 | 1.1s
[    17] loss=-1.9352 | res=2.07e-03 | grad=3.92e+00 | 1.1s
[    18] loss=-1.8484 | res=2.67e-03 | grad=3.36e+00 | 1.1s
[    19] loss=-1.9985 | res=3.57e-03 | grad=3.33e+00 | 1.1s
[    20] loss=-1.8999 | res=5.98e-03 | grad=2.71e+00 | 1.1s
[    21] loss=-2.0096 | res=5.37e-03 | grad=2.45e+00 | 1.1s
[    22] loss=-2.1577 | res=2.84e-03 | grad=2.26e+00 | 1.1s
[    23] loss=-2.1840 | res=4.36e-03 | grad=2.03e+00 | 1.1s
[    24] loss=-2.2390 | res=5.26e-03 | grad=1.55e+00 | 1.1s
[    25] loss=-2.1588 | res=6.55e-03 | grad=1.23e+00 | 1.1s
[    26] loss=-2.4111 | res=4.90e-03 | grad=1.01e+00 | 1.1s
[    27] loss=-2.2128 | res=7.26e-03 | grad=8.09e-01 | 1.1s
[    28] loss=-2.0356 | res=1.11e-02 | grad=4.11e-01 | 1.1s
[    29] loss=-2.2320 | res=1.01e-02 | grad=4.74e-01 | 1.1s
[    30] loss=-2.2369 | res=8.90e-03 | grad=6.99e-01 | 1.1s
[    31] loss=-2.0658 | res=1.18e-02 | grad=9.08e-01 | 1.1s
[    32] loss=-2.2143 | res=1.14e-02 | grad=1.09e+00 | 1.1s
[    33] loss=-2.3023 | res=9.88e-03 | grad=7.17e-01 | 1.1s
[    34] loss=-2.4892 | res=1.53e-02 | grad=9.26e-01 | 1.1s
[    35] loss=-2.3453 | res=1.36e-02 | grad=1.33e+00 | 1.1s
[    36] loss=-2.4191 | res=1.25e-02 | grad=7.28e-01 | 1.1s
[    37] loss=-2.0717 | res=1.57e-02 | grad=1.08e+00 | 1.1s
[    38] loss=-2.4622 | res=1.59e-02 | grad=9.79e-01 | 1.0s
[    39] loss=-2.2129 | res=1.66e-02 | grad=1.18e+00 | 1.1s
[    40] loss=-2.3499 | res=1.15e-02 | grad=8.31e-01 | 1.1s
[    41] loss=-2.1274 | res=2.07e-02 | grad=1.04e+00 | 1.1s
[    42] loss=-2.2619 | res=1.62e-02 | grad=6.21e-01 | 1.1s
[    43] loss=-2.1233 | res=1.45e-02 | grad=8.17e-01 | 1.1s
[    44] loss=-2.1361 | res=1.39e-02 | grad=5.18e-01 | 1.1s
[    45] loss=-2.3957 | res=1.45e-02 | grad=2.47e-01 | 1.1s
[    46] loss=-2.2076 | res=1.22e-02 | grad=3.86e-01 | 1.1s
[    47] loss=-2.1768 | res=9.39e-03 | grad=1.12e+00 | 1.1s
[    48] loss=-2.4050 | res=1.41e-02 | grad=8.12e-01 | 1.1s
[    49] loss=-2.3034 | res=1.31e-02 | grad=1.05e+00 | 1.1s
[    50] loss=-2.3699 | res=1.36e-02 | grad=6.12e-01 | 1.1s
[    51] loss=-2.2924 | res=9.13e-03 | grad=5.31e-01 | 1.1s
[    52] loss=-2.1192 | res=1.61e-02 | grad=8.79e-01 | 1.1s
[    53] loss=-2.3319 | res=1.26e-02 | grad=8.79e-01 | 1.1s
[    54] loss=-2.2586 | res=1.52e-02 | grad=6.50e-01 | 1.0s
[    55] loss=-2.2526 | res=1.41e-02 | grad=7.86e-01 | 1.1s
[    56] loss=-2.0587 | res=1.51e-02 | grad=4.04e-01 | 1.1s
[    57] loss=-2.4041 | res=1.00e-02 | grad=1.44e+00 | 1.1s
[    58] loss=-2.3189 | res=1.31e-02 | grad=7.57e-01 | 1.1s
[    59] loss=-2.3270 | res=1.24e-02 | grad=4.84e-01 | 1.1s
[    60] loss=-2.2861 | res=1.20e-02 | grad=1.21e+00 | 1.1s
[    61] loss=-2.3633 | res=1.43e-02 | grad=1.09e+00 | 1.0s
[    62] loss=-2.1519 | res=1.44e-02 | grad=2.51e-01 | 1.1s
[    63] loss=-2.1075 | res=9.35e-03 | grad=1.02e+00 | 1.0s
[    64] loss=-2.3201 | res=1.40e-02 | grad=1.82e-01 | 1.1s
[    65] loss=-2.4259 | res=1.36e-02 | grad=7.24e-01 | 1.0s
[    66] loss=-2.3600 | res=1.64e-02 | grad=4.47e-01 | 1.1s
[    67] loss=-2.1322 | res=1.39e-02 | grad=3.98e-01 | 1.1s
[    68] loss=-2.2933 | res=1.80e-02 | grad=5.58e-01 | 1.0s
[    69] loss=-2.3483 | res=1.82e-02 | grad=1.01e+00 | 1.1s
[    70] loss=-2.2441 | res=1.64e-02 | grad=6.10e-01 | 1.1s
[    71] loss=-2.2696 | res=1.78e-02 | grad=3.50e-01 | 1.1s
[    72] loss=-2.3486 | res=1.61e-02 | grad=5.85e-01 | 1.1s
[    73] loss=-2.4388 | res=1.58e-02 | grad=1.14e+00 | 1.1s
[    74] loss=-2.3496 | res=1.73e-02 | grad=8.96e-01 | 1.1s
[    75] loss=-2.2316 | res=1.77e-02 | grad=9.04e-01 | 1.1s
[    76] loss=-2.3113 | res=1.96e-02 | grad=1.83e+00 | 1.1s
[    77] loss=-2.2081 | res=1.30e-02 | grad=8.36e-01 | 1.1s
[    78] loss=-2.2400 | res=1.28e-02 | grad=7.96e-01 | 1.1s
[    79] loss=-2.2122 | res=1.81e-02 | grad=8.02e-01 | 1.1s
[    80] loss=-2.1935 | res=1.78e-02 | grad=8.93e-01 | 1.1s
[    81] loss=-2.1978 | res=1.99e-02 | grad=1.58e+00 | 1.1s
[    82] loss=-2.1106 | res=2.14e-02 | grad=1.12e+00 | 1.0s
[    83] loss=-2.2762 | res=2.14e-02 | grad=1.14e+00 | 1.1s
[    84] loss=-2.3394 | res=1.59e-02 | grad=7.27e-01 | 1.1s
[    85] loss=-2.5918 | res=2.27e-02 | grad=8.35e-01 | 1.1s
[    86] loss=-2.4001 | res=1.75e-02 | grad=1.16e+00 | 1.1s
[    87] loss=-2.3397 | res=1.91e-02 | grad=1.19e+00 | 1.1s
[    88] loss=-2.4633 | res=2.40e-02 | grad=8.90e-01 | 1.0s
[    89] loss=-2.2474 | res=1.97e-02 | grad=7.77e-01 | 1.1s
[    90] loss=-2.1373 | res=1.95e-02 | grad=5.04e-01 | 1.1s
[    91] loss=-2.1635 | res=1.77e-02 | grad=9.70e-01 | 1.1s
[    92] loss=-2.3445 | res=1.55e-02 | grad=6.14e-01 | 1.1s
[    93] loss=-2.1876 | res=1.49e-02 | grad=6.08e-01 | 1.0s
[    94] loss=-2.2957 | res=1.75e-02 | grad=5.82e-01 | 1.1s
[    95] loss=-2.4522 | res=1.69e-02 | grad=9.42e-01 | 1.1s
[    96] loss=-2.3292 | res=1.63e-02 | grad=5.60e-01 | 1.1s
[    97] loss=-2.4560 | res=1.96e-02 | grad=6.14e-01 | 1.1s
[    98] loss=-2.4102 | res=2.05e-02 | grad=5.23e-01 | 1.1s
[    99] loss=-2.1197 | res=1.51e-02 | grad=6.44e-01 | 1.1s
[   100] loss=-2.3635 | res=1.94e-02 | grad=9.58e-01 | 1.0s
[   101] loss=-2.1487 | res=2.12e-02 | grad=1.36e+00 | 1.1s
[   102] loss=-2.4067 | res=1.41e-02 | grad=1.10e+00 | 1.1s
[   103] loss=-2.4118 | res=1.87e-02 | grad=8.22e-01 | 1.1s
[   104] loss=-2.3209 | res=2.24e-02 | grad=4.12e-01 | 1.1s
[   105] loss=-2.2943 | res=1.48e-02 | grad=3.09e-01 | 1.1s
[   106] loss=-2.3192 | res=1.72e-02 | grad=7.96e-01 | 1.1s
[   107] loss=-2.3263 | res=1.84e-02 | grad=1.27e+00 | 1.1s
[   108] loss=-2.2350 | res=2.09e-02 | grad=2.67e-01 | 1.1s
[   109] loss=-2.2810 | res=1.82e-02 | grad=6.35e-01 | 1.1s
[   110] loss=-2.2969 | res=2.07e-02 | grad=1.29e+00 | 1.0s
[   111] loss=-2.2625 | res=1.59e-02 | grad=4.57e-01 | 1.1s
[   112] loss=-2.1941 | res=2.14e-02 | grad=5.11e-01 | 1.1s
[   113] loss=-2.2926 | res=1.48e-02 | grad=8.62e-01 | 1.1s
[   114] loss=-2.3378 | res=2.22e-02 | grad=4.07e-01 | 1.1s
[   115] loss=-2.5360 | res=2.31e-02 | grad=6.95e-01 | 1.1s
[   116] loss=-2.3518 | res=2.28e-02 | grad=5.23e-01 | 1.0s
[   117] loss=-2.4035 | res=1.72e-02 | grad=5.62e-01 | 1.1s
[   118] loss=-2.3469 | res=1.54e-02 | grad=3.63e-01 | 1.1s
[   119] loss=-2.2430 | res=1.90e-02 | grad=2.40e-01 | 1.1s
[   120] loss=-2.2866 | res=1.90e-02 | grad=3.74e-01 | 1.1s
[   121] loss=-2.2332 | res=2.20e-02 | grad=7.55e-01 | 1.0s
[   122] loss=-2.5460 | res=1.77e-02 | grad=1.19e+00 | 1.0s
[   123] loss=-2.4331 | res=1.92e-02 | grad=5.82e-01 | 1.1s
[   124] loss=-2.2938 | res=2.09e-02 | grad=3.56e-01 | 1.1s
[   125] loss=-2.3686 | res=1.80e-02 | grad=1.42e-01 | 1.1s
[   126] loss=-2.2949 | res=1.63e-02 | grad=2.12e-01 | 1.1s
[   127] loss=-2.2861 | res=2.65e-02 | grad=3.54e-01 | 1.1s
[   128] loss=-2.3419 | res=1.78e-02 | grad=8.35e-01 | 1.1s
[   129] loss=-2.1284 | res=1.42e-02 | grad=7.41e-01 | 1.1s
[   130] loss=-2.3765 | res=2.01e-02 | grad=4.60e-01 | 1.0s
[   131] loss=-2.3660 | res=1.55e-02 | grad=4.18e-01 | 1.1s
[   132] loss=-2.3053 | res=1.61e-02 | grad=8.85e-01 | 1.1s
[   133] loss=-2.2403 | res=1.98e-02 | grad=4.99e-01 | 1.1s
[   134] loss=-2.4312 | res=1.86e-02 | grad=2.60e-01 | 1.1s
[   135] loss=-2.4092 | res=1.79e-02 | grad=4.31e-01 | 1.1s
[   136] loss=-2.1692 | res=1.42e-02 | grad=6.19e-01 | 1.1s
[   137] loss=-2.2543 | res=1.75e-02 | grad=5.84e-01 | 1.1s
[   138] loss=-2.2452 | res=1.83e-02 | grad=5.08e-01 | 1.1s
[   139] loss=-2.2850 | res=2.19e-02 | grad=4.70e-01 | 1.0s
[   140] loss=-2.3925 | res=2.19e-02 | grad=5.49e-01 | 1.1s
[   141] loss=-2.4078 | res=1.93e-02 | grad=5.59e-01 | 1.1s
[   142] loss=-2.2988 | res=2.26e-02 | grad=7.02e-01 | 1.1s
[   143] loss=-2.2898 | res=2.11e-02 | grad=5.83e-01 | 1.1s
[   144] loss=-2.2854 | res=1.99e-02 | grad=2.51e-01 | 1.1s
[   145] loss=-2.4439 | res=2.16e-02 | grad=5.87e-01 | 1.1s
[   146] loss=-2.3811 | res=1.96e-02 | grad=2.76e-01 | 1.1s
[   147] loss=-2.3258 | res=1.48e-02 | grad=4.51e-01 | 1.1s
[   148] loss=-2.5191 | res=1.70e-02 | grad=3.35e-01 | 1.1s
[   149] loss=-2.1302 | res=1.69e-02 | grad=8.34e-01 | 1.1s
[   150] loss=-2.2676 | res=2.07e-02 | grad=3.95e-01 | 1.1s
[   151] loss=-2.4029 | res=1.59e-02 | grad=7.40e-01 | 1.1s
[   152] loss=-2.3730 | res=1.82e-02 | grad=5.61e-01 | 1.1s
[   153] loss=-2.2515 | res=2.42e-02 | grad=4.51e-01 | 1.1s
[   154] loss=-2.1753 | res=2.04e-02 | grad=5.56e-01 | 1.0s
[   155] loss=-2.3446 | res=2.19e-02 | grad=2.29e-01 | 1.1s
[   156] loss=-2.3990 | res=1.87e-02 | grad=9.28e-01 | 1.1s
[   157] loss=-2.3830 | res=2.21e-02 | grad=4.23e-01 | 1.1s
[   158] loss=-2.3434 | res=1.51e-02 | grad=6.94e-01 | 1.1s
[   159] loss=-2.1396 | res=1.67e-02 | grad=4.68e-01 | 1.0s
[   160] loss=-2.3000 | res=1.91e-02 | grad=7.74e-01 | 1.1s
[   161] loss=-2.3590 | res=2.27e-02 | grad=6.59e-01 | 1.1s
[   162] loss=-2.4573 | res=2.32e-02 | grad=2.77e-01 | 1.1s
[   163] loss=-2.2721 | res=1.97e-02 | grad=5.80e-01 | 1.0s
[   164] loss=-2.2698 | res=2.45e-02 | grad=4.40e-01 | 1.1s
[   165] loss=-2.2896 | res=1.92e-02 | grad=6.49e-01 | 1.0s
[   166] loss=-2.3359 | res=2.08e-02 | grad=2.41e-01 | 1.1s
[   167] loss=-2.2943 | res=1.86e-02 | grad=5.98e-02 | 1.0s
[   168] loss=-2.5465 | res=2.45e-02 | grad=4.14e-01 | 1.1s
[   169] loss=-2.3189 | res=2.07e-02 | grad=5.79e-01 | 1.1s
[   170] loss=-2.2738 | res=1.45e-02 | grad=2.95e-01 | 1.1s
[   171] loss=-2.6272 | res=1.67e-02 | grad=3.96e-01 | 1.1s
[   172] loss=-2.1237 | res=2.24e-02 | grad=6.70e-01 | 1.1s
[   173] loss=-2.2389 | res=2.49e-02 | grad=6.13e-01 | 1.1s
[   174] loss=-2.0268 | res=2.92e-02 | grad=6.91e-01 | 1.1s
[   175] loss=-2.3275 | res=2.14e-02 | grad=3.49e-01 | 1.1s
[   176] loss=-2.4178 | res=1.92e-02 | grad=3.10e-01 | 1.1s
[   177] loss=-2.4007 | res=1.87e-02 | grad=3.71e-01 | 1.1s
[   178] loss=-2.3925 | res=2.06e-02 | grad=6.22e-01 | 1.1s
[   179] loss=-2.3825 | res=1.78e-02 | grad=3.49e-01 | 1.1s
[   180] loss=-2.5586 | res=1.97e-02 | grad=6.37e-01 | 1.1s
[   181] loss=-2.3672 | res=1.60e-02 | grad=5.77e-01 | 1.1s
[   182] loss=-2.1797 | res=2.39e-02 | grad=5.03e-01 | 1.1s
[   183] loss=-2.2747 | res=1.80e-02 | grad=7.15e-01 | 1.0s
[   184] loss=-2.1630 | res=2.31e-02 | grad=9.31e-01 | 1.0s
[   185] loss=-2.3363 | res=1.79e-02 | grad=6.94e-01 | 1.1s
[   186] loss=-2.3033 | res=1.72e-02 | grad=3.70e-01 | 1.1s
[   187] loss=-2.2343 | res=1.70e-02 | grad=8.18e-01 | 1.1s
[   188] loss=-2.2120 | res=1.46e-02 | grad=8.34e-01 | 1.1s
[   189] loss=-2.3667 | res=1.85e-02 | grad=8.17e-01 | 1.1s
[   190] loss=-2.0882 | res=2.20e-02 | grad=4.47e-01 | 1.1s
[   191] loss=-2.4771 | res=1.98e-02 | grad=6.11e-01 | 1.1s
[   192] loss=-2.1738 | res=1.78e-02 | grad=6.83e-01 | 1.1s
[   193] loss=-2.0579 | res=2.10e-02 | grad=8.80e-01 | 1.1s
[   194] loss=-2.2938 | res=1.92e-02 | grad=4.57e-01 | 1.1s
[   195] loss=-2.3098 | res=2.03e-02 | grad=7.38e-01 | 1.1s
[   196] loss=-2.3339 | res=1.83e-02 | grad=4.29e-01 | 1.1s
[   197] loss=-2.1931 | res=2.49e-02 | grad=6.81e-01 | 1.1s
[   198] loss=-2.3165 | res=1.56e-02 | grad=4.57e-01 | 1.1s
[   199] loss=-2.3852 | res=2.31e-02 | grad=6.32e-01 | 1.1s
[   200] loss=-2.1954 | res=2.08e-02 | grad=3.26e-01 | 1.1s
[   201] loss=-2.2821 | res=2.39e-02 | grad=4.36e-01 | 1.1s
[   202] loss=-2.0948 | res=1.95e-02 | grad=1.25e+00 | 1.0s
[   203] loss=-2.1949 | res=1.55e-02 | grad=8.44e-01 | 1.1s
[   204] loss=-2.2913 | res=1.98e-02 | grad=9.36e-01 | 1.1s
[   205] loss=-2.2861 | res=1.51e-02 | grad=6.42e-01 | 1.1s
[   206] loss=-2.2900 | res=1.30e-02 | grad=4.46e-01 | 1.1s
[   207] loss=-2.2765 | res=1.99e-02 | grad=6.31e-01 | 1.1s
[   208] loss=-2.1444 | res=2.02e-02 | grad=6.63e-01 | 1.1s
[   209] loss=-2.5311 | res=1.53e-02 | grad=1.18e+00 | 1.1s
[   210] loss=-2.4036 | res=1.33e-02 | grad=5.56e-01 | 1.1s
[   211] loss=-2.1777 | res=2.03e-02 | grad=4.98e-01 | 1.1s
[   212] loss=-2.3920 | res=1.72e-02 | grad=8.79e-01 | 1.1s
[   213] loss=-2.1484 | res=1.74e-02 | grad=4.82e-01 | 1.1s
[   214] loss=-2.4168 | res=1.78e-02 | grad=8.22e-01 | 1.1s
[   215] loss=-2.2167 | res=1.96e-02 | grad=7.16e-01 | 1.0s
[   216] loss=-2.3064 | res=1.79e-02 | grad=7.03e-01 | 1.1s
[   217] loss=-2.3694 | res=1.95e-02 | grad=5.49e-01 | 1.0s
[   218] loss=-2.4171 | res=1.90e-02 | grad=7.14e-01 | 1.1s
[   219] loss=-2.3625 | res=1.82e-02 | grad=6.31e-01 | 1.1s
[   220] loss=-2.1497 | res=1.83e-02 | grad=3.45e-01 | 1.1s
[   221] loss=-2.2551 | res=1.89e-02 | grad=8.83e-01 | 1.1s
[   222] loss=-2.2166 | res=1.85e-02 | grad=7.72e-01 | 1.1s
[   223] loss=-2.2723 | res=1.75e-02 | grad=1.08e+00 | 1.1s
[   224] loss=-2.3030 | res=1.97e-02 | grad=7.50e-01 | 1.1s
[   225] loss=-2.2094 | res=2.35e-02 | grad=5.86e-01 | 1.1s
[   226] loss=-2.3897 | res=2.00e-02 | grad=2.34e-01 | 1.1s
[   227] loss=-2.3192 | res=1.69e-02 | grad=1.10e+00 | 1.0s
[   228] loss=-2.1914 | res=1.33e-02 | grad=7.40e-01 | 1.1s
[   229] loss=-2.2103 | res=1.12e-02 | grad=7.38e-01 | 1.1s
[   230] loss=-2.1867 | res=1.92e-02 | grad=6.70e-01 | 1.1s
[   231] loss=-2.2606 | res=1.58e-02 | grad=8.15e-01 | 1.1s
[   232] loss=-2.3727 | res=1.42e-02 | grad=4.69e-01 | 1.1s
[   233] loss=-2.3097 | res=2.10e-02 | grad=4.98e-01 | 1.1s
[   234] loss=-2.4963 | res=1.67e-02 | grad=6.11e-01 | 1.0s
[   235] loss=-2.2597 | res=1.47e-02 | grad=8.76e-01 | 1.1s
[   236] loss=-2.3588 | res=2.03e-02 | grad=7.62e-01 | 1.1s
[   237] loss=-2.3395 | res=2.01e-02 | grad=4.55e-01 | 1.1s
[   238] loss=-2.3382 | res=2.17e-02 | grad=1.29e+00 | 1.1s
[   239] loss=-2.2645 | res=1.46e-02 | grad=4.61e-01 | 1.1s
[   240] loss=-2.3069 | res=1.49e-02 | grad=9.40e-01 | 1.1s
[   241] loss=-2.3990 | res=1.61e-02 | grad=3.90e-01 | 1.1s
[   242] loss=-2.3693 | res=1.83e-02 | grad=7.84e-01 | 1.0s
[   243] loss=-2.3140 | res=1.61e-02 | grad=6.56e-01 | 1.1s
[   244] loss=-2.3881 | res=1.41e-02 | grad=9.05e-01 | 1.0s
[   245] loss=-2.3451 | res=1.52e-02 | grad=6.34e-01 | 1.1s
[   246] loss=-2.3911 | res=1.69e-02 | grad=2.73e-01 | 1.1s
[   247] loss=-2.2345 | res=2.03e-02 | grad=7.21e-01 | 1.1s
[   248] loss=-2.2681 | res=1.98e-02 | grad=5.30e-01 | 1.0s
[   249] loss=-2.3144 | res=1.97e-02 | grad=2.97e-01 | 1.1s
[   250] loss=-2.1958 | res=1.88e-02 | grad=4.27e-01 | 1.1s
[   251] loss=-2.2354 | res=2.06e-02 | grad=3.57e-01 | 1.1s
[   252] loss=-2.4536 | res=1.90e-02 | grad=1.07e+00 | 1.1s
[   253] loss=-2.3310 | res=1.78e-02 | grad=4.59e-01 | 1.1s
[   254] loss=-2.5121 | res=1.95e-02 | grad=6.04e-01 | 1.1s
[   255] loss=-2.2763 | res=1.57e-02 | grad=3.45e-01 | 1.1s
[   256] loss=-2.2548 | res=2.10e-02 | grad=5.03e-01 | 1.1s
[   257] loss=-2.0708 | res=1.51e-02 | grad=5.23e-01 | 1.1s
[   258] loss=-2.3398 | res=2.29e-02 | grad=4.77e-01 | 1.1s
[   259] loss=-2.3548 | res=2.18e-02 | grad=3.44e-01 | 1.1s
[   260] loss=-2.4821 | res=1.22e-02 | grad=4.28e-01 | 1.1s
[   261] loss=-2.2236 | res=1.67e-02 | grad=6.42e-01 | 1.1s
[   262] loss=-2.4472 | res=2.08e-02 | grad=4.77e-01 | 1.1s
[   263] loss=-2.2250 | res=1.94e-02 | grad=4.15e-01 | 1.1s
[   264] loss=-2.2924 | res=1.51e-02 | grad=3.40e-01 | 1.1s
[   265] loss=-2.2940 | res=1.49e-02 | grad=6.60e-01 | 1.1s
[   266] loss=-2.2250 | res=1.50e-02 | grad=4.71e-01 | 1.1s
[   267] loss=-2.2506 | res=2.33e-02 | grad=4.91e-01 | 1.1s
[   268] loss=-2.4080 | res=1.42e-02 | grad=5.04e-01 | 1.1s
[   269] loss=-2.3373 | res=1.62e-02 | grad=2.53e-01 | 1.1s
[   270] loss=-2.2243 | res=1.38e-02 | grad=4.71e-01 | 1.1s
[   271] loss=-2.4022 | res=1.53e-02 | grad=2.51e-01 | 1.1s
[   272] loss=-2.4366 | res=1.87e-02 | grad=5.37e-01 | 1.1s
[   273] loss=-2.2459 | res=1.57e-02 | grad=7.95e-01 | 1.1s
[   274] loss=-2.1585 | res=1.78e-02 | grad=3.53e-01 | 1.1s
[   275] loss=-2.4812 | res=1.63e-02 | grad=9.15e-01 | 1.1s
[   276] loss=-1.9528 | res=1.52e-02 | grad=8.21e-01 | 1.1s
[   277] loss=-2.2168 | res=1.32e-02 | grad=4.79e-01 | 1.0s
[   278] loss=-2.2980 | res=1.50e-02 | grad=5.81e-01 | 1.1s
[   279] loss=-2.5329 | res=1.35e-02 | grad=3.65e-01 | 1.1s
[   280] loss=-2.4132 | res=1.46e-02 | grad=5.78e-01 | 1.1s
[   281] loss=-2.3261 | res=1.90e-02 | grad=6.29e-01 | 1.1s
[   282] loss=-2.2075 | res=1.83e-02 | grad=4.15e-01 | 1.1s
[   283] loss=-2.3255 | res=1.40e-02 | grad=2.93e-01 | 1.1s
[   284] loss=-2.4238 | res=1.83e-02 | grad=5.27e-01 | 1.1s
[   285] loss=-2.5701 | res=1.25e-02 | grad=5.57e-01 | 1.1s
[   286] loss=-2.2048 | res=1.70e-02 | grad=3.34e-01 | 1.1s
[   287] loss=-2.3913 | res=1.59e-02 | grad=2.64e-01 | 1.1s
[   288] loss=-2.2218 | res=1.52e-02 | grad=6.81e-01 | 1.1s
[   289] loss=-2.3294 | res=2.11e-02 | grad=4.60e-01 | 1.1s
[   290] loss=-2.3894 | res=1.79e-02 | grad=3.78e-01 | 1.1s
[   291] loss=-2.4280 | res=1.59e-02 | grad=2.98e-01 | 1.0s
[   292] loss=-2.2815 | res=1.52e-02 | grad=3.18e-01 | 1.0s
[   293] loss=-2.4953 | res=2.00e-02 | grad=3.82e-01 | 1.1s
[   294] loss=-2.2983 | res=1.89e-02 | grad=4.55e-01 | 1.0s
[   295] loss=-2.4152 | res=2.11e-02 | grad=7.54e-01 | 1.0s
[   296] loss=-2.4248 | res=1.70e-02 | grad=3.39e-01 | 1.1s
[   297] loss=-2.4631 | res=1.94e-02 | grad=1.16e-01 | 1.1s
[   298] loss=-2.3848 | res=1.59e-02 | grad=2.89e-01 | 1.1s
[   299] loss=-2.1742 | res=1.76e-02 | grad=9.18e-01 | 1.1s
[   300] loss=-2.3541 | res=1.34e-02 | grad=9.16e-01 | 1.1s
[   301] loss=-2.2595 | res=1.85e-02 | grad=3.78e-01 | 1.1s
[   302] loss=-2.3632 | res=1.59e-02 | grad=1.24e-01 | 1.1s
[   303] loss=-2.3189 | res=2.28e-02 | grad=5.70e-01 | 1.1s
[   304] loss=-2.3139 | res=1.73e-02 | grad=9.27e-01 | 1.1s
[   305] loss=-2.1352 | res=1.62e-02 | grad=9.10e-01 | 1.1s
[   306] loss=-2.3056 | res=2.39e-02 | grad=3.36e-01 | 1.1s
[   307] loss=-2.4969 | res=1.86e-02 | grad=4.39e-01 | 1.1s
[   308] loss=-2.4219 | res=1.95e-02 | grad=3.87e-01 | 1.1s
[   309] loss=-2.2621 | res=2.22e-02 | grad=4.13e-01 | 1.1s
[   310] loss=-2.3216 | res=2.11e-02 | grad=2.61e-01 | 1.0s
[   311] loss=-2.2723 | res=1.71e-02 | grad=8.93e-01 | 1.1s
[   312] loss=-2.1571 | res=1.92e-02 | grad=8.97e-01 | 1.1s
[   313] loss=-2.3934 | res=1.48e-02 | grad=6.28e-01 | 1.1s
[   314] loss=-2.3357 | res=1.90e-02 | grad=6.15e-01 | 1.1s
[   315] loss=-2.2518 | res=1.99e-02 | grad=2.33e-01 | 1.1s
[   316] loss=-2.2298 | res=1.49e-02 | grad=7.11e-01 | 1.1s
[   317] loss=-2.3834 | res=2.17e-02 | grad=6.68e-01 | 1.1s
[   318] loss=-2.4711 | res=1.55e-02 | grad=9.51e-01 | 1.1s
[   319] loss=-2.2791 | res=1.77e-02 | grad=4.00e-01 | 1.1s
[   320] loss=-2.1631 | res=1.85e-02 | grad=5.89e-01 | 1.1s
[   321] loss=-2.2154 | res=2.13e-02 | grad=4.05e-01 | 1.1s
[   322] loss=-2.1337 | res=1.54e-02 | grad=1.01e+00 | 1.1s
[   323] loss=-2.2661 | res=1.95e-02 | grad=7.00e-01 | 1.1s
[   324] loss=-2.1959 | res=1.66e-02 | grad=1.22e+00 | 1.1s
[   325] loss=-2.3548 | res=1.65e-02 | grad=4.68e-01 | 1.1s
[   326] loss=-2.3441 | res=1.55e-02 | grad=3.22e-01 | 1.1s
[   327] loss=-2.5109 | res=2.10e-02 | grad=1.02e+00 | 1.1s
[   328] loss=-2.4258 | res=1.72e-02 | grad=4.22e-01 | 1.1s
[   329] loss=-2.2088 | res=1.33e-02 | grad=9.74e-01 | 1.1s
[   330] loss=-2.4152 | res=1.50e-02 | grad=9.04e-01 | 1.1s
[   331] loss=-2.2874 | res=1.80e-02 | grad=6.14e-01 | 1.1s
[   332] loss=-2.3627 | res=1.77e-02 | grad=6.52e-01 | 1.1s
[   333] loss=-2.2786 | res=1.33e-02 | grad=3.07e-01 | 1.1s
[   334] loss=-2.4224 | res=1.30e-02 | grad=6.84e-01 | 1.1s
[   335] loss=-2.5423 | res=1.56e-02 | grad=4.76e-01 | 1.1s
[   336] loss=-2.1238 | res=1.66e-02 | grad=6.10e-01 | 1.1s
[   337] loss=-2.3553 | res=1.99e-02 | grad=9.82e-01 | 1.1s
[   338] loss=-1.9301 | res=1.53e-02 | grad=1.08e+00 | 1.1s
[   339] loss=-2.1595 | res=1.94e-02 | grad=4.72e-01 | 1.1s
[   340] loss=-2.2882 | res=1.54e-02 | grad=4.61e-01 | 1.1s
[   341] loss=-2.4088 | res=1.76e-02 | grad=4.44e-01 | 1.1s
[   342] loss=-2.1794 | res=1.40e-02 | grad=6.57e-01 | 1.1s
[   343] loss=-2.2152 | res=2.02e-02 | grad=9.10e-01 | 1.1s
[   344] loss=-2.3776 | res=1.77e-02 | grad=1.28e+00 | 1.1s
[   345] loss=-2.3562 | res=1.72e-02 | grad=7.26e-01 | 1.1s
[   346] loss=-2.5243 | res=1.76e-02 | grad=4.52e-01 | 1.1s
[   347] loss=-2.1604 | res=1.91e-02 | grad=9.23e-01 | 1.1s
[   348] loss=-2.2055 | res=1.38e-02 | grad=5.86e-01 | 1.1s
[   349] loss=-2.1894 | res=1.65e-02 | grad=1.19e+00 | 1.1s
[   350] loss=-2.2728 | res=1.33e-02 | grad=8.98e-01 | 1.1s
[   351] loss=-2.4998 | res=1.41e-02 | grad=4.65e-01 | 1.1s
[   352] loss=-2.2896 | res=9.79e-03 | grad=6.69e-01 | 1.1s
[   353] loss=-2.2192 | res=1.56e-02 | grad=4.53e-01 | 1.1s
[   354] loss=-2.2543 | res=1.35e-02 | grad=4.91e-01 | 1.1s
[   355] loss=-2.3882 | res=6.62e-03 | grad=4.25e-01 | 1.1s
[   356] loss=-2.2644 | res=1.54e-02 | grad=7.78e-01 | 1.1s
[   357] loss=-2.2529 | res=1.74e-02 | grad=7.95e-01 | 1.1s
[   358] loss=-2.2078 | res=1.81e-02 | grad=8.13e-01 | 1.0s
[   359] loss=-2.3435 | res=1.47e-02 | grad=3.61e-01 | 1.0s
[   360] loss=-2.2954 | res=1.78e-02 | grad=4.74e-01 | 1.1s
[   361] loss=-2.3603 | res=1.52e-02 | grad=4.40e-01 | 1.1s
[   362] loss=-2.3180 | res=1.31e-02 | grad=4.16e-01 | 1.1s
[   363] loss=-2.3097 | res=1.67e-02 | grad=6.56e-01 | 1.1s
[   364] loss=-2.4203 | res=1.33e-02 | grad=4.20e-01 | 1.1s
[   365] loss=-2.1956 | res=1.47e-02 | grad=5.41e-01 | 1.1s
[   366] loss=-2.4024 | res=1.57e-02 | grad=3.62e-01 | 1.1s
[   367] loss=-2.1751 | res=1.81e-02 | grad=5.20e-01 | 1.1s
[   368] loss=-2.1249 | res=1.54e-02 | grad=4.60e-01 | 1.1s
[   369] loss=-2.4141 | res=1.54e-02 | grad=2.03e-01 | 1.1s
[   370] loss=-2.2952 | res=1.67e-02 | grad=2.35e-01 | 1.0s
[   371] loss=-2.4472 | res=1.56e-02 | grad=3.76e-01 | 1.1s
[   372] loss=-2.1998 | res=1.86e-02 | grad=4.33e-01 | 1.1s
[   373] loss=-2.4364 | res=1.65e-02 | grad=4.73e-01 | 1.1s
[   374] loss=-2.3044 | res=1.84e-02 | grad=6.61e-01 | 1.1s
[   375] loss=-2.2933 | res=1.76e-02 | grad=7.93e-01 | 1.1s
[   376] loss=-2.3388 | res=1.26e-02 | grad=5.34e-01 | 1.1s
[   377] loss=-2.3871 | res=1.27e-02 | grad=2.17e-01 | 1.1s
[   378] loss=-2.5048 | res=1.47e-02 | grad=5.59e-01 | 1.1s
[   379] loss=-2.2082 | res=2.02e-02 | grad=6.01e-01 | 1.0s
[   380] loss=-2.5041 | res=1.44e-02 | grad=7.13e-01 | 1.1s
[   381] loss=-2.3084 | res=1.46e-02 | grad=5.96e-01 | 1.1s
[   382] loss=-2.3466 | res=1.47e-02 | grad=4.11e-01 | 1.1s
[   383] loss=-2.1141 | res=1.36e-02 | grad=3.53e-01 | 1.1s
[   384] loss=-2.2777 | res=1.65e-02 | grad=9.84e-01 | 1.1s
[   385] loss=-2.2510 | res=1.80e-02 | grad=1.09e+00 | 1.1s
[   386] loss=-2.1430 | res=1.99e-02 | grad=3.39e-01 | 1.1s
[   387] loss=-2.3015 | res=1.23e-02 | grad=3.24e-01 | 1.1s
[   388] loss=-2.3736 | res=1.77e-02 | grad=6.10e-01 | 1.1s
[   389] loss=-2.3665 | res=1.66e-02 | grad=5.55e-01 | 1.0s
[   390] loss=-2.3337 | res=1.30e-02 | grad=9.19e-01 | 1.1s
[   391] loss=-2.2386 | res=1.49e-02 | grad=8.91e-01 | 1.0s
[   392] loss=-2.2845 | res=1.59e-02 | grad=4.07e-01 | 1.1s
[   393] loss=-2.3990 | res=1.22e-02 | grad=5.00e-01 | 1.1s
[   394] loss=-2.2610 | res=1.39e-02 | grad=2.68e-01 | 1.1s
[   395] loss=-2.1777 | res=1.60e-02 | grad=4.95e-01 | 1.1s
[   396] loss=-2.3092 | res=1.95e-02 | grad=3.43e-01 | 1.1s
[   397] loss=-2.1839 | res=1.61e-02 | grad=8.10e-01 | 1.0s
[   398] loss=-2.4299 | res=1.83e-02 | grad=8.96e-01 | 1.1s
[   399] loss=-2.2149 | res=2.07e-02 | grad=2.74e-01 | 1.1s
[   400] loss=-2.3809 | res=1.84e-02 | grad=2.27e-01 | 1.1s
[   401] loss=-2.3920 | res=1.78e-02 | grad=1.76e-01 | 1.1s
[   402] loss=-2.4498 | res=1.53e-02 | grad=2.52e-01 | 1.1s
[   403] loss=-2.4081 | res=1.38e-02 | grad=8.32e-01 | 1.1s
[   404] loss=-2.2152 | res=1.73e-02 | grad=5.64e-01 | 1.1s
[   405] loss=-2.4983 | res=1.50e-02 | grad=3.60e-01 | 1.1s
[   406] loss=-2.2443 | res=1.70e-02 | grad=3.66e-01 | 1.1s
[   407] loss=-2.4460 | res=1.98e-02 | grad=3.57e-01 | 1.1s
[   408] loss=-2.3764 | res=1.41e-02 | grad=2.09e-01 | 1.1s
[   409] loss=-2.3080 | res=1.57e-02 | grad=3.95e-01 | 1.1s
[   410] loss=-2.3466 | res=1.31e-02 | grad=2.67e-01 | 1.1s
[   411] loss=-2.2748 | res=1.52e-02 | grad=4.24e-01 | 1.1s
[   412] loss=-2.2618 | res=1.83e-02 | grad=5.43e-01 | 1.1s
[   413] loss=-2.2945 | res=1.52e-02 | grad=5.50e-01 | 1.1s
[   414] loss=-2.2420 | res=1.65e-02 | grad=1.63e-01 | 1.1s
[   415] loss=-2.3016 | res=1.48e-02 | grad=4.23e-01 | 1.1s
[   416] loss=-2.2321 | res=1.08e-02 | grad=3.16e-01 | 1.1s
[   417] loss=-2.1746 | res=1.59e-02 | grad=3.54e-01 | 1.1s
[   418] loss=-2.1231 | res=1.46e-02 | grad=4.79e-01 | 1.1s
[   419] loss=-2.3783 | res=1.40e-02 | grad=9.24e-01 | 1.1s
[   420] loss=-2.4574 | res=1.48e-02 | grad=4.09e-01 | 1.1s
[   421] loss=-2.1994 | res=1.75e-02 | grad=2.96e-01 | 1.1s
[   422] loss=-2.3038 | res=9.81e-03 | grad=6.42e-01 | 1.1s
[   423] loss=-2.3791 | res=1.80e-02 | grad=5.96e-01 | 1.1s
[   424] loss=-2.2055 | res=1.31e-02 | grad=3.54e-01 | 1.1s
[   425] loss=-2.3376 | res=1.82e-02 | grad=4.12e-01 | 1.1s
[   426] loss=-2.1601 | res=1.97e-02 | grad=7.63e-01 | 1.1s
[   427] loss=-2.2138 | res=1.39e-02 | grad=3.57e-01 | 1.0s
[   428] loss=-2.2720 | res=1.44e-02 | grad=4.37e-01 | 1.1s
[   429] loss=-2.3749 | res=1.82e-02 | grad=9.25e-01 | 1.0s
[   430] loss=-2.4243 | res=1.44e-02 | grad=8.44e-01 | 1.1s
[   431] loss=-2.2928 | res=1.64e-02 | grad=2.78e-01 | 1.1s
[   432] loss=-2.4951 | res=1.60e-02 | grad=1.76e-01 | 1.1s
[   433] loss=-2.4373 | res=1.40e-02 | grad=7.18e-01 | 1.1s
[   434] loss=-2.2698 | res=1.34e-02 | grad=2.98e-01 | 1.1s
[   435] loss=-2.3604 | res=1.79e-02 | grad=1.14e+00 | 1.1s
[   436] loss=-2.3695 | res=1.47e-02 | grad=3.60e-01 | 1.1s
[   437] loss=-2.3386 | res=2.45e-02 | grad=3.40e-01 | 1.1s
[   438] loss=-2.4357 | res=1.49e-02 | grad=7.36e-01 | 1.1s
[   439] loss=-2.3704 | res=1.80e-02 | grad=9.23e-01 | 1.1s
[   440] loss=-2.3542 | res=1.82e-02 | grad=3.57e-01 | 1.1s
[   441] loss=-2.3579 | res=1.31e-02 | grad=3.00e-01 | 1.1s
[   442] loss=-2.2329 | res=1.41e-02 | grad=5.33e-01 | 1.1s
[   443] loss=-2.4941 | res=1.55e-02 | grad=7.06e-01 | 1.1s
[   444] loss=-2.5309 | res=1.26e-02 | grad=4.32e-01 | 1.1s
[   445] loss=-2.2631 | res=1.31e-02 | grad=4.66e-01 | 1.1s
[   446] loss=-2.4448 | res=1.84e-02 | grad=3.54e-01 | 1.1s
[   447] loss=-2.3057 | res=1.67e-02 | grad=3.02e-01 | 1.1s
[   448] loss=-2.4598 | res=1.36e-02 | grad=7.52e-01 | 1.1s
[   449] loss=-2.3333 | res=1.47e-02 | grad=3.57e-01 | 1.1s
[   450] loss=-2.5347 | res=1.62e-02 | grad=1.20e+00 | 1.1s
[   451] loss=-2.2962 | res=1.74e-02 | grad=6.10e-01 | 1.1s
[   452] loss=-2.1948 | res=1.30e-02 | grad=2.86e-01 | 1.0s
[   453] loss=-2.3167 | res=1.47e-02 | grad=7.15e-01 | 1.0s
[   454] loss=-2.2974 | res=1.63e-02 | grad=5.30e-01 | 1.0s
[   455] loss=-2.5504 | res=1.66e-02 | grad=1.88e-01 | 1.1s
[   456] loss=-2.2997 | res=1.53e-02 | grad=5.61e-01 | 1.1s
[   457] loss=-2.3400 | res=1.76e-02 | grad=6.56e-01 | 1.1s
[   458] loss=-2.3057 | res=1.72e-02 | grad=2.61e-01 | 1.0s
[   459] loss=-2.3924 | res=1.42e-02 | grad=4.75e-01 | 1.1s
[   460] loss=-2.5723 | res=1.49e-02 | grad=2.67e-01 | 1.1s
[   461] loss=-2.3264 | res=1.62e-02 | grad=3.44e-01 | 1.0s
[   462] loss=-2.2758 | res=1.50e-02 | grad=8.81e-01 | 1.1s
[   463] loss=-2.1620 | res=1.31e-02 | grad=6.79e-01 | 1.1s
[   464] loss=-2.1476 | res=1.31e-02 | grad=5.29e-01 | 1.1s
[   465] loss=-2.1563 | res=1.39e-02 | grad=9.41e-01 | 1.1s
[   466] loss=-2.2976 | res=1.51e-02 | grad=1.32e-01 | 1.1s
[   467] loss=-2.5795 | res=1.36e-02 | grad=6.60e-01 | 1.1s
[   468] loss=-2.3957 | res=1.12e-02 | grad=9.80e-01 | 1.1s
[   469] loss=-2.4403 | res=1.58e-02 | grad=5.91e-01 | 1.1s
[   470] loss=-2.1540 | res=1.74e-02 | grad=4.93e-01 | 1.1s
[   471] loss=-2.1412 | res=1.63e-02 | grad=7.33e-01 | 1.1s
[   472] loss=-2.3657 | res=1.52e-02 | grad=5.67e-01 | 1.1s
[   473] loss=-2.4140 | res=2.03e-02 | grad=9.22e-01 | 1.1s
[   474] loss=-2.3997 | res=1.31e-02 | grad=3.17e-01 | 1.0s
[   475] loss=-2.0840 | res=1.67e-02 | grad=5.20e-01 | 1.1s
[   476] loss=-2.2397 | res=1.22e-02 | grad=3.18e-01 | 1.1s
[   477] loss=-2.2480 | res=1.24e-02 | grad=7.04e-01 | 1.0s
[   478] loss=-2.3357 | res=1.41e-02 | grad=6.73e-01 | 1.1s
[   479] loss=-2.1495 | res=1.46e-02 | grad=7.12e-01 | 1.1s
[   480] loss=-2.2942 | res=1.64e-02 | grad=5.38e-01 | 1.1s
[   481] loss=-2.3800 | res=1.20e-02 | grad=3.49e-01 | 1.1s
[   482] loss=-2.3573 | res=1.60e-02 | grad=4.81e-01 | 1.1s
[   483] loss=-2.0953 | res=1.68e-02 | grad=7.17e-01 | 1.1s
[   484] loss=-2.3376 | res=1.40e-02 | grad=8.57e-01 | 1.1s
[   485] loss=-2.2187 | res=1.53e-02 | grad=3.72e-01 | 1.1s
[   486] loss=-2.4567 | res=1.50e-02 | grad=5.40e-01 | 1.1s
[   487] loss=-2.1204 | res=1.70e-02 | grad=5.74e-01 | 1.1s
[   488] loss=-2.4275 | res=1.83e-02 | grad=6.38e-01 | 1.1s
[   489] loss=-2.2801 | res=1.59e-02 | grad=2.19e-01 | 1.1s
[   490] loss=-2.3781 | res=1.33e-02 | grad=3.04e-01 | 1.1s
[   491] loss=-2.2179 | res=1.78e-02 | grad=3.22e-01 | 1.1s
[   492] loss=-2.2197 | res=1.32e-02 | grad=4.93e-01 | 1.1s
[   493] loss=-2.4172 | res=1.33e-02 | grad=4.38e-01 | 1.1s
[   494] loss=-2.4707 | res=1.72e-02 | grad=6.37e-01 | 1.1s
[   495] loss=-2.1453 | res=1.31e-02 | grad=6.46e-01 | 1.1s
[   496] loss=-2.4593 | res=1.04e-02 | grad=4.25e-01 | 1.1s
[   497] loss=-2.1800 | res=1.59e-02 | grad=3.45e-01 | 1.1s
[   498] loss=-2.2852 | res=1.77e-02 | grad=3.92e-01 | 1.1s
[   499] loss=-2.3174 | res=1.17e-02 | grad=6.70e-01 | 1.1s
[   500] loss=-2.3711 | res=1.56e-02 | grad=6.24e-01 | 1.1s
[   501] loss=-2.2735 | res=1.29e-02 | grad=7.73e-01 | 1.1s
[   502] loss=-2.1765 | res=1.64e-02 | grad=4.31e-01 | 1.1s
[   503] loss=-2.3545 | res=1.69e-02 | grad=5.18e-01 | 1.1s
[   504] loss=-2.3651 | res=1.32e-02 | grad=3.45e-01 | 1.1s
[   505] loss=-2.3310 | res=1.47e-02 | grad=1.01e+00 | 1.1s
[   506] loss=-2.3850 | res=1.43e-02 | grad=7.26e-01 | 1.1s
[   507] loss=-2.1745 | res=1.22e-02 | grad=3.18e-01 | 1.1s
[   508] loss=-2.3560 | res=1.15e-02 | grad=8.67e-01 | 1.1s
[   509] loss=-2.4233 | res=1.07e-02 | grad=4.00e-01 | 1.1s
[   510] loss=-2.4944 | res=1.23e-02 | grad=5.88e-01 | 1.1s
[   511] loss=-2.3441 | res=1.39e-02 | grad=5.80e-01 | 1.1s
[   512] loss=-2.2875 | res=1.00e-02 | grad=6.05e-01 | 1.1s
[   513] loss=-2.3755 | res=9.71e-03 | grad=5.01e-01 | 1.1s
[   514] loss=-2.4298 | res=2.01e-02 | grad=6.94e-01 | 1.1s
[   515] loss=-2.2729 | res=1.18e-02 | grad=4.73e-01 | 1.0s
[   516] loss=-2.4408 | res=2.21e-02 | grad=5.33e-01 | 1.0s
[   517] loss=-2.4744 | res=1.67e-02 | grad=3.50e-01 | 1.1s
[   518] loss=-2.3947 | res=1.46e-02 | grad=1.13e+00 | 1.1s
[   519] loss=-2.2214 | res=1.21e-02 | grad=1.00e+00 | 1.1s
[   520] loss=-2.4895 | res=1.98e-02 | grad=6.63e-01 | 1.1s
[   521] loss=-2.2318 | res=1.86e-02 | grad=5.84e-01 | 1.1s
[   522] loss=-2.2954 | res=1.26e-02 | grad=3.51e-01 | 1.0s
[   523] loss=-2.2522 | res=1.49e-02 | grad=2.90e-01 | 1.1s
[   524] loss=-2.3177 | res=2.08e-02 | grad=1.99e-01 | 1.1s
[   525] loss=-2.1892 | res=1.56e-02 | grad=7.95e-01 | 1.1s
[   526] loss=-2.3154 | res=1.59e-02 | grad=4.38e-01 | 1.1s
[   527] loss=-2.4652 | res=1.23e-02 | grad=3.31e-01 | 1.1s
[   528] loss=-2.2220 | res=1.32e-02 | grad=3.95e-01 | 1.1s
[   529] loss=-2.2268 | res=1.16e-02 | grad=2.87e-01 | 1.1s
[   530] loss=-2.1949 | res=1.46e-02 | grad=7.18e-01 | 1.1s
[   531] loss=-2.4062 | res=1.67e-02 | grad=4.35e-01 | 1.1s
[   532] loss=-2.4222 | res=1.44e-02 | grad=5.38e-01 | 1.1s
[   533] loss=-2.2268 | res=1.83e-02 | grad=3.09e-01 | 1.0s
[   534] loss=-2.3449 | res=1.10e-02 | grad=7.77e-01 | 1.1s
[   535] loss=-2.2177 | res=1.36e-02 | grad=3.63e-01 | 1.1s
[   536] loss=-2.2289 | res=1.41e-02 | grad=6.84e-01 | 1.1s
[   537] loss=-2.2647 | res=1.20e-02 | grad=3.32e-01 | 1.1s
[   538] loss=-2.3744 | res=1.60e-02 | grad=4.80e-01 | 1.0s
[   539] loss=-2.6182 | res=1.93e-02 | grad=6.16e-01 | 1.1s
[   540] loss=-2.3401 | res=1.49e-02 | grad=5.88e-01 | 1.1s
[   541] loss=-2.3666 | res=1.51e-02 | grad=5.15e-01 | 1.0s
[   542] loss=-2.3512 | res=1.89e-02 | grad=4.35e-01 | 1.1s
[   543] loss=-2.5391 | res=1.42e-02 | grad=8.51e-01 | 1.1s
[   544] loss=-2.1632 | res=1.23e-02 | grad=4.45e-01 | 1.1s
[   545] loss=-2.2858 | res=1.47e-02 | grad=3.16e-01 | 1.1s
[   546] loss=-2.2868 | res=1.56e-02 | grad=5.91e-01 | 1.1s
[   547] loss=-2.5075 | res=1.24e-02 | grad=8.23e-01 | 1.0s
[   548] loss=-2.3220 | res=1.26e-02 | grad=3.96e-01 | 1.1s
[   549] loss=-2.3091 | res=1.34e-02 | grad=6.52e-01 | 1.1s
[   550] loss=-2.1647 | res=1.34e-02 | grad=4.03e-01 | 1.1s
[   551] loss=-2.1516 | res=1.19e-02 | grad=9.52e-01 | 1.1s
[   552] loss=-2.2428 | res=1.77e-02 | grad=6.58e-01 | 1.1s
[   553] loss=-2.2444 | res=1.71e-02 | grad=1.72e-01 | 1.0s
[   554] loss=-2.3104 | res=1.45e-02 | grad=8.53e-01 | 1.1s
[   555] loss=-2.4277 | res=1.46e-02 | grad=8.82e-01 | 1.1s
[   556] loss=-2.1812 | res=1.15e-02 | grad=5.45e-01 | 1.1s
[   557] loss=-2.4539 | res=1.32e-02 | grad=3.45e-01 | 1.1s
[   558] loss=-2.2392 | res=1.50e-02 | grad=6.71e-01 | 1.1s
[   559] loss=-2.2799 | res=1.48e-02 | grad=8.00e-01 | 1.0s
[   560] loss=-2.2420 | res=1.19e-02 | grad=3.73e-01 | 1.1s
[   561] loss=-2.2724 | res=1.36e-02 | grad=5.13e-01 | 1.1s
[   562] loss=-2.4914 | res=1.41e-02 | grad=5.29e-01 | 1.0s
[   563] loss=-2.2922 | res=1.89e-02 | grad=3.10e-01 | 1.1s
[   564] loss=-2.3830 | res=1.05e-02 | grad=1.22e-01 | 1.1s
[   565] loss=-2.3204 | res=1.33e-02 | grad=1.86e-01 | 1.1s
[   566] loss=-2.2983 | res=1.57e-02 | grad=1.66e-01 | 1.1s
[   567] loss=-2.3397 | res=1.35e-02 | grad=4.29e-01 | 1.1s
[   568] loss=-2.4577 | res=1.30e-02 | grad=3.93e-01 | 1.1s
[   569] loss=-2.4207 | res=1.16e-02 | grad=2.00e-01 | 1.0s
[   570] loss=-2.3341 | res=1.77e-02 | grad=5.31e-01 | 1.0s
[   571] loss=-2.1930 | res=1.83e-02 | grad=3.18e-01 | 1.1s
[   572] loss=-2.1423 | res=1.08e-02 | grad=4.34e-01 | 1.0s
[   573] loss=-2.2961 | res=1.30e-02 | grad=2.28e-01 | 1.1s
[   574] loss=-2.5634 | res=1.88e-02 | grad=6.57e-01 | 1.1s
[   575] loss=-2.4149 | res=1.47e-02 | grad=9.28e-01 | 1.1s
[   576] loss=-2.1345 | res=1.75e-02 | grad=7.91e-01 | 1.0s
[   577] loss=-2.3676 | res=1.52e-02 | grad=2.48e-01 | 1.1s
[   578] loss=-2.4359 | res=1.57e-02 | grad=5.04e-01 | 1.1s
[   579] loss=-2.1363 | res=1.61e-02 | grad=7.78e-01 | 1.1s
[   580] loss=-2.3651 | res=1.68e-02 | grad=4.51e-01 | 1.1s
[   581] loss=-2.3479 | res=1.76e-02 | grad=3.54e-01 | 1.1s
[   582] loss=-2.3084 | res=1.56e-02 | grad=3.19e-01 | 1.1s
[   583] loss=-2.0918 | res=1.42e-02 | grad=8.51e-01 | 1.1s
[   584] loss=-2.3956 | res=1.76e-02 | grad=3.99e-01 | 1.1s
[   585] loss=-2.2128 | res=1.49e-02 | grad=6.27e-01 | 1.1s
[   586] loss=-2.4397 | res=1.77e-02 | grad=3.30e-01 | 1.1s
[   587] loss=-2.4642 | res=1.18e-02 | grad=5.47e-01 | 1.1s
[   588] loss=-2.4166 | res=9.76e-03 | grad=6.01e-01 | 1.1s
[   589] loss=-2.4077 | res=1.75e-02 | grad=8.73e-01 | 1.1s
[   590] loss=-2.2819 | res=1.61e-02 | grad=3.94e-01 | 1.1s
[   591] loss=-2.3596 | res=1.74e-02 | grad=4.90e-01 | 1.1s
[   592] loss=-2.2878 | res=1.45e-02 | grad=3.19e-01 | 1.1s
[   593] loss=-2.2851 | res=1.46e-02 | grad=5.10e-01 | 1.1s
[   594] loss=-2.4038 | res=1.78e-02 | grad=5.85e-01 | 1.0s
[   595] loss=-2.4499 | res=1.39e-02 | grad=3.63e-01 | 1.1s
[   596] loss=-2.4451 | res=1.45e-02 | grad=4.31e-01 | 1.1s
[   597] loss=-2.1728 | res=1.04e-02 | grad=5.50e-01 | 1.1s
[   598] loss=-2.3276 | res=1.34e-02 | grad=2.30e-01 | 1.1s
[   599] loss=-2.3288 | res=1.34e-02 | grad=3.05e-01 | 1.1s
[   600] loss=-2.3429 | res=1.50e-02 | grad=4.48e-01 | 1.1s
[   601] loss=-2.2649 | res=1.45e-02 | grad=6.94e-01 | 1.1s
[   602] loss=-2.0922 | res=1.62e-02 | grad=3.78e-01 | 1.1s
[   603] loss=-2.4763 | res=1.93e-02 | grad=7.73e-01 | 1.1s
[   604] loss=-2.4436 | res=1.42e-02 | grad=5.39e-01 | 1.1s
[   605] loss=-2.2419 | res=1.77e-02 | grad=3.78e-01 | 1.1s
[   606] loss=-2.5494 | res=1.43e-02 | grad=4.57e-01 | 1.1s
[   607] loss=-2.3460 | res=1.74e-02 | grad=7.01e-01 | 1.1s
[   608] loss=-2.3581 | res=2.12e-02 | grad=3.19e-01 | 1.1s
[   609] loss=-2.1083 | res=1.34e-02 | grad=8.21e-01 | 1.1s
[   610] loss=-2.4438 | res=9.66e-03 | grad=2.68e-01 | 1.1s
[   611] loss=-2.4033 | res=1.37e-02 | grad=6.93e-01 | 1.1s
[   612] loss=-2.2959 | res=1.45e-02 | grad=8.29e-01 | 1.1s
[   613] loss=-2.4136 | res=9.01e-03 | grad=3.52e-01 | 1.1s
[   614] loss=-2.4647 | res=1.43e-02 | grad=6.05e-01 | 1.0s
[   615] loss=-2.2007 | res=1.71e-02 | grad=3.99e-01 | 1.1s
[   616] loss=-2.3017 | res=1.37e-02 | grad=4.13e-01 | 1.1s
[   617] loss=-2.2636 | res=1.15e-02 | grad=4.42e-01 | 1.1s
[   618] loss=-2.4524 | res=9.62e-03 | grad=4.42e-01 | 1.1s
[   619] loss=-2.4589 | res=1.86e-02 | grad=1.13e+00 | 1.1s
[   620] loss=-2.2074 | res=1.30e-02 | grad=4.13e-01 | 1.1s
[   621] loss=-2.2121 | res=1.24e-02 | grad=6.11e-01 | 1.1s
[   622] loss=-2.1677 | res=1.40e-02 | grad=2.38e-01 | 1.0s
[   623] loss=-2.1816 | res=1.34e-02 | grad=3.34e-01 | 1.1s
[   624] loss=-2.2925 | res=1.39e-02 | grad=4.15e-01 | 1.1s
[   625] loss=-2.3461 | res=1.30e-02 | grad=3.27e-01 | 1.1s
[   626] loss=-2.3151 | res=1.27e-02 | grad=5.07e-01 | 1.1s
[   627] loss=-2.2703 | res=1.49e-02 | grad=4.79e-01 | 1.0s
[   628] loss=-2.1305 | res=1.58e-02 | grad=4.72e-01 | 1.1s
[   629] loss=-2.3369 | res=1.29e-02 | grad=6.00e-01 | 1.1s
[   630] loss=-2.2599 | res=1.69e-02 | grad=3.58e-01 | 1.1s
[   631] loss=-2.2989 | res=1.28e-02 | grad=6.35e-01 | 1.1s
[   632] loss=-2.3029 | res=1.69e-02 | grad=5.22e-01 | 1.1s
[   633] loss=-2.2968 | res=9.79e-03 | grad=4.15e-01 | 1.1s
[   634] loss=-2.4144 | res=1.24e-02 | grad=5.39e-01 | 1.1s
[   635] loss=-2.4065 | res=1.23e-02 | grad=4.43e-01 | 1.1s
[   636] loss=-2.2100 | res=1.41e-02 | grad=6.47e-01 | 1.1s
[   637] loss=-2.3688 | res=1.18e-02 | grad=4.46e-01 | 1.1s
[   638] loss=-2.1583 | res=1.25e-02 | grad=2.81e-01 | 1.1s
[   639] loss=-2.2768 | res=1.11e-02 | grad=3.74e-01 | 1.1s
[   640] loss=-2.5599 | res=1.84e-02 | grad=4.75e-01 | 1.1s
[   641] loss=-2.2193 | res=1.55e-02 | grad=4.86e-01 | 1.1s
[   642] loss=-2.2604 | res=1.81e-02 | grad=4.74e-01 | 1.0s
[   643] loss=-2.0295 | res=1.71e-02 | grad=4.82e-01 | 1.1s
[   644] loss=-2.2363 | res=1.61e-02 | grad=1.60e-01 | 1.1s
[   645] loss=-2.2740 | res=1.25e-02 | grad=5.68e-01 | 1.1s
[   646] loss=-2.1768 | res=1.65e-02 | grad=1.91e-01 | 1.1s
[   647] loss=-2.3771 | res=1.69e-02 | grad=3.07e-01 | 1.1s
[   648] loss=-2.3394 | res=1.15e-02 | grad=5.20e-01 | 1.1s
[   649] loss=-2.4099 | res=1.24e-02 | grad=2.33e-01 | 1.0s
[   650] loss=-2.1136 | res=1.41e-02 | grad=6.03e-01 | 1.1s
[   651] loss=-2.3007 | res=1.37e-02 | grad=2.13e-01 | 1.1s
[   652] loss=-2.2813 | res=1.47e-02 | grad=2.39e-01 | 1.1s
[   653] loss=-2.1994 | res=1.29e-02 | grad=3.28e-01 | 1.0s
[   654] loss=-2.0710 | res=1.57e-02 | grad=5.57e-01 | 1.1s
[   655] loss=-2.3893 | res=1.37e-02 | grad=7.37e-01 | 1.1s
[   656] loss=-2.3460 | res=1.16e-02 | grad=3.71e-01 | 1.1s
[   657] loss=-2.5961 | res=1.40e-02 | grad=6.97e-01 | 1.1s
[   658] loss=-2.3466 | res=1.26e-02 | grad=2.01e-01 | 1.1s
[   659] loss=-2.1476 | res=1.27e-02 | grad=8.91e-01 | 1.1s
[   660] loss=-2.2586 | res=1.50e-02 | grad=3.27e-01 | 1.1s
[   661] loss=-2.3083 | res=1.27e-02 | grad=2.40e-01 | 1.1s
[   662] loss=-2.0967 | res=1.24e-02 | grad=6.27e-01 | 1.1s
[   663] loss=-2.1408 | res=1.23e-02 | grad=5.70e-01 | 1.1s
[   664] loss=-2.4805 | res=1.15e-02 | grad=3.09e-01 | 1.1s
[   665] loss=-2.2519 | res=1.39e-02 | grad=4.29e-01 | 1.1s
[   666] loss=-2.3947 | res=1.32e-02 | grad=3.31e-01 | 1.1s
[   667] loss=-2.3955 | res=1.53e-02 | grad=6.23e-01 | 1.1s
[   668] loss=-2.4863 | res=1.30e-02 | grad=6.46e-01 | 1.1s
[   669] loss=-2.3270 | res=1.64e-02 | grad=5.73e-01 | 1.1s
[   670] loss=-2.5486 | res=2.09e-02 | grad=7.59e-01 | 1.1s
[   671] loss=-2.4341 | res=1.67e-02 | grad=6.25e-01 | 1.1s
[   672] loss=-2.2308 | res=1.55e-02 | grad=7.87e-01 | 1.1s
[   673] loss=-2.5773 | res=1.05e-02 | grad=1.77e-01 | 1.1s
[   674] loss=-2.3116 | res=1.74e-02 | grad=6.96e-01 | 1.0s
[   675] loss=-2.2835 | res=1.68e-02 | grad=4.66e-01 | 1.1s
[   676] loss=-2.3646 | res=1.27e-02 | grad=5.13e-01 | 1.1s
[   677] loss=-2.0834 | res=1.14e-02 | grad=7.88e-01 | 1.0s
[   678] loss=-2.2885 | res=1.61e-02 | grad=5.03e-01 | 1.0s
[   679] loss=-1.9814 | res=1.54e-02 | grad=5.56e-01 | 1.1s
[   680] loss=-2.2695 | res=1.69e-02 | grad=4.11e-01 | 1.1s
[   681] loss=-2.3206 | res=1.28e-02 | grad=2.85e-01 | 1.0s
[   682] loss=-2.2198 | res=1.71e-02 | grad=5.29e-01 | 1.1s
[   683] loss=-2.3270 | res=1.51e-02 | grad=4.79e-01 | 1.1s
[   684] loss=-2.2302 | res=1.62e-02 | grad=4.41e-01 | 1.1s
[   685] loss=-2.4421 | res=1.23e-02 | grad=7.29e-01 | 1.1s
[   686] loss=-2.2969 | res=1.44e-02 | grad=5.93e-01 | 1.1s
[   687] loss=-2.1666 | res=1.49e-02 | grad=4.23e-01 | 1.1s
[   688] loss=-2.5051 | res=9.85e-03 | grad=6.23e-01 | 1.1s
[   689] loss=-2.3943 | res=1.69e-02 | grad=1.22e-01 | 1.1s
[   690] loss=-2.1463 | res=1.33e-02 | grad=4.82e-01 | 1.1s
[   691] loss=-2.1703 | res=1.42e-02 | grad=5.84e-01 | 1.1s
[   692] loss=-2.2010 | res=1.53e-02 | grad=3.76e-01 | 1.1s
[   693] loss=-2.3965 | res=1.53e-02 | grad=2.89e-01 | 1.1s
[   694] loss=-2.3437 | res=1.61e-02 | grad=2.98e-01 | 1.1s
[   695] loss=-2.2798 | res=1.32e-02 | grad=4.51e-01 | 1.1s
[   696] loss=-2.4048 | res=1.20e-02 | grad=4.74e-01 | 1.1s
[   697] loss=-2.2640 | res=1.55e-02 | grad=4.79e-01 | 1.1s
[   698] loss=-2.5708 | res=1.60e-02 | grad=5.76e-01 | 1.1s
[   699] loss=-2.2686 | res=1.25e-02 | grad=5.34e-01 | 1.1s
[   700] loss=-2.4817 | res=1.47e-02 | grad=6.41e-01 | 1.1s
[   701] loss=-2.2347 | res=1.82e-02 | grad=4.90e-01 | 1.1s
[   702] loss=-2.3239 | res=1.47e-02 | grad=3.47e-01 | 1.1s
[   703] loss=-2.2392 | res=1.45e-02 | grad=3.26e-01 | 1.1s
[   704] loss=-2.2802 | res=1.35e-02 | grad=3.70e-01 | 1.1s
[   705] loss=-2.4558 | res=1.92e-02 | grad=4.41e-01 | 1.1s
[   706] loss=-2.2907 | res=1.39e-02 | grad=9.19e-01 | 1.1s
[   707] loss=-2.3377 | res=1.44e-02 | grad=4.89e-01 | 1.1s
[   708] loss=-2.4027 | res=1.59e-02 | grad=5.51e-01 | 1.1s
[   709] loss=-2.2673 | res=1.59e-02 | grad=3.25e-01 | 1.1s
[   710] loss=-2.2885 | res=1.39e-02 | grad=2.67e-01 | 1.1s
[   711] loss=-2.2972 | res=1.20e-02 | grad=2.75e-01 | 1.1s
[   712] loss=-2.4264 | res=1.67e-02 | grad=7.14e-01 | 1.1s
[   713] loss=-2.2977 | res=1.94e-02 | grad=4.14e-01 | 1.1s
[   714] loss=-2.3563 | res=1.24e-02 | grad=4.85e-01 | 1.1s
[   715] loss=-2.6218 | res=1.76e-02 | grad=1.16e+00 | 1.1s
[   716] loss=-2.3604 | res=1.59e-02 | grad=6.54e-01 | 1.1s
[   717] loss=-2.4462 | res=1.60e-02 | grad=2.96e-01 | 1.1s
[   718] loss=-2.0535 | res=1.60e-02 | grad=7.99e-01 | 1.1s
[   719] loss=-2.3456 | res=1.98e-02 | grad=4.72e-01 | 1.1s
[   720] loss=-2.4804 | res=1.57e-02 | grad=2.50e-01 | 1.1s
[   721] loss=-2.3242 | res=1.50e-02 | grad=8.32e-01 | 1.1s
[   722] loss=-1.9666 | res=1.86e-02 | grad=9.80e-01 | 1.1s
[   723] loss=-2.2840 | res=1.62e-02 | grad=5.54e-01 | 1.1s
[   724] loss=-2.4784 | res=1.36e-02 | grad=3.91e-01 | 1.1s
[   725] loss=-2.4416 | res=1.63e-02 | grad=5.18e-01 | 1.0s
[   726] loss=-2.3527 | res=1.51e-02 | grad=3.32e-01 | 1.0s
[   727] loss=-2.0349 | res=1.58e-02 | grad=9.68e-01 | 1.1s
[   728] loss=-2.2483 | res=1.65e-02 | grad=5.91e-01 | 1.1s
[   729] loss=-2.2657 | res=1.82e-02 | grad=5.25e-01 | 1.0s
[   730] loss=-2.2661 | res=1.22e-02 | grad=6.27e-01 | 1.1s
[   731] loss=-2.5088 | res=1.44e-02 | grad=3.79e-01 | 1.1s
[   732] loss=-2.2194 | res=1.43e-02 | grad=5.17e-01 | 1.1s
[   733] loss=-2.4615 | res=1.34e-02 | grad=8.82e-01 | 1.1s
[   734] loss=-2.2424 | res=1.24e-02 | grad=2.43e-01 | 1.1s
[   735] loss=-2.3813 | res=1.53e-02 | grad=5.36e-01 | 1.1s
[   736] loss=-2.3174 | res=1.46e-02 | grad=2.58e-01 | 1.1s
[   737] loss=-2.1194 | res=1.73e-02 | grad=4.29e-01 | 1.1s
[   738] loss=-2.3696 | res=1.30e-02 | grad=6.87e-01 | 1.1s
[   739] loss=-2.2862 | res=1.37e-02 | grad=2.29e-01 | 1.1s
[   740] loss=-2.2990 | res=1.24e-02 | grad=4.23e-01 | 1.0s
[   741] loss=-2.2038 | res=1.23e-02 | grad=7.54e-01 | 1.1s
[   742] loss=-2.3430 | res=1.26e-02 | grad=5.15e-01 | 1.1s
[   743] loss=-2.2602 | res=1.03e-02 | grad=3.25e-01 | 1.1s
[   744] loss=-2.2813 | res=1.32e-02 | grad=3.59e-01 | 1.0s
[   745] loss=-2.1600 | res=1.28e-02 | grad=3.91e-01 | 1.1s
[   746] loss=-2.4535 | res=1.07e-02 | grad=5.63e-01 | 1.1s
[   747] loss=-2.3203 | res=1.50e-02 | grad=2.17e-01 | 1.1s
[   748] loss=-2.1871 | res=1.30e-02 | grad=3.23e-01 | 1.1s
[   749] loss=-2.1983 | res=1.40e-02 | grad=4.70e-01 | 1.1s
[   750] loss=-2.3324 | res=1.72e-02 | grad=4.88e-01 | 1.1s
[   751] loss=-2.2112 | res=1.38e-02 | grad=2.47e-01 | 1.1s
[   752] loss=-2.3650 | res=1.21e-02 | grad=6.37e-01 | 1.1s
[   753] loss=-2.2916 | res=1.71e-02 | grad=4.08e-01 | 1.1s
[   754] loss=-2.2722 | res=1.12e-02 | grad=3.85e-01 | 1.1s
[   755] loss=-2.3532 | res=1.43e-02 | grad=1.79e-01 | 1.1s
[   756] loss=-2.4287 | res=1.09e-02 | grad=2.99e-01 | 1.1s
[   757] loss=-2.1699 | res=1.43e-02 | grad=5.21e-01 | 1.1s
[   758] loss=-2.3427 | res=1.51e-02 | grad=6.29e-01 | 1.1s
[   759] loss=-2.3145 | res=1.67e-02 | grad=3.98e-01 | 1.1s
[   760] loss=-2.2599 | res=1.58e-02 | grad=1.95e-01 | 1.0s
[   761] loss=-2.3606 | res=1.54e-02 | grad=2.83e-01 | 1.1s
[   762] loss=-2.3446 | res=1.22e-02 | grad=3.30e-01 | 1.0s
[   763] loss=-2.2749 | res=1.27e-02 | grad=5.33e-01 | 1.1s
[   764] loss=-2.4330 | res=1.35e-02 | grad=7.10e-01 | 1.1s
[   765] loss=-2.3468 | res=1.52e-02 | grad=3.92e-01 | 1.1s
[   766] loss=-2.2438 | res=1.50e-02 | grad=3.35e-01 | 1.1s
[   767] loss=-2.3590 | res=9.62e-03 | grad=5.81e-01 | 1.1s
[   768] loss=-2.3929 | res=1.20e-02 | grad=2.63e-01 | 1.1s
[   769] loss=-2.3797 | res=1.42e-02 | grad=5.44e-01 | 1.1s
[   770] loss=-2.1083 | res=1.60e-02 | grad=4.27e-01 | 1.1s
[   771] loss=-2.3755 | res=1.47e-02 | grad=8.27e-01 | 1.1s
[   772] loss=-2.0848 | res=1.59e-02 | grad=3.24e-01 | 1.1s
[   773] loss=-2.1930 | res=1.36e-02 | grad=4.23e-01 | 1.1s
[   774] loss=-2.2550 | res=1.28e-02 | grad=2.47e-01 | 1.1s
[   775] loss=-2.2798 | res=1.75e-02 | grad=6.08e-01 | 1.1s
[   776] loss=-2.3732 | res=1.52e-02 | grad=4.58e-01 | 1.1s
[   777] loss=-2.5113 | res=1.77e-02 | grad=3.65e-01 | 1.1s
[   778] loss=-2.2098 | res=1.27e-02 | grad=2.43e-01 | 1.1s
[   779] loss=-2.4398 | res=1.68e-02 | grad=9.76e-01 | 1.1s
[   780] loss=-2.4414 | res=1.56e-02 | grad=4.59e-01 | 1.0s
[   781] loss=-2.2651 | res=1.46e-02 | grad=2.80e-01 | 1.1s
[   782] loss=-2.1664 | res=1.68e-02 | grad=2.63e-01 | 1.1s
[   783] loss=-2.2135 | res=1.42e-02 | grad=4.57e-01 | 1.1s
[   784] loss=-2.2114 | res=1.33e-02 | grad=7.46e-01 | 1.1s
[   785] loss=-2.4556 | res=1.95e-02 | grad=4.09e-01 | 1.1s
[   786] loss=-2.2546 | res=1.48e-02 | grad=3.51e-01 | 1.1s
[   787] loss=-2.1404 | res=1.62e-02 | grad=4.77e-01 | 1.1s
[   788] loss=-2.3136 | res=1.58e-02 | grad=6.57e-01 | 1.1s
[   789] loss=-2.4457 | res=1.23e-02 | grad=6.36e-01 | 1.1s
[   790] loss=-2.1658 | res=1.57e-02 | grad=4.14e-01 | 1.0s
[   791] loss=-2.2890 | res=1.46e-02 | grad=5.16e-01 | 1.1s
[   792] loss=-2.2802 | res=1.53e-02 | grad=4.38e-01 | 1.1s
[   793] loss=-2.2837 | res=1.32e-02 | grad=4.29e-01 | 1.0s
[   794] loss=-2.3449 | res=1.21e-02 | grad=5.06e-01 | 1.1s
[   795] loss=-2.1264 | res=1.38e-02 | grad=7.24e-01 | 1.1s
[   796] loss=-2.1886 | res=9.29e-03 | grad=5.71e-01 | 1.1s
[   797] loss=-2.4424 | res=1.48e-02 | grad=5.10e-01 | 1.1s
[   798] loss=-2.2165 | res=1.24e-02 | grad=3.22e-01 | 1.1s
[   799] loss=-2.4987 | res=1.45e-02 | grad=5.54e-01 | 1.1s
[   800] loss=-2.3140 | res=1.50e-02 | grad=5.07e-01 | 1.1s
[   801] loss=-2.4585 | res=1.35e-02 | grad=8.55e-01 | 1.1s
[   802] loss=-2.2905 | res=1.25e-02 | grad=3.68e-01 | 1.0s
[   803] loss=-2.5038 | res=1.19e-02 | grad=2.04e-01 | 1.1s
[   804] loss=-2.2450 | res=1.43e-02 | grad=5.26e-01 | 1.1s
[   805] loss=-2.2458 | res=1.38e-02 | grad=5.34e-01 | 1.1s
[   806] loss=-2.2936 | res=1.87e-02 | grad=4.15e-01 | 1.0s
[   807] loss=-2.5056 | res=1.26e-02 | grad=4.94e-01 | 1.1s
[   808] loss=-2.2323 | res=1.05e-02 | grad=9.96e-01 | 1.1s
[   809] loss=-2.4784 | res=1.24e-02 | grad=7.11e-01 | 1.1s
[   810] loss=-2.4814 | res=1.29e-02 | grad=5.01e-01 | 1.0s
[   811] loss=-2.2801 | res=1.15e-02 | grad=2.97e-01 | 1.1s
[   812] loss=-2.3925 | res=1.30e-02 | grad=4.40e-01 | 1.1s
[   813] loss=-2.4168 | res=1.23e-02 | grad=2.81e-01 | 1.1s
[   814] loss=-2.1862 | res=1.07e-02 | grad=5.75e-01 | 1.1s
[   815] loss=-2.3032 | res=1.51e-02 | grad=6.04e-01 | 1.1s
[   816] loss=-2.3616 | res=9.67e-03 | grad=6.57e-01 | 1.1s
[   817] loss=-2.5462 | res=1.04e-02 | grad=4.70e-01 | 1.1s
[   818] loss=-2.2045 | res=1.40e-02 | grad=4.38e-01 | 1.1s
[   819] loss=-2.3921 | res=1.20e-02 | grad=4.20e-01 | 1.1s
[   820] loss=-2.2892 | res=1.69e-02 | grad=1.99e-01 | 1.1s
[   821] loss=-2.1021 | res=1.33e-02 | grad=5.64e-01 | 1.1s
[   822] loss=-2.3933 | res=1.09e-02 | grad=3.78e-01 | 1.1s
[   823] loss=-2.4706 | res=9.66e-03 | grad=6.56e-01 | 1.1s
[   824] loss=-2.2744 | res=1.16e-02 | grad=3.27e-01 | 1.1s
[   825] loss=-2.3151 | res=1.37e-02 | grad=7.61e-01 | 1.1s
[   826] loss=-2.0143 | res=1.51e-02 | grad=8.11e-01 | 1.1s
[   827] loss=-2.2174 | res=1.52e-02 | grad=3.37e-01 | 1.1s
[   828] loss=-2.4502 | res=8.30e-03 | grad=1.49e-01 | 1.1s
[   829] loss=-2.3203 | res=1.42e-02 | grad=3.32e-01 | 1.1s
[   830] loss=-2.4697 | res=1.30e-02 | grad=6.27e-01 | 1.1s
[   831] loss=-2.4551 | res=1.23e-02 | grad=5.85e-01 | 1.1s
[   832] loss=-2.3912 | res=1.49e-02 | grad=8.29e-01 | 1.1s
[   833] loss=-2.2638 | res=1.13e-02 | grad=4.28e-01 | 1.1s
[   834] loss=-2.1989 | res=1.33e-02 | grad=6.71e-01 | 1.1s
[   835] loss=-2.2580 | res=1.36e-02 | grad=1.32e-01 | 1.1s
[   836] loss=-2.3893 | res=1.60e-02 | grad=5.48e-01 | 1.1s
[   837] loss=-2.1464 | res=1.37e-02 | grad=3.12e-01 | 1.0s
[   838] loss=-2.1047 | res=1.28e-02 | grad=3.77e-01 | 1.1s
[   839] loss=-2.3830 | res=1.22e-02 | grad=4.88e-01 | 1.1s
[   840] loss=-2.1253 | res=1.20e-02 | grad=6.30e-01 | 1.1s
[   841] loss=-2.5728 | res=1.00e-02 | grad=7.55e-01 | 1.1s
[   842] loss=-2.5661 | res=1.44e-02 | grad=4.01e-01 | 1.1s
[   843] loss=-2.2231 | res=1.42e-02 | grad=1.85e-01 | 1.1s
[   844] loss=-2.1897 | res=1.48e-02 | grad=5.19e-01 | 1.1s
[   845] loss=-2.2952 | res=1.17e-02 | grad=3.62e-01 | 1.1s
[   846] loss=-2.1708 | res=1.32e-02 | grad=6.37e-01 | 1.1s
[   847] loss=-2.3562 | res=1.12e-02 | grad=4.86e-01 | 1.0s
[   848] loss=-2.4963 | res=1.30e-02 | grad=4.68e-01 | 1.1s
[   849] loss=-2.2392 | res=1.24e-02 | grad=5.07e-01 | 1.1s
[   850] loss=-2.3633 | res=1.46e-02 | grad=3.32e-01 | 1.1s
[   851] loss=-2.3370 | res=1.12e-02 | grad=3.93e-01 | 1.1s
[   852] loss=-2.4043 | res=9.87e-03 | grad=5.93e-01 | 1.1s
[   853] loss=-2.1761 | res=1.08e-02 | grad=4.87e-01 | 1.1s
[   854] loss=-2.2726 | res=1.65e-02 | grad=3.82e-01 | 1.1s
[   855] loss=-2.1808 | res=1.42e-02 | grad=2.74e-01 | 1.1s
[   856] loss=-2.3662 | res=1.08e-02 | grad=7.03e-01 | 1.0s
[   857] loss=-2.5067 | res=1.39e-02 | grad=4.67e-01 | 1.1s
[   858] loss=-2.2164 | res=1.16e-02 | grad=2.28e-01 | 1.1s
[   859] loss=-1.9614 | res=1.40e-02 | grad=5.42e-01 | 1.1s
[   860] loss=-2.2771 | res=1.07e-02 | grad=3.76e-01 | 1.1s
[   861] loss=-2.3571 | res=1.27e-02 | grad=5.10e-01 | 1.1s
[   862] loss=-2.3664 | res=1.35e-02 | grad=3.29e-01 | 1.0s
[   863] loss=-2.1893 | res=1.23e-02 | grad=2.36e-01 | 1.1s
[   864] loss=-2.3577 | res=1.68e-02 | grad=3.36e-01 | 1.1s
[   865] loss=-2.3514 | res=1.01e-02 | grad=2.67e-01 | 1.1s
[   866] loss=-2.4071 | res=9.80e-03 | grad=2.71e-01 | 1.1s
[   867] loss=-2.1375 | res=1.27e-02 | grad=4.05e-01 | 1.1s
[   868] loss=-2.7094 | res=1.00e-02 | grad=4.89e-01 | 1.1s
[   869] loss=-2.5336 | res=1.27e-02 | grad=2.30e-01 | 1.1s
[   870] loss=-2.3906 | res=1.32e-02 | grad=2.96e-01 | 1.1s
[   871] loss=-2.4936 | res=1.55e-02 | grad=5.29e-01 | 1.1s
[   872] loss=-2.2067 | res=1.83e-02 | grad=6.33e-01 | 1.1s
[   873] loss=-2.2958 | res=1.51e-02 | grad=5.75e-01 | 1.0s
[   874] loss=-2.0377 | res=1.17e-02 | grad=7.89e-01 | 1.0s
[   875] loss=-2.3053 | res=1.22e-02 | grad=3.03e-01 | 1.1s
[   876] loss=-2.0853 | res=1.54e-02 | grad=2.28e-01 | 1.1s
[   877] loss=-2.4216 | res=1.24e-02 | grad=6.04e-01 | 1.0s
[   878] loss=-2.2169 | res=1.24e-02 | grad=8.04e-01 | 1.1s
[   879] loss=-2.3949 | res=1.26e-02 | grad=5.07e-01 | 1.1s
[   880] loss=-2.2014 | res=1.41e-02 | grad=3.89e-01 | 1.0s
[   881] loss=-2.2458 | res=1.46e-02 | grad=5.11e-01 | 1.1s
[   882] loss=-2.3710 | res=1.06e-02 | grad=4.76e-01 | 1.0s
[   883] loss=-2.3870 | res=1.15e-02 | grad=2.23e-01 | 1.1s
[   884] loss=-2.3588 | res=1.33e-02 | grad=3.46e-01 | 1.1s
[   885] loss=-2.2864 | res=1.16e-02 | grad=5.50e-01 | 1.1s
[   886] loss=-2.2201 | res=1.31e-02 | grad=6.84e-01 | 1.1s
[   887] loss=-2.3129 | res=1.43e-02 | grad=6.01e-01 | 1.1s
[   888] loss=-2.3772 | res=1.01e-02 | grad=1.77e-01 | 1.1s
[   889] loss=-2.3242 | res=1.68e-02 | grad=3.06e-01 | 1.1s
[   890] loss=-2.2694 | res=1.23e-02 | grad=3.99e-01 | 1.1s
[   891] loss=-2.2196 | res=1.60e-02 | grad=1.71e-01 | 1.0s
[   892] loss=-2.2421 | res=1.34e-02 | grad=6.26e-01 | 1.1s
[   893] loss=-2.3861 | res=7.45e-03 | grad=6.24e-01 | 1.1s
[   894] loss=-2.0490 | res=1.87e-02 | grad=8.50e-01 | 1.0s
[   895] loss=-2.0946 | res=1.10e-02 | grad=5.23e-01 | 1.1s
[   896] loss=-2.4616 | res=1.42e-02 | grad=3.86e-01 | 1.1s
[   897] loss=-2.2415 | res=1.37e-02 | grad=1.66e-01 | 1.1s
[   898] loss=-2.3840 | res=1.52e-02 | grad=7.72e-01 | 1.1s
[   899] loss=-2.4161 | res=1.43e-02 | grad=5.82e-01 | 1.0s
[   900] loss=-2.5147 | res=1.45e-02 | grad=4.05e-01 | 1.1s
[   901] loss=-2.4106 | res=1.44e-02 | grad=6.08e-01 | 1.0s
[   902] loss=-2.2134 | res=1.10e-02 | grad=5.54e-01 | 1.0s
[   903] loss=-2.2023 | res=1.28e-02 | grad=8.47e-01 | 1.1s
[   904] loss=-2.4572 | res=9.98e-03 | grad=3.74e-01 | 1.1s
[   905] loss=-2.1800 | res=1.30e-02 | grad=4.48e-01 | 1.1s
[   906] loss=-2.1826 | res=1.42e-02 | grad=5.86e-01 | 1.1s
[   907] loss=-2.1552 | res=1.48e-02 | grad=2.66e-01 | 1.1s
[   908] loss=-2.5721 | res=1.14e-02 | grad=6.97e-01 | 1.0s
[   909] loss=-2.2063 | res=1.23e-02 | grad=6.67e-01 | 1.1s
[   910] loss=-2.2436 | res=1.54e-02 | grad=2.36e-01 | 1.1s
[   911] loss=-2.3668 | res=1.11e-02 | grad=5.26e-01 | 1.1s
[   912] loss=-2.2968 | res=1.80e-02 | grad=3.95e-01 | 1.1s
[   913] loss=-2.1178 | res=1.41e-02 | grad=1.69e-01 | 1.1s
[   914] loss=-2.3256 | res=1.18e-02 | grad=5.18e-01 | 1.1s
[   915] loss=-2.2771 | res=1.54e-02 | grad=4.55e-01 | 1.1s
[   916] loss=-2.2024 | res=1.52e-02 | grad=3.09e-01 | 1.1s
[   917] loss=-2.2709 | res=1.23e-02 | grad=4.22e-01 | 1.1s
[   918] loss=-2.3869 | res=1.14e-02 | grad=5.25e-01 | 1.0s
[   919] loss=-2.2537 | res=1.65e-02 | grad=2.60e-01 | 1.1s
[   920] loss=-2.3871 | res=1.61e-02 | grad=2.89e-01 | 1.1s
[   921] loss=-2.5051 | res=1.28e-02 | grad=6.64e-01 | 1.0s
[   922] loss=-2.2474 | res=1.28e-02 | grad=5.67e-01 | 1.0s
[   923] loss=-2.2543 | res=1.83e-02 | grad=2.08e-01 | 1.1s
[   924] loss=-2.1609 | res=1.33e-02 | grad=3.11e-01 | 1.1s
[   925] loss=-2.4663 | res=1.50e-02 | grad=3.23e-01 | 1.1s
[   926] loss=-2.2725 | res=1.38e-02 | grad=3.93e-01 | 1.1s
[   927] loss=-2.3686 | res=1.18e-02 | grad=2.45e-01 | 1.0s
[   928] loss=-2.5318 | res=1.77e-02 | grad=2.29e-01 | 1.0s
[   929] loss=-2.4737 | res=1.15e-02 | grad=6.26e-01 | 1.1s
[   930] loss=-2.2321 | res=1.14e-02 | grad=5.89e-01 | 1.1s
[   931] loss=-2.0726 | res=1.67e-02 | grad=7.76e-01 | 1.1s
[   932] loss=-2.0183 | res=1.23e-02 | grad=5.50e-01 | 1.1s
[   933] loss=-2.4365 | res=1.07e-02 | grad=4.55e-01 | 1.0s
[   934] loss=-2.3858 | res=1.45e-02 | grad=2.38e-01 | 1.1s
[   935] loss=-2.1858 | res=1.43e-02 | grad=4.84e-01 | 1.1s
[   936] loss=-2.3374 | res=1.42e-02 | grad=6.47e-01 | 1.0s
[   937] loss=-2.2144 | res=1.69e-02 | grad=2.13e-01 | 1.1s
[   938] loss=-2.3636 | res=1.40e-02 | grad=4.40e-01 | 1.1s
[   939] loss=-2.2870 | res=1.30e-02 | grad=3.82e-01 | 1.1s
[   940] loss=-2.2307 | res=1.45e-02 | grad=3.01e-01 | 1.1s
[   941] loss=-2.3497 | res=1.63e-02 | grad=4.65e-01 | 1.1s
[   942] loss=-2.4691 | res=1.30e-02 | grad=3.68e-01 | 1.1s
[   943] loss=-2.3948 | res=1.45e-02 | grad=2.70e-01 | 1.1s
[   944] loss=-2.2417 | res=1.14e-02 | grad=4.81e-01 | 1.1s
[   945] loss=-2.1403 | res=1.34e-02 | grad=8.06e-01 | 1.1s
[   946] loss=-2.2401 | res=1.02e-02 | grad=6.65e-01 | 1.1s
[   947] loss=-2.4163 | res=1.67e-02 | grad=2.15e-01 | 1.1s
[   948] loss=-2.2540 | res=8.48e-03 | grad=3.37e-01 | 1.1s
[   949] loss=-2.3775 | res=1.50e-02 | grad=3.71e-01 | 1.1s
[   950] loss=-2.2343 | res=9.37e-03 | grad=3.41e-01 | 1.1s
[   951] loss=-2.2120 | res=1.13e-02 | grad=4.89e-01 | 1.0s
[   952] loss=-2.3129 | res=1.67e-02 | grad=3.43e-01 | 1.1s
[   953] loss=-2.2416 | res=1.54e-02 | grad=2.01e-01 | 1.1s
[   954] loss=-2.2575 | res=1.35e-02 | grad=5.79e-01 | 1.0s
[   955] loss=-2.4807 | res=1.45e-02 | grad=6.36e-01 | 1.0s
[   956] loss=-2.0463 | res=1.29e-02 | grad=4.79e-01 | 1.0s
[   957] loss=-2.4324 | res=1.25e-02 | grad=3.98e-01 | 1.1s
[   958] loss=-2.3155 | res=1.31e-02 | grad=6.29e-01 | 1.1s
[   959] loss=-2.3314 | res=1.41e-02 | grad=4.45e-01 | 1.1s
[   960] loss=-2.3968 | res=1.56e-02 | grad=6.81e-01 | 1.1s
[   961] loss=-2.2394 | res=1.28e-02 | grad=4.19e-01 | 1.1s
[   962] loss=-2.3707 | res=1.42e-02 | grad=5.89e-01 | 1.1s
[   963] loss=-2.2707 | res=1.64e-02 | grad=4.37e-01 | 1.1s
[   964] loss=-2.2061 | res=1.85e-02 | grad=5.28e-01 | 1.1s
[   965] loss=-2.4770 | res=1.46e-02 | grad=4.21e-01 | 1.1s
[   966] loss=-2.2936 | res=1.84e-02 | grad=3.58e-01 | 1.1s
[   967] loss=-2.3964 | res=1.49e-02 | grad=5.47e-01 | 1.1s
[   968] loss=-2.1826 | res=1.55e-02 | grad=3.49e-01 | 1.1s
[   969] loss=-2.4889 | res=1.24e-02 | grad=5.05e-01 | 1.1s
[   970] loss=-2.2050 | res=1.63e-02 | grad=4.87e-01 | 1.1s
[   971] loss=-2.6924 | res=1.71e-02 | grad=7.51e-01 | 1.1s
[   972] loss=-2.3980 | res=8.83e-03 | grad=5.21e-01 | 1.1s
[   973] loss=-2.4859 | res=1.76e-02 | grad=4.22e-01 | 1.1s
[   974] loss=-2.1897 | res=1.45e-02 | grad=5.87e-01 | 1.1s
[   975] loss=-2.3768 | res=1.51e-02 | grad=2.34e-01 | 1.1s
[   976] loss=-2.2078 | res=1.63e-02 | grad=6.34e-01 | 1.1s
[   977] loss=-2.2329 | res=1.38e-02 | grad=5.30e-01 | 1.1s
[   978] loss=-2.2597 | res=1.47e-02 | grad=2.11e-01 | 1.1s
[   979] loss=-2.1733 | res=1.13e-02 | grad=3.72e-01 | 1.1s
[   980] loss=-2.0605 | res=1.29e-02 | grad=8.58e-01 | 1.1s
[   981] loss=-2.3392 | res=1.17e-02 | grad=2.80e-01 | 1.1s
[   982] loss=-2.4504 | res=1.25e-02 | grad=4.16e-01 | 1.1s
[   983] loss=-2.1683 | res=1.46e-02 | grad=7.01e-01 | 1.1s
[   984] loss=-2.4193 | res=1.53e-02 | grad=1.05e+00 | 1.1s
[   985] loss=-2.2776 | res=1.09e-02 | grad=7.49e-01 | 1.1s
[   986] loss=-2.3056 | res=1.05e-02 | grad=3.38e-01 | 1.1s
[   987] loss=-2.3033 | res=1.53e-02 | grad=1.99e-01 | 1.1s
[   988] loss=-2.2053 | res=9.24e-03 | grad=3.26e-01 | 1.1s
[   989] loss=-2.1905 | res=1.28e-02 | grad=4.00e-01 | 1.1s
[   990] loss=-2.4755 | res=1.06e-02 | grad=3.57e-01 | 1.1s
[   991] loss=-2.2238 | res=1.60e-02 | grad=9.90e-01 | 1.1s
[   992] loss=-2.3693 | res=1.11e-02 | grad=2.65e-01 | 1.1s
[   993] loss=-2.4027 | res=1.30e-02 | grad=5.58e-01 | 1.1s
[   994] loss=-2.2931 | res=1.29e-02 | grad=2.19e-01 | 1.1s
[   995] loss=-2.0986 | res=1.71e-02 | grad=5.72e-01 | 1.1s
[   996] loss=-2.4402 | res=1.04e-02 | grad=7.90e-01 | 1.1s
[   997] loss=-2.3584 | res=1.51e-02 | grad=3.24e-01 | 1.1s
[   998] loss=-2.5157 | res=1.24e-02 | grad=6.57e-01 | 1.1s
[   999] loss=-2.3479 | res=1.22e-02 | grad=2.68e-01 | 1.1s
[  1000] loss=-2.2449 | res=1.82e-02 | grad=4.89e-01 | 1.1s
    KL = 0.2395
    ESS ratio = 0.852
    Runtime = 1073.2s

  --- Run 4/5 (seed=45678) ---
[     1] loss=-0.0785 | res=1.80e-03 | grad=6.65e+00 | 4.3s
[     2] loss=-0.2339 | res=2.98e-03 | grad=6.96e+00 | 1.1s
[     3] loss=-0.3697 | res=2.04e-03 | grad=7.02e+00 | 1.1s
[     4] loss=-0.5477 | res=2.90e-03 | grad=7.91e+00 | 1.1s
[     5] loss=-0.6539 | res=2.86e-03 | grad=7.41e+00 | 1.1s
[     6] loss=-0.8443 | res=3.29e-03 | grad=8.10e+00 | 1.0s
[     7] loss=-0.9893 | res=3.18e-03 | grad=7.67e+00 | 1.1s
[     8] loss=-1.1167 | res=4.40e-03 | grad=7.13e+00 | 1.0s
[     9] loss=-1.2086 | res=4.35e-03 | grad=6.13e+00 | 1.1s
[    10] loss=-1.3281 | res=4.79e-03 | grad=5.82e+00 | 1.1s
[    11] loss=-1.4490 | res=3.10e-03 | grad=5.34e+00 | 1.1s
[    12] loss=-1.4733 | res=2.22e-03 | grad=4.57e+00 | 1.1s
[    13] loss=-1.7207 | res=2.92e-03 | grad=4.62e+00 | 1.1s
[    14] loss=-1.7596 | res=2.45e-03 | grad=4.24e+00 | 1.1s
[    15] loss=-1.7978 | res=3.91e-03 | grad=3.79e+00 | 1.1s
[    16] loss=-1.8133 | res=4.57e-03 | grad=3.42e+00 | 1.1s
[    17] loss=-1.9033 | res=5.42e-03 | grad=3.33e+00 | 1.1s
[    18] loss=-1.9494 | res=2.23e-03 | grad=2.95e+00 | 1.1s
[    19] loss=-2.0918 | res=3.58e-03 | grad=2.71e+00 | 1.1s
[    20] loss=-2.2080 | res=3.41e-03 | grad=2.45e+00 | 1.1s
[    21] loss=-2.1060 | res=5.83e-03 | grad=1.94e+00 | 1.1s
[    22] loss=-2.3297 | res=4.29e-03 | grad=1.80e+00 | 1.1s
[    23] loss=-2.3142 | res=4.95e-03 | grad=1.41e+00 | 1.1s
[    24] loss=-2.3449 | res=4.17e-03 | grad=1.10e+00 | 1.0s
[    25] loss=-2.4966 | res=5.11e-03 | grad=7.37e-01 | 1.1s
[    26] loss=-2.2164 | res=4.88e-03 | grad=3.34e-01 | 1.1s
[    27] loss=-2.4140 | res=6.23e-03 | grad=5.52e-01 | 1.1s
[    28] loss=-2.3045 | res=5.17e-03 | grad=4.02e-01 | 1.1s
[    29] loss=-2.2767 | res=6.07e-03 | grad=7.07e-01 | 1.1s
[    30] loss=-2.1265 | res=4.84e-03 | grad=9.58e-01 | 1.0s
[    31] loss=-2.0853 | res=4.64e-03 | grad=1.04e+00 | 1.0s
[    32] loss=-2.1937 | res=7.45e-03 | grad=1.23e+00 | 1.1s
[    33] loss=-2.2959 | res=8.96e-03 | grad=9.61e-01 | 1.1s
[    34] loss=-2.2363 | res=9.90e-03 | grad=1.17e+00 | 1.1s
[    35] loss=-2.2928 | res=7.74e-03 | grad=9.84e-01 | 1.1s
[    36] loss=-2.3054 | res=1.03e-02 | grad=8.50e-01 | 1.1s
[    37] loss=-2.4932 | res=9.09e-03 | grad=7.21e-01 | 1.1s
[    38] loss=-2.1557 | res=9.47e-03 | grad=9.93e-01 | 1.1s
[    39] loss=-2.2293 | res=8.06e-03 | grad=1.01e+00 | 1.1s
[    40] loss=-2.2963 | res=1.04e-02 | grad=7.47e-01 | 1.1s
[    41] loss=-2.2832 | res=1.31e-02 | grad=5.62e-01 | 1.1s
[    42] loss=-2.4099 | res=1.35e-02 | grad=3.60e-01 | 1.1s
[    43] loss=-2.2168 | res=1.60e-02 | grad=5.52e-01 | 1.1s
[    44] loss=-2.2762 | res=1.30e-02 | grad=1.28e+00 | 1.1s
[    45] loss=-2.3591 | res=1.30e-02 | grad=7.39e-01 | 1.1s
[    46] loss=-2.2350 | res=1.65e-02 | grad=8.91e-01 | 1.1s
[    47] loss=-2.0271 | res=1.20e-02 | grad=6.59e-01 | 1.1s
[    48] loss=-2.3676 | res=1.11e-02 | grad=1.02e+00 | 1.1s
[    49] loss=-2.3060 | res=1.44e-02 | grad=8.92e-01 | 1.1s
[    50] loss=-2.2240 | res=1.06e-02 | grad=5.56e-01 | 1.1s
[    51] loss=-2.3360 | res=1.22e-02 | grad=8.80e-01 | 1.1s
[    52] loss=-2.2206 | res=1.62e-02 | grad=3.62e-01 | 1.1s
[    53] loss=-2.2416 | res=1.40e-02 | grad=3.67e-01 | 1.1s
[    54] loss=-2.2754 | res=1.45e-02 | grad=5.90e-01 | 1.1s
[    55] loss=-2.4142 | res=1.72e-02 | grad=4.45e-01 | 1.1s
[    56] loss=-2.3917 | res=1.40e-02 | grad=7.06e-01 | 1.1s
[    57] loss=-2.4108 | res=1.78e-02 | grad=3.81e-01 | 1.1s
[    58] loss=-2.4907 | res=1.64e-02 | grad=6.45e-01 | 1.1s
[    59] loss=-2.5023 | res=1.55e-02 | grad=7.23e-01 | 1.1s
[    60] loss=-2.3468 | res=2.01e-02 | grad=4.80e-01 | 1.1s
[    61] loss=-2.4124 | res=1.24e-02 | grad=3.20e-01 | 1.1s
[    62] loss=-2.1721 | res=1.50e-02 | grad=5.45e-01 | 1.0s
[    63] loss=-2.2095 | res=1.78e-02 | grad=4.88e-01 | 1.1s
[    64] loss=-2.4467 | res=1.33e-02 | grad=5.83e-01 | 1.1s
[    65] loss=-2.4135 | res=1.57e-02 | grad=3.98e-01 | 1.1s
[    66] loss=-2.2495 | res=1.35e-02 | grad=5.25e-01 | 1.1s
[    67] loss=-2.4014 | res=1.58e-02 | grad=4.17e-01 | 1.1s
[    68] loss=-2.3326 | res=1.02e-02 | grad=8.96e-01 | 1.1s
[    69] loss=-2.5466 | res=1.57e-02 | grad=8.11e-01 | 1.1s
[    70] loss=-2.2720 | res=1.18e-02 | grad=7.89e-01 | 1.0s
[    71] loss=-2.1436 | res=1.79e-02 | grad=7.55e-01 | 1.0s
[    72] loss=-2.2361 | res=1.57e-02 | grad=4.91e-01 | 1.1s
[    73] loss=-2.2477 | res=1.58e-02 | grad=1.65e-01 | 1.1s
[    74] loss=-2.1819 | res=1.47e-02 | grad=4.27e-01 | 1.1s
[    75] loss=-2.3273 | res=2.04e-02 | grad=4.14e-01 | 1.1s
[    76] loss=-2.3208 | res=1.50e-02 | grad=4.35e-01 | 1.1s
[    77] loss=-2.3300 | res=1.48e-02 | grad=4.51e-01 | 1.0s
[    78] loss=-2.1817 | res=9.62e-03 | grad=2.41e-01 | 1.0s
[    79] loss=-2.2929 | res=1.97e-02 | grad=3.78e-01 | 1.0s
[    80] loss=-2.3084 | res=1.67e-02 | grad=7.46e-01 | 1.0s
[    81] loss=-2.1333 | res=1.68e-02 | grad=4.22e-01 | 1.1s
[    82] loss=-2.4555 | res=1.75e-02 | grad=7.07e-01 | 1.1s
[    83] loss=-2.2379 | res=2.12e-02 | grad=4.94e-01 | 1.1s
[    84] loss=-2.3778 | res=1.80e-02 | grad=5.17e-01 | 1.0s
[    85] loss=-2.2758 | res=1.75e-02 | grad=1.76e-01 | 1.1s
[    86] loss=-2.3504 | res=1.93e-02 | grad=4.49e-01 | 1.1s
[    87] loss=-2.1386 | res=2.12e-02 | grad=3.19e-01 | 1.1s
[    88] loss=-2.4281 | res=1.74e-02 | grad=4.47e-01 | 1.1s
[    89] loss=-2.2610 | res=1.46e-02 | grad=7.56e-01 | 1.1s
[    90] loss=-2.1342 | res=1.64e-02 | grad=6.91e-01 | 1.1s
[    91] loss=-2.4250 | res=2.65e-02 | grad=1.95e-01 | 1.0s
[    92] loss=-2.2438 | res=1.98e-02 | grad=5.46e-01 | 1.1s
[    93] loss=-2.3295 | res=1.93e-02 | grad=2.15e-01 | 1.1s
[    94] loss=-2.2052 | res=2.58e-02 | grad=3.96e-01 | 1.1s
[    95] loss=-2.2688 | res=1.92e-02 | grad=2.64e-01 | 1.1s
[    96] loss=-2.2127 | res=1.73e-02 | grad=2.37e-01 | 1.1s
[    97] loss=-2.4432 | res=1.73e-02 | grad=7.47e-01 | 1.1s
[    98] loss=-2.4426 | res=1.69e-02 | grad=4.41e-01 | 1.1s
[    99] loss=-2.5749 | res=1.28e-02 | grad=5.36e-01 | 1.1s
[   100] loss=-2.0946 | res=1.66e-02 | grad=3.70e-01 | 1.1s
[   101] loss=-2.2458 | res=1.89e-02 | grad=2.83e-01 | 1.1s
[   102] loss=-2.2343 | res=1.59e-02 | grad=3.94e-01 | 1.1s
[   103] loss=-2.1688 | res=1.92e-02 | grad=1.30e-01 | 1.1s
[   104] loss=-2.2447 | res=2.03e-02 | grad=6.41e-01 | 1.1s
[   105] loss=-2.2118 | res=1.80e-02 | grad=2.83e-01 | 1.1s
[   106] loss=-2.2789 | res=1.81e-02 | grad=5.37e-01 | 1.1s
[   107] loss=-2.1025 | res=1.90e-02 | grad=7.18e-01 | 1.1s
[   108] loss=-2.2994 | res=1.59e-02 | grad=6.08e-01 | 1.1s
[   109] loss=-2.3306 | res=2.20e-02 | grad=4.61e-01 | 1.0s
[   110] loss=-2.2331 | res=2.08e-02 | grad=4.79e-01 | 1.1s
[   111] loss=-2.2146 | res=1.78e-02 | grad=5.05e-01 | 1.1s
[   112] loss=-2.3298 | res=1.86e-02 | grad=5.24e-01 | 1.1s
[   113] loss=-2.3133 | res=2.28e-02 | grad=9.26e-01 | 1.1s
[   114] loss=-2.3172 | res=2.62e-02 | grad=6.72e-01 | 1.1s
[   115] loss=-2.2665 | res=1.83e-02 | grad=2.31e-01 | 1.1s
[   116] loss=-2.4447 | res=1.62e-02 | grad=6.10e-01 | 1.1s
[   117] loss=-2.2591 | res=1.61e-02 | grad=5.78e-01 | 1.1s
[   118] loss=-2.2998 | res=1.70e-02 | grad=9.28e-01 | 1.1s
[   119] loss=-2.3017 | res=1.92e-02 | grad=4.49e-01 | 1.1s
[   120] loss=-2.1663 | res=1.97e-02 | grad=6.62e-01 | 1.1s
[   121] loss=-2.3293 | res=1.99e-02 | grad=1.59e-01 | 1.1s
[   122] loss=-2.2038 | res=1.73e-02 | grad=2.70e-01 | 1.1s
[   123] loss=-2.3727 | res=1.49e-02 | grad=4.51e-01 | 1.1s
[   124] loss=-2.2913 | res=2.73e-02 | grad=8.74e-01 | 1.1s
[   125] loss=-2.2228 | res=2.15e-02 | grad=2.99e-01 | 1.1s
[   126] loss=-2.2836 | res=1.40e-02 | grad=1.15e-01 | 1.1s
[   127] loss=-2.3836 | res=1.73e-02 | grad=4.96e-01 | 1.1s
[   128] loss=-2.1632 | res=1.75e-02 | grad=4.63e-01 | 1.1s
[   129] loss=-2.2609 | res=1.62e-02 | grad=5.00e-01 | 1.1s
[   130] loss=-2.1060 | res=1.86e-02 | grad=3.27e-01 | 1.1s
[   131] loss=-2.2504 | res=1.98e-02 | grad=3.70e-01 | 1.1s
[   132] loss=-2.4869 | res=1.66e-02 | grad=6.81e-01 | 1.1s
[   133] loss=-2.4100 | res=1.95e-02 | grad=4.32e-01 | 1.1s
[   134] loss=-2.2763 | res=1.63e-02 | grad=1.46e-01 | 1.0s
[   135] loss=-2.2181 | res=1.96e-02 | grad=7.10e-01 | 1.1s
[   136] loss=-2.2476 | res=1.76e-02 | grad=3.45e-01 | 1.1s
[   137] loss=-2.2643 | res=1.81e-02 | grad=3.81e-01 | 1.1s
[   138] loss=-2.3871 | res=1.91e-02 | grad=5.45e-01 | 1.0s
[   139] loss=-2.3390 | res=2.02e-02 | grad=2.71e-01 | 1.1s
[   140] loss=-2.2807 | res=1.92e-02 | grad=3.69e-01 | 1.1s
[   141] loss=-2.2149 | res=2.14e-02 | grad=2.68e-01 | 1.1s
[   142] loss=-2.2953 | res=1.78e-02 | grad=4.34e-01 | 1.1s
[   143] loss=-2.3608 | res=2.44e-02 | grad=5.19e-01 | 1.1s
[   144] loss=-2.2370 | res=2.18e-02 | grad=6.47e-01 | 1.1s
[   145] loss=-2.4061 | res=1.62e-02 | grad=4.25e-01 | 1.1s
[   146] loss=-2.4807 | res=2.56e-02 | grad=3.13e-01 | 1.1s
[   147] loss=-2.3317 | res=2.51e-02 | grad=5.59e-01 | 1.1s
[   148] loss=-2.3612 | res=2.08e-02 | grad=7.26e-01 | 1.1s
[   149] loss=-2.3762 | res=1.80e-02 | grad=5.18e-01 | 1.1s
[   150] loss=-2.2697 | res=1.73e-02 | grad=5.10e-01 | 1.0s
[   151] loss=-2.2214 | res=2.03e-02 | grad=6.21e-01 | 1.0s
[   152] loss=-2.3546 | res=2.92e-02 | grad=8.06e-01 | 1.0s
[   153] loss=-2.1141 | res=2.21e-02 | grad=8.17e-01 | 1.1s
[   154] loss=-2.4506 | res=1.48e-02 | grad=3.71e-01 | 1.1s
[   155] loss=-2.4610 | res=1.93e-02 | grad=7.57e-01 | 1.1s
[   156] loss=-1.9977 | res=2.20e-02 | grad=6.73e-01 | 1.1s
[   157] loss=-2.3292 | res=1.60e-02 | grad=4.81e-01 | 1.1s
[   158] loss=-2.3594 | res=2.46e-02 | grad=6.31e-01 | 1.1s
[   159] loss=-2.3949 | res=1.86e-02 | grad=5.98e-01 | 1.1s
[   160] loss=-2.3352 | res=1.66e-02 | grad=6.43e-01 | 1.0s
[   161] loss=-2.1986 | res=2.55e-02 | grad=1.01e+00 | 1.1s
[   162] loss=-2.2779 | res=1.97e-02 | grad=2.40e-01 | 1.0s
[   163] loss=-2.3754 | res=2.43e-02 | grad=9.44e-01 | 1.1s
[   164] loss=-2.3245 | res=2.32e-02 | grad=7.46e-01 | 1.1s
[   165] loss=-2.3373 | res=2.00e-02 | grad=3.50e-01 | 1.1s
[   166] loss=-2.2775 | res=1.58e-02 | grad=7.86e-01 | 1.1s
[   167] loss=-2.4436 | res=1.91e-02 | grad=6.16e-01 | 1.1s
[   168] loss=-2.4053 | res=2.10e-02 | grad=8.88e-01 | 1.1s
[   169] loss=-2.3233 | res=2.04e-02 | grad=4.65e-01 | 1.1s
[   170] loss=-2.1746 | res=2.01e-02 | grad=6.78e-01 | 1.1s
[   171] loss=-2.2987 | res=2.84e-02 | grad=8.37e-01 | 1.1s
[   172] loss=-2.2853 | res=2.11e-02 | grad=2.21e-01 | 1.1s
[   173] loss=-2.2579 | res=2.70e-02 | grad=6.16e-01 | 1.1s
[   174] loss=-2.2998 | res=1.33e-02 | grad=1.19e+00 | 1.1s
[   175] loss=-2.3149 | res=1.94e-02 | grad=6.67e-01 | 1.1s
[   176] loss=-2.3234 | res=2.15e-02 | grad=1.54e-01 | 1.1s
[   177] loss=-2.3162 | res=1.87e-02 | grad=4.84e-01 | 1.1s
[   178] loss=-2.1615 | res=1.55e-02 | grad=6.29e-01 | 1.1s
[   179] loss=-2.0793 | res=2.26e-02 | grad=1.47e+00 | 1.1s
[   180] loss=-2.3140 | res=1.79e-02 | grad=5.27e-01 | 1.1s
[   181] loss=-2.4875 | res=2.28e-02 | grad=5.69e-01 | 1.1s
[   182] loss=-2.3783 | res=2.46e-02 | grad=6.13e-01 | 1.1s
[   183] loss=-2.3951 | res=2.07e-02 | grad=4.28e-01 | 1.1s
[   184] loss=-2.4381 | res=2.73e-02 | grad=8.08e-01 | 1.1s
[   185] loss=-2.4851 | res=2.00e-02 | grad=5.75e-01 | 1.1s
[   186] loss=-2.4212 | res=1.85e-02 | grad=1.77e-01 | 1.1s
[   187] loss=-2.3257 | res=1.98e-02 | grad=6.93e-01 | 1.1s
[   188] loss=-2.3486 | res=1.99e-02 | grad=5.83e-01 | 1.1s
[   189] loss=-2.2753 | res=2.21e-02 | grad=3.99e-01 | 1.1s
[   190] loss=-2.0805 | res=1.96e-02 | grad=7.00e-01 | 1.0s
[   191] loss=-2.1273 | res=1.76e-02 | grad=6.45e-01 | 1.0s
[   192] loss=-2.0830 | res=2.15e-02 | grad=7.80e-01 | 1.1s
[   193] loss=-2.2310 | res=2.39e-02 | grad=3.71e-01 | 1.1s
[   194] loss=-2.2816 | res=1.60e-02 | grad=3.32e-01 | 1.1s
[   195] loss=-2.3920 | res=1.59e-02 | grad=9.15e-01 | 1.1s
[   196] loss=-2.3168 | res=2.49e-02 | grad=2.62e-01 | 1.1s
[   197] loss=-2.3820 | res=1.53e-02 | grad=3.52e-01 | 1.1s
[   198] loss=-2.2337 | res=1.84e-02 | grad=1.43e-01 | 1.1s
[   199] loss=-2.5604 | res=1.97e-02 | grad=8.95e-01 | 1.0s
[   200] loss=-2.4230 | res=1.67e-02 | grad=3.97e-01 | 1.1s
[   201] loss=-2.3421 | res=1.35e-02 | grad=2.29e-01 | 1.1s
[   202] loss=-2.4247 | res=2.42e-02 | grad=5.61e-01 | 1.0s
[   203] loss=-2.2937 | res=1.74e-02 | grad=2.63e-01 | 1.1s
[   204] loss=-2.3554 | res=1.70e-02 | grad=4.95e-01 | 1.1s
[   205] loss=-2.1819 | res=1.69e-02 | grad=9.42e-01 | 1.1s
[   206] loss=-2.4804 | res=2.18e-02 | grad=6.08e-01 | 1.1s
[   207] loss=-2.3332 | res=1.88e-02 | grad=2.78e-01 | 1.1s
[   208] loss=-2.4747 | res=2.07e-02 | grad=1.28e-01 | 1.1s
[   209] loss=-2.2865 | res=1.85e-02 | grad=4.26e-01 | 1.1s
[   210] loss=-2.1093 | res=1.91e-02 | grad=7.55e-01 | 1.0s
[   211] loss=-2.1133 | res=1.89e-02 | grad=8.55e-01 | 1.1s
[   212] loss=-2.5356 | res=2.10e-02 | grad=5.51e-01 | 1.1s
[   213] loss=-2.3145 | res=1.70e-02 | grad=3.06e-01 | 1.1s
[   214] loss=-2.2877 | res=1.86e-02 | grad=7.17e-01 | 1.1s
[   215] loss=-2.2694 | res=2.11e-02 | grad=2.19e-01 | 1.1s
[   216] loss=-2.4592 | res=2.57e-02 | grad=6.17e-01 | 1.1s
[   217] loss=-2.4471 | res=2.38e-02 | grad=5.65e-01 | 1.1s
[   218] loss=-2.2344 | res=2.17e-02 | grad=4.18e-01 | 1.1s
[   219] loss=-2.4017 | res=2.47e-02 | grad=3.43e-01 | 1.1s
[   220] loss=-2.1286 | res=3.47e-02 | grad=4.25e-01 | 1.1s
[   221] loss=-2.2926 | res=2.27e-02 | grad=4.00e-01 | 1.1s
[   222] loss=-2.5396 | res=2.22e-02 | grad=2.82e-01 | 1.1s
[   223] loss=-2.3464 | res=2.16e-02 | grad=1.71e-01 | 1.1s
[   224] loss=-2.2788 | res=2.70e-02 | grad=5.98e-01 | 1.1s
[   225] loss=-2.1817 | res=1.83e-02 | grad=6.05e-01 | 1.1s
[   226] loss=-2.4239 | res=2.24e-02 | grad=2.83e-01 | 1.1s
[   227] loss=-2.3170 | res=1.39e-02 | grad=1.16e+00 | 1.1s
[   228] loss=-2.4654 | res=1.78e-02 | grad=2.68e-01 | 1.1s
[   229] loss=-2.5352 | res=2.44e-02 | grad=4.93e-01 | 1.1s
[   230] loss=-2.3687 | res=2.63e-02 | grad=2.35e-01 | 1.1s
[   231] loss=-2.2900 | res=2.13e-02 | grad=3.02e-01 | 1.1s
[   232] loss=-2.1542 | res=2.12e-02 | grad=3.78e-01 | 1.1s
[   233] loss=-2.4444 | res=2.00e-02 | grad=6.18e-01 | 1.1s
[   234] loss=-2.1923 | res=2.23e-02 | grad=3.26e-01 | 1.1s
[   235] loss=-2.2035 | res=2.31e-02 | grad=7.96e-01 | 1.1s
[   236] loss=-2.3011 | res=2.00e-02 | grad=2.95e-01 | 1.0s
[   237] loss=-2.5258 | res=1.82e-02 | grad=9.36e-01 | 1.1s
[   238] loss=-2.2729 | res=1.99e-02 | grad=6.19e-01 | 1.1s
[   239] loss=-2.3971 | res=1.97e-02 | grad=3.80e-01 | 1.1s
[   240] loss=-2.4404 | res=2.69e-02 | grad=6.34e-01 | 1.1s
[   241] loss=-2.3500 | res=2.49e-02 | grad=7.50e-01 | 1.1s
[   242] loss=-2.2204 | res=1.97e-02 | grad=5.50e-01 | 1.0s
[   243] loss=-2.3076 | res=1.73e-02 | grad=7.15e-01 | 1.1s
[   244] loss=-2.1768 | res=2.07e-02 | grad=6.49e-01 | 1.1s
[   245] loss=-2.3477 | res=1.69e-02 | grad=2.80e-01 | 1.1s
[   246] loss=-2.1945 | res=2.30e-02 | grad=6.00e-01 | 1.1s
[   247] loss=-2.2131 | res=1.75e-02 | grad=5.94e-01 | 1.1s
[   248] loss=-2.4636 | res=1.76e-02 | grad=8.87e-01 | 1.1s
[   249] loss=-2.2599 | res=2.18e-02 | grad=3.39e-01 | 1.1s
[   250] loss=-2.1158 | res=1.96e-02 | grad=7.40e-01 | 1.1s
[   251] loss=-2.1797 | res=2.03e-02 | grad=3.85e-01 | 1.1s
[   252] loss=-2.2949 | res=2.17e-02 | grad=5.18e-01 | 1.1s
[   253] loss=-2.2620 | res=2.09e-02 | grad=4.91e-01 | 1.1s
[   254] loss=-2.2748 | res=1.93e-02 | grad=6.18e-01 | 1.1s
[   255] loss=-2.2681 | res=2.28e-02 | grad=4.14e-01 | 1.1s
[   256] loss=-2.4421 | res=2.07e-02 | grad=8.64e-01 | 1.1s
[   257] loss=-2.3280 | res=2.06e-02 | grad=5.85e-01 | 1.1s
[   258] loss=-2.4233 | res=1.93e-02 | grad=6.36e-01 | 1.1s
[   259] loss=-2.1954 | res=2.85e-02 | grad=2.22e-01 | 1.1s
[   260] loss=-2.5843 | res=1.85e-02 | grad=6.06e-01 | 1.1s
[   261] loss=-2.5950 | res=1.66e-02 | grad=9.01e-01 | 1.1s
[   262] loss=-2.1554 | res=1.85e-02 | grad=3.76e-01 | 1.1s
[   263] loss=-2.4701 | res=2.86e-02 | grad=3.99e-01 | 1.1s
[   264] loss=-2.3584 | res=1.79e-02 | grad=5.37e-01 | 1.1s
[   265] loss=-2.3794 | res=2.00e-02 | grad=4.59e-01 | 1.1s
[   266] loss=-2.2140 | res=2.10e-02 | grad=3.95e-01 | 1.0s
[   267] loss=-2.4600 | res=2.43e-02 | grad=4.89e-01 | 1.1s
[   268] loss=-2.2617 | res=1.90e-02 | grad=3.78e-01 | 1.1s
[   269] loss=-1.9931 | res=2.44e-02 | grad=9.78e-01 | 1.1s
[   270] loss=-2.2449 | res=1.64e-02 | grad=4.57e-01 | 1.1s
[   271] loss=-2.2131 | res=1.63e-02 | grad=3.89e-01 | 1.1s
[   272] loss=-2.2398 | res=1.79e-02 | grad=3.83e-01 | 1.1s
[   273] loss=-2.2429 | res=2.82e-02 | grad=7.79e-01 | 1.1s
[   274] loss=-2.3690 | res=2.23e-02 | grad=9.34e-01 | 1.1s
[   275] loss=-2.3372 | res=1.36e-02 | grad=6.02e-01 | 1.1s
[   276] loss=-2.4479 | res=2.34e-02 | grad=5.50e-01 | 1.0s
[   277] loss=-2.2353 | res=2.23e-02 | grad=3.34e-01 | 1.0s
[   278] loss=-2.5258 | res=1.97e-02 | grad=8.01e-01 | 1.0s
[   279] loss=-2.4827 | res=2.12e-02 | grad=5.89e-01 | 1.1s
[   280] loss=-2.1628 | res=2.47e-02 | grad=4.18e-01 | 1.1s
[   281] loss=-2.3326 | res=1.74e-02 | grad=3.18e-01 | 1.0s
[   282] loss=-2.2583 | res=2.34e-02 | grad=4.98e-01 | 1.1s
[   283] loss=-2.3913 | res=1.56e-02 | grad=4.64e-01 | 1.1s
[   284] loss=-2.3554 | res=2.15e-02 | grad=2.79e-01 | 1.1s
[   285] loss=-2.1698 | res=2.03e-02 | grad=3.37e-01 | 1.1s
[   286] loss=-2.3700 | res=2.10e-02 | grad=6.18e-01 | 1.1s
[   287] loss=-2.5153 | res=1.85e-02 | grad=3.54e-01 | 1.0s
[   288] loss=-2.5104 | res=2.04e-02 | grad=4.89e-01 | 1.1s
[   289] loss=-2.4145 | res=1.81e-02 | grad=3.74e-01 | 1.1s
[   290] loss=-2.3867 | res=2.20e-02 | grad=2.16e-01 | 1.0s
[   291] loss=-2.3337 | res=1.98e-02 | grad=6.04e-01 | 1.1s
[   292] loss=-2.0743 | res=1.77e-02 | grad=4.34e-01 | 1.1s
[   293] loss=-2.3886 | res=2.11e-02 | grad=1.63e-01 | 1.0s
[   294] loss=-1.9652 | res=2.14e-02 | grad=1.18e+00 | 1.1s
[   295] loss=-2.0222 | res=2.19e-02 | grad=4.29e-01 | 1.1s
[   296] loss=-2.4284 | res=1.75e-02 | grad=4.75e-01 | 1.1s
[   297] loss=-2.4960 | res=2.08e-02 | grad=7.58e-01 | 1.1s
[   298] loss=-2.2811 | res=2.26e-02 | grad=2.98e-01 | 1.1s
[   299] loss=-2.3479 | res=1.56e-02 | grad=3.56e-01 | 1.1s
[   300] loss=-2.2483 | res=1.92e-02 | grad=2.11e-01 | 1.1s
[   301] loss=-2.2160 | res=2.92e-02 | grad=3.26e-01 | 1.0s
[   302] loss=-2.4439 | res=1.45e-02 | grad=5.10e-01 | 1.1s
[   303] loss=-2.2708 | res=1.75e-02 | grad=6.88e-01 | 1.1s
[   304] loss=-2.2913 | res=2.21e-02 | grad=3.25e-01 | 1.1s
[   305] loss=-2.4569 | res=2.33e-02 | grad=1.79e-01 | 1.1s
[   306] loss=-2.3944 | res=2.04e-02 | grad=3.34e-01 | 1.1s
[   307] loss=-2.3017 | res=1.63e-02 | grad=7.62e-01 | 1.1s
[   308] loss=-2.2206 | res=2.69e-02 | grad=2.42e-01 | 1.1s
[   309] loss=-2.3630 | res=2.03e-02 | grad=6.01e-01 | 1.1s
[   310] loss=-2.3713 | res=1.76e-02 | grad=2.97e-01 | 1.1s
[   311] loss=-2.5408 | res=1.72e-02 | grad=2.98e-01 | 1.1s
[   312] loss=-2.3339 | res=1.80e-02 | grad=7.27e-01 | 1.1s
[   313] loss=-2.2365 | res=2.23e-02 | grad=5.28e-01 | 1.1s
[   314] loss=-2.4095 | res=1.52e-02 | grad=5.22e-01 | 1.1s
[   315] loss=-2.3619 | res=2.20e-02 | grad=7.08e-01 | 1.0s
[   316] loss=-2.5352 | res=1.66e-02 | grad=3.96e-01 | 1.1s
[   317] loss=-2.2662 | res=1.73e-02 | grad=3.96e-01 | 1.0s
[   318] loss=-2.3433 | res=1.84e-02 | grad=3.62e-01 | 1.1s
[   319] loss=-2.3147 | res=1.96e-02 | grad=4.57e-01 | 1.1s
[   320] loss=-2.1270 | res=2.54e-02 | grad=5.67e-01 | 1.1s
[   321] loss=-2.2784 | res=2.19e-02 | grad=3.56e-01 | 1.1s
[   322] loss=-2.4625 | res=2.12e-02 | grad=6.67e-01 | 1.1s
[   323] loss=-2.3569 | res=2.06e-02 | grad=1.76e-01 | 1.1s
[   324] loss=-2.1620 | res=1.90e-02 | grad=5.85e-01 | 1.1s
[   325] loss=-2.3377 | res=2.97e-02 | grad=2.67e-01 | 1.1s
[   326] loss=-2.6324 | res=1.85e-02 | grad=6.86e-01 | 1.1s
[   327] loss=-2.1157 | res=1.72e-02 | grad=7.22e-01 | 1.1s
[   328] loss=-2.5871 | res=1.82e-02 | grad=7.39e-01 | 1.1s
[   329] loss=-2.2286 | res=2.43e-02 | grad=4.62e-01 | 1.1s
[   330] loss=-2.3710 | res=1.69e-02 | grad=4.36e-01 | 1.1s
[   331] loss=-2.2250 | res=2.22e-02 | grad=6.89e-01 | 1.1s
[   332] loss=-2.2752 | res=2.33e-02 | grad=6.50e-01 | 1.1s
[   333] loss=-2.3889 | res=1.86e-02 | grad=1.89e-01 | 1.1s
[   334] loss=-2.2657 | res=2.24e-02 | grad=5.46e-01 | 1.1s
[   335] loss=-2.4552 | res=2.51e-02 | grad=3.67e-01 | 1.1s
[   336] loss=-2.2879 | res=1.68e-02 | grad=4.92e-01 | 1.1s
[   337] loss=-2.2033 | res=1.85e-02 | grad=6.52e-01 | 1.1s
[   338] loss=-2.2168 | res=1.78e-02 | grad=3.98e-01 | 1.1s
[   339] loss=-2.1946 | res=2.47e-02 | grad=9.23e-01 | 1.1s
[   340] loss=-2.2219 | res=1.60e-02 | grad=4.66e-01 | 1.1s
[   341] loss=-2.1583 | res=1.91e-02 | grad=5.67e-01 | 1.1s
[   342] loss=-2.2620 | res=2.13e-02 | grad=1.81e-01 | 1.0s
[   343] loss=-2.1190 | res=1.78e-02 | grad=3.87e-01 | 1.1s
[   344] loss=-2.3488 | res=2.08e-02 | grad=5.24e-01 | 1.1s
[   345] loss=-2.1581 | res=1.77e-02 | grad=3.61e-01 | 1.1s
[   346] loss=-2.3975 | res=1.68e-02 | grad=4.52e-01 | 1.1s
[   347] loss=-2.1666 | res=1.53e-02 | grad=3.87e-01 | 1.1s
[   348] loss=-2.1657 | res=1.74e-02 | grad=5.39e-01 | 1.1s
[   349] loss=-2.3830 | res=1.36e-02 | grad=8.00e-01 | 1.1s
[   350] loss=-2.2390 | res=2.52e-02 | grad=3.96e-01 | 1.1s
[   351] loss=-2.1582 | res=2.01e-02 | grad=1.16e+00 | 1.1s
[   352] loss=-2.2488 | res=1.90e-02 | grad=7.37e-01 | 1.1s
[   353] loss=-2.4373 | res=1.81e-02 | grad=6.20e-01 | 1.1s
[   354] loss=-2.3970 | res=1.68e-02 | grad=5.59e-01 | 1.1s
[   355] loss=-2.4194 | res=1.60e-02 | grad=6.10e-01 | 1.1s
[   356] loss=-2.2151 | res=1.78e-02 | grad=6.73e-01 | 1.1s
[   357] loss=-2.2509 | res=1.32e-02 | grad=6.48e-01 | 1.1s
[   358] loss=-2.4493 | res=2.29e-02 | grad=6.74e-01 | 1.1s
[   359] loss=-2.2641 | res=1.46e-02 | grad=6.23e-01 | 1.1s
[   360] loss=-2.3343 | res=2.35e-02 | grad=1.94e-01 | 1.1s
[   361] loss=-2.3034 | res=1.88e-02 | grad=4.38e-01 | 1.1s
[   362] loss=-2.1848 | res=1.83e-02 | grad=5.73e-01 | 1.1s
[   363] loss=-2.3076 | res=1.63e-02 | grad=7.15e-01 | 1.1s
[   364] loss=-2.3867 | res=1.38e-02 | grad=5.37e-01 | 1.1s
[   365] loss=-2.4458 | res=1.79e-02 | grad=3.96e-01 | 1.1s
[   366] loss=-2.3883 | res=1.60e-02 | grad=5.41e-01 | 1.1s
[   367] loss=-2.1845 | res=1.65e-02 | grad=4.78e-01 | 1.0s
[   368] loss=-2.4518 | res=1.31e-02 | grad=7.23e-01 | 1.1s
[   369] loss=-2.1961 | res=1.52e-02 | grad=6.44e-01 | 1.1s
[   370] loss=-2.4032 | res=1.49e-02 | grad=8.08e-01 | 1.1s
[   371] loss=-2.4226 | res=1.61e-02 | grad=1.74e-01 | 1.1s
[   372] loss=-2.3052 | res=1.81e-02 | grad=1.80e-01 | 1.1s
[   373] loss=-2.1202 | res=1.65e-02 | grad=5.75e-01 | 1.1s
[   374] loss=-2.3370 | res=1.59e-02 | grad=1.86e-01 | 1.1s
[   375] loss=-2.3681 | res=1.43e-02 | grad=5.37e-01 | 1.1s
[   376] loss=-2.4713 | res=1.52e-02 | grad=3.24e-01 | 1.1s
[   377] loss=-2.3838 | res=1.47e-02 | grad=3.03e-01 | 1.1s
[   378] loss=-2.2924 | res=1.19e-02 | grad=3.90e-01 | 1.1s
[   379] loss=-2.2745 | res=2.05e-02 | grad=3.08e-01 | 1.1s
[   380] loss=-2.4788 | res=1.65e-02 | grad=4.47e-01 | 1.0s
[   381] loss=-2.1125 | res=1.72e-02 | grad=5.72e-01 | 1.1s
[   382] loss=-2.1640 | res=2.02e-02 | grad=5.44e-01 | 1.1s
[   383] loss=-2.3534 | res=2.10e-02 | grad=3.09e-01 | 1.1s
[   384] loss=-2.2917 | res=1.59e-02 | grad=5.04e-01 | 1.0s
[   385] loss=-2.5175 | res=1.53e-02 | grad=3.92e-01 | 1.1s
[   386] loss=-1.8779 | res=2.04e-02 | grad=7.33e-01 | 1.1s
[   387] loss=-2.4212 | res=1.46e-02 | grad=4.40e-01 | 1.1s
[   388] loss=-2.3722 | res=1.94e-02 | grad=4.50e-01 | 1.0s
[   389] loss=-2.3368 | res=1.72e-02 | grad=4.40e-01 | 1.0s
[   390] loss=-2.3971 | res=1.88e-02 | grad=6.89e-01 | 1.1s
[   391] loss=-2.2234 | res=1.97e-02 | grad=1.57e-01 | 1.1s
[   392] loss=-2.6060 | res=1.64e-02 | grad=4.22e-01 | 1.1s
[   393] loss=-2.4058 | res=1.61e-02 | grad=2.27e-01 | 1.1s
[   394] loss=-2.0971 | res=2.08e-02 | grad=7.27e-01 | 1.1s
[   395] loss=-2.4045 | res=1.85e-02 | grad=1.13e-01 | 1.1s
[   396] loss=-2.4118 | res=1.63e-02 | grad=3.07e-01 | 1.1s
[   397] loss=-2.3622 | res=1.80e-02 | grad=4.41e-01 | 1.1s
[   398] loss=-2.3119 | res=1.92e-02 | grad=8.16e-01 | 1.1s
[   399] loss=-2.3486 | res=1.96e-02 | grad=3.61e-01 | 1.0s
[   400] loss=-2.4842 | res=1.21e-02 | grad=4.21e-01 | 1.0s
[   401] loss=-2.1757 | res=1.45e-02 | grad=6.70e-01 | 1.1s
[   402] loss=-2.0385 | res=1.55e-02 | grad=2.92e-01 | 1.0s
[   403] loss=-2.2289 | res=1.75e-02 | grad=9.28e-01 | 1.1s
[   404] loss=-2.1592 | res=1.94e-02 | grad=7.19e-01 | 1.1s
[   405] loss=-2.1423 | res=1.50e-02 | grad=2.25e-01 | 1.0s
[   406] loss=-2.2646 | res=1.66e-02 | grad=1.96e-01 | 1.1s
[   407] loss=-2.3199 | res=2.55e-02 | grad=4.81e-01 | 1.1s
[   408] loss=-2.1058 | res=1.64e-02 | grad=3.69e-01 | 1.1s
[   409] loss=-2.3888 | res=1.47e-02 | grad=6.51e-01 | 1.1s
[   410] loss=-2.1533 | res=1.72e-02 | grad=1.65e-01 | 1.1s
[   411] loss=-2.4165 | res=1.77e-02 | grad=3.94e-01 | 1.0s
[   412] loss=-2.4037 | res=1.79e-02 | grad=5.09e-01 | 1.0s
[   413] loss=-2.4401 | res=1.65e-02 | grad=5.37e-01 | 1.0s
[   414] loss=-2.2774 | res=1.81e-02 | grad=1.54e-01 | 1.1s
[   415] loss=-2.4015 | res=1.89e-02 | grad=3.67e-01 | 1.1s
[   416] loss=-2.1336 | res=1.80e-02 | grad=4.37e-01 | 1.1s
[   417] loss=-2.3253 | res=1.44e-02 | grad=5.13e-01 | 1.0s
[   418] loss=-2.4151 | res=1.80e-02 | grad=5.33e-01 | 1.1s
[   419] loss=-2.2995 | res=2.03e-02 | grad=4.79e-01 | 1.0s
[   420] loss=-2.2258 | res=1.69e-02 | grad=6.64e-01 | 1.1s
[   421] loss=-2.4090 | res=1.90e-02 | grad=2.10e-01 | 1.1s
[   422] loss=-2.3525 | res=1.53e-02 | grad=3.05e-01 | 1.1s
[   423] loss=-2.4227 | res=1.52e-02 | grad=2.23e-01 | 1.1s
[   424] loss=-2.3110 | res=1.65e-02 | grad=2.64e-01 | 1.1s
[   425] loss=-2.2741 | res=1.81e-02 | grad=2.52e-01 | 1.1s
[   426] loss=-2.3001 | res=1.87e-02 | grad=3.11e-01 | 1.1s
[   427] loss=-2.2165 | res=1.47e-02 | grad=5.26e-01 | 1.1s
[   428] loss=-2.4911 | res=1.68e-02 | grad=3.82e-01 | 1.1s
[   429] loss=-2.3085 | res=1.67e-02 | grad=2.84e-01 | 1.1s
[   430] loss=-2.2277 | res=1.56e-02 | grad=2.04e-01 | 1.1s
[   431] loss=-2.3130 | res=1.11e-02 | grad=4.53e-01 | 1.1s
[   432] loss=-2.4836 | res=1.32e-02 | grad=4.37e-01 | 1.1s
[   433] loss=-2.2967 | res=1.80e-02 | grad=5.32e-01 | 1.1s
[   434] loss=-2.3236 | res=1.95e-02 | grad=6.70e-01 | 1.1s
[   435] loss=-2.4229 | res=1.64e-02 | grad=1.11e+00 | 1.1s
[   436] loss=-2.1728 | res=1.33e-02 | grad=6.53e-01 | 1.1s
[   437] loss=-2.5053 | res=1.62e-02 | grad=2.57e-01 | 1.1s
[   438] loss=-2.1687 | res=2.16e-02 | grad=5.37e-01 | 1.1s
[   439] loss=-2.4411 | res=1.73e-02 | grad=3.85e-01 | 1.1s
[   440] loss=-2.4545 | res=1.44e-02 | grad=2.63e-01 | 1.0s
[   441] loss=-2.2901 | res=1.84e-02 | grad=5.13e-01 | 1.1s
[   442] loss=-2.4450 | res=1.65e-02 | grad=4.19e-01 | 1.1s
[   443] loss=-2.0856 | res=1.51e-02 | grad=6.19e-01 | 1.1s
[   444] loss=-2.2521 | res=2.11e-02 | grad=4.12e-01 | 1.1s
[   445] loss=-2.1764 | res=2.02e-02 | grad=5.63e-01 | 1.1s
[   446] loss=-2.2732 | res=1.72e-02 | grad=4.54e-01 | 1.1s
[   447] loss=-2.2569 | res=2.01e-02 | grad=7.19e-01 | 1.1s
[   448] loss=-2.2316 | res=1.66e-02 | grad=6.32e-01 | 1.0s
[   449] loss=-2.2713 | res=1.64e-02 | grad=8.45e-01 | 1.1s
[   450] loss=-2.4465 | res=1.70e-02 | grad=8.21e-01 | 1.1s
[   451] loss=-2.2351 | res=1.31e-02 | grad=1.93e-01 | 1.1s
[   452] loss=-2.2451 | res=1.33e-02 | grad=4.29e-01 | 1.1s
[   453] loss=-2.3436 | res=1.40e-02 | grad=5.19e-01 | 1.1s
[   454] loss=-2.4504 | res=1.45e-02 | grad=1.84e-01 | 1.0s
[   455] loss=-2.3350 | res=1.74e-02 | grad=2.82e-01 | 1.1s
[   456] loss=-2.1637 | res=1.57e-02 | grad=3.73e-01 | 1.1s
[   457] loss=-2.4269 | res=1.70e-02 | grad=4.26e-01 | 1.1s
[   458] loss=-2.4715 | res=1.54e-02 | grad=4.57e-01 | 1.1s
[   459] loss=-2.2687 | res=1.68e-02 | grad=7.55e-01 | 1.1s
[   460] loss=-2.3259 | res=1.34e-02 | grad=4.86e-01 | 1.1s
[   461] loss=-2.3475 | res=1.40e-02 | grad=3.01e-01 | 1.1s
[   462] loss=-2.3517 | res=1.44e-02 | grad=5.20e-01 | 1.1s
[   463] loss=-2.3835 | res=1.85e-02 | grad=4.08e-01 | 1.1s
[   464] loss=-2.2255 | res=1.57e-02 | grad=3.82e-01 | 1.1s
[   465] loss=-2.1500 | res=1.44e-02 | grad=6.10e-01 | 1.1s
[   466] loss=-2.4850 | res=1.47e-02 | grad=2.10e-01 | 1.0s
[   467] loss=-2.3851 | res=1.48e-02 | grad=2.90e-01 | 1.1s
[   468] loss=-2.2797 | res=1.76e-02 | grad=2.08e-01 | 1.1s
[   469] loss=-2.2025 | res=1.37e-02 | grad=3.04e-01 | 1.1s
[   470] loss=-2.3977 | res=1.58e-02 | grad=5.26e-01 | 1.1s
[   471] loss=-2.4705 | res=1.74e-02 | grad=6.24e-01 | 1.1s
[   472] loss=-2.3958 | res=1.44e-02 | grad=7.36e-01 | 1.0s
[   473] loss=-2.3263 | res=1.54e-02 | grad=4.77e-01 | 1.1s
[   474] loss=-2.0858 | res=1.83e-02 | grad=2.43e-01 | 1.1s
[   475] loss=-2.6186 | res=1.23e-02 | grad=4.47e-01 | 1.1s
[   476] loss=-2.3097 | res=1.83e-02 | grad=2.50e-01 | 1.1s
[   477] loss=-2.4412 | res=1.72e-02 | grad=4.56e-01 | 1.1s
[   478] loss=-2.3353 | res=1.26e-02 | grad=6.33e-01 | 1.1s
[   479] loss=-2.3329 | res=1.40e-02 | grad=3.96e-01 | 1.1s
[   480] loss=-2.3884 | res=2.05e-02 | grad=4.76e-01 | 1.1s
[   481] loss=-2.3323 | res=1.57e-02 | grad=4.27e-01 | 1.1s
[   482] loss=-2.3770 | res=1.26e-02 | grad=4.34e-01 | 1.1s
[   483] loss=-2.3512 | res=1.53e-02 | grad=4.51e-01 | 1.1s
[   484] loss=-2.2648 | res=1.75e-02 | grad=4.76e-01 | 1.1s
[   485] loss=-2.4330 | res=1.71e-02 | grad=2.92e-01 | 1.1s
[   486] loss=-2.5413 | res=1.23e-02 | grad=3.87e-01 | 1.1s
[   487] loss=-2.4298 | res=2.22e-02 | grad=3.29e-01 | 1.1s
[   488] loss=-2.4047 | res=1.92e-02 | grad=4.07e-01 | 1.1s
[   489] loss=-2.3700 | res=1.28e-02 | grad=2.02e-01 | 1.1s
[   490] loss=-2.2896 | res=1.68e-02 | grad=5.40e-01 | 1.1s
[   491] loss=-2.2607 | res=1.72e-02 | grad=8.67e-01 | 1.0s
[   492] loss=-2.1946 | res=1.16e-02 | grad=3.38e-01 | 1.1s
[   493] loss=-2.4466 | res=2.10e-02 | grad=4.40e-01 | 1.1s
[   494] loss=-2.4329 | res=1.80e-02 | grad=6.97e-01 | 1.1s
[   495] loss=-2.1070 | res=2.02e-02 | grad=9.02e-01 | 1.1s
[   496] loss=-2.2655 | res=2.10e-02 | grad=3.27e-01 | 1.1s
[   497] loss=-2.3973 | res=2.21e-02 | grad=1.60e-01 | 1.1s
[   498] loss=-2.3588 | res=1.74e-02 | grad=3.65e-01 | 1.1s
[   499] loss=-2.2732 | res=1.75e-02 | grad=4.04e-01 | 1.1s
[   500] loss=-2.4555 | res=1.58e-02 | grad=6.40e-01 | 1.0s
[   501] loss=-2.4966 | res=1.36e-02 | grad=5.90e-01 | 1.1s
[   502] loss=-2.4768 | res=2.32e-02 | grad=3.65e-01 | 1.1s
[   503] loss=-2.2813 | res=1.91e-02 | grad=2.59e-01 | 1.0s
[   504] loss=-2.2848 | res=1.50e-02 | grad=5.55e-01 | 1.1s
[   505] loss=-2.3011 | res=1.89e-02 | grad=4.83e-01 | 1.1s
[   506] loss=-2.3466 | res=1.91e-02 | grad=2.69e-01 | 1.0s
[   507] loss=-2.1999 | res=1.81e-02 | grad=7.10e-01 | 1.1s
[   508] loss=-2.3979 | res=1.10e-02 | grad=3.22e-01 | 1.0s
[   509] loss=-2.2151 | res=1.67e-02 | grad=5.32e-01 | 1.1s
[   510] loss=-2.1091 | res=1.70e-02 | grad=4.41e-01 | 1.1s
[   511] loss=-2.3840 | res=1.69e-02 | grad=4.50e-01 | 1.0s
[   512] loss=-2.3834 | res=2.14e-02 | grad=2.02e-01 | 1.1s
[   513] loss=-2.3140 | res=1.96e-02 | grad=2.82e-01 | 1.1s
[   514] loss=-2.4102 | res=1.46e-02 | grad=4.52e-01 | 1.1s
[   515] loss=-1.9267 | res=1.24e-02 | grad=6.99e-01 | 1.1s
[   516] loss=-2.3399 | res=1.64e-02 | grad=9.98e-01 | 1.1s
[   517] loss=-2.2191 | res=1.47e-02 | grad=4.52e-01 | 1.0s
[   518] loss=-2.2892 | res=1.93e-02 | grad=2.16e-01 | 1.1s
[   519] loss=-2.1703 | res=1.76e-02 | grad=3.59e-01 | 1.1s
[   520] loss=-2.1945 | res=1.67e-02 | grad=3.30e-01 | 1.1s
[   521] loss=-2.2960 | res=2.10e-02 | grad=6.68e-01 | 1.1s
[   522] loss=-2.2125 | res=1.65e-02 | grad=6.86e-01 | 1.1s
[   523] loss=-2.2704 | res=1.69e-02 | grad=1.02e+00 | 1.1s
[   524] loss=-2.3220 | res=1.79e-02 | grad=4.06e-01 | 1.1s
[   525] loss=-2.2662 | res=1.85e-02 | grad=5.88e-01 | 1.1s
[   526] loss=-2.0978 | res=1.67e-02 | grad=4.13e-01 | 1.1s
[   527] loss=-2.2324 | res=1.75e-02 | grad=5.27e-01 | 1.1s
[   528] loss=-2.4394 | res=1.55e-02 | grad=3.66e-01 | 1.1s
[   529] loss=-2.2757 | res=1.89e-02 | grad=5.65e-01 | 1.1s
[   530] loss=-2.4496 | res=1.26e-02 | grad=3.15e-01 | 1.0s
[   531] loss=-2.4839 | res=1.69e-02 | grad=4.17e-01 | 1.1s
[   532] loss=-2.3101 | res=1.48e-02 | grad=6.24e-01 | 1.1s
[   533] loss=-2.3317 | res=1.99e-02 | grad=5.54e-01 | 1.1s
[   534] loss=-2.2770 | res=1.16e-02 | grad=5.54e-01 | 1.1s
[   535] loss=-2.3894 | res=1.72e-02 | grad=4.46e-01 | 1.1s
[   536] loss=-2.0911 | res=1.50e-02 | grad=7.82e-01 | 1.1s
[   537] loss=-2.2613 | res=1.80e-02 | grad=5.96e-01 | 1.1s
[   538] loss=-2.5364 | res=1.34e-02 | grad=5.38e-01 | 1.1s
[   539] loss=-2.1938 | res=1.64e-02 | grad=5.85e-01 | 1.1s
[   540] loss=-2.2212 | res=1.61e-02 | grad=5.26e-01 | 1.1s
[   541] loss=-2.1248 | res=1.55e-02 | grad=3.94e-01 | 1.1s
[   542] loss=-2.3576 | res=1.80e-02 | grad=4.67e-01 | 1.0s
[   543] loss=-2.5174 | res=1.10e-02 | grad=6.34e-01 | 1.1s
[   544] loss=-2.4350 | res=9.19e-03 | grad=5.56e-01 | 1.1s
[   545] loss=-2.2949 | res=2.29e-02 | grad=5.17e-01 | 1.1s
[   546] loss=-2.3140 | res=1.66e-02 | grad=2.32e-01 | 1.1s
[   547] loss=-2.3336 | res=1.73e-02 | grad=3.07e-01 | 1.1s
[   548] loss=-2.3032 | res=1.58e-02 | grad=2.52e-01 | 1.1s
[   549] loss=-2.3016 | res=1.75e-02 | grad=5.70e-01 | 1.1s
[   550] loss=-2.4118 | res=1.53e-02 | grad=4.91e-01 | 1.1s
[   551] loss=-2.3171 | res=1.38e-02 | grad=4.47e-01 | 1.1s
[   552] loss=-2.2747 | res=1.83e-02 | grad=5.70e-01 | 1.1s
[   553] loss=-2.3300 | res=1.77e-02 | grad=4.87e-01 | 1.0s
[   554] loss=-2.2948 | res=1.81e-02 | grad=2.91e-01 | 1.0s
[   555] loss=-2.1137 | res=1.63e-02 | grad=6.67e-01 | 1.1s
[   556] loss=-2.4688 | res=1.56e-02 | grad=8.19e-01 | 1.0s
[   557] loss=-2.5008 | res=1.78e-02 | grad=2.50e-01 | 1.1s
[   558] loss=-2.0836 | res=1.67e-02 | grad=3.49e-01 | 1.1s
[   559] loss=-2.3568 | res=2.17e-02 | grad=2.13e-01 | 1.1s
[   560] loss=-2.3873 | res=1.43e-02 | grad=3.41e-01 | 1.1s
[   561] loss=-2.4394 | res=1.44e-02 | grad=6.88e-01 | 1.1s
[   562] loss=-2.5286 | res=1.69e-02 | grad=6.79e-01 | 1.1s
[   563] loss=-2.1188 | res=1.89e-02 | grad=2.30e-01 | 1.1s
[   564] loss=-2.3076 | res=1.66e-02 | grad=2.72e-01 | 1.1s
[   565] loss=-2.2912 | res=1.87e-02 | grad=1.62e-01 | 1.1s
[   566] loss=-2.2850 | res=1.62e-02 | grad=1.92e-01 | 1.1s
[   567] loss=-2.1827 | res=1.70e-02 | grad=7.19e-01 | 1.1s
[   568] loss=-2.1752 | res=1.90e-02 | grad=3.65e-01 | 1.0s
[   569] loss=-2.2495 | res=1.82e-02 | grad=5.50e-01 | 1.1s
[   570] loss=-2.4235 | res=1.50e-02 | grad=6.28e-01 | 1.1s
[   571] loss=-2.3730 | res=1.57e-02 | grad=4.40e-01 | 1.0s
[   572] loss=-2.2991 | res=1.44e-02 | grad=4.09e-01 | 1.1s
[   573] loss=-2.3075 | res=1.38e-02 | grad=1.39e-01 | 1.1s
[   574] loss=-2.1855 | res=1.36e-02 | grad=5.87e-01 | 1.0s
[   575] loss=-2.2509 | res=1.73e-02 | grad=5.68e-01 | 1.1s
[   576] loss=-2.1728 | res=1.68e-02 | grad=5.39e-01 | 1.1s
[   577] loss=-2.2991 | res=1.42e-02 | grad=4.90e-01 | 1.1s
[   578] loss=-2.1530 | res=1.49e-02 | grad=4.20e-01 | 1.1s
[   579] loss=-2.2579 | res=1.78e-02 | grad=4.57e-01 | 1.1s
[   580] loss=-2.3130 | res=1.20e-02 | grad=5.85e-01 | 1.1s
[   581] loss=-2.1725 | res=1.39e-02 | grad=1.28e-01 | 1.1s
[   582] loss=-2.4146 | res=2.42e-02 | grad=5.22e-01 | 1.0s
[   583] loss=-2.3264 | res=1.76e-02 | grad=5.82e-01 | 1.0s
[   584] loss=-2.2405 | res=2.05e-02 | grad=2.64e-01 | 1.1s
[   585] loss=-2.5234 | res=1.65e-02 | grad=4.98e-01 | 1.1s
[   586] loss=-2.2243 | res=1.14e-02 | grad=5.16e-01 | 1.1s
[   587] loss=-2.1992 | res=2.04e-02 | grad=4.93e-01 | 1.0s
[   588] loss=-2.2296 | res=1.53e-02 | grad=2.52e-01 | 1.1s
[   589] loss=-2.4397 | res=1.91e-02 | grad=4.53e-01 | 1.0s
[   590] loss=-2.3872 | res=1.71e-02 | grad=3.38e-01 | 1.0s
[   591] loss=-2.2081 | res=1.53e-02 | grad=3.59e-01 | 1.1s
[   592] loss=-2.5462 | res=1.76e-02 | grad=1.88e-01 | 1.1s
[   593] loss=-2.2076 | res=1.84e-02 | grad=1.97e-01 | 1.1s
[   594] loss=-2.2944 | res=1.92e-02 | grad=2.05e-01 | 1.0s
[   595] loss=-2.2230 | res=2.05e-02 | grad=5.93e-01 | 1.1s
[   596] loss=-2.3015 | res=1.62e-02 | grad=4.00e-01 | 1.1s
[   597] loss=-2.3547 | res=1.63e-02 | grad=4.96e-01 | 1.1s
[   598] loss=-2.0790 | res=1.56e-02 | grad=5.44e-01 | 1.0s
[   599] loss=-2.3382 | res=2.26e-02 | grad=6.24e-01 | 1.1s
[   600] loss=-2.1730 | res=1.56e-02 | grad=3.53e-01 | 1.1s
[   601] loss=-2.2951 | res=1.73e-02 | grad=5.05e-01 | 1.1s
[   602] loss=-2.1736 | res=1.90e-02 | grad=5.37e-01 | 1.1s
[   603] loss=-2.4154 | res=1.37e-02 | grad=4.81e-01 | 1.1s
[   604] loss=-2.3869 | res=1.77e-02 | grad=7.03e-02 | 1.1s
[   605] loss=-2.2220 | res=2.25e-02 | grad=1.25e-01 | 1.0s
[   606] loss=-2.1718 | res=1.97e-02 | grad=3.02e-01 | 1.1s
[   607] loss=-2.4047 | res=1.56e-02 | grad=6.07e-01 | 1.1s
[   608] loss=-2.1601 | res=1.58e-02 | grad=6.89e-01 | 1.1s
[   609] loss=-2.3770 | res=1.98e-02 | grad=4.10e-01 | 1.1s
[   610] loss=-2.0856 | res=1.43e-02 | grad=3.91e-01 | 1.1s
[   611] loss=-2.3461 | res=2.16e-02 | grad=1.86e-01 | 1.1s
[   612] loss=-2.3654 | res=1.63e-02 | grad=4.05e-01 | 1.0s
[   613] loss=-2.2701 | res=1.83e-02 | grad=1.23e-01 | 1.1s
[   614] loss=-2.5401 | res=1.71e-02 | grad=5.09e-01 | 1.1s
[   615] loss=-2.4023 | res=1.43e-02 | grad=4.86e-01 | 1.1s
[   616] loss=-2.2833 | res=1.32e-02 | grad=4.35e-01 | 1.1s
[   617] loss=-2.5076 | res=1.51e-02 | grad=6.07e-01 | 1.1s
[   618] loss=-2.2549 | res=1.90e-02 | grad=4.85e-01 | 1.0s
[   619] loss=-2.3226 | res=1.98e-02 | grad=5.38e-01 | 1.0s
[   620] loss=-2.4669 | res=1.59e-02 | grad=6.67e-01 | 1.1s
[   621] loss=-2.2956 | res=1.60e-02 | grad=4.47e-01 | 1.1s
[   622] loss=-2.3368 | res=1.59e-02 | grad=4.14e-01 | 1.1s
[   623] loss=-2.2441 | res=1.19e-02 | grad=5.16e-01 | 1.1s
[   624] loss=-2.2947 | res=2.04e-02 | grad=2.92e-01 | 1.1s
[   625] loss=-2.2340 | res=1.41e-02 | grad=4.65e-01 | 1.1s
[   626] loss=-2.2961 | res=1.41e-02 | grad=3.49e-01 | 1.1s
[   627] loss=-2.4293 | res=2.01e-02 | grad=5.07e-01 | 1.1s
[   628] loss=-2.2082 | res=1.31e-02 | grad=2.81e-01 | 1.1s
[   629] loss=-2.1309 | res=1.42e-02 | grad=2.51e-01 | 1.1s
[   630] loss=-2.2663 | res=1.70e-02 | grad=3.39e-01 | 1.1s
[   631] loss=-2.1520 | res=1.55e-02 | grad=4.15e-01 | 1.0s
[   632] loss=-2.3244 | res=1.83e-02 | grad=2.63e-01 | 1.1s
[   633] loss=-2.4094 | res=1.99e-02 | grad=2.28e-01 | 1.1s
[   634] loss=-2.3749 | res=1.79e-02 | grad=5.24e-01 | 1.1s
[   635] loss=-2.4598 | res=1.46e-02 | grad=5.56e-01 | 1.1s
[   636] loss=-1.9867 | res=2.10e-02 | grad=4.08e-01 | 1.1s
[   637] loss=-2.1840 | res=1.79e-02 | grad=5.69e-01 | 1.1s
[   638] loss=-2.3920 | res=1.45e-02 | grad=5.03e-01 | 1.1s
[   639] loss=-2.4026 | res=1.75e-02 | grad=2.57e-01 | 1.0s
[   640] loss=-2.4294 | res=1.63e-02 | grad=4.84e-01 | 1.1s
[   641] loss=-2.2633 | res=1.68e-02 | grad=1.81e-01 | 1.1s
[   642] loss=-2.3017 | res=1.91e-02 | grad=4.30e-01 | 1.0s
[   643] loss=-2.4655 | res=1.74e-02 | grad=4.26e-01 | 1.1s
[   644] loss=-2.2046 | res=1.63e-02 | grad=2.55e-01 | 1.1s
[   645] loss=-2.3411 | res=1.86e-02 | grad=1.76e-01 | 1.1s
[   646] loss=-2.3745 | res=1.53e-02 | grad=3.55e-01 | 1.1s
[   647] loss=-2.6175 | res=1.63e-02 | grad=8.02e-01 | 1.1s
[   648] loss=-2.0555 | res=1.69e-02 | grad=7.89e-01 | 1.1s
[   649] loss=-2.3635 | res=1.55e-02 | grad=3.51e-01 | 1.1s
[   650] loss=-2.3267 | res=1.76e-02 | grad=5.82e-01 | 1.1s
[   651] loss=-2.1517 | res=1.31e-02 | grad=4.55e-01 | 1.1s
[   652] loss=-2.3526 | res=2.23e-02 | grad=4.61e-01 | 1.1s
[   653] loss=-2.3850 | res=2.28e-02 | grad=1.36e-01 | 1.1s
[   654] loss=-2.2886 | res=1.50e-02 | grad=2.16e-01 | 1.0s
[   655] loss=-2.3813 | res=1.81e-02 | grad=2.40e-01 | 1.1s
[   656] loss=-2.3311 | res=1.96e-02 | grad=3.11e-01 | 1.1s
[   657] loss=-2.3384 | res=1.90e-02 | grad=2.88e-01 | 1.1s
[   658] loss=-2.3698 | res=2.10e-02 | grad=3.68e-01 | 1.1s
[   659] loss=-2.1189 | res=2.38e-02 | grad=3.15e-01 | 1.1s
[   660] loss=-2.2142 | res=1.94e-02 | grad=2.77e-01 | 1.1s
[   661] loss=-2.1571 | res=1.65e-02 | grad=2.06e-01 | 1.1s
[   662] loss=-2.3294 | res=1.76e-02 | grad=5.17e-01 | 1.1s
[   663] loss=-2.5430 | res=2.05e-02 | grad=5.36e-01 | 1.1s
[   664] loss=-1.8765 | res=1.68e-02 | grad=8.01e-01 | 1.0s
[   665] loss=-2.3998 | res=1.63e-02 | grad=2.71e-01 | 1.0s
[   666] loss=-2.2967 | res=2.09e-02 | grad=2.94e-01 | 1.1s
[   667] loss=-2.2654 | res=1.67e-02 | grad=2.01e-01 | 1.1s
[   668] loss=-2.2238 | res=1.99e-02 | grad=2.04e-01 | 1.1s
[   669] loss=-2.3265 | res=1.91e-02 | grad=3.48e-01 | 1.0s
[   670] loss=-2.2757 | res=1.50e-02 | grad=5.34e-01 | 1.0s
[   671] loss=-2.2697 | res=1.17e-02 | grad=3.56e-01 | 1.1s
[   672] loss=-2.2967 | res=1.57e-02 | grad=1.34e-01 | 1.1s
[   673] loss=-2.1752 | res=1.67e-02 | grad=3.22e-01 | 1.1s
[   674] loss=-2.4800 | res=1.39e-02 | grad=7.00e-01 | 1.0s
[   675] loss=-2.6176 | res=1.48e-02 | grad=5.21e-01 | 1.1s
[   676] loss=-2.4111 | res=2.15e-02 | grad=2.76e-01 | 1.1s
[   677] loss=-2.1552 | res=1.28e-02 | grad=5.96e-01 | 1.1s
[   678] loss=-2.3621 | res=1.87e-02 | grad=4.52e-01 | 1.1s
[   679] loss=-2.2350 | res=1.48e-02 | grad=5.39e-01 | 1.1s
[   680] loss=-2.2717 | res=1.35e-02 | grad=3.53e-01 | 1.1s
[   681] loss=-2.3072 | res=1.96e-02 | grad=6.03e-01 | 1.1s
[   682] loss=-2.3411 | res=1.76e-02 | grad=2.99e-01 | 1.1s
[   683] loss=-2.3090 | res=1.81e-02 | grad=1.87e-01 | 1.1s
[   684] loss=-2.3862 | res=1.53e-02 | grad=2.99e-01 | 1.1s
[   685] loss=-2.2013 | res=1.51e-02 | grad=2.88e-01 | 1.1s
[   686] loss=-2.5184 | res=1.46e-02 | grad=5.24e-01 | 1.1s
[   687] loss=-2.2960 | res=1.40e-02 | grad=5.61e-01 | 1.1s
[   688] loss=-2.1189 | res=1.85e-02 | grad=2.67e-01 | 1.1s
[   689] loss=-2.3793 | res=2.25e-02 | grad=3.45e-01 | 1.1s
[   690] loss=-2.1979 | res=1.56e-02 | grad=1.27e-01 | 1.1s
[   691] loss=-2.3621 | res=1.81e-02 | grad=3.82e-01 | 1.1s
[   692] loss=-2.3006 | res=1.36e-02 | grad=2.10e-01 | 1.1s
[   693] loss=-2.2242 | res=1.26e-02 | grad=2.23e-01 | 1.1s
[   694] loss=-2.4393 | res=1.20e-02 | grad=5.60e-01 | 1.1s
[   695] loss=-2.3843 | res=2.02e-02 | grad=4.25e-01 | 1.1s
[   696] loss=-2.1811 | res=1.40e-02 | grad=5.14e-01 | 1.1s
[   697] loss=-2.2650 | res=1.18e-02 | grad=3.47e-01 | 1.1s
[   698] loss=-2.3075 | res=1.42e-02 | grad=3.97e-01 | 1.1s
[   699] loss=-2.2222 | res=1.84e-02 | grad=4.75e-01 | 1.1s
[   700] loss=-2.4154 | res=1.78e-02 | grad=3.61e-01 | 1.1s
[   701] loss=-2.4353 | res=1.58e-02 | grad=1.75e-01 | 1.1s
[   702] loss=-2.2509 | res=1.31e-02 | grad=2.75e-01 | 1.1s
[   703] loss=-2.3770 | res=1.72e-02 | grad=3.61e-01 | 1.0s
[   704] loss=-2.2628 | res=1.48e-02 | grad=4.96e-01 | 1.1s
[   705] loss=-2.2386 | res=1.35e-02 | grad=5.86e-01 | 1.0s
[   706] loss=-2.3389 | res=1.56e-02 | grad=2.09e-01 | 1.0s
[   707] loss=-2.2945 | res=2.12e-02 | grad=2.91e-01 | 1.1s
[   708] loss=-2.0619 | res=1.45e-02 | grad=4.05e-01 | 1.1s
[   709] loss=-2.4423 | res=1.47e-02 | grad=2.77e-01 | 1.1s
[   710] loss=-2.2490 | res=1.59e-02 | grad=4.00e-01 | 1.1s
[   711] loss=-2.6418 | res=1.54e-02 | grad=4.45e-01 | 1.1s
[   712] loss=-2.3983 | res=1.30e-02 | grad=1.74e-01 | 1.0s
[   713] loss=-2.1380 | res=1.81e-02 | grad=3.26e-01 | 1.1s
[   714] loss=-2.1857 | res=1.95e-02 | grad=1.81e-01 | 1.1s
[   715] loss=-2.0580 | res=1.85e-02 | grad=4.81e-01 | 1.1s
[   716] loss=-2.4079 | res=1.58e-02 | grad=3.55e-01 | 1.1s
[   717] loss=-2.3418 | res=1.76e-02 | grad=3.51e-01 | 1.1s
[   718] loss=-2.2850 | res=1.70e-02 | grad=5.33e-01 | 1.0s
[   719] loss=-2.4166 | res=1.34e-02 | grad=4.38e-01 | 1.0s
[   720] loss=-2.3316 | res=1.41e-02 | grad=6.29e-01 | 1.0s
[   721] loss=-2.3309 | res=1.58e-02 | grad=3.74e-01 | 1.0s
[   722] loss=-2.2480 | res=1.71e-02 | grad=4.05e-01 | 1.1s
[   723] loss=-2.1904 | res=1.00e-02 | grad=3.10e-01 | 1.1s
[   724] loss=-2.2121 | res=1.69e-02 | grad=2.27e-01 | 1.0s
[   725] loss=-2.2875 | res=1.79e-02 | grad=2.16e-01 | 1.1s
[   726] loss=-2.1234 | res=1.57e-02 | grad=7.22e-01 | 1.0s
[   727] loss=-2.4116 | res=1.38e-02 | grad=5.68e-01 | 1.1s
[   728] loss=-2.2239 | res=1.51e-02 | grad=6.35e-01 | 1.1s
[   729] loss=-2.2781 | res=1.90e-02 | grad=2.57e-01 | 1.1s
[   730] loss=-2.3940 | res=1.91e-02 | grad=2.50e-01 | 1.1s
[   731] loss=-2.3251 | res=1.94e-02 | grad=2.69e-01 | 1.1s
[   732] loss=-2.4147 | res=2.02e-02 | grad=4.36e-01 | 1.1s
[   733] loss=-2.3425 | res=1.76e-02 | grad=5.76e-01 | 1.1s
[   734] loss=-2.4608 | res=1.52e-02 | grad=6.98e-01 | 1.0s
[   735] loss=-2.2176 | res=1.50e-02 | grad=5.08e-01 | 1.0s
[   736] loss=-2.3470 | res=1.24e-02 | grad=4.03e-01 | 1.1s
[   737] loss=-2.3238 | res=1.90e-02 | grad=4.42e-01 | 1.1s
[   738] loss=-2.1952 | res=1.54e-02 | grad=2.32e-01 | 1.1s
[   739] loss=-2.3015 | res=1.41e-02 | grad=6.61e-01 | 1.1s
[   740] loss=-2.4205 | res=1.29e-02 | grad=5.51e-01 | 1.1s
[   741] loss=-2.2744 | res=1.21e-02 | grad=6.12e-01 | 1.1s
[   742] loss=-2.2722 | res=1.82e-02 | grad=2.83e-01 | 1.1s
[   743] loss=-2.4254 | res=1.87e-02 | grad=3.13e-01 | 1.1s
[   744] loss=-2.3764 | res=1.97e-02 | grad=5.31e-01 | 1.1s
[   745] loss=-2.2026 | res=1.49e-02 | grad=5.52e-01 | 1.1s
[   746] loss=-2.0977 | res=1.19e-02 | grad=4.86e-01 | 1.0s
[   747] loss=-2.4582 | res=1.76e-02 | grad=2.17e-01 | 1.1s
[   748] loss=-2.2234 | res=1.47e-02 | grad=2.40e-01 | 1.1s
[   749] loss=-2.1161 | res=1.70e-02 | grad=4.88e-01 | 1.1s
[   750] loss=-2.3687 | res=1.77e-02 | grad=4.29e-01 | 1.1s
[   751] loss=-2.2120 | res=1.62e-02 | grad=5.30e-01 | 1.0s
[   752] loss=-2.1718 | res=1.47e-02 | grad=2.51e-01 | 1.1s
[   753] loss=-2.4176 | res=1.27e-02 | grad=4.38e-01 | 1.1s
[   754] loss=-2.1947 | res=1.84e-02 | grad=2.47e-01 | 1.1s
[   755] loss=-2.1900 | res=1.31e-02 | grad=1.79e-01 | 1.1s
[   756] loss=-2.2440 | res=1.62e-02 | grad=4.96e-01 | 1.1s
[   757] loss=-2.2701 | res=1.85e-02 | grad=3.34e-01 | 1.0s
[   758] loss=-2.2438 | res=1.42e-02 | grad=2.59e-01 | 1.1s
[   759] loss=-2.1524 | res=1.43e-02 | grad=3.81e-01 | 1.0s
[   760] loss=-2.3375 | res=1.36e-02 | grad=2.56e-01 | 1.0s
[   761] loss=-2.3372 | res=1.45e-02 | grad=2.02e-01 | 1.1s
[   762] loss=-2.2895 | res=1.37e-02 | grad=2.52e-01 | 1.0s
[   763] loss=-2.3419 | res=1.76e-02 | grad=2.89e-01 | 1.1s
[   764] loss=-2.2500 | res=1.60e-02 | grad=2.88e-01 | 1.1s
[   765] loss=-2.2677 | res=1.28e-02 | grad=2.19e-01 | 1.1s
[   766] loss=-2.2587 | res=1.08e-02 | grad=2.72e-01 | 1.1s
[   767] loss=-2.2846 | res=1.63e-02 | grad=1.75e-01 | 1.1s
[   768] loss=-2.2019 | res=1.52e-02 | grad=4.39e-01 | 1.1s
[   769] loss=-2.3662 | res=1.45e-02 | grad=3.16e-01 | 1.1s
[   770] loss=-2.3534 | res=1.73e-02 | grad=3.82e-01 | 1.0s
[   771] loss=-2.1698 | res=1.41e-02 | grad=4.67e-01 | 1.1s
[   772] loss=-2.2955 | res=1.41e-02 | grad=5.21e-01 | 1.0s
[   773] loss=-2.3937 | res=1.65e-02 | grad=3.81e-01 | 1.1s
[   774] loss=-2.3902 | res=1.34e-02 | grad=3.89e-01 | 1.1s
[   775] loss=-2.3339 | res=1.39e-02 | grad=4.12e-01 | 1.1s
[   776] loss=-2.2079 | res=1.41e-02 | grad=3.15e-01 | 1.1s
[   777] loss=-2.3628 | res=1.58e-02 | grad=3.36e-01 | 1.1s
[   778] loss=-2.3295 | res=1.31e-02 | grad=7.06e-01 | 1.1s
[   779] loss=-2.4596 | res=1.57e-02 | grad=3.43e-01 | 1.1s
[   780] loss=-2.3401 | res=1.42e-02 | grad=5.67e-01 | 1.1s
[   781] loss=-2.1070 | res=1.23e-02 | grad=8.06e-01 | 1.1s
[   782] loss=-2.2284 | res=1.62e-02 | grad=1.96e-01 | 1.1s
[   783] loss=-2.1496 | res=1.39e-02 | grad=2.52e-01 | 1.1s
[   784] loss=-2.4732 | res=1.18e-02 | grad=6.62e-01 | 1.0s
[   785] loss=-2.5967 | res=1.52e-02 | grad=1.13e+00 | 1.1s
[   786] loss=-2.2727 | res=1.25e-02 | grad=6.28e-01 | 1.1s
[   787] loss=-2.1500 | res=1.53e-02 | grad=2.90e-01 | 1.1s
[   788] loss=-2.1695 | res=1.35e-02 | grad=2.42e-01 | 1.1s
[   789] loss=-2.4019 | res=1.59e-02 | grad=2.86e-01 | 1.1s
[   790] loss=-2.4412 | res=1.49e-02 | grad=3.28e-01 | 1.0s
[   791] loss=-2.5393 | res=2.25e-02 | grad=4.44e-01 | 1.1s
[   792] loss=-2.4593 | res=1.36e-02 | grad=3.87e-01 | 1.1s
[   793] loss=-2.3652 | res=1.67e-02 | grad=2.37e-01 | 1.1s
[   794] loss=-2.2465 | res=1.39e-02 | grad=5.91e-01 | 1.1s
[   795] loss=-2.2305 | res=1.20e-02 | grad=5.68e-01 | 1.0s
[   796] loss=-2.3032 | res=1.44e-02 | grad=4.37e-01 | 1.1s
[   797] loss=-2.2176 | res=1.44e-02 | grad=5.17e-01 | 1.1s
[   798] loss=-2.0817 | res=1.22e-02 | grad=6.33e-01 | 1.0s
[   799] loss=-2.1751 | res=1.24e-02 | grad=2.21e-01 | 1.1s
[   800] loss=-2.2494 | res=1.25e-02 | grad=3.19e-01 | 1.1s
[   801] loss=-2.2123 | res=1.80e-02 | grad=3.92e-01 | 1.1s
[   802] loss=-2.3594 | res=1.36e-02 | grad=7.03e-01 | 1.1s
[   803] loss=-2.2246 | res=1.33e-02 | grad=3.53e-01 | 1.1s
[   804] loss=-2.4453 | res=1.81e-02 | grad=7.84e-01 | 1.1s
[   805] loss=-2.4186 | res=1.53e-02 | grad=5.33e-01 | 1.1s
[   806] loss=-2.3687 | res=1.77e-02 | grad=2.73e-01 | 1.0s
[   807] loss=-2.1562 | res=1.64e-02 | grad=3.95e-01 | 1.1s
[   808] loss=-2.2267 | res=1.61e-02 | grad=2.80e-01 | 1.1s
[   809] loss=-2.1917 | res=1.47e-02 | grad=4.68e-01 | 1.1s
[   810] loss=-2.2613 | res=1.48e-02 | grad=2.86e-01 | 1.1s
[   811] loss=-2.1463 | res=1.93e-02 | grad=4.71e-01 | 1.1s
[   812] loss=-2.1199 | res=1.48e-02 | grad=6.59e-01 | 1.0s
[   813] loss=-2.2171 | res=1.73e-02 | grad=2.17e-01 | 1.0s
[   814] loss=-2.1210 | res=1.86e-02 | grad=4.09e-01 | 1.1s
[   815] loss=-2.2681 | res=2.42e-02 | grad=1.98e-01 | 1.0s
[   816] loss=-2.4001 | res=1.35e-02 | grad=6.65e-01 | 1.1s
[   817] loss=-2.2524 | res=9.58e-03 | grad=3.33e-01 | 1.0s
[   818] loss=-2.3519 | res=1.56e-02 | grad=6.01e-01 | 1.1s
[   819] loss=-2.4144 | res=1.07e-02 | grad=6.85e-01 | 1.1s
[   820] loss=-2.2466 | res=1.28e-02 | grad=4.96e-01 | 1.1s
[   821] loss=-2.2059 | res=1.68e-02 | grad=3.75e-01 | 1.1s
[   822] loss=-2.2174 | res=1.43e-02 | grad=2.33e-01 | 1.1s
[   823] loss=-2.2530 | res=1.16e-02 | grad=2.20e-01 | 1.1s
[   824] loss=-2.1994 | res=1.53e-02 | grad=1.17e-01 | 1.1s
[   825] loss=-2.3411 | res=1.45e-02 | grad=4.98e-01 | 1.1s
[   826] loss=-2.2174 | res=1.31e-02 | grad=2.96e-01 | 1.0s
[   827] loss=-2.2931 | res=1.24e-02 | grad=5.50e-01 | 1.0s
[   828] loss=-2.1552 | res=1.55e-02 | grad=3.19e-01 | 1.1s
[   829] loss=-2.7046 | res=1.10e-02 | grad=7.38e-01 | 1.1s
[   830] loss=-2.2951 | res=1.23e-02 | grad=2.25e-01 | 1.1s
[   831] loss=-2.3585 | res=1.30e-02 | grad=3.01e-01 | 1.0s
[   832] loss=-2.4162 | res=1.33e-02 | grad=2.83e-01 | 1.0s
[   833] loss=-2.3388 | res=2.01e-02 | grad=2.04e-01 | 1.1s
[   834] loss=-2.2003 | res=1.42e-02 | grad=4.95e-01 | 1.1s
[   835] loss=-2.2483 | res=1.64e-02 | grad=3.73e-01 | 1.1s
[   836] loss=-2.2923 | res=1.36e-02 | grad=4.02e-01 | 1.1s
[   837] loss=-2.2104 | res=1.77e-02 | grad=3.81e-01 | 1.1s
[   838] loss=-2.3764 | res=1.43e-02 | grad=4.30e-01 | 1.1s
[   839] loss=-2.4882 | res=1.50e-02 | grad=3.64e-01 | 1.1s
[   840] loss=-2.3731 | res=1.34e-02 | grad=3.66e-01 | 1.1s
[   841] loss=-2.2297 | res=1.19e-02 | grad=2.00e-01 | 1.1s
[   842] loss=-2.1890 | res=1.49e-02 | grad=5.81e-01 | 1.1s
[   843] loss=-2.4025 | res=1.35e-02 | grad=4.90e-01 | 1.0s
[   844] loss=-2.2759 | res=1.46e-02 | grad=3.13e-01 | 1.1s
[   845] loss=-2.2455 | res=1.30e-02 | grad=6.10e-01 | 1.1s
[   846] loss=-2.3620 | res=1.27e-02 | grad=4.48e-01 | 1.0s
[   847] loss=-2.3042 | res=1.13e-02 | grad=2.66e-01 | 1.0s
[   848] loss=-2.3170 | res=1.72e-02 | grad=4.22e-01 | 1.1s
[   849] loss=-2.5464 | res=1.41e-02 | grad=3.61e-01 | 1.0s
[   850] loss=-2.3464 | res=1.41e-02 | grad=4.54e-01 | 1.0s
[   851] loss=-2.3421 | res=9.52e-03 | grad=3.70e-01 | 1.1s
[   852] loss=-2.3400 | res=1.45e-02 | grad=9.72e-02 | 1.1s
[   853] loss=-2.1935 | res=1.30e-02 | grad=4.57e-01 | 1.0s
[   854] loss=-2.2446 | res=1.26e-02 | grad=5.01e-01 | 1.1s
[   855] loss=-2.3902 | res=1.76e-02 | grad=1.61e-01 | 1.1s
[   856] loss=-2.2171 | res=1.85e-02 | grad=3.17e-01 | 1.1s
[   857] loss=-2.4916 | res=1.83e-02 | grad=3.55e-01 | 1.1s
[   858] loss=-2.3269 | res=1.86e-02 | grad=4.50e-01 | 1.1s
[   859] loss=-2.3139 | res=1.47e-02 | grad=4.04e-01 | 1.0s
[   860] loss=-2.2490 | res=1.35e-02 | grad=4.78e-01 | 1.0s
[   861] loss=-2.2020 | res=1.72e-02 | grad=1.51e-01 | 1.1s
[   862] loss=-2.3512 | res=1.38e-02 | grad=4.59e-01 | 1.0s
[   863] loss=-2.2793 | res=1.97e-02 | grad=4.14e-01 | 1.0s
[   864] loss=-2.4497 | res=1.49e-02 | grad=5.47e-01 | 1.0s
[   865] loss=-2.2968 | res=1.21e-02 | grad=2.60e-01 | 1.1s
[   866] loss=-2.4726 | res=1.42e-02 | grad=8.22e-01 | 1.1s
[   867] loss=-2.0967 | res=1.48e-02 | grad=4.09e-01 | 1.1s
[   868] loss=-2.1602 | res=1.78e-02 | grad=2.86e-01 | 1.1s
[   869] loss=-2.4368 | res=1.70e-02 | grad=4.41e-01 | 1.1s
[   870] loss=-2.2460 | res=1.54e-02 | grad=2.84e-01 | 1.1s
[   871] loss=-2.2207 | res=1.27e-02 | grad=2.11e-01 | 1.1s
[   872] loss=-2.3186 | res=1.44e-02 | grad=2.70e-01 | 1.1s
[   873] loss=-2.3456 | res=1.81e-02 | grad=1.11e-01 | 1.1s
[   874] loss=-2.5092 | res=1.67e-02 | grad=2.78e-01 | 1.0s
[   875] loss=-2.2200 | res=1.82e-02 | grad=3.84e-01 | 1.1s
[   876] loss=-2.4912 | res=1.77e-02 | grad=2.30e-01 | 1.1s
[   877] loss=-2.4967 | res=1.48e-02 | grad=2.54e-01 | 1.1s
[   878] loss=-2.1901 | res=1.47e-02 | grad=2.99e-01 | 1.0s
[   879] loss=-2.4099 | res=1.76e-02 | grad=3.99e-01 | 1.1s
[   880] loss=-2.4563 | res=1.46e-02 | grad=2.86e-01 | 1.1s
[   881] loss=-2.7219 | res=1.49e-02 | grad=7.39e-01 | 1.1s
[   882] loss=-2.1563 | res=1.69e-02 | grad=7.50e-01 | 1.1s
[   883] loss=-2.4455 | res=1.63e-02 | grad=3.76e-01 | 1.1s
[   884] loss=-2.2092 | res=2.11e-02 | grad=4.40e-01 | 1.1s
[   885] loss=-2.2708 | res=1.41e-02 | grad=3.60e-01 | 1.0s
[   886] loss=-2.3535 | res=1.53e-02 | grad=3.69e-01 | 1.1s
[   887] loss=-2.3489 | res=1.68e-02 | grad=1.96e-01 | 1.0s
[   888] loss=-2.2349 | res=1.71e-02 | grad=1.11e-01 | 1.0s
[   889] loss=-2.5306 | res=1.30e-02 | grad=5.55e-01 | 1.1s
[   890] loss=-2.4467 | res=1.67e-02 | grad=2.45e-01 | 1.0s
[   891] loss=-2.3164 | res=1.51e-02 | grad=1.06e-01 | 1.1s
[   892] loss=-2.3276 | res=1.41e-02 | grad=1.65e-01 | 1.0s
[   893] loss=-2.4077 | res=2.33e-02 | grad=1.99e-01 | 1.1s
[   894] loss=-2.2280 | res=1.49e-02 | grad=1.70e-01 | 1.1s
[   895] loss=-2.3791 | res=1.70e-02 | grad=3.88e-01 | 1.1s
[   896] loss=-2.1948 | res=2.05e-02 | grad=3.63e-01 | 1.0s
[   897] loss=-2.1964 | res=2.17e-02 | grad=1.13e-01 | 1.1s
[   898] loss=-2.3396 | res=2.19e-02 | grad=4.06e-01 | 1.0s
[   899] loss=-2.2571 | res=1.92e-02 | grad=4.55e-01 | 1.1s
[   900] loss=-2.4177 | res=1.74e-02 | grad=2.19e-01 | 1.0s
[   901] loss=-2.2870 | res=1.48e-02 | grad=1.28e-01 | 1.1s
[   902] loss=-2.3675 | res=2.07e-02 | grad=5.26e-01 | 1.1s
[   903] loss=-2.5469 | res=1.73e-02 | grad=3.36e-01 | 1.1s
[   904] loss=-2.4959 | res=2.18e-02 | grad=2.15e-01 | 1.1s
[   905] loss=-2.2462 | res=1.72e-02 | grad=5.02e-01 | 1.1s
[   906] loss=-2.2508 | res=2.05e-02 | grad=3.22e-01 | 1.1s
[   907] loss=-2.1634 | res=1.66e-02 | grad=3.58e-01 | 1.1s
[   908] loss=-2.2774 | res=1.81e-02 | grad=2.64e-01 | 1.1s
[   909] loss=-2.1236 | res=1.88e-02 | grad=2.17e-01 | 1.1s
[   910] loss=-2.2651 | res=1.62e-02 | grad=1.21e-01 | 1.1s
[   911] loss=-2.4307 | res=1.88e-02 | grad=4.51e-01 | 1.1s
[   912] loss=-2.2311 | res=1.77e-02 | grad=3.48e-01 | 1.1s
[   913] loss=-2.2851 | res=1.96e-02 | grad=5.62e-01 | 1.1s
[   914] loss=-2.3338 | res=1.44e-02 | grad=2.20e-01 | 1.1s
[   915] loss=-2.2382 | res=1.48e-02 | grad=2.24e-01 | 1.1s
[   916] loss=-2.4014 | res=1.97e-02 | grad=1.10e-01 | 1.1s
[   917] loss=-2.1144 | res=1.90e-02 | grad=2.68e-01 | 1.1s
[   918] loss=-2.3685 | res=1.36e-02 | grad=2.07e-01 | 1.1s
[   919] loss=-2.4565 | res=2.22e-02 | grad=2.46e-01 | 1.1s
[   920] loss=-2.4864 | res=1.77e-02 | grad=2.75e-01 | 1.1s
[   921] loss=-2.2935 | res=1.79e-02 | grad=3.61e-01 | 1.1s
[   922] loss=-2.3142 | res=1.59e-02 | grad=1.99e-01 | 1.1s
[   923] loss=-2.3023 | res=1.75e-02 | grad=4.97e-01 | 1.1s
[   924] loss=-2.4074 | res=1.41e-02 | grad=1.65e-01 | 1.1s
[   925] loss=-2.4809 | res=1.62e-02 | grad=3.61e-01 | 1.0s
[   926] loss=-2.3196 | res=1.58e-02 | grad=2.69e-01 | 1.1s
[   927] loss=-2.5575 | res=2.19e-02 | grad=3.36e-01 | 1.1s
[   928] loss=-2.1841 | res=1.34e-02 | grad=3.73e-01 | 1.1s
[   929] loss=-2.4383 | res=1.10e-02 | grad=4.88e-01 | 1.1s
[   930] loss=-2.4337 | res=1.47e-02 | grad=2.86e-01 | 1.1s
[   931] loss=-2.2494 | res=1.60e-02 | grad=3.26e-01 | 1.1s
[   932] loss=-2.3094 | res=2.02e-02 | grad=2.22e-01 | 1.1s
[   933] loss=-2.4837 | res=1.88e-02 | grad=3.30e-01 | 1.1s
[   934] loss=-2.2822 | res=1.54e-02 | grad=4.63e-01 | 1.1s
[   935] loss=-2.2562 | res=1.41e-02 | grad=1.36e-01 | 1.1s
[   936] loss=-2.2561 | res=2.18e-02 | grad=2.84e-01 | 1.1s
[   937] loss=-2.1381 | res=1.79e-02 | grad=6.82e-01 | 1.1s
[   938] loss=-2.4196 | res=1.58e-02 | grad=2.65e-01 | 1.1s
[   939] loss=-2.2886 | res=1.50e-02 | grad=3.66e-01 | 1.1s
[   940] loss=-2.1971 | res=2.06e-02 | grad=2.54e-01 | 1.1s
[   941] loss=-2.2619 | res=1.07e-02 | grad=2.36e-01 | 1.1s
[   942] loss=-2.2624 | res=1.33e-02 | grad=2.54e-01 | 1.1s
[   943] loss=-2.0953 | res=1.92e-02 | grad=3.03e-01 | 1.1s
[   944] loss=-2.2909 | res=1.84e-02 | grad=3.79e-01 | 1.1s
[   945] loss=-2.1876 | res=1.44e-02 | grad=2.12e-01 | 1.1s
[   946] loss=-2.1735 | res=1.29e-02 | grad=2.47e-01 | 1.1s
[   947] loss=-2.4977 | res=1.19e-02 | grad=7.61e-01 | 1.1s
[   948] loss=-2.2331 | res=1.69e-02 | grad=3.44e-01 | 1.1s
[   949] loss=-2.3409 | res=9.49e-03 | grad=4.90e-01 | 1.1s
[   950] loss=-2.2814 | res=1.63e-02 | grad=3.83e-01 | 1.1s
[   951] loss=-2.2635 | res=1.69e-02 | grad=1.84e-01 | 1.1s
[   952] loss=-2.4121 | res=1.39e-02 | grad=1.84e-01 | 1.1s
[   953] loss=-2.3238 | res=1.67e-02 | grad=3.72e-01 | 1.1s
[   954] loss=-2.2907 | res=1.22e-02 | grad=5.39e-01 | 1.1s
[   955] loss=-2.4585 | res=1.40e-02 | grad=2.45e-01 | 1.1s
[   956] loss=-2.2428 | res=1.66e-02 | grad=4.20e-01 | 1.1s
[   957] loss=-2.1306 | res=1.17e-02 | grad=5.06e-01 | 1.1s
[   958] loss=-2.5022 | res=1.13e-02 | grad=5.80e-01 | 1.1s
[   959] loss=-2.5775 | res=1.22e-02 | grad=4.28e-01 | 1.1s
[   960] loss=-2.6007 | res=1.69e-02 | grad=4.99e-01 | 1.1s
[   961] loss=-2.2443 | res=1.50e-02 | grad=5.18e-01 | 1.1s
[   962] loss=-2.1189 | res=1.32e-02 | grad=7.20e-01 | 1.1s
[   963] loss=-2.3667 | res=1.27e-02 | grad=1.53e-01 | 1.1s
[   964] loss=-2.3919 | res=1.56e-02 | grad=1.58e-01 | 1.1s
[   965] loss=-2.3831 | res=1.87e-02 | grad=1.78e-01 | 1.1s
[   966] loss=-2.2895 | res=1.25e-02 | grad=2.86e-01 | 1.1s
[   967] loss=-2.1327 | res=1.79e-02 | grad=2.69e-01 | 1.1s
[   968] loss=-2.5059 | res=1.52e-02 | grad=5.65e-01 | 1.1s
[   969] loss=-2.1328 | res=1.28e-02 | grad=2.75e-01 | 1.1s
[   970] loss=-2.1345 | res=1.57e-02 | grad=2.57e-01 | 1.1s
[   971] loss=-2.2270 | res=1.91e-02 | grad=1.72e-01 | 1.1s
[   972] loss=-2.3282 | res=1.13e-02 | grad=3.70e-01 | 1.1s
[   973] loss=-2.0424 | res=1.47e-02 | grad=3.07e-01 | 1.1s
[   974] loss=-2.0903 | res=1.26e-02 | grad=4.86e-01 | 1.1s
[   975] loss=-2.1541 | res=1.65e-02 | grad=2.86e-01 | 1.1s
[   976] loss=-2.3230 | res=1.55e-02 | grad=3.77e-01 | 1.1s
[   977] loss=-2.2978 | res=1.67e-02 | grad=1.81e-01 | 1.1s
[   978] loss=-2.2941 | res=1.37e-02 | grad=5.61e-01 | 1.1s
[   979] loss=-2.5252 | res=1.44e-02 | grad=5.03e-01 | 1.1s
[   980] loss=-2.1167 | res=1.51e-02 | grad=4.19e-01 | 1.1s
[   981] loss=-2.3700 | res=1.24e-02 | grad=4.79e-01 | 1.1s
[   982] loss=-2.3484 | res=1.55e-02 | grad=1.48e-01 | 1.1s
[   983] loss=-2.3655 | res=1.16e-02 | grad=1.87e-01 | 1.1s
[   984] loss=-2.3525 | res=1.63e-02 | grad=2.15e-01 | 1.1s
[   985] loss=-2.3007 | res=1.34e-02 | grad=3.91e-01 | 1.1s
[   986] loss=-2.4503 | res=1.38e-02 | grad=3.70e-01 | 1.1s
[   987] loss=-2.2595 | res=1.61e-02 | grad=3.08e-01 | 1.1s
[   988] loss=-2.1363 | res=1.95e-02 | grad=2.21e-01 | 1.1s
[   989] loss=-2.3556 | res=1.28e-02 | grad=9.52e-02 | 1.1s
[   990] loss=-2.4021 | res=1.16e-02 | grad=2.25e-01 | 1.1s
[   991] loss=-2.2539 | res=1.12e-02 | grad=5.88e-01 | 1.1s
[   992] loss=-2.2749 | res=1.14e-02 | grad=2.69e-01 | 1.1s
[   993] loss=-2.2140 | res=1.52e-02 | grad=3.02e-01 | 1.1s
[   994] loss=-2.2801 | res=1.27e-02 | grad=5.58e-01 | 1.1s
[   995] loss=-2.2278 | res=1.57e-02 | grad=1.49e-01 | 1.1s
[   996] loss=-2.2763 | res=1.70e-02 | grad=4.53e-01 | 1.1s
[   997] loss=-2.4524 | res=1.07e-02 | grad=2.10e-01 | 1.1s
[   998] loss=-2.2410 | res=1.29e-02 | grad=3.84e-01 | 1.1s
[   999] loss=-2.1803 | res=1.33e-02 | grad=2.93e-01 | 1.1s
[  1000] loss=-2.4736 | res=1.66e-02 | grad=4.00e-01 | 1.1s
    KL = 0.3554
    ESS ratio = 0.790
    Runtime = 1071.5s

  --- Run 5/5 (seed=56789) ---
[     1] loss=0.0115 | res=1.94e-03 | grad=7.08e+00 | 5.4s
[     2] loss=-0.1476 | res=2.54e-03 | grad=6.80e+00 | 1.1s
[     3] loss=-0.2893 | res=1.94e-03 | grad=6.45e+00 | 1.0s
[     4] loss=-0.4369 | res=2.93e-03 | grad=6.74e+00 | 1.1s
[     5] loss=-0.5824 | res=4.13e-03 | grad=6.97e+00 | 1.1s
[     6] loss=-0.7372 | res=3.82e-03 | grad=7.38e+00 | 1.1s
[     7] loss=-0.8834 | res=4.49e-03 | grad=7.41e+00 | 1.1s
[     8] loss=-0.9431 | res=3.93e-03 | grad=6.78e+00 | 1.1s
[     9] loss=-1.1875 | res=5.24e-03 | grad=7.55e+00 | 1.1s
[    10] loss=-1.2848 | res=5.41e-03 | grad=6.47e+00 | 1.1s
[    11] loss=-1.3663 | res=7.25e-03 | grad=6.00e+00 | 1.1s
[    12] loss=-1.5186 | res=5.10e-03 | grad=5.63e+00 | 1.0s
[    13] loss=-1.6508 | res=6.40e-03 | grad=5.19e+00 | 1.1s
[    14] loss=-1.8487 | res=6.62e-03 | grad=4.90e+00 | 1.1s
[    15] loss=-1.7621 | res=5.06e-03 | grad=3.77e+00 | 1.1s
[    16] loss=-1.7664 | res=5.49e-03 | grad=3.28e+00 | 1.1s
[    17] loss=-2.0121 | res=7.89e-03 | grad=3.15e+00 | 1.1s
[    18] loss=-2.2021 | res=5.41e-03 | grad=3.06e+00 | 1.1s
[    19] loss=-1.9621 | res=5.47e-03 | grad=2.12e+00 | 1.0s
[    20] loss=-2.4214 | res=7.82e-03 | grad=2.26e+00 | 1.1s
[    21] loss=-2.2031 | res=8.99e-03 | grad=1.55e+00 | 1.1s
[    22] loss=-2.0732 | res=9.52e-03 | grad=1.07e+00 | 1.0s
[    23] loss=-2.4567 | res=1.24e-02 | grad=1.22e+00 | 1.1s
[    24] loss=-2.2167 | res=1.00e-02 | grad=6.06e-01 | 1.1s
[    25] loss=-2.2343 | res=7.78e-03 | grad=3.04e-01 | 1.1s
[    26] loss=-2.3725 | res=1.44e-02 | grad=3.41e-01 | 1.1s
[    27] loss=-2.4598 | res=1.23e-02 | grad=4.75e-01 | 1.1s
[    28] loss=-2.2056 | res=1.35e-02 | grad=6.75e-01 | 1.1s
[    29] loss=-2.2015 | res=1.23e-02 | grad=7.74e-01 | 1.1s
[    30] loss=-2.4415 | res=1.30e-02 | grad=8.38e-01 | 1.1s
[    31] loss=-2.4709 | res=7.92e-03 | grad=7.98e-01 | 1.1s
[    32] loss=-2.1523 | res=9.06e-03 | grad=1.18e+00 | 1.1s
[    33] loss=-2.2790 | res=1.51e-02 | grad=9.49e-01 | 1.1s
[    34] loss=-2.3762 | res=1.22e-02 | grad=1.33e+00 | 1.1s
[    35] loss=-2.4715 | res=1.46e-02 | grad=9.49e-01 | 1.1s
[    36] loss=-2.5273 | res=1.69e-02 | grad=7.44e-01 | 1.1s
[    37] loss=-2.1715 | res=9.83e-03 | grad=1.04e+00 | 1.1s
[    38] loss=-2.5469 | res=1.73e-02 | grad=7.17e-01 | 1.1s
[    39] loss=-2.2559 | res=1.46e-02 | grad=7.23e-01 | 1.1s
[    40] loss=-2.3213 | res=1.72e-02 | grad=9.92e-01 | 1.1s
[    41] loss=-2.2785 | res=1.02e-02 | grad=6.67e-01 | 1.1s
[    42] loss=-2.2089 | res=1.48e-02 | grad=5.67e-01 | 1.1s
[    43] loss=-2.3815 | res=1.20e-02 | grad=2.19e-01 | 1.1s
[    44] loss=-2.2958 | res=1.43e-02 | grad=5.92e-01 | 1.1s
[    45] loss=-2.3378 | res=1.28e-02 | grad=5.17e-01 | 1.1s
[    46] loss=-2.2211 | res=1.40e-02 | grad=3.41e-01 | 1.1s
[    47] loss=-2.2211 | res=1.19e-02 | grad=5.64e-01 | 1.1s
[    48] loss=-2.2527 | res=1.42e-02 | grad=8.33e-01 | 1.0s
[    49] loss=-2.1852 | res=1.18e-02 | grad=7.44e-01 | 1.1s
[    50] loss=-2.3766 | res=1.31e-02 | grad=9.49e-01 | 1.1s
[    51] loss=-2.2792 | res=1.47e-02 | grad=4.91e-01 | 1.1s
[    52] loss=-2.3833 | res=1.11e-02 | grad=6.30e-01 | 1.1s
[    53] loss=-2.3001 | res=1.62e-02 | grad=5.84e-01 | 1.1s
[    54] loss=-2.3881 | res=1.35e-02 | grad=9.81e-01 | 1.1s
[    55] loss=-2.2440 | res=1.00e-02 | grad=6.27e-01 | 1.0s
[    56] loss=-2.3418 | res=9.65e-03 | grad=3.13e-01 | 1.1s
[    57] loss=-2.3208 | res=1.07e-02 | grad=4.57e-01 | 1.1s
[    58] loss=-2.4000 | res=1.08e-02 | grad=3.55e-01 | 1.1s
[    59] loss=-2.1719 | res=9.56e-03 | grad=4.56e-01 | 1.1s
[    60] loss=-2.1348 | res=1.25e-02 | grad=9.16e-01 | 1.1s
[    61] loss=-2.0705 | res=1.40e-02 | grad=7.41e-01 | 1.1s
[    62] loss=-2.2941 | res=1.11e-02 | grad=5.13e-01 | 1.1s
[    63] loss=-2.2750 | res=1.26e-02 | grad=6.95e-01 | 1.1s
[    64] loss=-2.1232 | res=1.31e-02 | grad=5.47e-01 | 1.1s
[    65] loss=-2.1599 | res=1.59e-02 | grad=7.19e-01 | 1.0s
[    66] loss=-2.2372 | res=1.76e-02 | grad=6.22e-01 | 1.1s
[    67] loss=-2.0961 | res=1.42e-02 | grad=4.58e-01 | 1.1s
[    68] loss=-2.3165 | res=1.67e-02 | grad=4.80e-01 | 1.0s
[    69] loss=-2.5075 | res=1.59e-02 | grad=4.31e-01 | 1.1s
[    70] loss=-2.3974 | res=1.49e-02 | grad=5.95e-01 | 1.1s
[    71] loss=-2.3081 | res=1.43e-02 | grad=2.32e-01 | 1.1s
[    72] loss=-2.3132 | res=1.58e-02 | grad=4.20e-01 | 1.0s
[    73] loss=-2.2869 | res=1.54e-02 | grad=4.28e-01 | 1.0s
[    74] loss=-2.1764 | res=1.79e-02 | grad=7.96e-01 | 1.1s
[    75] loss=-2.3617 | res=1.50e-02 | grad=6.79e-01 | 1.1s
[    76] loss=-2.4047 | res=1.14e-02 | grad=4.95e-01 | 1.1s
[    77] loss=-2.2660 | res=1.35e-02 | grad=2.79e-01 | 1.1s
[    78] loss=-2.2301 | res=1.21e-02 | grad=1.75e-01 | 1.1s
[    79] loss=-2.3383 | res=9.09e-03 | grad=5.01e-01 | 1.0s
[    80] loss=-2.4014 | res=1.40e-02 | grad=1.69e-01 | 1.1s
[    81] loss=-2.2096 | res=1.72e-02 | grad=1.00e+00 | 1.0s
[    82] loss=-2.2387 | res=1.19e-02 | grad=6.91e-01 | 1.1s
[    83] loss=-2.3145 | res=1.66e-02 | grad=5.40e-01 | 1.1s
[    84] loss=-2.4509 | res=1.54e-02 | grad=8.97e-01 | 1.1s
[    85] loss=-2.3777 | res=1.20e-02 | grad=3.68e-01 | 1.1s
[    86] loss=-2.3206 | res=1.54e-02 | grad=5.91e-01 | 1.1s
[    87] loss=-2.2824 | res=1.50e-02 | grad=7.85e-01 | 1.1s
[    88] loss=-2.4266 | res=1.35e-02 | grad=8.43e-01 | 1.1s
[    89] loss=-2.1015 | res=1.31e-02 | grad=6.53e-01 | 1.1s
[    90] loss=-2.1394 | res=1.28e-02 | grad=6.74e-01 | 1.1s
[    91] loss=-2.4095 | res=1.15e-02 | grad=4.90e-01 | 1.1s
[    92] loss=-2.3663 | res=2.27e-02 | grad=2.09e-01 | 1.1s
[    93] loss=-2.1207 | res=1.25e-02 | grad=5.93e-01 | 1.1s
[    94] loss=-2.1340 | res=2.21e-02 | grad=8.59e-01 | 1.1s
[    95] loss=-2.3980 | res=1.67e-02 | grad=7.31e-01 | 1.1s
[    96] loss=-2.3818 | res=1.45e-02 | grad=6.97e-01 | 1.1s
[    97] loss=-2.1829 | res=1.77e-02 | grad=1.17e+00 | 1.1s
[    98] loss=-2.3258 | res=1.84e-02 | grad=5.62e-01 | 1.1s
[    99] loss=-2.4103 | res=1.90e-02 | grad=5.20e-01 | 1.1s
[   100] loss=-2.3973 | res=1.69e-02 | grad=7.79e-01 | 1.1s
[   101] loss=-2.2703 | res=2.14e-02 | grad=4.57e-01 | 1.1s
[   102] loss=-2.3653 | res=1.45e-02 | grad=1.28e+00 | 1.1s
[   103] loss=-2.4536 | res=1.68e-02 | grad=5.65e-01 | 1.1s
[   104] loss=-2.1926 | res=1.51e-02 | grad=7.67e-01 | 1.1s
[   105] loss=-2.5244 | res=1.70e-02 | grad=7.20e-01 | 1.1s
[   106] loss=-2.3710 | res=1.57e-02 | grad=7.30e-01 | 1.1s
[   107] loss=-2.2640 | res=1.57e-02 | grad=7.29e-01 | 1.1s
[   108] loss=-2.2063 | res=1.41e-02 | grad=8.53e-01 | 1.1s
[   109] loss=-2.2601 | res=9.40e-03 | grad=6.92e-01 | 1.1s
[   110] loss=-2.0144 | res=1.90e-02 | grad=1.01e+00 | 1.1s
[   111] loss=-2.3142 | res=1.74e-02 | grad=8.57e-01 | 1.1s
[   112] loss=-2.2841 | res=1.97e-02 | grad=3.39e-01 | 1.1s
[   113] loss=-2.3487 | res=2.07e-02 | grad=3.84e-01 | 1.1s
[   114] loss=-2.2964 | res=1.46e-02 | grad=2.73e-01 | 1.1s
[   115] loss=-2.3929 | res=1.41e-02 | grad=7.76e-01 | 1.1s
[   116] loss=-2.2518 | res=1.58e-02 | grad=8.12e-01 | 1.0s
[   117] loss=-2.2347 | res=1.69e-02 | grad=6.00e-01 | 1.1s
[   118] loss=-2.0798 | res=1.22e-02 | grad=3.69e-01 | 1.1s
[   119] loss=-2.4204 | res=2.13e-02 | grad=9.53e-01 | 1.1s
[   120] loss=-2.3269 | res=1.94e-02 | grad=8.98e-01 | 1.1s
[   121] loss=-2.1792 | res=1.52e-02 | grad=6.27e-01 | 1.1s
[   122] loss=-2.3138 | res=1.53e-02 | grad=4.87e-01 | 1.0s
[   123] loss=-2.2755 | res=1.40e-02 | grad=4.88e-01 | 1.0s
[   124] loss=-2.3055 | res=1.57e-02 | grad=6.40e-01 | 1.1s
[   125] loss=-2.2545 | res=1.69e-02 | grad=7.26e-01 | 1.1s
[   126] loss=-2.1628 | res=1.34e-02 | grad=9.68e-01 | 1.0s
[   127] loss=-2.2762 | res=1.72e-02 | grad=5.65e-01 | 1.0s
[   128] loss=-2.3640 | res=2.42e-02 | grad=8.71e-01 | 1.1s
[   129] loss=-2.3022 | res=1.59e-02 | grad=4.64e-01 | 1.1s
[   130] loss=-2.2894 | res=1.99e-02 | grad=1.00e+00 | 1.0s
[   131] loss=-2.4744 | res=1.81e-02 | grad=5.52e-01 | 1.1s
[   132] loss=-2.3678 | res=1.82e-02 | grad=5.23e-01 | 1.0s
[   133] loss=-2.3795 | res=2.18e-02 | grad=8.82e-01 | 1.1s
[   134] loss=-2.2141 | res=1.76e-02 | grad=1.12e+00 | 1.1s
[   135] loss=-2.2876 | res=1.90e-02 | grad=1.06e+00 | 1.1s
[   136] loss=-2.2180 | res=1.41e-02 | grad=7.48e-01 | 1.1s
[   137] loss=-2.3648 | res=1.28e-02 | grad=1.02e+00 | 1.1s
[   138] loss=-2.2923 | res=1.65e-02 | grad=2.32e-01 | 1.1s
[   139] loss=-2.4787 | res=1.46e-02 | grad=8.20e-01 | 1.1s
[   140] loss=-2.2490 | res=1.73e-02 | grad=1.04e+00 | 1.1s
[   141] loss=-2.1974 | res=2.52e-02 | grad=1.30e+00 | 1.1s
[   142] loss=-2.4581 | res=2.26e-02 | grad=6.91e-01 | 1.1s
[   143] loss=-2.3442 | res=1.75e-02 | grad=6.90e-01 | 1.1s
[   144] loss=-2.3918 | res=1.47e-02 | grad=8.02e-01 | 1.1s
[   145] loss=-2.3701 | res=1.65e-02 | grad=4.33e-01 | 1.1s
[   146] loss=-2.3618 | res=1.77e-02 | grad=5.38e-01 | 1.1s
[   147] loss=-2.1789 | res=1.31e-02 | grad=8.97e-01 | 1.1s
[   148] loss=-2.2989 | res=1.48e-02 | grad=4.67e-01 | 1.1s
[   149] loss=-2.2982 | res=1.90e-02 | grad=1.04e+00 | 1.1s
[   150] loss=-2.3302 | res=1.61e-02 | grad=1.40e+00 | 1.1s
[   151] loss=-2.1988 | res=1.08e-02 | grad=5.07e-01 | 1.1s
[   152] loss=-2.2895 | res=1.84e-02 | grad=9.98e-01 | 1.1s
[   153] loss=-2.1962 | res=1.70e-02 | grad=2.95e-01 | 1.1s
[   154] loss=-2.3157 | res=1.58e-02 | grad=3.83e-01 | 1.1s
[   155] loss=-2.2272 | res=1.98e-02 | grad=1.22e+00 | 1.1s
[   156] loss=-2.1628 | res=1.63e-02 | grad=1.36e+00 | 1.1s
[   157] loss=-2.2455 | res=1.81e-02 | grad=8.15e-01 | 1.1s
[   158] loss=-2.1601 | res=1.65e-02 | grad=2.38e-01 | 1.1s
[   159] loss=-2.4127 | res=2.20e-02 | grad=4.32e-01 | 1.1s
[   160] loss=-2.3778 | res=1.80e-02 | grad=7.93e-01 | 1.0s
[   161] loss=-2.2040 | res=1.73e-02 | grad=5.42e-01 | 1.1s
[   162] loss=-2.2884 | res=2.17e-02 | grad=5.13e-01 | 1.1s
[   163] loss=-2.2404 | res=1.32e-02 | grad=8.45e-01 | 1.1s
[   164] loss=-2.3244 | res=1.38e-02 | grad=1.03e+00 | 1.1s
[   165] loss=-2.3213 | res=3.02e-02 | grad=6.80e-01 | 1.1s
[   166] loss=-2.2743 | res=1.61e-02 | grad=6.17e-01 | 1.0s
[   167] loss=-2.3127 | res=2.10e-02 | grad=2.41e-01 | 1.1s
[   168] loss=-2.5359 | res=1.90e-02 | grad=5.57e-01 | 1.1s
[   169] loss=-2.4740 | res=2.15e-02 | grad=4.31e-01 | 1.0s
[   170] loss=-2.3355 | res=2.39e-02 | grad=7.49e-01 | 1.1s
[   171] loss=-2.1614 | res=1.64e-02 | grad=7.27e-01 | 1.1s
[   172] loss=-2.2867 | res=2.34e-02 | grad=9.47e-01 | 1.1s
[   173] loss=-2.1985 | res=1.69e-02 | grad=6.89e-01 | 1.1s
[   174] loss=-2.0683 | res=1.33e-02 | grad=5.77e-01 | 1.1s
[   175] loss=-2.3504 | res=1.63e-02 | grad=2.68e-01 | 1.1s
[   176] loss=-2.4149 | res=2.05e-02 | grad=6.19e-01 | 1.1s
[   177] loss=-2.3425 | res=1.72e-02 | grad=5.27e-01 | 1.1s
[   178] loss=-2.4005 | res=1.95e-02 | grad=4.13e-01 | 1.1s
[   179] loss=-2.4792 | res=1.50e-02 | grad=7.32e-01 | 1.1s
[   180] loss=-2.1839 | res=1.59e-02 | grad=4.06e-01 | 1.1s
[   181] loss=-2.1044 | res=1.56e-02 | grad=4.60e-01 | 1.0s
[   182] loss=-2.1456 | res=1.49e-02 | grad=6.59e-01 | 1.1s
[   183] loss=-2.3553 | res=2.46e-02 | grad=8.11e-01 | 1.1s
[   184] loss=-2.2751 | res=1.84e-02 | grad=2.81e-01 | 1.0s
[   185] loss=-2.3796 | res=1.85e-02 | grad=9.04e-01 | 1.1s
[   186] loss=-2.2594 | res=1.46e-02 | grad=5.96e-01 | 1.1s
[   187] loss=-2.3807 | res=2.15e-02 | grad=2.41e-01 | 1.1s
[   188] loss=-2.3999 | res=1.83e-02 | grad=1.07e+00 | 1.1s
[   189] loss=-2.5409 | res=1.55e-02 | grad=4.00e-01 | 1.1s
[   190] loss=-2.3075 | res=1.54e-02 | grad=6.32e-01 | 1.1s
[   191] loss=-2.3156 | res=2.22e-02 | grad=9.39e-01 | 1.1s
[   192] loss=-2.3067 | res=1.56e-02 | grad=3.64e-01 | 1.0s
[   193] loss=-2.1739 | res=1.22e-02 | grad=3.76e-01 | 1.1s
[   194] loss=-2.4023 | res=2.12e-02 | grad=9.28e-01 | 1.1s
[   195] loss=-2.2590 | res=1.74e-02 | grad=3.38e-01 | 1.1s
[   196] loss=-2.2945 | res=1.47e-02 | grad=9.99e-01 | 1.1s
[   197] loss=-2.2684 | res=1.76e-02 | grad=7.12e-01 | 1.1s
[   198] loss=-2.2715 | res=1.99e-02 | grad=5.08e-01 | 1.0s
[   199] loss=-2.2517 | res=1.63e-02 | grad=5.16e-01 | 1.0s
[   200] loss=-2.2269 | res=1.66e-02 | grad=4.50e-01 | 1.1s
[   201] loss=-2.3170 | res=1.45e-02 | grad=4.10e-01 | 1.1s
[   202] loss=-2.4175 | res=1.42e-02 | grad=3.63e-01 | 1.0s
[   203] loss=-2.3257 | res=1.85e-02 | grad=5.57e-01 | 1.0s
[   204] loss=-2.3437 | res=1.37e-02 | grad=2.64e-01 | 1.1s
[   205] loss=-2.2718 | res=1.85e-02 | grad=8.47e-01 | 1.1s
[   206] loss=-2.3390 | res=2.05e-02 | grad=2.54e-01 | 1.0s
[   207] loss=-2.3988 | res=1.75e-02 | grad=6.48e-01 | 1.1s
[   208] loss=-2.3520 | res=1.74e-02 | grad=5.85e-01 | 1.1s
[   209] loss=-2.1580 | res=2.20e-02 | grad=5.60e-01 | 1.0s
[   210] loss=-2.2277 | res=1.62e-02 | grad=7.63e-01 | 1.0s
[   211] loss=-2.3753 | res=1.62e-02 | grad=5.79e-01 | 1.1s
[   212] loss=-2.3755 | res=2.07e-02 | grad=9.04e-01 | 1.1s
[   213] loss=-2.1584 | res=2.49e-02 | grad=5.79e-01 | 1.1s
[   214] loss=-2.3450 | res=1.85e-02 | grad=2.24e-01 | 1.1s
[   215] loss=-2.1259 | res=2.07e-02 | grad=4.44e-01 | 1.1s
[   216] loss=-2.2187 | res=1.69e-02 | grad=2.25e-01 | 1.1s
[   217] loss=-2.2697 | res=1.10e-02 | grad=3.38e-01 | 1.1s
[   218] loss=-2.3638 | res=1.96e-02 | grad=3.73e-01 | 1.1s
[   219] loss=-2.1616 | res=1.83e-02 | grad=6.02e-01 | 1.0s
[   220] loss=-2.3248 | res=1.81e-02 | grad=2.68e-01 | 1.1s
[   221] loss=-2.4780 | res=2.04e-02 | grad=5.10e-01 | 1.1s
[   222] loss=-2.2424 | res=2.01e-02 | grad=3.48e-01 | 1.1s
[   223] loss=-2.1519 | res=2.27e-02 | grad=4.62e-01 | 1.1s
[   224] loss=-2.4999 | res=1.86e-02 | grad=5.10e-01 | 1.1s
[   225] loss=-2.2942 | res=1.34e-02 | grad=2.91e-01 | 1.1s
[   226] loss=-2.1407 | res=1.67e-02 | grad=9.17e-01 | 1.1s
[   227] loss=-2.2946 | res=2.06e-02 | grad=4.83e-01 | 1.1s
[   228] loss=-2.1861 | res=1.43e-02 | grad=1.61e-01 | 1.0s
[   229] loss=-2.1859 | res=1.78e-02 | grad=4.48e-01 | 1.1s
[   230] loss=-2.2292 | res=1.52e-02 | grad=4.68e-01 | 1.1s
[   231] loss=-2.3180 | res=1.81e-02 | grad=1.97e-01 | 1.0s
[   232] loss=-2.3439 | res=1.96e-02 | grad=4.23e-01 | 1.1s
[   233] loss=-2.2571 | res=1.53e-02 | grad=2.40e-01 | 1.1s
[   234] loss=-2.2904 | res=1.67e-02 | grad=1.06e+00 | 1.1s
[   235] loss=-2.3794 | res=1.43e-02 | grad=1.00e+00 | 1.0s
[   236] loss=-2.2294 | res=2.48e-02 | grad=6.94e-01 | 1.1s
[   237] loss=-2.3559 | res=1.69e-02 | grad=3.23e-01 | 1.1s
[   238] loss=-2.2038 | res=2.01e-02 | grad=7.60e-01 | 1.1s
[   239] loss=-2.2158 | res=2.55e-02 | grad=6.59e-01 | 1.0s
[   240] loss=-2.2288 | res=2.08e-02 | grad=4.28e-01 | 1.0s
[   241] loss=-2.0978 | res=1.93e-02 | grad=6.80e-01 | 1.1s
[   242] loss=-2.3035 | res=1.62e-02 | grad=3.16e-01 | 1.1s
[   243] loss=-2.3478 | res=1.36e-02 | grad=1.15e-01 | 1.1s
[   244] loss=-2.4001 | res=1.49e-02 | grad=4.27e-01 | 1.1s
[   245] loss=-2.1584 | res=1.64e-02 | grad=4.37e-01 | 1.1s
[   246] loss=-2.1199 | res=1.49e-02 | grad=5.39e-01 | 1.1s
[   247] loss=-2.3269 | res=1.73e-02 | grad=4.89e-01 | 1.1s
[   248] loss=-2.2705 | res=1.42e-02 | grad=2.52e-01 | 1.1s
[   249] loss=-2.4557 | res=1.35e-02 | grad=4.44e-01 | 1.1s
[   250] loss=-2.4850 | res=1.81e-02 | grad=3.03e-01 | 1.1s
[   251] loss=-2.3482 | res=1.76e-02 | grad=3.11e-01 | 1.1s
[   252] loss=-2.1689 | res=2.09e-02 | grad=6.84e-01 | 1.0s
[   253] loss=-2.2565 | res=1.70e-02 | grad=5.90e-01 | 1.1s
[   254] loss=-2.3644 | res=1.91e-02 | grad=6.89e-01 | 1.1s
[   255] loss=-2.4659 | res=1.54e-02 | grad=5.06e-01 | 1.0s
[   256] loss=-2.2852 | res=2.10e-02 | grad=7.32e-01 | 1.1s
[   257] loss=-2.2480 | res=1.84e-02 | grad=7.42e-01 | 1.1s
[   258] loss=-2.2829 | res=1.56e-02 | grad=6.76e-01 | 1.1s
[   259] loss=-2.1319 | res=1.77e-02 | grad=6.40e-01 | 1.1s
[   260] loss=-2.0761 | res=1.65e-02 | grad=5.87e-01 | 1.0s
[   261] loss=-2.2074 | res=1.95e-02 | grad=4.15e-01 | 1.0s
[   262] loss=-2.1229 | res=1.54e-02 | grad=7.49e-01 | 1.1s
[   263] loss=-2.5617 | res=1.61e-02 | grad=1.01e+00 | 1.1s
[   264] loss=-2.5185 | res=1.51e-02 | grad=7.16e-01 | 1.1s
[   265] loss=-2.1314 | res=1.68e-02 | grad=1.08e+00 | 1.1s
[   266] loss=-2.2331 | res=1.19e-02 | grad=7.66e-01 | 1.1s
[   267] loss=-2.2328 | res=1.81e-02 | grad=1.15e-01 | 1.1s
[   268] loss=-2.1165 | res=1.59e-02 | grad=5.67e-01 | 1.1s
[   269] loss=-2.4664 | res=1.36e-02 | grad=4.60e-01 | 1.1s
[   270] loss=-2.3177 | res=1.80e-02 | grad=8.24e-01 | 1.1s
[   271] loss=-2.2183 | res=1.99e-02 | grad=6.44e-01 | 1.1s
[   272] loss=-2.4804 | res=1.67e-02 | grad=5.77e-01 | 1.1s
[   273] loss=-2.3994 | res=2.10e-02 | grad=8.06e-01 | 1.1s
[   274] loss=-2.1668 | res=1.53e-02 | grad=8.35e-01 | 1.1s
[   275] loss=-2.2208 | res=2.10e-02 | grad=2.61e-01 | 1.1s
[   276] loss=-2.4118 | res=1.44e-02 | grad=2.21e-01 | 1.1s
[   277] loss=-2.2314 | res=1.52e-02 | grad=6.36e-01 | 1.1s
[   278] loss=-2.3473 | res=2.17e-02 | grad=8.56e-01 | 1.1s
[   279] loss=-2.5297 | res=1.38e-02 | grad=7.86e-01 | 1.1s
[   280] loss=-2.3835 | res=1.58e-02 | grad=6.11e-01 | 1.0s
[   281] loss=-2.4350 | res=1.50e-02 | grad=5.77e-01 | 1.1s
[   282] loss=-2.3092 | res=1.85e-02 | grad=7.26e-01 | 1.0s
[   283] loss=-2.2958 | res=2.18e-02 | grad=5.27e-01 | 1.0s
[   284] loss=-2.4088 | res=1.74e-02 | grad=5.34e-01 | 1.0s
[   285] loss=-2.2958 | res=1.83e-02 | grad=4.27e-01 | 1.1s
[   286] loss=-2.4015 | res=1.53e-02 | grad=5.72e-01 | 1.0s
[   287] loss=-2.3184 | res=1.71e-02 | grad=8.37e-01 | 1.1s
[   288] loss=-2.4274 | res=1.35e-02 | grad=9.48e-01 | 1.1s
[   289] loss=-2.4895 | res=1.98e-02 | grad=5.99e-01 | 1.1s
[   290] loss=-2.5499 | res=1.81e-02 | grad=3.64e-01 | 1.0s
[   291] loss=-2.2469 | res=1.49e-02 | grad=8.79e-01 | 1.1s
[   292] loss=-2.4022 | res=1.88e-02 | grad=7.16e-01 | 1.1s
[   293] loss=-2.2992 | res=2.47e-02 | grad=4.05e-01 | 1.1s
[   294] loss=-2.2978 | res=1.85e-02 | grad=3.44e-01 | 1.1s
[   295] loss=-2.2670 | res=2.16e-02 | grad=6.85e-01 | 1.0s
[   296] loss=-2.3958 | res=1.15e-02 | grad=2.93e-01 | 1.1s
[   297] loss=-2.5793 | res=1.69e-02 | grad=3.92e-01 | 1.1s
[   298] loss=-2.2535 | res=1.54e-02 | grad=4.09e-01 | 1.1s
[   299] loss=-2.2120 | res=1.09e-02 | grad=4.80e-01 | 1.1s
[   300] loss=-2.3814 | res=2.33e-02 | grad=3.04e-01 | 1.1s
[   301] loss=-2.4135 | res=2.17e-02 | grad=5.69e-01 | 1.1s
[   302] loss=-2.1824 | res=1.80e-02 | grad=6.19e-01 | 1.1s
[   303] loss=-2.2137 | res=9.82e-03 | grad=3.69e-01 | 1.1s
[   304] loss=-2.3672 | res=1.56e-02 | grad=2.45e-01 | 1.1s
[   305] loss=-2.3501 | res=2.34e-02 | grad=4.46e-01 | 1.1s
[   306] loss=-2.1763 | res=2.04e-02 | grad=4.90e-01 | 1.1s
[   307] loss=-2.2909 | res=2.19e-02 | grad=2.76e-01 | 1.1s
[   308] loss=-2.3693 | res=1.63e-02 | grad=7.72e-01 | 1.0s
[   309] loss=-2.4376 | res=1.82e-02 | grad=5.74e-01 | 1.1s
[   310] loss=-2.2799 | res=2.00e-02 | grad=5.08e-01 | 1.1s
[   311] loss=-2.3976 | res=1.51e-02 | grad=5.77e-01 | 1.1s
[   312] loss=-2.4305 | res=1.94e-02 | grad=4.00e-01 | 1.0s
[   313] loss=-2.0845 | res=1.95e-02 | grad=4.63e-01 | 1.1s
[   314] loss=-2.3473 | res=1.81e-02 | grad=6.30e-01 | 1.1s
[   315] loss=-2.4452 | res=1.27e-02 | grad=4.12e-01 | 1.1s
[   316] loss=-2.2324 | res=1.76e-02 | grad=1.83e-01 | 1.1s
[   317] loss=-2.4164 | res=1.76e-02 | grad=2.94e-01 | 1.0s
[   318] loss=-2.3117 | res=1.63e-02 | grad=5.30e-01 | 1.1s
[   319] loss=-2.5120 | res=1.49e-02 | grad=3.61e-01 | 1.1s
[   320] loss=-2.4672 | res=1.93e-02 | grad=3.36e-01 | 1.1s
[   321] loss=-2.3482 | res=1.96e-02 | grad=5.46e-01 | 1.1s
[   322] loss=-2.3054 | res=2.23e-02 | grad=8.52e-01 | 1.1s
[   323] loss=-2.3770 | res=1.40e-02 | grad=3.30e-01 | 1.1s
[   324] loss=-2.3468 | res=2.22e-02 | grad=4.68e-01 | 1.1s
[   325] loss=-2.1842 | res=1.28e-02 | grad=7.95e-01 | 1.1s
[   326] loss=-2.1489 | res=1.52e-02 | grad=3.04e-01 | 1.1s
[   327] loss=-2.2982 | res=1.95e-02 | grad=4.67e-01 | 1.1s
[   328] loss=-2.3844 | res=2.14e-02 | grad=8.81e-01 | 1.1s
[   329] loss=-2.5058 | res=1.68e-02 | grad=4.56e-01 | 1.1s
[   330] loss=-2.4071 | res=1.72e-02 | grad=5.48e-01 | 1.1s
[   331] loss=-2.4615 | res=1.83e-02 | grad=8.90e-01 | 1.1s
[   332] loss=-2.5843 | res=1.78e-02 | grad=6.49e-01 | 1.1s
[   333] loss=-2.3596 | res=1.80e-02 | grad=6.65e-01 | 1.1s
[   334] loss=-2.2499 | res=1.66e-02 | grad=4.30e-01 | 1.1s
[   335] loss=-2.2137 | res=1.83e-02 | grad=8.03e-01 | 1.1s
[   336] loss=-2.1759 | res=1.77e-02 | grad=7.45e-01 | 1.1s
[   337] loss=-2.2253 | res=1.18e-02 | grad=3.34e-01 | 1.1s
[   338] loss=-2.3822 | res=1.72e-02 | grad=3.81e-01 | 1.1s
[   339] loss=-2.3506 | res=1.51e-02 | grad=6.81e-01 | 1.1s
[   340] loss=-2.3522 | res=1.96e-02 | grad=7.76e-01 | 1.1s
[   341] loss=-2.2525 | res=1.57e-02 | grad=1.15e+00 | 1.1s
[   342] loss=-2.3597 | res=1.82e-02 | grad=2.12e-01 | 1.1s
[   343] loss=-2.2338 | res=1.45e-02 | grad=5.40e-01 | 1.1s
[   344] loss=-2.3561 | res=1.57e-02 | grad=8.19e-01 | 1.1s
[   345] loss=-2.3026 | res=1.70e-02 | grad=7.12e-01 | 1.1s
[   346] loss=-2.4900 | res=1.85e-02 | grad=6.94e-01 | 1.1s
[   347] loss=-2.3137 | res=2.00e-02 | grad=7.22e-01 | 1.1s
[   348] loss=-2.3490 | res=1.48e-02 | grad=6.93e-01 | 1.1s
[   349] loss=-2.4053 | res=1.57e-02 | grad=4.22e-01 | 1.1s
[   350] loss=-2.4421 | res=1.47e-02 | grad=2.41e-01 | 1.1s
[   351] loss=-2.3575 | res=1.90e-02 | grad=6.36e-01 | 1.1s
[   352] loss=-2.4273 | res=9.37e-03 | grad=5.66e-01 | 1.1s
[   353] loss=-2.3647 | res=1.94e-02 | grad=2.79e-01 | 1.1s
[   354] loss=-2.1253 | res=1.39e-02 | grad=7.71e-01 | 1.0s
[   355] loss=-2.3065 | res=2.32e-02 | grad=2.74e-01 | 1.1s
[   356] loss=-2.2712 | res=1.68e-02 | grad=4.17e-01 | 1.0s
[   357] loss=-2.2338 | res=1.42e-02 | grad=8.17e-01 | 1.0s
[   358] loss=-2.4281 | res=1.36e-02 | grad=3.85e-01 | 1.1s
[   359] loss=-2.2694 | res=2.12e-02 | grad=3.23e-01 | 1.1s
[   360] loss=-2.2357 | res=1.36e-02 | grad=2.85e-01 | 1.1s
[   361] loss=-2.3232 | res=1.89e-02 | grad=4.08e-01 | 1.1s
[   362] loss=-2.2842 | res=2.27e-02 | grad=7.42e-01 | 1.1s
[   363] loss=-2.4600 | res=1.88e-02 | grad=4.99e-01 | 1.0s
[   364] loss=-2.2318 | res=2.25e-02 | grad=6.43e-01 | 1.0s
[   365] loss=-2.4509 | res=1.85e-02 | grad=5.93e-01 | 1.1s
[   366] loss=-2.2776 | res=1.92e-02 | grad=2.94e-01 | 1.1s
[   367] loss=-2.2370 | res=1.01e-02 | grad=1.05e+00 | 1.0s
[   368] loss=-2.3561 | res=1.66e-02 | grad=8.05e-01 | 1.1s
[   369] loss=-2.2755 | res=1.33e-02 | grad=6.20e-01 | 1.1s
[   370] loss=-2.2218 | res=1.76e-02 | grad=3.12e-01 | 1.1s
[   371] loss=-2.3373 | res=2.06e-02 | grad=2.89e-01 | 1.1s
[   372] loss=-2.3075 | res=1.22e-02 | grad=3.41e-01 | 1.0s
[   373] loss=-2.3709 | res=1.69e-02 | grad=3.54e-01 | 1.1s
[   374] loss=-2.3176 | res=1.63e-02 | grad=1.05e+00 | 1.1s
[   375] loss=-2.2629 | res=1.91e-02 | grad=7.36e-01 | 1.1s
[   376] loss=-2.1474 | res=1.81e-02 | grad=5.62e-01 | 1.1s
[   377] loss=-2.2990 | res=1.99e-02 | grad=3.72e-01 | 1.0s
[   378] loss=-2.3124 | res=1.45e-02 | grad=2.62e-01 | 1.1s
[   379] loss=-2.3190 | res=1.36e-02 | grad=6.82e-01 | 1.1s
[   380] loss=-2.2618 | res=1.64e-02 | grad=4.24e-01 | 1.0s
[   381] loss=-2.3610 | res=1.10e-02 | grad=8.08e-01 | 1.0s
[   382] loss=-2.3835 | res=1.62e-02 | grad=4.16e-01 | 1.1s
[   383] loss=-2.3621 | res=1.99e-02 | grad=3.27e-01 | 1.1s
[   384] loss=-2.2660 | res=1.72e-02 | grad=1.44e-01 | 1.1s
[   385] loss=-2.3030 | res=1.81e-02 | grad=2.37e-01 | 1.1s
[   386] loss=-2.2781 | res=2.07e-02 | grad=3.08e-01 | 1.1s
[   387] loss=-2.2485 | res=1.87e-02 | grad=4.64e-01 | 1.1s
[   388] loss=-2.3499 | res=1.80e-02 | grad=8.07e-01 | 1.1s
[   389] loss=-2.4766 | res=1.22e-02 | grad=9.94e-01 | 1.0s
[   390] loss=-2.2083 | res=1.21e-02 | grad=5.81e-01 | 1.1s
[   391] loss=-2.3464 | res=1.52e-02 | grad=2.74e-01 | 1.1s
[   392] loss=-2.5403 | res=1.77e-02 | grad=6.10e-01 | 1.1s
[   393] loss=-2.1939 | res=1.71e-02 | grad=6.87e-01 | 1.1s
[   394] loss=-2.3485 | res=1.51e-02 | grad=8.55e-01 | 1.1s
[   395] loss=-2.3258 | res=1.50e-02 | grad=1.15e+00 | 1.1s
[   396] loss=-2.3075 | res=1.82e-02 | grad=4.89e-01 | 1.1s
[   397] loss=-2.2890 | res=1.45e-02 | grad=5.11e-01 | 1.1s
[   398] loss=-2.5150 | res=1.69e-02 | grad=4.24e-01 | 1.1s
[   399] loss=-2.2174 | res=1.94e-02 | grad=6.61e-01 | 1.1s
[   400] loss=-2.4786 | res=1.69e-02 | grad=6.19e-01 | 1.1s
[   401] loss=-2.2555 | res=1.61e-02 | grad=4.10e-01 | 1.1s
[   402] loss=-2.4166 | res=1.31e-02 | grad=3.83e-01 | 1.0s
[   403] loss=-2.2633 | res=1.78e-02 | grad=5.68e-01 | 1.0s
[   404] loss=-2.2179 | res=1.41e-02 | grad=1.98e-01 | 1.0s
[   405] loss=-2.2694 | res=1.88e-02 | grad=3.10e-01 | 1.0s
[   406] loss=-2.1467 | res=1.31e-02 | grad=2.59e-01 | 1.1s
[   407] loss=-2.4223 | res=1.27e-02 | grad=1.05e+00 | 1.0s
[   408] loss=-2.2209 | res=1.23e-02 | grad=4.66e-01 | 1.0s
[   409] loss=-2.4257 | res=1.68e-02 | grad=7.41e-01 | 1.0s
[   410] loss=-2.3192 | res=1.49e-02 | grad=4.34e-01 | 1.1s
[   411] loss=-2.2385 | res=1.81e-02 | grad=2.84e-01 | 1.0s
[   412] loss=-2.1882 | res=1.41e-02 | grad=3.52e-01 | 1.0s
[   413] loss=-2.5233 | res=1.53e-02 | grad=4.55e-01 | 1.1s
[   414] loss=-2.3288 | res=1.78e-02 | grad=6.87e-01 | 1.1s
[   415] loss=-2.2571 | res=1.82e-02 | grad=8.96e-01 | 1.1s
[   416] loss=-2.4241 | res=1.30e-02 | grad=2.14e-01 | 1.1s
[   417] loss=-2.3005 | res=1.39e-02 | grad=3.67e-01 | 1.1s
[   418] loss=-2.4434 | res=1.37e-02 | grad=3.61e-01 | 1.1s
[   419] loss=-2.1906 | res=1.58e-02 | grad=4.81e-01 | 1.1s
[   420] loss=-2.3953 | res=1.79e-02 | grad=3.66e-01 | 1.1s
[   421] loss=-2.3152 | res=1.70e-02 | grad=6.00e-01 | 1.1s
[   422] loss=-2.2388 | res=1.58e-02 | grad=4.47e-01 | 1.1s
[   423] loss=-2.3727 | res=1.26e-02 | grad=3.51e-01 | 1.1s
[   424] loss=-2.1589 | res=1.75e-02 | grad=2.73e-01 | 1.1s
[   425] loss=-2.2544 | res=1.79e-02 | grad=2.88e-01 | 1.1s
[   426] loss=-2.2952 | res=2.26e-02 | grad=2.98e-01 | 1.1s
[   427] loss=-2.5190 | res=1.75e-02 | grad=4.92e-01 | 1.1s
[   428] loss=-2.3876 | res=1.98e-02 | grad=4.21e-01 | 1.1s
[   429] loss=-2.3483 | res=1.42e-02 | grad=3.66e-01 | 1.1s
[   430] loss=-2.4582 | res=1.78e-02 | grad=3.68e-01 | 1.1s
[   431] loss=-2.2717 | res=1.75e-02 | grad=4.19e-01 | 1.1s
[   432] loss=-2.1668 | res=1.68e-02 | grad=7.13e-01 | 1.1s
[   433] loss=-2.3441 | res=1.38e-02 | grad=3.70e-01 | 1.1s
[   434] loss=-2.1616 | res=1.61e-02 | grad=4.97e-01 | 1.1s
[   435] loss=-2.2598 | res=1.46e-02 | grad=3.28e-01 | 1.1s
[   436] loss=-2.2397 | res=1.78e-02 | grad=5.60e-01 | 1.1s
[   437] loss=-2.4441 | res=1.56e-02 | grad=5.63e-01 | 1.1s
[   438] loss=-2.2388 | res=1.11e-02 | grad=6.71e-01 | 1.1s
[   439] loss=-2.2847 | res=1.47e-02 | grad=8.21e-01 | 1.1s
[   440] loss=-2.2619 | res=1.64e-02 | grad=1.90e-01 | 1.0s
[   441] loss=-2.4058 | res=1.55e-02 | grad=6.44e-01 | 1.1s
[   442] loss=-2.0287 | res=1.72e-02 | grad=8.60e-01 | 1.1s
[   443] loss=-2.2011 | res=1.23e-02 | grad=7.92e-01 | 1.1s
[   444] loss=-2.3428 | res=1.82e-02 | grad=3.46e-01 | 1.1s
[   445] loss=-2.3488 | res=1.57e-02 | grad=4.08e-01 | 1.1s
[   446] loss=-2.2152 | res=1.35e-02 | grad=5.61e-01 | 1.1s
[   447] loss=-2.1427 | res=1.91e-02 | grad=7.99e-01 | 1.1s
[   448] loss=-2.2524 | res=1.09e-02 | grad=3.68e-01 | 1.1s
[   449] loss=-2.3357 | res=1.21e-02 | grad=1.36e+00 | 1.1s
[   450] loss=-2.2114 | res=1.33e-02 | grad=4.77e-01 | 1.1s
[   451] loss=-2.2834 | res=1.04e-02 | grad=6.55e-01 | 1.1s
[   452] loss=-2.3428 | res=1.14e-02 | grad=2.90e-01 | 1.0s
[   453] loss=-2.3105 | res=1.49e-02 | grad=3.52e-01 | 1.0s
[   454] loss=-2.2957 | res=1.28e-02 | grad=4.63e-01 | 1.1s
[   455] loss=-2.3218 | res=1.61e-02 | grad=9.35e-01 | 1.1s
[   456] loss=-2.1995 | res=9.81e-03 | grad=4.04e-01 | 1.1s
[   457] loss=-2.2582 | res=1.46e-02 | grad=6.50e-01 | 1.1s
[   458] loss=-2.1070 | res=1.60e-02 | grad=6.32e-01 | 1.0s
[   459] loss=-2.3267 | res=1.43e-02 | grad=2.31e-01 | 1.1s
[   460] loss=-2.4199 | res=1.45e-02 | grad=7.88e-01 | 1.1s
[   461] loss=-2.3083 | res=1.72e-02 | grad=1.93e-01 | 1.1s
[   462] loss=-2.3279 | res=1.48e-02 | grad=2.68e-01 | 1.1s
[   463] loss=-2.3341 | res=8.74e-03 | grad=3.30e-01 | 1.1s
[   464] loss=-2.2192 | res=1.52e-02 | grad=9.67e-01 | 1.1s
[   465] loss=-2.3554 | res=1.09e-02 | grad=2.67e-01 | 1.1s
[   466] loss=-2.2541 | res=1.46e-02 | grad=2.37e-01 | 1.1s
[   467] loss=-2.1451 | res=1.91e-02 | grad=5.25e-01 | 1.1s
[   468] loss=-2.2909 | res=1.23e-02 | grad=2.34e-01 | 1.1s
[   469] loss=-2.5011 | res=1.14e-02 | grad=7.45e-01 | 1.1s
[   470] loss=-2.3555 | res=1.50e-02 | grad=4.74e-01 | 1.1s
[   471] loss=-2.2508 | res=1.96e-02 | grad=3.07e-01 | 1.1s
[   472] loss=-2.5730 | res=1.20e-02 | grad=6.17e-01 | 1.1s
[   473] loss=-2.2151 | res=1.15e-02 | grad=3.57e-01 | 1.1s
[   474] loss=-2.2371 | res=1.68e-02 | grad=7.36e-01 | 1.1s
[   475] loss=-2.2102 | res=1.20e-02 | grad=1.18e-01 | 1.1s
[   476] loss=-2.2404 | res=1.35e-02 | grad=5.32e-01 | 1.1s
[   477] loss=-2.3084 | res=2.07e-02 | grad=3.95e-01 | 1.1s
[   478] loss=-2.2958 | res=1.02e-02 | grad=4.93e-01 | 1.1s
[   479] loss=-2.4134 | res=1.16e-02 | grad=1.88e-01 | 1.1s
[   480] loss=-2.3670 | res=1.47e-02 | grad=3.25e-01 | 1.1s
[   481] loss=-2.3930 | res=1.15e-02 | grad=7.27e-01 | 1.1s
[   482] loss=-2.3146 | res=1.52e-02 | grad=4.67e-01 | 1.1s
[   483] loss=-2.3410 | res=1.71e-02 | grad=3.61e-01 | 1.1s
[   484] loss=-2.3267 | res=1.53e-02 | grad=3.04e-01 | 1.1s
[   485] loss=-2.2460 | res=1.20e-02 | grad=5.90e-01 | 1.1s
[   486] loss=-2.1598 | res=1.50e-02 | grad=5.25e-01 | 1.1s
[   487] loss=-2.3220 | res=1.47e-02 | grad=4.58e-01 | 1.1s
[   488] loss=-2.2853 | res=7.06e-03 | grad=4.31e-01 | 1.1s
[   489] loss=-2.2022 | res=1.86e-02 | grad=3.42e-01 | 1.1s
[   490] loss=-2.3517 | res=1.65e-02 | grad=2.25e-01 | 1.1s
[   491] loss=-2.2116 | res=1.33e-02 | grad=9.88e-01 | 1.1s
[   492] loss=-2.3025 | res=1.34e-02 | grad=4.93e-01 | 1.1s
[   493] loss=-2.1992 | res=1.36e-02 | grad=4.50e-01 | 1.1s
[   494] loss=-2.2165 | res=2.21e-02 | grad=5.65e-01 | 1.1s
[   495] loss=-2.3591 | res=1.57e-02 | grad=7.41e-01 | 1.1s
[   496] loss=-2.4302 | res=1.13e-02 | grad=5.56e-01 | 1.1s
[   497] loss=-2.4183 | res=2.26e-02 | grad=5.66e-01 | 1.1s
[   498] loss=-2.0578 | res=1.89e-02 | grad=5.86e-01 | 1.1s
[   499] loss=-2.3957 | res=1.42e-02 | grad=4.82e-01 | 1.0s
[   500] loss=-2.3416 | res=1.78e-02 | grad=2.16e-01 | 1.1s
[   501] loss=-2.3213 | res=1.79e-02 | grad=4.47e-01 | 1.1s
[   502] loss=-2.2556 | res=1.48e-02 | grad=4.17e-01 | 1.1s
[   503] loss=-2.3840 | res=1.43e-02 | grad=2.03e-01 | 1.1s
[   504] loss=-2.2795 | res=1.49e-02 | grad=3.93e-01 | 1.1s
[   505] loss=-2.2505 | res=1.76e-02 | grad=2.75e-01 | 1.1s
[   506] loss=-2.3015 | res=1.19e-02 | grad=2.99e-01 | 1.1s
[   507] loss=-2.2634 | res=1.63e-02 | grad=4.45e-01 | 1.1s
[   508] loss=-2.3950 | res=9.74e-03 | grad=3.53e-01 | 1.0s
[   509] loss=-2.2131 | res=1.59e-02 | grad=2.05e-01 | 1.1s
[   510] loss=-2.3500 | res=1.64e-02 | grad=3.48e-01 | 1.1s
[   511] loss=-2.2469 | res=1.23e-02 | grad=2.04e-01 | 1.1s
[   512] loss=-2.3020 | res=1.35e-02 | grad=3.58e-01 | 1.1s
[   513] loss=-2.1665 | res=1.43e-02 | grad=4.28e-01 | 1.1s
[   514] loss=-2.3153 | res=1.53e-02 | grad=3.53e-01 | 1.1s
[   515] loss=-2.2421 | res=1.59e-02 | grad=2.02e-01 | 1.1s
[   516] loss=-2.3440 | res=1.41e-02 | grad=1.02e+00 | 1.1s
[   517] loss=-2.2652 | res=1.69e-02 | grad=2.09e-01 | 1.1s
[   518] loss=-2.4774 | res=1.89e-02 | grad=8.89e-01 | 1.1s
[   519] loss=-2.0108 | res=1.45e-02 | grad=6.68e-01 | 1.1s
[   520] loss=-2.2870 | res=1.66e-02 | grad=4.09e-01 | 1.1s
[   521] loss=-2.2955 | res=1.87e-02 | grad=2.62e-01 | 1.1s
[   522] loss=-2.2370 | res=1.06e-02 | grad=5.23e-01 | 1.1s
[   523] loss=-2.3613 | res=1.36e-02 | grad=6.21e-01 | 1.1s
[   524] loss=-2.1217 | res=1.66e-02 | grad=3.95e-01 | 1.0s
[   525] loss=-2.1420 | res=1.67e-02 | grad=4.76e-01 | 1.1s
[   526] loss=-2.3560 | res=1.40e-02 | grad=6.55e-01 | 1.1s
[   527] loss=-2.1565 | res=1.22e-02 | grad=5.91e-01 | 1.1s
[   528] loss=-2.1317 | res=1.44e-02 | grad=5.07e-01 | 1.1s
[   529] loss=-2.6529 | res=1.34e-02 | grad=7.35e-01 | 1.1s
[   530] loss=-2.4090 | res=1.57e-02 | grad=3.05e-01 | 1.1s
[   531] loss=-2.5166 | res=1.37e-02 | grad=3.39e-01 | 1.1s
[   532] loss=-2.1654 | res=1.37e-02 | grad=6.67e-01 | 1.1s
[   533] loss=-2.3510 | res=1.63e-02 | grad=5.98e-01 | 1.1s
[   534] loss=-2.2983 | res=1.55e-02 | grad=6.17e-01 | 1.1s
[   535] loss=-2.4180 | res=1.45e-02 | grad=3.23e-01 | 1.1s
[   536] loss=-2.1876 | res=1.64e-02 | grad=2.82e-01 | 1.1s
[   537] loss=-2.2845 | res=1.39e-02 | grad=3.43e-01 | 1.1s
[   538] loss=-2.4097 | res=1.43e-02 | grad=6.62e-01 | 1.1s
[   539] loss=-2.5260 | res=1.31e-02 | grad=3.52e-01 | 1.1s
[   540] loss=-2.3647 | res=1.84e-02 | grad=1.42e-01 | 1.0s
[   541] loss=-2.4636 | res=1.03e-02 | grad=4.55e-01 | 1.1s
[   542] loss=-2.2456 | res=1.05e-02 | grad=4.09e-01 | 1.0s
[   543] loss=-2.3910 | res=9.87e-03 | grad=2.98e-01 | 1.1s
[   544] loss=-2.5505 | res=1.22e-02 | grad=5.12e-01 | 1.1s
[   545] loss=-2.1528 | res=1.44e-02 | grad=7.18e-01 | 1.1s
[   546] loss=-2.4231 | res=1.39e-02 | grad=5.22e-01 | 1.1s
[   547] loss=-2.3026 | res=1.28e-02 | grad=3.98e-01 | 1.1s
[   548] loss=-2.3682 | res=1.60e-02 | grad=2.85e-01 | 1.1s
[   549] loss=-2.3359 | res=1.22e-02 | grad=4.39e-01 | 1.1s
[   550] loss=-2.5015 | res=1.47e-02 | grad=3.19e-01 | 1.1s
[   551] loss=-2.1901 | res=1.67e-02 | grad=5.90e-01 | 1.1s
[   552] loss=-2.3493 | res=1.59e-02 | grad=4.05e-01 | 1.1s
[   553] loss=-2.1205 | res=1.64e-02 | grad=5.24e-01 | 1.0s
[   554] loss=-2.2932 | res=1.12e-02 | grad=3.81e-01 | 1.1s
[   555] loss=-2.2826 | res=1.06e-02 | grad=8.73e-01 | 1.1s
[   556] loss=-2.3313 | res=1.44e-02 | grad=6.66e-01 | 1.1s
[   557] loss=-2.4058 | res=1.26e-02 | grad=8.58e-01 | 1.0s
[   558] loss=-2.1520 | res=1.04e-02 | grad=2.83e-01 | 1.1s
[   559] loss=-2.4343 | res=2.01e-02 | grad=8.74e-01 | 1.1s
[   560] loss=-2.2390 | res=1.51e-02 | grad=6.01e-01 | 1.1s
[   561] loss=-2.2624 | res=1.49e-02 | grad=7.55e-01 | 1.1s
[   562] loss=-2.2972 | res=1.52e-02 | grad=5.76e-01 | 1.1s
[   563] loss=-2.1145 | res=1.16e-02 | grad=5.49e-01 | 1.1s
[   564] loss=-2.1235 | res=1.42e-02 | grad=6.42e-01 | 1.1s
[   565] loss=-2.1339 | res=1.20e-02 | grad=4.06e-01 | 1.0s
[   566] loss=-2.2703 | res=1.09e-02 | grad=4.26e-01 | 1.1s
[   567] loss=-2.5105 | res=9.26e-03 | grad=6.23e-01 | 1.1s
[   568] loss=-2.5049 | res=1.20e-02 | grad=7.17e-01 | 1.0s
[   569] loss=-2.3864 | res=1.21e-02 | grad=4.84e-01 | 1.1s
[   570] loss=-2.4546 | res=8.70e-03 | grad=5.44e-01 | 1.1s
[   571] loss=-2.2313 | res=1.49e-02 | grad=5.77e-01 | 1.1s
[   572] loss=-2.3139 | res=1.03e-02 | grad=2.09e-01 | 1.1s
[   573] loss=-2.3392 | res=1.15e-02 | grad=5.40e-01 | 1.0s
[   574] loss=-2.4173 | res=1.12e-02 | grad=3.26e-01 | 1.0s
[   575] loss=-2.4754 | res=1.08e-02 | grad=3.60e-01 | 1.1s
[   576] loss=-2.2524 | res=1.48e-02 | grad=4.97e-01 | 1.1s
[   577] loss=-2.1403 | res=1.50e-02 | grad=4.68e-01 | 1.1s
[   578] loss=-2.2203 | res=1.42e-02 | grad=7.62e-01 | 1.1s
[   579] loss=-2.3626 | res=1.33e-02 | grad=5.50e-01 | 1.1s
[   580] loss=-2.2978 | res=1.32e-02 | grad=2.50e-01 | 1.1s
[   581] loss=-2.2287 | res=1.97e-02 | grad=6.73e-01 | 1.1s
[   582] loss=-2.3265 | res=9.15e-03 | grad=2.39e-01 | 1.1s
[   583] loss=-2.4090 | res=9.77e-03 | grad=4.99e-01 | 1.1s
[   584] loss=-2.3240 | res=1.46e-02 | grad=4.52e-01 | 1.1s
[   585] loss=-2.3429 | res=1.38e-02 | grad=3.59e-01 | 1.1s
[   586] loss=-2.2183 | res=1.39e-02 | grad=4.15e-01 | 1.1s
[   587] loss=-2.2642 | res=1.15e-02 | grad=1.81e-01 | 1.1s
[   588] loss=-2.4069 | res=9.66e-03 | grad=4.50e-01 | 1.1s
[   589] loss=-2.4121 | res=1.13e-02 | grad=5.23e-01 | 1.1s
[   590] loss=-2.2077 | res=1.70e-02 | grad=2.23e-01 | 1.1s
[   591] loss=-2.5138 | res=1.25e-02 | grad=6.31e-01 | 1.0s
[   592] loss=-2.1427 | res=1.10e-02 | grad=4.94e-01 | 1.0s
[   593] loss=-2.1780 | res=1.63e-02 | grad=2.29e-01 | 1.1s
[   594] loss=-2.2130 | res=1.28e-02 | grad=3.86e-01 | 1.0s
[   595] loss=-2.2075 | res=1.21e-02 | grad=5.54e-01 | 1.1s
[   596] loss=-2.4320 | res=1.38e-02 | grad=3.15e-01 | 1.0s
[   597] loss=-2.4324 | res=1.30e-02 | grad=3.29e-01 | 1.1s
[   598] loss=-2.2955 | res=1.54e-02 | grad=4.20e-01 | 1.0s
[   599] loss=-2.4565 | res=1.36e-02 | grad=4.82e-01 | 1.1s
[   600] loss=-2.1475 | res=1.41e-02 | grad=3.49e-01 | 1.1s
[   601] loss=-2.2810 | res=9.99e-03 | grad=5.09e-01 | 1.1s
[   602] loss=-2.3694 | res=1.36e-02 | grad=7.28e-01 | 1.1s
[   603] loss=-2.3398 | res=1.23e-02 | grad=4.58e-01 | 1.1s
[   604] loss=-2.5537 | res=1.18e-02 | grad=5.16e-01 | 1.1s
[   605] loss=-2.1696 | res=1.55e-02 | grad=2.89e-01 | 1.1s
[   606] loss=-2.2259 | res=1.16e-02 | grad=2.00e-01 | 1.1s
[   607] loss=-2.0764 | res=1.04e-02 | grad=7.15e-01 | 1.0s
[   608] loss=-2.1255 | res=1.43e-02 | grad=4.90e-01 | 1.1s
[   609] loss=-2.4145 | res=1.05e-02 | grad=2.16e-01 | 1.1s
[   610] loss=-2.4258 | res=1.69e-02 | grad=6.93e-01 | 1.1s
[   611] loss=-2.2494 | res=1.16e-02 | grad=4.15e-01 | 1.1s
[   612] loss=-2.3459 | res=1.14e-02 | grad=2.36e-01 | 1.1s
[   613] loss=-2.1492 | res=1.05e-02 | grad=3.00e-01 | 1.1s
[   614] loss=-2.2893 | res=1.60e-02 | grad=5.24e-01 | 1.1s
[   615] loss=-2.4469 | res=1.23e-02 | grad=3.05e-01 | 1.0s
[   616] loss=-2.5095 | res=1.40e-02 | grad=6.75e-01 | 1.1s
[   617] loss=-2.4418 | res=1.52e-02 | grad=4.16e-01 | 1.1s
[   618] loss=-2.3007 | res=1.55e-02 | grad=3.61e-01 | 1.1s
[   619] loss=-2.2925 | res=9.25e-03 | grad=4.62e-01 | 1.0s
[   620] loss=-2.1582 | res=1.10e-02 | grad=4.97e-01 | 1.1s
[   621] loss=-2.2911 | res=1.25e-02 | grad=4.65e-01 | 1.1s
[   622] loss=-2.5137 | res=9.27e-03 | grad=3.51e-01 | 1.1s
[   623] loss=-2.2880 | res=1.29e-02 | grad=1.90e-01 | 1.1s
[   624] loss=-2.4022 | res=1.37e-02 | grad=6.36e-01 | 1.1s
[   625] loss=-2.7623 | res=1.24e-02 | grad=7.01e-01 | 1.1s
[   626] loss=-2.2172 | res=1.41e-02 | grad=3.96e-01 | 1.1s
[   627] loss=-2.2965 | res=1.73e-02 | grad=2.79e-01 | 1.1s
[   628] loss=-2.3531 | res=1.31e-02 | grad=2.39e-01 | 1.1s
[   629] loss=-2.4743 | res=1.41e-02 | grad=6.48e-01 | 1.1s
[   630] loss=-2.2671 | res=1.34e-02 | grad=2.47e-01 | 1.1s
[   631] loss=-2.3809 | res=1.14e-02 | grad=2.56e-01 | 1.1s
[   632] loss=-2.2785 | res=1.35e-02 | grad=3.37e-01 | 1.0s
[   633] loss=-2.1037 | res=9.59e-03 | grad=9.07e-01 | 1.1s
[   634] loss=-2.3746 | res=1.43e-02 | grad=5.52e-01 | 1.1s
[   635] loss=-2.1563 | res=1.07e-02 | grad=6.16e-01 | 1.0s
[   636] loss=-2.3330 | res=1.18e-02 | grad=3.82e-01 | 1.0s
[   637] loss=-2.4642 | res=1.44e-02 | grad=6.67e-01 | 1.1s
[   638] loss=-2.3626 | res=1.35e-02 | grad=3.62e-01 | 1.1s
[   639] loss=-2.4446 | res=1.47e-02 | grad=6.54e-01 | 1.0s
[   640] loss=-2.5033 | res=1.32e-02 | grad=5.29e-01 | 1.1s
[   641] loss=-2.4161 | res=1.22e-02 | grad=4.94e-01 | 1.1s
[   642] loss=-2.3235 | res=1.40e-02 | grad=6.06e-01 | 1.1s
[   643] loss=-2.2485 | res=1.26e-02 | grad=2.35e-01 | 1.1s
[   644] loss=-2.4726 | res=1.05e-02 | grad=3.63e-01 | 1.0s
[   645] loss=-2.0949 | res=1.66e-02 | grad=5.89e-01 | 1.0s
[   646] loss=-2.4553 | res=1.20e-02 | grad=5.31e-01 | 1.1s
[   647] loss=-2.3600 | res=1.28e-02 | grad=6.10e-01 | 1.1s
[   648] loss=-2.3649 | res=1.56e-02 | grad=3.46e-01 | 1.1s
[   649] loss=-2.3940 | res=1.36e-02 | grad=4.06e-01 | 1.1s
[   650] loss=-2.3500 | res=9.33e-03 | grad=4.19e-01 | 1.0s
[   651] loss=-2.3013 | res=8.80e-03 | grad=2.56e-01 | 1.1s
[   652] loss=-2.2534 | res=1.76e-02 | grad=4.81e-01 | 1.0s
[   653] loss=-2.1960 | res=9.12e-03 | grad=6.65e-01 | 1.0s
[   654] loss=-2.5583 | res=1.11e-02 | grad=6.63e-01 | 1.0s
[   655] loss=-2.1060 | res=1.44e-02 | grad=3.15e-01 | 1.1s
[   656] loss=-2.2401 | res=1.17e-02 | grad=6.46e-01 | 1.1s
[   657] loss=-2.3285 | res=1.48e-02 | grad=6.86e-01 | 1.1s
[   658] loss=-2.2462 | res=1.09e-02 | grad=3.04e-01 | 1.0s
[   659] loss=-2.2695 | res=1.40e-02 | grad=5.58e-01 | 1.1s
[   660] loss=-2.3978 | res=1.56e-02 | grad=8.91e-01 | 1.1s
[   661] loss=-2.3386 | res=1.70e-02 | grad=4.33e-01 | 1.1s
[   662] loss=-2.3695 | res=1.44e-02 | grad=3.77e-01 | 1.1s
[   663] loss=-2.3256 | res=1.45e-02 | grad=3.14e-01 | 1.1s
[   664] loss=-2.4974 | res=1.15e-02 | grad=3.57e-01 | 1.0s
[   665] loss=-2.3543 | res=1.19e-02 | grad=3.80e-01 | 1.1s
[   666] loss=-2.4611 | res=1.47e-02 | grad=2.48e-01 | 1.1s
[   667] loss=-2.4167 | res=1.23e-02 | grad=2.86e-01 | 1.1s
[   668] loss=-2.3814 | res=9.52e-03 | grad=5.53e-01 | 1.0s
[   669] loss=-2.1393 | res=1.46e-02 | grad=6.33e-01 | 1.1s
[   670] loss=-2.0930 | res=1.58e-02 | grad=8.49e-01 | 1.0s
[   671] loss=-2.2186 | res=9.57e-03 | grad=4.67e-01 | 1.1s
[   672] loss=-2.3897 | res=1.07e-02 | grad=3.31e-01 | 1.1s
[   673] loss=-2.2982 | res=1.38e-02 | grad=3.41e-01 | 1.1s
[   674] loss=-2.4125 | res=1.16e-02 | grad=5.20e-01 | 1.1s
[   675] loss=-2.1792 | res=1.14e-02 | grad=5.87e-01 | 1.1s
[   676] loss=-2.3140 | res=1.11e-02 | grad=4.99e-01 | 1.1s
[   677] loss=-2.1155 | res=9.56e-03 | grad=5.66e-01 | 1.1s
[   678] loss=-2.3156 | res=1.27e-02 | grad=3.84e-01 | 1.1s
[   679] loss=-2.4503 | res=9.70e-03 | grad=5.11e-01 | 1.1s
[   680] loss=-2.3218 | res=1.22e-02 | grad=8.10e-01 | 1.1s
[   681] loss=-2.2342 | res=1.64e-02 | grad=4.75e-01 | 1.1s
[   682] loss=-2.0471 | res=1.09e-02 | grad=5.96e-01 | 1.1s
[   683] loss=-2.3409 | res=1.11e-02 | grad=5.47e-01 | 1.1s
[   684] loss=-2.3071 | res=1.01e-02 | grad=5.89e-01 | 1.1s
[   685] loss=-2.2571 | res=9.99e-03 | grad=3.53e-01 | 1.1s
[   686] loss=-2.2173 | res=8.46e-03 | grad=8.82e-01 | 1.1s
[   687] loss=-2.5064 | res=1.08e-02 | grad=6.14e-01 | 1.1s
[   688] loss=-2.3718 | res=1.27e-02 | grad=2.55e-01 | 1.1s
[   689] loss=-2.4264 | res=1.33e-02 | grad=7.01e-01 | 1.1s
[   690] loss=-2.2817 | res=1.42e-02 | grad=1.81e-01 | 1.1s
[   691] loss=-2.2933 | res=1.15e-02 | grad=3.30e-01 | 1.1s
[   692] loss=-2.6019 | res=1.21e-02 | grad=4.49e-01 | 1.1s
[   693] loss=-2.4778 | res=1.41e-02 | grad=3.14e-01 | 1.1s
[   694] loss=-2.1567 | res=7.93e-03 | grad=1.07e+00 | 1.1s
[   695] loss=-2.4140 | res=1.26e-02 | grad=5.39e-01 | 1.1s
[   696] loss=-2.4698 | res=1.46e-02 | grad=2.85e-01 | 1.1s
[   697] loss=-2.1062 | res=1.02e-02 | grad=5.52e-01 | 1.1s
[   698] loss=-2.2852 | res=1.14e-02 | grad=2.86e-01 | 1.1s
[   699] loss=-2.5257 | res=7.26e-03 | grad=4.14e-01 | 1.1s
[   700] loss=-2.2165 | res=1.27e-02 | grad=2.43e-01 | 1.1s
[   701] loss=-2.1913 | res=1.49e-02 | grad=5.82e-01 | 1.1s
[   702] loss=-2.3788 | res=1.06e-02 | grad=5.22e-01 | 1.1s
[   703] loss=-2.3351 | res=1.39e-02 | grad=6.16e-01 | 1.1s
[   704] loss=-2.3503 | res=8.67e-03 | grad=6.82e-01 | 1.1s
[   705] loss=-2.3232 | res=1.16e-02 | grad=1.75e-01 | 1.1s
[   706] loss=-2.2120 | res=1.38e-02 | grad=2.03e-01 | 1.1s
[   707] loss=-2.2819 | res=1.30e-02 | grad=5.69e-01 | 1.1s
[   708] loss=-2.3093 | res=1.32e-02 | grad=2.34e-01 | 1.1s
[   709] loss=-2.3913 | res=9.35e-03 | grad=5.87e-01 | 1.1s
[   710] loss=-2.3518 | res=7.50e-03 | grad=2.53e-01 | 1.1s
[   711] loss=-2.2922 | res=1.40e-02 | grad=3.69e-01 | 1.1s
[   712] loss=-2.3016 | res=1.27e-02 | grad=3.18e-01 | 1.1s
[   713] loss=-2.3886 | res=9.28e-03 | grad=3.46e-01 | 1.1s
[   714] loss=-2.3611 | res=1.27e-02 | grad=5.26e-01 | 1.1s
[   715] loss=-2.4013 | res=1.33e-02 | grad=4.99e-01 | 1.1s
[   716] loss=-2.2165 | res=1.44e-02 | grad=4.55e-01 | 1.1s
[   717] loss=-2.4682 | res=1.03e-02 | grad=2.78e-01 | 1.1s
[   718] loss=-2.5361 | res=9.33e-03 | grad=4.60e-01 | 1.1s
[   719] loss=-2.2976 | res=1.41e-02 | grad=2.93e-01 | 1.1s
[   720] loss=-2.4453 | res=1.36e-02 | grad=3.83e-01 | 1.1s
[   721] loss=-2.2437 | res=1.29e-02 | grad=9.27e-01 | 1.0s
[   722] loss=-2.3314 | res=1.54e-02 | grad=5.76e-01 | 1.1s
[   723] loss=-2.1870 | res=9.78e-03 | grad=3.55e-01 | 1.1s
[   724] loss=-2.1451 | res=1.09e-02 | grad=4.14e-01 | 1.1s
[   725] loss=-2.4230 | res=1.08e-02 | grad=5.86e-01 | 1.1s
[   726] loss=-2.4119 | res=1.22e-02 | grad=5.99e-01 | 1.1s
[   727] loss=-2.1342 | res=8.42e-03 | grad=4.05e-01 | 1.1s
[   728] loss=-2.1714 | res=1.02e-02 | grad=3.75e-01 | 1.1s
[   729] loss=-2.2351 | res=1.16e-02 | grad=4.13e-01 | 1.1s
[   730] loss=-2.3626 | res=1.14e-02 | grad=5.64e-01 | 1.1s
[   731] loss=-2.3491 | res=1.57e-02 | grad=3.57e-01 | 1.1s
[   732] loss=-2.3568 | res=1.02e-02 | grad=4.14e-01 | 1.1s
[   733] loss=-2.4335 | res=1.14e-02 | grad=7.37e-01 | 1.1s
[   734] loss=-2.3205 | res=1.63e-02 | grad=5.85e-01 | 1.1s
[   735] loss=-2.2209 | res=1.05e-02 | grad=6.27e-01 | 1.1s
[   736] loss=-2.3167 | res=1.05e-02 | grad=9.65e-01 | 1.1s
[   737] loss=-2.3423 | res=8.81e-03 | grad=4.96e-01 | 1.1s
[   738] loss=-2.2680 | res=1.23e-02 | grad=6.65e-01 | 1.1s
[   739] loss=-2.2902 | res=1.30e-02 | grad=6.41e-01 | 1.1s
[   740] loss=-2.2641 | res=1.28e-02 | grad=5.86e-01 | 1.1s
[   741] loss=-2.2594 | res=1.02e-02 | grad=3.28e-01 | 1.1s
[   742] loss=-2.5362 | res=1.07e-02 | grad=4.31e-01 | 1.1s
[   743] loss=-2.1371 | res=9.60e-03 | grad=4.46e-01 | 1.1s
[   744] loss=-2.4300 | res=1.02e-02 | grad=8.42e-01 | 1.1s
[   745] loss=-2.4158 | res=1.30e-02 | grad=2.82e-01 | 1.1s
[   746] loss=-2.3051 | res=1.30e-02 | grad=3.30e-01 | 1.1s
[   747] loss=-2.3272 | res=1.13e-02 | grad=4.77e-01 | 1.1s
[   748] loss=-2.4454 | res=1.30e-02 | grad=5.35e-01 | 1.1s
[   749] loss=-2.3971 | res=9.21e-03 | grad=4.87e-01 | 1.1s
[   750] loss=-2.2702 | res=1.41e-02 | grad=2.40e-01 | 1.1s
[   751] loss=-2.3486 | res=1.30e-02 | grad=5.28e-01 | 1.0s
[   752] loss=-2.3764 | res=1.45e-02 | grad=2.72e-01 | 1.1s
[   753] loss=-2.3428 | res=6.89e-03 | grad=4.74e-01 | 1.1s
[   754] loss=-2.2446 | res=1.53e-02 | grad=2.43e-01 | 1.0s
[   755] loss=-2.2067 | res=1.25e-02 | grad=2.73e-01 | 1.1s
[   756] loss=-2.3099 | res=1.16e-02 | grad=3.76e-01 | 1.1s
[   757] loss=-2.3550 | res=1.11e-02 | grad=2.76e-01 | 1.1s
[   758] loss=-2.2144 | res=1.15e-02 | grad=4.16e-01 | 1.1s
[   759] loss=-2.2963 | res=1.25e-02 | grad=6.52e-01 | 1.1s
[   760] loss=-2.2691 | res=1.15e-02 | grad=7.79e-01 | 1.1s
[   761] loss=-2.3984 | res=1.26e-02 | grad=3.17e-01 | 1.1s
[   762] loss=-2.4161 | res=1.09e-02 | grad=5.29e-01 | 1.0s
[   763] loss=-2.2716 | res=1.52e-02 | grad=4.88e-01 | 1.1s
[   764] loss=-2.3017 | res=1.08e-02 | grad=8.26e-01 | 1.1s
[   765] loss=-2.2112 | res=1.18e-02 | grad=4.06e-01 | 1.1s
[   766] loss=-2.2468 | res=1.39e-02 | grad=2.78e-01 | 1.1s
[   767] loss=-2.3864 | res=1.13e-02 | grad=2.60e-01 | 1.1s
[   768] loss=-2.4300 | res=8.85e-03 | grad=2.77e-01 | 1.1s
[   769] loss=-2.1926 | res=7.91e-03 | grad=5.31e-01 | 1.1s
[   770] loss=-2.3067 | res=1.18e-02 | grad=3.46e-01 | 1.1s
[   771] loss=-2.1087 | res=1.54e-02 | grad=5.09e-01 | 1.1s
[   772] loss=-2.3272 | res=8.69e-03 | grad=3.21e-01 | 1.0s
[   773] loss=-2.3399 | res=1.05e-02 | grad=2.33e-01 | 1.1s
[   774] loss=-2.3121 | res=1.50e-02 | grad=4.21e-01 | 1.1s
[   775] loss=-2.3760 | res=8.80e-03 | grad=3.98e-01 | 1.1s
[   776] loss=-2.1615 | res=1.25e-02 | grad=3.85e-01 | 1.1s
[   777] loss=-2.2359 | res=1.49e-02 | grad=4.07e-01 | 1.1s
[   778] loss=-2.1193 | res=1.22e-02 | grad=3.31e-01 | 1.1s
[   779] loss=-2.2527 | res=1.10e-02 | grad=3.54e-01 | 1.1s
[   780] loss=-2.2352 | res=1.22e-02 | grad=1.34e-01 | 1.1s
[   781] loss=-2.3204 | res=7.15e-03 | grad=3.89e-01 | 1.1s
[   782] loss=-2.3992 | res=8.93e-03 | grad=7.10e-01 | 1.1s
[   783] loss=-2.2823 | res=1.05e-02 | grad=2.42e-01 | 1.1s
[   784] loss=-2.3637 | res=1.29e-02 | grad=2.62e-01 | 1.0s
[   785] loss=-2.3091 | res=1.20e-02 | grad=1.69e-01 | 1.1s
[   786] loss=-2.4771 | res=1.36e-02 | grad=7.54e-01 | 1.0s
[   787] loss=-2.4417 | res=9.91e-03 | grad=3.21e-01 | 1.1s
[   788] loss=-2.3831 | res=8.10e-03 | grad=1.56e-01 | 1.1s
[   789] loss=-2.1840 | res=1.44e-02 | grad=5.89e-01 | 1.1s
[   790] loss=-2.3901 | res=1.27e-02 | grad=4.91e-01 | 1.1s
[   791] loss=-2.0938 | res=1.25e-02 | grad=5.49e-01 | 1.0s
[   792] loss=-2.2882 | res=9.37e-03 | grad=2.53e-01 | 1.1s
[   793] loss=-2.2104 | res=1.08e-02 | grad=2.86e-01 | 1.0s
[   794] loss=-2.2993 | res=1.25e-02 | grad=1.31e-01 | 1.1s
[   795] loss=-2.2113 | res=1.09e-02 | grad=1.64e-01 | 1.1s
[   796] loss=-2.4660 | res=1.25e-02 | grad=6.14e-01 | 1.1s
[   797] loss=-2.4706 | res=9.53e-03 | grad=8.43e-01 | 1.0s
[   798] loss=-2.2118 | res=1.19e-02 | grad=3.09e-01 | 1.0s
[   799] loss=-2.2960 | res=1.31e-02 | grad=7.06e-01 | 1.1s
[   800] loss=-2.3469 | res=1.15e-02 | grad=5.15e-01 | 1.1s
[   801] loss=-2.3396 | res=1.27e-02 | grad=1.31e-01 | 1.1s
[   802] loss=-2.2270 | res=1.03e-02 | grad=2.32e-01 | 1.1s
[   803] loss=-2.4526 | res=1.17e-02 | grad=4.98e-01 | 1.1s
[   804] loss=-2.2802 | res=1.25e-02 | grad=1.41e-01 | 1.1s
[   805] loss=-2.1469 | res=1.12e-02 | grad=6.94e-01 | 1.1s
[   806] loss=-2.0908 | res=1.38e-02 | grad=4.37e-01 | 1.0s
[   807] loss=-2.5519 | res=1.36e-02 | grad=4.34e-01 | 1.1s
[   808] loss=-2.4431 | res=1.18e-02 | grad=2.70e-01 | 1.1s
[   809] loss=-2.4061 | res=1.02e-02 | grad=2.99e-01 | 1.1s
[   810] loss=-2.3964 | res=1.04e-02 | grad=6.19e-01 | 1.0s
[   811] loss=-2.3550 | res=1.38e-02 | grad=5.13e-01 | 1.0s
[   812] loss=-2.4784 | res=9.27e-03 | grad=2.12e-01 | 1.1s
[   813] loss=-2.2483 | res=1.15e-02 | grad=4.99e-01 | 1.1s
[   814] loss=-2.5067 | res=9.96e-03 | grad=4.43e-01 | 1.1s
[   815] loss=-2.0883 | res=1.26e-02 | grad=3.11e-01 | 1.0s
[   816] loss=-2.5876 | res=1.17e-02 | grad=2.20e-01 | 1.0s
[   817] loss=-2.1448 | res=1.29e-02 | grad=7.12e-01 | 1.1s
[   818] loss=-2.4613 | res=1.62e-02 | grad=6.97e-01 | 1.1s
[   819] loss=-2.3225 | res=1.32e-02 | grad=2.24e-01 | 1.0s
[   820] loss=-2.2824 | res=1.42e-02 | grad=5.23e-01 | 1.0s
[   821] loss=-2.3878 | res=1.28e-02 | grad=3.93e-01 | 1.1s
[   822] loss=-2.3464 | res=9.60e-03 | grad=3.84e-01 | 1.0s
[   823] loss=-2.2359 | res=1.39e-02 | grad=3.18e-01 | 1.1s
[   824] loss=-2.3506 | res=1.00e-02 | grad=3.18e-01 | 1.1s
[   825] loss=-2.3016 | res=1.05e-02 | grad=2.80e-01 | 1.1s
[   826] loss=-2.2765 | res=1.23e-02 | grad=3.73e-01 | 1.1s
[   827] loss=-2.2455 | res=1.32e-02 | grad=2.21e-01 | 1.0s
[   828] loss=-2.2649 | res=1.33e-02 | grad=2.54e-01 | 1.1s
[   829] loss=-2.2759 | res=1.61e-02 | grad=3.05e-01 | 1.1s
[   830] loss=-2.4691 | res=1.24e-02 | grad=2.85e-01 | 1.1s
[   831] loss=-2.3975 | res=6.93e-03 | grad=4.30e-01 | 1.1s
[   832] loss=-2.3369 | res=9.81e-03 | grad=4.08e-01 | 1.1s
[   833] loss=-2.3439 | res=1.21e-02 | grad=3.56e-01 | 1.1s
[   834] loss=-2.3164 | res=1.05e-02 | grad=5.01e-01 | 1.1s
[   835] loss=-2.4052 | res=1.32e-02 | grad=2.04e-01 | 1.1s
[   836] loss=-2.3407 | res=1.39e-02 | grad=2.22e-01 | 1.1s
[   837] loss=-2.1573 | res=1.07e-02 | grad=7.43e-01 | 1.1s
[   838] loss=-2.2983 | res=1.12e-02 | grad=3.30e-01 | 1.1s
[   839] loss=-2.3022 | res=1.10e-02 | grad=4.98e-01 | 1.1s
[   840] loss=-2.6263 | res=1.12e-02 | grad=5.69e-01 | 1.1s
[   841] loss=-2.4529 | res=1.30e-02 | grad=5.07e-01 | 1.1s
[   842] loss=-2.3918 | res=1.32e-02 | grad=5.32e-01 | 1.1s
[   843] loss=-2.4663 | res=9.02e-03 | grad=2.51e-01 | 1.1s
[   844] loss=-2.3328 | res=1.22e-02 | grad=2.65e-01 | 1.1s
[   845] loss=-2.3106 | res=1.16e-02 | grad=3.69e-01 | 1.0s
[   846] loss=-2.3596 | res=8.51e-03 | grad=2.58e-01 | 1.1s
[   847] loss=-2.4072 | res=1.29e-02 | grad=5.57e-01 | 1.0s
[   848] loss=-2.2829 | res=1.13e-02 | grad=5.57e-01 | 1.1s
[   849] loss=-2.5042 | res=1.26e-02 | grad=6.30e-01 | 1.0s
[   850] loss=-2.3863 | res=1.17e-02 | grad=3.31e-01 | 1.1s
[   851] loss=-2.2400 | res=1.39e-02 | grad=5.50e-01 | 1.0s
[   852] loss=-2.2577 | res=1.21e-02 | grad=3.16e-01 | 1.1s
[   853] loss=-2.4189 | res=1.25e-02 | grad=3.05e-01 | 1.1s
[   854] loss=-2.2463 | res=1.76e-02 | grad=4.60e-01 | 1.1s
[   855] loss=-2.5364 | res=8.55e-03 | grad=6.71e-01 | 1.1s
[   856] loss=-2.3680 | res=1.05e-02 | grad=6.01e-01 | 1.1s
[   857] loss=-2.4306 | res=9.26e-03 | grad=2.39e-01 | 1.1s
[   858] loss=-2.4291 | res=1.47e-02 | grad=2.98e-01 | 1.1s
[   859] loss=-2.2763 | res=1.04e-02 | grad=3.28e-01 | 1.1s
[   860] loss=-2.2569 | res=1.18e-02 | grad=5.22e-01 | 1.1s
[   861] loss=-2.4733 | res=1.27e-02 | grad=4.09e-01 | 1.1s
[   862] loss=-2.3213 | res=1.00e-02 | grad=4.28e-01 | 1.1s
[   863] loss=-2.4557 | res=1.25e-02 | grad=1.81e-01 | 1.0s
[   864] loss=-2.1034 | res=1.40e-02 | grad=7.16e-01 | 1.1s
[   865] loss=-2.3737 | res=1.18e-02 | grad=4.12e-01 | 1.1s
[   866] loss=-2.4919 | res=1.19e-02 | grad=5.86e-01 | 1.0s
[   867] loss=-2.3395 | res=1.32e-02 | grad=4.60e-01 | 1.1s
[   868] loss=-2.3105 | res=1.26e-02 | grad=1.73e-01 | 1.0s
[   869] loss=-2.3852 | res=8.06e-03 | grad=2.87e-01 | 1.1s
[   870] loss=-2.3026 | res=1.41e-02 | grad=5.06e-01 | 1.1s
[   871] loss=-2.4313 | res=1.38e-02 | grad=5.96e-01 | 1.1s
[   872] loss=-2.4547 | res=8.59e-03 | grad=3.52e-01 | 1.1s
[   873] loss=-2.3337 | res=1.03e-02 | grad=2.86e-01 | 1.1s
[   874] loss=-2.4098 | res=1.17e-02 | grad=8.03e-01 | 1.1s
[   875] loss=-2.2458 | res=1.11e-02 | grad=6.43e-01 | 1.1s
[   876] loss=-2.5720 | res=1.41e-02 | grad=1.69e-01 | 1.1s
[   877] loss=-2.2060 | res=1.03e-02 | grad=4.38e-01 | 1.0s
[   878] loss=-2.5568 | res=1.57e-02 | grad=5.30e-01 | 1.1s
[   879] loss=-2.4744 | res=1.23e-02 | grad=3.85e-01 | 1.1s
[   880] loss=-2.2728 | res=1.07e-02 | grad=3.49e-01 | 1.1s
[   881] loss=-2.3736 | res=9.36e-03 | grad=3.72e-01 | 1.1s
[   882] loss=-2.6311 | res=1.31e-02 | grad=6.59e-01 | 1.1s
[   883] loss=-2.3141 | res=1.32e-02 | grad=3.03e-01 | 1.0s
[   884] loss=-2.5859 | res=1.00e-02 | grad=6.33e-01 | 1.1s
[   885] loss=-2.2544 | res=1.48e-02 | grad=5.36e-01 | 1.1s
[   886] loss=-2.4058 | res=1.07e-02 | grad=1.76e-01 | 1.1s
[   887] loss=-2.2245 | res=1.25e-02 | grad=4.61e-01 | 1.1s
[   888] loss=-2.3975 | res=8.83e-03 | grad=5.55e-01 | 1.1s
[   889] loss=-2.3608 | res=8.93e-03 | grad=3.79e-01 | 1.0s
[   890] loss=-2.2324 | res=9.83e-03 | grad=4.44e-01 | 1.1s
[   891] loss=-2.3112 | res=1.10e-02 | grad=2.90e-01 | 1.1s
[   892] loss=-2.3237 | res=8.87e-03 | grad=3.78e-01 | 1.0s
[   893] loss=-2.6123 | res=1.23e-02 | grad=1.03e+00 | 1.1s
[   894] loss=-2.3720 | res=1.22e-02 | grad=4.44e-01 | 1.1s
[   895] loss=-2.4925 | res=1.16e-02 | grad=5.00e-01 | 1.0s
[   896] loss=-2.3979 | res=1.25e-02 | grad=5.07e-01 | 1.1s
[   897] loss=-2.2571 | res=1.33e-02 | grad=1.64e-01 | 1.1s
[   898] loss=-2.2953 | res=1.18e-02 | grad=3.25e-01 | 1.1s
[   899] loss=-2.1630 | res=1.46e-02 | grad=6.83e-01 | 1.1s
[   900] loss=-2.4672 | res=1.46e-02 | grad=2.44e-01 | 1.0s
[   901] loss=-2.2607 | res=9.85e-03 | grad=3.61e-01 | 1.1s
[   902] loss=-2.3644 | res=9.96e-03 | grad=3.31e-01 | 1.1s
[   903] loss=-2.3220 | res=1.01e-02 | grad=3.78e-01 | 1.1s
[   904] loss=-2.3055 | res=1.59e-02 | grad=3.49e-01 | 1.1s
[   905] loss=-2.5152 | res=1.16e-02 | grad=6.54e-01 | 1.0s
[   906] loss=-2.1558 | res=9.76e-03 | grad=5.23e-01 | 1.1s
[   907] loss=-2.2604 | res=7.99e-03 | grad=3.76e-01 | 1.1s
[   908] loss=-2.2474 | res=1.34e-02 | grad=4.21e-01 | 1.1s
[   909] loss=-2.3514 | res=1.41e-02 | grad=2.49e-01 | 1.1s
[   910] loss=-2.1778 | res=9.24e-03 | grad=2.32e-01 | 1.0s
[   911] loss=-2.2403 | res=9.87e-03 | grad=2.74e-01 | 1.1s
[   912] loss=-2.3643 | res=1.09e-02 | grad=4.46e-01 | 1.1s
[   913] loss=-2.4179 | res=1.11e-02 | grad=5.36e-01 | 1.0s
[   914] loss=-2.3932 | res=1.11e-02 | grad=2.61e-01 | 1.1s
[   915] loss=-2.2700 | res=9.10e-03 | grad=3.42e-01 | 1.1s
[   916] loss=-2.2302 | res=9.21e-03 | grad=4.35e-01 | 1.1s
[   917] loss=-2.3644 | res=8.36e-03 | grad=2.24e-01 | 1.0s
[   918] loss=-2.3144 | res=1.20e-02 | grad=4.12e-01 | 1.1s
[   919] loss=-2.1783 | res=1.46e-02 | grad=4.60e-01 | 1.1s
[   920] loss=-2.4364 | res=1.10e-02 | grad=2.63e-01 | 1.1s
[   921] loss=-2.3606 | res=1.37e-02 | grad=3.24e-01 | 1.1s
[   922] loss=-2.3277 | res=7.88e-03 | grad=5.09e-01 | 1.1s
[   923] loss=-2.2178 | res=1.10e-02 | grad=2.69e-01 | 1.0s
[   924] loss=-2.2486 | res=9.09e-03 | grad=3.35e-01 | 1.0s
[   925] loss=-2.1142 | res=9.43e-03 | grad=2.59e-01 | 1.1s
[   926] loss=-2.3121 | res=9.84e-03 | grad=3.39e-01 | 1.0s
[   927] loss=-2.1995 | res=6.80e-03 | grad=3.41e-01 | 1.1s
[   928] loss=-2.3777 | res=1.07e-02 | grad=5.39e-01 | 1.0s
[   929] loss=-2.1566 | res=8.71e-03 | grad=3.61e-01 | 1.1s
[   930] loss=-2.4087 | res=1.08e-02 | grad=4.93e-01 | 1.1s
[   931] loss=-2.2314 | res=1.20e-02 | grad=2.88e-01 | 1.1s
[   932] loss=-2.2947 | res=7.76e-03 | grad=9.65e-02 | 1.1s
[   933] loss=-2.2814 | res=1.04e-02 | grad=4.72e-01 | 1.1s
[   934] loss=-2.2650 | res=8.53e-03 | grad=3.58e-01 | 1.1s
[   935] loss=-2.3398 | res=1.09e-02 | grad=1.69e-01 | 1.0s
[   936] loss=-2.4066 | res=9.78e-03 | grad=3.62e-01 | 1.1s
[   937] loss=-2.2626 | res=1.21e-02 | grad=2.62e-01 | 1.1s
[   938] loss=-2.2734 | res=9.56e-03 | grad=2.58e-01 | 1.1s
[   939] loss=-2.1923 | res=8.98e-03 | grad=3.98e-01 | 1.1s
[   940] loss=-2.2141 | res=1.26e-02 | grad=4.87e-01 | 1.1s
[   941] loss=-2.4879 | res=8.24e-03 | grad=3.84e-01 | 1.1s
[   942] loss=-2.3214 | res=1.02e-02 | grad=3.63e-01 | 1.1s
[   943] loss=-2.3068 | res=9.47e-03 | grad=5.14e-01 | 1.1s
[   944] loss=-2.3150 | res=1.21e-02 | grad=7.30e-01 | 1.1s
[   945] loss=-2.3420 | res=8.34e-03 | grad=4.30e-01 | 1.1s
[   946] loss=-2.2245 | res=8.60e-03 | grad=4.98e-01 | 1.1s
[   947] loss=-2.2905 | res=1.08e-02 | grad=2.08e-01 | 1.0s
[   948] loss=-2.1047 | res=1.05e-02 | grad=4.59e-01 | 1.0s
[   949] loss=-2.3589 | res=1.03e-02 | grad=3.26e-01 | 1.1s
[   950] loss=-2.4883 | res=1.21e-02 | grad=7.78e-01 | 1.0s
[   951] loss=-2.3995 | res=7.07e-03 | grad=6.19e-01 | 1.0s
[   952] loss=-2.2165 | res=8.77e-03 | grad=4.01e-01 | 1.0s
[   953] loss=-2.2008 | res=7.55e-03 | grad=7.05e-01 | 1.1s
[   954] loss=-2.4772 | res=6.88e-03 | grad=4.24e-01 | 1.1s
[   955] loss=-2.3390 | res=8.41e-03 | grad=4.42e-01 | 1.1s
[   956] loss=-2.3714 | res=1.00e-02 | grad=2.36e-01 | 1.1s
[   957] loss=-2.2164 | res=7.20e-03 | grad=7.88e-01 | 1.1s
[   958] loss=-2.3931 | res=8.86e-03 | grad=4.02e-01 | 1.1s
[   959] loss=-2.4159 | res=8.07e-03 | grad=2.40e-01 | 1.1s
[   960] loss=-2.3769 | res=1.20e-02 | grad=2.02e-01 | 1.1s
[   961] loss=-2.2410 | res=6.74e-03 | grad=2.52e-01 | 1.1s
[   962] loss=-2.0754 | res=1.07e-02 | grad=4.45e-01 | 1.1s
[   963] loss=-2.3149 | res=1.11e-02 | grad=2.67e-01 | 1.1s
[   964] loss=-2.5015 | res=8.89e-03 | grad=5.75e-01 | 1.1s
[   965] loss=-2.3513 | res=1.19e-02 | grad=4.16e-01 | 1.1s
[   966] loss=-2.4849 | res=8.11e-03 | grad=5.16e-01 | 1.1s
[   967] loss=-2.4680 | res=9.99e-03 | grad=5.16e-01 | 1.1s
[   968] loss=-2.3000 | res=6.68e-03 | grad=4.84e-01 | 1.0s
[   969] loss=-2.4006 | res=1.04e-02 | grad=2.27e-01 | 1.1s
[   970] loss=-2.2588 | res=9.73e-03 | grad=2.67e-01 | 1.1s
[   971] loss=-2.2891 | res=8.17e-03 | grad=6.01e-01 | 1.1s
[   972] loss=-2.2119 | res=8.29e-03 | grad=3.80e-01 | 1.1s
[   973] loss=-2.3160 | res=1.14e-02 | grad=5.05e-01 | 1.1s
[   974] loss=-2.5234 | res=1.11e-02 | grad=4.94e-01 | 1.1s
[   975] loss=-2.1284 | res=9.49e-03 | grad=4.69e-01 | 1.1s
[   976] loss=-2.2212 | res=9.86e-03 | grad=3.16e-01 | 1.1s
[   977] loss=-2.2482 | res=8.36e-03 | grad=2.20e-01 | 1.0s
[   978] loss=-2.1853 | res=1.28e-02 | grad=2.99e-01 | 1.1s
[   979] loss=-2.1946 | res=1.37e-02 | grad=1.63e-01 | 1.1s
[   980] loss=-2.1526 | res=8.87e-03 | grad=4.50e-01 | 1.1s
[   981] loss=-2.2008 | res=5.37e-03 | grad=4.94e-01 | 1.0s
[   982] loss=-2.2430 | res=7.59e-03 | grad=2.52e-01 | 1.0s
[   983] loss=-2.3359 | res=1.30e-02 | grad=6.51e-01 | 1.1s
[   984] loss=-2.2089 | res=9.98e-03 | grad=4.18e-01 | 1.1s
[   985] loss=-2.3290 | res=8.26e-03 | grad=3.45e-01 | 1.0s
[   986] loss=-2.2593 | res=8.83e-03 | grad=2.70e-01 | 1.1s
[   987] loss=-2.1891 | res=9.53e-03 | grad=3.65e-01 | 1.1s
[   988] loss=-2.3470 | res=1.00e-02 | grad=1.94e-01 | 1.1s
[   989] loss=-2.3090 | res=8.15e-03 | grad=4.44e-01 | 1.1s
[   990] loss=-2.1968 | res=1.04e-02 | grad=7.38e-01 | 1.1s
[   991] loss=-2.1917 | res=5.31e-03 | grad=4.20e-01 | 1.1s
[   992] loss=-2.3664 | res=1.10e-02 | grad=3.76e-01 | 1.1s
[   993] loss=-2.3560 | res=1.12e-02 | grad=5.26e-01 | 1.0s
[   994] loss=-2.2211 | res=9.49e-03 | grad=5.48e-01 | 1.1s
[   995] loss=-2.3673 | res=1.19e-02 | grad=3.98e-01 | 1.1s
[   996] loss=-2.5141 | res=1.14e-02 | grad=7.76e-01 | 1.1s
[   997] loss=-2.1342 | res=1.01e-02 | grad=3.26e-01 | 1.0s
[   998] loss=-2.3631 | res=1.17e-02 | grad=3.66e-01 | 1.1s
[   999] loss=-2.3711 | res=8.01e-03 | grad=5.92e-01 | 1.0s
[  1000] loss=-2.2540 | res=1.16e-02 | grad=4.22e-01 | 1.1s
    KL = 0.2372
    ESS ratio = 0.875
    Runtime = 1071.1s

  [Ours Summary for T2]
    KL = 0.2242 ± 0.0350
    ESS = 0.818 ± 0.032
    Runtime = 1070.5 ± 1.3s

[RCPM gamma=1.0] Running 5 independent training runs...

  --- Run 1/5 (seed=12345) ---
    [ 5000] loss = 0.6604
    KL = 0.9050
    ESS ratio = 0.478
    Runtime = 62.9s

  --- Run 2/5 (seed=23456) ---
    [ 5000] loss = 1.0946
    KL = 0.9064
    ESS ratio = 0.641
    Runtime = 60.2s

  --- Run 3/5 (seed=34567) ---
    [ 5000] loss = 0.9610
    KL = 1.0072
    ESS ratio = 0.491
    Runtime = 61.7s

  --- Run 4/5 (seed=45678) ---
    [ 5000] loss = 0.5431
    KL = 0.9156
    ESS ratio = 0.613
    Runtime = 63.4s

  --- Run 5/5 (seed=56789) ---
    [ 5000] loss = 1.0389
    KL = 0.9206
    ESS ratio = 0.515
    Runtime = 63.2s

  [RCPM Summary for T2]
    KL = 0.9310 ± 0.0172
    ESS = 0.548 ± 0.030
    Runtime = 62.3 ± 0.5s

======================================================================
FINAL RESULTS TABLE
======================================================================
Manifold   Method     KL                   ESS Ratio            Runtime (s)    
---------------------------------------------------------------------------
S2         Ours       0.0443 ± 0.0024      0.948 ± 0.004        1096.7 ± 5.2   
S2         RCPM       0.0037 ± 0.0009      0.996 ± 0.000        38.7 ± 0.5     
T2         Ours       0.2242 ± 0.0350      0.818 ± 0.032        1070.5 ± 1.3   
T2         RCPM       0.9310 ± 0.0172      0.548 ± 0.030        62.3 ± 0.5     

Saved: experiments/final_results/table_results.npz

======================================================================
LATEX TABLE
======================================================================
\begin{tabular}{lcccccc}
\hline
 & \multicolumn{3}{c|}{$\mathbb{S}^{2}$} & \multicolumn{3}{c}{$\mathbb{T}^{2}$} \\
\cline{2-7}
 \textbf{Model} & KL $\downarrow$ & ESS $\uparrow$ & Time (s) $\downarrow$
 & KL $\downarrow$ & ESS $\uparrow$ & Time (s) $\downarrow$\\
\hline
Ours & 0.04 $\pm$ 0.00 & 0.95 $\pm$ 0.00 & 1097 $\pm$ 5 & 0.22 $\pm$ 0.04 & 0.82 $\pm$ 0.03 & 1071 $\pm$ 1 \\
RCPM~\citep{lou2020neural} & 0.00 $\pm$ 0.00 & 1.00 $\pm$ 0.00 & 39 $\pm$ 0 & 0.93 $\pm$ 0.02 & 0.55 $\pm$ 0.03 & 62 $\pm$ 1 \\
\hline
\end{tabular}

Saved: experiments/final_results/table_results.tex
