nohup: ignoring input
Running on: [RocmDevice(id=0)]
Running experiments on: torus
Dimensions: [2, 5, 10, 20, 30, 40]
LANDMARK_METHOD = fps (candidates=4096)

======================================================================
DEFAULT CONFIGURATION PARAMETERS (from src/base.py)
======================================================================

[ModelConfig]
  network_type:   mlp
  hidden_dims:    (128, 128)
  n_landmarks:    128
  use_layernorm:  True
  last_scale:     0.01
  activation:     silu
  leaky_slope:    0.01
  softplus_beta:  1
  max_dist:       3.14159

[SolverConfig]
  inner_steps:      2500
  inner_lr:         0.05
  grad_clip:        None
  lr_decay:         False
  tolerance:        1e-06
  min_steps:        1000
  momentum:         0.0
  logsumexp_init:   True
  logsumexp_gamma:  0.1

[TrainingConfig]
  n_steps:        1000
  batch_size:     256
  learning_rate:  0.001
  lr_decay:       False
  lr_decay_alpha: 0.05
  log_every:      1
  eval_every:     None
  eval_size:      1024
  seed:           12345

======================================================================


======================================================================
RUNNING OUR METHOD ON TORUS
======================================================================

[Ours] Training on T2...
/home/sjbhatt/anaconda3/envs/rcpms-jax/lib/python3.10/site-packages/jax/_src/ops/scatter.py:92: FutureWarning: scatter inputs have incompatible types: cannot safely cast value from dtype=int64 to dtype=int32 with jax_numpy_dtype_promotion='standard'. In future JAX releases this will result in an error.
  warnings.warn(
/home/sjbhatt/anaconda3/envs/rcpms-jax/lib/python3.10/site-packages/jax/_src/ops/scatter.py:92: FutureWarning: scatter inputs have incompatible types: cannot safely cast value from dtype=int64 to dtype=int32 with jax_numpy_dtype_promotion='standard'. In future JAX releases this will result in an error.
  warnings.warn(
[     1] loss=0.0509 | res=1.88e-03 | grad=8.19e+00 | 10.4s
[     2] loss=-0.1121 | res=2.04e-03 | grad=7.98e+00 | 1.0s
[     3] loss=-0.2777 | res=2.13e-03 | grad=8.06e+00 | 1.1s
[     4] loss=-0.4334 | res=4.81e-03 | grad=8.06e+00 | 1.1s
[     5] loss=-0.5870 | res=4.84e-03 | grad=8.06e+00 | 1.1s
[     6] loss=-0.7321 | res=5.02e-03 | grad=8.32e+00 | 1.1s
[     7] loss=-0.9008 | res=6.47e-03 | grad=8.60e+00 | 1.1s
[     8] loss=-1.0767 | res=6.18e-03 | grad=8.68e+00 | 1.1s
[     9] loss=-1.2221 | res=5.53e-03 | grad=8.32e+00 | 1.1s
[    10] loss=-1.4897 | res=7.39e-03 | grad=8.33e+00 | 1.1s
[    11] loss=-1.4888 | res=6.55e-03 | grad=6.80e+00 | 1.1s
[    12] loss=-1.6583 | res=7.64e-03 | grad=5.85e+00 | 1.0s
[    13] loss=-1.7536 | res=7.48e-03 | grad=4.93e+00 | 1.1s
[    14] loss=-1.7896 | res=5.28e-03 | grad=4.19e+00 | 1.0s
[    15] loss=-1.9159 | res=5.53e-03 | grad=3.71e+00 | 1.1s
[    16] loss=-1.9097 | res=4.73e-03 | grad=3.06e+00 | 1.0s
[    17] loss=-1.9377 | res=3.91e-03 | grad=2.52e+00 | 1.0s
[    18] loss=-2.1523 | res=6.39e-03 | grad=2.17e+00 | 1.0s
[    19] loss=-2.1969 | res=6.70e-03 | grad=1.82e+00 | 1.1s
[    20] loss=-2.2752 | res=5.81e-03 | grad=1.58e+00 | 1.0s
[    21] loss=-2.2762 | res=7.09e-03 | grad=9.10e-01 | 1.1s
[    22] loss=-2.2614 | res=6.17e-03 | grad=6.64e-01 | 1.0s
[    23] loss=-2.3550 | res=7.48e-03 | grad=6.29e-01 | 1.1s
[    24] loss=-2.2656 | res=5.57e-03 | grad=3.70e-01 | 1.0s
[    25] loss=-2.1706 | res=3.64e-03 | grad=7.38e-01 | 1.1s
[    26] loss=-2.2523 | res=7.24e-03 | grad=8.96e-01 | 1.1s
[    27] loss=-2.2687 | res=5.51e-03 | grad=1.04e+00 | 1.1s
[    28] loss=-2.0595 | res=8.68e-03 | grad=1.25e+00 | 1.1s
[    29] loss=-2.0567 | res=9.98e-03 | grad=1.53e+00 | 1.0s
[    30] loss=-2.2502 | res=5.64e-03 | grad=1.21e+00 | 1.0s
[    31] loss=-2.3740 | res=5.18e-03 | grad=1.37e+00 | 1.1s
[    32] loss=-2.1906 | res=7.27e-03 | grad=1.23e+00 | 1.1s
[    33] loss=-2.4706 | res=1.20e-02 | grad=1.04e+00 | 1.1s
[    34] loss=-2.1729 | res=6.79e-03 | grad=1.31e+00 | 1.1s
[    35] loss=-1.9541 | res=1.10e-02 | grad=1.53e+00 | 1.1s
[    36] loss=-2.3394 | res=1.12e-02 | grad=6.12e-01 | 1.1s
[    37] loss=-2.2185 | res=9.38e-03 | grad=1.23e+00 | 1.0s
[    38] loss=-2.4183 | res=1.05e-02 | grad=1.21e+00 | 1.1s
[    39] loss=-2.2475 | res=9.75e-03 | grad=7.62e-01 | 1.1s
[    40] loss=-2.2734 | res=5.79e-03 | grad=5.06e-01 | 1.1s
[    41] loss=-2.2560 | res=7.42e-03 | grad=3.75e-01 | 1.1s
[    42] loss=-2.2824 | res=7.06e-03 | grad=6.57e-01 | 1.1s
[    43] loss=-2.2293 | res=7.31e-03 | grad=6.54e-01 | 1.1s
[    44] loss=-2.1307 | res=6.34e-03 | grad=6.53e-01 | 1.1s
[    45] loss=-2.4126 | res=7.31e-03 | grad=7.68e-01 | 1.0s
[    46] loss=-2.2525 | res=1.24e-02 | grad=9.95e-01 | 1.1s
[    47] loss=-2.2758 | res=8.85e-03 | grad=1.04e+00 | 1.1s
[    48] loss=-2.2755 | res=5.52e-03 | grad=8.53e-01 | 1.1s
[    49] loss=-2.2232 | res=8.22e-03 | grad=6.03e-01 | 1.1s
[    50] loss=-2.2945 | res=8.08e-03 | grad=7.37e-01 | 1.1s
[    51] loss=-2.3019 | res=9.13e-03 | grad=8.52e-01 | 1.0s
[    52] loss=-2.2995 | res=9.80e-03 | grad=9.16e-01 | 1.1s
[    53] loss=-2.3911 | res=8.67e-03 | grad=1.61e+00 | 1.1s
[    54] loss=-2.3906 | res=1.26e-02 | grad=7.65e-01 | 1.1s
[    55] loss=-2.3647 | res=6.20e-03 | grad=6.43e-01 | 1.1s
[    56] loss=-2.1405 | res=8.65e-03 | grad=7.47e-01 | 1.1s
[    57] loss=-2.0885 | res=9.30e-03 | grad=7.65e-01 | 1.1s
[    58] loss=-2.1480 | res=1.18e-02 | grad=6.52e-01 | 1.1s
[    59] loss=-2.2802 | res=9.13e-03 | grad=1.04e+00 | 1.1s
[    60] loss=-2.0802 | res=8.94e-03 | grad=1.03e+00 | 1.1s
[    61] loss=-2.1716 | res=6.93e-03 | grad=6.01e-01 | 1.1s
[    62] loss=-2.4107 | res=1.18e-02 | grad=5.08e-01 | 1.1s
[    63] loss=-2.3662 | res=7.96e-03 | grad=6.46e-01 | 1.1s
[    64] loss=-2.0586 | res=5.56e-03 | grad=1.05e+00 | 1.1s
[    65] loss=-2.2955 | res=1.10e-02 | grad=4.73e-01 | 1.1s
[    66] loss=-2.3089 | res=1.02e-02 | grad=7.93e-01 | 1.1s
[    67] loss=-2.3812 | res=7.84e-03 | grad=3.99e-01 | 1.1s
[    68] loss=-2.4203 | res=7.29e-03 | grad=9.21e-01 | 1.1s
[    69] loss=-2.3810 | res=1.18e-02 | grad=2.53e-01 | 1.0s
[    70] loss=-2.3108 | res=9.49e-03 | grad=3.58e-01 | 1.1s
[    71] loss=-2.2848 | res=1.24e-02 | grad=5.69e-01 | 1.1s
[    72] loss=-2.4564 | res=1.08e-02 | grad=4.41e-01 | 1.1s
[    73] loss=-2.5459 | res=1.05e-02 | grad=4.79e-01 | 1.1s
[    74] loss=-2.1661 | res=8.59e-03 | grad=4.94e-01 | 1.1s
[    75] loss=-2.3989 | res=6.27e-03 | grad=5.21e-01 | 1.1s
[    76] loss=-2.3169 | res=1.06e-02 | grad=2.45e-01 | 1.1s
[    77] loss=-2.1745 | res=9.02e-03 | grad=5.89e-01 | 1.1s
[    78] loss=-2.2369 | res=9.28e-03 | grad=4.34e-01 | 1.0s
[    79] loss=-2.0880 | res=1.16e-02 | grad=5.78e-01 | 1.1s
[    80] loss=-2.2223 | res=7.80e-03 | grad=3.77e-01 | 1.1s
[    81] loss=-2.4501 | res=1.02e-02 | grad=7.35e-01 | 1.1s
[    82] loss=-2.0198 | res=1.33e-02 | grad=9.07e-01 | 1.0s
[    83] loss=-2.3700 | res=1.08e-02 | grad=6.54e-01 | 1.0s
[    84] loss=-2.4875 | res=1.00e-02 | grad=7.91e-01 | 1.1s
[    85] loss=-2.2908 | res=1.36e-02 | grad=4.57e-01 | 1.1s
[    86] loss=-2.2600 | res=1.32e-02 | grad=4.27e-01 | 1.0s
[    87] loss=-2.3444 | res=1.22e-02 | grad=2.58e-01 | 1.1s
[    88] loss=-2.2715 | res=1.48e-02 | grad=2.97e-01 | 1.1s
[    89] loss=-2.2154 | res=1.06e-02 | grad=2.01e-01 | 1.0s
[    90] loss=-2.2914 | res=1.19e-02 | grad=1.56e-01 | 1.0s
[    91] loss=-2.4796 | res=1.36e-02 | grad=4.36e-01 | 1.1s
[    92] loss=-2.1299 | res=1.00e-02 | grad=4.91e-01 | 1.1s
[    93] loss=-2.5506 | res=1.24e-02 | grad=3.75e-01 | 1.1s
[    94] loss=-2.2177 | res=1.02e-02 | grad=2.63e-01 | 1.0s
[    95] loss=-2.1274 | res=1.11e-02 | grad=7.01e-01 | 1.1s
[    96] loss=-2.5085 | res=1.16e-02 | grad=4.87e-01 | 1.1s
[    97] loss=-2.4396 | res=1.19e-02 | grad=2.41e-01 | 1.0s
[    98] loss=-2.1472 | res=9.14e-03 | grad=7.57e-01 | 1.0s
[    99] loss=-2.4294 | res=1.08e-02 | grad=2.31e-01 | 1.1s
[   100] loss=-2.2973 | res=1.46e-02 | grad=1.62e-01 | 1.0s
[   101] loss=-2.2656 | res=8.59e-03 | grad=6.32e-01 | 1.1s
[   102] loss=-2.3874 | res=1.13e-02 | grad=5.47e-01 | 1.1s
[   103] loss=-2.2623 | res=1.11e-02 | grad=4.43e-01 | 1.1s
[   104] loss=-2.4175 | res=1.31e-02 | grad=5.24e-01 | 1.1s
[   105] loss=-2.2782 | res=1.17e-02 | grad=1.68e-01 | 1.1s
[   106] loss=-2.1989 | res=1.14e-02 | grad=6.14e-01 | 1.0s
[   107] loss=-2.3352 | res=1.58e-02 | grad=3.00e-01 | 1.1s
[   108] loss=-2.3320 | res=1.88e-02 | grad=4.35e-01 | 1.1s
[   109] loss=-2.2072 | res=1.60e-02 | grad=4.20e-01 | 1.1s
[   110] loss=-2.2298 | res=1.59e-02 | grad=6.04e-01 | 1.1s
[   111] loss=-2.3128 | res=1.06e-02 | grad=8.59e-01 | 1.1s
[   112] loss=-2.2131 | res=1.57e-02 | grad=8.45e-01 | 1.1s
[   113] loss=-2.3428 | res=1.25e-02 | grad=3.63e-01 | 1.1s
[   114] loss=-2.4660 | res=1.66e-02 | grad=3.81e-01 | 1.1s
[   115] loss=-2.2331 | res=7.89e-03 | grad=1.75e-01 | 1.1s
[   116] loss=-2.2476 | res=1.16e-02 | grad=4.95e-01 | 1.1s
[   117] loss=-2.3380 | res=1.56e-02 | grad=3.61e-01 | 1.1s
[   118] loss=-2.3621 | res=1.31e-02 | grad=9.37e-01 | 1.1s
[   119] loss=-2.0435 | res=1.04e-02 | grad=9.09e-01 | 1.1s
[   120] loss=-2.4315 | res=1.30e-02 | grad=5.00e-01 | 1.1s
[   121] loss=-1.9105 | res=1.52e-02 | grad=7.71e-01 | 1.1s
[   122] loss=-2.4169 | res=1.23e-02 | grad=5.93e-01 | 1.0s
[   123] loss=-2.2127 | res=1.22e-02 | grad=7.22e-01 | 1.1s
[   124] loss=-2.4129 | res=1.48e-02 | grad=5.71e-01 | 1.1s
[   125] loss=-2.2144 | res=1.98e-02 | grad=7.61e-01 | 1.1s
[   126] loss=-2.5857 | res=1.28e-02 | grad=5.62e-01 | 1.1s
[   127] loss=-2.5773 | res=1.47e-02 | grad=1.05e+00 | 1.1s
[   128] loss=-2.4027 | res=1.45e-02 | grad=3.43e-01 | 1.1s
[   129] loss=-2.4810 | res=1.54e-02 | grad=2.94e-01 | 1.1s
[   130] loss=-2.2985 | res=1.23e-02 | grad=4.02e-01 | 1.1s
[   131] loss=-2.4361 | res=1.17e-02 | grad=3.88e-01 | 1.1s
[   132] loss=-2.3942 | res=1.05e-02 | grad=4.51e-01 | 1.1s
[   133] loss=-2.3152 | res=1.09e-02 | grad=7.00e-01 | 1.1s
[   134] loss=-2.3517 | res=1.36e-02 | grad=8.67e-01 | 1.1s
[   135] loss=-2.6752 | res=9.63e-03 | grad=9.15e-01 | 1.1s
[   136] loss=-2.2524 | res=1.52e-02 | grad=5.04e-01 | 1.1s
[   137] loss=-2.2324 | res=1.42e-02 | grad=5.70e-01 | 1.1s
[   138] loss=-2.3003 | res=1.29e-02 | grad=6.83e-01 | 1.1s
[   139] loss=-2.1340 | res=1.34e-02 | grad=4.78e-01 | 1.1s
[   140] loss=-2.1239 | res=1.44e-02 | grad=7.37e-01 | 1.1s
[   141] loss=-2.5659 | res=1.52e-02 | grad=7.75e-01 | 1.1s
[   142] loss=-2.0559 | res=1.24e-02 | grad=8.10e-01 | 1.1s
[   143] loss=-2.2082 | res=1.83e-02 | grad=4.85e-01 | 1.1s
[   144] loss=-2.3596 | res=1.11e-02 | grad=8.73e-01 | 1.1s
[   145] loss=-2.4253 | res=1.30e-02 | grad=4.98e-01 | 1.1s
[   146] loss=-2.1944 | res=1.46e-02 | grad=1.62e-01 | 1.0s
[   147] loss=-2.1966 | res=8.17e-03 | grad=4.51e-01 | 1.1s
[   148] loss=-2.2808 | res=1.43e-02 | grad=7.79e-01 | 1.1s
[   149] loss=-2.3008 | res=1.71e-02 | grad=1.02e+00 | 1.1s
[   150] loss=-2.3592 | res=1.45e-02 | grad=1.04e+00 | 1.1s
[   151] loss=-2.2130 | res=1.66e-02 | grad=3.21e-01 | 1.1s
[   152] loss=-2.3009 | res=1.46e-02 | grad=5.57e-01 | 1.1s
[   153] loss=-2.3562 | res=1.09e-02 | grad=3.46e-01 | 1.1s
[   154] loss=-2.4546 | res=1.17e-02 | grad=3.27e-01 | 1.0s
[   155] loss=-2.2580 | res=1.13e-02 | grad=1.33e-01 | 1.0s
[   156] loss=-2.4007 | res=1.54e-02 | grad=3.16e-01 | 1.1s
[   157] loss=-2.3022 | res=1.15e-02 | grad=6.03e-01 | 1.1s
[   158] loss=-2.4088 | res=9.19e-03 | grad=1.02e+00 | 1.1s
[   159] loss=-2.2993 | res=1.77e-02 | grad=5.95e-01 | 1.1s
[   160] loss=-2.3341 | res=1.42e-02 | grad=2.39e-01 | 1.1s
[   161] loss=-2.3174 | res=1.19e-02 | grad=6.77e-01 | 1.1s
[   162] loss=-2.3584 | res=1.39e-02 | grad=5.00e-01 | 1.1s
[   163] loss=-2.3969 | res=1.49e-02 | grad=2.63e-01 | 1.1s
[   164] loss=-2.2557 | res=1.21e-02 | grad=5.64e-01 | 1.1s
[   165] loss=-2.1901 | res=1.14e-02 | grad=5.84e-01 | 1.1s
[   166] loss=-2.3274 | res=1.19e-02 | grad=3.52e-01 | 1.0s
[   167] loss=-2.3668 | res=1.47e-02 | grad=6.99e-01 | 1.1s
[   168] loss=-2.2378 | res=1.21e-02 | grad=1.91e-01 | 1.1s
[   169] loss=-2.3132 | res=1.39e-02 | grad=3.54e-01 | 1.1s
[   170] loss=-2.1016 | res=1.21e-02 | grad=5.40e-01 | 1.0s
[   171] loss=-2.0483 | res=1.64e-02 | grad=5.59e-01 | 1.1s
[   172] loss=-2.5374 | res=1.60e-02 | grad=7.57e-01 | 1.1s
[   173] loss=-2.3179 | res=1.30e-02 | grad=4.74e-01 | 1.1s
[   174] loss=-2.2768 | res=1.24e-02 | grad=5.84e-01 | 1.1s
[   175] loss=-2.3629 | res=1.60e-02 | grad=5.42e-01 | 1.1s
[   176] loss=-2.2158 | res=1.41e-02 | grad=3.28e-01 | 1.1s
[   177] loss=-2.3791 | res=1.32e-02 | grad=3.35e-01 | 1.1s
[   178] loss=-2.1472 | res=1.23e-02 | grad=3.62e-01 | 1.1s
[   179] loss=-2.3265 | res=1.39e-02 | grad=3.17e-01 | 1.1s
[   180] loss=-2.4298 | res=1.06e-02 | grad=3.36e-01 | 1.1s
[   181] loss=-2.4909 | res=1.80e-02 | grad=3.25e-01 | 1.0s
[   182] loss=-2.3284 | res=1.10e-02 | grad=5.25e-01 | 1.0s
[   183] loss=-2.2599 | res=1.66e-02 | grad=3.00e-01 | 1.1s
[   184] loss=-2.4424 | res=1.08e-02 | grad=2.93e-01 | 1.1s
[   185] loss=-2.4202 | res=1.26e-02 | grad=3.45e-01 | 1.1s
[   186] loss=-2.4665 | res=1.58e-02 | grad=2.66e-01 | 1.0s
[   187] loss=-2.2678 | res=1.23e-02 | grad=8.85e-01 | 1.1s
[   188] loss=-2.3292 | res=1.49e-02 | grad=3.16e-01 | 1.1s
[   189] loss=-2.3188 | res=1.59e-02 | grad=2.15e-01 | 1.0s
[   190] loss=-2.4546 | res=1.10e-02 | grad=3.17e-01 | 1.1s
[   191] loss=-2.3072 | res=1.58e-02 | grad=4.23e-01 | 1.1s
[   192] loss=-2.3038 | res=1.56e-02 | grad=4.42e-01 | 1.1s
[   193] loss=-2.3611 | res=1.16e-02 | grad=6.41e-01 | 1.1s
[   194] loss=-2.1952 | res=1.60e-02 | grad=3.16e-01 | 1.0s
[   195] loss=-2.3385 | res=1.53e-02 | grad=6.34e-01 | 1.1s
[   196] loss=-2.3447 | res=1.58e-02 | grad=8.24e-01 | 1.1s
[   197] loss=-2.4183 | res=1.62e-02 | grad=1.46e-01 | 1.1s
[   198] loss=-2.1910 | res=1.21e-02 | grad=8.62e-01 | 1.1s
[   199] loss=-2.3846 | res=1.43e-02 | grad=5.03e-01 | 1.1s
[   200] loss=-2.3189 | res=2.03e-02 | grad=3.42e-01 | 1.1s
[   201] loss=-2.4098 | res=1.47e-02 | grad=2.83e-01 | 1.1s
[   202] loss=-2.3778 | res=1.17e-02 | grad=3.17e-01 | 1.0s
[   203] loss=-2.1717 | res=1.62e-02 | grad=6.63e-01 | 1.1s
[   204] loss=-2.2470 | res=1.60e-02 | grad=2.35e-01 | 1.0s
[   205] loss=-2.2905 | res=1.62e-02 | grad=4.82e-01 | 1.1s
[   206] loss=-2.3769 | res=1.35e-02 | grad=5.23e-01 | 1.1s
[   207] loss=-2.2094 | res=1.15e-02 | grad=2.05e-01 | 1.1s
[   208] loss=-2.2306 | res=1.82e-02 | grad=7.35e-01 | 1.1s
[   209] loss=-2.6858 | res=1.20e-02 | grad=7.45e-01 | 1.1s
[   210] loss=-2.2003 | res=1.20e-02 | grad=3.67e-01 | 1.1s
[   211] loss=-2.2976 | res=1.57e-02 | grad=2.39e-01 | 1.1s
[   212] loss=-2.4691 | res=1.40e-02 | grad=9.11e-01 | 1.1s
[   213] loss=-2.2849 | res=1.27e-02 | grad=4.53e-01 | 1.1s
[   214] loss=-2.2207 | res=1.49e-02 | grad=8.10e-01 | 1.1s
[   215] loss=-2.4997 | res=1.43e-02 | grad=6.40e-01 | 1.1s
[   216] loss=-1.9449 | res=1.50e-02 | grad=9.47e-01 | 1.1s
[   217] loss=-2.3148 | res=1.24e-02 | grad=3.43e-01 | 1.1s
[   218] loss=-2.4897 | res=1.23e-02 | grad=3.45e-01 | 1.1s
[   219] loss=-2.2697 | res=1.14e-02 | grad=5.86e-01 | 1.1s
[   220] loss=-2.2016 | res=1.40e-02 | grad=1.05e+00 | 1.1s
[   221] loss=-2.2708 | res=1.46e-02 | grad=9.16e-01 | 1.1s
[   222] loss=-2.4607 | res=1.27e-02 | grad=8.34e-01 | 1.1s
[   223] loss=-2.1984 | res=1.77e-02 | grad=5.95e-01 | 1.1s
[   224] loss=-2.3857 | res=1.19e-02 | grad=4.61e-01 | 1.1s
[   225] loss=-2.2020 | res=1.50e-02 | grad=4.69e-01 | 1.0s
[   226] loss=-2.5046 | res=1.22e-02 | grad=1.45e+00 | 1.1s
[   227] loss=-2.3326 | res=1.45e-02 | grad=1.05e+00 | 1.1s
[   228] loss=-2.2277 | res=1.53e-02 | grad=9.80e-01 | 1.1s
[   229] loss=-2.4489 | res=1.26e-02 | grad=9.23e-01 | 1.1s
[   230] loss=-2.4271 | res=1.19e-02 | grad=6.03e-01 | 1.1s
[   231] loss=-2.1680 | res=1.28e-02 | grad=3.81e-01 | 1.1s
[   232] loss=-2.4348 | res=1.10e-02 | grad=3.45e-01 | 1.1s
[   233] loss=-2.4624 | res=1.46e-02 | grad=3.40e-01 | 1.0s
[   234] loss=-2.5252 | res=1.17e-02 | grad=5.29e-01 | 1.1s
[   235] loss=-2.4146 | res=1.50e-02 | grad=8.44e-01 | 1.1s
[   236] loss=-2.4063 | res=1.09e-02 | grad=5.22e-01 | 1.1s
[   237] loss=-2.2413 | res=1.64e-02 | grad=8.20e-01 | 1.0s
[   238] loss=-2.2254 | res=1.38e-02 | grad=6.32e-01 | 1.1s
[   239] loss=-2.2372 | res=1.50e-02 | grad=5.71e-01 | 1.1s
[   240] loss=-2.1858 | res=1.18e-02 | grad=2.96e-01 | 1.1s
[   241] loss=-2.2511 | res=1.29e-02 | grad=5.85e-01 | 1.1s
[   242] loss=-2.3600 | res=9.33e-03 | grad=2.87e-01 | 1.1s
[   243] loss=-2.4488 | res=1.16e-02 | grad=4.11e-01 | 1.1s
[   244] loss=-2.2178 | res=1.00e-02 | grad=1.03e+00 | 1.1s
[   245] loss=-2.4252 | res=1.03e-02 | grad=9.54e-01 | 1.0s
[   246] loss=-2.2227 | res=1.23e-02 | grad=8.23e-01 | 1.0s
[   247] loss=-2.3736 | res=1.33e-02 | grad=5.29e-01 | 1.1s
[   248] loss=-2.3719 | res=1.65e-02 | grad=3.46e-01 | 1.1s
[   249] loss=-2.3281 | res=9.18e-03 | grad=3.78e-01 | 1.1s
[   250] loss=-2.1462 | res=1.47e-02 | grad=7.39e-01 | 1.1s
[   251] loss=-2.2474 | res=1.17e-02 | grad=9.20e-01 | 1.1s
[   252] loss=-2.2867 | res=7.70e-03 | grad=7.47e-01 | 1.1s
[   253] loss=-2.1176 | res=1.24e-02 | grad=4.63e-01 | 1.0s
[   254] loss=-2.1897 | res=1.37e-02 | grad=4.98e-01 | 1.1s
[   255] loss=-2.2569 | res=1.07e-02 | grad=2.99e-01 | 1.1s
[   256] loss=-2.2853 | res=9.19e-03 | grad=8.65e-01 | 1.1s
[   257] loss=-2.4537 | res=1.28e-02 | grad=6.08e-01 | 1.1s
[   258] loss=-2.5696 | res=1.10e-02 | grad=4.86e-01 | 1.1s
[   259] loss=-2.2923 | res=9.59e-03 | grad=6.22e-01 | 1.0s
[   260] loss=-2.3339 | res=1.32e-02 | grad=5.55e-01 | 1.1s
[   261] loss=-2.3444 | res=1.11e-02 | grad=4.30e-01 | 1.1s
[   262] loss=-2.3714 | res=1.32e-02 | grad=5.02e-01 | 1.0s
[   263] loss=-2.3094 | res=9.34e-03 | grad=3.01e-01 | 1.1s
[   264] loss=-2.1100 | res=7.19e-03 | grad=8.06e-01 | 1.1s
[   265] loss=-2.2613 | res=1.09e-02 | grad=4.30e-01 | 1.0s
[   266] loss=-2.4154 | res=7.45e-03 | grad=1.78e-01 | 1.0s
[   267] loss=-2.3836 | res=1.29e-02 | grad=2.61e-01 | 1.1s
[   268] loss=-2.3880 | res=9.75e-03 | grad=4.49e-01 | 1.1s
[   269] loss=-2.5288 | res=8.68e-03 | grad=6.04e-01 | 1.1s
[   270] loss=-2.5497 | res=1.13e-02 | grad=1.01e+00 | 1.0s
[   271] loss=-2.1732 | res=1.39e-02 | grad=6.02e-01 | 1.1s
[   272] loss=-2.2923 | res=9.61e-03 | grad=4.04e-01 | 1.0s
[   273] loss=-2.3809 | res=1.16e-02 | grad=4.50e-01 | 1.1s
[   274] loss=-2.2726 | res=1.02e-02 | grad=2.72e-01 | 1.1s
[   275] loss=-2.0639 | res=1.41e-02 | grad=7.67e-01 | 1.1s
[   276] loss=-2.3810 | res=1.32e-02 | grad=3.71e-01 | 1.1s
[   277] loss=-2.3578 | res=8.48e-03 | grad=2.84e-01 | 1.0s
[   278] loss=-2.2929 | res=9.41e-03 | grad=3.44e-01 | 1.0s
[   279] loss=-2.3816 | res=8.11e-03 | grad=6.30e-01 | 1.1s
[   280] loss=-2.4251 | res=1.01e-02 | grad=6.15e-01 | 1.1s
[   281] loss=-2.3013 | res=1.30e-02 | grad=5.63e-01 | 1.1s
[   282] loss=-2.3179 | res=9.67e-03 | grad=4.67e-01 | 1.0s
[   283] loss=-2.2434 | res=1.14e-02 | grad=3.20e-01 | 1.1s
[   284] loss=-2.3603 | res=1.29e-02 | grad=3.62e-01 | 1.1s
[   285] loss=-2.2415 | res=1.32e-02 | grad=3.71e-01 | 1.1s
[   286] loss=-2.3160 | res=1.07e-02 | grad=4.50e-01 | 1.1s
[   287] loss=-2.3745 | res=1.35e-02 | grad=1.26e-01 | 1.1s
[   288] loss=-2.0625 | res=1.29e-02 | grad=6.57e-01 | 1.1s
[   289] loss=-2.2524 | res=1.39e-02 | grad=4.40e-01 | 1.1s
[   290] loss=-2.4065 | res=1.30e-02 | grad=6.21e-01 | 1.1s
[   291] loss=-2.3303 | res=1.10e-02 | grad=2.89e-01 | 1.1s
[   292] loss=-2.2692 | res=1.36e-02 | grad=2.91e-01 | 1.1s
[   293] loss=-2.1744 | res=9.54e-03 | grad=4.84e-01 | 1.1s
[   294] loss=-2.1958 | res=1.32e-02 | grad=3.29e-01 | 1.1s
[   295] loss=-2.3257 | res=1.13e-02 | grad=2.45e-01 | 1.1s
[   296] loss=-2.3907 | res=1.09e-02 | grad=6.03e-01 | 1.1s
[   297] loss=-2.1726 | res=1.49e-02 | grad=5.53e-01 | 1.1s
[   298] loss=-2.2608 | res=1.07e-02 | grad=5.69e-01 | 1.1s
[   299] loss=-2.2865 | res=1.14e-02 | grad=6.01e-01 | 1.1s
[   300] loss=-2.1370 | res=1.32e-02 | grad=4.04e-01 | 1.1s
[   301] loss=-2.2387 | res=8.83e-03 | grad=5.31e-01 | 1.1s
[   302] loss=-2.1634 | res=1.41e-02 | grad=4.05e-01 | 1.1s
[   303] loss=-2.4211 | res=1.45e-02 | grad=3.28e-01 | 1.1s
[   304] loss=-2.1827 | res=1.70e-02 | grad=2.93e-01 | 1.0s
[   305] loss=-2.1430 | res=1.38e-02 | grad=4.23e-01 | 1.1s
[   306] loss=-2.2024 | res=2.01e-02 | grad=4.79e-01 | 1.1s
[   307] loss=-2.2485 | res=1.35e-02 | grad=2.00e-01 | 1.1s
[   308] loss=-2.3536 | res=8.40e-03 | grad=3.76e-01 | 1.1s
[   309] loss=-2.3071 | res=9.13e-03 | grad=3.50e-01 | 1.1s
[   310] loss=-2.2359 | res=1.09e-02 | grad=3.80e-01 | 1.0s
[   311] loss=-2.3287 | res=1.14e-02 | grad=6.98e-01 | 1.1s
[   312] loss=-2.3671 | res=9.44e-03 | grad=5.11e-01 | 1.0s
[   313] loss=-2.2331 | res=1.22e-02 | grad=4.35e-01 | 1.1s
[   314] loss=-2.1167 | res=1.32e-02 | grad=4.92e-01 | 1.1s
[   315] loss=-2.2826 | res=9.50e-03 | grad=1.10e+00 | 1.1s
[   316] loss=-2.3339 | res=1.15e-02 | grad=4.99e-01 | 1.1s
[   317] loss=-2.3068 | res=8.60e-03 | grad=2.89e-01 | 1.0s
[   318] loss=-2.3743 | res=9.12e-03 | grad=4.59e-01 | 1.1s
[   319] loss=-2.1953 | res=1.20e-02 | grad=3.96e-01 | 1.1s
[   320] loss=-2.3793 | res=8.96e-03 | grad=4.64e-01 | 1.1s
[   321] loss=-2.3081 | res=1.06e-02 | grad=2.78e-01 | 1.1s
[   322] loss=-2.0387 | res=1.21e-02 | grad=4.57e-01 | 1.1s
[   323] loss=-2.3461 | res=6.87e-03 | grad=4.40e-01 | 1.1s
[   324] loss=-2.0910 | res=1.30e-02 | grad=5.45e-01 | 1.1s
[   325] loss=-2.3289 | res=1.10e-02 | grad=4.99e-01 | 1.0s
[   326] loss=-2.3959 | res=1.06e-02 | grad=3.34e-01 | 1.1s
[   327] loss=-2.3185 | res=1.21e-02 | grad=3.09e-01 | 1.1s
[   328] loss=-2.3539 | res=1.08e-02 | grad=1.50e-01 | 1.1s
[   329] loss=-2.4060 | res=1.55e-02 | grad=4.82e-01 | 1.1s
[   330] loss=-2.4173 | res=1.19e-02 | grad=5.22e-01 | 1.0s
[   331] loss=-2.3371 | res=1.27e-02 | grad=4.11e-01 | 1.1s
[   332] loss=-2.3580 | res=6.92e-03 | grad=5.36e-01 | 1.1s
[   333] loss=-2.4080 | res=1.18e-02 | grad=5.82e-01 | 1.1s
[   334] loss=-2.3370 | res=1.07e-02 | grad=2.66e-01 | 1.1s
[   335] loss=-2.2210 | res=9.29e-03 | grad=5.57e-01 | 1.1s
[   336] loss=-2.4759 | res=9.97e-03 | grad=4.57e-01 | 1.1s
[   337] loss=-2.1599 | res=6.99e-03 | grad=9.54e-01 | 1.1s
[   338] loss=-2.4954 | res=9.51e-03 | grad=2.51e-01 | 1.1s
[   339] loss=-2.3981 | res=9.29e-03 | grad=5.10e-01 | 1.1s
[   340] loss=-2.3479 | res=8.54e-03 | grad=4.33e-01 | 1.1s
[   341] loss=-2.5459 | res=1.13e-02 | grad=4.50e-01 | 1.1s
[   342] loss=-2.4303 | res=1.34e-02 | grad=5.34e-01 | 1.0s
[   343] loss=-2.2884 | res=7.29e-03 | grad=3.88e-01 | 1.1s
[   344] loss=-2.2539 | res=1.23e-02 | grad=4.56e-01 | 1.1s
[   345] loss=-2.2819 | res=7.88e-03 | grad=4.53e-01 | 1.1s
[   346] loss=-2.3445 | res=8.92e-03 | grad=1.96e-01 | 1.1s
[   347] loss=-2.1725 | res=1.06e-02 | grad=2.70e-01 | 1.1s
[   348] loss=-2.3004 | res=9.63e-03 | grad=6.52e-01 | 1.1s
[   349] loss=-2.3135 | res=8.84e-03 | grad=7.22e-01 | 1.0s
[   350] loss=-2.2636 | res=1.00e-02 | grad=4.28e-01 | 1.0s
[   351] loss=-2.3577 | res=1.24e-02 | grad=1.80e-01 | 1.1s
[   352] loss=-2.1934 | res=1.19e-02 | grad=4.51e-01 | 1.0s
[   353] loss=-2.3308 | res=1.13e-02 | grad=5.16e-01 | 1.1s
[   354] loss=-2.1659 | res=1.01e-02 | grad=5.63e-01 | 1.0s
[   355] loss=-2.3383 | res=7.03e-03 | grad=6.80e-01 | 1.1s
[   356] loss=-2.3747 | res=1.02e-02 | grad=6.71e-01 | 1.1s
[   357] loss=-2.1057 | res=9.95e-03 | grad=3.98e-01 | 1.1s
[   358] loss=-2.0834 | res=9.78e-03 | grad=4.63e-01 | 1.1s
[   359] loss=-2.3722 | res=8.75e-03 | grad=4.84e-01 | 1.1s
[   360] loss=-2.3091 | res=1.03e-02 | grad=2.39e-01 | 1.1s
[   361] loss=-2.1131 | res=1.05e-02 | grad=1.36e+00 | 1.0s
[   362] loss=-2.3973 | res=1.37e-02 | grad=7.73e-01 | 1.0s
[   363] loss=-2.2842 | res=1.16e-02 | grad=3.86e-01 | 1.1s
[   364] loss=-2.3387 | res=1.41e-02 | grad=4.14e-01 | 1.0s
[   365] loss=-2.4421 | res=6.87e-03 | grad=8.06e-01 | 1.1s
[   366] loss=-2.2342 | res=1.02e-02 | grad=7.26e-01 | 1.1s
[   367] loss=-2.2405 | res=8.84e-03 | grad=3.00e-01 | 1.1s
[   368] loss=-2.3127 | res=1.34e-02 | grad=5.55e-01 | 1.1s
[   369] loss=-2.3084 | res=9.18e-03 | grad=5.20e-01 | 1.1s
[   370] loss=-2.2402 | res=8.96e-03 | grad=4.47e-01 | 1.0s
[   371] loss=-2.2332 | res=8.63e-03 | grad=5.64e-01 | 1.1s
[   372] loss=-2.3666 | res=1.14e-02 | grad=3.78e-01 | 1.1s
[   373] loss=-2.2966 | res=1.10e-02 | grad=1.80e-01 | 1.1s
[   374] loss=-2.5867 | res=1.06e-02 | grad=6.06e-01 | 1.1s
[   375] loss=-2.3127 | res=1.22e-02 | grad=2.35e-01 | 1.1s
[   376] loss=-2.3295 | res=1.29e-02 | grad=4.33e-01 | 1.1s
[   377] loss=-2.3574 | res=1.10e-02 | grad=5.25e-01 | 1.1s
[   378] loss=-2.0965 | res=6.84e-03 | grad=7.94e-01 | 1.1s
[   379] loss=-2.2548 | res=1.12e-02 | grad=3.69e-01 | 1.1s
[   380] loss=-2.0492 | res=1.21e-02 | grad=8.52e-01 | 1.1s
[   381] loss=-2.2373 | res=1.28e-02 | grad=5.04e-01 | 1.1s
[   382] loss=-2.1589 | res=1.20e-02 | grad=2.80e-01 | 1.1s
[   383] loss=-2.1402 | res=1.17e-02 | grad=6.08e-01 | 1.1s
[   384] loss=-2.3134 | res=1.24e-02 | grad=5.18e-01 | 1.1s
[   385] loss=-2.2824 | res=8.30e-03 | grad=6.79e-01 | 1.1s
[   386] loss=-2.3215 | res=9.79e-03 | grad=6.80e-01 | 1.1s
[   387] loss=-2.1205 | res=8.46e-03 | grad=5.00e-01 | 1.1s
[   388] loss=-2.0504 | res=9.76e-03 | grad=6.03e-01 | 1.1s
[   389] loss=-2.4663 | res=9.25e-03 | grad=5.18e-01 | 1.1s
[   390] loss=-2.3780 | res=9.85e-03 | grad=8.45e-01 | 1.1s
[   391] loss=-2.3469 | res=8.09e-03 | grad=9.67e-01 | 1.1s
[   392] loss=-2.3953 | res=6.05e-03 | grad=6.08e-01 | 1.1s
[   393] loss=-2.3288 | res=1.16e-02 | grad=2.41e-01 | 1.1s
[   394] loss=-2.3111 | res=9.36e-03 | grad=5.07e-01 | 1.1s
[   395] loss=-2.4308 | res=1.02e-02 | grad=2.84e-01 | 1.1s
[   396] loss=-2.2894 | res=8.91e-03 | grad=5.62e-01 | 1.1s
[   397] loss=-2.3716 | res=9.00e-03 | grad=2.61e-01 | 1.1s
[   398] loss=-2.0849 | res=1.17e-02 | grad=8.82e-01 | 1.1s
[   399] loss=-2.2247 | res=1.18e-02 | grad=4.75e-01 | 1.1s
[   400] loss=-2.3305 | res=8.30e-03 | grad=6.06e-01 | 1.1s
[   401] loss=-2.2351 | res=8.33e-03 | grad=4.44e-01 | 1.1s
[   402] loss=-2.2457 | res=1.24e-02 | grad=3.48e-01 | 1.1s
[   403] loss=-2.2782 | res=1.13e-02 | grad=2.87e-01 | 1.1s
[   404] loss=-2.3083 | res=9.29e-03 | grad=4.44e-01 | 1.1s
[   405] loss=-2.2879 | res=9.67e-03 | grad=8.03e-01 | 1.1s
[   406] loss=-2.2234 | res=9.46e-03 | grad=7.74e-01 | 1.1s
[   407] loss=-2.4288 | res=7.55e-03 | grad=7.24e-01 | 1.1s
[   408] loss=-2.1822 | res=7.44e-03 | grad=3.53e-01 | 1.1s
[   409] loss=-2.2811 | res=1.17e-02 | grad=6.01e-01 | 1.0s
[   410] loss=-2.4179 | res=6.32e-03 | grad=7.42e-01 | 1.1s
[   411] loss=-2.3870 | res=7.28e-03 | grad=7.17e-01 | 1.1s
[   412] loss=-2.4113 | res=9.98e-03 | grad=2.74e-01 | 1.1s
[   413] loss=-2.2809 | res=9.58e-03 | grad=3.26e-01 | 1.1s
[   414] loss=-2.4401 | res=1.19e-02 | grad=1.84e-01 | 1.1s
[   415] loss=-2.4963 | res=1.22e-02 | grad=4.11e-01 | 1.1s
[   416] loss=-2.4039 | res=7.11e-03 | grad=3.83e-01 | 1.1s
[   417] loss=-2.2707 | res=9.93e-03 | grad=6.29e-01 | 1.1s
[   418] loss=-2.3774 | res=1.07e-02 | grad=3.22e-01 | 1.1s
[   419] loss=-2.2666 | res=9.17e-03 | grad=5.82e-01 | 1.1s
[   420] loss=-2.2905 | res=1.18e-02 | grad=5.08e-01 | 1.0s
[   421] loss=-2.3883 | res=7.24e-03 | grad=3.68e-01 | 1.1s
[   422] loss=-2.2832 | res=1.05e-02 | grad=6.11e-01 | 1.0s
[   423] loss=-2.3048 | res=5.42e-03 | grad=2.68e-01 | 1.1s
[   424] loss=-2.1605 | res=7.31e-03 | grad=6.11e-01 | 1.1s
[   425] loss=-2.2128 | res=1.05e-02 | grad=3.54e-01 | 1.1s
[   426] loss=-2.1836 | res=9.84e-03 | grad=3.72e-01 | 1.1s
[   427] loss=-2.3772 | res=9.40e-03 | grad=7.38e-01 | 1.0s
[   428] loss=-2.4061 | res=9.23e-03 | grad=7.17e-01 | 1.1s
[   429] loss=-2.2103 | res=9.63e-03 | grad=4.94e-01 | 1.1s
[   430] loss=-2.4767 | res=9.82e-03 | grad=7.03e-01 | 1.0s
[   431] loss=-2.2766 | res=8.67e-03 | grad=4.98e-01 | 1.1s
[   432] loss=-2.2202 | res=1.11e-02 | grad=6.36e-01 | 1.1s
[   433] loss=-2.4130 | res=7.30e-03 | grad=6.80e-01 | 1.0s
[   434] loss=-2.4456 | res=1.12e-02 | grad=4.76e-01 | 1.1s
[   435] loss=-2.3165 | res=8.61e-03 | grad=6.92e-01 | 1.1s
[   436] loss=-2.2064 | res=1.29e-02 | grad=5.48e-01 | 1.1s
[   437] loss=-2.4659 | res=8.80e-03 | grad=5.66e-01 | 1.1s
[   438] loss=-2.3550 | res=1.19e-02 | grad=7.22e-01 | 1.0s
[   439] loss=-2.4415 | res=6.42e-03 | grad=6.96e-01 | 1.1s
[   440] loss=-2.4402 | res=7.01e-03 | grad=4.02e-01 | 1.1s
[   441] loss=-2.3431 | res=9.87e-03 | grad=2.53e-01 | 1.1s
[   442] loss=-2.3929 | res=9.46e-03 | grad=2.37e-01 | 1.1s
[   443] loss=-2.3784 | res=7.69e-03 | grad=6.19e-01 | 1.1s
[   444] loss=-2.4717 | res=7.12e-03 | grad=6.78e-01 | 1.1s
[   445] loss=-2.3207 | res=9.03e-03 | grad=5.22e-01 | 1.1s
[   446] loss=-2.2531 | res=1.26e-02 | grad=1.35e-01 | 1.1s
[   447] loss=-2.2923 | res=7.72e-03 | grad=3.39e-01 | 1.1s
[   448] loss=-2.2617 | res=9.76e-03 | grad=5.06e-01 | 1.1s
[   449] loss=-2.3408 | res=1.04e-02 | grad=1.66e-01 | 1.1s
[   450] loss=-2.3530 | res=1.11e-02 | grad=4.58e-01 | 1.1s
[   451] loss=-2.2622 | res=8.13e-03 | grad=3.66e-01 | 1.1s
[   452] loss=-2.1442 | res=1.38e-02 | grad=9.70e-01 | 1.1s
[   453] loss=-2.2431 | res=7.81e-03 | grad=4.07e-01 | 1.1s
[   454] loss=-2.2341 | res=7.72e-03 | grad=6.20e-01 | 1.1s
[   455] loss=-2.1606 | res=1.09e-02 | grad=2.02e-01 | 1.1s
[   456] loss=-2.1345 | res=1.00e-02 | grad=1.53e-01 | 1.1s
[   457] loss=-2.4709 | res=9.07e-03 | grad=8.15e-01 | 1.1s
[   458] loss=-2.2528 | res=7.30e-03 | grad=2.33e-01 | 1.1s
[   459] loss=-2.3908 | res=8.16e-03 | grad=6.35e-01 | 1.1s
[   460] loss=-2.3441 | res=4.78e-03 | grad=2.55e-01 | 1.1s
[   461] loss=-2.3131 | res=1.08e-02 | grad=6.31e-01 | 1.1s
[   462] loss=-2.2593 | res=9.07e-03 | grad=8.39e-01 | 1.1s
[   463] loss=-2.3477 | res=6.12e-03 | grad=5.27e-01 | 1.1s
[   464] loss=-2.2885 | res=7.59e-03 | grad=3.55e-01 | 1.1s
[   465] loss=-2.2841 | res=1.01e-02 | grad=3.87e-01 | 1.0s
[   466] loss=-2.3266 | res=1.13e-02 | grad=4.12e-01 | 1.1s
[   467] loss=-2.5250 | res=9.47e-03 | grad=5.13e-01 | 1.1s
[   468] loss=-2.2168 | res=9.50e-03 | grad=5.52e-01 | 1.1s
[   469] loss=-2.4565 | res=8.07e-03 | grad=2.67e-01 | 1.1s
[   470] loss=-2.1484 | res=1.15e-02 | grad=2.01e-01 | 1.1s
[   471] loss=-2.4120 | res=8.87e-03 | grad=5.21e-01 | 1.1s
[   472] loss=-2.3491 | res=8.97e-03 | grad=2.83e-01 | 1.1s
[   473] loss=-2.3562 | res=7.07e-03 | grad=6.50e-01 | 1.1s
[   474] loss=-2.2916 | res=8.40e-03 | grad=2.76e-01 | 1.0s
[   475] loss=-2.4050 | res=6.06e-03 | grad=3.43e-01 | 1.1s
[   476] loss=-2.4361 | res=7.73e-03 | grad=3.46e-01 | 1.1s
[   477] loss=-2.2134 | res=8.36e-03 | grad=3.63e-01 | 1.1s
[   478] loss=-2.3493 | res=6.15e-03 | grad=5.30e-01 | 1.1s
[   479] loss=-2.6054 | res=8.38e-03 | grad=3.16e-01 | 1.1s
[   480] loss=-2.2607 | res=7.01e-03 | grad=5.45e-01 | 1.1s
[   481] loss=-2.3197 | res=9.75e-03 | grad=2.50e-01 | 1.1s
[   482] loss=-2.3702 | res=8.80e-03 | grad=2.02e-01 | 1.1s
[   483] loss=-2.4313 | res=1.21e-02 | grad=3.40e-01 | 1.1s
[   484] loss=-2.2825 | res=8.54e-03 | grad=3.27e-01 | 1.1s
[   485] loss=-2.2347 | res=8.09e-03 | grad=6.64e-01 | 1.1s
[   486] loss=-2.4015 | res=9.79e-03 | grad=3.32e-01 | 1.0s
[   487] loss=-2.4081 | res=8.01e-03 | grad=3.30e-01 | 1.1s
[   488] loss=-2.3300 | res=7.25e-03 | grad=3.78e-01 | 1.1s
[   489] loss=-2.3089 | res=6.07e-03 | grad=6.06e-01 | 1.1s
[   490] loss=-2.1913 | res=6.70e-03 | grad=4.65e-01 | 1.1s
[   491] loss=-2.4989 | res=6.84e-03 | grad=2.78e-01 | 1.1s
[   492] loss=-2.4455 | res=7.14e-03 | grad=1.29e-01 | 1.1s
[   493] loss=-2.2982 | res=9.94e-03 | grad=3.10e-01 | 1.0s
[   494] loss=-2.4712 | res=1.26e-02 | grad=2.56e-01 | 1.0s
[   495] loss=-2.3168 | res=5.57e-03 | grad=4.54e-01 | 1.1s
[   496] loss=-2.4572 | res=7.12e-03 | grad=1.97e-01 | 1.1s
[   497] loss=-2.2935 | res=7.92e-03 | grad=4.14e-01 | 1.1s
[   498] loss=-2.4163 | res=7.57e-03 | grad=2.23e-01 | 1.1s
[   499] loss=-2.4281 | res=8.83e-03 | grad=4.02e-01 | 1.1s
[   500] loss=-2.3238 | res=8.91e-03 | grad=2.93e-01 | 1.1s
[   501] loss=-2.3105 | res=1.00e-02 | grad=2.67e-01 | 1.1s
[   502] loss=-2.2217 | res=9.05e-03 | grad=4.50e-01 | 1.0s
[   503] loss=-2.4801 | res=1.06e-02 | grad=5.94e-01 | 1.1s
[   504] loss=-2.2262 | res=6.69e-03 | grad=5.13e-01 | 1.1s
[   505] loss=-2.4063 | res=7.63e-03 | grad=1.96e-01 | 1.1s
[   506] loss=-2.4037 | res=9.74e-03 | grad=1.38e-01 | 1.1s
[   507] loss=-2.3480 | res=7.92e-03 | grad=5.06e-01 | 1.1s
[   508] loss=-2.3724 | res=1.34e-02 | grad=5.87e-01 | 1.1s
[   509] loss=-2.2236 | res=1.20e-02 | grad=5.51e-01 | 1.1s
[   510] loss=-2.3343 | res=8.54e-03 | grad=3.41e-01 | 1.1s
[   511] loss=-2.3013 | res=8.27e-03 | grad=8.61e-01 | 1.1s
[   512] loss=-2.3227 | res=9.20e-03 | grad=3.24e-01 | 1.1s
[   513] loss=-2.3024 | res=7.98e-03 | grad=9.41e-01 | 1.0s
[   514] loss=-2.3217 | res=9.11e-03 | grad=2.21e-01 | 1.0s
[   515] loss=-2.1005 | res=1.04e-02 | grad=4.62e-01 | 1.1s
[   516] loss=-2.2276 | res=1.01e-02 | grad=5.27e-01 | 1.1s
[   517] loss=-2.3906 | res=9.22e-03 | grad=4.79e-01 | 1.0s
[   518] loss=-2.3956 | res=9.39e-03 | grad=3.60e-01 | 1.0s
[   519] loss=-2.4420 | res=7.45e-03 | grad=6.48e-01 | 1.1s
[   520] loss=-2.2144 | res=8.61e-03 | grad=6.54e-01 | 1.1s
[   521] loss=-2.0835 | res=1.04e-02 | grad=7.92e-01 | 1.1s
[   522] loss=-2.3522 | res=1.04e-02 | grad=5.73e-01 | 1.1s
[   523] loss=-2.3070 | res=9.35e-03 | grad=3.39e-01 | 1.1s
[   524] loss=-2.1443 | res=1.08e-02 | grad=5.79e-01 | 1.1s
[   525] loss=-2.1833 | res=5.72e-03 | grad=3.93e-01 | 1.0s
[   526] loss=-2.4187 | res=6.40e-03 | grad=4.49e-01 | 1.0s
[   527] loss=-2.2706 | res=1.01e-02 | grad=4.34e-01 | 1.1s
[   528] loss=-2.3773 | res=9.94e-03 | grad=5.32e-01 | 1.1s
[   529] loss=-2.3478 | res=5.89e-03 | grad=3.66e-01 | 1.1s
[   530] loss=-2.2724 | res=9.93e-03 | grad=6.70e-01 | 1.1s
[   531] loss=-2.2206 | res=4.97e-03 | grad=2.11e-01 | 1.1s
[   532] loss=-2.5330 | res=7.70e-03 | grad=5.81e-01 | 1.1s
[   533] loss=-2.4984 | res=6.95e-03 | grad=5.21e-01 | 1.1s
[   534] loss=-2.2888 | res=8.48e-03 | grad=6.13e-01 | 1.1s
[   535] loss=-2.3110 | res=6.15e-03 | grad=3.60e-01 | 1.1s
[   536] loss=-2.2346 | res=6.57e-03 | grad=6.28e-01 | 1.1s
[   537] loss=-2.3441 | res=1.01e-02 | grad=6.45e-01 | 1.1s
[   538] loss=-2.3194 | res=8.74e-03 | grad=5.91e-01 | 1.1s
[   539] loss=-2.0755 | res=7.89e-03 | grad=4.71e-01 | 1.1s
[   540] loss=-2.3727 | res=7.20e-03 | grad=4.27e-01 | 1.1s
[   541] loss=-2.4005 | res=8.21e-03 | grad=3.01e-01 | 1.1s
[   542] loss=-2.2554 | res=4.93e-03 | grad=4.99e-01 | 1.1s
[   543] loss=-2.3813 | res=6.86e-03 | grad=6.41e-01 | 1.1s
[   544] loss=-2.4246 | res=9.96e-03 | grad=3.98e-01 | 1.1s
[   545] loss=-2.3194 | res=5.59e-03 | grad=4.61e-01 | 1.1s
[   546] loss=-2.3334 | res=5.22e-03 | grad=5.81e-01 | 1.1s
[   547] loss=-2.3007 | res=9.06e-03 | grad=3.81e-01 | 1.1s
[   548] loss=-2.2058 | res=7.16e-03 | grad=5.27e-01 | 1.1s
[   549] loss=-2.4033 | res=5.73e-03 | grad=1.34e-01 | 1.1s
[   550] loss=-2.4388 | res=7.81e-03 | grad=4.83e-01 | 1.1s
[   551] loss=-2.2498 | res=7.10e-03 | grad=6.35e-01 | 1.1s
[   552] loss=-2.3940 | res=1.04e-02 | grad=3.12e-01 | 1.1s
[   553] loss=-2.3779 | res=7.72e-03 | grad=2.56e-01 | 1.1s
[   554] loss=-2.1996 | res=7.17e-03 | grad=3.07e-01 | 1.1s
[   555] loss=-2.3495 | res=4.65e-03 | grad=9.24e-02 | 1.1s
[   556] loss=-2.3326 | res=7.15e-03 | grad=7.01e-01 | 1.1s
[   557] loss=-2.3503 | res=8.58e-03 | grad=4.05e-01 | 1.0s
[   558] loss=-2.1229 | res=7.08e-03 | grad=5.75e-01 | 1.0s
[   559] loss=-2.4331 | res=6.79e-03 | grad=3.25e-01 | 1.1s
[   560] loss=-2.0443 | res=8.77e-03 | grad=3.26e-01 | 1.1s
[   561] loss=-2.0682 | res=5.98e-03 | grad=3.06e-01 | 1.1s
[   562] loss=-2.3225 | res=7.93e-03 | grad=5.11e-01 | 1.0s
[   563] loss=-2.2433 | res=6.99e-03 | grad=8.45e-01 | 1.1s
[   564] loss=-2.2485 | res=7.96e-03 | grad=6.65e-01 | 1.1s
[   565] loss=-2.3772 | res=7.40e-03 | grad=6.37e-01 | 1.1s
[   566] loss=-2.2316 | res=8.75e-03 | grad=2.42e-01 | 1.0s
[   567] loss=-2.2314 | res=1.28e-02 | grad=3.47e-01 | 1.1s
[   568] loss=-2.4064 | res=9.30e-03 | grad=5.73e-01 | 1.1s
[   569] loss=-2.2606 | res=6.62e-03 | grad=5.01e-01 | 1.1s
[   570] loss=-2.3976 | res=7.59e-03 | grad=4.05e-01 | 1.1s
[   571] loss=-2.2721 | res=7.68e-03 | grad=5.26e-01 | 1.1s
[   572] loss=-2.3990 | res=6.47e-03 | grad=6.39e-01 | 1.1s
[   573] loss=-2.1916 | res=7.43e-03 | grad=3.67e-01 | 1.1s
[   574] loss=-2.2511 | res=8.93e-03 | grad=7.90e-01 | 1.1s
[   575] loss=-2.1593 | res=8.93e-03 | grad=5.46e-01 | 1.1s
[   576] loss=-2.3754 | res=9.49e-03 | grad=5.21e-01 | 1.1s
[   577] loss=-2.4690 | res=8.05e-03 | grad=4.43e-01 | 1.1s
[   578] loss=-2.2368 | res=6.55e-03 | grad=4.52e-01 | 1.0s
[   579] loss=-2.2345 | res=6.65e-03 | grad=2.45e-01 | 1.1s
[   580] loss=-2.4335 | res=5.76e-03 | grad=2.47e-01 | 1.1s
[   581] loss=-2.3370 | res=6.99e-03 | grad=4.86e-01 | 1.1s
[   582] loss=-2.2309 | res=8.58e-03 | grad=6.33e-01 | 1.1s
[   583] loss=-2.4005 | res=9.70e-03 | grad=4.46e-01 | 1.1s
[   584] loss=-2.0999 | res=7.66e-03 | grad=3.73e-01 | 1.1s
[   585] loss=-2.3281 | res=9.06e-03 | grad=3.97e-01 | 1.0s
[   586] loss=-2.2530 | res=6.75e-03 | grad=4.30e-01 | 1.1s
[   587] loss=-2.4342 | res=4.86e-03 | grad=4.31e-01 | 1.1s
[   588] loss=-2.3571 | res=5.96e-03 | grad=5.31e-01 | 1.1s
[   589] loss=-2.2320 | res=8.08e-03 | grad=3.03e-01 | 1.1s
[   590] loss=-2.3210 | res=7.48e-03 | grad=4.64e-01 | 1.1s
[   591] loss=-2.5015 | res=7.28e-03 | grad=2.69e-01 | 1.1s
[   592] loss=-2.4624 | res=6.19e-03 | grad=5.96e-01 | 1.1s
[   593] loss=-2.4605 | res=7.14e-03 | grad=2.02e-01 | 1.1s
[   594] loss=-2.0850 | res=7.35e-03 | grad=7.95e-01 | 1.0s
[   595] loss=-2.3847 | res=9.89e-03 | grad=3.29e-01 | 1.1s
[   596] loss=-2.2557 | res=5.62e-03 | grad=4.20e-01 | 1.1s
[   597] loss=-2.3892 | res=7.34e-03 | grad=3.89e-01 | 1.1s
[   598] loss=-2.3059 | res=8.44e-03 | grad=2.03e-01 | 1.0s
[   599] loss=-2.4045 | res=1.10e-02 | grad=3.12e-01 | 1.1s
[   600] loss=-2.4523 | res=8.69e-03 | grad=3.92e-01 | 1.0s
[   601] loss=-2.3753 | res=9.58e-03 | grad=3.38e-01 | 1.1s
[   602] loss=-2.1963 | res=6.60e-03 | grad=5.19e-01 | 1.0s
[   603] loss=-2.3301 | res=7.30e-03 | grad=3.94e-01 | 1.1s
[   604] loss=-2.3093 | res=8.28e-03 | grad=2.98e-01 | 1.1s
[   605] loss=-2.3236 | res=1.11e-02 | grad=6.02e-01 | 1.1s
[   606] loss=-2.2919 | res=6.00e-03 | grad=6.22e-01 | 1.1s
[   607] loss=-2.3071 | res=7.90e-03 | grad=5.60e-01 | 1.1s
[   608] loss=-2.1399 | res=7.90e-03 | grad=5.74e-01 | 1.1s
[   609] loss=-2.2666 | res=7.65e-03 | grad=6.35e-01 | 1.0s
[   610] loss=-2.3364 | res=5.55e-03 | grad=3.58e-01 | 1.0s
[   611] loss=-2.2262 | res=9.67e-03 | grad=5.72e-01 | 1.1s
[   612] loss=-2.3198 | res=5.41e-03 | grad=3.57e-01 | 1.1s
[   613] loss=-2.2581 | res=8.12e-03 | grad=5.80e-01 | 1.1s
[   614] loss=-2.4578 | res=6.18e-03 | grad=4.36e-01 | 1.1s
[   615] loss=-2.3815 | res=5.74e-03 | grad=6.78e-01 | 1.1s
[   616] loss=-2.3451 | res=6.05e-03 | grad=5.50e-01 | 1.1s
[   617] loss=-2.3568 | res=7.82e-03 | grad=3.33e-01 | 1.1s
[   618] loss=-2.3801 | res=6.19e-03 | grad=3.65e-01 | 1.1s
[   619] loss=-2.3240 | res=7.02e-03 | grad=4.58e-01 | 1.1s
[   620] loss=-2.2400 | res=8.51e-03 | grad=5.25e-01 | 1.1s
[   621] loss=-2.1756 | res=1.02e-02 | grad=6.18e-01 | 1.1s
[   622] loss=-2.1556 | res=6.98e-03 | grad=5.84e-01 | 1.1s
[   623] loss=-2.3471 | res=8.24e-03 | grad=3.07e-01 | 1.1s
[   624] loss=-2.3510 | res=5.45e-03 | grad=3.20e-01 | 1.1s
[   625] loss=-2.1141 | res=5.75e-03 | grad=2.90e-01 | 1.1s
[   626] loss=-2.3294 | res=6.37e-03 | grad=6.56e-01 | 1.1s
[   627] loss=-2.3711 | res=7.36e-03 | grad=4.19e-01 | 1.1s
[   628] loss=-2.2479 | res=6.37e-03 | grad=4.78e-01 | 1.1s
[   629] loss=-2.1773 | res=7.18e-03 | grad=7.26e-01 | 1.1s
[   630] loss=-2.5296 | res=1.01e-02 | grad=1.03e+00 | 1.1s
[   631] loss=-2.3493 | res=6.90e-03 | grad=5.76e-01 | 1.1s
[   632] loss=-2.4230 | res=5.42e-03 | grad=2.36e-01 | 1.1s
[   633] loss=-2.0937 | res=8.27e-03 | grad=1.03e+00 | 1.1s
[   634] loss=-2.2529 | res=4.44e-03 | grad=6.01e-01 | 1.1s
[   635] loss=-2.3505 | res=6.17e-03 | grad=5.97e-01 | 1.1s
[   636] loss=-2.4107 | res=7.92e-03 | grad=2.76e-01 | 1.1s
[   637] loss=-2.3062 | res=9.12e-03 | grad=2.41e-01 | 1.1s
[   638] loss=-2.2722 | res=6.14e-03 | grad=7.25e-01 | 1.1s
[   639] loss=-2.1732 | res=7.11e-03 | grad=5.40e-01 | 1.1s
[   640] loss=-2.1593 | res=5.74e-03 | grad=1.41e-01 | 1.1s
[   641] loss=-2.3546 | res=4.85e-03 | grad=4.63e-01 | 1.1s
[   642] loss=-2.4610 | res=5.81e-03 | grad=5.97e-01 | 1.1s
[   643] loss=-2.1747 | res=4.89e-03 | grad=5.35e-01 | 1.1s
[   644] loss=-2.3393 | res=3.61e-03 | grad=5.91e-01 | 1.1s
[   645] loss=-2.3603 | res=7.08e-03 | grad=6.00e-01 | 1.1s
[   646] loss=-2.2513 | res=9.05e-03 | grad=4.01e-01 | 1.1s
[   647] loss=-2.1377 | res=5.13e-03 | grad=2.87e-01 | 1.1s
[   648] loss=-2.3590 | res=7.03e-03 | grad=4.43e-01 | 1.1s
[   649] loss=-2.3268 | res=1.05e-02 | grad=2.42e-01 | 1.1s
[   650] loss=-2.3261 | res=7.63e-03 | grad=1.83e-01 | 1.1s
[   651] loss=-2.3461 | res=5.60e-03 | grad=3.81e-01 | 1.1s
[   652] loss=-2.4517 | res=7.16e-03 | grad=5.09e-01 | 1.1s
[   653] loss=-2.4221 | res=1.00e-02 | grad=4.58e-01 | 1.1s
[   654] loss=-2.1217 | res=7.77e-03 | grad=8.76e-01 | 1.1s
[   655] loss=-2.2475 | res=6.08e-03 | grad=6.73e-01 | 1.1s
[   656] loss=-2.4048 | res=1.15e-02 | grad=4.07e-01 | 1.1s
[   657] loss=-2.3205 | res=9.25e-03 | grad=6.59e-01 | 1.1s
[   658] loss=-2.3147 | res=6.56e-03 | grad=5.87e-01 | 1.1s
[   659] loss=-2.1743 | res=7.01e-03 | grad=1.62e-01 | 1.1s
[   660] loss=-2.3661 | res=6.96e-03 | grad=6.52e-01 | 1.1s
[   661] loss=-2.2707 | res=4.83e-03 | grad=3.98e-01 | 1.0s
[   662] loss=-2.2923 | res=6.39e-03 | grad=3.89e-01 | 1.1s
[   663] loss=-2.4396 | res=6.41e-03 | grad=4.85e-01 | 1.1s
[   664] loss=-2.2427 | res=7.75e-03 | grad=3.18e-01 | 1.1s
[   665] loss=-2.2498 | res=7.69e-03 | grad=3.30e-01 | 1.1s
[   666] loss=-2.1349 | res=8.16e-03 | grad=4.19e-01 | 1.1s
[   667] loss=-2.3455 | res=6.84e-03 | grad=1.79e-01 | 1.1s
[   668] loss=-2.4218 | res=4.88e-03 | grad=4.05e-01 | 1.1s
[   669] loss=-2.2657 | res=5.46e-03 | grad=3.04e-01 | 1.1s
[   670] loss=-2.2641 | res=6.68e-03 | grad=4.11e-01 | 1.0s
[   671] loss=-2.4153 | res=6.31e-03 | grad=2.55e-01 | 1.1s
[   672] loss=-2.2665 | res=6.23e-03 | grad=7.06e-01 | 1.0s
[   673] loss=-2.2879 | res=6.55e-03 | grad=3.54e-01 | 1.1s
[   674] loss=-2.4926 | res=7.52e-03 | grad=3.78e-01 | 1.0s
[   675] loss=-2.3029 | res=7.78e-03 | grad=3.11e-01 | 1.1s
[   676] loss=-2.2339 | res=6.54e-03 | grad=1.60e-01 | 1.1s
[   677] loss=-2.1512 | res=6.76e-03 | grad=5.26e-01 | 1.1s
[   678] loss=-2.4353 | res=5.99e-03 | grad=2.42e-01 | 1.0s
[   679] loss=-2.2567 | res=5.77e-03 | grad=3.49e-01 | 1.1s
[   680] loss=-2.2454 | res=6.44e-03 | grad=2.88e-01 | 1.1s
[   681] loss=-2.1759 | res=9.45e-03 | grad=3.92e-01 | 1.0s
[   682] loss=-2.4161 | res=6.57e-03 | grad=5.43e-01 | 1.0s
[   683] loss=-2.3681 | res=5.07e-03 | grad=3.10e-01 | 1.1s
[   684] loss=-2.5317 | res=6.13e-03 | grad=6.93e-01 | 1.1s
[   685] loss=-2.2550 | res=6.32e-03 | grad=2.48e-01 | 1.0s
[   686] loss=-2.5068 | res=7.12e-03 | grad=5.12e-01 | 1.1s
[   687] loss=-2.4965 | res=4.96e-03 | grad=7.69e-01 | 1.1s
[   688] loss=-2.3350 | res=7.08e-03 | grad=3.36e-01 | 1.1s
[   689] loss=-2.3589 | res=8.38e-03 | grad=3.40e-01 | 1.1s
[   690] loss=-2.5050 | res=6.57e-03 | grad=5.56e-01 | 1.0s
[   691] loss=-2.3065 | res=9.23e-03 | grad=3.82e-01 | 1.1s
[   692] loss=-2.4261 | res=9.00e-03 | grad=3.06e-01 | 1.1s
[   693] loss=-2.1719 | res=7.14e-03 | grad=5.34e-01 | 1.1s
[   694] loss=-2.4535 | res=1.11e-02 | grad=1.72e-01 | 1.1s
[   695] loss=-2.3152 | res=6.45e-03 | grad=3.26e-01 | 1.1s
[   696] loss=-2.2543 | res=8.67e-03 | grad=4.14e-01 | 1.1s
[   697] loss=-2.3252 | res=5.55e-03 | grad=3.99e-01 | 1.1s
[   698] loss=-2.3817 | res=6.22e-03 | grad=3.64e-01 | 1.1s
[   699] loss=-2.4823 | res=5.92e-03 | grad=6.42e-01 | 1.1s
[   700] loss=-2.4065 | res=7.56e-03 | grad=5.70e-01 | 1.1s
[   701] loss=-2.4842 | res=9.61e-03 | grad=6.74e-01 | 1.1s
[   702] loss=-2.2950 | res=6.91e-03 | grad=1.43e-01 | 1.0s
[   703] loss=-2.1549 | res=5.73e-03 | grad=4.66e-01 | 1.1s
[   704] loss=-2.4153 | res=5.41e-03 | grad=1.82e-01 | 1.1s
[   705] loss=-2.3273 | res=7.94e-03 | grad=5.78e-01 | 1.0s
[   706] loss=-2.2014 | res=6.77e-03 | grad=5.22e-01 | 1.1s
[   707] loss=-2.3124 | res=7.76e-03 | grad=3.51e-01 | 1.1s
[   708] loss=-2.1536 | res=5.88e-03 | grad=2.22e-01 | 1.1s
[   709] loss=-2.2380 | res=5.48e-03 | grad=3.21e-01 | 1.1s
[   710] loss=-2.2823 | res=8.77e-03 | grad=2.41e-01 | 1.1s
[   711] loss=-2.1232 | res=5.26e-03 | grad=3.96e-01 | 1.1s
[   712] loss=-2.3194 | res=6.63e-03 | grad=9.24e-01 | 1.1s
[   713] loss=-2.3887 | res=3.98e-03 | grad=6.63e-01 | 1.1s
[   714] loss=-2.3716 | res=8.74e-03 | grad=7.13e-01 | 1.1s
[   715] loss=-2.3188 | res=6.33e-03 | grad=4.29e-01 | 1.1s
[   716] loss=-2.3501 | res=6.23e-03 | grad=4.58e-01 | 1.1s
[   717] loss=-2.2253 | res=5.60e-03 | grad=4.57e-01 | 1.0s
[   718] loss=-2.3284 | res=5.02e-03 | grad=1.55e-01 | 1.1s
[   719] loss=-2.2682 | res=6.72e-03 | grad=3.18e-01 | 1.1s
[   720] loss=-2.1333 | res=7.91e-03 | grad=3.28e-01 | 1.1s
[   721] loss=-2.1566 | res=1.04e-02 | grad=9.10e-01 | 1.0s
[   722] loss=-2.3668 | res=7.83e-03 | grad=2.72e-01 | 1.1s
[   723] loss=-2.2581 | res=7.92e-03 | grad=1.07e-01 | 1.1s
[   724] loss=-2.5644 | res=7.07e-03 | grad=7.93e-01 | 1.1s
[   725] loss=-2.4072 | res=6.67e-03 | grad=4.16e-01 | 1.1s
[   726] loss=-2.4193 | res=5.18e-03 | grad=3.51e-01 | 1.1s
[   727] loss=-2.3474 | res=5.98e-03 | grad=1.63e-01 | 1.1s
[   728] loss=-2.5655 | res=6.52e-03 | grad=5.47e-01 | 1.1s
[   729] loss=-2.4623 | res=5.26e-03 | grad=2.75e-01 | 1.1s
[   730] loss=-2.3598 | res=8.52e-03 | grad=2.29e-01 | 1.1s
[   731] loss=-2.2149 | res=5.30e-03 | grad=7.66e-01 | 1.1s
[   732] loss=-2.3644 | res=7.13e-03 | grad=3.71e-01 | 1.1s
[   733] loss=-2.4137 | res=9.37e-03 | grad=3.49e-01 | 1.1s
[   734] loss=-2.5593 | res=6.92e-03 | grad=5.11e-01 | 1.1s
[   735] loss=-2.1205 | res=7.69e-03 | grad=6.86e-01 | 1.1s
[   736] loss=-2.2120 | res=1.05e-02 | grad=4.67e-01 | 1.1s
[   737] loss=-2.2944 | res=7.47e-03 | grad=5.78e-01 | 1.1s
[   738] loss=-2.3170 | res=7.34e-03 | grad=4.84e-01 | 1.0s
[   739] loss=-2.2325 | res=3.85e-03 | grad=2.98e-01 | 1.1s
[   740] loss=-2.0934 | res=6.29e-03 | grad=3.53e-01 | 1.1s
[   741] loss=-2.1409 | res=8.50e-03 | grad=4.13e-01 | 1.1s
[   742] loss=-2.2675 | res=7.70e-03 | grad=3.28e-01 | 1.1s
[   743] loss=-2.2505 | res=7.90e-03 | grad=2.92e-01 | 1.1s
[   744] loss=-2.4009 | res=6.97e-03 | grad=6.79e-01 | 1.1s
[   745] loss=-2.4942 | res=8.40e-03 | grad=7.27e-01 | 1.1s
[   746] loss=-2.2807 | res=7.34e-03 | grad=2.92e-01 | 1.1s
[   747] loss=-2.5229 | res=6.04e-03 | grad=6.87e-01 | 1.1s
[   748] loss=-2.2187 | res=5.07e-03 | grad=3.15e-01 | 1.1s
[   749] loss=-2.2852 | res=5.09e-03 | grad=3.34e-01 | 1.1s
[   750] loss=-2.2715 | res=9.54e-03 | grad=3.00e-01 | 1.1s
[   751] loss=-2.1980 | res=4.19e-03 | grad=2.82e-01 | 1.1s
[   752] loss=-2.1889 | res=5.37e-03 | grad=5.54e-01 | 1.1s
[   753] loss=-2.2849 | res=5.30e-03 | grad=4.55e-01 | 1.1s
[   754] loss=-2.3592 | res=6.70e-03 | grad=4.70e-01 | 1.0s
[   755] loss=-2.4186 | res=6.65e-03 | grad=6.37e-01 | 1.1s
[   756] loss=-2.2398 | res=6.49e-03 | grad=5.53e-01 | 1.1s
[   757] loss=-2.4572 | res=6.55e-03 | grad=4.05e-01 | 1.1s
[   758] loss=-2.3160 | res=6.79e-03 | grad=5.65e-01 | 1.1s
[   759] loss=-2.4056 | res=7.43e-03 | grad=4.33e-01 | 1.1s
[   760] loss=-2.3835 | res=4.93e-03 | grad=3.64e-01 | 1.1s
[   761] loss=-2.5407 | res=8.38e-03 | grad=5.90e-01 | 1.1s
[   762] loss=-2.5213 | res=5.89e-03 | grad=5.67e-01 | 1.0s
[   763] loss=-2.5587 | res=5.67e-03 | grad=4.04e-01 | 1.1s
[   764] loss=-2.3787 | res=6.93e-03 | grad=8.19e-01 | 1.0s
[   765] loss=-2.2395 | res=9.17e-03 | grad=5.96e-01 | 1.1s
[   766] loss=-2.3066 | res=6.51e-03 | grad=7.86e-01 | 1.0s
[   767] loss=-2.4361 | res=7.68e-03 | grad=4.22e-01 | 1.1s
[   768] loss=-2.3423 | res=7.43e-03 | grad=4.34e-01 | 1.1s
[   769] loss=-2.0484 | res=5.84e-03 | grad=5.60e-01 | 1.1s
[   770] loss=-2.3578 | res=5.91e-03 | grad=4.32e-01 | 1.0s
[   771] loss=-2.3909 | res=7.26e-03 | grad=6.13e-01 | 1.1s
[   772] loss=-2.3258 | res=8.29e-03 | grad=6.15e-01 | 1.1s
[   773] loss=-2.4474 | res=6.46e-03 | grad=6.75e-01 | 1.0s
[   774] loss=-2.4578 | res=8.99e-03 | grad=7.05e-01 | 1.1s
[   775] loss=-2.3771 | res=5.08e-03 | grad=5.95e-01 | 1.1s
[   776] loss=-2.3121 | res=4.85e-03 | grad=5.06e-01 | 1.1s
[   777] loss=-2.4191 | res=6.69e-03 | grad=2.32e-01 | 1.1s
[   778] loss=-2.3044 | res=6.06e-03 | grad=4.06e-01 | 1.1s
[   779] loss=-2.1179 | res=5.90e-03 | grad=9.15e-01 | 1.1s
[   780] loss=-2.2958 | res=7.24e-03 | grad=5.30e-01 | 1.1s
[   781] loss=-2.2723 | res=5.59e-03 | grad=7.45e-01 | 1.1s
[   782] loss=-2.1885 | res=7.96e-03 | grad=6.50e-01 | 1.1s
[   783] loss=-2.5083 | res=6.09e-03 | grad=4.46e-01 | 1.1s
[   784] loss=-2.0348 | res=6.31e-03 | grad=3.36e-01 | 1.1s
[   785] loss=-2.4042 | res=5.10e-03 | grad=5.81e-01 | 1.0s
[   786] loss=-2.1579 | res=6.94e-03 | grad=6.07e-01 | 1.1s
[   787] loss=-2.0469 | res=5.49e-03 | grad=5.63e-01 | 1.1s
[   788] loss=-2.3462 | res=6.39e-03 | grad=1.03e+00 | 1.1s
[   789] loss=-2.0506 | res=8.16e-03 | grad=4.14e-01 | 1.1s
[   790] loss=-2.3399 | res=6.69e-03 | grad=5.36e-01 | 1.1s
[   791] loss=-2.3756 | res=6.71e-03 | grad=3.68e-01 | 1.1s
[   792] loss=-2.2721 | res=6.54e-03 | grad=4.64e-01 | 1.1s
[   793] loss=-2.2377 | res=8.23e-03 | grad=5.79e-01 | 1.1s
[   794] loss=-2.1206 | res=5.22e-03 | grad=5.28e-01 | 1.1s
[   795] loss=-2.3220 | res=6.60e-03 | grad=6.33e-01 | 1.1s
[   796] loss=-2.3705 | res=4.02e-03 | grad=3.71e-01 | 1.1s
[   797] loss=-2.1365 | res=9.52e-03 | grad=5.08e-01 | 1.1s
[   798] loss=-2.1273 | res=7.57e-03 | grad=6.25e-01 | 1.1s
[   799] loss=-2.2108 | res=6.10e-03 | grad=4.38e-01 | 1.1s
[   800] loss=-2.4409 | res=6.04e-03 | grad=4.09e-01 | 1.1s
[   801] loss=-2.2879 | res=8.10e-03 | grad=5.02e-01 | 1.1s
[   802] loss=-2.3933 | res=6.76e-03 | grad=5.53e-01 | 1.1s
[   803] loss=-2.2049 | res=6.18e-03 | grad=2.93e-01 | 1.1s
[   804] loss=-2.3808 | res=5.13e-03 | grad=6.34e-01 | 1.1s
[   805] loss=-2.2298 | res=5.08e-03 | grad=5.53e-01 | 1.1s
[   806] loss=-2.5761 | res=6.75e-03 | grad=7.07e-01 | 1.0s
[   807] loss=-2.2957 | res=7.18e-03 | grad=3.91e-01 | 1.1s
[   808] loss=-2.2270 | res=5.14e-03 | grad=7.27e-01 | 1.1s
[   809] loss=-2.3487 | res=6.24e-03 | grad=6.48e-01 | 1.1s
[   810] loss=-2.3737 | res=7.24e-03 | grad=5.66e-01 | 1.1s
[   811] loss=-2.4926 | res=7.06e-03 | grad=4.65e-01 | 1.1s
[   812] loss=-2.2180 | res=5.60e-03 | grad=4.33e-01 | 1.1s
[   813] loss=-2.1897 | res=8.02e-03 | grad=5.69e-01 | 1.1s
[   814] loss=-2.3943 | res=4.78e-03 | grad=2.97e-01 | 1.1s
[   815] loss=-2.3589 | res=4.72e-03 | grad=2.18e-01 | 1.1s
[   816] loss=-2.3793 | res=6.13e-03 | grad=7.24e-01 | 1.1s
[   817] loss=-2.1081 | res=5.69e-03 | grad=4.43e-01 | 1.1s
[   818] loss=-2.1487 | res=6.42e-03 | grad=3.54e-01 | 1.0s
[   819] loss=-2.2212 | res=6.68e-03 | grad=6.29e-01 | 1.1s
[   820] loss=-2.2247 | res=5.75e-03 | grad=2.28e-01 | 1.1s
[   821] loss=-2.1386 | res=6.36e-03 | grad=2.07e-01 | 1.0s
[   822] loss=-2.3495 | res=6.87e-03 | grad=7.36e-01 | 1.1s
[   823] loss=-2.3239 | res=8.28e-03 | grad=3.74e-01 | 1.1s
[   824] loss=-2.1498 | res=5.50e-03 | grad=4.08e-01 | 1.1s
[   825] loss=-2.3864 | res=9.76e-03 | grad=6.48e-01 | 1.1s
[   826] loss=-2.2538 | res=6.20e-03 | grad=2.71e-01 | 1.1s
[   827] loss=-2.2367 | res=8.93e-03 | grad=2.04e-01 | 1.1s
[   828] loss=-2.4029 | res=4.67e-03 | grad=7.12e-01 | 1.1s
[   829] loss=-2.3093 | res=7.41e-03 | grad=1.54e-01 | 1.1s
[   830] loss=-2.6624 | res=7.33e-03 | grad=4.64e-01 | 1.1s
[   831] loss=-2.3689 | res=6.04e-03 | grad=4.26e-01 | 1.1s
[   832] loss=-2.3851 | res=6.76e-03 | grad=4.50e-01 | 1.1s
[   833] loss=-2.3608 | res=9.00e-03 | grad=5.52e-01 | 1.1s
[   834] loss=-2.1828 | res=6.54e-03 | grad=8.48e-01 | 1.1s
[   835] loss=-2.4266 | res=6.12e-03 | grad=4.65e-01 | 1.1s
[   836] loss=-2.3626 | res=5.13e-03 | grad=4.59e-01 | 1.1s
[   837] loss=-2.5143 | res=7.10e-03 | grad=4.77e-01 | 1.0s
[   838] loss=-2.3014 | res=5.49e-03 | grad=4.38e-01 | 1.0s
[   839] loss=-2.2210 | res=6.33e-03 | grad=3.75e-01 | 1.1s
[   840] loss=-2.3509 | res=7.31e-03 | grad=2.21e-01 | 1.1s
[   841] loss=-2.5075 | res=4.92e-03 | grad=7.31e-01 | 1.1s
[   842] loss=-2.3215 | res=6.03e-03 | grad=2.81e-01 | 1.1s
[   843] loss=-2.2412 | res=5.26e-03 | grad=5.89e-01 | 1.1s
[   844] loss=-2.3379 | res=6.21e-03 | grad=3.19e-01 | 1.1s
[   845] loss=-2.3904 | res=6.68e-03 | grad=8.75e-01 | 1.0s
[   846] loss=-2.2221 | res=6.84e-03 | grad=2.69e-01 | 1.1s
[   847] loss=-2.2163 | res=6.69e-03 | grad=4.27e-01 | 1.1s
[   848] loss=-2.2690 | res=5.64e-03 | grad=3.02e-01 | 1.0s
[   849] loss=-2.3569 | res=5.84e-03 | grad=2.73e-01 | 1.1s
[   850] loss=-2.2923 | res=6.72e-03 | grad=5.07e-01 | 1.0s
[   851] loss=-2.4079 | res=5.96e-03 | grad=1.40e-01 | 1.1s
[   852] loss=-2.2168 | res=9.64e-03 | grad=3.03e-01 | 1.1s
[   853] loss=-2.3320 | res=5.27e-03 | grad=2.53e-01 | 1.1s
[   854] loss=-2.1017 | res=8.05e-03 | grad=3.70e-01 | 1.1s
[   855] loss=-2.3221 | res=4.33e-03 | grad=1.85e-01 | 1.1s
[   856] loss=-2.1962 | res=8.20e-03 | grad=2.10e-01 | 1.1s
[   857] loss=-2.2394 | res=7.22e-03 | grad=2.39e-01 | 1.1s
[   858] loss=-2.4483 | res=5.24e-03 | grad=7.98e-01 | 1.1s
[   859] loss=-2.4033 | res=5.32e-03 | grad=3.43e-01 | 1.1s
[   860] loss=-2.3819 | res=9.41e-03 | grad=3.41e-01 | 1.1s
[   861] loss=-2.2981 | res=5.60e-03 | grad=4.43e-01 | 1.1s
[   862] loss=-2.3837 | res=7.49e-03 | grad=1.91e-01 | 1.1s
[   863] loss=-2.4415 | res=6.54e-03 | grad=3.18e-01 | 1.1s
[   864] loss=-2.0612 | res=7.83e-03 | grad=7.25e-01 | 1.1s
[   865] loss=-2.4628 | res=5.63e-03 | grad=2.79e-01 | 1.0s
[   866] loss=-2.4653 | res=6.07e-03 | grad=3.20e-01 | 1.1s
[   867] loss=-2.3146 | res=4.78e-03 | grad=4.97e-01 | 1.1s
[   868] loss=-2.4142 | res=7.58e-03 | grad=3.60e-01 | 1.1s
[   869] loss=-2.1148 | res=5.23e-03 | grad=6.41e-01 | 1.1s
[   870] loss=-2.0767 | res=6.12e-03 | grad=5.95e-01 | 1.1s
[   871] loss=-2.1591 | res=7.16e-03 | grad=3.51e-01 | 1.1s
[   872] loss=-2.3065 | res=4.45e-03 | grad=2.89e-01 | 1.1s
[   873] loss=-2.2556 | res=7.99e-03 | grad=2.65e-01 | 1.1s
[   874] loss=-2.1665 | res=6.44e-03 | grad=3.68e-01 | 1.0s
[   875] loss=-2.2609 | res=6.66e-03 | grad=5.88e-01 | 1.1s
[   876] loss=-2.0909 | res=2.76e-03 | grad=4.37e-01 | 1.1s
[   877] loss=-2.1930 | res=5.25e-03 | grad=6.75e-01 | 1.1s
[   878] loss=-2.2578 | res=6.54e-03 | grad=2.13e-01 | 1.1s
[   879] loss=-2.3213 | res=6.51e-03 | grad=3.00e-01 | 1.1s
[   880] loss=-2.4883 | res=6.76e-03 | grad=9.75e-01 | 1.1s
[   881] loss=-2.1473 | res=5.92e-03 | grad=3.49e-01 | 1.1s
[   882] loss=-2.3100 | res=5.37e-03 | grad=4.56e-01 | 1.0s
[   883] loss=-2.2282 | res=5.19e-03 | grad=6.92e-01 | 1.1s
[   884] loss=-2.2932 | res=5.02e-03 | grad=5.02e-01 | 1.1s
[   885] loss=-2.2405 | res=4.94e-03 | grad=4.87e-01 | 1.1s
[   886] loss=-2.5309 | res=1.05e-02 | grad=2.98e-01 | 1.1s
[   887] loss=-2.4437 | res=5.18e-03 | grad=1.66e-01 | 1.0s
[   888] loss=-2.2171 | res=6.03e-03 | grad=4.50e-01 | 1.1s
[   889] loss=-2.2134 | res=7.18e-03 | grad=4.50e-01 | 1.1s
[   890] loss=-2.3549 | res=7.30e-03 | grad=5.12e-01 | 1.1s
[   891] loss=-2.4164 | res=4.64e-03 | grad=3.05e-01 | 1.1s
[   892] loss=-2.2039 | res=7.72e-03 | grad=2.93e-01 | 1.1s
[   893] loss=-2.1940 | res=6.80e-03 | grad=3.78e-01 | 1.0s
[   894] loss=-2.1618 | res=5.03e-03 | grad=2.17e-01 | 1.0s
[   895] loss=-2.1327 | res=5.27e-03 | grad=3.92e-01 | 1.1s
[   896] loss=-2.2174 | res=6.22e-03 | grad=3.26e-01 | 1.1s
[   897] loss=-2.2568 | res=6.43e-03 | grad=3.84e-01 | 1.1s
[   898] loss=-2.3406 | res=4.04e-03 | grad=4.52e-01 | 1.0s
[   899] loss=-2.2678 | res=5.93e-03 | grad=2.25e-01 | 1.1s
[   900] loss=-2.3165 | res=3.48e-03 | grad=2.84e-01 | 1.1s
[   901] loss=-2.3675 | res=6.17e-03 | grad=3.80e-01 | 1.1s
[   902] loss=-2.3827 | res=6.82e-03 | grad=3.99e-01 | 1.0s
[   903] loss=-2.4497 | res=5.89e-03 | grad=3.36e-01 | 1.1s
[   904] loss=-2.2131 | res=7.41e-03 | grad=5.38e-01 | 1.1s
[   905] loss=-2.1982 | res=6.97e-03 | grad=7.50e-01 | 1.1s
[   906] loss=-2.0583 | res=5.07e-03 | grad=7.13e-01 | 1.1s
[   907] loss=-2.2201 | res=7.30e-03 | grad=5.62e-01 | 1.1s
[   908] loss=-2.3666 | res=5.55e-03 | grad=4.56e-01 | 1.0s
[   909] loss=-2.3356 | res=6.20e-03 | grad=3.23e-01 | 1.1s
[   910] loss=-2.2219 | res=6.24e-03 | grad=3.21e-01 | 1.0s
[   911] loss=-2.1761 | res=6.14e-03 | grad=1.45e-01 | 1.1s
[   912] loss=-2.2340 | res=4.22e-03 | grad=1.99e-01 | 1.0s
[   913] loss=-2.1867 | res=6.55e-03 | grad=4.41e-01 | 1.1s
[   914] loss=-2.2856 | res=6.32e-03 | grad=4.75e-01 | 1.1s
[   915] loss=-2.2878 | res=5.32e-03 | grad=6.58e-01 | 1.1s
[   916] loss=-2.2629 | res=3.73e-03 | grad=4.28e-01 | 1.1s
[   917] loss=-2.1168 | res=6.01e-03 | grad=3.98e-01 | 1.0s
[   918] loss=-2.2629 | res=5.81e-03 | grad=3.84e-01 | 1.1s
[   919] loss=-2.4072 | res=7.88e-03 | grad=3.14e-01 | 1.1s
[   920] loss=-2.3029 | res=7.98e-03 | grad=2.61e-01 | 1.0s
[   921] loss=-2.2731 | res=6.47e-03 | grad=4.96e-01 | 1.1s
[   922] loss=-2.2809 | res=5.24e-03 | grad=5.98e-01 | 1.1s
[   923] loss=-2.2922 | res=4.84e-03 | grad=7.80e-01 | 1.1s
[   924] loss=-2.2381 | res=4.15e-03 | grad=4.17e-01 | 1.1s
[   925] loss=-2.5246 | res=3.28e-03 | grad=4.49e-01 | 1.1s
[   926] loss=-2.4883 | res=7.07e-03 | grad=6.02e-01 | 1.1s
[   927] loss=-2.2845 | res=7.82e-03 | grad=3.36e-01 | 1.1s
[   928] loss=-2.3697 | res=4.25e-03 | grad=5.04e-01 | 1.1s
[   929] loss=-2.3874 | res=5.56e-03 | grad=5.07e-01 | 1.0s
[   930] loss=-2.4274 | res=6.53e-03 | grad=1.65e-01 | 1.0s
[   931] loss=-2.3654 | res=4.88e-03 | grad=3.26e-01 | 1.1s
[   932] loss=-2.2878 | res=6.01e-03 | grad=4.72e-01 | 1.1s
[   933] loss=-2.0801 | res=5.68e-03 | grad=9.03e-01 | 1.1s
[   934] loss=-2.2422 | res=6.59e-03 | grad=7.40e-01 | 1.1s
[   935] loss=-2.1301 | res=6.67e-03 | grad=1.64e-01 | 1.1s
[   936] loss=-2.3868 | res=4.72e-03 | grad=5.83e-01 | 1.1s
[   937] loss=-2.3073 | res=4.13e-03 | grad=4.96e-01 | 1.1s
[   938] loss=-2.1166 | res=4.41e-03 | grad=3.44e-01 | 1.1s
[   939] loss=-2.2910 | res=5.12e-03 | grad=5.80e-01 | 1.1s
[   940] loss=-2.2862 | res=6.63e-03 | grad=5.96e-01 | 1.1s
[   941] loss=-2.3733 | res=5.11e-03 | grad=3.00e-01 | 1.1s
[   942] loss=-2.2725 | res=6.48e-03 | grad=3.54e-01 | 1.1s
[   943] loss=-2.3566 | res=5.80e-03 | grad=2.59e-01 | 1.1s
[   944] loss=-2.3977 | res=6.53e-03 | grad=2.44e-01 | 1.1s
[   945] loss=-2.3880 | res=7.38e-03 | grad=2.15e-01 | 1.1s
[   946] loss=-2.1901 | res=6.95e-03 | grad=5.98e-01 | 1.1s
[   947] loss=-2.2598 | res=7.01e-03 | grad=6.84e-01 | 1.1s
[   948] loss=-2.2479 | res=5.52e-03 | grad=2.94e-01 | 1.1s
[   949] loss=-2.3777 | res=8.36e-03 | grad=2.56e-01 | 1.1s
[   950] loss=-2.1827 | res=8.29e-03 | grad=3.67e-01 | 1.1s
[   951] loss=-2.1954 | res=5.37e-03 | grad=6.50e-01 | 1.1s
[   952] loss=-2.4460 | res=4.25e-03 | grad=6.31e-01 | 1.1s
[   953] loss=-2.4012 | res=5.57e-03 | grad=4.67e-01 | 1.1s
[   954] loss=-2.3533 | res=6.08e-03 | grad=2.69e-01 | 1.0s
[   955] loss=-2.1333 | res=4.70e-03 | grad=4.76e-01 | 1.1s
[   956] loss=-2.2154 | res=5.28e-03 | grad=4.33e-01 | 1.1s
[   957] loss=-2.6197 | res=3.66e-03 | grad=7.76e-01 | 1.0s
[   958] loss=-2.2599 | res=6.22e-03 | grad=3.50e-01 | 1.1s
[   959] loss=-2.2466 | res=6.14e-03 | grad=1.71e-01 | 1.1s
[   960] loss=-2.3200 | res=4.23e-03 | grad=3.92e-01 | 1.1s
[   961] loss=-2.5317 | res=3.57e-03 | grad=5.63e-01 | 1.1s
[   962] loss=-2.3516 | res=7.95e-03 | grad=2.36e-01 | 1.1s
[   963] loss=-2.2843 | res=5.75e-03 | grad=3.81e-01 | 1.1s
[   964] loss=-2.3104 | res=5.59e-03 | grad=3.20e-01 | 1.1s
[   965] loss=-2.3030 | res=6.08e-03 | grad=4.82e-01 | 1.0s
[   966] loss=-2.3512 | res=6.64e-03 | grad=3.36e-01 | 1.1s
[   967] loss=-2.1315 | res=5.57e-03 | grad=4.80e-01 | 1.1s
[   968] loss=-2.3339 | res=4.93e-03 | grad=2.54e-01 | 1.1s
[   969] loss=-2.4328 | res=5.81e-03 | grad=8.55e-01 | 1.1s
[   970] loss=-2.1962 | res=6.15e-03 | grad=5.77e-01 | 1.0s
[   971] loss=-2.4052 | res=7.51e-03 | grad=4.46e-01 | 1.1s
[   972] loss=-2.4452 | res=6.79e-03 | grad=6.17e-01 | 1.1s
[   973] loss=-2.3746 | res=3.81e-03 | grad=3.57e-01 | 1.1s
[   974] loss=-2.1943 | res=7.50e-03 | grad=3.23e-01 | 1.1s
[   975] loss=-2.0248 | res=6.28e-03 | grad=8.00e-01 | 1.1s
[   976] loss=-2.4303 | res=5.05e-03 | grad=2.59e-01 | 1.0s
[   977] loss=-2.2818 | res=4.98e-03 | grad=4.76e-01 | 1.1s
[   978] loss=-2.3231 | res=7.77e-03 | grad=3.08e-01 | 1.1s
[   979] loss=-2.2855 | res=6.83e-03 | grad=2.24e-01 | 1.1s
[   980] loss=-2.3646 | res=6.01e-03 | grad=4.41e-01 | 1.1s
[   981] loss=-2.4006 | res=7.65e-03 | grad=3.99e-01 | 1.1s
[   982] loss=-2.2618 | res=5.44e-03 | grad=5.90e-01 | 1.1s
[   983] loss=-2.1870 | res=6.51e-03 | grad=5.06e-01 | 1.1s
[   984] loss=-2.2506 | res=5.64e-03 | grad=2.21e-01 | 1.1s
[   985] loss=-2.2918 | res=6.96e-03 | grad=3.07e-01 | 1.1s
[   986] loss=-2.3982 | res=5.47e-03 | grad=4.52e-01 | 1.0s
[   987] loss=-2.1101 | res=5.12e-03 | grad=5.61e-01 | 1.1s
[   988] loss=-2.3908 | res=5.42e-03 | grad=1.26e-01 | 1.1s
[   989] loss=-2.3127 | res=7.55e-03 | grad=3.44e-01 | 1.1s
[   990] loss=-2.2181 | res=5.88e-03 | grad=3.69e-01 | 1.1s
[   991] loss=-2.5423 | res=6.25e-03 | grad=3.94e-01 | 1.1s
[   992] loss=-2.3126 | res=6.77e-03 | grad=6.73e-01 | 1.1s
[   993] loss=-2.3466 | res=7.96e-03 | grad=4.68e-01 | 1.0s
[   994] loss=-2.2495 | res=6.90e-03 | grad=3.71e-01 | 1.1s
[   995] loss=-2.4535 | res=5.84e-03 | grad=7.73e-01 | 1.0s
[   996] loss=-2.3884 | res=5.43e-03 | grad=5.28e-01 | 1.1s
[   997] loss=-2.3515 | res=5.57e-03 | grad=3.61e-01 | 1.1s
[   998] loss=-2.4329 | res=6.96e-03 | grad=2.72e-01 | 1.1s
[   999] loss=-2.2385 | res=5.99e-03 | grad=6.83e-01 | 1.1s
[  1000] loss=-2.2315 | res=6.67e-03 | grad=2.95e-01 | 1.1s
  KL = 0.1020 +/- 0.0028  |  ESS = 973.0 (ratio: 0.950)
  Runtime = 1071.3s

[Ours] Training on T5...
/home/sjbhatt/anaconda3/envs/rcpms-jax/lib/python3.10/site-packages/jax/_src/ops/scatter.py:92: FutureWarning: scatter inputs have incompatible types: cannot safely cast value from dtype=int64 to dtype=int32 with jax_numpy_dtype_promotion='standard'. In future JAX releases this will result in an error.
  warnings.warn(
/home/sjbhatt/anaconda3/envs/rcpms-jax/lib/python3.10/site-packages/jax/_src/ops/scatter.py:92: FutureWarning: scatter inputs have incompatible types: cannot safely cast value from dtype=int64 to dtype=int32 with jax_numpy_dtype_promotion='standard'. In future JAX releases this will result in an error.
  warnings.warn(
[     1] loss=0.0135 | res=2.54e-03 | grad=8.06e+00 | 8.1s
[     2] loss=-0.1631 | res=3.88e-03 | grad=7.80e+00 | 0.8s
[     3] loss=-0.3541 | res=4.73e-03 | grad=8.23e+00 | 0.9s
[     4] loss=-0.5376 | res=4.35e-03 | grad=8.74e+00 | 0.9s
[     5] loss=-0.7283 | res=6.14e-03 | grad=9.62e+00 | 0.8s
[     6] loss=-0.9100 | res=7.33e-03 | grad=1.02e+01 | 0.9s
[     7] loss=-1.0913 | res=7.70e-03 | grad=1.07e+01 | 0.9s
[     8] loss=-1.3206 | res=1.08e-02 | grad=1.14e+01 | 0.9s
[     9] loss=-1.5090 | res=1.22e-02 | grad=1.15e+01 | 0.9s
[    10] loss=-1.7119 | res=1.30e-02 | grad=1.18e+01 | 0.9s
[    11] loss=-1.9907 | res=1.81e-02 | grad=1.22e+01 | 0.9s
[    12] loss=-2.0609 | res=1.24e-02 | grad=1.08e+01 | 0.9s
[    13] loss=-2.3736 | res=1.94e-02 | grad=1.11e+01 | 0.8s
[    14] loss=-2.3767 | res=1.74e-02 | grad=9.83e+00 | 0.9s
[    15] loss=-2.8621 | res=2.10e-02 | grad=1.01e+01 | 0.9s
[    16] loss=-2.9662 | res=2.03e-02 | grad=9.36e+00 | 0.9s
[    17] loss=-2.9942 | res=2.47e-02 | grad=8.76e+00 | 0.9s
[    18] loss=-3.1887 | res=2.62e-02 | grad=8.46e+00 | 0.9s
[    19] loss=-3.2625 | res=2.90e-02 | grad=8.03e+00 | 0.9s
[    20] loss=-3.6469 | res=2.57e-02 | grad=8.23e+00 | 0.9s
[    21] loss=-3.8233 | res=2.88e-02 | grad=7.82e+00 | 0.9s
[    22] loss=-3.9025 | res=2.83e-02 | grad=7.52e+00 | 0.9s
[    23] loss=-4.1586 | res=3.30e-02 | grad=7.40e+00 | 0.9s
[    24] loss=-4.4810 | res=4.42e-02 | grad=7.32e+00 | 0.9s
[    25] loss=-4.4533 | res=4.05e-02 | grad=6.70e+00 | 0.8s
[    26] loss=-4.3870 | res=4.10e-02 | grad=6.13e+00 | 0.8s
[    27] loss=-4.6727 | res=4.69e-02 | grad=6.08e+00 | 0.9s
[    28] loss=-4.8505 | res=5.18e-02 | grad=5.71e+00 | 0.9s
[    29] loss=-4.8849 | res=4.30e-02 | grad=5.25e+00 | 0.9s
[    30] loss=-4.9569 | res=4.98e-02 | grad=4.86e+00 | 0.9s
[    31] loss=-5.1842 | res=6.96e-02 | grad=4.70e+00 | 0.9s
[    32] loss=-5.2950 | res=6.12e-02 | grad=4.22e+00 | 0.9s
[    33] loss=-5.1416 | res=6.48e-02 | grad=3.85e+00 | 0.8s
[    34] loss=-5.4810 | res=6.12e-02 | grad=3.63e+00 | 0.9s
[    35] loss=-5.2733 | res=7.97e-02 | grad=3.10e+00 | 0.9s
[    36] loss=-5.3355 | res=8.05e-02 | grad=2.61e+00 | 0.9s
[    37] loss=-5.4883 | res=8.84e-02 | grad=2.41e+00 | 0.8s
[    38] loss=-5.7559 | res=9.41e-02 | grad=2.33e+00 | 0.8s
[    39] loss=-5.4508 | res=1.04e-01 | grad=1.57e+00 | 0.8s
[    40] loss=-5.7992 | res=1.13e-01 | grad=1.61e+00 | 0.9s
[    41] loss=-5.4947 | res=1.15e-01 | grad=1.39e+00 | 0.9s
[    42] loss=-5.7556 | res=1.32e-01 | grad=1.02e+00 | 0.9s
[    43] loss=-5.6519 | res=1.38e-01 | grad=6.87e-01 | 0.9s
[    44] loss=-5.9480 | res=1.37e-01 | grad=8.71e-01 | 0.9s
[    45] loss=-5.4898 | res=1.41e-01 | grad=7.51e-01 | 0.9s
[    46] loss=-5.5120 | res=1.41e-01 | grad=1.05e+00 | 0.9s
[    47] loss=-5.7490 | res=1.34e-01 | grad=1.21e+00 | 0.9s
[    48] loss=-5.6468 | res=1.52e-01 | grad=1.06e+00 | 0.9s
[    49] loss=-5.6870 | res=1.48e-01 | grad=8.54e-01 | 0.8s
[    50] loss=-5.5339 | res=1.31e-01 | grad=7.92e-01 | 0.9s
[    51] loss=-5.6283 | res=1.59e-01 | grad=1.22e+00 | 0.9s
[    52] loss=-5.6149 | res=1.61e-01 | grad=1.44e+00 | 0.9s
[    53] loss=-5.9571 | res=1.48e-01 | grad=1.19e+00 | 0.8s
[    54] loss=-5.4349 | res=1.51e-01 | grad=1.23e+00 | 0.8s
[    55] loss=-5.8401 | res=1.62e-01 | grad=8.20e-01 | 0.9s
[    56] loss=-5.4811 | res=1.61e-01 | grad=1.10e+00 | 0.9s
[    57] loss=-5.5697 | res=1.44e-01 | grad=9.72e-01 | 0.8s
[    58] loss=-5.6833 | res=1.40e-01 | grad=1.20e+00 | 0.9s
[    59] loss=-5.8296 | res=1.54e-01 | grad=9.36e-01 | 0.9s
[    60] loss=-5.9282 | res=1.53e-01 | grad=9.85e-01 | 0.9s
[    61] loss=-5.5231 | res=1.47e-01 | grad=9.48e-01 | 0.8s
[    62] loss=-5.9821 | res=1.45e-01 | grad=5.40e-01 | 0.9s
[    63] loss=-5.7290 | res=1.46e-01 | grad=7.39e-01 | 0.9s
[    64] loss=-5.9527 | res=1.66e-01 | grad=6.22e-01 | 0.9s
[    65] loss=-6.0825 | res=1.26e-01 | grad=6.27e-01 | 0.8s
[    66] loss=-5.7880 | res=1.55e-01 | grad=5.24e-01 | 0.9s
[    67] loss=-6.0014 | res=1.32e-01 | grad=5.37e-01 | 0.8s
[    68] loss=-5.4667 | res=1.28e-01 | grad=8.71e-01 | 0.9s
[    69] loss=-5.5395 | res=1.23e-01 | grad=1.07e+00 | 0.9s
[    70] loss=-5.7919 | res=1.60e-01 | grad=7.92e-01 | 0.9s
[    71] loss=-5.6042 | res=1.27e-01 | grad=6.32e-01 | 0.9s
[    72] loss=-5.5582 | res=1.36e-01 | grad=1.03e+00 | 0.9s
[    73] loss=-5.4767 | res=1.21e-01 | grad=1.05e+00 | 0.9s
[    74] loss=-6.3590 | res=1.39e-01 | grad=1.03e+00 | 0.9s
[    75] loss=-5.6186 | res=1.40e-01 | grad=4.09e-01 | 0.8s
[    76] loss=-5.4217 | res=1.38e-01 | grad=5.11e-01 | 0.9s
[    77] loss=-5.8722 | res=1.36e-01 | grad=4.24e-01 | 0.9s
[    78] loss=-5.8837 | res=1.34e-01 | grad=9.99e-01 | 0.8s
[    79] loss=-5.7324 | res=1.16e-01 | grad=1.16e+00 | 0.9s
[    80] loss=-5.9145 | res=1.36e-01 | grad=9.22e-01 | 0.9s
[    81] loss=-5.7432 | res=1.17e-01 | grad=7.90e-01 | 0.9s
[    82] loss=-6.1693 | res=1.38e-01 | grad=8.47e-01 | 0.9s
[    83] loss=-5.7052 | res=1.22e-01 | grad=7.84e-01 | 0.9s
[    84] loss=-5.8064 | res=1.42e-01 | grad=9.88e-01 | 0.9s
[    85] loss=-5.6059 | res=1.35e-01 | grad=8.60e-01 | 0.9s
[    86] loss=-5.6115 | res=1.36e-01 | grad=7.29e-01 | 0.9s
[    87] loss=-5.8625 | res=1.28e-01 | grad=6.13e-01 | 0.8s
[    88] loss=-5.6991 | res=1.24e-01 | grad=7.05e-01 | 0.9s
[    89] loss=-5.9562 | res=1.28e-01 | grad=6.43e-01 | 0.8s
[    90] loss=-5.6811 | res=1.28e-01 | grad=5.96e-01 | 0.8s
[    91] loss=-5.8130 | res=1.26e-01 | grad=4.62e-01 | 0.9s
[    92] loss=-6.1222 | res=1.40e-01 | grad=1.03e+00 | 0.9s
[    93] loss=-5.7773 | res=1.39e-01 | grad=9.49e-01 | 0.9s
[    94] loss=-5.7299 | res=1.25e-01 | grad=4.41e-01 | 0.9s
[    95] loss=-5.5995 | res=1.31e-01 | grad=9.04e-01 | 0.9s
[    96] loss=-6.0149 | res=1.24e-01 | grad=5.27e-01 | 0.9s
[    97] loss=-5.6095 | res=1.42e-01 | grad=4.91e-01 | 0.8s
[    98] loss=-5.6396 | res=1.30e-01 | grad=4.41e-01 | 0.9s
[    99] loss=-5.7231 | res=1.34e-01 | grad=4.34e-01 | 0.9s
[   100] loss=-5.7003 | res=1.23e-01 | grad=9.40e-01 | 0.9s
[   101] loss=-5.9261 | res=1.34e-01 | grad=7.96e-01 | 0.9s
[   102] loss=-5.7869 | res=1.03e-01 | grad=5.55e-01 | 0.9s
[   103] loss=-5.6046 | res=1.33e-01 | grad=9.03e-01 | 0.9s
[   104] loss=-5.7718 | res=1.23e-01 | grad=8.31e-01 | 0.8s
[   105] loss=-5.8829 | res=1.22e-01 | grad=6.07e-01 | 0.8s
[   106] loss=-5.6826 | res=1.32e-01 | grad=8.12e-01 | 0.8s
[   107] loss=-5.6547 | res=1.43e-01 | grad=7.10e-01 | 0.9s
[   108] loss=-5.7654 | res=1.20e-01 | grad=5.78e-01 | 0.9s
[   109] loss=-5.8678 | res=1.37e-01 | grad=8.65e-01 | 0.9s
[   110] loss=-5.7821 | res=1.25e-01 | grad=1.08e+00 | 0.9s
[   111] loss=-5.6057 | res=1.18e-01 | grad=9.06e-01 | 0.9s
[   112] loss=-5.7598 | res=1.28e-01 | grad=7.33e-01 | 0.9s
[   113] loss=-5.8895 | res=1.33e-01 | grad=5.12e-01 | 0.8s
[   114] loss=-5.9202 | res=1.26e-01 | grad=4.82e-01 | 0.9s
[   115] loss=-5.7298 | res=1.42e-01 | grad=6.41e-01 | 0.9s
[   116] loss=-6.0748 | res=1.25e-01 | grad=7.11e-01 | 0.9s
[   117] loss=-5.6050 | res=1.37e-01 | grad=9.22e-01 | 0.8s
[   118] loss=-5.7149 | res=1.25e-01 | grad=6.73e-01 | 0.8s
[   119] loss=-5.6476 | res=1.56e-01 | grad=6.06e-01 | 0.9s
[   120] loss=-6.2426 | res=1.31e-01 | grad=7.85e-01 | 0.9s
[   121] loss=-5.8832 | res=1.29e-01 | grad=2.15e-01 | 0.9s
[   122] loss=-5.9130 | res=1.26e-01 | grad=7.51e-01 | 0.9s
[   123] loss=-5.6061 | res=1.22e-01 | grad=5.50e-01 | 0.8s
[   124] loss=-5.8766 | res=1.29e-01 | grad=7.73e-01 | 0.9s
[   125] loss=-5.7010 | res=1.24e-01 | grad=9.42e-01 | 0.8s
[   126] loss=-5.7766 | res=1.33e-01 | grad=5.53e-01 | 0.9s
[   127] loss=-5.8150 | res=1.14e-01 | grad=7.47e-01 | 0.9s
[   128] loss=-5.9570 | res=1.32e-01 | grad=4.54e-01 | 0.9s
[   129] loss=-5.7580 | res=1.22e-01 | grad=6.16e-01 | 0.8s
[   130] loss=-5.6987 | res=1.17e-01 | grad=1.13e+00 | 0.8s
[   131] loss=-5.7638 | res=1.31e-01 | grad=3.02e-01 | 0.9s
[   132] loss=-5.4936 | res=1.26e-01 | grad=6.67e-01 | 0.9s
[   133] loss=-5.7895 | res=1.27e-01 | grad=6.02e-01 | 0.8s
[   134] loss=-6.0627 | res=1.20e-01 | grad=8.34e-01 | 0.8s
[   135] loss=-5.8118 | res=1.23e-01 | grad=4.44e-01 | 0.9s
[   136] loss=-6.0959 | res=1.20e-01 | grad=6.85e-01 | 0.8s
[   137] loss=-5.7163 | res=1.30e-01 | grad=7.00e-01 | 0.8s
[   138] loss=-5.7617 | res=1.23e-01 | grad=5.59e-01 | 0.9s
[   139] loss=-5.8328 | res=1.22e-01 | grad=6.48e-01 | 0.9s
[   140] loss=-6.1540 | res=1.16e-01 | grad=9.52e-01 | 0.9s
[   141] loss=-5.8232 | res=1.18e-01 | grad=6.73e-01 | 0.8s
[   142] loss=-5.5693 | res=1.45e-01 | grad=6.63e-01 | 0.9s
[   143] loss=-5.6316 | res=1.28e-01 | grad=5.19e-01 | 0.9s
[   144] loss=-5.6884 | res=1.29e-01 | grad=5.94e-01 | 0.9s
[   145] loss=-5.6779 | res=1.37e-01 | grad=6.57e-01 | 0.9s
[   146] loss=-5.8525 | res=1.26e-01 | grad=1.01e+00 | 0.9s
[   147] loss=-5.6820 | res=1.21e-01 | grad=5.58e-01 | 0.9s
[   148] loss=-5.7655 | res=1.25e-01 | grad=2.65e-01 | 0.9s
[   149] loss=-5.6994 | res=1.22e-01 | grad=7.45e-01 | 0.9s
[   150] loss=-5.8320 | res=1.04e-01 | grad=5.38e-01 | 0.9s
[   151] loss=-6.0005 | res=1.39e-01 | grad=5.18e-01 | 0.9s
[   152] loss=-6.1424 | res=1.16e-01 | grad=7.61e-01 | 0.9s
[   153] loss=-5.6301 | res=1.21e-01 | grad=3.71e-01 | 0.9s
[   154] loss=-5.7062 | res=1.27e-01 | grad=4.80e-01 | 0.8s
[   155] loss=-5.4755 | res=1.50e-01 | grad=9.00e-01 | 0.9s
[   156] loss=-5.7991 | res=1.30e-01 | grad=8.76e-01 | 0.8s
[   157] loss=-5.7513 | res=1.22e-01 | grad=5.28e-01 | 0.8s
[   158] loss=-5.5817 | res=1.23e-01 | grad=6.14e-01 | 0.8s
[   159] loss=-5.6715 | res=1.49e-01 | grad=3.92e-01 | 0.9s
[   160] loss=-5.7753 | res=1.18e-01 | grad=3.50e-01 | 0.9s
[   161] loss=-5.6033 | res=1.26e-01 | grad=6.65e-01 | 0.8s
[   162] loss=-5.6304 | res=1.17e-01 | grad=6.96e-01 | 0.8s
[   163] loss=-6.0537 | res=1.24e-01 | grad=5.59e-01 | 0.9s
[   164] loss=-5.9238 | res=1.27e-01 | grad=4.27e-01 | 0.9s
[   165] loss=-6.2653 | res=1.27e-01 | grad=4.35e-01 | 0.8s
[   166] loss=-5.9036 | res=1.11e-01 | grad=4.93e-01 | 0.9s
[   167] loss=-5.8809 | res=1.28e-01 | grad=6.76e-01 | 0.8s
[   168] loss=-5.6631 | res=1.36e-01 | grad=7.82e-01 | 0.9s
[   169] loss=-5.7074 | res=1.30e-01 | grad=7.38e-01 | 0.8s
[   170] loss=-5.6817 | res=1.29e-01 | grad=8.66e-01 | 0.8s
[   171] loss=-5.8690 | res=1.42e-01 | grad=8.86e-01 | 0.9s
[   172] loss=-5.6941 | res=1.36e-01 | grad=4.11e-01 | 0.9s
[   173] loss=-5.9690 | res=1.35e-01 | grad=4.65e-01 | 0.9s
[   174] loss=-5.9145 | res=1.19e-01 | grad=8.31e-01 | 0.8s
[   175] loss=-5.6526 | res=1.28e-01 | grad=7.40e-01 | 0.9s
[   176] loss=-5.8204 | res=1.29e-01 | grad=1.15e+00 | 0.9s
[   177] loss=-5.4363 | res=1.42e-01 | grad=6.84e-01 | 0.8s
[   178] loss=-5.8074 | res=1.22e-01 | grad=5.44e-01 | 0.9s
[   179] loss=-5.6971 | res=1.20e-01 | grad=6.57e-01 | 0.9s
[   180] loss=-5.9292 | res=1.26e-01 | grad=1.10e+00 | 0.9s
[   181] loss=-5.5668 | res=1.30e-01 | grad=4.63e-01 | 0.9s
[   182] loss=-5.5757 | res=1.29e-01 | grad=6.38e-01 | 0.9s
[   183] loss=-6.0116 | res=1.33e-01 | grad=4.78e-01 | 0.9s
[   184] loss=-5.7479 | res=1.29e-01 | grad=1.13e+00 | 0.9s
[   185] loss=-5.6710 | res=1.32e-01 | grad=1.37e+00 | 0.8s
[   186] loss=-6.2703 | res=1.22e-01 | grad=8.50e-01 | 0.9s
[   187] loss=-5.7283 | res=1.35e-01 | grad=6.82e-01 | 0.8s
[   188] loss=-5.5589 | res=1.29e-01 | grad=8.15e-01 | 0.9s
[   189] loss=-5.9227 | res=1.35e-01 | grad=1.14e+00 | 0.8s
[   190] loss=-5.5007 | res=1.31e-01 | grad=1.44e+00 | 0.8s
[   191] loss=-5.7906 | res=1.30e-01 | grad=6.97e-01 | 0.9s
[   192] loss=-5.6070 | res=1.42e-01 | grad=6.09e-01 | 0.9s
[   193] loss=-6.0980 | res=1.22e-01 | grad=8.58e-01 | 0.8s
[   194] loss=-5.5983 | res=1.21e-01 | grad=8.70e-01 | 0.9s
[   195] loss=-5.9434 | res=1.17e-01 | grad=7.89e-01 | 0.9s
[   196] loss=-5.4612 | res=1.18e-01 | grad=7.86e-01 | 0.9s
[   197] loss=-5.8935 | res=1.30e-01 | grad=1.65e+00 | 0.9s
[   198] loss=-5.7636 | res=1.17e-01 | grad=1.32e+00 | 0.8s
[   199] loss=-6.0413 | res=1.25e-01 | grad=9.81e-01 | 0.9s
[   200] loss=-5.9174 | res=1.22e-01 | grad=8.68e-01 | 0.9s
[   201] loss=-5.5607 | res=1.38e-01 | grad=1.05e+00 | 0.8s
[   202] loss=-5.5308 | res=1.23e-01 | grad=1.03e+00 | 0.9s
[   203] loss=-5.7845 | res=1.20e-01 | grad=1.41e+00 | 0.9s
[   204] loss=-5.5581 | res=1.35e-01 | grad=1.12e+00 | 0.9s
[   205] loss=-5.5261 | res=1.25e-01 | grad=1.20e+00 | 0.8s
[   206] loss=-6.0049 | res=1.49e-01 | grad=5.22e-01 | 0.9s
[   207] loss=-5.8801 | res=1.16e-01 | grad=1.40e+00 | 0.9s
[   208] loss=-5.9567 | res=1.26e-01 | grad=1.03e+00 | 0.9s
[   209] loss=-6.0426 | res=1.31e-01 | grad=8.86e-01 | 0.8s
[   210] loss=-5.8485 | res=1.39e-01 | grad=6.86e-01 | 0.8s
[   211] loss=-5.7550 | res=1.23e-01 | grad=1.31e+00 | 0.9s
[   212] loss=-5.4865 | res=1.31e-01 | grad=5.82e-01 | 0.9s
[   213] loss=-5.4274 | res=1.23e-01 | grad=5.70e-01 | 0.9s
[   214] loss=-5.8531 | res=1.30e-01 | grad=7.69e-01 | 0.8s
[   215] loss=-5.7647 | res=1.26e-01 | grad=9.48e-01 | 0.9s
[   216] loss=-5.8502 | res=1.23e-01 | grad=9.64e-01 | 0.9s
[   217] loss=-5.8032 | res=1.26e-01 | grad=7.50e-01 | 0.8s
[   218] loss=-5.7684 | res=1.25e-01 | grad=6.65e-01 | 0.9s
[   219] loss=-5.8553 | res=1.43e-01 | grad=6.79e-01 | 0.9s
[   220] loss=-6.0850 | res=1.23e-01 | grad=5.58e-01 | 0.9s
[   221] loss=-5.8185 | res=1.20e-01 | grad=3.70e-01 | 0.8s
[   222] loss=-5.8323 | res=1.31e-01 | grad=8.57e-01 | 0.8s
[   223] loss=-5.7528 | res=1.31e-01 | grad=9.62e-01 | 0.9s
[   224] loss=-5.6808 | res=1.26e-01 | grad=6.61e-01 | 0.9s
[   225] loss=-5.7537 | res=1.45e-01 | grad=9.90e-01 | 0.8s
[   226] loss=-5.9021 | res=1.36e-01 | grad=4.57e-01 | 0.9s
[   227] loss=-5.6680 | res=1.35e-01 | grad=3.41e-01 | 0.8s
[   228] loss=-5.9209 | res=1.33e-01 | grad=9.05e-01 | 0.9s
[   229] loss=-5.9191 | res=1.14e-01 | grad=5.14e-01 | 0.8s
[   230] loss=-5.7416 | res=1.31e-01 | grad=3.85e-01 | 0.9s
[   231] loss=-5.8355 | res=1.34e-01 | grad=6.48e-01 | 0.9s
[   232] loss=-5.5470 | res=1.16e-01 | grad=1.06e+00 | 0.9s
[   233] loss=-5.8296 | res=1.33e-01 | grad=8.00e-01 | 0.8s
[   234] loss=-5.9225 | res=1.28e-01 | grad=5.93e-01 | 0.9s
[   235] loss=-5.9465 | res=1.15e-01 | grad=7.63e-01 | 0.8s
[   236] loss=-5.9493 | res=1.22e-01 | grad=6.72e-01 | 0.9s
[   237] loss=-5.8508 | res=1.14e-01 | grad=8.88e-01 | 0.9s
[   238] loss=-5.9589 | res=1.29e-01 | grad=6.95e-01 | 0.9s
[   239] loss=-5.7637 | res=1.30e-01 | grad=6.98e-01 | 0.9s
[   240] loss=-6.0983 | res=1.20e-01 | grad=6.63e-01 | 0.9s
[   241] loss=-5.4988 | res=1.27e-01 | grad=8.47e-01 | 0.8s
[   242] loss=-5.7120 | res=1.36e-01 | grad=8.14e-01 | 0.9s
[   243] loss=-5.8302 | res=1.25e-01 | grad=6.41e-01 | 0.8s
[   244] loss=-5.6134 | res=1.42e-01 | grad=7.95e-01 | 0.9s
[   245] loss=-5.5129 | res=1.21e-01 | grad=7.64e-01 | 0.8s
[   246] loss=-5.6862 | res=1.41e-01 | grad=5.75e-01 | 0.9s
[   247] loss=-6.2644 | res=1.22e-01 | grad=1.15e+00 | 0.9s
[   248] loss=-5.6270 | res=1.24e-01 | grad=6.61e-01 | 0.9s
[   249] loss=-5.7471 | res=1.41e-01 | grad=5.68e-01 | 0.8s
[   250] loss=-5.5842 | res=1.38e-01 | grad=6.12e-01 | 0.8s
[   251] loss=-5.9007 | res=1.21e-01 | grad=1.04e+00 | 0.9s
[   252] loss=-5.9708 | res=1.30e-01 | grad=5.98e-01 | 0.9s
[   253] loss=-5.6511 | res=1.22e-01 | grad=6.26e-01 | 0.8s
[   254] loss=-5.6265 | res=1.33e-01 | grad=5.68e-01 | 0.8s
[   255] loss=-5.7628 | res=1.34e-01 | grad=7.44e-01 | 0.9s
[   256] loss=-5.5599 | res=1.50e-01 | grad=6.58e-01 | 0.9s
[   257] loss=-5.5151 | res=1.43e-01 | grad=9.41e-01 | 0.9s
[   258] loss=-5.8773 | res=1.28e-01 | grad=8.42e-01 | 0.8s
[   259] loss=-5.6016 | res=1.56e-01 | grad=6.89e-01 | 0.9s
[   260] loss=-5.7466 | res=1.32e-01 | grad=4.17e-01 | 0.9s
[   261] loss=-5.2669 | res=1.46e-01 | grad=6.70e-01 | 0.8s
[   262] loss=-5.7389 | res=1.31e-01 | grad=6.01e-01 | 0.9s
[   263] loss=-5.8211 | res=1.40e-01 | grad=4.37e-01 | 0.9s
[   264] loss=-5.7583 | res=1.30e-01 | grad=1.01e+00 | 0.9s
[   265] loss=-5.9015 | res=1.35e-01 | grad=7.06e-01 | 0.8s
[   266] loss=-5.5986 | res=1.33e-01 | grad=7.53e-01 | 0.9s
[   267] loss=-5.9491 | res=1.33e-01 | grad=5.95e-01 | 0.9s
[   268] loss=-5.7681 | res=1.29e-01 | grad=6.50e-01 | 0.9s
[   269] loss=-5.8362 | res=1.26e-01 | grad=8.53e-01 | 0.8s
[   270] loss=-5.6715 | res=1.32e-01 | grad=6.81e-01 | 0.8s
[   271] loss=-5.6549 | res=1.29e-01 | grad=8.24e-01 | 0.9s
[   272] loss=-5.4983 | res=1.30e-01 | grad=1.03e+00 | 0.9s
[   273] loss=-5.7214 | res=1.33e-01 | grad=6.58e-01 | 0.8s
[   274] loss=-5.8253 | res=1.35e-01 | grad=8.20e-01 | 0.9s
[   275] loss=-5.8091 | res=1.26e-01 | grad=6.92e-01 | 0.9s
[   276] loss=-5.9288 | res=1.35e-01 | grad=7.52e-01 | 0.9s
[   277] loss=-5.9201 | res=1.31e-01 | grad=7.68e-01 | 0.9s
[   278] loss=-5.7127 | res=1.35e-01 | grad=7.86e-01 | 0.9s
[   279] loss=-5.7433 | res=1.35e-01 | grad=7.29e-01 | 0.9s
[   280] loss=-5.8773 | res=1.36e-01 | grad=1.45e+00 | 0.9s
[   281] loss=-6.0285 | res=1.33e-01 | grad=7.68e-01 | 0.9s
[   282] loss=-5.7858 | res=1.35e-01 | grad=6.95e-01 | 0.8s
[   283] loss=-5.7780 | res=1.28e-01 | grad=1.25e+00 | 0.9s
[   284] loss=-5.9094 | res=1.46e-01 | grad=1.28e+00 | 0.9s
[   285] loss=-5.5759 | res=1.32e-01 | grad=8.72e-01 | 0.8s
[   286] loss=-5.7466 | res=1.24e-01 | grad=8.79e-01 | 0.8s
[   287] loss=-5.1742 | res=1.38e-01 | grad=8.64e-01 | 0.8s
[   288] loss=-5.9626 | res=1.33e-01 | grad=5.53e-01 | 0.9s
[   289] loss=-5.6700 | res=1.18e-01 | grad=1.18e+00 | 0.9s
[   290] loss=-5.6771 | res=1.37e-01 | grad=7.19e-01 | 0.9s
[   291] loss=-5.8887 | res=1.36e-01 | grad=1.17e+00 | 0.9s
[   292] loss=-5.3253 | res=1.44e-01 | grad=7.40e-01 | 0.9s
[   293] loss=-5.8434 | res=1.20e-01 | grad=6.35e-01 | 0.9s
[   294] loss=-5.9650 | res=1.28e-01 | grad=4.83e-01 | 0.9s
[   295] loss=-6.1194 | res=1.32e-01 | grad=9.25e-01 | 0.9s
[   296] loss=-5.8797 | res=1.33e-01 | grad=4.61e-01 | 0.9s
[   297] loss=-5.7506 | res=1.33e-01 | grad=1.03e+00 | 0.8s
[   298] loss=-5.8705 | res=1.37e-01 | grad=1.07e+00 | 0.9s
[   299] loss=-5.8635 | res=1.30e-01 | grad=1.09e+00 | 0.9s
[   300] loss=-5.9699 | res=1.34e-01 | grad=7.37e-01 | 0.9s
[   301] loss=-5.5547 | res=1.43e-01 | grad=5.58e-01 | 0.8s
[   302] loss=-5.7660 | res=1.27e-01 | grad=4.29e-01 | 0.9s
[   303] loss=-5.6702 | res=1.29e-01 | grad=7.45e-01 | 0.9s
[   304] loss=-5.8616 | res=1.33e-01 | grad=1.24e+00 | 0.9s
[   305] loss=-5.9878 | res=1.24e-01 | grad=1.39e+00 | 0.8s
[   306] loss=-5.6368 | res=1.31e-01 | grad=1.04e+00 | 0.9s
[   307] loss=-5.9525 | res=1.22e-01 | grad=1.06e+00 | 0.9s
[   308] loss=-5.5408 | res=1.29e-01 | grad=6.54e-01 | 0.9s
[   309] loss=-5.6521 | res=1.27e-01 | grad=4.36e-01 | 0.9s
[   310] loss=-5.7361 | res=1.33e-01 | grad=8.99e-01 | 0.9s
[   311] loss=-5.8934 | res=1.22e-01 | grad=9.51e-01 | 0.9s
[   312] loss=-6.0507 | res=1.18e-01 | grad=1.38e+00 | 0.9s
[   313] loss=-5.9673 | res=1.37e-01 | grad=1.30e+00 | 0.8s
[   314] loss=-5.9113 | res=1.29e-01 | grad=1.09e+00 | 0.8s
[   315] loss=-5.5165 | res=1.34e-01 | grad=8.48e-01 | 0.9s
[   316] loss=-5.7897 | res=1.23e-01 | grad=7.12e-01 | 0.9s
[   317] loss=-5.7791 | res=1.38e-01 | grad=7.71e-01 | 0.8s
[   318] loss=-6.0857 | res=1.28e-01 | grad=6.24e-01 | 0.9s
[   319] loss=-5.8335 | res=1.27e-01 | grad=6.88e-01 | 0.9s
[   320] loss=-5.6611 | res=1.26e-01 | grad=5.20e-01 | 0.9s
[   321] loss=-5.5097 | res=1.24e-01 | grad=8.71e-01 | 0.9s
[   322] loss=-5.7314 | res=1.18e-01 | grad=7.64e-01 | 0.9s
[   323] loss=-5.9236 | res=1.06e-01 | grad=9.00e-01 | 0.9s
[   324] loss=-5.7202 | res=1.42e-01 | grad=6.04e-01 | 0.9s
[   325] loss=-5.6748 | res=1.34e-01 | grad=7.63e-01 | 0.8s
[   326] loss=-5.8454 | res=1.27e-01 | grad=8.41e-01 | 0.9s
[   327] loss=-5.7473 | res=1.18e-01 | grad=6.81e-01 | 0.9s
[   328] loss=-6.0008 | res=1.20e-01 | grad=5.83e-01 | 0.9s
[   329] loss=-5.5805 | res=1.41e-01 | grad=7.35e-01 | 0.9s
[   330] loss=-5.8077 | res=1.20e-01 | grad=8.21e-01 | 0.9s
[   331] loss=-5.9117 | res=1.21e-01 | grad=9.46e-01 | 0.9s
[   332] loss=-5.7592 | res=1.28e-01 | grad=3.91e-01 | 0.9s
[   333] loss=-5.7313 | res=1.53e-01 | grad=5.50e-01 | 0.9s
[   334] loss=-5.7077 | res=1.38e-01 | grad=6.97e-01 | 0.8s
[   335] loss=-5.9029 | res=1.24e-01 | grad=9.91e-01 | 0.9s
[   336] loss=-5.5294 | res=1.39e-01 | grad=7.56e-01 | 0.9s
[   337] loss=-6.0289 | res=1.22e-01 | grad=5.71e-01 | 0.9s
[   338] loss=-5.3937 | res=1.42e-01 | grad=8.36e-01 | 0.9s
[   339] loss=-5.7496 | res=1.24e-01 | grad=3.72e-01 | 0.9s
[   340] loss=-5.8992 | res=1.31e-01 | grad=3.54e-01 | 0.9s
[   341] loss=-5.5426 | res=1.26e-01 | grad=5.35e-01 | 0.8s
[   342] loss=-5.8389 | res=1.13e-01 | grad=4.86e-01 | 0.9s
[   343] loss=-5.9400 | res=1.26e-01 | grad=4.63e-01 | 0.9s
[   344] loss=-6.0652 | res=1.20e-01 | grad=7.23e-01 | 0.9s
[   345] loss=-5.9681 | res=1.24e-01 | grad=1.00e+00 | 0.9s
[   346] loss=-5.8583 | res=1.29e-01 | grad=7.34e-01 | 0.8s
[   347] loss=-5.5254 | res=1.29e-01 | grad=4.56e-01 | 0.9s
[   348] loss=-5.9563 | res=1.38e-01 | grad=8.99e-01 | 0.9s
[   349] loss=-6.2577 | res=1.28e-01 | grad=1.03e+00 | 0.8s
[   350] loss=-5.5536 | res=1.35e-01 | grad=5.52e-01 | 0.9s
[   351] loss=-5.7169 | res=1.33e-01 | grad=5.20e-01 | 0.9s
[   352] loss=-5.9649 | res=1.23e-01 | grad=6.20e-01 | 0.9s
[   353] loss=-5.7023 | res=1.25e-01 | grad=8.52e-01 | 0.9s
[   354] loss=-5.7176 | res=1.29e-01 | grad=6.75e-01 | 0.8s
[   355] loss=-5.9608 | res=1.27e-01 | grad=6.30e-01 | 0.9s
[   356] loss=-5.7150 | res=1.45e-01 | grad=4.49e-01 | 0.9s
[   357] loss=-5.6230 | res=1.27e-01 | grad=6.28e-01 | 0.8s
[   358] loss=-5.7384 | res=1.28e-01 | grad=7.66e-01 | 0.9s
[   359] loss=-5.5080 | res=1.27e-01 | grad=7.36e-01 | 0.9s
[   360] loss=-5.7552 | res=1.33e-01 | grad=1.29e+00 | 0.9s
[   361] loss=-5.8478 | res=1.38e-01 | grad=9.88e-01 | 0.9s
[   362] loss=-5.6758 | res=1.43e-01 | grad=5.71e-01 | 0.8s
[   363] loss=-5.9912 | res=1.36e-01 | grad=9.45e-01 | 0.9s
[   364] loss=-5.8456 | res=1.25e-01 | grad=6.10e-01 | 0.9s
[   365] loss=-5.5072 | res=1.31e-01 | grad=1.54e+00 | 0.8s
[   366] loss=-5.6932 | res=1.38e-01 | grad=8.08e-01 | 0.8s
[   367] loss=-5.6716 | res=1.24e-01 | grad=8.92e-01 | 0.9s
[   368] loss=-5.7790 | res=1.28e-01 | grad=5.86e-01 | 0.9s
[   369] loss=-5.6712 | res=1.31e-01 | grad=6.56e-01 | 0.8s
[   370] loss=-6.2243 | res=1.17e-01 | grad=9.60e-01 | 0.9s
[   371] loss=-5.5647 | res=1.30e-01 | grad=1.17e+00 | 0.9s
[   372] loss=-5.7455 | res=1.33e-01 | grad=6.72e-01 | 0.9s
[   373] loss=-5.6078 | res=1.46e-01 | grad=7.35e-01 | 0.8s
[   374] loss=-5.6252 | res=1.39e-01 | grad=5.00e-01 | 0.9s
[   375] loss=-5.7214 | res=1.39e-01 | grad=3.95e-01 | 0.9s
[   376] loss=-5.9369 | res=1.30e-01 | grad=1.01e+00 | 0.9s
[   377] loss=-5.6519 | res=1.44e-01 | grad=1.35e+00 | 0.8s
[   378] loss=-6.0625 | res=1.21e-01 | grad=7.48e-01 | 0.9s
[   379] loss=-5.6271 | res=1.32e-01 | grad=1.05e+00 | 0.9s
[   380] loss=-5.8378 | res=1.43e-01 | grad=1.19e+00 | 0.9s
[   381] loss=-5.9022 | res=1.17e-01 | grad=8.52e-01 | 0.9s
[   382] loss=-5.8693 | res=1.37e-01 | grad=6.63e-01 | 0.9s
[   383] loss=-5.7253 | res=1.26e-01 | grad=9.83e-01 | 0.9s
[   384] loss=-5.8015 | res=1.30e-01 | grad=6.23e-01 | 0.9s
[   385] loss=-5.9642 | res=1.28e-01 | grad=8.78e-01 | 0.8s
[   386] loss=-5.9483 | res=1.24e-01 | grad=9.00e-01 | 0.9s
[   387] loss=-5.6628 | res=1.34e-01 | grad=6.97e-01 | 0.9s
[   388] loss=-5.5005 | res=1.51e-01 | grad=8.55e-01 | 0.9s
[   389] loss=-5.6334 | res=1.43e-01 | grad=6.44e-01 | 0.8s
[   390] loss=-5.5565 | res=1.27e-01 | grad=5.48e-01 | 0.8s
[   391] loss=-5.9432 | res=1.19e-01 | grad=7.88e-01 | 0.9s
[   392] loss=-5.7401 | res=1.43e-01 | grad=1.21e+00 | 0.9s
[   393] loss=-5.7250 | res=1.35e-01 | grad=6.26e-01 | 0.8s
[   394] loss=-5.7235 | res=1.29e-01 | grad=5.91e-01 | 0.9s
[   395] loss=-5.4810 | res=1.47e-01 | grad=9.28e-01 | 0.9s
[   396] loss=-5.5783 | res=1.20e-01 | grad=5.95e-01 | 0.9s
[   397] loss=-5.9130 | res=1.41e-01 | grad=7.10e-01 | 0.9s
[   398] loss=-5.6462 | res=1.32e-01 | grad=3.96e-01 | 0.9s
[   399] loss=-5.9400 | res=1.10e-01 | grad=6.85e-01 | 0.8s
[   400] loss=-5.6750 | res=1.30e-01 | grad=5.15e-01 | 0.9s
[   401] loss=-5.6593 | res=1.37e-01 | grad=6.50e-01 | 0.8s
[   402] loss=-5.6721 | res=1.39e-01 | grad=6.67e-01 | 0.9s
[   403] loss=-5.6419 | res=1.33e-01 | grad=4.27e-01 | 0.9s
[   404] loss=-6.1462 | res=1.29e-01 | grad=8.91e-01 | 0.9s
[   405] loss=-5.9458 | res=1.19e-01 | grad=4.92e-01 | 0.9s
[   406] loss=-5.8758 | res=1.27e-01 | grad=7.27e-01 | 0.8s
[   407] loss=-5.5442 | res=1.56e-01 | grad=7.38e-01 | 0.9s
[   408] loss=-5.3623 | res=1.31e-01 | grad=6.52e-01 | 0.9s
[   409] loss=-5.8241 | res=1.33e-01 | grad=2.52e-01 | 0.8s
[   410] loss=-6.1271 | res=1.37e-01 | grad=6.75e-01 | 0.9s
[   411] loss=-6.0425 | res=1.25e-01 | grad=6.75e-01 | 0.9s
[   412] loss=-5.6332 | res=1.16e-01 | grad=3.02e-01 | 0.9s
[   413] loss=-5.6759 | res=1.37e-01 | grad=3.20e-01 | 0.9s
[   414] loss=-5.7516 | res=1.38e-01 | grad=5.17e-01 | 0.9s
[   415] loss=-5.7465 | res=1.26e-01 | grad=6.55e-01 | 0.9s
[   416] loss=-5.9584 | res=1.37e-01 | grad=7.61e-01 | 0.9s
[   417] loss=-5.7229 | res=1.31e-01 | grad=7.80e-01 | 0.8s
[   418] loss=-5.8302 | res=1.57e-01 | grad=1.07e+00 | 0.9s
[   419] loss=-5.6344 | res=1.39e-01 | grad=6.69e-01 | 0.9s
[   420] loss=-5.8650 | res=1.24e-01 | grad=5.52e-01 | 0.9s
[   421] loss=-5.5699 | res=1.30e-01 | grad=5.00e-01 | 0.9s
[   422] loss=-5.7508 | res=1.22e-01 | grad=6.40e-01 | 0.9s
[   423] loss=-5.6277 | res=1.36e-01 | grad=7.34e-01 | 0.8s
[   424] loss=-6.0153 | res=1.35e-01 | grad=8.80e-01 | 0.9s
[   425] loss=-5.5897 | res=1.35e-01 | grad=5.77e-01 | 0.8s
[   426] loss=-5.5100 | res=1.36e-01 | grad=6.35e-01 | 0.9s
[   427] loss=-5.7551 | res=1.24e-01 | grad=4.27e-01 | 0.9s
[   428] loss=-5.5670 | res=1.30e-01 | grad=4.60e-01 | 0.9s
[   429] loss=-5.5344 | res=1.38e-01 | grad=4.20e-01 | 0.9s
[   430] loss=-5.8973 | res=1.17e-01 | grad=6.59e-01 | 0.9s
[   431] loss=-5.7627 | res=1.31e-01 | grad=4.27e-01 | 0.9s
[   432] loss=-6.0098 | res=1.31e-01 | grad=5.73e-01 | 0.9s
[   433] loss=-5.7710 | res=1.22e-01 | grad=5.21e-01 | 0.9s
[   434] loss=-5.8580 | res=1.56e-01 | grad=5.90e-01 | 0.9s
[   435] loss=-5.8876 | res=1.35e-01 | grad=5.27e-01 | 0.8s
[   436] loss=-5.7950 | res=1.24e-01 | grad=6.09e-01 | 0.9s
[   437] loss=-5.7826 | res=1.42e-01 | grad=7.40e-01 | 0.9s
[   438] loss=-5.8689 | res=1.25e-01 | grad=5.37e-01 | 0.9s
[   439] loss=-5.6440 | res=1.26e-01 | grad=4.62e-01 | 0.9s
[   440] loss=-5.8901 | res=1.41e-01 | grad=6.61e-01 | 0.9s
[   441] loss=-6.1091 | res=1.36e-01 | grad=8.00e-01 | 0.8s
[   442] loss=-5.9373 | res=1.41e-01 | grad=8.31e-01 | 0.9s
[   443] loss=-5.7270 | res=1.40e-01 | grad=4.05e-01 | 0.9s
[   444] loss=-6.0927 | res=1.33e-01 | grad=4.42e-01 | 0.9s
[   445] loss=-5.6680 | res=1.38e-01 | grad=8.85e-01 | 0.8s
[   446] loss=-5.8669 | res=1.36e-01 | grad=7.99e-01 | 0.9s
[   447] loss=-5.9920 | res=1.18e-01 | grad=5.29e-01 | 0.9s
[   448] loss=-5.7918 | res=1.42e-01 | grad=4.00e-01 | 0.9s
[   449] loss=-5.8622 | res=1.26e-01 | grad=4.22e-01 | 0.9s
[   450] loss=-5.6647 | res=1.35e-01 | grad=5.71e-01 | 0.9s
[   451] loss=-5.7915 | res=1.39e-01 | grad=4.97e-01 | 0.9s
[   452] loss=-5.9792 | res=1.51e-01 | grad=6.79e-01 | 0.9s
[   453] loss=-5.5965 | res=1.33e-01 | grad=5.77e-01 | 0.8s
[   454] loss=-5.7618 | res=1.41e-01 | grad=7.74e-01 | 0.9s
[   455] loss=-6.0002 | res=1.43e-01 | grad=2.99e-01 | 0.9s
[   456] loss=-5.8236 | res=1.42e-01 | grad=7.09e-01 | 0.8s
[   457] loss=-5.6559 | res=1.53e-01 | grad=5.57e-01 | 0.9s
[   458] loss=-5.9998 | res=1.27e-01 | grad=4.82e-01 | 0.8s
[   459] loss=-5.7491 | res=1.41e-01 | grad=8.78e-01 | 0.9s
[   460] loss=-5.5733 | res=1.35e-01 | grad=7.63e-01 | 0.9s
[   461] loss=-5.6368 | res=1.44e-01 | grad=7.01e-01 | 0.8s
[   462] loss=-5.4308 | res=1.29e-01 | grad=3.61e-01 | 0.9s
[   463] loss=-5.8583 | res=1.30e-01 | grad=9.12e-01 | 0.9s
[   464] loss=-5.7545 | res=1.37e-01 | grad=5.98e-01 | 0.8s
[   465] loss=-5.7446 | res=1.35e-01 | grad=8.59e-01 | 0.9s
[   466] loss=-5.9277 | res=1.22e-01 | grad=1.08e+00 | 0.8s
[   467] loss=-5.8223 | res=1.34e-01 | grad=5.49e-01 | 0.9s
[   468] loss=-5.5800 | res=1.36e-01 | grad=8.33e-01 | 0.8s
[   469] loss=-5.9254 | res=1.27e-01 | grad=6.00e-01 | 0.8s
[   470] loss=-5.6090 | res=1.47e-01 | grad=6.47e-01 | 0.8s
[   471] loss=-5.8085 | res=1.35e-01 | grad=5.40e-01 | 0.9s
[   472] loss=-5.7728 | res=1.38e-01 | grad=9.30e-01 | 0.9s
[   473] loss=-5.7954 | res=1.44e-01 | grad=4.22e-01 | 0.8s
[   474] loss=-5.9092 | res=1.38e-01 | grad=5.64e-01 | 0.9s
[   475] loss=-5.7477 | res=1.47e-01 | grad=7.61e-01 | 0.9s
[   476] loss=-6.0528 | res=1.40e-01 | grad=5.81e-01 | 0.9s
[   477] loss=-5.7633 | res=1.35e-01 | grad=4.93e-01 | 0.8s
[   478] loss=-5.8750 | res=1.33e-01 | grad=7.19e-01 | 0.9s
[   479] loss=-5.5921 | res=1.32e-01 | grad=6.80e-01 | 0.9s
[   480] loss=-5.8569 | res=1.43e-01 | grad=8.11e-01 | 0.9s
[   481] loss=-5.8377 | res=1.25e-01 | grad=5.94e-01 | 0.8s
[   482] loss=-5.6296 | res=1.29e-01 | grad=6.05e-01 | 0.9s
[   483] loss=-5.7103 | res=1.39e-01 | grad=5.47e-01 | 0.9s
[   484] loss=-5.8031 | res=1.26e-01 | grad=3.46e-01 | 0.9s
[   485] loss=-5.5710 | res=1.28e-01 | grad=6.91e-01 | 0.9s
[   486] loss=-5.7726 | res=1.40e-01 | grad=7.16e-01 | 0.9s
[   487] loss=-5.4104 | res=1.51e-01 | grad=4.37e-01 | 0.9s
[   488] loss=-5.8363 | res=1.51e-01 | grad=9.40e-01 | 0.9s
[   489] loss=-5.6389 | res=1.36e-01 | grad=9.24e-01 | 0.8s
[   490] loss=-5.8102 | res=1.39e-01 | grad=8.96e-01 | 0.9s
[   491] loss=-5.7212 | res=1.30e-01 | grad=5.67e-01 | 0.9s
[   492] loss=-5.8350 | res=1.40e-01 | grad=8.96e-01 | 0.9s
[   493] loss=-5.7977 | res=1.23e-01 | grad=8.26e-01 | 0.9s
[   494] loss=-5.8473 | res=1.32e-01 | grad=5.58e-01 | 0.9s
[   495] loss=-5.6531 | res=1.32e-01 | grad=8.04e-01 | 0.9s
[   496] loss=-5.5768 | res=1.35e-01 | grad=6.47e-01 | 0.9s
[   497] loss=-5.9163 | res=1.12e-01 | grad=7.66e-01 | 0.8s
[   498] loss=-5.9237 | res=1.20e-01 | grad=6.51e-01 | 0.8s
[   499] loss=-5.5748 | res=1.20e-01 | grad=4.95e-01 | 0.9s
[   500] loss=-5.7641 | res=1.43e-01 | grad=3.94e-01 | 0.9s
[   501] loss=-5.8854 | res=1.45e-01 | grad=7.76e-01 | 0.8s
[   502] loss=-5.7626 | res=1.39e-01 | grad=1.02e+00 | 0.9s
[   503] loss=-5.8211 | res=1.23e-01 | grad=6.40e-01 | 0.8s
[   504] loss=-5.6524 | res=1.47e-01 | grad=9.61e-01 | 0.9s
[   505] loss=-5.8167 | res=1.42e-01 | grad=3.47e-01 | 0.8s
[   506] loss=-5.8434 | res=1.37e-01 | grad=7.22e-01 | 0.8s
[   507] loss=-5.7834 | res=1.41e-01 | grad=1.19e+00 | 0.9s
[   508] loss=-5.7770 | res=1.14e-01 | grad=7.66e-01 | 0.9s
[   509] loss=-5.6188 | res=1.24e-01 | grad=7.18e-01 | 0.8s
[   510] loss=-6.1099 | res=1.25e-01 | grad=7.36e-01 | 0.9s
[   511] loss=-5.7203 | res=1.36e-01 | grad=4.53e-01 | 0.9s
[   512] loss=-5.4218 | res=1.38e-01 | grad=6.16e-01 | 0.9s
[   513] loss=-5.7230 | res=1.36e-01 | grad=1.11e+00 | 0.8s
[   514] loss=-5.7184 | res=1.38e-01 | grad=7.24e-01 | 0.9s
[   515] loss=-5.5964 | res=1.29e-01 | grad=4.77e-01 | 0.9s
[   516] loss=-5.6205 | res=1.29e-01 | grad=4.22e-01 | 0.9s
[   517] loss=-5.5605 | res=1.31e-01 | grad=3.37e-01 | 0.9s
[   518] loss=-5.8308 | res=1.38e-01 | grad=9.23e-01 | 0.8s
[   519] loss=-5.9494 | res=1.44e-01 | grad=5.82e-01 | 0.9s
[   520] loss=-5.6287 | res=1.39e-01 | grad=7.26e-01 | 0.9s
[   521] loss=-5.3682 | res=1.49e-01 | grad=9.27e-01 | 0.8s
[   522] loss=-5.6030 | res=1.17e-01 | grad=5.28e-01 | 0.8s
[   523] loss=-5.7368 | res=1.38e-01 | grad=4.79e-01 | 0.9s
[   524] loss=-5.8270 | res=1.46e-01 | grad=6.94e-01 | 0.8s
[   525] loss=-5.8071 | res=1.23e-01 | grad=7.12e-01 | 0.8s
[   526] loss=-5.9775 | res=1.36e-01 | grad=9.93e-01 | 0.9s
[   527] loss=-5.9513 | res=1.43e-01 | grad=8.39e-01 | 0.9s
[   528] loss=-5.9632 | res=1.39e-01 | grad=7.00e-01 | 0.9s
[   529] loss=-5.6999 | res=1.32e-01 | grad=2.98e-01 | 0.8s
[   530] loss=-5.6108 | res=1.23e-01 | grad=1.07e+00 | 0.8s
[   531] loss=-5.6011 | res=1.26e-01 | grad=1.08e+00 | 0.9s
[   532] loss=-5.8335 | res=1.33e-01 | grad=6.21e-01 | 0.9s
[   533] loss=-5.6579 | res=1.39e-01 | grad=8.11e-01 | 0.8s
[   534] loss=-5.9040 | res=1.34e-01 | grad=7.47e-01 | 0.9s
[   535] loss=-5.7623 | res=1.38e-01 | grad=4.82e-01 | 0.9s
[   536] loss=-5.6930 | res=1.29e-01 | grad=4.25e-01 | 0.9s
[   537] loss=-5.6432 | res=1.42e-01 | grad=6.81e-01 | 0.9s
[   538] loss=-5.6673 | res=1.39e-01 | grad=7.04e-01 | 0.9s
[   539] loss=-5.5136 | res=1.38e-01 | grad=8.92e-01 | 0.8s
[   540] loss=-5.3900 | res=1.22e-01 | grad=8.09e-01 | 0.9s
[   541] loss=-5.6522 | res=1.25e-01 | grad=6.24e-01 | 0.9s
[   542] loss=-5.9084 | res=1.33e-01 | grad=7.65e-01 | 0.9s
[   543] loss=-5.5667 | res=1.31e-01 | grad=4.85e-01 | 0.8s
[   544] loss=-5.8847 | res=1.23e-01 | grad=3.75e-01 | 0.9s
[   545] loss=-5.7423 | res=1.36e-01 | grad=7.97e-01 | 0.8s
[   546] loss=-5.7759 | res=1.31e-01 | grad=9.18e-01 | 0.8s
[   547] loss=-5.7026 | res=1.32e-01 | grad=5.09e-01 | 0.9s
[   548] loss=-5.4886 | res=1.37e-01 | grad=4.78e-01 | 0.9s
[   549] loss=-5.8983 | res=1.38e-01 | grad=7.03e-01 | 0.9s
[   550] loss=-5.8904 | res=1.35e-01 | grad=5.72e-01 | 0.9s
[   551] loss=-5.7160 | res=1.52e-01 | grad=6.24e-01 | 0.9s
[   552] loss=-6.0656 | res=1.20e-01 | grad=6.71e-01 | 0.9s
[   553] loss=-5.9560 | res=1.38e-01 | grad=6.39e-01 | 0.8s
[   554] loss=-6.0085 | res=1.33e-01 | grad=3.83e-01 | 0.9s
[   555] loss=-5.5317 | res=1.47e-01 | grad=5.90e-01 | 0.9s
[   556] loss=-5.5323 | res=1.48e-01 | grad=4.60e-01 | 0.9s
[   557] loss=-5.7835 | res=1.44e-01 | grad=6.82e-01 | 0.8s
[   558] loss=-5.4213 | res=1.29e-01 | grad=7.31e-01 | 0.8s
[   559] loss=-6.0574 | res=1.33e-01 | grad=5.89e-01 | 0.9s
[   560] loss=-5.8197 | res=1.33e-01 | grad=1.23e+00 | 0.9s
[   561] loss=-5.4060 | res=1.52e-01 | grad=9.36e-01 | 0.8s
[   562] loss=-5.6406 | res=1.35e-01 | grad=7.98e-01 | 0.8s
[   563] loss=-6.2238 | res=1.21e-01 | grad=5.38e-01 | 0.9s
[   564] loss=-5.8605 | res=1.25e-01 | grad=9.31e-01 | 0.9s
[   565] loss=-5.9254 | res=1.28e-01 | grad=6.77e-01 | 0.8s
[   566] loss=-5.4265 | res=1.38e-01 | grad=1.19e+00 | 0.8s
[   567] loss=-5.8380 | res=1.39e-01 | grad=6.58e-01 | 0.9s
[   568] loss=-5.7130 | res=1.42e-01 | grad=1.04e+00 | 0.9s
[   569] loss=-5.6201 | res=1.44e-01 | grad=1.01e+00 | 0.9s
[   570] loss=-5.5918 | res=1.37e-01 | grad=1.02e+00 | 0.8s
[   571] loss=-5.7065 | res=1.25e-01 | grad=9.45e-01 | 0.9s
[   572] loss=-6.3167 | res=1.29e-01 | grad=6.64e-01 | 0.8s
[   573] loss=-5.7372 | res=1.39e-01 | grad=3.58e-01 | 0.8s
[   574] loss=-5.6091 | res=1.28e-01 | grad=4.84e-01 | 0.8s
[   575] loss=-5.9312 | res=1.37e-01 | grad=6.27e-01 | 0.8s
[   576] loss=-5.7885 | res=1.35e-01 | grad=5.66e-01 | 0.9s
[   577] loss=-5.8448 | res=1.28e-01 | grad=1.07e+00 | 0.8s
[   578] loss=-5.9642 | res=1.33e-01 | grad=6.04e-01 | 0.9s
[   579] loss=-6.0470 | res=1.32e-01 | grad=7.61e-01 | 0.9s
[   580] loss=-5.9972 | res=1.26e-01 | grad=2.97e-01 | 0.9s
[   581] loss=-5.5218 | res=1.32e-01 | grad=1.03e+00 | 0.8s
[   582] loss=-6.0469 | res=1.24e-01 | grad=6.24e-01 | 0.8s
[   583] loss=-5.6039 | res=1.30e-01 | grad=7.64e-01 | 0.8s
[   584] loss=-5.5012 | res=1.42e-01 | grad=9.30e-01 | 0.9s
[   585] loss=-5.4584 | res=1.46e-01 | grad=7.75e-01 | 0.8s
[   586] loss=-6.0963 | res=1.42e-01 | grad=5.74e-01 | 0.9s
[   587] loss=-5.9446 | res=1.32e-01 | grad=3.19e-01 | 0.8s
[   588] loss=-6.2350 | res=1.20e-01 | grad=3.36e-01 | 0.8s
[   589] loss=-5.8504 | res=1.39e-01 | grad=5.19e-01 | 0.8s
[   590] loss=-5.8985 | res=1.42e-01 | grad=9.17e-01 | 0.9s
[   591] loss=-5.8415 | res=1.26e-01 | grad=5.16e-01 | 0.9s
[   592] loss=-6.0185 | res=1.21e-01 | grad=6.00e-01 | 0.9s
[   593] loss=-5.9225 | res=1.54e-01 | grad=8.29e-01 | 0.8s
[   594] loss=-5.8052 | res=1.32e-01 | grad=6.45e-01 | 0.9s
[   595] loss=-5.7865 | res=1.27e-01 | grad=4.98e-01 | 0.9s
[   596] loss=-5.5790 | res=1.30e-01 | grad=6.15e-01 | 0.9s
[   597] loss=-5.7627 | res=1.28e-01 | grad=5.89e-01 | 0.9s
[   598] loss=-5.7364 | res=1.36e-01 | grad=9.03e-01 | 0.9s
[   599] loss=-5.2628 | res=1.32e-01 | grad=6.99e-01 | 0.8s
[   600] loss=-5.7734 | res=1.26e-01 | grad=7.68e-01 | 0.9s
[   601] loss=-5.6433 | res=1.48e-01 | grad=7.99e-01 | 0.8s
[   602] loss=-5.7352 | res=1.34e-01 | grad=6.66e-01 | 0.8s
[   603] loss=-5.8579 | res=1.29e-01 | grad=6.90e-01 | 0.9s
[   604] loss=-5.5349 | res=1.38e-01 | grad=4.89e-01 | 0.9s
[   605] loss=-5.7135 | res=1.25e-01 | grad=6.70e-01 | 0.9s
[   606] loss=-5.8859 | res=1.31e-01 | grad=1.08e+00 | 0.8s
[   607] loss=-5.7905 | res=1.45e-01 | grad=7.45e-01 | 0.9s
[   608] loss=-5.8182 | res=1.34e-01 | grad=5.46e-01 | 0.9s
[   609] loss=-5.9122 | res=1.38e-01 | grad=5.55e-01 | 0.8s
[   610] loss=-5.2817 | res=1.39e-01 | grad=7.09e-01 | 0.9s
[   611] loss=-5.8495 | res=1.31e-01 | grad=6.98e-01 | 0.9s
[   612] loss=-5.7869 | res=1.39e-01 | grad=5.94e-01 | 0.9s
[   613] loss=-5.8227 | res=1.41e-01 | grad=6.36e-01 | 0.8s
[   614] loss=-5.9537 | res=1.43e-01 | grad=6.22e-01 | 0.9s
[   615] loss=-5.4329 | res=1.45e-01 | grad=4.71e-01 | 0.9s
[   616] loss=-5.6217 | res=1.44e-01 | grad=7.63e-01 | 0.9s
[   617] loss=-5.8244 | res=1.31e-01 | grad=6.61e-01 | 0.8s
[   618] loss=-5.9280 | res=1.39e-01 | grad=5.23e-01 | 0.9s
[   619] loss=-5.9452 | res=1.39e-01 | grad=5.92e-01 | 0.9s
[   620] loss=-5.8386 | res=1.33e-01 | grad=7.38e-01 | 0.9s
[   621] loss=-5.6772 | res=1.53e-01 | grad=8.01e-01 | 0.8s
[   622] loss=-6.0387 | res=1.56e-01 | grad=7.82e-01 | 0.9s
[   623] loss=-5.7123 | res=1.45e-01 | grad=3.07e-01 | 0.9s
[   624] loss=-5.8319 | res=1.38e-01 | grad=7.02e-01 | 0.9s
[   625] loss=-5.4360 | res=1.46e-01 | grad=8.60e-01 | 0.8s
[   626] loss=-5.7651 | res=1.40e-01 | grad=9.35e-01 | 0.8s
[   627] loss=-6.0401 | res=1.33e-01 | grad=8.54e-01 | 0.9s
[   628] loss=-5.8466 | res=1.45e-01 | grad=6.61e-01 | 0.9s
[   629] loss=-5.5360 | res=1.30e-01 | grad=5.59e-01 | 0.8s
[   630] loss=-5.9813 | res=1.31e-01 | grad=9.47e-01 | 0.9s
[   631] loss=-5.8419 | res=1.40e-01 | grad=3.78e-01 | 0.9s
[   632] loss=-5.6756 | res=1.54e-01 | grad=7.60e-01 | 0.9s
[   633] loss=-5.6483 | res=1.31e-01 | grad=5.59e-01 | 0.8s
[   634] loss=-5.8320 | res=1.57e-01 | grad=4.91e-01 | 0.8s
[   635] loss=-5.7866 | res=1.42e-01 | grad=6.54e-01 | 0.9s
[   636] loss=-5.8020 | res=1.31e-01 | grad=7.82e-01 | 0.9s
[   637] loss=-5.5185 | res=1.35e-01 | grad=7.87e-01 | 0.8s
[   638] loss=-6.0289 | res=1.35e-01 | grad=1.01e+00 | 0.9s
[   639] loss=-6.2232 | res=1.27e-01 | grad=7.71e-01 | 0.9s
[   640] loss=-5.8498 | res=1.32e-01 | grad=5.30e-01 | 0.9s
[   641] loss=-5.6469 | res=1.48e-01 | grad=2.79e-01 | 0.9s
[   642] loss=-5.8456 | res=1.26e-01 | grad=6.67e-01 | 0.8s
[   643] loss=-5.7404 | res=1.38e-01 | grad=7.77e-01 | 0.8s
[   644] loss=-5.5413 | res=1.43e-01 | grad=1.20e+00 | 0.9s
[   645] loss=-6.2568 | res=1.26e-01 | grad=8.38e-01 | 0.8s
[   646] loss=-5.8177 | res=1.35e-01 | grad=7.96e-01 | 0.9s
[   647] loss=-5.7046 | res=1.45e-01 | grad=9.85e-01 | 0.8s
[   648] loss=-5.5897 | res=1.51e-01 | grad=6.36e-01 | 0.9s
[   649] loss=-5.7402 | res=1.37e-01 | grad=8.19e-01 | 0.8s
[   650] loss=-5.5985 | res=1.29e-01 | grad=6.08e-01 | 0.9s
[   651] loss=-5.7774 | res=1.37e-01 | grad=7.31e-01 | 0.8s
[   652] loss=-5.7388 | res=1.31e-01 | grad=4.65e-01 | 0.9s
[   653] loss=-5.6613 | res=1.36e-01 | grad=6.34e-01 | 0.8s
[   654] loss=-5.8802 | res=1.32e-01 | grad=6.87e-01 | 0.8s
[   655] loss=-5.7796 | res=1.27e-01 | grad=7.36e-01 | 0.9s
[   656] loss=-5.9102 | res=1.27e-01 | grad=6.71e-01 | 0.9s
[   657] loss=-5.8690 | res=1.33e-01 | grad=5.92e-01 | 0.9s
[   658] loss=-5.6523 | res=1.36e-01 | grad=5.79e-01 | 0.8s
[   659] loss=-5.7751 | res=1.25e-01 | grad=5.23e-01 | 0.9s
[   660] loss=-5.9736 | res=1.52e-01 | grad=9.06e-01 | 0.9s
[   661] loss=-5.6051 | res=1.36e-01 | grad=4.67e-01 | 0.8s
[   662] loss=-6.0264 | res=1.48e-01 | grad=7.49e-01 | 0.8s
[   663] loss=-5.7058 | res=1.35e-01 | grad=4.20e-01 | 0.9s
[   664] loss=-5.8149 | res=1.36e-01 | grad=8.02e-01 | 0.8s
[   665] loss=-5.8742 | res=1.35e-01 | grad=7.86e-01 | 0.8s
[   666] loss=-5.9711 | res=1.40e-01 | grad=5.44e-01 | 0.8s
[   667] loss=-5.8822 | res=1.29e-01 | grad=8.07e-01 | 0.9s
[   668] loss=-5.8802 | res=1.44e-01 | grad=4.45e-01 | 0.9s
[   669] loss=-5.8999 | res=1.33e-01 | grad=5.93e-01 | 0.8s
[   670] loss=-5.8663 | res=1.31e-01 | grad=9.76e-01 | 0.9s
[   671] loss=-5.6881 | res=1.35e-01 | grad=7.33e-01 | 0.9s
[   672] loss=-5.8861 | res=1.29e-01 | grad=9.50e-01 | 0.9s
[   673] loss=-5.6335 | res=1.46e-01 | grad=5.87e-01 | 0.9s
[   674] loss=-6.0472 | res=1.35e-01 | grad=3.84e-01 | 0.8s
[   675] loss=-5.5923 | res=1.37e-01 | grad=3.73e-01 | 0.9s
[   676] loss=-5.7865 | res=1.19e-01 | grad=7.05e-01 | 0.9s
[   677] loss=-6.1002 | res=1.37e-01 | grad=4.81e-01 | 0.8s
[   678] loss=-6.0528 | res=1.45e-01 | grad=7.21e-01 | 0.8s
[   679] loss=-5.8190 | res=1.25e-01 | grad=4.81e-01 | 0.9s
[   680] loss=-5.8176 | res=1.27e-01 | grad=1.03e+00 | 0.9s
[   681] loss=-5.5595 | res=1.46e-01 | grad=3.98e-01 | 0.8s
[   682] loss=-5.7933 | res=1.41e-01 | grad=5.13e-01 | 0.8s
[   683] loss=-5.7304 | res=1.39e-01 | grad=5.09e-01 | 0.9s
[   684] loss=-5.8357 | res=1.51e-01 | grad=6.62e-01 | 0.9s
[   685] loss=-5.7368 | res=1.36e-01 | grad=1.02e+00 | 0.8s
[   686] loss=-5.5013 | res=1.42e-01 | grad=6.77e-01 | 0.9s
[   687] loss=-5.7368 | res=1.33e-01 | grad=5.48e-01 | 0.9s
[   688] loss=-5.7403 | res=1.35e-01 | grad=6.15e-01 | 0.9s
[   689] loss=-6.3591 | res=1.33e-01 | grad=8.60e-01 | 0.8s
[   690] loss=-5.5945 | res=1.22e-01 | grad=5.48e-01 | 0.9s
[   691] loss=-5.8106 | res=1.31e-01 | grad=7.21e-01 | 0.9s
[   692] loss=-5.7763 | res=1.35e-01 | grad=1.26e+00 | 0.9s
[   693] loss=-6.1671 | res=1.38e-01 | grad=7.81e-01 | 0.9s
[   694] loss=-5.7158 | res=1.38e-01 | grad=5.29e-01 | 0.8s
[   695] loss=-5.8784 | res=1.40e-01 | grad=5.43e-01 | 0.9s
[   696] loss=-5.5908 | res=1.39e-01 | grad=8.51e-01 | 0.9s
[   697] loss=-5.5892 | res=1.33e-01 | grad=7.11e-01 | 0.8s
[   698] loss=-5.7224 | res=1.23e-01 | grad=5.91e-01 | 0.9s
[   699] loss=-5.4548 | res=1.50e-01 | grad=8.83e-01 | 0.9s
[   700] loss=-5.6466 | res=1.25e-01 | grad=6.70e-01 | 0.9s
[   701] loss=-5.8641 | res=1.40e-01 | grad=8.12e-01 | 0.9s
[   702] loss=-5.8971 | res=1.37e-01 | grad=7.45e-01 | 0.8s
[   703] loss=-5.8151 | res=1.36e-01 | grad=6.39e-01 | 0.9s
[   704] loss=-5.6077 | res=1.34e-01 | grad=9.93e-01 | 0.9s
[   705] loss=-5.9238 | res=1.42e-01 | grad=8.04e-01 | 0.9s
[   706] loss=-5.7374 | res=1.31e-01 | grad=6.73e-01 | 0.8s
[   707] loss=-5.6116 | res=1.48e-01 | grad=4.54e-01 | 0.9s
[   708] loss=-6.0281 | res=1.44e-01 | grad=7.78e-01 | 0.9s
[   709] loss=-5.5622 | res=1.42e-01 | grad=8.29e-01 | 0.8s
[   710] loss=-5.9005 | res=1.29e-01 | grad=1.04e+00 | 0.8s
[   711] loss=-6.1675 | res=1.32e-01 | grad=5.46e-01 | 0.8s
[   712] loss=-5.6797 | res=1.31e-01 | grad=5.55e-01 | 0.9s
[   713] loss=-5.8564 | res=1.32e-01 | grad=4.28e-01 | 0.8s
[   714] loss=-5.9050 | res=1.43e-01 | grad=6.35e-01 | 0.8s
[   715] loss=-5.7559 | res=1.35e-01 | grad=9.38e-01 | 0.9s
[   716] loss=-6.0880 | res=1.43e-01 | grad=9.06e-01 | 0.9s
[   717] loss=-5.9728 | res=1.37e-01 | grad=5.87e-01 | 0.8s
[   718] loss=-5.7423 | res=1.30e-01 | grad=6.71e-01 | 0.8s
[   719] loss=-5.7022 | res=1.32e-01 | grad=9.94e-01 | 0.9s
[   720] loss=-5.9475 | res=1.31e-01 | grad=8.92e-01 | 0.9s
[   721] loss=-5.7230 | res=1.32e-01 | grad=5.71e-01 | 0.8s
[   722] loss=-5.4815 | res=1.39e-01 | grad=8.64e-01 | 0.9s
[   723] loss=-5.7707 | res=1.35e-01 | grad=5.79e-01 | 0.9s
[   724] loss=-5.7378 | res=1.29e-01 | grad=5.51e-01 | 0.8s
[   725] loss=-6.2195 | res=1.26e-01 | grad=7.01e-01 | 0.8s
[   726] loss=-5.9298 | res=1.39e-01 | grad=5.49e-01 | 0.8s
[   727] loss=-5.7656 | res=1.34e-01 | grad=7.35e-01 | 0.9s
[   728] loss=-5.5207 | res=1.52e-01 | grad=7.53e-01 | 0.9s
[   729] loss=-5.7201 | res=1.41e-01 | grad=8.07e-01 | 0.8s
[   730] loss=-5.5912 | res=1.41e-01 | grad=3.62e-01 | 0.8s
[   731] loss=-5.8143 | res=1.36e-01 | grad=4.27e-01 | 0.9s
[   732] loss=-5.5294 | res=1.55e-01 | grad=7.54e-01 | 0.9s
[   733] loss=-5.4273 | res=1.45e-01 | grad=6.32e-01 | 0.8s
[   734] loss=-5.7177 | res=1.33e-01 | grad=7.68e-01 | 0.9s
[   735] loss=-5.4639 | res=1.25e-01 | grad=8.59e-01 | 0.8s
[   736] loss=-5.7848 | res=1.20e-01 | grad=8.16e-01 | 0.9s
[   737] loss=-5.7409 | res=1.24e-01 | grad=5.04e-01 | 0.8s
[   738] loss=-5.6312 | res=1.51e-01 | grad=5.32e-01 | 0.9s
[   739] loss=-5.6709 | res=1.32e-01 | grad=3.80e-01 | 0.8s
[   740] loss=-5.8086 | res=1.24e-01 | grad=4.38e-01 | 0.9s
[   741] loss=-5.7942 | res=1.36e-01 | grad=6.91e-01 | 0.8s
[   742] loss=-5.8900 | res=1.36e-01 | grad=6.26e-01 | 0.8s
[   743] loss=-5.5724 | res=1.32e-01 | grad=3.39e-01 | 0.8s
[   744] loss=-5.9525 | res=1.40e-01 | grad=8.56e-01 | 0.8s
[   745] loss=-5.9002 | res=1.44e-01 | grad=7.37e-01 | 0.8s
[   746] loss=-5.8586 | res=1.27e-01 | grad=4.41e-01 | 0.9s
[   747] loss=-6.2408 | res=1.34e-01 | grad=8.94e-01 | 0.8s
[   748] loss=-5.4910 | res=1.38e-01 | grad=5.80e-01 | 0.9s
[   749] loss=-5.9325 | res=1.39e-01 | grad=4.46e-01 | 0.8s
[   750] loss=-5.7281 | res=1.34e-01 | grad=6.99e-01 | 0.8s
[   751] loss=-6.0187 | res=1.37e-01 | grad=5.12e-01 | 0.8s
[   752] loss=-5.4663 | res=1.41e-01 | grad=7.38e-01 | 0.9s
[   753] loss=-5.9713 | res=1.31e-01 | grad=4.32e-01 | 0.8s
[   754] loss=-5.8655 | res=1.61e-01 | grad=7.73e-01 | 0.8s
[   755] loss=-5.8084 | res=1.41e-01 | grad=5.33e-01 | 0.8s
[   756] loss=-5.7249 | res=1.27e-01 | grad=6.08e-01 | 0.9s
[   757] loss=-5.8625 | res=1.40e-01 | grad=4.05e-01 | 0.8s
[   758] loss=-5.9106 | res=1.35e-01 | grad=4.78e-01 | 0.8s
[   759] loss=-5.8384 | res=1.37e-01 | grad=5.11e-01 | 0.9s
[   760] loss=-5.7227 | res=1.39e-01 | grad=4.42e-01 | 0.9s
[   761] loss=-6.0373 | res=1.37e-01 | grad=5.12e-01 | 0.8s
[   762] loss=-5.8183 | res=1.33e-01 | grad=7.86e-01 | 0.9s
[   763] loss=-5.8844 | res=1.40e-01 | grad=5.55e-01 | 0.8s
[   764] loss=-5.7735 | res=1.26e-01 | grad=5.62e-01 | 0.9s
[   765] loss=-5.5954 | res=1.38e-01 | grad=8.69e-01 | 0.8s
[   766] loss=-5.6563 | res=1.28e-01 | grad=9.09e-01 | 0.9s
[   767] loss=-6.2080 | res=1.26e-01 | grad=8.88e-01 | 0.8s
[   768] loss=-5.7711 | res=1.44e-01 | grad=7.83e-01 | 0.9s
[   769] loss=-5.6330 | res=1.37e-01 | grad=4.49e-01 | 0.8s
[   770] loss=-5.6546 | res=1.37e-01 | grad=6.55e-01 | 0.9s
[   771] loss=-5.4646 | res=1.38e-01 | grad=3.75e-01 | 0.8s
[   772] loss=-5.8948 | res=1.45e-01 | grad=5.91e-01 | 0.8s
[   773] loss=-5.6687 | res=1.28e-01 | grad=7.41e-01 | 0.8s
[   774] loss=-5.8088 | res=1.43e-01 | grad=7.61e-01 | 0.9s
[   775] loss=-5.8529 | res=1.36e-01 | grad=6.04e-01 | 0.9s
[   776] loss=-5.8035 | res=1.49e-01 | grad=5.73e-01 | 0.9s
[   777] loss=-5.6223 | res=1.36e-01 | grad=5.68e-01 | 0.9s
[   778] loss=-5.8516 | res=1.43e-01 | grad=7.54e-01 | 0.8s
[   779] loss=-6.3406 | res=1.32e-01 | grad=6.14e-01 | 0.9s
[   780] loss=-5.8841 | res=1.26e-01 | grad=3.03e-01 | 0.8s
[   781] loss=-6.0755 | res=1.32e-01 | grad=4.71e-01 | 0.8s
[   782] loss=-5.7635 | res=1.31e-01 | grad=4.95e-01 | 0.8s
[   783] loss=-5.5461 | res=1.37e-01 | grad=6.78e-01 | 0.9s
[   784] loss=-5.8805 | res=1.38e-01 | grad=6.11e-01 | 0.9s
[   785] loss=-6.1186 | res=1.26e-01 | grad=7.57e-01 | 0.8s
[   786] loss=-5.9917 | res=1.42e-01 | grad=3.37e-01 | 0.9s
[   787] loss=-6.0124 | res=1.36e-01 | grad=3.63e-01 | 0.8s
[   788] loss=-5.9150 | res=1.52e-01 | grad=6.40e-01 | 0.9s
[   789] loss=-5.8363 | res=1.39e-01 | grad=6.78e-01 | 0.8s
[   790] loss=-6.0550 | res=1.33e-01 | grad=1.04e+00 | 0.9s
[   791] loss=-5.6210 | res=1.52e-01 | grad=5.99e-01 | 0.8s
[   792] loss=-6.0200 | res=1.39e-01 | grad=5.81e-01 | 0.9s
[   793] loss=-5.9143 | res=1.49e-01 | grad=4.83e-01 | 0.8s
[   794] loss=-5.9271 | res=1.50e-01 | grad=1.02e+00 | 0.8s
[   795] loss=-5.4542 | res=1.55e-01 | grad=5.32e-01 | 0.9s
[   796] loss=-5.7158 | res=1.45e-01 | grad=7.70e-01 | 0.9s
[   797] loss=-5.4734 | res=1.45e-01 | grad=9.51e-01 | 0.9s
[   798] loss=-5.8580 | res=1.44e-01 | grad=1.08e+00 | 0.9s
[   799] loss=-5.9284 | res=1.40e-01 | grad=8.38e-01 | 0.9s
[   800] loss=-5.7881 | res=1.45e-01 | grad=7.49e-01 | 0.8s
[   801] loss=-6.0100 | res=1.28e-01 | grad=8.00e-01 | 0.8s
[   802] loss=-5.8850 | res=1.38e-01 | grad=5.17e-01 | 0.8s
[   803] loss=-5.9686 | res=1.46e-01 | grad=8.98e-01 | 0.8s
[   804] loss=-5.8897 | res=1.32e-01 | grad=9.79e-01 | 0.8s
[   805] loss=-5.3056 | res=1.49e-01 | grad=6.94e-01 | 0.8s
[   806] loss=-5.7607 | res=1.43e-01 | grad=6.13e-01 | 0.9s
[   807] loss=-5.4186 | res=1.39e-01 | grad=3.59e-01 | 0.8s
[   808] loss=-5.7325 | res=1.45e-01 | grad=6.25e-01 | 0.9s
[   809] loss=-6.1778 | res=1.34e-01 | grad=5.26e-01 | 0.8s
[   810] loss=-5.9287 | res=1.28e-01 | grad=6.25e-01 | 0.8s
[   811] loss=-5.5554 | res=1.43e-01 | grad=5.67e-01 | 0.9s
[   812] loss=-5.6612 | res=1.38e-01 | grad=8.62e-01 | 0.8s
[   813] loss=-5.8553 | res=1.48e-01 | grad=9.28e-01 | 0.8s
[   814] loss=-5.5628 | res=1.28e-01 | grad=6.40e-01 | 0.9s
[   815] loss=-5.6920 | res=1.20e-01 | grad=8.31e-01 | 0.9s
[   816] loss=-5.6561 | res=1.36e-01 | grad=8.78e-01 | 0.9s
[   817] loss=-5.9596 | res=1.32e-01 | grad=6.50e-01 | 0.8s
[   818] loss=-5.8239 | res=1.22e-01 | grad=5.75e-01 | 0.9s
[   819] loss=-5.8292 | res=1.43e-01 | grad=4.70e-01 | 0.8s
[   820] loss=-5.7848 | res=1.42e-01 | grad=8.89e-01 | 0.9s
[   821] loss=-5.5611 | res=1.35e-01 | grad=8.23e-01 | 0.8s
[   822] loss=-5.8642 | res=1.36e-01 | grad=7.67e-01 | 0.8s
[   823] loss=-5.8486 | res=1.34e-01 | grad=8.12e-01 | 0.9s
[   824] loss=-5.8605 | res=1.43e-01 | grad=8.16e-01 | 0.9s
[   825] loss=-5.6702 | res=1.34e-01 | grad=8.21e-01 | 0.9s
[   826] loss=-5.7694 | res=1.38e-01 | grad=5.45e-01 | 0.9s
[   827] loss=-5.7933 | res=1.25e-01 | grad=6.99e-01 | 0.9s
[   828] loss=-5.8634 | res=1.36e-01 | grad=5.06e-01 | 0.9s
[   829] loss=-5.4901 | res=1.42e-01 | grad=9.23e-01 | 0.9s
[   830] loss=-5.6940 | res=1.33e-01 | grad=8.15e-01 | 0.8s
[   831] loss=-5.9099 | res=1.42e-01 | grad=8.05e-01 | 0.9s
[   832] loss=-5.6614 | res=1.29e-01 | grad=8.90e-01 | 0.8s
[   833] loss=-5.6089 | res=1.36e-01 | grad=8.22e-01 | 0.8s
[   834] loss=-5.8441 | res=1.29e-01 | grad=8.27e-01 | 0.8s
[   835] loss=-5.7136 | res=1.46e-01 | grad=6.64e-01 | 0.9s
[   836] loss=-5.4599 | res=1.35e-01 | grad=4.56e-01 | 0.8s
[   837] loss=-5.4781 | res=1.35e-01 | grad=1.05e+00 | 0.8s
[   838] loss=-5.5839 | res=1.44e-01 | grad=9.36e-01 | 0.8s
[   839] loss=-5.5874 | res=1.43e-01 | grad=6.65e-01 | 0.9s
[   840] loss=-5.3966 | res=1.26e-01 | grad=4.38e-01 | 0.9s
[   841] loss=-5.7912 | res=1.32e-01 | grad=6.58e-01 | 0.8s
[   842] loss=-6.0715 | res=1.36e-01 | grad=8.25e-01 | 0.9s
[   843] loss=-5.6854 | res=1.29e-01 | grad=8.64e-01 | 0.8s
[   844] loss=-6.0943 | res=1.32e-01 | grad=8.40e-01 | 0.9s
[   845] loss=-5.7829 | res=1.20e-01 | grad=3.50e-01 | 0.8s
[   846] loss=-5.7745 | res=1.32e-01 | grad=5.91e-01 | 0.8s
[   847] loss=-5.8829 | res=1.19e-01 | grad=7.32e-01 | 0.9s
[   848] loss=-5.9215 | res=1.27e-01 | grad=4.47e-01 | 0.8s
[   849] loss=-5.5578 | res=1.40e-01 | grad=6.44e-01 | 0.8s
[   850] loss=-5.9898 | res=1.44e-01 | grad=6.03e-01 | 0.9s
[   851] loss=-5.5713 | res=1.43e-01 | grad=8.19e-01 | 0.9s
[   852] loss=-5.8067 | res=1.36e-01 | grad=7.24e-01 | 0.9s
[   853] loss=-5.8700 | res=1.35e-01 | grad=3.34e-01 | 0.9s
[   854] loss=-5.8478 | res=1.35e-01 | grad=3.76e-01 | 0.8s
[   855] loss=-5.7406 | res=1.36e-01 | grad=7.91e-01 | 0.9s
[   856] loss=-5.8131 | res=1.23e-01 | grad=5.64e-01 | 0.8s
[   857] loss=-5.8037 | res=1.33e-01 | grad=5.19e-01 | 0.8s
[   858] loss=-5.8061 | res=1.33e-01 | grad=6.66e-01 | 0.8s
[   859] loss=-5.7803 | res=1.44e-01 | grad=8.28e-01 | 0.9s
[   860] loss=-5.7403 | res=1.45e-01 | grad=4.97e-01 | 0.9s
[   861] loss=-5.6707 | res=1.48e-01 | grad=6.07e-01 | 0.8s
[   862] loss=-5.8255 | res=1.21e-01 | grad=7.05e-01 | 0.8s
[   863] loss=-5.9160 | res=1.29e-01 | grad=5.05e-01 | 0.9s
[   864] loss=-5.7901 | res=1.35e-01 | grad=7.36e-01 | 0.8s
[   865] loss=-6.0513 | res=1.30e-01 | grad=7.81e-01 | 0.8s
[   866] loss=-6.0316 | res=1.22e-01 | grad=4.27e-01 | 0.8s
[   867] loss=-5.3192 | res=1.36e-01 | grad=5.66e-01 | 0.8s
[   868] loss=-5.8861 | res=1.63e-01 | grad=3.90e-01 | 0.9s
[   869] loss=-5.5690 | res=1.44e-01 | grad=6.33e-01 | 0.8s
[   870] loss=-5.3757 | res=1.40e-01 | grad=5.32e-01 | 0.9s
[   871] loss=-5.9157 | res=1.32e-01 | grad=6.66e-01 | 0.9s
[   872] loss=-5.8918 | res=1.28e-01 | grad=6.46e-01 | 0.9s
[   873] loss=-5.6086 | res=1.36e-01 | grad=5.65e-01 | 0.9s
[   874] loss=-5.8167 | res=1.21e-01 | grad=4.95e-01 | 0.8s
[   875] loss=-6.0180 | res=1.22e-01 | grad=7.33e-01 | 0.9s
[   876] loss=-5.6967 | res=1.28e-01 | grad=6.18e-01 | 0.8s
[   877] loss=-5.8776 | res=1.40e-01 | grad=5.08e-01 | 0.8s
[   878] loss=-5.7746 | res=1.40e-01 | grad=4.55e-01 | 0.8s
[   879] loss=-5.7108 | res=1.43e-01 | grad=6.77e-01 | 0.9s
[   880] loss=-5.7667 | res=1.50e-01 | grad=6.54e-01 | 0.9s
[   881] loss=-5.9119 | res=1.36e-01 | grad=2.81e-01 | 0.9s
[   882] loss=-5.7993 | res=1.35e-01 | grad=5.97e-01 | 0.9s
[   883] loss=-5.5984 | res=1.43e-01 | grad=7.50e-01 | 0.9s
[   884] loss=-5.8649 | res=1.23e-01 | grad=6.32e-01 | 0.9s
[   885] loss=-5.6945 | res=1.29e-01 | grad=4.04e-01 | 0.8s
[   886] loss=-5.6400 | res=1.28e-01 | grad=3.71e-01 | 0.8s
[   887] loss=-5.6625 | res=1.42e-01 | grad=5.99e-01 | 0.9s
[   888] loss=-5.8607 | res=1.24e-01 | grad=5.61e-01 | 0.9s
[   889] loss=-6.0935 | res=1.43e-01 | grad=8.42e-01 | 0.8s
[   890] loss=-5.8750 | res=1.29e-01 | grad=4.98e-01 | 0.9s
[   891] loss=-5.8525 | res=1.30e-01 | grad=4.74e-01 | 0.8s
[   892] loss=-5.6633 | res=1.28e-01 | grad=5.30e-01 | 0.9s
[   893] loss=-6.1259 | res=1.21e-01 | grad=1.14e+00 | 0.8s
[   894] loss=-5.8911 | res=1.30e-01 | grad=4.44e-01 | 0.9s
[   895] loss=-5.6653 | res=1.24e-01 | grad=8.35e-01 | 0.8s
[   896] loss=-5.6651 | res=1.30e-01 | grad=9.23e-01 | 0.9s
[   897] loss=-5.7449 | res=1.46e-01 | grad=5.02e-01 | 0.8s
[   898] loss=-5.6714 | res=1.25e-01 | grad=5.76e-01 | 0.9s
[   899] loss=-5.8626 | res=1.29e-01 | grad=7.33e-01 | 0.9s
[   900] loss=-5.6285 | res=1.32e-01 | grad=8.99e-01 | 0.9s
[   901] loss=-5.6924 | res=1.38e-01 | grad=8.11e-01 | 0.9s
[   902] loss=-5.8394 | res=1.62e-01 | grad=5.27e-01 | 0.9s
[   903] loss=-5.4613 | res=1.35e-01 | grad=6.77e-01 | 0.9s
[   904] loss=-5.4910 | res=1.40e-01 | grad=7.20e-01 | 0.9s
[   905] loss=-6.1133 | res=1.28e-01 | grad=3.72e-01 | 0.8s
[   906] loss=-5.7007 | res=1.38e-01 | grad=5.81e-01 | 0.9s
[   907] loss=-5.8312 | res=1.29e-01 | grad=6.31e-01 | 0.9s
[   908] loss=-5.7201 | res=1.35e-01 | grad=5.69e-01 | 0.9s
[   909] loss=-5.9598 | res=1.33e-01 | grad=4.18e-01 | 0.8s
[   910] loss=-5.8348 | res=1.18e-01 | grad=5.64e-01 | 0.9s
[   911] loss=-5.5721 | res=1.31e-01 | grad=4.57e-01 | 0.9s
[   912] loss=-5.5898 | res=1.47e-01 | grad=6.14e-01 | 0.9s
[   913] loss=-5.9247 | res=1.19e-01 | grad=5.08e-01 | 0.8s
[   914] loss=-5.8639 | res=1.35e-01 | grad=7.33e-01 | 0.8s
[   915] loss=-5.6880 | res=1.31e-01 | grad=3.96e-01 | 0.9s
[   916] loss=-5.6983 | res=1.26e-01 | grad=4.50e-01 | 0.9s
[   917] loss=-5.5550 | res=1.31e-01 | grad=3.93e-01 | 0.9s
[   918] loss=-5.5399 | res=1.28e-01 | grad=7.61e-01 | 0.9s
[   919] loss=-5.7335 | res=1.29e-01 | grad=7.83e-01 | 0.8s
[   920] loss=-5.6481 | res=1.29e-01 | grad=3.73e-01 | 0.9s
[   921] loss=-6.0724 | res=1.36e-01 | grad=7.21e-01 | 0.8s
[   922] loss=-5.5078 | res=1.28e-01 | grad=5.04e-01 | 0.9s
[   923] loss=-5.5658 | res=1.35e-01 | grad=4.96e-01 | 0.9s
[   924] loss=-5.7429 | res=1.21e-01 | grad=8.87e-01 | 0.9s
[   925] loss=-5.4093 | res=1.26e-01 | grad=1.02e+00 | 0.8s
[   926] loss=-5.8484 | res=1.35e-01 | grad=4.39e-01 | 0.8s
[   927] loss=-5.8779 | res=1.30e-01 | grad=7.53e-01 | 0.9s
[   928] loss=-5.7892 | res=1.21e-01 | grad=5.85e-01 | 0.9s
[   929] loss=-5.8044 | res=1.36e-01 | grad=3.27e-01 | 0.8s
[   930] loss=-5.8783 | res=1.45e-01 | grad=9.07e-01 | 0.8s
[   931] loss=-5.8036 | res=1.20e-01 | grad=5.84e-01 | 0.9s
[   932] loss=-5.8209 | res=1.25e-01 | grad=5.11e-01 | 0.9s
[   933] loss=-5.8281 | res=1.30e-01 | grad=4.04e-01 | 0.9s
[   934] loss=-5.8473 | res=1.40e-01 | grad=3.50e-01 | 0.8s
[   935] loss=-5.9718 | res=1.42e-01 | grad=5.32e-01 | 0.9s
[   936] loss=-5.8136 | res=1.32e-01 | grad=4.70e-01 | 0.9s
[   937] loss=-5.6433 | res=1.30e-01 | grad=7.09e-01 | 0.8s
[   938] loss=-5.9899 | res=1.30e-01 | grad=5.35e-01 | 0.8s
[   939] loss=-5.9095 | res=1.39e-01 | grad=3.90e-01 | 0.9s
[   940] loss=-5.8847 | res=1.32e-01 | grad=4.06e-01 | 0.8s
[   941] loss=-5.6933 | res=1.36e-01 | grad=4.28e-01 | 0.8s
[   942] loss=-5.3838 | res=1.42e-01 | grad=6.45e-01 | 0.8s
[   943] loss=-5.6636 | res=1.37e-01 | grad=5.36e-01 | 0.8s
[   944] loss=-5.5736 | res=1.34e-01 | grad=7.01e-01 | 0.9s
[   945] loss=-5.6962 | res=1.26e-01 | grad=5.29e-01 | 0.8s
[   946] loss=-5.6551 | res=1.34e-01 | grad=3.21e-01 | 0.9s
[   947] loss=-5.8594 | res=1.22e-01 | grad=5.45e-01 | 0.8s
[   948] loss=-5.8780 | res=1.30e-01 | grad=4.64e-01 | 0.9s
[   949] loss=-5.7557 | res=1.36e-01 | grad=5.16e-01 | 0.8s
[   950] loss=-5.9110 | res=1.38e-01 | grad=3.98e-01 | 0.8s
[   951] loss=-5.6009 | res=1.18e-01 | grad=3.55e-01 | 0.9s
[   952] loss=-5.9838 | res=1.28e-01 | grad=6.30e-01 | 0.9s
[   953] loss=-5.5395 | res=1.42e-01 | grad=5.36e-01 | 0.9s
[   954] loss=-5.8121 | res=1.33e-01 | grad=8.56e-01 | 0.9s
[   955] loss=-5.6754 | res=1.47e-01 | grad=5.89e-01 | 0.8s
[   956] loss=-5.4334 | res=1.36e-01 | grad=4.66e-01 | 0.9s
[   957] loss=-5.5375 | res=1.39e-01 | grad=7.46e-01 | 0.9s
[   958] loss=-6.0665 | res=1.35e-01 | grad=5.43e-01 | 0.8s
[   959] loss=-5.7942 | res=1.38e-01 | grad=7.68e-01 | 0.8s
[   960] loss=-5.7547 | res=1.27e-01 | grad=7.29e-01 | 0.9s
[   961] loss=-6.0529 | res=1.28e-01 | grad=4.91e-01 | 0.9s
[   962] loss=-5.5280 | res=1.31e-01 | grad=6.15e-01 | 0.8s
[   963] loss=-5.5591 | res=1.43e-01 | grad=8.11e-01 | 0.8s
[   964] loss=-5.6943 | res=1.32e-01 | grad=6.56e-01 | 0.9s
[   965] loss=-6.2810 | res=1.20e-01 | grad=1.06e+00 | 0.8s
[   966] loss=-5.6077 | res=1.33e-01 | grad=7.22e-01 | 0.8s
[   967] loss=-5.7174 | res=1.29e-01 | grad=8.62e-01 | 0.9s
[   968] loss=-6.1219 | res=1.19e-01 | grad=5.50e-01 | 0.9s
[   969] loss=-6.1211 | res=1.20e-01 | grad=2.95e-01 | 0.8s
[   970] loss=-5.7206 | res=1.30e-01 | grad=3.34e-01 | 0.8s
[   971] loss=-5.7982 | res=1.55e-01 | grad=9.16e-01 | 0.9s
[   972] loss=-5.5014 | res=1.43e-01 | grad=7.41e-01 | 0.9s
[   973] loss=-5.8273 | res=1.21e-01 | grad=7.63e-01 | 0.8s
[   974] loss=-5.8485 | res=1.31e-01 | grad=5.94e-01 | 0.9s
[   975] loss=-5.5838 | res=1.26e-01 | grad=5.52e-01 | 0.9s
[   976] loss=-5.9996 | res=1.20e-01 | grad=4.95e-01 | 0.9s
[   977] loss=-5.7472 | res=1.42e-01 | grad=5.00e-01 | 0.8s
[   978] loss=-5.7235 | res=1.26e-01 | grad=1.07e+00 | 0.8s
[   979] loss=-5.6980 | res=1.37e-01 | grad=7.63e-01 | 0.9s
[   980] loss=-5.7299 | res=1.36e-01 | grad=6.98e-01 | 0.9s
[   981] loss=-5.6756 | res=1.24e-01 | grad=5.21e-01 | 0.8s
[   982] loss=-5.8477 | res=1.37e-01 | grad=7.79e-01 | 0.9s
[   983] loss=-5.7476 | res=1.42e-01 | grad=9.68e-01 | 0.9s
[   984] loss=-5.9485 | res=1.29e-01 | grad=5.65e-01 | 0.9s
[   985] loss=-5.8697 | res=1.28e-01 | grad=9.03e-01 | 0.8s
[   986] loss=-5.9501 | res=1.35e-01 | grad=4.79e-01 | 0.8s
[   987] loss=-5.9979 | res=1.19e-01 | grad=4.84e-01 | 0.9s
[   988] loss=-5.7369 | res=1.34e-01 | grad=6.88e-01 | 0.8s
[   989] loss=-5.7460 | res=1.44e-01 | grad=8.01e-01 | 0.8s
[   990] loss=-5.7657 | res=1.28e-01 | grad=4.54e-01 | 0.9s
[   991] loss=-5.7178 | res=1.32e-01 | grad=5.37e-01 | 0.9s
[   992] loss=-5.9907 | res=1.40e-01 | grad=7.80e-01 | 0.8s
[   993] loss=-5.8288 | res=1.30e-01 | grad=5.25e-01 | 0.8s
[   994] loss=-5.7964 | res=1.21e-01 | grad=8.74e-01 | 0.9s
[   995] loss=-6.0547 | res=1.30e-01 | grad=5.30e-01 | 0.9s
[   996] loss=-5.4463 | res=1.32e-01 | grad=5.85e-01 | 0.9s
[   997] loss=-5.7139 | res=1.36e-01 | grad=9.56e-01 | 0.8s
[   998] loss=-5.8682 | res=1.27e-01 | grad=5.74e-01 | 0.8s
[   999] loss=-5.4819 | res=1.35e-01 | grad=8.78e-01 | 0.9s
[  1000] loss=-5.7267 | res=1.43e-01 | grad=4.61e-01 | 0.9s
  KL = -0.0739 +/- 0.0042  |  ESS = 616.7 (ratio: 0.602)
  Runtime = 861.1s

[Ours] Training on T10...
/home/sjbhatt/anaconda3/envs/rcpms-jax/lib/python3.10/site-packages/jax/_src/ops/scatter.py:92: FutureWarning: scatter inputs have incompatible types: cannot safely cast value from dtype=int64 to dtype=int32 with jax_numpy_dtype_promotion='standard'. In future JAX releases this will result in an error.
  warnings.warn(
/home/sjbhatt/anaconda3/envs/rcpms-jax/lib/python3.10/site-packages/jax/_src/ops/scatter.py:92: FutureWarning: scatter inputs have incompatible types: cannot safely cast value from dtype=int64 to dtype=int32 with jax_numpy_dtype_promotion='standard'. In future JAX releases this will result in an error.
  warnings.warn(
[     1] loss=0.0133 | res=2.35e-03 | grad=7.70e+00 | 12.4s
[     2] loss=-0.1509 | res=3.19e-03 | grad=7.15e+00 | 1.0s
[     3] loss=-0.3242 | res=4.06e-03 | grad=7.52e+00 | 1.1s
[     4] loss=-0.4597 | res=5.12e-03 | grad=7.28e+00 | 1.0s
[     5] loss=-0.6783 | res=5.74e-03 | grad=8.68e+00 | 1.1s
[     6] loss=-0.8537 | res=6.68e-03 | grad=9.32e+00 | 1.1s
[     7] loss=-1.0206 | res=9.03e-03 | grad=9.98e+00 | 1.0s
[     8] loss=-1.1979 | res=1.04e-02 | grad=1.05e+01 | 1.0s
[     9] loss=-1.4014 | res=1.42e-02 | grad=1.11e+01 | 1.1s
[    10] loss=-1.6697 | res=1.70e-02 | grad=1.19e+01 | 1.0s
[    11] loss=-1.8910 | res=1.83e-02 | grad=1.21e+01 | 1.0s
[    12] loss=-2.1479 | res=1.96e-02 | grad=1.25e+01 | 1.0s
[    13] loss=-2.2464 | res=2.24e-02 | grad=1.14e+01 | 1.0s
[    14] loss=-2.5420 | res=2.79e-02 | grad=1.18e+01 | 1.1s
[    15] loss=-2.7890 | res=3.04e-02 | grad=1.10e+01 | 1.0s
[    16] loss=-3.0157 | res=3.48e-02 | grad=1.10e+01 | 1.0s
[    17] loss=-3.2233 | res=3.83e-02 | grad=1.03e+01 | 1.0s
[    18] loss=-3.6129 | res=4.24e-02 | grad=1.09e+01 | 1.1s
[    19] loss=-3.5984 | res=4.63e-02 | grad=1.01e+01 | 1.0s
[    20] loss=-3.7398 | res=4.41e-02 | grad=9.97e+00 | 1.0s
[    21] loss=-3.9921 | res=4.65e-02 | grad=1.00e+01 | 1.1s
[    22] loss=-4.5048 | res=5.60e-02 | grad=1.04e+01 | 1.0s
[    23] loss=-4.5338 | res=5.80e-02 | grad=1.00e+01 | 1.0s
[    24] loss=-4.5139 | res=5.88e-02 | grad=9.52e+00 | 1.0s
[    25] loss=-4.8077 | res=6.54e-02 | grad=9.67e+00 | 1.1s
[    26] loss=-4.9437 | res=7.18e-02 | grad=9.59e+00 | 1.0s
[    27] loss=-5.2725 | res=7.73e-02 | grad=9.73e+00 | 1.0s
[    28] loss=-5.8077 | res=8.52e-02 | grad=1.00e+01 | 1.1s
[    29] loss=-5.8471 | res=8.36e-02 | grad=9.81e+00 | 1.1s
[    30] loss=-5.8909 | res=8.03e-02 | grad=9.33e+00 | 1.0s
[    31] loss=-6.0430 | res=9.67e-02 | grad=9.22e+00 | 1.0s
[    32] loss=-6.3383 | res=1.06e-01 | grad=9.23e+00 | 1.1s
[    33] loss=-6.7144 | res=9.80e-02 | grad=9.31e+00 | 1.0s
[    34] loss=-6.8307 | res=1.10e-01 | grad=9.08e+00 | 1.1s
[    35] loss=-7.1002 | res=1.19e-01 | grad=8.90e+00 | 1.0s
[    36] loss=-7.0396 | res=1.20e-01 | grad=8.66e+00 | 1.0s
[    37] loss=-7.7177 | res=1.20e-01 | grad=8.95e+00 | 1.1s
[    38] loss=-7.7287 | res=1.25e-01 | grad=8.59e+00 | 1.0s
[    39] loss=-7.8693 | res=1.39e-01 | grad=8.40e+00 | 1.0s
[    40] loss=-8.1167 | res=1.54e-01 | grad=8.33e+00 | 1.0s
[    41] loss=-8.3029 | res=1.48e-01 | grad=8.07e+00 | 1.0s
[    42] loss=-8.8185 | res=1.49e-01 | grad=8.14e+00 | 1.0s
[    43] loss=-8.7450 | res=1.68e-01 | grad=7.90e+00 | 1.0s
[    44] loss=-8.7648 | res=1.68e-01 | grad=7.45e+00 | 1.0s
[    45] loss=-8.8308 | res=1.92e-01 | grad=7.31e+00 | 1.0s
[    46] loss=-9.3750 | res=2.02e-01 | grad=7.31e+00 | 1.0s
[    47] loss=-9.3463 | res=2.05e-01 | grad=6.71e+00 | 1.0s
[    48] loss=-9.3846 | res=1.99e-01 | grad=6.42e+00 | 1.0s
[    49] loss=-9.9074 | res=1.98e-01 | grad=6.37e+00 | 1.1s
[    50] loss=-10.0119 | res=2.08e-01 | grad=6.13e+00 | 1.0s
[    51] loss=-10.1154 | res=2.38e-01 | grad=5.96e+00 | 1.0s
[    52] loss=-10.0532 | res=2.37e-01 | grad=5.55e+00 | 1.0s
[    53] loss=-10.1557 | res=2.58e-01 | grad=5.21e+00 | 1.0s
[    54] loss=-10.3456 | res=2.72e-01 | grad=4.74e+00 | 1.0s
[    55] loss=-10.1985 | res=2.71e-01 | grad=4.70e+00 | 1.1s
[    56] loss=-10.7303 | res=2.99e-01 | grad=4.37e+00 | 1.0s
[    57] loss=-10.6053 | res=3.17e-01 | grad=3.91e+00 | 1.0s
[    58] loss=-10.6818 | res=2.91e-01 | grad=3.59e+00 | 1.1s
[    59] loss=-10.9291 | res=3.24e-01 | grad=3.46e+00 | 1.0s
[    60] loss=-11.1501 | res=3.18e-01 | grad=3.29e+00 | 1.0s
[    61] loss=-10.9136 | res=3.77e-01 | grad=2.77e+00 | 1.1s
[    62] loss=-10.7273 | res=3.64e-01 | grad=2.47e+00 | 1.1s
[    63] loss=-11.1488 | res=3.90e-01 | grad=2.21e+00 | 1.1s
[    64] loss=-11.6380 | res=3.86e-01 | grad=2.58e+00 | 1.1s
[    65] loss=-11.1708 | res=3.93e-01 | grad=1.89e+00 | 1.1s
[    66] loss=-11.2382 | res=3.99e-01 | grad=1.48e+00 | 1.0s
[    67] loss=-11.3169 | res=4.30e-01 | grad=1.76e+00 | 1.0s
[    68] loss=-10.9572 | res=3.91e-01 | grad=1.33e+00 | 1.0s
[    69] loss=-11.4193 | res=4.42e-01 | grad=1.55e+00 | 1.0s
[    70] loss=-11.3519 | res=4.29e-01 | grad=1.40e+00 | 1.0s
[    71] loss=-10.8161 | res=4.46e-01 | grad=8.39e-01 | 1.0s
[    72] loss=-11.4964 | res=4.80e-01 | grad=7.66e-01 | 1.0s
[    73] loss=-11.2736 | res=4.94e-01 | grad=1.11e+00 | 1.0s
[    74] loss=-11.6033 | res=4.78e-01 | grad=1.59e+00 | 1.0s
[    75] loss=-11.4604 | res=4.77e-01 | grad=1.09e+00 | 1.0s
[    76] loss=-11.0974 | res=4.68e-01 | grad=8.88e-01 | 1.0s
[    77] loss=-11.1184 | res=4.81e-01 | grad=1.54e+00 | 1.0s
[    78] loss=-11.6462 | res=4.69e-01 | grad=1.16e+00 | 1.1s
[    79] loss=-11.4931 | res=4.67e-01 | grad=1.36e+00 | 1.0s
[    80] loss=-11.1386 | res=4.61e-01 | grad=8.29e-01 | 1.0s
[    81] loss=-10.8656 | res=4.65e-01 | grad=1.27e+00 | 1.1s
[    82] loss=-11.3697 | res=4.67e-01 | grad=1.44e+00 | 1.0s
[    83] loss=-11.6682 | res=4.66e-01 | grad=1.34e+00 | 1.1s
[    84] loss=-11.6484 | res=4.54e-01 | grad=1.05e+00 | 1.0s
[    85] loss=-11.3716 | res=4.83e-01 | grad=9.50e-01 | 1.0s
[    86] loss=-11.5971 | res=4.92e-01 | grad=9.22e-01 | 1.1s
[    87] loss=-10.9957 | res=4.55e-01 | grad=1.61e+00 | 1.0s
[    88] loss=-11.5245 | res=4.52e-01 | grad=1.47e+00 | 1.1s
[    89] loss=-11.0258 | res=5.02e-01 | grad=1.24e+00 | 1.1s
[    90] loss=-11.2309 | res=4.21e-01 | grad=1.55e+00 | 1.1s
[    91] loss=-11.6269 | res=4.22e-01 | grad=1.14e+00 | 1.1s
[    92] loss=-11.6590 | res=4.17e-01 | grad=9.48e-01 | 1.1s
[    93] loss=-11.3030 | res=4.04e-01 | grad=9.14e-01 | 1.1s
[    94] loss=-11.5936 | res=4.08e-01 | grad=7.62e-01 | 1.0s
[    95] loss=-11.6379 | res=3.97e-01 | grad=1.12e+00 | 1.1s
[    96] loss=-11.1844 | res=4.21e-01 | grad=1.23e+00 | 1.0s
[    97] loss=-11.5107 | res=4.24e-01 | grad=9.65e-01 | 1.1s
[    98] loss=-11.5003 | res=4.38e-01 | grad=9.21e-01 | 1.0s
[    99] loss=-11.4024 | res=4.53e-01 | grad=7.82e-01 | 1.0s
[   100] loss=-11.7088 | res=4.73e-01 | grad=1.23e+00 | 1.0s
[   101] loss=-11.1832 | res=4.21e-01 | grad=9.11e-01 | 1.0s
[   102] loss=-11.8267 | res=4.28e-01 | grad=8.39e-01 | 1.1s
[   103] loss=-11.1165 | res=4.60e-01 | grad=8.53e-01 | 1.0s
[   104] loss=-10.9531 | res=4.52e-01 | grad=1.31e+00 | 1.0s
[   105] loss=-11.0585 | res=4.38e-01 | grad=1.39e+00 | 1.1s
[   106] loss=-11.5410 | res=4.11e-01 | grad=1.08e+00 | 1.0s
[   107] loss=-11.3796 | res=4.27e-01 | grad=1.17e+00 | 1.0s
[   108] loss=-11.5287 | res=4.14e-01 | grad=7.89e-01 | 1.0s
[   109] loss=-11.2818 | res=4.37e-01 | grad=8.11e-01 | 1.1s
[   110] loss=-11.6300 | res=4.38e-01 | grad=8.56e-01 | 1.0s
[   111] loss=-11.3472 | res=4.43e-01 | grad=4.59e-01 | 1.0s
[   112] loss=-11.7971 | res=4.57e-01 | grad=9.12e-01 | 1.0s
[   113] loss=-11.4467 | res=4.51e-01 | grad=7.87e-01 | 1.1s
[   114] loss=-11.8385 | res=4.48e-01 | grad=8.83e-01 | 1.0s
[   115] loss=-11.2572 | res=4.48e-01 | grad=7.29e-01 | 1.1s
[   116] loss=-12.0905 | res=4.70e-01 | grad=1.20e+00 | 1.0s
[   117] loss=-11.7385 | res=4.55e-01 | grad=9.06e-01 | 1.0s
[   118] loss=-11.6477 | res=4.63e-01 | grad=9.13e-01 | 1.0s
[   119] loss=-11.4937 | res=4.56e-01 | grad=7.49e-01 | 1.0s
[   120] loss=-11.4655 | res=4.45e-01 | grad=1.21e+00 | 1.0s
[   121] loss=-11.5579 | res=4.60e-01 | grad=8.49e-01 | 1.1s
[   122] loss=-11.4299 | res=4.41e-01 | grad=8.05e-01 | 1.1s
[   123] loss=-11.9732 | res=4.46e-01 | grad=8.95e-01 | 1.0s
[   124] loss=-11.0161 | res=4.91e-01 | grad=8.19e-01 | 1.0s
[   125] loss=-11.5994 | res=4.58e-01 | grad=1.09e+00 | 1.0s
[   126] loss=-11.6988 | res=4.75e-01 | grad=1.24e+00 | 1.0s
[   127] loss=-11.8154 | res=4.37e-01 | grad=8.04e-01 | 1.0s
[   128] loss=-11.4088 | res=4.61e-01 | grad=6.93e-01 | 1.0s
[   129] loss=-11.1298 | res=4.70e-01 | grad=8.82e-01 | 1.1s
[   130] loss=-11.9272 | res=4.83e-01 | grad=1.10e+00 | 1.0s
[   131] loss=-11.6694 | res=4.52e-01 | grad=9.73e-01 | 1.1s
[   132] loss=-11.6098 | res=4.70e-01 | grad=9.79e-01 | 1.0s
[   133] loss=-11.9182 | res=4.51e-01 | grad=9.23e-01 | 1.1s
[   134] loss=-11.1230 | res=4.54e-01 | grad=9.36e-01 | 1.0s
[   135] loss=-11.6252 | res=4.57e-01 | grad=7.35e-01 | 1.0s
[   136] loss=-11.0126 | res=4.43e-01 | grad=1.30e+00 | 1.0s
[   137] loss=-11.2240 | res=4.13e-01 | grad=1.77e+00 | 1.1s
[   138] loss=-11.3401 | res=4.42e-01 | grad=8.85e-01 | 1.0s
[   139] loss=-11.6647 | res=4.31e-01 | grad=1.24e+00 | 1.1s
[   140] loss=-11.2412 | res=4.54e-01 | grad=9.61e-01 | 1.0s
[   141] loss=-11.5201 | res=4.43e-01 | grad=1.40e+00 | 1.1s
[   142] loss=-11.0911 | res=4.88e-01 | grad=1.10e+00 | 1.0s
[   143] loss=-11.4682 | res=4.44e-01 | grad=1.23e+00 | 1.1s
[   144] loss=-11.7735 | res=4.81e-01 | grad=1.01e+00 | 1.0s
[   145] loss=-11.4185 | res=4.61e-01 | grad=1.16e+00 | 1.0s
[   146] loss=-11.8707 | res=4.48e-01 | grad=6.56e-01 | 1.0s
[   147] loss=-11.7983 | res=4.49e-01 | grad=7.66e-01 | 1.0s
[   148] loss=-11.7983 | res=4.92e-01 | grad=1.51e+00 | 1.0s
[   149] loss=-11.6474 | res=4.76e-01 | grad=1.38e+00 | 1.0s
[   150] loss=-11.6823 | res=4.51e-01 | grad=9.16e-01 | 1.0s
[   151] loss=-11.3595 | res=4.68e-01 | grad=8.08e-01 | 1.0s
[   152] loss=-11.5758 | res=4.49e-01 | grad=9.24e-01 | 1.0s
[   153] loss=-10.9835 | res=4.51e-01 | grad=1.31e+00 | 1.0s
[   154] loss=-11.5385 | res=4.55e-01 | grad=1.58e+00 | 1.1s
[   155] loss=-11.4019 | res=4.33e-01 | grad=1.23e+00 | 1.0s
[   156] loss=-11.1432 | res=4.65e-01 | grad=6.02e-01 | 1.0s
[   157] loss=-11.5667 | res=4.42e-01 | grad=1.12e+00 | 1.0s
[   158] loss=-11.3689 | res=4.74e-01 | grad=9.47e-01 | 1.1s
[   159] loss=-10.9626 | res=4.29e-01 | grad=1.26e+00 | 1.1s
[   160] loss=-11.5992 | res=4.61e-01 | grad=1.60e+00 | 1.0s
[   161] loss=-11.4694 | res=4.40e-01 | grad=1.26e+00 | 1.1s
[   162] loss=-11.9620 | res=4.46e-01 | grad=1.20e+00 | 1.0s
[   163] loss=-11.9939 | res=4.45e-01 | grad=1.06e+00 | 1.0s
[   164] loss=-11.2428 | res=4.46e-01 | grad=1.22e+00 | 1.0s
[   165] loss=-11.5610 | res=4.44e-01 | grad=1.41e+00 | 1.1s
[   166] loss=-11.5600 | res=4.52e-01 | grad=1.17e+00 | 1.0s
[   167] loss=-11.1330 | res=4.51e-01 | grad=8.28e-01 | 1.0s
[   168] loss=-11.2720 | res=4.94e-01 | grad=1.12e+00 | 1.0s
[   169] loss=-11.5108 | res=4.46e-01 | grad=5.95e-01 | 1.1s
[   170] loss=-11.6952 | res=4.55e-01 | grad=7.42e-01 | 1.1s
[   171] loss=-11.5570 | res=4.29e-01 | grad=1.20e+00 | 1.0s
[   172] loss=-11.3911 | res=4.41e-01 | grad=1.03e+00 | 1.0s
[   173] loss=-11.7795 | res=4.59e-01 | grad=1.05e+00 | 1.0s
[   174] loss=-11.7848 | res=4.51e-01 | grad=1.05e+00 | 1.0s
[   175] loss=-11.6691 | res=4.38e-01 | grad=5.61e-01 | 1.0s
[   176] loss=-11.9265 | res=4.06e-01 | grad=7.16e-01 | 1.0s
[   177] loss=-11.3373 | res=4.48e-01 | grad=7.91e-01 | 1.1s
[   178] loss=-11.3069 | res=4.33e-01 | grad=9.32e-01 | 1.0s
[   179] loss=-11.7362 | res=4.14e-01 | grad=1.02e+00 | 1.0s
[   180] loss=-11.6636 | res=4.36e-01 | grad=1.09e+00 | 1.0s
[   181] loss=-11.7499 | res=4.22e-01 | grad=1.13e+00 | 1.0s
[   182] loss=-11.4778 | res=4.43e-01 | grad=9.55e-01 | 1.0s
[   183] loss=-11.8485 | res=4.43e-01 | grad=1.11e+00 | 1.0s
[   184] loss=-11.4885 | res=4.52e-01 | grad=8.58e-01 | 1.0s
[   185] loss=-11.4976 | res=4.27e-01 | grad=8.81e-01 | 1.1s
[   186] loss=-11.5680 | res=4.23e-01 | grad=1.32e+00 | 1.0s
[   187] loss=-10.7391 | res=4.17e-01 | grad=1.60e+00 | 1.0s
[   188] loss=-11.8060 | res=4.43e-01 | grad=8.55e-01 | 1.0s
[   189] loss=-11.5237 | res=4.55e-01 | grad=9.26e-01 | 1.1s
[   190] loss=-11.0062 | res=4.27e-01 | grad=1.54e+00 | 1.0s
[   191] loss=-11.0590 | res=4.54e-01 | grad=1.02e+00 | 1.0s
[   192] loss=-11.4433 | res=4.22e-01 | grad=1.20e+00 | 1.0s
[   193] loss=-11.3344 | res=4.36e-01 | grad=1.18e+00 | 1.0s
[   194] loss=-11.1903 | res=4.27e-01 | grad=1.23e+00 | 1.0s
[   195] loss=-11.3663 | res=4.07e-01 | grad=1.20e+00 | 1.1s
[   196] loss=-11.8800 | res=4.18e-01 | grad=1.26e+00 | 1.0s
[   197] loss=-11.0837 | res=4.61e-01 | grad=1.38e+00 | 1.0s
[   198] loss=-11.3775 | res=4.14e-01 | grad=1.06e+00 | 1.1s
[   199] loss=-11.4163 | res=4.24e-01 | grad=1.04e+00 | 1.0s
[   200] loss=-11.6084 | res=3.94e-01 | grad=1.35e+00 | 1.1s
[   201] loss=-11.7132 | res=4.29e-01 | grad=9.06e-01 | 1.1s
[   202] loss=-11.5676 | res=4.23e-01 | grad=1.07e+00 | 1.0s
[   203] loss=-11.5748 | res=4.18e-01 | grad=1.54e+00 | 1.0s
[   204] loss=-11.5111 | res=4.18e-01 | grad=1.30e+00 | 1.0s
[   205] loss=-11.2935 | res=4.40e-01 | grad=8.16e-01 | 1.1s
[   206] loss=-11.6960 | res=4.14e-01 | grad=1.23e+00 | 1.0s
[   207] loss=-11.6419 | res=4.14e-01 | grad=1.14e+00 | 1.0s
[   208] loss=-11.4591 | res=4.13e-01 | grad=1.06e+00 | 1.0s
[   209] loss=-11.7278 | res=4.33e-01 | grad=9.53e-01 | 1.1s
[   210] loss=-11.3448 | res=4.32e-01 | grad=1.18e+00 | 1.0s
[   211] loss=-11.6161 | res=4.28e-01 | grad=9.98e-01 | 1.0s
[   212] loss=-11.4702 | res=4.12e-01 | grad=8.77e-01 | 1.0s
[   213] loss=-11.3051 | res=4.02e-01 | grad=1.25e+00 | 1.1s
[   214] loss=-11.8291 | res=4.25e-01 | grad=9.07e-01 | 1.0s
[   215] loss=-11.3866 | res=4.12e-01 | grad=8.04e-01 | 1.0s
[   216] loss=-11.3428 | res=4.32e-01 | grad=8.68e-01 | 1.0s
[   217] loss=-11.3215 | res=3.81e-01 | grad=8.90e-01 | 1.0s
[   218] loss=-11.3204 | res=4.22e-01 | grad=1.15e+00 | 1.0s
[   219] loss=-11.0707 | res=4.13e-01 | grad=8.97e-01 | 1.0s
[   220] loss=-11.4865 | res=4.29e-01 | grad=1.08e+00 | 1.0s
[   221] loss=-11.6717 | res=3.95e-01 | grad=1.12e+00 | 1.0s
[   222] loss=-11.5660 | res=4.18e-01 | grad=6.93e-01 | 1.0s
[   223] loss=-11.6419 | res=4.04e-01 | grad=8.74e-01 | 1.0s
[   224] loss=-11.4450 | res=3.94e-01 | grad=1.39e+00 | 1.0s
[   225] loss=-11.3368 | res=4.32e-01 | grad=9.62e-01 | 1.0s
[   226] loss=-11.7998 | res=4.42e-01 | grad=1.44e+00 | 1.1s
[   227] loss=-11.8424 | res=4.14e-01 | grad=7.98e-01 | 1.1s
[   228] loss=-11.4351 | res=4.11e-01 | grad=1.14e+00 | 1.0s
[   229] loss=-11.4938 | res=4.35e-01 | grad=1.13e+00 | 1.0s
[   230] loss=-11.3485 | res=4.13e-01 | grad=1.04e+00 | 1.0s
[   231] loss=-11.3619 | res=4.22e-01 | grad=1.46e+00 | 1.0s
[   232] loss=-11.2300 | res=4.28e-01 | grad=1.08e+00 | 1.0s
[   233] loss=-11.7330 | res=3.95e-01 | grad=1.58e+00 | 1.0s
[   234] loss=-11.3486 | res=3.93e-01 | grad=1.03e+00 | 1.0s
[   235] loss=-11.3210 | res=4.31e-01 | grad=9.10e-01 | 1.0s
[   236] loss=-11.4843 | res=4.56e-01 | grad=1.46e+00 | 1.0s
[   237] loss=-11.3107 | res=3.99e-01 | grad=1.32e+00 | 1.1s
[   238] loss=-11.2417 | res=4.16e-01 | grad=1.68e+00 | 1.1s
[   239] loss=-11.3301 | res=4.25e-01 | grad=8.94e-01 | 1.0s
[   240] loss=-11.0331 | res=4.01e-01 | grad=1.08e+00 | 1.0s
[   241] loss=-10.7981 | res=3.99e-01 | grad=1.19e+00 | 1.1s
[   242] loss=-11.7910 | res=3.76e-01 | grad=7.46e-01 | 1.1s
[   243] loss=-11.7184 | res=3.99e-01 | grad=1.12e+00 | 1.0s
[   244] loss=-11.1306 | res=3.99e-01 | grad=1.00e+00 | 1.0s
[   245] loss=-11.2385 | res=4.06e-01 | grad=7.34e-01 | 1.0s
[   246] loss=-11.6560 | res=4.07e-01 | grad=9.57e-01 | 1.0s
[   247] loss=-11.1924 | res=4.15e-01 | grad=8.59e-01 | 1.0s
[   248] loss=-11.2683 | res=3.97e-01 | grad=1.36e+00 | 1.0s
[   249] loss=-11.5490 | res=4.32e-01 | grad=1.45e+00 | 1.1s
[   250] loss=-11.4337 | res=4.12e-01 | grad=7.47e-01 | 1.0s
[   251] loss=-11.2946 | res=4.24e-01 | grad=8.99e-01 | 1.0s
[   252] loss=-11.0534 | res=4.07e-01 | grad=1.19e+00 | 1.0s
[   253] loss=-11.6941 | res=4.00e-01 | grad=1.32e+00 | 1.0s
[   254] loss=-11.3975 | res=4.10e-01 | grad=1.30e+00 | 1.1s
[   255] loss=-11.4961 | res=4.14e-01 | grad=1.06e+00 | 1.0s
[   256] loss=-11.4883 | res=4.11e-01 | grad=9.72e-01 | 1.0s
[   257] loss=-11.2735 | res=4.09e-01 | grad=9.40e-01 | 1.0s
[   258] loss=-11.2482 | res=3.90e-01 | grad=1.33e+00 | 1.0s
[   259] loss=-11.5627 | res=3.85e-01 | grad=1.31e+00 | 1.0s
[   260] loss=-11.4882 | res=3.96e-01 | grad=1.06e+00 | 1.0s
[   261] loss=-12.0314 | res=4.08e-01 | grad=8.30e-01 | 1.0s
[   262] loss=-11.4358 | res=4.03e-01 | grad=7.50e-01 | 1.1s
[   263] loss=-11.7791 | res=4.18e-01 | grad=9.42e-01 | 1.0s
[   264] loss=-11.4953 | res=4.01e-01 | grad=1.21e+00 | 1.0s
[   265] loss=-11.2421 | res=4.16e-01 | grad=8.97e-01 | 1.1s
[   266] loss=-10.8685 | res=4.01e-01 | grad=1.19e+00 | 1.0s
[   267] loss=-11.3855 | res=3.80e-01 | grad=1.38e+00 | 1.0s
[   268] loss=-11.0780 | res=4.12e-01 | grad=1.12e+00 | 1.1s
[   269] loss=-11.7873 | res=4.10e-01 | grad=1.31e+00 | 1.1s
[   270] loss=-11.8842 | res=3.98e-01 | grad=1.31e+00 | 1.1s
[   271] loss=-11.4021 | res=4.04e-01 | grad=1.28e+00 | 1.1s
[   272] loss=-11.3329 | res=3.97e-01 | grad=1.08e+00 | 1.0s
[   273] loss=-11.6885 | res=3.69e-01 | grad=1.14e+00 | 1.1s
[   274] loss=-11.4315 | res=4.19e-01 | grad=9.02e-01 | 1.0s
[   275] loss=-11.5807 | res=4.22e-01 | grad=1.17e+00 | 1.1s
[   276] loss=-11.3585 | res=4.05e-01 | grad=1.23e+00 | 1.0s
[   277] loss=-11.2233 | res=4.16e-01 | grad=1.23e+00 | 1.1s
[   278] loss=-11.5114 | res=3.98e-01 | grad=1.67e+00 | 1.0s
[   279] loss=-11.4380 | res=3.72e-01 | grad=1.35e+00 | 1.0s
[   280] loss=-11.7959 | res=3.87e-01 | grad=1.30e+00 | 1.0s
[   281] loss=-11.6162 | res=3.96e-01 | grad=1.06e+00 | 1.0s
[   282] loss=-11.4756 | res=4.17e-01 | grad=9.33e-01 | 1.0s
[   283] loss=-11.7797 | res=3.78e-01 | grad=1.12e+00 | 1.0s
[   284] loss=-11.5470 | res=3.94e-01 | grad=1.01e+00 | 1.0s
[   285] loss=-11.1179 | res=3.77e-01 | grad=1.66e+00 | 1.0s
[   286] loss=-11.6886 | res=3.67e-01 | grad=9.73e-01 | 1.1s
[   287] loss=-10.9663 | res=3.87e-01 | grad=9.96e-01 | 1.0s
[   288] loss=-11.5347 | res=4.07e-01 | grad=1.15e+00 | 1.0s
[   289] loss=-11.5257 | res=4.04e-01 | grad=1.06e+00 | 1.1s
[   290] loss=-11.3535 | res=3.91e-01 | grad=1.05e+00 | 1.1s
[   291] loss=-11.0156 | res=4.37e-01 | grad=1.07e+00 | 1.0s
[   292] loss=-11.2343 | res=3.98e-01 | grad=8.93e-01 | 1.1s
[   293] loss=-11.5931 | res=3.78e-01 | grad=1.19e+00 | 1.1s
[   294] loss=-11.4129 | res=3.93e-01 | grad=7.17e-01 | 1.0s
[   295] loss=-11.6269 | res=3.73e-01 | grad=1.20e+00 | 1.0s
[   296] loss=-11.5497 | res=3.80e-01 | grad=8.69e-01 | 1.0s
[   297] loss=-11.8022 | res=4.00e-01 | grad=1.33e+00 | 1.0s
[   298] loss=-11.0752 | res=3.73e-01 | grad=9.70e-01 | 1.0s
[   299] loss=-11.4872 | res=3.97e-01 | grad=1.05e+00 | 1.0s
[   300] loss=-11.6101 | res=3.94e-01 | grad=8.90e-01 | 1.0s
[   301] loss=-11.4277 | res=4.19e-01 | grad=9.49e-01 | 1.1s
[   302] loss=-11.4463 | res=3.88e-01 | grad=8.33e-01 | 1.1s
[   303] loss=-11.2686 | res=3.81e-01 | grad=1.16e+00 | 1.0s
[   304] loss=-11.5093 | res=3.82e-01 | grad=1.09e+00 | 1.0s
[   305] loss=-12.1362 | res=3.85e-01 | grad=1.44e+00 | 1.1s
[   306] loss=-11.5825 | res=3.91e-01 | grad=9.37e-01 | 1.1s
[   307] loss=-11.3497 | res=3.79e-01 | grad=8.96e-01 | 1.1s
[   308] loss=-11.3381 | res=3.66e-01 | grad=1.31e+00 | 1.1s
[   309] loss=-11.7554 | res=3.87e-01 | grad=1.27e+00 | 1.1s
[   310] loss=-11.8076 | res=3.90e-01 | grad=1.32e+00 | 1.1s
[   311] loss=-11.0140 | res=4.11e-01 | grad=9.97e-01 | 1.1s
[   312] loss=-12.1147 | res=4.12e-01 | grad=1.07e+00 | 1.0s
[   313] loss=-11.9168 | res=3.55e-01 | grad=1.46e+00 | 1.1s
[   314] loss=-11.7574 | res=3.81e-01 | grad=1.62e+00 | 1.0s
[   315] loss=-11.3780 | res=3.75e-01 | grad=8.08e-01 | 1.0s
[   316] loss=-11.8622 | res=3.65e-01 | grad=1.31e+00 | 1.0s
[   317] loss=-11.7359 | res=4.00e-01 | grad=1.44e+00 | 1.0s
[   318] loss=-11.4883 | res=4.06e-01 | grad=1.42e+00 | 1.1s
[   319] loss=-11.3307 | res=3.96e-01 | grad=1.43e+00 | 1.0s
[   320] loss=-11.6451 | res=4.11e-01 | grad=1.33e+00 | 1.0s
[   321] loss=-11.5645 | res=4.42e-01 | grad=1.39e+00 | 1.0s
[   322] loss=-11.8265 | res=4.09e-01 | grad=1.07e+00 | 1.0s
[   323] loss=-11.2046 | res=3.70e-01 | grad=9.87e-01 | 1.0s
[   324] loss=-11.6610 | res=4.03e-01 | grad=8.74e-01 | 1.0s
[   325] loss=-11.2611 | res=3.80e-01 | grad=1.43e+00 | 1.1s
[   326] loss=-11.8136 | res=3.96e-01 | grad=1.16e+00 | 1.1s
[   327] loss=-11.7299 | res=3.78e-01 | grad=1.19e+00 | 1.0s
[   328] loss=-11.8422 | res=4.09e-01 | grad=9.81e-01 | 1.0s
[   329] loss=-11.3655 | res=3.72e-01 | grad=1.35e+00 | 1.1s
[   330] loss=-10.9904 | res=3.89e-01 | grad=9.34e-01 | 1.1s
[   331] loss=-11.4166 | res=3.93e-01 | grad=1.25e+00 | 1.0s
[   332] loss=-11.3465 | res=3.68e-01 | grad=1.26e+00 | 1.1s
[   333] loss=-11.5797 | res=4.14e-01 | grad=1.33e+00 | 1.1s
[   334] loss=-12.0100 | res=3.96e-01 | grad=1.00e+00 | 1.1s
[   335] loss=-11.6646 | res=3.91e-01 | grad=1.20e+00 | 1.1s
[   336] loss=-11.5698 | res=3.86e-01 | grad=9.00e-01 | 1.1s
[   337] loss=-11.5533 | res=3.83e-01 | grad=1.10e+00 | 1.1s
[   338] loss=-11.5522 | res=3.60e-01 | grad=1.03e+00 | 1.1s
[   339] loss=-11.5978 | res=3.75e-01 | grad=7.89e-01 | 1.1s
[   340] loss=-11.7503 | res=3.76e-01 | grad=1.15e+00 | 1.0s
[   341] loss=-11.8478 | res=3.96e-01 | grad=8.90e-01 | 1.1s
[   342] loss=-10.9833 | res=3.80e-01 | grad=1.18e+00 | 1.0s
[   343] loss=-11.3951 | res=3.99e-01 | grad=7.92e-01 | 1.1s
[   344] loss=-11.7085 | res=3.86e-01 | grad=9.50e-01 | 1.0s
[   345] loss=-11.6384 | res=3.66e-01 | grad=1.38e+00 | 1.0s
[   346] loss=-11.4587 | res=3.98e-01 | grad=8.58e-01 | 1.1s
[   347] loss=-10.9808 | res=3.78e-01 | grad=7.99e-01 | 1.0s
[   348] loss=-11.8404 | res=3.84e-01 | grad=1.62e+00 | 1.0s
[   349] loss=-11.7291 | res=4.11e-01 | grad=8.55e-01 | 1.1s
[   350] loss=-11.2622 | res=3.79e-01 | grad=1.28e+00 | 1.0s
[   351] loss=-11.5427 | res=4.02e-01 | grad=1.16e+00 | 1.0s
[   352] loss=-11.2414 | res=3.69e-01 | grad=1.11e+00 | 1.0s
[   353] loss=-12.0873 | res=3.69e-01 | grad=1.02e+00 | 1.1s
[   354] loss=-11.7919 | res=4.07e-01 | grad=1.22e+00 | 1.0s
[   355] loss=-11.6149 | res=3.94e-01 | grad=8.64e-01 | 1.1s
[   356] loss=-11.6527 | res=3.99e-01 | grad=1.47e+00 | 1.0s
[   357] loss=-11.3993 | res=3.78e-01 | grad=1.13e+00 | 1.0s
[   358] loss=-11.3645 | res=3.56e-01 | grad=8.51e-01 | 1.0s
[   359] loss=-11.6479 | res=3.87e-01 | grad=1.39e+00 | 1.0s
[   360] loss=-11.4784 | res=3.92e-01 | grad=8.77e-01 | 1.0s
[   361] loss=-11.8949 | res=3.91e-01 | grad=1.07e+00 | 1.0s
[   362] loss=-11.4372 | res=3.88e-01 | grad=1.06e+00 | 1.0s
[   363] loss=-11.5408 | res=3.66e-01 | grad=1.65e+00 | 1.1s
[   364] loss=-11.6619 | res=3.88e-01 | grad=1.18e+00 | 1.1s
[   365] loss=-11.6084 | res=3.88e-01 | grad=1.26e+00 | 1.1s
[   366] loss=-11.6668 | res=3.77e-01 | grad=9.84e-01 | 1.1s
[   367] loss=-11.2504 | res=3.85e-01 | grad=1.04e+00 | 1.1s
[   368] loss=-11.6342 | res=4.09e-01 | grad=1.49e+00 | 1.0s
[   369] loss=-11.5470 | res=3.94e-01 | grad=1.49e+00 | 1.0s
[   370] loss=-11.1613 | res=4.05e-01 | grad=1.28e+00 | 1.1s
[   371] loss=-11.6009 | res=3.66e-01 | grad=1.18e+00 | 1.1s
[   372] loss=-11.5483 | res=3.63e-01 | grad=6.40e-01 | 1.0s
[   373] loss=-11.7848 | res=3.53e-01 | grad=8.43e-01 | 1.1s
[   374] loss=-11.5588 | res=3.86e-01 | grad=9.90e-01 | 1.1s
[   375] loss=-11.1814 | res=3.77e-01 | grad=5.55e-01 | 1.1s
[   376] loss=-11.7172 | res=3.62e-01 | grad=1.39e+00 | 1.0s
[   377] loss=-11.8542 | res=3.83e-01 | grad=9.74e-01 | 1.1s
[   378] loss=-11.3495 | res=3.99e-01 | grad=1.46e+00 | 1.0s
[   379] loss=-11.2142 | res=3.84e-01 | grad=1.65e+00 | 1.0s
[   380] loss=-11.6465 | res=3.70e-01 | grad=1.06e+00 | 1.0s
[   381] loss=-11.2237 | res=3.81e-01 | grad=1.08e+00 | 1.0s
[   382] loss=-11.5949 | res=4.00e-01 | grad=1.46e+00 | 1.0s
[   383] loss=-11.4248 | res=3.52e-01 | grad=1.27e+00 | 1.0s
[   384] loss=-11.3460 | res=3.73e-01 | grad=1.29e+00 | 1.0s
[   385] loss=-11.8533 | res=3.54e-01 | grad=1.29e+00 | 1.0s
[   386] loss=-11.7637 | res=3.82e-01 | grad=6.81e-01 | 1.0s
[   387] loss=-10.9252 | res=3.79e-01 | grad=9.66e-01 | 1.0s
[   388] loss=-10.9634 | res=3.73e-01 | grad=1.28e+00 | 1.0s
[   389] loss=-11.3129 | res=3.36e-01 | grad=1.32e+00 | 1.0s
[   390] loss=-12.1080 | res=3.71e-01 | grad=9.70e-01 | 1.0s
[   391] loss=-12.2445 | res=3.66e-01 | grad=1.24e+00 | 1.0s
[   392] loss=-11.5801 | res=3.81e-01 | grad=7.14e-01 | 1.0s
[   393] loss=-11.3393 | res=3.49e-01 | grad=1.04e+00 | 1.1s
[   394] loss=-11.4616 | res=3.79e-01 | grad=1.30e+00 | 1.0s
[   395] loss=-11.5116 | res=3.75e-01 | grad=1.14e+00 | 1.0s
[   396] loss=-11.6960 | res=3.70e-01 | grad=8.22e-01 | 1.0s
[   397] loss=-11.3310 | res=3.70e-01 | grad=1.00e+00 | 1.1s
[   398] loss=-11.5245 | res=3.85e-01 | grad=1.20e+00 | 1.0s
[   399] loss=-11.2067 | res=3.56e-01 | grad=1.15e+00 | 1.0s
[   400] loss=-12.0456 | res=3.60e-01 | grad=1.29e+00 | 1.0s
[   401] loss=-11.7008 | res=3.80e-01 | grad=8.86e-01 | 1.1s
[   402] loss=-11.4118 | res=3.65e-01 | grad=9.08e-01 | 1.0s
[   403] loss=-11.5895 | res=3.66e-01 | grad=5.93e-01 | 1.0s
[   404] loss=-11.5137 | res=3.88e-01 | grad=1.26e+00 | 1.0s
[   405] loss=-11.6170 | res=3.43e-01 | grad=1.40e+00 | 1.0s
[   406] loss=-11.6989 | res=3.85e-01 | grad=1.21e+00 | 1.0s
[   407] loss=-11.8591 | res=3.70e-01 | grad=9.51e-01 | 1.0s
[   408] loss=-11.3497 | res=3.83e-01 | grad=9.99e-01 | 1.0s
[   409] loss=-11.5573 | res=3.63e-01 | grad=7.34e-01 | 1.1s
[   410] loss=-11.2807 | res=3.79e-01 | grad=7.74e-01 | 1.0s
[   411] loss=-11.1440 | res=3.45e-01 | grad=1.12e+00 | 1.0s
[   412] loss=-11.1098 | res=3.57e-01 | grad=1.35e+00 | 1.0s
[   413] loss=-11.7624 | res=3.65e-01 | grad=6.53e-01 | 1.0s
[   414] loss=-11.7208 | res=3.59e-01 | grad=7.97e-01 | 1.0s
[   415] loss=-11.3397 | res=3.99e-01 | grad=1.11e+00 | 1.0s
[   416] loss=-11.2813 | res=3.81e-01 | grad=1.11e+00 | 1.0s
[   417] loss=-11.6681 | res=3.96e-01 | grad=1.14e+00 | 1.0s
[   418] loss=-11.9244 | res=3.82e-01 | grad=1.15e+00 | 1.0s
[   419] loss=-11.2499 | res=3.56e-01 | grad=9.39e-01 | 1.0s
[   420] loss=-11.7512 | res=3.50e-01 | grad=8.39e-01 | 1.0s
[   421] loss=-11.5119 | res=3.53e-01 | grad=5.75e-01 | 1.0s
[   422] loss=-11.0608 | res=3.40e-01 | grad=9.53e-01 | 1.0s
[   423] loss=-11.7385 | res=3.79e-01 | grad=7.48e-01 | 1.0s
[   424] loss=-11.1692 | res=3.39e-01 | grad=9.09e-01 | 1.0s
[   425] loss=-11.2075 | res=3.70e-01 | grad=1.11e+00 | 1.0s
[   426] loss=-11.1964 | res=3.69e-01 | grad=5.46e-01 | 1.0s
[   427] loss=-10.9870 | res=3.43e-01 | grad=9.63e-01 | 1.1s
[   428] loss=-11.2234 | res=3.76e-01 | grad=8.70e-01 | 1.0s
[   429] loss=-12.1308 | res=3.47e-01 | grad=6.29e-01 | 1.0s
[   430] loss=-11.4898 | res=3.45e-01 | grad=9.29e-01 | 1.0s
[   431] loss=-11.5004 | res=3.91e-01 | grad=8.88e-01 | 1.0s
[   432] loss=-11.5437 | res=3.66e-01 | grad=8.53e-01 | 1.0s
[   433] loss=-11.6689 | res=3.65e-01 | grad=1.05e+00 | 1.1s
[   434] loss=-11.6996 | res=3.54e-01 | grad=9.35e-01 | 1.1s
[   435] loss=-11.3140 | res=3.44e-01 | grad=8.72e-01 | 1.0s
[   436] loss=-11.1818 | res=3.73e-01 | grad=6.20e-01 | 1.0s
[   437] loss=-11.8088 | res=3.70e-01 | grad=6.71e-01 | 1.1s
[   438] loss=-11.7590 | res=3.60e-01 | grad=1.03e+00 | 1.1s
[   439] loss=-11.3778 | res=3.79e-01 | grad=1.20e+00 | 1.1s
[   440] loss=-11.8452 | res=3.47e-01 | grad=9.08e-01 | 1.1s
[   441] loss=-11.7760 | res=3.61e-01 | grad=8.74e-01 | 1.1s
[   442] loss=-11.6372 | res=3.67e-01 | grad=9.44e-01 | 1.1s
[   443] loss=-11.8763 | res=3.60e-01 | grad=1.08e+00 | 1.1s
[   444] loss=-11.5540 | res=3.58e-01 | grad=1.08e+00 | 1.1s
[   445] loss=-12.1102 | res=3.54e-01 | grad=1.14e+00 | 1.0s
[   446] loss=-11.3015 | res=3.60e-01 | grad=7.39e-01 | 1.0s
[   447] loss=-11.5302 | res=3.45e-01 | grad=9.74e-01 | 1.1s
[   448] loss=-11.6124 | res=3.68e-01 | grad=8.40e-01 | 1.0s
[   449] loss=-11.4208 | res=3.84e-01 | grad=1.20e+00 | 1.1s
[   450] loss=-11.4013 | res=3.45e-01 | grad=1.16e+00 | 1.1s
[   451] loss=-11.4305 | res=3.84e-01 | grad=1.21e+00 | 1.0s
[   452] loss=-10.7894 | res=3.59e-01 | grad=7.67e-01 | 1.0s
[   453] loss=-11.1952 | res=3.81e-01 | grad=1.27e+00 | 1.0s
[   454] loss=-11.7148 | res=3.95e-01 | grad=1.34e+00 | 1.0s
[   455] loss=-11.2956 | res=3.45e-01 | grad=1.17e+00 | 1.0s
[   456] loss=-11.8146 | res=3.63e-01 | grad=1.27e+00 | 1.0s
[   457] loss=-11.5104 | res=3.40e-01 | grad=1.04e+00 | 1.1s
[   458] loss=-11.8679 | res=3.84e-01 | grad=1.31e+00 | 1.0s
[   459] loss=-11.7470 | res=3.55e-01 | grad=1.17e+00 | 1.0s
[   460] loss=-12.1788 | res=3.51e-01 | grad=9.41e-01 | 1.0s
[   461] loss=-11.1454 | res=3.38e-01 | grad=9.41e-01 | 1.0s
[   462] loss=-11.4360 | res=3.48e-01 | grad=4.74e-01 | 1.0s
[   463] loss=-11.2729 | res=3.78e-01 | grad=1.11e+00 | 1.0s
[   464] loss=-11.3909 | res=3.74e-01 | grad=9.86e-01 | 1.0s
[   465] loss=-10.9831 | res=3.53e-01 | grad=1.57e+00 | 1.0s
[   466] loss=-11.4810 | res=3.90e-01 | grad=1.31e+00 | 1.0s
[   467] loss=-11.6386 | res=3.64e-01 | grad=7.91e-01 | 1.1s
[   468] loss=-12.1210 | res=3.66e-01 | grad=7.96e-01 | 1.1s
[   469] loss=-12.1700 | res=3.99e-01 | grad=1.01e+00 | 1.1s
[   470] loss=-11.2206 | res=3.38e-01 | grad=7.40e-01 | 1.1s
[   471] loss=-11.4742 | res=3.64e-01 | grad=1.05e+00 | 1.0s
[   472] loss=-11.3920 | res=3.57e-01 | grad=1.40e+00 | 1.1s
[   473] loss=-11.8565 | res=3.46e-01 | grad=7.46e-01 | 1.0s
[   474] loss=-11.3980 | res=3.60e-01 | grad=9.55e-01 | 1.0s
[   475] loss=-11.5750 | res=3.36e-01 | grad=8.83e-01 | 1.0s
[   476] loss=-11.5588 | res=3.59e-01 | grad=1.27e+00 | 1.0s
[   477] loss=-11.5152 | res=3.51e-01 | grad=1.14e+00 | 1.0s
[   478] loss=-11.4101 | res=3.77e-01 | grad=9.68e-01 | 1.0s
[   479] loss=-11.8355 | res=3.65e-01 | grad=1.15e+00 | 1.0s
[   480] loss=-11.4434 | res=3.86e-01 | grad=7.86e-01 | 1.0s
[   481] loss=-11.4926 | res=3.63e-01 | grad=5.76e-01 | 1.1s
[   482] loss=-11.7440 | res=3.79e-01 | grad=9.08e-01 | 1.1s
[   483] loss=-11.1329 | res=3.47e-01 | grad=1.11e+00 | 1.1s
[   484] loss=-11.6657 | res=3.59e-01 | grad=1.38e+00 | 1.1s
[   485] loss=-11.4650 | res=3.58e-01 | grad=7.41e-01 | 1.1s
[   486] loss=-11.1729 | res=3.69e-01 | grad=9.82e-01 | 1.1s
[   487] loss=-11.1617 | res=3.42e-01 | grad=1.02e+00 | 1.1s
[   488] loss=-11.9084 | res=3.56e-01 | grad=1.17e+00 | 1.0s
[   489] loss=-11.3777 | res=3.64e-01 | grad=1.01e+00 | 1.1s
[   490] loss=-11.3439 | res=3.87e-01 | grad=8.33e-01 | 1.0s
[   491] loss=-11.4139 | res=3.79e-01 | grad=1.06e+00 | 1.0s
[   492] loss=-11.5579 | res=3.55e-01 | grad=9.18e-01 | 1.0s
[   493] loss=-11.9537 | res=3.59e-01 | grad=9.55e-01 | 1.0s
[   494] loss=-11.2006 | res=3.53e-01 | grad=1.39e+00 | 1.0s
[   495] loss=-11.4611 | res=3.84e-01 | grad=8.79e-01 | 1.0s
[   496] loss=-11.6893 | res=3.66e-01 | grad=9.83e-01 | 1.0s
[   497] loss=-11.4730 | res=3.55e-01 | grad=1.50e+00 | 1.0s
[   498] loss=-11.7267 | res=3.64e-01 | grad=1.01e+00 | 1.0s
[   499] loss=-11.0828 | res=3.64e-01 | grad=1.06e+00 | 1.0s
[   500] loss=-12.1932 | res=3.87e-01 | grad=9.02e-01 | 1.0s
[   501] loss=-11.0780 | res=3.75e-01 | grad=7.93e-01 | 1.0s
[   502] loss=-11.7517 | res=3.98e-01 | grad=1.20e+00 | 1.0s
[   503] loss=-11.9091 | res=3.76e-01 | grad=1.37e+00 | 1.0s
[   504] loss=-11.8390 | res=3.59e-01 | grad=1.10e+00 | 1.1s
[   505] loss=-11.5669 | res=3.44e-01 | grad=8.67e-01 | 1.0s
[   506] loss=-11.6811 | res=3.39e-01 | grad=1.08e+00 | 1.0s
[   507] loss=-11.5725 | res=3.48e-01 | grad=1.20e+00 | 1.1s
[   508] loss=-11.8059 | res=3.32e-01 | grad=8.86e-01 | 1.0s
[   509] loss=-12.2096 | res=3.59e-01 | grad=9.86e-01 | 1.0s
[   510] loss=-11.9535 | res=3.63e-01 | grad=9.31e-01 | 1.0s
[   511] loss=-11.6062 | res=3.53e-01 | grad=1.02e+00 | 1.0s
[   512] loss=-11.4414 | res=3.59e-01 | grad=8.67e-01 | 1.0s
[   513] loss=-11.3190 | res=3.51e-01 | grad=8.30e-01 | 1.0s
[   514] loss=-11.1004 | res=3.33e-01 | grad=1.06e+00 | 1.1s
[   515] loss=-11.6625 | res=3.69e-01 | grad=1.25e+00 | 1.1s
[   516] loss=-11.7753 | res=3.74e-01 | grad=1.17e+00 | 1.0s
[   517] loss=-11.2876 | res=3.97e-01 | grad=1.40e+00 | 1.1s
[   518] loss=-11.5617 | res=3.73e-01 | grad=1.11e+00 | 1.0s
[   519] loss=-11.4771 | res=3.55e-01 | grad=1.05e+00 | 1.0s
[   520] loss=-11.3614 | res=3.76e-01 | grad=1.72e+00 | 1.0s
[   521] loss=-11.6974 | res=3.65e-01 | grad=9.16e-01 | 1.1s
[   522] loss=-11.7783 | res=3.42e-01 | grad=1.24e+00 | 1.0s
[   523] loss=-11.5060 | res=3.70e-01 | grad=1.20e+00 | 1.0s
[   524] loss=-11.3322 | res=3.46e-01 | grad=6.96e-01 | 1.0s
[   525] loss=-11.9073 | res=3.61e-01 | grad=1.19e+00 | 1.0s
[   526] loss=-11.5235 | res=3.53e-01 | grad=1.21e+00 | 1.0s
[   527] loss=-11.5907 | res=3.46e-01 | grad=1.67e+00 | 1.0s
[   528] loss=-11.5728 | res=3.53e-01 | grad=9.26e-01 | 1.0s
[   529] loss=-11.5930 | res=3.65e-01 | grad=5.05e-01 | 1.0s
[   530] loss=-11.8280 | res=3.65e-01 | grad=1.08e+00 | 1.0s
[   531] loss=-11.7660 | res=3.54e-01 | grad=1.36e+00 | 1.0s
[   532] loss=-11.5589 | res=3.50e-01 | grad=1.66e+00 | 1.0s
[   533] loss=-11.6895 | res=3.43e-01 | grad=1.27e+00 | 1.0s
[   534] loss=-11.2219 | res=3.68e-01 | grad=1.19e+00 | 1.0s
[   535] loss=-11.7604 | res=3.52e-01 | grad=1.08e+00 | 1.0s
[   536] loss=-11.4974 | res=3.51e-01 | grad=1.26e+00 | 1.0s
[   537] loss=-11.7579 | res=3.75e-01 | grad=1.22e+00 | 1.0s
[   538] loss=-11.5230 | res=3.51e-01 | grad=1.12e+00 | 1.0s
[   539] loss=-11.7815 | res=3.60e-01 | grad=8.97e-01 | 1.1s
[   540] loss=-11.3769 | res=3.37e-01 | grad=9.33e-01 | 1.0s
[   541] loss=-11.0260 | res=3.20e-01 | grad=1.23e+00 | 1.0s
[   542] loss=-11.2194 | res=3.59e-01 | grad=1.15e+00 | 1.0s
[   543] loss=-11.7249 | res=3.45e-01 | grad=1.07e+00 | 1.0s
[   544] loss=-11.4768 | res=3.50e-01 | grad=1.21e+00 | 1.0s
[   545] loss=-11.8309 | res=3.64e-01 | grad=1.09e+00 | 1.1s
[   546] loss=-11.0486 | res=3.34e-01 | grad=9.23e-01 | 1.0s
[   547] loss=-11.3808 | res=3.60e-01 | grad=7.38e-01 | 1.0s
[   548] loss=-11.4499 | res=3.24e-01 | grad=9.05e-01 | 1.0s
[   549] loss=-11.1174 | res=3.78e-01 | grad=1.08e+00 | 1.0s
[   550] loss=-12.3770 | res=3.48e-01 | grad=9.44e-01 | 1.0s
[   551] loss=-11.8307 | res=3.31e-01 | grad=1.13e+00 | 1.0s
[   552] loss=-11.2236 | res=3.55e-01 | grad=1.07e+00 | 1.0s
[   553] loss=-11.2248 | res=3.12e-01 | grad=1.29e+00 | 1.1s
[   554] loss=-11.3302 | res=3.83e-01 | grad=8.19e-01 | 1.0s
[   555] loss=-11.4013 | res=3.26e-01 | grad=9.39e-01 | 1.0s
[   556] loss=-10.9474 | res=3.76e-01 | grad=1.16e+00 | 1.0s
[   557] loss=-11.5745 | res=3.59e-01 | grad=7.85e-01 | 1.0s
[   558] loss=-11.6355 | res=3.43e-01 | grad=1.11e+00 | 1.0s
[   559] loss=-11.8113 | res=3.50e-01 | grad=1.08e+00 | 1.0s
[   560] loss=-11.9180 | res=3.43e-01 | grad=1.17e+00 | 1.0s
[   561] loss=-11.6368 | res=3.49e-01 | grad=1.23e+00 | 1.0s
[   562] loss=-11.9668 | res=3.66e-01 | grad=8.66e-01 | 1.1s
[   563] loss=-11.7125 | res=3.75e-01 | grad=8.99e-01 | 1.1s
[   564] loss=-11.5591 | res=3.78e-01 | grad=9.55e-01 | 1.0s
[   565] loss=-11.5898 | res=3.56e-01 | grad=1.24e+00 | 1.1s
[   566] loss=-11.2456 | res=3.66e-01 | grad=1.20e+00 | 1.0s
[   567] loss=-11.6688 | res=3.44e-01 | grad=1.48e+00 | 1.0s
[   568] loss=-11.9156 | res=3.61e-01 | grad=1.21e+00 | 1.0s
[   569] loss=-11.3699 | res=3.65e-01 | grad=1.05e+00 | 1.1s
[   570] loss=-10.8975 | res=3.85e-01 | grad=1.36e+00 | 1.0s
[   571] loss=-11.3447 | res=3.60e-01 | grad=1.05e+00 | 1.0s
[   572] loss=-11.1666 | res=3.68e-01 | grad=1.06e+00 | 1.0s
[   573] loss=-11.6954 | res=3.45e-01 | grad=1.34e+00 | 1.0s
[   574] loss=-11.7731 | res=3.74e-01 | grad=1.18e+00 | 1.0s
[   575] loss=-11.6799 | res=3.55e-01 | grad=1.41e+00 | 1.0s
[   576] loss=-11.9084 | res=3.42e-01 | grad=7.10e-01 | 1.0s
[   577] loss=-11.7307 | res=3.65e-01 | grad=1.02e+00 | 1.0s
[   578] loss=-11.6868 | res=3.60e-01 | grad=1.03e+00 | 1.0s
[   579] loss=-11.7772 | res=3.63e-01 | grad=1.24e+00 | 1.0s
[   580] loss=-11.2620 | res=3.72e-01 | grad=9.70e-01 | 1.0s
[   581] loss=-11.5706 | res=3.37e-01 | grad=7.05e-01 | 1.0s
[   582] loss=-11.5483 | res=3.69e-01 | grad=9.99e-01 | 1.0s
[   583] loss=-11.6157 | res=3.32e-01 | grad=7.12e-01 | 1.0s
[   584] loss=-11.7594 | res=3.46e-01 | grad=7.17e-01 | 1.0s
[   585] loss=-11.3371 | res=3.46e-01 | grad=7.46e-01 | 1.1s
[   586] loss=-11.7717 | res=3.42e-01 | grad=1.12e+00 | 1.0s
[   587] loss=-11.2617 | res=3.17e-01 | grad=1.04e+00 | 1.0s
[   588] loss=-11.3688 | res=3.25e-01 | grad=9.57e-01 | 1.0s
[   589] loss=-11.5878 | res=3.39e-01 | grad=7.27e-01 | 1.1s
[   590] loss=-11.6898 | res=3.68e-01 | grad=8.76e-01 | 1.0s
[   591] loss=-11.8862 | res=3.33e-01 | grad=1.11e+00 | 1.0s
[   592] loss=-11.6961 | res=3.63e-01 | grad=9.51e-01 | 1.0s
[   593] loss=-11.6022 | res=3.85e-01 | grad=1.15e+00 | 1.1s
[   594] loss=-11.7902 | res=3.38e-01 | grad=1.39e+00 | 1.0s
[   595] loss=-11.2510 | res=3.63e-01 | grad=7.42e-01 | 1.0s
[   596] loss=-11.6861 | res=3.63e-01 | grad=9.70e-01 | 1.0s
[   597] loss=-11.9946 | res=3.35e-01 | grad=7.79e-01 | 1.0s
[   598] loss=-11.4443 | res=3.40e-01 | grad=7.74e-01 | 1.0s
[   599] loss=-11.3900 | res=3.31e-01 | grad=1.09e+00 | 1.0s
[   600] loss=-11.5247 | res=3.66e-01 | grad=1.18e+00 | 1.0s
[   601] loss=-11.3701 | res=3.73e-01 | grad=1.10e+00 | 1.0s
[   602] loss=-11.3654 | res=3.47e-01 | grad=8.51e-01 | 1.0s
[   603] loss=-11.7395 | res=3.72e-01 | grad=1.05e+00 | 1.0s
[   604] loss=-11.2347 | res=3.25e-01 | grad=8.51e-01 | 1.0s
[   605] loss=-11.6924 | res=3.49e-01 | grad=7.21e-01 | 1.0s
[   606] loss=-11.7391 | res=3.59e-01 | grad=1.09e+00 | 1.0s
[   607] loss=-11.9590 | res=3.91e-01 | grad=1.03e+00 | 1.0s
[   608] loss=-11.2927 | res=3.68e-01 | grad=1.28e+00 | 1.0s
[   609] loss=-11.5714 | res=3.48e-01 | grad=7.76e-01 | 1.0s
[   610] loss=-11.2000 | res=3.32e-01 | grad=1.07e+00 | 1.0s
[   611] loss=-11.5293 | res=3.64e-01 | grad=1.25e+00 | 1.0s
[   612] loss=-11.5190 | res=3.24e-01 | grad=1.01e+00 | 1.0s
[   613] loss=-11.1550 | res=3.18e-01 | grad=1.03e+00 | 1.1s
[   614] loss=-11.9043 | res=3.55e-01 | grad=1.06e+00 | 1.0s
[   615] loss=-11.9703 | res=3.75e-01 | grad=7.99e-01 | 1.0s
[   616] loss=-11.6651 | res=3.28e-01 | grad=1.45e+00 | 1.0s
[   617] loss=-11.5885 | res=3.71e-01 | grad=1.50e+00 | 1.0s
[   618] loss=-11.6242 | res=3.54e-01 | grad=1.24e+00 | 1.1s
[   619] loss=-11.6380 | res=3.61e-01 | grad=4.12e-01 | 1.1s
[   620] loss=-11.4560 | res=3.38e-01 | grad=9.89e-01 | 1.0s
[   621] loss=-11.2695 | res=3.29e-01 | grad=8.89e-01 | 1.0s
[   622] loss=-11.5943 | res=3.53e-01 | grad=1.15e+00 | 1.0s
[   623] loss=-11.3875 | res=3.45e-01 | grad=6.43e-01 | 1.0s
[   624] loss=-11.8329 | res=3.76e-01 | grad=7.62e-01 | 1.0s
[   625] loss=-11.7722 | res=3.32e-01 | grad=1.44e+00 | 1.0s
[   626] loss=-11.7727 | res=3.36e-01 | grad=1.31e+00 | 1.0s
[   627] loss=-10.9590 | res=3.58e-01 | grad=8.61e-01 | 1.0s
[   628] loss=-11.6203 | res=3.42e-01 | grad=9.55e-01 | 1.0s
[   629] loss=-11.5786 | res=3.30e-01 | grad=5.39e-01 | 1.1s
[   630] loss=-11.1347 | res=3.37e-01 | grad=7.42e-01 | 1.0s
[   631] loss=-11.8648 | res=3.44e-01 | grad=8.77e-01 | 1.0s
[   632] loss=-11.2947 | res=3.27e-01 | grad=1.06e+00 | 1.0s
[   633] loss=-11.1282 | res=3.54e-01 | grad=1.08e+00 | 1.0s
[   634] loss=-11.4444 | res=3.88e-01 | grad=1.17e+00 | 1.0s
[   635] loss=-11.3241 | res=3.74e-01 | grad=7.92e-01 | 1.0s
[   636] loss=-11.6318 | res=3.21e-01 | grad=6.82e-01 | 1.0s
[   637] loss=-11.7944 | res=3.54e-01 | grad=8.24e-01 | 1.0s
[   638] loss=-11.2775 | res=3.54e-01 | grad=1.20e+00 | 1.1s
[   639] loss=-11.3088 | res=3.54e-01 | grad=1.02e+00 | 1.0s
[   640] loss=-11.7070 | res=3.51e-01 | grad=1.20e+00 | 1.0s
[   641] loss=-11.9036 | res=3.19e-01 | grad=7.99e-01 | 1.0s
[   642] loss=-11.1608 | res=3.57e-01 | grad=5.53e-01 | 1.1s
[   643] loss=-11.6147 | res=3.37e-01 | grad=9.52e-01 | 1.0s
[   644] loss=-11.6753 | res=3.41e-01 | grad=7.20e-01 | 1.0s
[   645] loss=-12.0291 | res=3.58e-01 | grad=8.46e-01 | 1.0s
[   646] loss=-11.6062 | res=3.31e-01 | grad=1.03e+00 | 1.1s
[   647] loss=-11.7758 | res=3.38e-01 | grad=8.37e-01 | 1.0s
[   648] loss=-11.4044 | res=3.66e-01 | grad=8.60e-01 | 1.0s
[   649] loss=-11.7248 | res=3.54e-01 | grad=7.94e-01 | 1.0s
[   650] loss=-11.6832 | res=3.48e-01 | grad=1.17e+00 | 1.0s
[   651] loss=-11.5110 | res=3.39e-01 | grad=1.38e+00 | 1.0s
[   652] loss=-11.9433 | res=3.38e-01 | grad=1.07e+00 | 1.0s
[   653] loss=-11.8781 | res=3.40e-01 | grad=9.16e-01 | 1.1s
[   654] loss=-11.4291 | res=3.29e-01 | grad=7.93e-01 | 1.0s
[   655] loss=-11.6312 | res=3.65e-01 | grad=1.23e+00 | 1.0s
[   656] loss=-11.4723 | res=3.51e-01 | grad=1.08e+00 | 1.0s
[   657] loss=-11.2042 | res=3.66e-01 | grad=7.62e-01 | 1.1s
[   658] loss=-11.8498 | res=3.44e-01 | grad=9.14e-01 | 1.0s
[   659] loss=-11.3124 | res=3.34e-01 | grad=8.81e-01 | 1.0s
[   660] loss=-12.0766 | res=3.44e-01 | grad=8.01e-01 | 1.0s
[   661] loss=-11.6985 | res=3.81e-01 | grad=1.37e+00 | 1.1s
[   662] loss=-11.4320 | res=3.36e-01 | grad=9.62e-01 | 1.0s
[   663] loss=-11.3122 | res=3.49e-01 | grad=6.39e-01 | 1.0s
[   664] loss=-11.8481 | res=3.49e-01 | grad=8.74e-01 | 1.0s
[   665] loss=-11.4266 | res=3.55e-01 | grad=7.18e-01 | 1.0s
[   666] loss=-11.8480 | res=3.61e-01 | grad=1.25e+00 | 1.1s
[   667] loss=-12.0940 | res=3.73e-01 | grad=8.57e-01 | 1.0s
[   668] loss=-11.5951 | res=3.29e-01 | grad=8.99e-01 | 1.0s
[   669] loss=-11.7630 | res=3.46e-01 | grad=1.19e+00 | 1.0s
[   670] loss=-11.6497 | res=3.08e-01 | grad=1.13e+00 | 1.1s
[   671] loss=-11.7533 | res=3.39e-01 | grad=9.22e-01 | 1.0s
[   672] loss=-11.6004 | res=3.39e-01 | grad=1.57e+00 | 1.0s
[   673] loss=-11.4974 | res=3.43e-01 | grad=1.15e+00 | 1.0s
[   674] loss=-11.6078 | res=3.30e-01 | grad=1.17e+00 | 1.0s
[   675] loss=-11.3784 | res=3.45e-01 | grad=8.70e-01 | 1.0s
[   676] loss=-11.5354 | res=3.19e-01 | grad=7.75e-01 | 1.0s
[   677] loss=-11.6298 | res=3.30e-01 | grad=1.01e+00 | 1.0s
[   678] loss=-12.0842 | res=3.62e-01 | grad=1.58e+00 | 1.0s
[   679] loss=-11.2478 | res=3.34e-01 | grad=1.11e+00 | 1.0s
[   680] loss=-11.4829 | res=3.63e-01 | grad=1.36e+00 | 1.0s
[   681] loss=-11.9550 | res=3.54e-01 | grad=6.93e-01 | 1.1s
[   682] loss=-11.6942 | res=3.51e-01 | grad=1.01e+00 | 1.0s
[   683] loss=-11.4451 | res=3.50e-01 | grad=1.08e+00 | 1.0s
[   684] loss=-11.3662 | res=3.37e-01 | grad=1.07e+00 | 1.0s
[   685] loss=-11.4734 | res=3.43e-01 | grad=1.71e+00 | 1.0s
[   686] loss=-11.1448 | res=3.56e-01 | grad=1.43e+00 | 1.0s
[   687] loss=-11.3046 | res=3.30e-01 | grad=9.29e-01 | 1.0s
[   688] loss=-11.5059 | res=3.46e-01 | grad=1.33e+00 | 1.0s
[   689] loss=-11.5748 | res=3.35e-01 | grad=1.37e+00 | 1.0s
[   690] loss=-11.9737 | res=3.30e-01 | grad=1.39e+00 | 1.0s
[   691] loss=-11.2661 | res=3.67e-01 | grad=9.16e-01 | 1.0s
[   692] loss=-11.6862 | res=3.66e-01 | grad=1.22e+00 | 1.0s
[   693] loss=-11.4927 | res=3.52e-01 | grad=1.32e+00 | 1.1s
[   694] loss=-11.8126 | res=3.56e-01 | grad=8.03e-01 | 1.1s
[   695] loss=-11.7798 | res=3.28e-01 | grad=1.31e+00 | 1.0s
[   696] loss=-11.3375 | res=3.74e-01 | grad=1.26e+00 | 1.0s
[   697] loss=-11.3368 | res=3.38e-01 | grad=1.30e+00 | 1.0s
[   698] loss=-11.4031 | res=3.46e-01 | grad=6.94e-01 | 1.0s
[   699] loss=-11.3326 | res=3.42e-01 | grad=1.15e+00 | 1.0s
[   700] loss=-11.1994 | res=3.35e-01 | grad=1.25e+00 | 1.0s
[   701] loss=-11.2577 | res=3.44e-01 | grad=1.01e+00 | 1.0s
[   702] loss=-11.8148 | res=3.41e-01 | grad=1.15e+00 | 1.0s
[   703] loss=-11.3030 | res=3.35e-01 | grad=8.58e-01 | 1.0s
[   704] loss=-11.8698 | res=3.18e-01 | grad=6.86e-01 | 1.0s
[   705] loss=-11.5562 | res=3.46e-01 | grad=1.03e+00 | 1.1s
[   706] loss=-11.3179 | res=3.53e-01 | grad=1.02e+00 | 1.0s
[   707] loss=-11.4900 | res=3.51e-01 | grad=1.24e+00 | 1.1s
[   708] loss=-11.2569 | res=3.15e-01 | grad=6.79e-01 | 1.0s
[   709] loss=-11.5761 | res=3.30e-01 | grad=8.21e-01 | 1.0s
[   710] loss=-11.3465 | res=3.33e-01 | grad=5.81e-01 | 1.0s
[   711] loss=-11.9653 | res=3.31e-01 | grad=8.64e-01 | 1.1s
[   712] loss=-11.8335 | res=3.60e-01 | grad=1.00e+00 | 1.0s
[   713] loss=-11.3656 | res=3.17e-01 | grad=1.19e+00 | 1.0s
[   714] loss=-11.8671 | res=2.99e-01 | grad=9.41e-01 | 1.0s
[   715] loss=-11.6246 | res=3.05e-01 | grad=1.14e+00 | 1.0s
[   716] loss=-11.8138 | res=3.74e-01 | grad=9.58e-01 | 1.0s
[   717] loss=-11.5308 | res=3.13e-01 | grad=9.50e-01 | 1.1s
[   718] loss=-12.0180 | res=3.31e-01 | grad=8.20e-01 | 1.0s
[   719] loss=-11.5780 | res=3.44e-01 | grad=9.92e-01 | 1.0s
[   720] loss=-11.6957 | res=3.43e-01 | grad=1.19e+00 | 1.0s
[   721] loss=-11.2297 | res=3.27e-01 | grad=8.23e-01 | 1.1s
[   722] loss=-11.7483 | res=3.43e-01 | grad=1.47e+00 | 1.0s
[   723] loss=-11.5476 | res=3.38e-01 | grad=1.12e+00 | 1.0s
[   724] loss=-11.6745 | res=3.36e-01 | grad=8.18e-01 | 1.0s
[   725] loss=-11.0950 | res=3.29e-01 | grad=1.23e+00 | 1.0s
[   726] loss=-11.5792 | res=3.31e-01 | grad=1.10e+00 | 1.0s
[   727] loss=-11.6912 | res=3.33e-01 | grad=1.41e+00 | 1.0s
[   728] loss=-11.4427 | res=3.40e-01 | grad=1.20e+00 | 1.0s
[   729] loss=-11.4146 | res=3.43e-01 | grad=7.43e-01 | 1.1s
[   730] loss=-11.6076 | res=3.49e-01 | grad=8.55e-01 | 1.1s
[   731] loss=-11.7409 | res=3.28e-01 | grad=1.09e+00 | 1.0s
[   732] loss=-11.9019 | res=3.60e-01 | grad=8.15e-01 | 1.0s
[   733] loss=-11.2964 | res=3.39e-01 | grad=1.48e+00 | 1.0s
[   734] loss=-11.6126 | res=3.50e-01 | grad=1.47e+00 | 1.1s
[   735] loss=-11.5866 | res=3.56e-01 | grad=8.82e-01 | 1.1s
[   736] loss=-10.9665 | res=3.26e-01 | grad=1.08e+00 | 1.0s
[   737] loss=-11.1365 | res=3.27e-01 | grad=8.03e-01 | 1.0s
[   738] loss=-11.2189 | res=3.14e-01 | grad=1.49e+00 | 1.0s
[   739] loss=-11.8228 | res=3.25e-01 | grad=1.15e+00 | 1.0s
[   740] loss=-11.5976 | res=3.32e-01 | grad=1.07e+00 | 1.0s
[   741] loss=-11.3594 | res=3.08e-01 | grad=1.10e+00 | 1.1s
[   742] loss=-11.6928 | res=3.30e-01 | grad=1.03e+00 | 1.1s
[   743] loss=-11.5601 | res=3.40e-01 | grad=1.01e+00 | 1.0s
[   744] loss=-11.6428 | res=3.33e-01 | grad=9.87e-01 | 1.0s
[   745] loss=-11.3618 | res=3.33e-01 | grad=1.29e+00 | 1.0s
[   746] loss=-11.5834 | res=3.44e-01 | grad=1.26e+00 | 1.0s
[   747] loss=-11.5980 | res=3.57e-01 | grad=8.96e-01 | 1.0s
[   748] loss=-11.6381 | res=3.14e-01 | grad=9.20e-01 | 1.0s
[   749] loss=-11.2515 | res=3.31e-01 | grad=1.22e+00 | 1.1s
[   750] loss=-11.8273 | res=3.45e-01 | grad=1.06e+00 | 1.0s
[   751] loss=-11.4796 | res=3.54e-01 | grad=1.01e+00 | 1.0s
[   752] loss=-11.5896 | res=3.54e-01 | grad=1.01e+00 | 1.0s
[   753] loss=-11.4572 | res=3.69e-01 | grad=1.04e+00 | 1.1s
[   754] loss=-11.6930 | res=3.31e-01 | grad=1.05e+00 | 1.0s
[   755] loss=-11.5255 | res=3.38e-01 | grad=8.87e-01 | 1.0s
[   756] loss=-12.0085 | res=3.56e-01 | grad=5.68e-01 | 1.0s
[   757] loss=-11.1337 | res=3.32e-01 | grad=6.56e-01 | 1.0s
[   758] loss=-11.5866 | res=3.15e-01 | grad=6.84e-01 | 1.0s
[   759] loss=-12.0166 | res=3.02e-01 | grad=7.63e-01 | 1.0s
[   760] loss=-11.5645 | res=3.35e-01 | grad=9.26e-01 | 1.0s
[   761] loss=-11.6806 | res=3.15e-01 | grad=1.02e+00 | 1.1s
[   762] loss=-11.3327 | res=3.17e-01 | grad=8.68e-01 | 1.0s
[   763] loss=-11.8821 | res=3.39e-01 | grad=1.10e+00 | 1.0s
[   764] loss=-11.9334 | res=3.26e-01 | grad=7.80e-01 | 1.0s
[   765] loss=-11.7428 | res=3.39e-01 | grad=9.98e-01 | 1.0s
[   766] loss=-11.1983 | res=3.26e-01 | grad=1.32e+00 | 1.0s
[   767] loss=-11.6403 | res=3.23e-01 | grad=9.07e-01 | 1.0s
[   768] loss=-11.4463 | res=3.17e-01 | grad=9.13e-01 | 1.0s
[   769] loss=-11.3079 | res=3.38e-01 | grad=8.22e-01 | 1.0s
[   770] loss=-11.7632 | res=3.21e-01 | grad=1.08e+00 | 1.0s
[   771] loss=-11.1144 | res=3.17e-01 | grad=1.18e+00 | 1.1s
[   772] loss=-11.7098 | res=3.35e-01 | grad=1.36e+00 | 1.0s
[   773] loss=-11.5182 | res=3.35e-01 | grad=9.02e-01 | 1.0s
[   774] loss=-11.8876 | res=3.15e-01 | grad=6.72e-01 | 1.0s
[   775] loss=-11.6644 | res=3.36e-01 | grad=9.22e-01 | 1.0s
[   776] loss=-11.7400 | res=3.28e-01 | grad=7.73e-01 | 1.0s
[   777] loss=-11.3311 | res=3.52e-01 | grad=1.03e+00 | 1.0s
[   778] loss=-11.3168 | res=3.31e-01 | grad=7.17e-01 | 1.0s
[   779] loss=-11.7292 | res=3.37e-01 | grad=1.03e+00 | 1.0s
[   780] loss=-11.1920 | res=3.22e-01 | grad=8.35e-01 | 1.0s
[   781] loss=-11.4981 | res=3.15e-01 | grad=9.22e-01 | 1.0s
[   782] loss=-11.2923 | res=3.26e-01 | grad=6.27e-01 | 1.0s
[   783] loss=-11.7484 | res=3.19e-01 | grad=1.31e+00 | 1.0s
[   784] loss=-11.4371 | res=3.19e-01 | grad=8.15e-01 | 1.0s
[   785] loss=-11.5828 | res=3.15e-01 | grad=9.47e-01 | 1.1s
[   786] loss=-11.1129 | res=3.24e-01 | grad=1.13e+00 | 1.0s
[   787] loss=-11.2623 | res=3.25e-01 | grad=1.22e+00 | 1.0s
[   788] loss=-11.2706 | res=3.20e-01 | grad=1.02e+00 | 1.0s
[   789] loss=-11.8520 | res=3.20e-01 | grad=8.32e-01 | 1.1s
[   790] loss=-11.6607 | res=3.12e-01 | grad=8.64e-01 | 1.0s
[   791] loss=-11.6289 | res=3.55e-01 | grad=9.36e-01 | 1.1s
[   792] loss=-11.9185 | res=3.33e-01 | grad=8.41e-01 | 1.0s
[   793] loss=-11.5160 | res=3.21e-01 | grad=9.30e-01 | 1.0s
[   794] loss=-11.4526 | res=3.13e-01 | grad=8.42e-01 | 1.0s
[   795] loss=-11.5814 | res=3.24e-01 | grad=1.13e+00 | 1.0s
[   796] loss=-11.1843 | res=3.53e-01 | grad=7.43e-01 | 1.0s
[   797] loss=-11.0596 | res=3.43e-01 | grad=7.07e-01 | 1.0s
[   798] loss=-11.1637 | res=3.35e-01 | grad=9.18e-01 | 1.0s
[   799] loss=-11.3218 | res=3.41e-01 | grad=7.11e-01 | 1.0s
[   800] loss=-11.7861 | res=3.29e-01 | grad=9.42e-01 | 1.0s
[   801] loss=-11.3582 | res=3.17e-01 | grad=7.95e-01 | 1.1s
[   802] loss=-11.5782 | res=3.40e-01 | grad=9.08e-01 | 1.0s
[   803] loss=-11.6389 | res=3.43e-01 | grad=9.81e-01 | 1.1s
[   804] loss=-11.4199 | res=3.18e-01 | grad=6.98e-01 | 1.0s
[   805] loss=-11.4506 | res=3.40e-01 | grad=7.21e-01 | 1.1s
[   806] loss=-11.2780 | res=3.32e-01 | grad=1.01e+00 | 1.1s
[   807] loss=-11.8485 | res=3.39e-01 | grad=7.18e-01 | 1.0s
[   808] loss=-11.5006 | res=3.40e-01 | grad=5.37e-01 | 1.0s
[   809] loss=-11.4994 | res=3.36e-01 | grad=9.93e-01 | 1.1s
[   810] loss=-11.4121 | res=3.28e-01 | grad=8.64e-01 | 1.1s
[   811] loss=-11.6319 | res=3.48e-01 | grad=6.27e-01 | 1.0s
[   812] loss=-11.7226 | res=3.56e-01 | grad=8.73e-01 | 1.0s
[   813] loss=-11.3708 | res=3.10e-01 | grad=1.08e+00 | 1.1s
[   814] loss=-11.7317 | res=3.25e-01 | grad=1.06e+00 | 1.0s
[   815] loss=-11.6542 | res=3.33e-01 | grad=8.58e-01 | 1.1s
[   816] loss=-11.0869 | res=3.37e-01 | grad=7.18e-01 | 1.0s
[   817] loss=-11.6561 | res=3.49e-01 | grad=1.09e+00 | 1.0s
[   818] loss=-11.5311 | res=3.31e-01 | grad=1.10e+00 | 1.0s
[   819] loss=-11.5646 | res=3.85e-01 | grad=1.05e+00 | 1.0s
[   820] loss=-12.1343 | res=3.50e-01 | grad=8.97e-01 | 1.0s
[   821] loss=-11.4007 | res=3.23e-01 | grad=8.63e-01 | 1.0s
[   822] loss=-11.2299 | res=3.02e-01 | grad=1.23e+00 | 1.0s
[   823] loss=-11.4678 | res=3.50e-01 | grad=9.99e-01 | 1.0s
[   824] loss=-11.6499 | res=3.22e-01 | grad=8.36e-01 | 1.0s
[   825] loss=-11.5478 | res=3.70e-01 | grad=8.63e-01 | 1.0s
[   826] loss=-11.4613 | res=3.28e-01 | grad=9.53e-01 | 1.0s
[   827] loss=-11.8624 | res=3.39e-01 | grad=1.02e+00 | 1.0s
[   828] loss=-11.4927 | res=3.38e-01 | grad=8.61e-01 | 1.0s
[   829] loss=-11.1037 | res=2.88e-01 | grad=1.07e+00 | 1.0s
[   830] loss=-11.3726 | res=3.44e-01 | grad=1.08e+00 | 1.0s
[   831] loss=-11.7047 | res=3.58e-01 | grad=8.66e-01 | 1.0s
[   832] loss=-11.8850 | res=3.57e-01 | grad=9.63e-01 | 1.0s
[   833] loss=-11.6040 | res=3.17e-01 | grad=9.82e-01 | 1.0s
[   834] loss=-11.6446 | res=3.04e-01 | grad=9.84e-01 | 1.0s
[   835] loss=-11.3682 | res=3.35e-01 | grad=7.62e-01 | 1.0s
[   836] loss=-11.6059 | res=3.29e-01 | grad=8.48e-01 | 1.0s
[   837] loss=-11.5122 | res=3.16e-01 | grad=1.03e+00 | 1.0s
[   838] loss=-11.7361 | res=3.06e-01 | grad=1.12e+00 | 1.0s
[   839] loss=-11.2866 | res=3.59e-01 | grad=9.64e-01 | 1.0s
[   840] loss=-11.2116 | res=3.43e-01 | grad=1.42e+00 | 1.0s
[   841] loss=-11.6321 | res=3.21e-01 | grad=1.07e+00 | 1.0s
[   842] loss=-11.6901 | res=3.13e-01 | grad=8.82e-01 | 1.1s
[   843] loss=-11.0712 | res=3.56e-01 | grad=1.13e+00 | 1.0s
[   844] loss=-11.3305 | res=3.45e-01 | grad=1.15e+00 | 1.0s
[   845] loss=-11.7932 | res=3.52e-01 | grad=7.79e-01 | 1.0s
[   846] loss=-11.1247 | res=3.31e-01 | grad=1.71e+00 | 1.0s
[   847] loss=-11.7256 | res=3.39e-01 | grad=1.04e+00 | 1.0s
[   848] loss=-11.4210 | res=3.26e-01 | grad=1.01e+00 | 1.0s
[   849] loss=-11.1924 | res=3.37e-01 | grad=9.92e-01 | 1.0s
[   850] loss=-11.6526 | res=3.11e-01 | grad=7.92e-01 | 1.1s
[   851] loss=-11.5745 | res=3.55e-01 | grad=1.07e+00 | 1.0s
[   852] loss=-11.6912 | res=3.15e-01 | grad=9.84e-01 | 1.0s
[   853] loss=-11.3184 | res=3.21e-01 | grad=7.26e-01 | 1.1s
[   854] loss=-11.0874 | res=3.22e-01 | grad=1.08e+00 | 1.0s
[   855] loss=-11.9509 | res=3.29e-01 | grad=8.62e-01 | 1.0s
[   856] loss=-11.9663 | res=3.42e-01 | grad=1.21e+00 | 1.0s
[   857] loss=-11.5394 | res=3.47e-01 | grad=8.46e-01 | 1.0s
[   858] loss=-11.8745 | res=3.24e-01 | grad=1.06e+00 | 1.0s
[   859] loss=-11.5555 | res=3.16e-01 | grad=8.90e-01 | 1.1s
[   860] loss=-11.2531 | res=3.35e-01 | grad=9.25e-01 | 1.0s
[   861] loss=-11.7242 | res=3.32e-01 | grad=1.09e+00 | 1.1s
[   862] loss=-11.7239 | res=3.47e-01 | grad=8.28e-01 | 1.0s
[   863] loss=-11.3990 | res=3.16e-01 | grad=1.16e+00 | 1.0s
[   864] loss=-11.0291 | res=3.44e-01 | grad=1.01e+00 | 1.0s
[   865] loss=-11.4634 | res=3.40e-01 | grad=8.74e-01 | 1.1s
[   866] loss=-11.5345 | res=3.51e-01 | grad=7.48e-01 | 1.0s
[   867] loss=-11.1191 | res=3.17e-01 | grad=4.72e-01 | 1.0s
[   868] loss=-11.4724 | res=3.14e-01 | grad=8.59e-01 | 1.0s
[   869] loss=-11.2305 | res=3.11e-01 | grad=5.90e-01 | 1.0s
[   870] loss=-11.1474 | res=3.36e-01 | grad=1.21e+00 | 1.0s
[   871] loss=-11.8582 | res=3.68e-01 | grad=1.41e+00 | 1.0s
[   872] loss=-11.7163 | res=3.17e-01 | grad=9.56e-01 | 1.0s
[   873] loss=-11.7535 | res=2.98e-01 | grad=9.20e-01 | 1.1s
[   874] loss=-11.5411 | res=3.15e-01 | grad=1.27e+00 | 1.0s
[   875] loss=-11.4549 | res=2.95e-01 | grad=1.11e+00 | 1.0s
[   876] loss=-11.7977 | res=3.15e-01 | grad=9.45e-01 | 1.1s
[   877] loss=-11.2483 | res=3.31e-01 | grad=1.37e+00 | 1.1s
[   878] loss=-11.6278 | res=3.07e-01 | grad=9.86e-01 | 1.0s
[   879] loss=-11.7637 | res=3.19e-01 | grad=9.80e-01 | 1.1s
[   880] loss=-11.5419 | res=3.28e-01 | grad=8.08e-01 | 1.0s
[   881] loss=-11.8886 | res=3.40e-01 | grad=9.20e-01 | 1.0s
[   882] loss=-11.7513 | res=3.22e-01 | grad=8.71e-01 | 1.1s
[   883] loss=-11.9599 | res=3.18e-01 | grad=1.00e+00 | 1.0s
[   884] loss=-11.1681 | res=3.06e-01 | grad=7.07e-01 | 1.0s
[   885] loss=-11.3600 | res=3.03e-01 | grad=1.06e+00 | 1.0s
[   886] loss=-11.6677 | res=3.04e-01 | grad=8.62e-01 | 1.1s
[   887] loss=-11.7176 | res=3.31e-01 | grad=5.41e-01 | 1.0s
[   888] loss=-11.8632 | res=3.29e-01 | grad=9.53e-01 | 1.0s
[   889] loss=-11.6976 | res=3.13e-01 | grad=1.42e+00 | 1.1s
[   890] loss=-11.3468 | res=3.19e-01 | grad=7.79e-01 | 1.0s
[   891] loss=-11.6421 | res=3.31e-01 | grad=1.33e+00 | 1.0s
[   892] loss=-11.5379 | res=2.87e-01 | grad=8.34e-01 | 1.0s
[   893] loss=-11.0861 | res=3.39e-01 | grad=8.22e-01 | 1.0s
[   894] loss=-11.2333 | res=3.15e-01 | grad=8.69e-01 | 1.0s
[   895] loss=-11.9911 | res=3.38e-01 | grad=1.21e+00 | 1.0s
[   896] loss=-11.7944 | res=3.44e-01 | grad=1.20e+00 | 1.0s
[   897] loss=-11.7979 | res=3.04e-01 | grad=1.35e+00 | 1.0s
[   898] loss=-11.2991 | res=3.33e-01 | grad=9.04e-01 | 1.0s
[   899] loss=-11.3449 | res=3.58e-01 | grad=9.42e-01 | 1.0s
[   900] loss=-11.9181 | res=3.24e-01 | grad=1.10e+00 | 1.0s
[   901] loss=-11.7827 | res=3.61e-01 | grad=1.50e+00 | 1.0s
[   902] loss=-11.5220 | res=3.27e-01 | grad=8.56e-01 | 1.0s
[   903] loss=-11.3983 | res=3.13e-01 | grad=9.58e-01 | 1.0s
[   904] loss=-11.5679 | res=3.05e-01 | grad=6.14e-01 | 1.0s
[   905] loss=-11.2965 | res=3.34e-01 | grad=9.08e-01 | 1.1s
[   906] loss=-11.7076 | res=2.83e-01 | grad=1.20e+00 | 1.1s
[   907] loss=-11.4471 | res=3.38e-01 | grad=8.68e-01 | 1.1s
[   908] loss=-11.0242 | res=3.15e-01 | grad=1.16e+00 | 1.0s
[   909] loss=-11.3326 | res=3.43e-01 | grad=1.02e+00 | 1.1s
[   910] loss=-11.6312 | res=3.27e-01 | grad=1.06e+00 | 1.0s
[   911] loss=-11.4368 | res=3.11e-01 | grad=9.43e-01 | 1.0s
[   912] loss=-11.2556 | res=3.62e-01 | grad=9.78e-01 | 1.0s
[   913] loss=-10.7545 | res=3.30e-01 | grad=1.12e+00 | 1.1s
[   914] loss=-11.7021 | res=3.33e-01 | grad=1.66e+00 | 1.1s
[   915] loss=-11.6232 | res=3.23e-01 | grad=6.63e-01 | 1.0s
[   916] loss=-11.9292 | res=3.38e-01 | grad=6.86e-01 | 1.0s
[   917] loss=-11.8201 | res=3.43e-01 | grad=1.14e+00 | 1.1s
[   918] loss=-11.5981 | res=3.00e-01 | grad=9.34e-01 | 1.0s
[   919] loss=-11.6909 | res=3.01e-01 | grad=1.48e+00 | 1.0s
[   920] loss=-11.3928 | res=3.04e-01 | grad=1.19e+00 | 1.0s
[   921] loss=-11.8781 | res=3.23e-01 | grad=9.35e-01 | 1.0s
[   922] loss=-11.1938 | res=3.14e-01 | grad=8.95e-01 | 1.0s
[   923] loss=-11.6665 | res=3.38e-01 | grad=1.29e+00 | 1.1s
[   924] loss=-11.3049 | res=3.24e-01 | grad=1.20e+00 | 1.0s
[   925] loss=-11.2453 | res=3.34e-01 | grad=9.52e-01 | 1.1s
[   926] loss=-11.4677 | res=3.36e-01 | grad=7.60e-01 | 1.1s
[   927] loss=-11.2450 | res=3.48e-01 | grad=1.14e+00 | 1.1s
[   928] loss=-11.4926 | res=3.53e-01 | grad=1.25e+00 | 1.0s
[   929] loss=-11.6900 | res=3.36e-01 | grad=8.55e-01 | 1.1s
[   930] loss=-11.4683 | res=3.32e-01 | grad=8.81e-01 | 1.0s
[   931] loss=-11.6489 | res=2.94e-01 | grad=1.18e+00 | 1.0s
[   932] loss=-11.9103 | res=3.36e-01 | grad=8.71e-01 | 1.0s
[   933] loss=-11.4448 | res=3.35e-01 | grad=1.40e+00 | 1.1s
[   934] loss=-11.4507 | res=3.23e-01 | grad=9.44e-01 | 1.0s
[   935] loss=-11.5092 | res=3.39e-01 | grad=1.07e+00 | 1.0s
[   936] loss=-11.5078 | res=3.06e-01 | grad=8.85e-01 | 1.0s
[   937] loss=-11.8666 | res=3.20e-01 | grad=1.42e+00 | 1.0s
[   938] loss=-11.6915 | res=3.04e-01 | grad=1.02e+00 | 1.0s
[   939] loss=-11.8525 | res=3.20e-01 | grad=1.34e+00 | 1.0s
[   940] loss=-11.3897 | res=3.12e-01 | grad=1.03e+00 | 1.0s
[   941] loss=-11.5785 | res=3.36e-01 | grad=6.22e-01 | 1.1s
[   942] loss=-11.4366 | res=2.97e-01 | grad=8.82e-01 | 1.0s
[   943] loss=-11.4061 | res=3.08e-01 | grad=1.06e+00 | 1.0s
[   944] loss=-11.7936 | res=3.08e-01 | grad=7.01e-01 | 1.0s
[   945] loss=-11.5352 | res=2.98e-01 | grad=8.55e-01 | 1.1s
[   946] loss=-11.6907 | res=3.70e-01 | grad=1.10e+00 | 1.0s
[   947] loss=-11.4194 | res=2.75e-01 | grad=9.11e-01 | 1.0s
[   948] loss=-11.7067 | res=3.54e-01 | grad=7.33e-01 | 1.0s
[   949] loss=-11.2460 | res=2.92e-01 | grad=6.49e-01 | 1.1s
[   950] loss=-11.6402 | res=3.31e-01 | grad=1.26e+00 | 1.0s
[   951] loss=-11.4211 | res=3.61e-01 | grad=6.88e-01 | 1.0s
[   952] loss=-11.4919 | res=3.28e-01 | grad=8.97e-01 | 1.0s
[   953] loss=-11.3147 | res=3.11e-01 | grad=1.04e+00 | 1.1s
[   954] loss=-11.4123 | res=3.10e-01 | grad=8.29e-01 | 1.1s
[   955] loss=-11.3739 | res=3.21e-01 | grad=9.33e-01 | 1.1s
[   956] loss=-11.6593 | res=3.31e-01 | grad=9.58e-01 | 1.1s
[   957] loss=-11.3421 | res=3.28e-01 | grad=6.02e-01 | 1.0s
[   958] loss=-11.2880 | res=3.30e-01 | grad=1.01e+00 | 1.0s
[   959] loss=-11.3361 | res=3.20e-01 | grad=1.18e+00 | 1.0s
[   960] loss=-11.1128 | res=3.14e-01 | grad=1.33e+00 | 1.0s
[   961] loss=-11.3393 | res=3.14e-01 | grad=1.13e+00 | 1.1s
[   962] loss=-11.4215 | res=3.10e-01 | grad=8.75e-01 | 1.1s
[   963] loss=-11.3967 | res=3.21e-01 | grad=1.21e+00 | 1.1s
[   964] loss=-11.5814 | res=3.20e-01 | grad=1.13e+00 | 1.0s
[   965] loss=-11.6469 | res=3.22e-01 | grad=9.23e-01 | 1.1s
[   966] loss=-11.4720 | res=3.17e-01 | grad=1.54e+00 | 1.0s
[   967] loss=-11.7215 | res=3.22e-01 | grad=1.01e+00 | 1.1s
[   968] loss=-11.5622 | res=2.98e-01 | grad=9.96e-01 | 1.0s
[   969] loss=-11.3257 | res=3.18e-01 | grad=4.95e-01 | 1.0s
[   970] loss=-11.4249 | res=3.42e-01 | grad=9.01e-01 | 1.1s
[   971] loss=-11.5233 | res=2.96e-01 | grad=8.92e-01 | 1.0s
[   972] loss=-11.3138 | res=3.02e-01 | grad=1.24e+00 | 1.0s
[   973] loss=-11.3881 | res=3.16e-01 | grad=1.20e+00 | 1.1s
[   974] loss=-11.6258 | res=3.30e-01 | grad=6.89e-01 | 1.0s
[   975] loss=-11.3755 | res=3.20e-01 | grad=1.15e+00 | 1.1s
[   976] loss=-11.2388 | res=3.17e-01 | grad=1.07e+00 | 1.0s
[   977] loss=-11.8627 | res=3.38e-01 | grad=6.08e-01 | 1.1s
[   978] loss=-11.3667 | res=3.09e-01 | grad=9.28e-01 | 1.0s
[   979] loss=-11.6256 | res=3.09e-01 | grad=1.20e+00 | 1.1s
[   980] loss=-11.9817 | res=3.01e-01 | grad=8.88e-01 | 1.0s
[   981] loss=-11.3485 | res=3.45e-01 | grad=1.16e+00 | 1.1s
[   982] loss=-11.3730 | res=3.14e-01 | grad=8.53e-01 | 1.1s
[   983] loss=-11.4655 | res=2.87e-01 | grad=6.37e-01 | 1.0s
[   984] loss=-11.0931 | res=3.10e-01 | grad=8.60e-01 | 1.0s
[   985] loss=-11.0459 | res=3.24e-01 | grad=9.53e-01 | 1.1s
[   986] loss=-11.5594 | res=3.26e-01 | grad=7.66e-01 | 1.0s
[   987] loss=-11.7599 | res=3.04e-01 | grad=1.15e+00 | 1.1s
[   988] loss=-11.6286 | res=3.03e-01 | grad=1.10e+00 | 1.0s
[   989] loss=-11.3570 | res=3.33e-01 | grad=7.26e-01 | 1.1s
[   990] loss=-11.2651 | res=3.26e-01 | grad=8.19e-01 | 1.1s
[   991] loss=-11.5368 | res=3.17e-01 | grad=1.38e+00 | 1.1s
[   992] loss=-11.4815 | res=3.28e-01 | grad=1.14e+00 | 1.0s
[   993] loss=-11.7375 | res=2.96e-01 | grad=8.59e-01 | 1.1s
[   994] loss=-11.5353 | res=3.32e-01 | grad=8.00e-01 | 1.1s
[   995] loss=-12.1085 | res=3.25e-01 | grad=7.11e-01 | 1.1s
[   996] loss=-11.4049 | res=3.17e-01 | grad=7.66e-01 | 1.0s
[   997] loss=-11.5152 | res=3.24e-01 | grad=7.13e-01 | 1.1s
[   998] loss=-11.1238 | res=3.40e-01 | grad=6.01e-01 | 1.1s
[   999] loss=-11.0654 | res=2.95e-01 | grad=1.27e+00 | 1.1s
[  1000] loss=-11.4453 | res=3.42e-01 | grad=9.14e-01 | 1.0s
  KL = 0.9230 +/- 0.0239  |  ESS = 237.6 (ratio: 0.232)
  Runtime = 1054.5s

[Ours] Training on T20...
/home/sjbhatt/anaconda3/envs/rcpms-jax/lib/python3.10/site-packages/jax/_src/ops/scatter.py:92: FutureWarning: scatter inputs have incompatible types: cannot safely cast value from dtype=int64 to dtype=int32 with jax_numpy_dtype_promotion='standard'. In future JAX releases this will result in an error.
  warnings.warn(
/home/sjbhatt/anaconda3/envs/rcpms-jax/lib/python3.10/site-packages/jax/_src/ops/scatter.py:92: FutureWarning: scatter inputs have incompatible types: cannot safely cast value from dtype=int64 to dtype=int32 with jax_numpy_dtype_promotion='standard'. In future JAX releases this will result in an error.
  warnings.warn(
[     1] loss=0.0647 | res=2.53e-03 | grad=7.79e+00 | 24.5s
[     2] loss=-0.1319 | res=3.33e-03 | grad=7.79e+00 | 2.0s
[     3] loss=-0.3030 | res=4.07e-03 | grad=7.70e+00 | 2.0s
[     4] loss=-0.4795 | res=3.92e-03 | grad=8.16e+00 | 2.0s
[     5] loss=-0.6388 | res=6.36e-03 | grad=8.59e+00 | 2.0s
[     6] loss=-0.8111 | res=7.45e-03 | grad=9.16e+00 | 2.0s
[     7] loss=-1.0265 | res=1.09e-02 | grad=1.05e+01 | 2.0s
[     8] loss=-1.1743 | res=1.30e-02 | grad=1.06e+01 | 2.0s
[     9] loss=-1.4194 | res=1.60e-02 | grad=1.16e+01 | 2.0s
[    10] loss=-1.6541 | res=1.71e-02 | grad=1.24e+01 | 2.0s
[    11] loss=-1.8151 | res=2.27e-02 | grad=1.22e+01 | 1.9s
[    12] loss=-2.0559 | res=2.71e-02 | grad=1.26e+01 | 2.0s
[    13] loss=-2.1967 | res=3.17e-02 | grad=1.20e+01 | 2.0s
[    14] loss=-2.3864 | res=3.55e-02 | grad=1.17e+01 | 2.0s
[    15] loss=-2.6826 | res=4.16e-02 | grad=1.18e+01 | 1.9s
[    16] loss=-2.9634 | res=4.91e-02 | grad=1.14e+01 | 2.0s
[    17] loss=-3.2458 | res=5.83e-02 | grad=1.18e+01 | 2.0s
[    18] loss=-3.5146 | res=5.90e-02 | grad=1.16e+01 | 2.0s
[    19] loss=-3.6898 | res=6.85e-02 | grad=1.12e+01 | 1.9s
[    20] loss=-3.9181 | res=7.46e-02 | grad=1.12e+01 | 2.0s
[    21] loss=-4.4377 | res=7.78e-02 | grad=1.17e+01 | 2.0s
[    22] loss=-4.3819 | res=8.72e-02 | grad=1.10e+01 | 2.0s
[    23] loss=-4.4532 | res=8.52e-02 | grad=1.07e+01 | 2.0s
[    24] loss=-4.9638 | res=9.67e-02 | grad=1.12e+01 | 2.0s
[    25] loss=-5.0676 | res=1.04e-01 | grad=1.11e+01 | 2.0s
[    26] loss=-5.2742 | res=1.06e-01 | grad=1.10e+01 | 2.0s
[    27] loss=-5.6644 | res=1.22e-01 | grad=1.12e+01 | 2.0s
[    28] loss=-5.8491 | res=1.33e-01 | grad=1.11e+01 | 2.0s
[    29] loss=-6.1659 | res=1.39e-01 | grad=1.12e+01 | 2.0s
[    30] loss=-6.0603 | res=1.43e-01 | grad=1.06e+01 | 2.0s
[    31] loss=-6.7005 | res=1.48e-01 | grad=1.11e+01 | 2.0s
[    32] loss=-6.7846 | res=1.57e-01 | grad=1.09e+01 | 2.0s
[    33] loss=-7.0859 | res=1.64e-01 | grad=1.10e+01 | 2.0s
[    34] loss=-7.4499 | res=1.71e-01 | grad=1.11e+01 | 2.0s
[    35] loss=-7.2521 | res=1.79e-01 | grad=1.05e+01 | 1.9s
[    36] loss=-7.7668 | res=1.98e-01 | grad=1.08e+01 | 2.0s
[    37] loss=-8.1156 | res=1.97e-01 | grad=1.09e+01 | 2.0s
[    38] loss=-8.4727 | res=1.91e-01 | grad=1.11e+01 | 2.0s
[    39] loss=-8.6587 | res=2.18e-01 | grad=1.10e+01 | 2.0s
[    40] loss=-9.1556 | res=2.29e-01 | grad=1.12e+01 | 2.0s
[    41] loss=-9.2129 | res=2.37e-01 | grad=1.09e+01 | 2.0s
[    42] loss=-9.0710 | res=2.40e-01 | grad=1.04e+01 | 2.0s
[    43] loss=-9.6272 | res=2.62e-01 | grad=1.06e+01 | 1.9s
[    44] loss=-10.0500 | res=2.65e-01 | grad=1.09e+01 | 2.0s
[    45] loss=-10.5273 | res=2.82e-01 | grad=1.08e+01 | 2.0s
[    46] loss=-10.4164 | res=3.00e-01 | grad=1.06e+01 | 2.0s
[    47] loss=-10.6070 | res=3.18e-01 | grad=1.05e+01 | 1.9s
[    48] loss=-11.2231 | res=3.21e-01 | grad=1.07e+01 | 2.0s
[    49] loss=-11.3950 | res=3.28e-01 | grad=1.06e+01 | 2.0s
[    50] loss=-11.6761 | res=3.43e-01 | grad=1.04e+01 | 2.0s
[    51] loss=-11.9778 | res=3.45e-01 | grad=1.05e+01 | 2.0s
[    52] loss=-12.0773 | res=3.68e-01 | grad=1.04e+01 | 2.0s
[    53] loss=-11.9431 | res=3.90e-01 | grad=9.98e+00 | 2.0s
[    54] loss=-12.4947 | res=3.76e-01 | grad=1.02e+01 | 2.0s
[    55] loss=-12.8087 | res=4.26e-01 | grad=1.01e+01 | 2.0s
[    56] loss=-13.3667 | res=4.14e-01 | grad=1.02e+01 | 2.0s
[    57] loss=-13.1632 | res=4.44e-01 | grad=9.70e+00 | 2.0s
[    58] loss=-13.5481 | res=4.70e-01 | grad=9.81e+00 | 2.0s
[    59] loss=-13.9775 | res=4.65e-01 | grad=9.81e+00 | 2.0s
[    60] loss=-14.3039 | res=5.07e-01 | grad=9.76e+00 | 2.0s
[    61] loss=-14.5800 | res=5.45e-01 | grad=9.74e+00 | 2.0s
[    62] loss=-14.8961 | res=5.45e-01 | grad=9.67e+00 | 2.0s
[    63] loss=-14.8958 | res=5.74e-01 | grad=9.40e+00 | 2.0s
[    64] loss=-15.0303 | res=5.93e-01 | grad=9.43e+00 | 2.0s
[    65] loss=-15.6128 | res=6.12e-01 | grad=9.26e+00 | 2.0s
[    66] loss=-15.9805 | res=6.09e-01 | grad=9.35e+00 | 2.0s
[    67] loss=-16.2234 | res=6.47e-01 | grad=9.17e+00 | 2.0s
[    68] loss=-16.5451 | res=6.74e-01 | grad=9.09e+00 | 2.0s
[    69] loss=-16.5351 | res=6.74e-01 | grad=9.00e+00 | 2.0s
[    70] loss=-16.4712 | res=7.29e-01 | grad=8.54e+00 | 2.0s
[    71] loss=-17.1848 | res=7.06e-01 | grad=8.69e+00 | 2.0s
[    72] loss=-17.3457 | res=7.35e-01 | grad=8.50e+00 | 2.0s
[    73] loss=-17.1827 | res=7.54e-01 | grad=8.33e+00 | 2.0s
[    74] loss=-17.5549 | res=7.88e-01 | grad=8.20e+00 | 2.0s
[    75] loss=-18.1691 | res=7.98e-01 | grad=8.20e+00 | 2.0s
[    76] loss=-18.1703 | res=8.31e-01 | grad=8.04e+00 | 2.0s
[    77] loss=-18.5425 | res=8.34e-01 | grad=8.00e+00 | 2.0s
[    78] loss=-18.4872 | res=8.07e-01 | grad=7.69e+00 | 2.0s
[    79] loss=-18.5191 | res=8.42e-01 | grad=7.60e+00 | 2.0s
[    80] loss=-18.6571 | res=9.05e-01 | grad=7.20e+00 | 2.0s
[    81] loss=-18.9582 | res=8.85e-01 | grad=7.23e+00 | 2.0s
[    82] loss=-19.2370 | res=9.24e-01 | grad=7.02e+00 | 2.0s
[    83] loss=-19.5325 | res=9.71e-01 | grad=6.94e+00 | 2.0s
[    84] loss=-19.4963 | res=9.70e-01 | grad=6.72e+00 | 2.0s
[    85] loss=-20.0654 | res=9.79e-01 | grad=6.96e+00 | 2.0s
[    86] loss=-19.7080 | res=9.69e-01 | grad=6.36e+00 | 2.0s
[    87] loss=-20.1233 | res=9.94e-01 | grad=6.27e+00 | 2.0s
[    88] loss=-19.8936 | res=1.00e+00 | grad=5.97e+00 | 2.0s
[    89] loss=-20.0945 | res=1.02e+00 | grad=5.89e+00 | 2.0s
[    90] loss=-20.7189 | res=1.07e+00 | grad=5.89e+00 | 2.0s
[    91] loss=-21.1837 | res=1.07e+00 | grad=5.63e+00 | 2.0s
[    92] loss=-20.7903 | res=1.04e+00 | grad=5.49e+00 | 2.0s
[    93] loss=-21.0897 | res=1.05e+00 | grad=5.30e+00 | 2.0s
[    94] loss=-20.6538 | res=1.13e+00 | grad=5.03e+00 | 2.0s
[    95] loss=-21.2961 | res=1.09e+00 | grad=5.17e+00 | 2.0s
[    96] loss=-21.2325 | res=1.10e+00 | grad=4.62e+00 | 2.0s
[    97] loss=-21.5943 | res=1.07e+00 | grad=4.54e+00 | 2.0s
[    98] loss=-21.2911 | res=1.08e+00 | grad=3.92e+00 | 2.0s
[    99] loss=-21.8585 | res=1.12e+00 | grad=4.23e+00 | 2.0s
[   100] loss=-21.2571 | res=1.12e+00 | grad=4.31e+00 | 2.0s
[   101] loss=-21.6750 | res=1.14e+00 | grad=3.76e+00 | 2.0s
[   102] loss=-21.2305 | res=1.16e+00 | grad=3.27e+00 | 2.0s
[   103] loss=-21.8463 | res=1.17e+00 | grad=3.36e+00 | 2.0s
[   104] loss=-22.0723 | res=1.21e+00 | grad=4.07e+00 | 2.0s
[   105] loss=-21.8790 | res=1.20e+00 | grad=3.68e+00 | 2.0s
[   106] loss=-22.1421 | res=1.16e+00 | grad=3.44e+00 | 2.0s
[   107] loss=-21.6186 | res=1.16e+00 | grad=3.02e+00 | 2.0s
[   108] loss=-21.4472 | res=1.19e+00 | grad=2.51e+00 | 2.0s
[   109] loss=-21.4462 | res=1.13e+00 | grad=3.13e+00 | 2.0s
[   110] loss=-22.1235 | res=1.14e+00 | grad=2.94e+00 | 2.0s
[   111] loss=-21.7643 | res=1.15e+00 | grad=3.01e+00 | 2.0s
[   112] loss=-22.1248 | res=1.17e+00 | grad=2.97e+00 | 2.0s
[   113] loss=-22.4915 | res=1.11e+00 | grad=2.88e+00 | 2.0s
[   114] loss=-21.8242 | res=1.17e+00 | grad=2.82e+00 | 2.0s
[   115] loss=-23.1754 | res=1.20e+00 | grad=2.39e+00 | 2.0s
[   116] loss=-22.5021 | res=1.15e+00 | grad=2.56e+00 | 2.0s
[   117] loss=-22.9253 | res=1.09e+00 | grad=2.49e+00 | 2.0s
[   118] loss=-22.7546 | res=1.14e+00 | grad=2.23e+00 | 2.0s
[   119] loss=-22.0211 | res=1.13e+00 | grad=1.78e+00 | 2.0s
[   120] loss=-22.2484 | res=1.16e+00 | grad=2.56e+00 | 2.0s
[   121] loss=-21.8348 | res=1.17e+00 | grad=2.77e+00 | 2.0s
[   122] loss=-22.1797 | res=1.15e+00 | grad=2.85e+00 | 2.0s
[   123] loss=-22.2048 | res=1.13e+00 | grad=3.71e+00 | 1.9s
[   124] loss=-21.3391 | res=1.11e+00 | grad=2.31e+00 | 2.0s
[   125] loss=-22.3823 | res=1.11e+00 | grad=2.94e+00 | 2.0s
[   126] loss=-22.5083 | res=1.10e+00 | grad=2.80e+00 | 2.0s
[   127] loss=-22.3133 | res=1.07e+00 | grad=2.84e+00 | 2.0s
[   128] loss=-22.3996 | res=1.11e+00 | grad=2.95e+00 | 2.0s
[   129] loss=-22.1992 | res=1.10e+00 | grad=2.83e+00 | 2.0s
[   130] loss=-22.2486 | res=1.07e+00 | grad=2.01e+00 | 2.0s
[   131] loss=-22.3089 | res=1.07e+00 | grad=2.19e+00 | 1.9s
[   132] loss=-22.8585 | res=9.97e-01 | grad=2.63e+00 | 2.0s
[   133] loss=-22.4192 | res=1.01e+00 | grad=3.34e+00 | 2.0s
[   134] loss=-22.2562 | res=1.05e+00 | grad=2.93e+00 | 2.0s
[   135] loss=-22.2402 | res=1.09e+00 | grad=2.13e+00 | 2.0s
[   136] loss=-22.2339 | res=1.04e+00 | grad=2.49e+00 | 2.0s
[   137] loss=-21.7958 | res=9.76e-01 | grad=1.75e+00 | 2.0s
[   138] loss=-22.5794 | res=1.04e+00 | grad=2.54e+00 | 2.0s
[   139] loss=-22.8501 | res=1.00e+00 | grad=2.50e+00 | 2.0s
[   140] loss=-22.4009 | res=1.01e+00 | grad=2.88e+00 | 2.0s
[   141] loss=-22.4038 | res=9.40e-01 | grad=2.44e+00 | 2.0s
[   142] loss=-22.0439 | res=9.97e-01 | grad=2.73e+00 | 2.0s
[   143] loss=-22.6851 | res=9.45e-01 | grad=2.18e+00 | 2.0s
[   144] loss=-22.3551 | res=9.75e-01 | grad=2.18e+00 | 2.0s
[   145] loss=-22.7857 | res=8.95e-01 | grad=2.96e+00 | 2.0s
[   146] loss=-22.3370 | res=9.41e-01 | grad=2.25e+00 | 2.0s
[   147] loss=-22.4465 | res=9.70e-01 | grad=2.08e+00 | 2.0s
[   148] loss=-21.9802 | res=9.25e-01 | grad=2.65e+00 | 2.0s
[   149] loss=-22.3928 | res=9.68e-01 | grad=3.19e+00 | 2.0s
[   150] loss=-22.2960 | res=9.28e-01 | grad=2.27e+00 | 2.0s
[   151] loss=-22.1066 | res=9.30e-01 | grad=2.22e+00 | 2.0s
[   152] loss=-22.3540 | res=9.42e-01 | grad=2.55e+00 | 2.0s
[   153] loss=-21.7141 | res=9.14e-01 | grad=2.15e+00 | 2.0s
[   154] loss=-22.3740 | res=8.97e-01 | grad=2.52e+00 | 2.0s
[   155] loss=-22.3462 | res=9.10e-01 | grad=2.45e+00 | 2.0s
[   156] loss=-22.7713 | res=9.04e-01 | grad=2.45e+00 | 2.0s
[   157] loss=-22.6412 | res=8.54e-01 | grad=2.39e+00 | 2.0s
[   158] loss=-22.7189 | res=9.16e-01 | grad=2.16e+00 | 2.0s
[   159] loss=-22.9008 | res=8.81e-01 | grad=2.20e+00 | 1.9s
[   160] loss=-21.9515 | res=9.03e-01 | grad=2.27e+00 | 2.0s
[   161] loss=-22.8246 | res=9.37e-01 | grad=2.19e+00 | 2.0s
[   162] loss=-22.8950 | res=9.30e-01 | grad=2.48e+00 | 2.0s
[   163] loss=-22.8462 | res=9.39e-01 | grad=1.93e+00 | 2.0s
[   164] loss=-23.0683 | res=9.01e-01 | grad=2.41e+00 | 2.0s
[   165] loss=-22.0905 | res=8.63e-01 | grad=2.20e+00 | 2.0s
[   166] loss=-22.4431 | res=9.38e-01 | grad=2.14e+00 | 2.0s
[   167] loss=-22.5053 | res=8.75e-01 | grad=2.54e+00 | 2.0s
[   168] loss=-22.2847 | res=8.39e-01 | grad=2.51e+00 | 2.0s
[   169] loss=-22.8562 | res=8.71e-01 | grad=2.37e+00 | 2.0s
[   170] loss=-22.5339 | res=8.59e-01 | grad=2.28e+00 | 2.0s
[   171] loss=-22.5407 | res=8.28e-01 | grad=2.88e+00 | 2.0s
[   172] loss=-22.4509 | res=8.86e-01 | grad=2.75e+00 | 2.0s
[   173] loss=-22.7581 | res=8.66e-01 | grad=2.31e+00 | 2.0s
[   174] loss=-22.8510 | res=9.03e-01 | grad=1.81e+00 | 2.0s
[   175] loss=-22.6651 | res=8.54e-01 | grad=2.20e+00 | 1.9s
[   176] loss=-22.5012 | res=7.82e-01 | grad=2.85e+00 | 2.0s
[   177] loss=-22.4493 | res=8.60e-01 | grad=2.42e+00 | 2.0s
[   178] loss=-22.2536 | res=8.35e-01 | grad=2.72e+00 | 2.0s
[   179] loss=-22.8190 | res=8.27e-01 | grad=2.58e+00 | 2.0s
[   180] loss=-22.9699 | res=7.90e-01 | grad=1.99e+00 | 2.0s
[   181] loss=-22.3479 | res=7.82e-01 | grad=1.47e+00 | 2.0s
[   182] loss=-22.9602 | res=8.36e-01 | grad=2.29e+00 | 2.0s
[   183] loss=-21.9900 | res=7.69e-01 | grad=2.52e+00 | 2.0s
[   184] loss=-22.2883 | res=8.04e-01 | grad=2.18e+00 | 2.0s
[   185] loss=-23.0987 | res=7.85e-01 | grad=2.16e+00 | 2.0s
[   186] loss=-23.3037 | res=8.10e-01 | grad=2.09e+00 | 2.0s
[   187] loss=-22.7857 | res=8.39e-01 | grad=1.91e+00 | 2.0s
[   188] loss=-23.0640 | res=8.01e-01 | grad=2.55e+00 | 2.0s
[   189] loss=-22.4502 | res=8.10e-01 | grad=1.98e+00 | 2.0s
[   190] loss=-22.5296 | res=7.99e-01 | grad=2.32e+00 | 2.0s
[   191] loss=-22.5402 | res=7.85e-01 | grad=2.70e+00 | 2.0s
[   192] loss=-22.3433 | res=7.45e-01 | grad=2.30e+00 | 2.0s
[   193] loss=-23.1004 | res=7.50e-01 | grad=2.06e+00 | 2.0s
[   194] loss=-22.3092 | res=7.85e-01 | grad=1.85e+00 | 2.0s
[   195] loss=-22.5604 | res=7.39e-01 | grad=2.06e+00 | 2.0s
[   196] loss=-22.8053 | res=7.78e-01 | grad=1.61e+00 | 2.0s
[   197] loss=-22.4133 | res=7.70e-01 | grad=2.12e+00 | 2.0s
[   198] loss=-22.8831 | res=7.48e-01 | grad=1.84e+00 | 2.0s
[   199] loss=-22.7926 | res=7.71e-01 | grad=2.41e+00 | 2.0s
[   200] loss=-22.3912 | res=7.35e-01 | grad=2.48e+00 | 2.0s
[   201] loss=-22.6793 | res=7.72e-01 | grad=2.01e+00 | 2.0s
[   202] loss=-22.5606 | res=7.74e-01 | grad=2.24e+00 | 2.0s
[   203] loss=-23.0113 | res=7.57e-01 | grad=2.02e+00 | 2.0s
[   204] loss=-23.0499 | res=7.75e-01 | grad=1.83e+00 | 2.0s
[   205] loss=-22.3951 | res=7.46e-01 | grad=3.09e+00 | 2.0s
[   206] loss=-22.6505 | res=7.55e-01 | grad=2.11e+00 | 2.0s
[   207] loss=-22.9279 | res=7.62e-01 | grad=1.90e+00 | 2.0s
[   208] loss=-22.7728 | res=7.34e-01 | grad=2.48e+00 | 2.0s
[   209] loss=-22.1049 | res=7.38e-01 | grad=2.26e+00 | 2.0s
[   210] loss=-23.1718 | res=7.35e-01 | grad=2.73e+00 | 2.0s
[   211] loss=-22.4558 | res=7.59e-01 | grad=2.16e+00 | 2.0s
[   212] loss=-22.1610 | res=7.00e-01 | grad=2.25e+00 | 2.0s
[   213] loss=-22.5422 | res=7.19e-01 | grad=2.76e+00 | 2.0s
[   214] loss=-23.0612 | res=7.17e-01 | grad=2.85e+00 | 1.9s
[   215] loss=-22.7119 | res=7.79e-01 | grad=1.53e+00 | 1.9s
[   216] loss=-23.1012 | res=7.76e-01 | grad=2.63e+00 | 2.0s
[   217] loss=-23.1873 | res=7.19e-01 | grad=2.03e+00 | 2.0s
[   218] loss=-23.0160 | res=7.58e-01 | grad=1.95e+00 | 2.0s
[   219] loss=-22.4116 | res=7.15e-01 | grad=2.22e+00 | 2.0s
[   220] loss=-22.6206 | res=7.45e-01 | grad=1.44e+00 | 2.0s
[   221] loss=-22.9223 | res=7.53e-01 | grad=2.31e+00 | 2.0s
[   222] loss=-23.1640 | res=6.93e-01 | grad=1.87e+00 | 2.0s
[   223] loss=-22.5564 | res=6.88e-01 | grad=2.10e+00 | 2.0s
[   224] loss=-23.0130 | res=6.97e-01 | grad=1.44e+00 | 2.0s
[   225] loss=-23.0459 | res=6.74e-01 | grad=1.93e+00 | 2.0s
[   226] loss=-22.0637 | res=7.06e-01 | grad=2.70e+00 | 2.0s
[   227] loss=-22.6632 | res=6.82e-01 | grad=2.00e+00 | 2.0s
[   228] loss=-22.6047 | res=7.01e-01 | grad=2.06e+00 | 2.0s
[   229] loss=-22.9159 | res=7.08e-01 | grad=1.95e+00 | 2.0s
[   230] loss=-22.9005 | res=6.88e-01 | grad=1.78e+00 | 2.0s
[   231] loss=-22.8784 | res=7.08e-01 | grad=2.30e+00 | 2.0s
[   232] loss=-22.8613 | res=6.89e-01 | grad=2.14e+00 | 2.0s
[   233] loss=-22.3624 | res=6.91e-01 | grad=2.21e+00 | 2.0s
[   234] loss=-22.3134 | res=6.83e-01 | grad=1.59e+00 | 2.0s
[   235] loss=-22.4502 | res=6.82e-01 | grad=1.57e+00 | 2.0s
[   236] loss=-23.1647 | res=6.98e-01 | grad=1.78e+00 | 2.0s
[   237] loss=-22.7299 | res=6.91e-01 | grad=2.36e+00 | 2.0s
[   238] loss=-22.3920 | res=6.73e-01 | grad=2.17e+00 | 2.0s
[   239] loss=-22.6888 | res=6.96e-01 | grad=2.79e+00 | 1.9s
[   240] loss=-22.6899 | res=6.41e-01 | grad=1.90e+00 | 2.0s
[   241] loss=-23.0007 | res=6.50e-01 | grad=1.90e+00 | 2.0s
[   242] loss=-23.0051 | res=6.26e-01 | grad=2.03e+00 | 2.0s
[   243] loss=-23.0450 | res=6.41e-01 | grad=2.39e+00 | 2.0s
[   244] loss=-21.8233 | res=6.85e-01 | grad=1.43e+00 | 2.0s
[   245] loss=-23.4320 | res=6.68e-01 | grad=2.18e+00 | 2.0s
[   246] loss=-22.8384 | res=6.65e-01 | grad=1.75e+00 | 2.0s
[   247] loss=-22.5028 | res=6.31e-01 | grad=1.76e+00 | 2.0s
[   248] loss=-22.4242 | res=6.31e-01 | grad=2.48e+00 | 2.0s
[   249] loss=-22.9640 | res=6.31e-01 | grad=1.89e+00 | 2.0s
[   250] loss=-21.9330 | res=6.45e-01 | grad=2.51e+00 | 2.0s
[   251] loss=-22.3843 | res=6.37e-01 | grad=2.09e+00 | 1.9s
[   252] loss=-22.8986 | res=6.48e-01 | grad=2.15e+00 | 2.0s
[   253] loss=-22.5619 | res=6.60e-01 | grad=1.74e+00 | 2.0s
[   254] loss=-23.0429 | res=6.32e-01 | grad=2.23e+00 | 2.0s
[   255] loss=-23.0835 | res=6.92e-01 | grad=1.75e+00 | 2.0s
[   256] loss=-22.4300 | res=6.32e-01 | grad=1.76e+00 | 2.0s
[   257] loss=-22.9936 | res=6.16e-01 | grad=1.78e+00 | 2.0s
[   258] loss=-22.6287 | res=6.37e-01 | grad=2.68e+00 | 2.0s
[   259] loss=-22.7203 | res=6.04e-01 | grad=1.80e+00 | 2.0s
[   260] loss=-22.4674 | res=6.11e-01 | grad=1.82e+00 | 2.0s
[   261] loss=-23.5385 | res=6.15e-01 | grad=2.51e+00 | 2.0s
[   262] loss=-22.6599 | res=6.32e-01 | grad=1.97e+00 | 2.0s
[   263] loss=-23.3139 | res=6.49e-01 | grad=1.96e+00 | 1.9s
[   264] loss=-22.7133 | res=5.96e-01 | grad=2.04e+00 | 2.0s
[   265] loss=-22.6834 | res=6.31e-01 | grad=2.01e+00 | 2.0s
[   266] loss=-22.3194 | res=5.91e-01 | grad=2.37e+00 | 2.0s
[   267] loss=-23.0639 | res=6.41e-01 | grad=2.31e+00 | 2.0s
[   268] loss=-22.0820 | res=6.07e-01 | grad=2.21e+00 | 2.0s
[   269] loss=-23.3954 | res=6.18e-01 | grad=2.77e+00 | 2.0s
[   270] loss=-22.7930 | res=6.41e-01 | grad=1.97e+00 | 2.0s
[   271] loss=-22.7863 | res=6.21e-01 | grad=2.51e+00 | 2.0s
[   272] loss=-22.8825 | res=5.98e-01 | grad=2.30e+00 | 2.0s
[   273] loss=-23.1790 | res=5.78e-01 | grad=1.77e+00 | 2.0s
[   274] loss=-22.9405 | res=5.99e-01 | grad=2.55e+00 | 2.0s
[   275] loss=-23.0771 | res=6.05e-01 | grad=1.79e+00 | 2.0s
[   276] loss=-22.6254 | res=6.04e-01 | grad=2.33e+00 | 2.0s
[   277] loss=-22.6701 | res=6.25e-01 | grad=1.87e+00 | 2.0s
[   278] loss=-22.5256 | res=6.43e-01 | grad=1.82e+00 | 2.0s
[   279] loss=-23.1091 | res=6.15e-01 | grad=2.06e+00 | 2.0s
[   280] loss=-23.0428 | res=6.01e-01 | grad=2.13e+00 | 2.0s
[   281] loss=-22.0406 | res=5.79e-01 | grad=1.97e+00 | 2.0s
[   282] loss=-23.1241 | res=5.95e-01 | grad=2.09e+00 | 2.0s
[   283] loss=-22.8814 | res=5.86e-01 | grad=2.22e+00 | 1.9s
[   284] loss=-23.2678 | res=5.82e-01 | grad=2.19e+00 | 2.0s
[   285] loss=-22.7099 | res=5.89e-01 | grad=2.32e+00 | 2.0s
[   286] loss=-22.8975 | res=5.51e-01 | grad=2.54e+00 | 2.0s
[   287] loss=-23.0960 | res=5.64e-01 | grad=1.92e+00 | 2.0s
[   288] loss=-22.1977 | res=5.43e-01 | grad=2.52e+00 | 2.0s
[   289] loss=-22.4879 | res=5.66e-01 | grad=2.36e+00 | 2.0s
[   290] loss=-23.2955 | res=5.83e-01 | grad=1.81e+00 | 2.0s
[   291] loss=-23.1243 | res=5.89e-01 | grad=1.94e+00 | 2.0s
[   292] loss=-22.8705 | res=6.00e-01 | grad=2.04e+00 | 2.0s
[   293] loss=-22.6777 | res=6.18e-01 | grad=2.38e+00 | 2.0s
[   294] loss=-22.4564 | res=5.90e-01 | grad=1.90e+00 | 2.0s
[   295] loss=-23.0406 | res=5.99e-01 | grad=2.32e+00 | 2.0s
[   296] loss=-23.1727 | res=5.69e-01 | grad=2.22e+00 | 2.0s
[   297] loss=-22.2228 | res=5.68e-01 | grad=2.46e+00 | 2.0s
[   298] loss=-23.0035 | res=5.56e-01 | grad=2.39e+00 | 2.0s
[   299] loss=-23.2483 | res=5.34e-01 | grad=2.65e+00 | 2.0s
[   300] loss=-22.6379 | res=5.59e-01 | grad=2.51e+00 | 2.0s
[   301] loss=-22.2386 | res=5.42e-01 | grad=2.57e+00 | 2.0s
[   302] loss=-22.9795 | res=5.80e-01 | grad=3.15e+00 | 2.0s
[   303] loss=-22.8553 | res=5.48e-01 | grad=2.23e+00 | 2.0s
[   304] loss=-23.3374 | res=6.07e-01 | grad=1.99e+00 | 2.0s
[   305] loss=-22.6520 | res=5.70e-01 | grad=3.10e+00 | 2.0s
[   306] loss=-22.2356 | res=5.46e-01 | grad=2.51e+00 | 2.0s
[   307] loss=-23.0536 | res=5.63e-01 | grad=2.76e+00 | 2.0s
[   308] loss=-22.4021 | res=5.83e-01 | grad=1.99e+00 | 2.0s
[   309] loss=-22.7002 | res=5.43e-01 | grad=1.45e+00 | 2.0s
[   310] loss=-23.3748 | res=5.21e-01 | grad=2.02e+00 | 2.0s
[   311] loss=-22.9096 | res=5.66e-01 | grad=2.33e+00 | 2.0s
[   312] loss=-23.2909 | res=5.71e-01 | grad=2.71e+00 | 2.0s
[   313] loss=-22.5353 | res=5.63e-01 | grad=2.30e+00 | 2.0s
[   314] loss=-22.8084 | res=5.49e-01 | grad=1.81e+00 | 2.0s
[   315] loss=-22.6605 | res=5.94e-01 | grad=2.30e+00 | 2.0s
[   316] loss=-23.0050 | res=5.40e-01 | grad=2.21e+00 | 2.0s
[   317] loss=-22.7077 | res=5.50e-01 | grad=2.54e+00 | 2.0s
[   318] loss=-22.2732 | res=5.61e-01 | grad=2.51e+00 | 2.0s
[   319] loss=-23.1644 | res=5.81e-01 | grad=2.32e+00 | 2.0s
[   320] loss=-22.0992 | res=5.67e-01 | grad=2.60e+00 | 2.0s
[   321] loss=-23.4123 | res=5.63e-01 | grad=1.95e+00 | 2.0s
[   322] loss=-23.2382 | res=5.36e-01 | grad=2.42e+00 | 2.0s
[   323] loss=-23.3006 | res=5.55e-01 | grad=2.18e+00 | 2.0s
[   324] loss=-22.9657 | res=5.79e-01 | grad=2.59e+00 | 2.0s
[   325] loss=-22.2281 | res=5.77e-01 | grad=2.24e+00 | 2.0s
[   326] loss=-22.7793 | res=5.25e-01 | grad=1.93e+00 | 2.0s
[   327] loss=-22.4598 | res=5.04e-01 | grad=2.11e+00 | 2.0s
[   328] loss=-22.1880 | res=5.26e-01 | grad=3.17e+00 | 2.0s
[   329] loss=-23.0332 | res=5.24e-01 | grad=1.93e+00 | 2.0s
[   330] loss=-22.5155 | res=5.09e-01 | grad=2.68e+00 | 2.0s
[   331] loss=-22.7205 | res=4.97e-01 | grad=2.64e+00 | 2.0s
[   332] loss=-22.6380 | res=4.86e-01 | grad=2.50e+00 | 2.0s
[   333] loss=-22.7011 | res=5.16e-01 | grad=2.38e+00 | 2.0s
[   334] loss=-23.5407 | res=5.10e-01 | grad=2.41e+00 | 2.0s
[   335] loss=-22.7486 | res=5.03e-01 | grad=1.72e+00 | 2.0s
[   336] loss=-23.2032 | res=5.44e-01 | grad=2.32e+00 | 2.0s
[   337] loss=-22.2445 | res=4.93e-01 | grad=2.66e+00 | 2.0s
[   338] loss=-23.1304 | res=4.96e-01 | grad=2.44e+00 | 2.0s
[   339] loss=-22.6715 | res=5.15e-01 | grad=3.08e+00 | 2.0s
[   340] loss=-22.8030 | res=5.41e-01 | grad=2.09e+00 | 2.0s
[   341] loss=-23.0490 | res=5.65e-01 | grad=2.37e+00 | 1.9s
[   342] loss=-22.9285 | res=5.30e-01 | grad=2.12e+00 | 2.0s
[   343] loss=-23.4759 | res=5.17e-01 | grad=2.04e+00 | 2.0s
[   344] loss=-22.6996 | res=5.16e-01 | grad=2.01e+00 | 2.0s
[   345] loss=-22.2063 | res=4.86e-01 | grad=2.37e+00 | 2.0s
[   346] loss=-22.6828 | res=5.08e-01 | grad=2.22e+00 | 2.0s
[   347] loss=-22.8005 | res=4.99e-01 | grad=2.10e+00 | 2.0s
[   348] loss=-22.3132 | res=4.81e-01 | grad=2.62e+00 | 2.0s
[   349] loss=-22.9910 | res=4.60e-01 | grad=2.74e+00 | 2.0s
[   350] loss=-23.3632 | res=4.99e-01 | grad=2.14e+00 | 2.0s
[   351] loss=-23.2434 | res=5.07e-01 | grad=1.99e+00 | 2.0s
[   352] loss=-22.7185 | res=4.80e-01 | grad=1.88e+00 | 2.0s
[   353] loss=-23.0147 | res=5.12e-01 | grad=1.93e+00 | 2.0s
[   354] loss=-22.9285 | res=5.17e-01 | grad=2.29e+00 | 2.0s
[   355] loss=-22.6447 | res=5.29e-01 | grad=1.82e+00 | 2.0s
[   356] loss=-22.6652 | res=4.75e-01 | grad=2.00e+00 | 2.0s
[   357] loss=-22.7333 | res=5.14e-01 | grad=2.02e+00 | 2.0s
[   358] loss=-23.2390 | res=5.35e-01 | grad=2.91e+00 | 2.0s
[   359] loss=-23.0359 | res=5.23e-01 | grad=2.66e+00 | 2.0s
[   360] loss=-23.1930 | res=5.25e-01 | grad=2.31e+00 | 2.0s
[   361] loss=-22.8753 | res=5.06e-01 | grad=2.08e+00 | 2.0s
[   362] loss=-22.8036 | res=5.04e-01 | grad=2.51e+00 | 2.0s
[   363] loss=-22.7798 | res=4.67e-01 | grad=1.91e+00 | 2.0s
[   364] loss=-23.0010 | res=5.13e-01 | grad=2.07e+00 | 2.0s
[   365] loss=-22.4248 | res=4.61e-01 | grad=2.36e+00 | 2.0s
[   366] loss=-22.8038 | res=4.93e-01 | grad=2.15e+00 | 2.0s
[   367] loss=-22.6061 | res=5.06e-01 | grad=2.53e+00 | 2.0s
[   368] loss=-22.7777 | res=4.83e-01 | grad=1.66e+00 | 2.0s
[   369] loss=-23.0016 | res=4.86e-01 | grad=2.35e+00 | 2.0s
[   370] loss=-23.1661 | res=5.12e-01 | grad=3.02e+00 | 2.0s
[   371] loss=-22.6379 | res=5.09e-01 | grad=2.02e+00 | 2.0s
[   372] loss=-22.4395 | res=4.99e-01 | grad=2.14e+00 | 2.0s
[   373] loss=-23.2155 | res=4.96e-01 | grad=2.62e+00 | 2.0s
[   374] loss=-23.2090 | res=5.01e-01 | grad=1.90e+00 | 2.0s
[   375] loss=-22.6379 | res=4.94e-01 | grad=3.25e+00 | 2.0s
[   376] loss=-22.5900 | res=4.83e-01 | grad=2.32e+00 | 2.0s
[   377] loss=-22.5940 | res=4.83e-01 | grad=2.63e+00 | 2.0s
[   378] loss=-23.2320 | res=4.97e-01 | grad=2.53e+00 | 2.0s
[   379] loss=-22.8366 | res=5.01e-01 | grad=2.86e+00 | 2.0s
[   380] loss=-22.6882 | res=4.66e-01 | grad=2.09e+00 | 2.0s
[   381] loss=-22.8539 | res=4.66e-01 | grad=2.61e+00 | 2.0s
[   382] loss=-23.0467 | res=4.78e-01 | grad=2.18e+00 | 2.0s
[   383] loss=-22.9076 | res=4.99e-01 | grad=2.15e+00 | 2.0s
[   384] loss=-22.5492 | res=4.76e-01 | grad=2.30e+00 | 2.0s
[   385] loss=-22.7392 | res=4.98e-01 | grad=1.78e+00 | 2.0s
[   386] loss=-23.2134 | res=5.13e-01 | grad=2.73e+00 | 2.0s
[   387] loss=-22.9742 | res=5.09e-01 | grad=2.53e+00 | 2.0s
[   388] loss=-22.6246 | res=5.01e-01 | grad=2.86e+00 | 2.0s
[   389] loss=-22.7467 | res=4.60e-01 | grad=1.79e+00 | 2.0s
[   390] loss=-22.2564 | res=4.65e-01 | grad=1.77e+00 | 2.0s
[   391] loss=-23.1941 | res=4.80e-01 | grad=1.96e+00 | 2.0s
[   392] loss=-22.4082 | res=4.74e-01 | grad=2.04e+00 | 2.0s
[   393] loss=-23.2358 | res=4.93e-01 | grad=2.03e+00 | 2.0s
[   394] loss=-22.8321 | res=4.58e-01 | grad=2.24e+00 | 2.0s
[   395] loss=-22.1765 | res=5.13e-01 | grad=1.70e+00 | 2.0s
[   396] loss=-22.9452 | res=4.77e-01 | grad=1.69e+00 | 2.0s
[   397] loss=-22.8732 | res=4.55e-01 | grad=1.53e+00 | 2.0s
[   398] loss=-22.5316 | res=4.65e-01 | grad=2.21e+00 | 2.0s
[   399] loss=-23.0054 | res=4.75e-01 | grad=1.89e+00 | 2.0s
[   400] loss=-22.5751 | res=4.37e-01 | grad=1.48e+00 | 2.0s
[   401] loss=-22.2156 | res=4.45e-01 | grad=2.13e+00 | 2.0s
[   402] loss=-23.1853 | res=4.49e-01 | grad=2.08e+00 | 2.0s
[   403] loss=-22.8236 | res=4.52e-01 | grad=2.12e+00 | 2.0s
[   404] loss=-23.0889 | res=4.61e-01 | grad=1.20e+00 | 2.0s
[   405] loss=-23.4346 | res=4.56e-01 | grad=1.84e+00 | 2.0s
[   406] loss=-23.5075 | res=4.60e-01 | grad=1.90e+00 | 2.0s
[   407] loss=-22.7083 | res=4.43e-01 | grad=2.29e+00 | 2.0s
[   408] loss=-22.6148 | res=4.48e-01 | grad=2.21e+00 | 2.0s
[   409] loss=-22.5256 | res=4.72e-01 | grad=2.01e+00 | 2.0s
[   410] loss=-22.5598 | res=4.71e-01 | grad=1.84e+00 | 2.0s
[   411] loss=-23.3307 | res=4.24e-01 | grad=2.04e+00 | 2.0s
[   412] loss=-23.0267 | res=4.29e-01 | grad=1.79e+00 | 2.0s
[   413] loss=-22.5807 | res=4.90e-01 | grad=1.56e+00 | 2.0s
[   414] loss=-22.7260 | res=4.68e-01 | grad=2.74e+00 | 2.0s
[   415] loss=-22.5998 | res=4.16e-01 | grad=2.20e+00 | 2.0s
[   416] loss=-22.7239 | res=4.47e-01 | grad=2.55e+00 | 2.0s
[   417] loss=-22.8002 | res=4.55e-01 | grad=2.08e+00 | 2.0s
[   418] loss=-22.7481 | res=4.51e-01 | grad=1.54e+00 | 2.0s
[   419] loss=-22.8696 | res=4.32e-01 | grad=2.85e+00 | 2.0s
[   420] loss=-22.8136 | res=4.34e-01 | grad=2.05e+00 | 2.0s
[   421] loss=-23.2786 | res=4.52e-01 | grad=1.94e+00 | 2.0s
[   422] loss=-22.8808 | res=4.43e-01 | grad=3.15e+00 | 2.0s
[   423] loss=-23.3355 | res=4.58e-01 | grad=3.22e+00 | 2.0s
[   424] loss=-23.0602 | res=4.52e-01 | grad=2.17e+00 | 2.0s
[   425] loss=-22.5644 | res=4.42e-01 | grad=2.16e+00 | 2.0s
[   426] loss=-22.9813 | res=4.50e-01 | grad=2.19e+00 | 2.0s
[   427] loss=-22.2305 | res=4.44e-01 | grad=2.27e+00 | 2.0s
[   428] loss=-22.6000 | res=4.17e-01 | grad=2.36e+00 | 2.0s
[   429] loss=-22.2887 | res=4.37e-01 | grad=2.43e+00 | 2.0s
[   430] loss=-22.7345 | res=4.33e-01 | grad=1.91e+00 | 2.0s
[   431] loss=-22.5183 | res=3.86e-01 | grad=2.20e+00 | 2.0s
[   432] loss=-22.5667 | res=4.47e-01 | grad=1.76e+00 | 2.0s
[   433] loss=-22.7190 | res=4.41e-01 | grad=2.22e+00 | 2.0s
[   434] loss=-22.4236 | res=4.61e-01 | grad=2.94e+00 | 2.0s
[   435] loss=-22.9338 | res=4.50e-01 | grad=2.76e+00 | 2.0s
[   436] loss=-23.3604 | res=4.31e-01 | grad=2.16e+00 | 2.0s
[   437] loss=-22.7942 | res=3.81e-01 | grad=2.06e+00 | 2.0s
[   438] loss=-23.3496 | res=4.09e-01 | grad=2.56e+00 | 2.0s
[   439] loss=-23.1587 | res=4.54e-01 | grad=2.25e+00 | 2.0s
[   440] loss=-22.4541 | res=4.17e-01 | grad=2.05e+00 | 2.0s
[   441] loss=-22.9988 | res=4.45e-01 | grad=1.51e+00 | 2.0s
[   442] loss=-22.8659 | res=4.36e-01 | grad=2.16e+00 | 2.0s
[   443] loss=-23.1133 | res=4.21e-01 | grad=2.72e+00 | 2.0s
[   444] loss=-22.8018 | res=4.46e-01 | grad=2.17e+00 | 2.0s
[   445] loss=-22.7405 | res=3.99e-01 | grad=2.36e+00 | 2.0s
[   446] loss=-22.7818 | res=4.13e-01 | grad=2.58e+00 | 2.0s
[   447] loss=-23.1154 | res=4.34e-01 | grad=1.98e+00 | 2.0s
[   448] loss=-22.6498 | res=4.17e-01 | grad=2.56e+00 | 2.0s
[   449] loss=-22.7901 | res=4.21e-01 | grad=1.99e+00 | 2.0s
[   450] loss=-22.2290 | res=4.23e-01 | grad=2.68e+00 | 2.0s
[   451] loss=-23.0450 | res=4.27e-01 | grad=2.52e+00 | 2.0s
[   452] loss=-23.1079 | res=4.57e-01 | grad=2.54e+00 | 2.0s
[   453] loss=-22.7535 | res=4.60e-01 | grad=2.57e+00 | 2.0s
[   454] loss=-22.1729 | res=4.33e-01 | grad=2.28e+00 | 2.0s
[   455] loss=-22.6692 | res=4.48e-01 | grad=1.89e+00 | 2.0s
[   456] loss=-22.8716 | res=4.17e-01 | grad=2.34e+00 | 2.0s
[   457] loss=-23.2046 | res=4.54e-01 | grad=2.52e+00 | 2.0s
[   458] loss=-22.8425 | res=4.17e-01 | grad=2.70e+00 | 2.0s
[   459] loss=-23.8975 | res=4.51e-01 | grad=2.26e+00 | 2.0s
[   460] loss=-22.0161 | res=4.30e-01 | grad=2.87e+00 | 2.0s
[   461] loss=-22.5987 | res=4.42e-01 | grad=2.52e+00 | 2.0s
[   462] loss=-22.9648 | res=4.20e-01 | grad=2.50e+00 | 2.0s
[   463] loss=-23.5949 | res=4.39e-01 | grad=2.35e+00 | 2.0s
[   464] loss=-22.8354 | res=4.32e-01 | grad=1.76e+00 | 2.0s
[   465] loss=-22.7435 | res=4.37e-01 | grad=2.18e+00 | 2.0s
[   466] loss=-22.8686 | res=4.10e-01 | grad=2.39e+00 | 2.0s
[   467] loss=-23.0808 | res=4.10e-01 | grad=1.74e+00 | 2.0s
[   468] loss=-22.8456 | res=4.18e-01 | grad=2.37e+00 | 2.0s
[   469] loss=-22.7254 | res=4.40e-01 | grad=2.03e+00 | 2.0s
[   470] loss=-22.5916 | res=4.40e-01 | grad=2.11e+00 | 2.0s
[   471] loss=-22.7280 | res=4.32e-01 | grad=1.56e+00 | 2.0s
[   472] loss=-22.8818 | res=4.20e-01 | grad=2.84e+00 | 2.0s
[   473] loss=-22.8130 | res=4.15e-01 | grad=2.31e+00 | 2.0s
[   474] loss=-23.4922 | res=4.50e-01 | grad=2.26e+00 | 2.0s
[   475] loss=-22.4223 | res=4.08e-01 | grad=1.84e+00 | 2.0s
[   476] loss=-22.7068 | res=3.84e-01 | grad=1.64e+00 | 2.0s
[   477] loss=-22.9261 | res=4.09e-01 | grad=2.11e+00 | 2.0s
[   478] loss=-22.5648 | res=4.28e-01 | grad=2.20e+00 | 2.0s
[   479] loss=-23.0969 | res=4.17e-01 | grad=2.47e+00 | 1.9s
[   480] loss=-22.9898 | res=4.19e-01 | grad=1.68e+00 | 2.0s
[   481] loss=-23.0976 | res=4.61e-01 | grad=2.14e+00 | 2.0s
[   482] loss=-23.0891 | res=4.30e-01 | grad=1.57e+00 | 2.0s
[   483] loss=-22.8710 | res=4.00e-01 | grad=2.62e+00 | 2.0s
[   484] loss=-23.2341 | res=4.49e-01 | grad=1.75e+00 | 2.0s
[   485] loss=-22.5483 | res=4.17e-01 | grad=2.24e+00 | 2.0s
[   486] loss=-23.0090 | res=4.14e-01 | grad=1.95e+00 | 2.0s
[   487] loss=-22.6281 | res=4.17e-01 | grad=2.06e+00 | 1.9s
[   488] loss=-23.0169 | res=3.96e-01 | grad=2.47e+00 | 2.0s
[   489] loss=-23.0793 | res=4.34e-01 | grad=2.33e+00 | 2.0s
[   490] loss=-23.1321 | res=4.32e-01 | grad=2.08e+00 | 2.0s
[   491] loss=-22.3701 | res=3.92e-01 | grad=1.87e+00 | 2.0s
[   492] loss=-23.3787 | res=4.39e-01 | grad=2.19e+00 | 2.0s
[   493] loss=-23.2720 | res=4.18e-01 | grad=2.29e+00 | 2.0s
[   494] loss=-23.0375 | res=4.04e-01 | grad=2.41e+00 | 2.0s
[   495] loss=-22.3843 | res=4.38e-01 | grad=2.31e+00 | 2.0s
[   496] loss=-23.4114 | res=4.16e-01 | grad=2.47e+00 | 2.0s
[   497] loss=-23.0658 | res=4.19e-01 | grad=2.70e+00 | 2.0s
[   498] loss=-22.4918 | res=4.08e-01 | grad=1.83e+00 | 2.0s
[   499] loss=-23.1438 | res=3.86e-01 | grad=2.46e+00 | 2.0s
[   500] loss=-22.6566 | res=3.99e-01 | grad=1.50e+00 | 2.0s
[   501] loss=-22.9136 | res=4.12e-01 | grad=2.10e+00 | 2.0s
[   502] loss=-23.0413 | res=4.24e-01 | grad=2.37e+00 | 2.0s
[   503] loss=-23.2547 | res=4.17e-01 | grad=2.12e+00 | 2.0s
[   504] loss=-22.3680 | res=4.23e-01 | grad=3.09e+00 | 2.0s
[   505] loss=-22.8861 | res=4.05e-01 | grad=2.01e+00 | 2.0s
[   506] loss=-23.4549 | res=4.16e-01 | grad=2.88e+00 | 2.0s
[   507] loss=-22.9069 | res=3.94e-01 | grad=2.60e+00 | 2.0s
[   508] loss=-23.3522 | res=3.94e-01 | grad=1.95e+00 | 2.0s
[   509] loss=-21.8414 | res=4.29e-01 | grad=2.59e+00 | 2.0s
[   510] loss=-22.6179 | res=4.09e-01 | grad=2.59e+00 | 2.0s
[   511] loss=-23.0863 | res=3.95e-01 | grad=2.42e+00 | 2.0s
[   512] loss=-22.1739 | res=3.92e-01 | grad=2.75e+00 | 2.0s
[   513] loss=-23.1089 | res=3.70e-01 | grad=2.82e+00 | 2.0s
[   514] loss=-22.8109 | res=4.11e-01 | grad=2.07e+00 | 2.0s
[   515] loss=-22.8669 | res=3.98e-01 | grad=2.30e+00 | 2.0s
[   516] loss=-21.9220 | res=3.94e-01 | grad=2.35e+00 | 2.0s
[   517] loss=-23.2487 | res=4.03e-01 | grad=3.26e+00 | 2.0s
[   518] loss=-23.0449 | res=4.02e-01 | grad=2.85e+00 | 2.0s
[   519] loss=-23.3208 | res=4.02e-01 | grad=2.29e+00 | 2.0s
[   520] loss=-23.2835 | res=4.00e-01 | grad=2.19e+00 | 2.0s
[   521] loss=-22.5832 | res=3.78e-01 | grad=2.34e+00 | 2.0s
[   522] loss=-23.0155 | res=3.92e-01 | grad=2.87e+00 | 2.0s
[   523] loss=-22.7972 | res=3.79e-01 | grad=2.56e+00 | 2.0s
[   524] loss=-22.6805 | res=3.52e-01 | grad=2.49e+00 | 2.0s
[   525] loss=-22.9247 | res=3.88e-01 | grad=2.22e+00 | 2.0s
[   526] loss=-22.5553 | res=3.87e-01 | grad=1.63e+00 | 2.0s
[   527] loss=-23.0439 | res=3.88e-01 | grad=2.19e+00 | 2.0s
[   528] loss=-22.1790 | res=3.88e-01 | grad=3.11e+00 | 2.0s
[   529] loss=-23.1343 | res=3.66e-01 | grad=2.83e+00 | 2.0s
[   530] loss=-22.5770 | res=3.75e-01 | grad=2.80e+00 | 2.0s
[   531] loss=-22.8444 | res=3.94e-01 | grad=1.86e+00 | 2.0s
[   532] loss=-22.9794 | res=3.95e-01 | grad=2.81e+00 | 2.0s
[   533] loss=-23.0241 | res=4.12e-01 | grad=2.74e+00 | 2.0s
[   534] loss=-22.9473 | res=4.03e-01 | grad=3.12e+00 | 2.0s
[   535] loss=-22.7799 | res=3.92e-01 | grad=2.33e+00 | 2.0s
[   536] loss=-22.9252 | res=4.19e-01 | grad=1.99e+00 | 2.0s
[   537] loss=-23.0010 | res=4.09e-01 | grad=2.43e+00 | 2.0s
[   538] loss=-23.0049 | res=4.08e-01 | grad=2.26e+00 | 2.0s
[   539] loss=-22.8644 | res=3.98e-01 | grad=2.68e+00 | 2.0s
[   540] loss=-23.4196 | res=4.12e-01 | grad=2.32e+00 | 2.0s
[   541] loss=-23.0719 | res=3.90e-01 | grad=2.32e+00 | 2.0s
[   542] loss=-22.2888 | res=3.75e-01 | grad=2.49e+00 | 2.0s
[   543] loss=-23.1113 | res=3.62e-01 | grad=2.40e+00 | 2.0s
[   544] loss=-23.4170 | res=3.98e-01 | grad=2.05e+00 | 2.0s
[   545] loss=-22.9760 | res=3.96e-01 | grad=2.57e+00 | 2.0s
[   546] loss=-22.5965 | res=3.83e-01 | grad=2.53e+00 | 2.0s
[   547] loss=-23.0742 | res=4.07e-01 | grad=2.67e+00 | 2.0s
[   548] loss=-22.8899 | res=4.08e-01 | grad=2.40e+00 | 2.0s
[   549] loss=-22.7011 | res=3.83e-01 | grad=2.84e+00 | 2.0s
[   550] loss=-22.9342 | res=4.08e-01 | grad=2.43e+00 | 2.0s
[   551] loss=-23.7571 | res=3.90e-01 | grad=2.00e+00 | 2.0s
[   552] loss=-22.6717 | res=3.78e-01 | grad=1.90e+00 | 2.0s
[   553] loss=-22.7882 | res=3.98e-01 | grad=2.76e+00 | 2.0s
[   554] loss=-22.5995 | res=4.12e-01 | grad=2.38e+00 | 2.0s
[   555] loss=-22.1640 | res=3.94e-01 | grad=2.44e+00 | 1.9s
[   556] loss=-23.1380 | res=4.07e-01 | grad=3.38e+00 | 2.0s
[   557] loss=-22.7337 | res=4.17e-01 | grad=2.73e+00 | 2.0s
[   558] loss=-22.5493 | res=3.95e-01 | grad=2.25e+00 | 2.0s
[   559] loss=-22.9119 | res=3.58e-01 | grad=2.22e+00 | 2.0s
[   560] loss=-22.7934 | res=4.21e-01 | grad=2.37e+00 | 2.0s
[   561] loss=-22.8172 | res=3.72e-01 | grad=1.93e+00 | 2.0s
[   562] loss=-22.9766 | res=4.13e-01 | grad=2.71e+00 | 2.0s
[   563] loss=-22.7090 | res=3.84e-01 | grad=3.09e+00 | 2.0s
[   564] loss=-23.2847 | res=4.15e-01 | grad=2.19e+00 | 2.0s
[   565] loss=-23.3500 | res=4.04e-01 | grad=2.13e+00 | 2.0s
[   566] loss=-22.4979 | res=4.06e-01 | grad=3.29e+00 | 2.0s
[   567] loss=-23.0326 | res=4.06e-01 | grad=2.57e+00 | 2.0s
[   568] loss=-22.1966 | res=3.87e-01 | grad=2.14e+00 | 2.0s
[   569] loss=-23.0059 | res=3.94e-01 | grad=2.50e+00 | 2.0s
[   570] loss=-22.8964 | res=3.81e-01 | grad=2.63e+00 | 2.0s
[   571] loss=-23.2129 | res=4.14e-01 | grad=2.35e+00 | 2.0s
[   572] loss=-22.5000 | res=3.78e-01 | grad=3.00e+00 | 2.0s
[   573] loss=-22.6043 | res=3.78e-01 | grad=2.32e+00 | 2.0s
[   574] loss=-22.5939 | res=4.07e-01 | grad=2.42e+00 | 2.0s
[   575] loss=-23.0253 | res=3.92e-01 | grad=2.75e+00 | 2.0s
[   576] loss=-23.5604 | res=3.89e-01 | grad=2.89e+00 | 2.0s
[   577] loss=-22.7386 | res=3.83e-01 | grad=2.44e+00 | 2.0s
[   578] loss=-23.0618 | res=3.86e-01 | grad=2.02e+00 | 2.0s
[   579] loss=-22.9974 | res=4.01e-01 | grad=2.59e+00 | 2.0s
[   580] loss=-22.9089 | res=3.79e-01 | grad=2.49e+00 | 2.0s
[   581] loss=-23.3077 | res=3.99e-01 | grad=2.61e+00 | 2.0s
[   582] loss=-22.2825 | res=3.69e-01 | grad=2.71e+00 | 2.0s
[   583] loss=-22.6695 | res=4.05e-01 | grad=3.31e+00 | 2.0s
[   584] loss=-23.8382 | res=3.91e-01 | grad=3.28e+00 | 2.0s
[   585] loss=-22.3902 | res=3.94e-01 | grad=2.68e+00 | 2.0s
[   586] loss=-22.7679 | res=3.72e-01 | grad=3.45e+00 | 2.0s
[   587] loss=-23.2796 | res=4.04e-01 | grad=2.22e+00 | 2.0s
[   588] loss=-22.5465 | res=3.98e-01 | grad=2.26e+00 | 2.0s
[   589] loss=-22.6693 | res=3.95e-01 | grad=2.62e+00 | 2.0s
[   590] loss=-22.5326 | res=3.83e-01 | grad=2.70e+00 | 2.0s
[   591] loss=-23.4146 | res=4.00e-01 | grad=2.74e+00 | 2.0s
[   592] loss=-23.6320 | res=3.89e-01 | grad=2.43e+00 | 2.0s
[   593] loss=-23.2775 | res=3.44e-01 | grad=2.73e+00 | 2.0s
[   594] loss=-22.9232 | res=3.72e-01 | grad=2.29e+00 | 2.0s
[   595] loss=-22.9964 | res=3.77e-01 | grad=2.34e+00 | 2.0s
[   596] loss=-22.9965 | res=3.43e-01 | grad=2.40e+00 | 2.0s
[   597] loss=-22.5457 | res=3.84e-01 | grad=2.69e+00 | 2.0s
[   598] loss=-23.4019 | res=3.99e-01 | grad=2.42e+00 | 2.0s
[   599] loss=-22.5839 | res=3.81e-01 | grad=2.00e+00 | 2.0s
[   600] loss=-23.1961 | res=4.00e-01 | grad=2.52e+00 | 2.0s
[   601] loss=-23.2550 | res=3.82e-01 | grad=2.39e+00 | 2.0s
[   602] loss=-23.3434 | res=3.68e-01 | grad=2.91e+00 | 2.0s
[   603] loss=-23.1053 | res=3.83e-01 | grad=2.62e+00 | 2.0s
[   604] loss=-22.5351 | res=3.96e-01 | grad=2.65e+00 | 2.0s
[   605] loss=-22.4915 | res=3.63e-01 | grad=2.94e+00 | 2.0s
[   606] loss=-22.4777 | res=3.74e-01 | grad=2.41e+00 | 2.0s
[   607] loss=-22.9368 | res=3.69e-01 | grad=2.33e+00 | 1.9s
[   608] loss=-23.3883 | res=3.98e-01 | grad=2.52e+00 | 2.0s
[   609] loss=-22.7911 | res=3.93e-01 | grad=2.35e+00 | 2.0s
[   610] loss=-22.5309 | res=3.71e-01 | grad=2.73e+00 | 2.0s
[   611] loss=-22.8396 | res=3.91e-01 | grad=2.26e+00 | 2.0s
[   612] loss=-22.9345 | res=3.76e-01 | grad=2.32e+00 | 2.0s
[   613] loss=-22.6054 | res=3.91e-01 | grad=2.60e+00 | 2.0s
[   614] loss=-22.8631 | res=3.73e-01 | grad=2.26e+00 | 2.0s
[   615] loss=-22.7186 | res=3.76e-01 | grad=3.12e+00 | 2.0s
[   616] loss=-22.6323 | res=3.40e-01 | grad=2.48e+00 | 2.0s
[   617] loss=-22.7812 | res=3.51e-01 | grad=2.12e+00 | 2.0s
[   618] loss=-22.6080 | res=3.74e-01 | grad=1.96e+00 | 2.0s
[   619] loss=-22.9414 | res=3.75e-01 | grad=2.29e+00 | 1.9s
[   620] loss=-23.2008 | res=3.79e-01 | grad=3.02e+00 | 2.0s
[   621] loss=-23.6362 | res=3.84e-01 | grad=2.29e+00 | 2.0s
[   622] loss=-23.2916 | res=3.89e-01 | grad=2.18e+00 | 2.0s
[   623] loss=-22.8553 | res=4.18e-01 | grad=1.89e+00 | 2.0s
[   624] loss=-22.9874 | res=3.63e-01 | grad=2.35e+00 | 2.0s
[   625] loss=-22.4348 | res=3.64e-01 | grad=2.26e+00 | 2.0s
[   626] loss=-23.1136 | res=3.65e-01 | grad=2.86e+00 | 2.0s
[   627] loss=-23.1184 | res=3.68e-01 | grad=3.06e+00 | 2.0s
[   628] loss=-22.6205 | res=3.64e-01 | grad=2.17e+00 | 2.0s
[   629] loss=-23.3492 | res=3.64e-01 | grad=1.86e+00 | 2.0s
[   630] loss=-23.0229 | res=3.63e-01 | grad=2.71e+00 | 2.0s
[   631] loss=-22.5045 | res=3.52e-01 | grad=2.96e+00 | 2.0s
[   632] loss=-23.0121 | res=3.42e-01 | grad=2.37e+00 | 2.0s
[   633] loss=-22.5425 | res=3.65e-01 | grad=1.95e+00 | 2.0s
[   634] loss=-23.1512 | res=3.54e-01 | grad=2.32e+00 | 2.0s
[   635] loss=-22.5782 | res=3.51e-01 | grad=2.21e+00 | 2.0s
[   636] loss=-22.7989 | res=3.55e-01 | grad=2.59e+00 | 2.0s
[   637] loss=-23.4042 | res=3.77e-01 | grad=2.41e+00 | 2.0s
[   638] loss=-22.3779 | res=3.69e-01 | grad=3.24e+00 | 2.0s
[   639] loss=-22.5588 | res=3.75e-01 | grad=3.03e+00 | 2.0s
[   640] loss=-22.6895 | res=3.82e-01 | grad=2.81e+00 | 2.0s
[   641] loss=-22.6668 | res=4.00e-01 | grad=2.12e+00 | 2.0s
[   642] loss=-22.6996 | res=3.67e-01 | grad=2.49e+00 | 2.0s
[   643] loss=-22.9249 | res=3.51e-01 | grad=2.15e+00 | 2.0s
[   644] loss=-22.5694 | res=3.84e-01 | grad=2.10e+00 | 2.0s
[   645] loss=-22.6460 | res=3.49e-01 | grad=3.75e+00 | 2.0s
[   646] loss=-23.3309 | res=3.68e-01 | grad=3.07e+00 | 2.0s
[   647] loss=-23.2646 | res=3.56e-01 | grad=2.50e+00 | 2.0s
[   648] loss=-22.8972 | res=3.50e-01 | grad=2.21e+00 | 2.0s
[   649] loss=-23.4773 | res=3.54e-01 | grad=2.09e+00 | 2.0s
[   650] loss=-22.8702 | res=3.26e-01 | grad=2.98e+00 | 2.0s
[   651] loss=-22.6782 | res=3.35e-01 | grad=3.11e+00 | 2.0s
[   652] loss=-23.1241 | res=3.91e-01 | grad=2.26e+00 | 2.0s
[   653] loss=-22.5293 | res=3.51e-01 | grad=2.90e+00 | 2.0s
[   654] loss=-23.0708 | res=3.67e-01 | grad=2.74e+00 | 2.0s
[   655] loss=-23.1726 | res=3.55e-01 | grad=3.40e+00 | 2.0s
[   656] loss=-22.9853 | res=3.79e-01 | grad=2.19e+00 | 2.0s
[   657] loss=-22.5961 | res=3.60e-01 | grad=2.72e+00 | 2.0s
[   658] loss=-22.4885 | res=3.80e-01 | grad=3.09e+00 | 2.0s
[   659] loss=-23.0269 | res=3.57e-01 | grad=2.46e+00 | 2.0s
[   660] loss=-22.5897 | res=3.79e-01 | grad=2.60e+00 | 2.0s
[   661] loss=-22.4573 | res=3.77e-01 | grad=3.01e+00 | 2.0s
[   662] loss=-22.9837 | res=3.99e-01 | grad=2.33e+00 | 2.0s
[   663] loss=-22.2153 | res=3.52e-01 | grad=2.32e+00 | 2.0s
[   664] loss=-23.2050 | res=3.74e-01 | grad=2.47e+00 | 2.0s
[   665] loss=-23.4717 | res=3.83e-01 | grad=1.97e+00 | 2.0s
[   666] loss=-23.2167 | res=3.78e-01 | grad=2.14e+00 | 2.0s
[   667] loss=-22.6762 | res=3.52e-01 | grad=2.28e+00 | 1.9s
[   668] loss=-23.1842 | res=3.41e-01 | grad=2.53e+00 | 2.0s
[   669] loss=-23.0495 | res=3.51e-01 | grad=2.21e+00 | 2.0s
[   670] loss=-22.6796 | res=3.52e-01 | grad=2.40e+00 | 2.0s
[   671] loss=-22.7473 | res=3.76e-01 | grad=3.01e+00 | 2.0s
[   672] loss=-22.7309 | res=3.65e-01 | grad=2.88e+00 | 2.0s
[   673] loss=-22.7283 | res=3.63e-01 | grad=2.05e+00 | 2.0s
[   674] loss=-23.2493 | res=3.76e-01 | grad=1.88e+00 | 2.0s
[   675] loss=-23.1316 | res=3.71e-01 | grad=2.46e+00 | 2.0s
[   676] loss=-22.2779 | res=3.44e-01 | grad=2.14e+00 | 2.0s
[   677] loss=-23.1369 | res=3.74e-01 | grad=2.42e+00 | 2.0s
[   678] loss=-22.9456 | res=3.54e-01 | grad=2.44e+00 | 2.0s
[   679] loss=-23.1633 | res=3.60e-01 | grad=2.19e+00 | 2.0s
[   680] loss=-23.3491 | res=3.60e-01 | grad=2.27e+00 | 2.0s
[   681] loss=-22.6872 | res=3.52e-01 | grad=3.20e+00 | 2.0s
[   682] loss=-22.4557 | res=3.62e-01 | grad=2.93e+00 | 2.0s
[   683] loss=-22.5857 | res=3.46e-01 | grad=2.76e+00 | 1.9s
[   684] loss=-22.6766 | res=3.48e-01 | grad=2.54e+00 | 2.0s
[   685] loss=-22.6759 | res=3.61e-01 | grad=1.94e+00 | 2.0s
[   686] loss=-22.9372 | res=3.62e-01 | grad=2.43e+00 | 2.0s
[   687] loss=-22.9971 | res=3.58e-01 | grad=2.85e+00 | 2.0s
[   688] loss=-22.8848 | res=3.46e-01 | grad=2.71e+00 | 2.0s
[   689] loss=-22.9144 | res=3.52e-01 | grad=1.98e+00 | 2.0s
[   690] loss=-22.4459 | res=3.48e-01 | grad=2.48e+00 | 2.0s
[   691] loss=-22.4981 | res=3.46e-01 | grad=2.00e+00 | 2.0s
[   692] loss=-22.6938 | res=3.55e-01 | grad=1.76e+00 | 2.0s
[   693] loss=-22.8218 | res=3.33e-01 | grad=2.49e+00 | 2.0s
[   694] loss=-22.6245 | res=3.52e-01 | grad=3.34e+00 | 2.0s
[   695] loss=-22.0048 | res=3.11e-01 | grad=2.49e+00 | 2.0s
[   696] loss=-22.9917 | res=3.54e-01 | grad=1.99e+00 | 2.0s
[   697] loss=-23.2789 | res=3.41e-01 | grad=2.59e+00 | 2.0s
[   698] loss=-22.9092 | res=3.57e-01 | grad=2.43e+00 | 2.0s
[   699] loss=-23.1526 | res=3.74e-01 | grad=1.93e+00 | 2.0s
[   700] loss=-22.7426 | res=3.43e-01 | grad=2.29e+00 | 2.0s
[   701] loss=-23.4634 | res=3.54e-01 | grad=2.18e+00 | 2.0s
[   702] loss=-23.0897 | res=3.42e-01 | grad=2.90e+00 | 2.0s
[   703] loss=-23.4414 | res=3.68e-01 | grad=1.99e+00 | 2.0s
[   704] loss=-23.4482 | res=3.47e-01 | grad=1.65e+00 | 2.0s
[   705] loss=-23.2172 | res=3.63e-01 | grad=1.98e+00 | 2.0s
[   706] loss=-23.0026 | res=3.62e-01 | grad=2.31e+00 | 2.0s
[   707] loss=-23.5714 | res=3.65e-01 | grad=1.85e+00 | 2.0s
[   708] loss=-23.0375 | res=3.77e-01 | grad=1.90e+00 | 2.0s
[   709] loss=-23.5167 | res=3.90e-01 | grad=2.33e+00 | 2.0s
[   710] loss=-23.0575 | res=3.65e-01 | grad=2.80e+00 | 2.0s
[   711] loss=-22.1182 | res=3.55e-01 | grad=2.74e+00 | 2.0s
[   712] loss=-22.8084 | res=3.60e-01 | grad=2.40e+00 | 2.0s
[   713] loss=-22.5722 | res=3.61e-01 | grad=2.59e+00 | 2.0s
[   714] loss=-23.3137 | res=3.81e-01 | grad=2.75e+00 | 2.0s
[   715] loss=-22.4626 | res=3.66e-01 | grad=2.14e+00 | 2.0s
[   716] loss=-22.3194 | res=3.47e-01 | grad=1.64e+00 | 2.0s
[   717] loss=-22.1964 | res=3.31e-01 | grad=2.37e+00 | 2.0s
[   718] loss=-23.4909 | res=3.72e-01 | grad=3.17e+00 | 2.0s
[   719] loss=-23.4905 | res=3.57e-01 | grad=2.08e+00 | 2.0s
[   720] loss=-22.6742 | res=3.57e-01 | grad=2.64e+00 | 2.0s
[   721] loss=-23.0427 | res=3.45e-01 | grad=2.96e+00 | 2.0s
[   722] loss=-22.9615 | res=3.33e-01 | grad=1.98e+00 | 2.0s
[   723] loss=-22.9047 | res=3.65e-01 | grad=2.86e+00 | 2.0s
[   724] loss=-22.9690 | res=3.63e-01 | grad=3.34e+00 | 2.0s
[   725] loss=-22.6769 | res=3.52e-01 | grad=2.46e+00 | 2.0s
[   726] loss=-22.5261 | res=3.36e-01 | grad=3.92e+00 | 2.0s
[   727] loss=-22.8426 | res=3.49e-01 | grad=3.59e+00 | 2.0s
[   728] loss=-22.9002 | res=3.49e-01 | grad=2.02e+00 | 2.0s
[   729] loss=-22.9362 | res=3.47e-01 | grad=2.94e+00 | 2.0s
[   730] loss=-22.6289 | res=3.42e-01 | grad=2.95e+00 | 2.0s
[   731] loss=-23.0545 | res=3.70e-01 | grad=3.22e+00 | 2.0s
[   732] loss=-22.6129 | res=3.31e-01 | grad=2.75e+00 | 2.0s
[   733] loss=-22.8737 | res=3.82e-01 | grad=2.89e+00 | 2.0s
[   734] loss=-23.8245 | res=3.38e-01 | grad=3.11e+00 | 2.0s
[   735] loss=-22.4900 | res=3.57e-01 | grad=2.31e+00 | 2.0s
[   736] loss=-22.7428 | res=3.57e-01 | grad=2.49e+00 | 2.0s
[   737] loss=-23.0034 | res=3.57e-01 | grad=3.21e+00 | 2.0s
[   738] loss=-22.4591 | res=3.59e-01 | grad=2.43e+00 | 2.0s
[   739] loss=-23.6005 | res=3.68e-01 | grad=2.44e+00 | 1.9s
[   740] loss=-23.2751 | res=3.58e-01 | grad=3.28e+00 | 2.0s
[   741] loss=-23.0025 | res=3.40e-01 | grad=3.18e+00 | 2.0s
[   742] loss=-22.5923 | res=3.45e-01 | grad=2.76e+00 | 2.0s
[   743] loss=-22.7147 | res=3.47e-01 | grad=2.54e+00 | 2.0s
[   744] loss=-22.4627 | res=3.55e-01 | grad=2.39e+00 | 2.0s
[   745] loss=-22.6938 | res=3.68e-01 | grad=2.55e+00 | 2.0s
[   746] loss=-22.3300 | res=3.58e-01 | grad=4.42e+00 | 2.0s
[   747] loss=-22.9900 | res=3.89e-01 | grad=2.71e+00 | 2.0s
[   748] loss=-22.7934 | res=3.59e-01 | grad=3.14e+00 | 2.0s
[   749] loss=-23.7996 | res=3.65e-01 | grad=2.38e+00 | 2.0s
[   750] loss=-23.3251 | res=3.38e-01 | grad=2.27e+00 | 2.0s
[   751] loss=-22.9360 | res=3.32e-01 | grad=2.55e+00 | 2.0s
[   752] loss=-23.4443 | res=3.69e-01 | grad=2.59e+00 | 2.0s
[   753] loss=-22.3885 | res=3.35e-01 | grad=2.34e+00 | 2.0s
[   754] loss=-22.2188 | res=3.42e-01 | grad=2.61e+00 | 2.0s
[   755] loss=-23.0117 | res=3.67e-01 | grad=2.26e+00 | 2.0s
[   756] loss=-22.7400 | res=3.92e-01 | grad=2.40e+00 | 2.0s
[   757] loss=-23.1304 | res=3.62e-01 | grad=2.16e+00 | 2.0s
[   758] loss=-22.7411 | res=3.66e-01 | grad=2.01e+00 | 2.0s
[   759] loss=-22.5172 | res=3.58e-01 | grad=2.36e+00 | 2.0s
[   760] loss=-23.1247 | res=3.73e-01 | grad=2.28e+00 | 2.0s
[   761] loss=-22.5391 | res=3.71e-01 | grad=2.28e+00 | 2.0s
[   762] loss=-22.9696 | res=3.44e-01 | grad=1.69e+00 | 2.0s
[   763] loss=-22.5744 | res=3.44e-01 | grad=2.63e+00 | 2.0s
[   764] loss=-22.8697 | res=3.44e-01 | grad=2.72e+00 | 2.0s
[   765] loss=-22.8972 | res=3.48e-01 | grad=2.80e+00 | 2.0s
[   766] loss=-22.8778 | res=3.53e-01 | grad=1.90e+00 | 2.0s
[   767] loss=-23.4596 | res=3.84e-01 | grad=2.10e+00 | 2.0s
[   768] loss=-22.8747 | res=3.49e-01 | grad=1.82e+00 | 2.0s
[   769] loss=-22.9829 | res=3.23e-01 | grad=1.43e+00 | 2.0s
[   770] loss=-23.0304 | res=3.57e-01 | grad=2.31e+00 | 2.0s
[   771] loss=-22.9776 | res=3.38e-01 | grad=2.29e+00 | 2.0s
[   772] loss=-23.1804 | res=3.63e-01 | grad=2.11e+00 | 2.0s
[   773] loss=-22.8714 | res=3.36e-01 | grad=2.02e+00 | 2.0s
[   774] loss=-23.0321 | res=3.40e-01 | grad=2.78e+00 | 2.0s
[   775] loss=-22.7476 | res=3.25e-01 | grad=1.88e+00 | 2.0s
[   776] loss=-22.5077 | res=3.39e-01 | grad=1.74e+00 | 2.0s
[   777] loss=-22.8121 | res=3.55e-01 | grad=2.41e+00 | 2.0s
[   778] loss=-23.3989 | res=3.49e-01 | grad=2.97e+00 | 2.0s
[   779] loss=-23.1105 | res=3.46e-01 | grad=3.12e+00 | 2.0s
[   780] loss=-23.2561 | res=3.31e-01 | grad=2.52e+00 | 2.0s
[   781] loss=-23.3733 | res=3.44e-01 | grad=2.05e+00 | 2.0s
[   782] loss=-23.6296 | res=3.78e-01 | grad=2.94e+00 | 2.0s
[   783] loss=-22.3759 | res=3.38e-01 | grad=3.40e+00 | 2.0s
[   784] loss=-23.3033 | res=3.66e-01 | grad=2.45e+00 | 2.0s
[   785] loss=-23.6541 | res=3.55e-01 | grad=2.79e+00 | 2.0s
[   786] loss=-23.1936 | res=3.36e-01 | grad=2.62e+00 | 2.0s
[   787] loss=-22.8508 | res=3.41e-01 | grad=3.25e+00 | 2.0s
[   788] loss=-22.9643 | res=3.32e-01 | grad=2.47e+00 | 2.0s
[   789] loss=-23.3614 | res=3.54e-01 | grad=2.02e+00 | 2.0s
[   790] loss=-22.3394 | res=3.54e-01 | grad=2.24e+00 | 2.0s
[   791] loss=-23.0476 | res=3.23e-01 | grad=2.24e+00 | 2.0s
[   792] loss=-23.1409 | res=3.48e-01 | grad=3.14e+00 | 2.0s
[   793] loss=-23.0381 | res=3.47e-01 | grad=2.84e+00 | 2.0s
[   794] loss=-23.0068 | res=3.42e-01 | grad=2.37e+00 | 2.0s
[   795] loss=-22.7989 | res=3.51e-01 | grad=3.08e+00 | 2.0s
[   796] loss=-22.1519 | res=3.37e-01 | grad=2.88e+00 | 2.0s
[   797] loss=-22.9037 | res=3.46e-01 | grad=2.63e+00 | 2.0s
[   798] loss=-22.6538 | res=3.35e-01 | grad=2.05e+00 | 2.0s
[   799] loss=-23.2401 | res=3.57e-01 | grad=3.04e+00 | 2.0s
[   800] loss=-22.9398 | res=3.70e-01 | grad=2.54e+00 | 2.0s
[   801] loss=-22.9163 | res=3.35e-01 | grad=2.57e+00 | 2.0s
[   802] loss=-22.7410 | res=3.53e-01 | grad=2.78e+00 | 2.0s
[   803] loss=-22.5840 | res=3.49e-01 | grad=2.28e+00 | 1.9s
[   804] loss=-23.0705 | res=3.42e-01 | grad=2.69e+00 | 2.0s
[   805] loss=-23.2681 | res=3.63e-01 | grad=3.52e+00 | 2.0s
[   806] loss=-23.0790 | res=3.40e-01 | grad=3.85e+00 | 2.0s
[   807] loss=-23.1566 | res=3.57e-01 | grad=2.54e+00 | 2.0s
[   808] loss=-23.3230 | res=3.45e-01 | grad=2.71e+00 | 2.0s
[   809] loss=-22.9120 | res=3.19e-01 | grad=3.30e+00 | 2.0s
[   810] loss=-23.5010 | res=3.28e-01 | grad=3.50e+00 | 2.0s
[   811] loss=-22.3239 | res=3.45e-01 | grad=2.72e+00 | 2.0s
[   812] loss=-23.1318 | res=3.37e-01 | grad=2.87e+00 | 2.0s
[   813] loss=-23.1873 | res=3.55e-01 | grad=2.80e+00 | 2.0s
[   814] loss=-22.4049 | res=3.27e-01 | grad=2.40e+00 | 2.0s
[   815] loss=-22.7928 | res=3.52e-01 | grad=3.24e+00 | 2.0s
[   816] loss=-22.6406 | res=3.24e-01 | grad=3.07e+00 | 2.0s
[   817] loss=-22.1962 | res=3.35e-01 | grad=2.99e+00 | 2.0s
[   818] loss=-23.0046 | res=3.42e-01 | grad=2.46e+00 | 2.0s
[   819] loss=-22.6166 | res=3.26e-01 | grad=2.58e+00 | 2.0s
[   820] loss=-23.3223 | res=3.38e-01 | grad=3.49e+00 | 2.0s
[   821] loss=-23.2788 | res=3.44e-01 | grad=3.10e+00 | 2.0s
[   822] loss=-23.1800 | res=3.58e-01 | grad=3.10e+00 | 2.0s
[   823] loss=-22.7932 | res=3.60e-01 | grad=1.85e+00 | 2.0s
[   824] loss=-23.0154 | res=3.55e-01 | grad=2.25e+00 | 2.0s
[   825] loss=-23.2508 | res=3.55e-01 | grad=3.10e+00 | 2.0s
[   826] loss=-23.0731 | res=3.58e-01 | grad=3.37e+00 | 2.0s
[   827] loss=-22.4442 | res=3.71e-01 | grad=3.04e+00 | 2.0s
[   828] loss=-23.1124 | res=3.72e-01 | grad=2.08e+00 | 2.0s
[   829] loss=-22.7402 | res=3.57e-01 | grad=2.82e+00 | 2.0s
[   830] loss=-22.8039 | res=3.47e-01 | grad=3.03e+00 | 2.0s
[   831] loss=-23.0026 | res=3.52e-01 | grad=2.84e+00 | 2.0s
[   832] loss=-23.3311 | res=3.38e-01 | grad=3.23e+00 | 2.0s
[   833] loss=-22.3158 | res=3.55e-01 | grad=2.29e+00 | 2.0s
[   834] loss=-22.9522 | res=3.75e-01 | grad=2.09e+00 | 2.0s
[   835] loss=-23.1122 | res=3.81e-01 | grad=2.16e+00 | 2.0s
[   836] loss=-22.4257 | res=3.63e-01 | grad=2.49e+00 | 2.0s
[   837] loss=-22.9832 | res=3.34e-01 | grad=2.66e+00 | 2.0s
[   838] loss=-23.1472 | res=3.76e-01 | grad=2.55e+00 | 2.0s
[   839] loss=-22.7307 | res=3.57e-01 | grad=2.43e+00 | 2.0s
[   840] loss=-22.7842 | res=3.33e-01 | grad=2.91e+00 | 2.0s
[   841] loss=-23.0642 | res=3.59e-01 | grad=2.38e+00 | 2.0s
[   842] loss=-22.5514 | res=3.40e-01 | grad=2.45e+00 | 2.0s
[   843] loss=-23.3016 | res=3.61e-01 | grad=2.81e+00 | 2.0s
[   844] loss=-23.0261 | res=3.55e-01 | grad=3.13e+00 | 2.0s
[   845] loss=-23.1856 | res=3.62e-01 | grad=2.76e+00 | 2.0s
[   846] loss=-22.2056 | res=3.26e-01 | grad=2.86e+00 | 2.0s
[   847] loss=-23.3646 | res=3.43e-01 | grad=2.54e+00 | 2.0s
[   848] loss=-22.7579 | res=3.27e-01 | grad=2.90e+00 | 1.9s
[   849] loss=-23.7010 | res=3.52e-01 | grad=3.46e+00 | 2.0s
[   850] loss=-22.6570 | res=3.57e-01 | grad=3.11e+00 | 2.0s
[   851] loss=-22.7427 | res=3.40e-01 | grad=3.63e+00 | 2.0s
[   852] loss=-22.9166 | res=3.37e-01 | grad=3.00e+00 | 2.0s
[   853] loss=-23.0134 | res=3.44e-01 | grad=3.73e+00 | 2.0s
[   854] loss=-22.9041 | res=3.49e-01 | grad=2.57e+00 | 2.0s
[   855] loss=-23.1906 | res=3.36e-01 | grad=3.60e+00 | 2.0s
[   856] loss=-22.9808 | res=3.20e-01 | grad=2.50e+00 | 2.0s
[   857] loss=-22.5794 | res=3.32e-01 | grad=2.15e+00 | 2.0s
[   858] loss=-23.2999 | res=3.71e-01 | grad=3.57e+00 | 2.0s
[   859] loss=-23.2495 | res=3.59e-01 | grad=2.18e+00 | 2.0s
[   860] loss=-22.9941 | res=2.98e-01 | grad=2.41e+00 | 2.0s
[   861] loss=-22.3512 | res=3.49e-01 | grad=3.32e+00 | 2.0s
[   862] loss=-22.6327 | res=3.57e-01 | grad=2.96e+00 | 2.0s
[   863] loss=-22.5769 | res=3.47e-01 | grad=3.61e+00 | 2.0s
[   864] loss=-22.5317 | res=3.34e-01 | grad=2.71e+00 | 2.0s
[   865] loss=-22.6445 | res=3.26e-01 | grad=3.33e+00 | 2.0s
[   866] loss=-23.1410 | res=3.61e-01 | grad=2.59e+00 | 2.0s
[   867] loss=-22.7424 | res=3.47e-01 | grad=2.31e+00 | 2.0s
[   868] loss=-23.8408 | res=3.52e-01 | grad=2.87e+00 | 2.0s
[   869] loss=-22.9442 | res=3.13e-01 | grad=2.30e+00 | 2.0s
[   870] loss=-22.9471 | res=3.44e-01 | grad=2.67e+00 | 2.0s
[   871] loss=-22.6475 | res=3.27e-01 | grad=2.32e+00 | 2.0s
[   872] loss=-23.2088 | res=3.28e-01 | grad=3.00e+00 | 2.0s
[   873] loss=-22.7404 | res=3.67e-01 | grad=2.44e+00 | 2.0s
[   874] loss=-23.1134 | res=3.32e-01 | grad=2.66e+00 | 2.0s
[   875] loss=-22.9571 | res=3.17e-01 | grad=2.32e+00 | 2.0s
[   876] loss=-22.6403 | res=3.47e-01 | grad=2.61e+00 | 2.0s
[   877] loss=-22.3028 | res=3.13e-01 | grad=2.64e+00 | 2.0s
[   878] loss=-23.5001 | res=3.43e-01 | grad=2.48e+00 | 2.0s
[   879] loss=-23.2431 | res=3.46e-01 | grad=2.29e+00 | 2.0s
[   880] loss=-22.2677 | res=3.32e-01 | grad=2.87e+00 | 2.0s
[   881] loss=-23.0280 | res=3.38e-01 | grad=2.23e+00 | 2.0s
[   882] loss=-23.1170 | res=3.51e-01 | grad=2.60e+00 | 2.0s
[   883] loss=-22.6958 | res=3.31e-01 | grad=2.24e+00 | 2.0s
[   884] loss=-23.1201 | res=3.17e-01 | grad=3.50e+00 | 2.0s
[   885] loss=-22.9787 | res=3.66e-01 | grad=2.13e+00 | 2.0s
[   886] loss=-22.8277 | res=3.36e-01 | grad=2.88e+00 | 2.0s
[   887] loss=-23.1998 | res=3.42e-01 | grad=2.72e+00 | 2.0s
[   888] loss=-22.3353 | res=3.36e-01 | grad=2.16e+00 | 2.0s
[   889] loss=-23.6845 | res=3.45e-01 | grad=2.33e+00 | 2.0s
[   890] loss=-22.5440 | res=3.30e-01 | grad=2.93e+00 | 2.0s
[   891] loss=-23.1518 | res=3.36e-01 | grad=2.11e+00 | 2.0s
[   892] loss=-22.6233 | res=3.20e-01 | grad=2.77e+00 | 2.0s
[   893] loss=-23.5921 | res=3.53e-01 | grad=2.02e+00 | 2.0s
[   894] loss=-23.0847 | res=3.05e-01 | grad=2.51e+00 | 2.0s
[   895] loss=-22.2688 | res=3.16e-01 | grad=2.92e+00 | 2.0s
[   896] loss=-22.7403 | res=3.22e-01 | grad=2.63e+00 | 2.0s
[   897] loss=-22.9931 | res=3.30e-01 | grad=2.70e+00 | 2.0s
[   898] loss=-22.7502 | res=3.32e-01 | grad=2.39e+00 | 2.0s
[   899] loss=-22.7908 | res=3.67e-01 | grad=2.50e+00 | 2.0s
[   900] loss=-23.3320 | res=3.33e-01 | grad=2.32e+00 | 2.0s
[   901] loss=-22.4747 | res=3.27e-01 | grad=2.46e+00 | 2.0s
[   902] loss=-23.8714 | res=3.60e-01 | grad=1.70e+00 | 2.0s
[   903] loss=-23.0770 | res=3.44e-01 | grad=2.65e+00 | 2.0s
[   904] loss=-22.8595 | res=3.39e-01 | grad=2.73e+00 | 2.0s
[   905] loss=-23.2768 | res=3.63e-01 | grad=2.84e+00 | 2.0s
[   906] loss=-22.9700 | res=3.42e-01 | grad=2.65e+00 | 2.0s
[   907] loss=-23.1082 | res=3.51e-01 | grad=2.17e+00 | 2.0s
[   908] loss=-22.9744 | res=3.24e-01 | grad=2.78e+00 | 2.0s
[   909] loss=-22.6314 | res=3.57e-01 | grad=2.65e+00 | 2.0s
[   910] loss=-23.0042 | res=3.13e-01 | grad=2.62e+00 | 2.0s
[   911] loss=-22.2423 | res=3.40e-01 | grad=3.61e+00 | 2.0s
[   912] loss=-23.3921 | res=3.49e-01 | grad=2.80e+00 | 2.0s
[   913] loss=-23.3780 | res=3.42e-01 | grad=2.38e+00 | 2.0s
[   914] loss=-23.1503 | res=3.30e-01 | grad=2.53e+00 | 2.0s
[   915] loss=-22.6196 | res=3.11e-01 | grad=2.75e+00 | 2.0s
[   916] loss=-22.4897 | res=3.15e-01 | grad=2.89e+00 | 2.0s
[   917] loss=-23.4110 | res=3.32e-01 | grad=2.03e+00 | 2.0s
[   918] loss=-22.5453 | res=3.41e-01 | grad=2.60e+00 | 2.0s
[   919] loss=-22.7148 | res=3.29e-01 | grad=2.58e+00 | 2.0s
[   920] loss=-23.3560 | res=3.27e-01 | grad=2.30e+00 | 2.0s
[   921] loss=-22.9998 | res=3.30e-01 | grad=2.80e+00 | 2.0s
[   922] loss=-22.7811 | res=3.36e-01 | grad=2.77e+00 | 2.0s
[   923] loss=-23.3503 | res=3.19e-01 | grad=2.91e+00 | 2.0s
[   924] loss=-23.3013 | res=3.12e-01 | grad=2.31e+00 | 2.0s
[   925] loss=-22.4707 | res=3.36e-01 | grad=2.76e+00 | 2.0s
[   926] loss=-23.1716 | res=3.38e-01 | grad=3.03e+00 | 2.0s
[   927] loss=-23.0299 | res=3.15e-01 | grad=2.45e+00 | 2.0s
[   928] loss=-23.4880 | res=3.66e-01 | grad=2.82e+00 | 2.0s
[   929] loss=-23.0314 | res=3.20e-01 | grad=2.78e+00 | 2.0s
[   930] loss=-22.8095 | res=3.26e-01 | grad=3.44e+00 | 2.0s
[   931] loss=-23.0295 | res=3.55e-01 | grad=2.49e+00 | 2.0s
[   932] loss=-22.5642 | res=3.49e-01 | grad=2.31e+00 | 2.0s
[   933] loss=-23.4502 | res=3.53e-01 | grad=2.89e+00 | 2.0s
[   934] loss=-22.9356 | res=3.18e-01 | grad=2.26e+00 | 2.0s
[   935] loss=-23.8012 | res=3.69e-01 | grad=2.95e+00 | 2.0s
[   936] loss=-22.8016 | res=3.18e-01 | grad=2.41e+00 | 2.0s
[   937] loss=-23.0382 | res=3.23e-01 | grad=2.30e+00 | 2.0s
[   938] loss=-22.7523 | res=3.43e-01 | grad=2.54e+00 | 2.0s
[   939] loss=-22.7180 | res=3.45e-01 | grad=2.66e+00 | 2.0s
[   940] loss=-23.3402 | res=3.26e-01 | grad=1.76e+00 | 2.0s
[   941] loss=-22.5225 | res=3.39e-01 | grad=2.98e+00 | 2.0s
[   942] loss=-22.7354 | res=3.42e-01 | grad=2.82e+00 | 2.0s
[   943] loss=-22.7992 | res=3.25e-01 | grad=2.60e+00 | 2.0s
[   944] loss=-23.5400 | res=3.46e-01 | grad=3.27e+00 | 2.0s
[   945] loss=-22.7612 | res=3.39e-01 | grad=2.90e+00 | 2.0s
[   946] loss=-22.6269 | res=3.35e-01 | grad=4.25e+00 | 2.0s
[   947] loss=-23.6767 | res=3.49e-01 | grad=2.77e+00 | 2.0s
[   948] loss=-22.0642 | res=3.37e-01 | grad=3.19e+00 | 2.0s
[   949] loss=-22.9163 | res=3.53e-01 | grad=3.11e+00 | 2.0s
[   950] loss=-22.6710 | res=3.60e-01 | grad=2.31e+00 | 2.0s
[   951] loss=-22.8514 | res=3.46e-01 | grad=2.57e+00 | 2.0s
[   952] loss=-23.1833 | res=3.53e-01 | grad=2.43e+00 | 2.0s
[   953] loss=-23.5808 | res=3.31e-01 | grad=3.60e+00 | 2.0s
[   954] loss=-23.3095 | res=3.51e-01 | grad=2.68e+00 | 2.0s
[   955] loss=-23.2894 | res=3.30e-01 | grad=2.32e+00 | 2.0s
[   956] loss=-22.8194 | res=3.39e-01 | grad=3.01e+00 | 2.0s
[   957] loss=-22.6225 | res=3.06e-01 | grad=2.35e+00 | 2.0s
[   958] loss=-22.5609 | res=3.14e-01 | grad=3.25e+00 | 2.0s
[   959] loss=-23.3990 | res=3.32e-01 | grad=3.38e+00 | 2.0s
[   960] loss=-23.1795 | res=3.30e-01 | grad=2.64e+00 | 2.0s
[   961] loss=-23.1899 | res=3.28e-01 | grad=1.72e+00 | 2.0s
[   962] loss=-22.6193 | res=3.46e-01 | grad=2.69e+00 | 2.0s
[   963] loss=-23.3097 | res=3.44e-01 | grad=2.33e+00 | 2.0s
[   964] loss=-23.3380 | res=3.49e-01 | grad=2.47e+00 | 2.0s
[   965] loss=-22.8223 | res=3.33e-01 | grad=3.22e+00 | 2.0s
[   966] loss=-23.3975 | res=3.42e-01 | grad=2.96e+00 | 2.0s
[   967] loss=-22.7350 | res=3.27e-01 | grad=2.59e+00 | 2.0s
[   968] loss=-22.9246 | res=3.50e-01 | grad=2.17e+00 | 2.0s
[   969] loss=-22.9513 | res=3.42e-01 | grad=2.67e+00 | 2.0s
[   970] loss=-23.0442 | res=3.39e-01 | grad=2.81e+00 | 2.0s
[   971] loss=-23.0116 | res=3.51e-01 | grad=3.20e+00 | 2.0s
[   972] loss=-23.2488 | res=3.12e-01 | grad=2.68e+00 | 2.0s
[   973] loss=-22.7772 | res=3.41e-01 | grad=2.98e+00 | 2.0s
[   974] loss=-22.9223 | res=3.23e-01 | grad=3.20e+00 | 2.0s
[   975] loss=-22.9146 | res=3.41e-01 | grad=2.72e+00 | 2.0s
[   976] loss=-23.0265 | res=3.04e-01 | grad=2.64e+00 | 2.0s
[   977] loss=-23.3059 | res=3.21e-01 | grad=3.44e+00 | 2.0s
[   978] loss=-23.7521 | res=3.58e-01 | grad=2.77e+00 | 2.0s
[   979] loss=-22.4589 | res=3.28e-01 | grad=2.86e+00 | 2.0s
[   980] loss=-22.3982 | res=3.29e-01 | grad=3.38e+00 | 2.0s
[   981] loss=-22.2472 | res=3.17e-01 | grad=3.12e+00 | 2.0s
[   982] loss=-22.8282 | res=3.38e-01 | grad=3.73e+00 | 2.0s
[   983] loss=-22.9748 | res=3.33e-01 | grad=2.97e+00 | 2.0s
[   984] loss=-22.9710 | res=3.46e-01 | grad=2.91e+00 | 2.0s
[   985] loss=-22.9379 | res=3.43e-01 | grad=2.69e+00 | 2.0s
[   986] loss=-22.8340 | res=3.28e-01 | grad=3.20e+00 | 2.0s
[   987] loss=-23.0517 | res=3.30e-01 | grad=3.26e+00 | 2.0s
[   988] loss=-23.0415 | res=3.29e-01 | grad=2.34e+00 | 2.0s
[   989] loss=-23.1218 | res=3.34e-01 | grad=2.42e+00 | 2.0s
[   990] loss=-22.3563 | res=3.30e-01 | grad=4.14e+00 | 2.0s
[   991] loss=-22.5107 | res=3.48e-01 | grad=3.11e+00 | 2.0s
[   992] loss=-22.8509 | res=3.39e-01 | grad=2.41e+00 | 2.0s
[   993] loss=-22.7425 | res=3.64e-01 | grad=2.83e+00 | 2.0s
[   994] loss=-22.3215 | res=3.43e-01 | grad=2.30e+00 | 2.0s
[   995] loss=-22.8464 | res=3.39e-01 | grad=2.66e+00 | 2.0s
[   996] loss=-22.9586 | res=3.17e-01 | grad=3.53e+00 | 2.0s
[   997] loss=-22.6942 | res=3.55e-01 | grad=3.03e+00 | 2.0s
[   998] loss=-23.0049 | res=3.46e-01 | grad=2.72e+00 | 2.0s
[   999] loss=-23.2656 | res=3.40e-01 | grad=3.32e+00 | 2.0s
[  1000] loss=-22.8837 | res=3.34e-01 | grad=3.25e+00 | 2.0s
  KL = 5.2451 +/- 0.0765  |  ESS = 131.3 (ratio: 0.128)
  Runtime = 1997.0s

[Ours] Training on T30...
  [High-D scaling] n_landmarks: 128 -> 512, hidden_dims: (128, 128) -> (128, 128)
/home/sjbhatt/anaconda3/envs/rcpms-jax/lib/python3.10/site-packages/jax/_src/ops/scatter.py:92: FutureWarning: scatter inputs have incompatible types: cannot safely cast value from dtype=int64 to dtype=int32 with jax_numpy_dtype_promotion='standard'. In future JAX releases this will result in an error.
  warnings.warn(
/home/sjbhatt/anaconda3/envs/rcpms-jax/lib/python3.10/site-packages/jax/_src/ops/scatter.py:92: FutureWarning: scatter inputs have incompatible types: cannot safely cast value from dtype=int64 to dtype=int32 with jax_numpy_dtype_promotion='standard'. In future JAX releases this will result in an error.
  warnings.warn(
[     1] loss=0.0388 | res=2.27e-03 | grad=6.14e+00 | 59.3s
[     2] loss=-0.2359 | res=2.15e-03 | grad=6.63e+00 | 3.7s
[     3] loss=-0.4896 | res=2.64e-03 | grad=8.44e+00 | 3.7s
[     4] loss=-0.7228 | res=4.13e-03 | grad=1.07e+01 | 3.6s
[     5] loss=-0.9577 | res=4.70e-03 | grad=1.28e+01 | 3.6s
[     6] loss=-1.1784 | res=4.91e-03 | grad=1.44e+01 | 3.7s
[     7] loss=-1.3563 | res=6.97e-03 | grad=1.48e+01 | 3.7s
[     8] loss=-1.7537 | res=8.94e-03 | grad=1.67e+01 | 3.6s
[     9] loss=-2.1035 | res=1.04e-02 | grad=1.76e+01 | 3.6s
[    10] loss=-2.3658 | res=1.15e-02 | grad=1.75e+01 | 3.6s
[    11] loss=-2.6212 | res=1.36e-02 | grad=1.79e+01 | 3.6s
[    12] loss=-2.8802 | res=1.60e-02 | grad=1.73e+01 | 3.6s
[    13] loss=-3.2707 | res=1.84e-02 | grad=1.72e+01 | 3.7s
[    14] loss=-3.1271 | res=1.98e-02 | grad=1.62e+01 | 3.7s
[    15] loss=-3.7055 | res=2.10e-02 | grad=1.71e+01 | 3.7s
[    16] loss=-3.7871 | res=2.29e-02 | grad=1.64e+01 | 3.6s
[    17] loss=-4.3003 | res=2.70e-02 | grad=1.72e+01 | 3.6s
[    18] loss=-4.5192 | res=2.98e-02 | grad=1.70e+01 | 3.7s
[    19] loss=-4.8646 | res=3.37e-02 | grad=1.73e+01 | 3.6s
[    20] loss=-5.2744 | res=3.70e-02 | grad=1.77e+01 | 3.7s
[    21] loss=-5.4623 | res=3.92e-02 | grad=1.76e+01 | 3.7s
[    22] loss=-5.8171 | res=4.23e-02 | grad=1.77e+01 | 3.7s
[    23] loss=-6.3130 | res=4.66e-02 | grad=1.81e+01 | 3.7s
[    24] loss=-6.5717 | res=4.74e-02 | grad=1.80e+01 | 3.7s
[    25] loss=-6.8666 | res=5.16e-02 | grad=1.81e+01 | 3.7s
[    26] loss=-7.2105 | res=5.56e-02 | grad=1.82e+01 | 3.7s
[    27] loss=-7.6549 | res=6.01e-02 | grad=1.85e+01 | 3.6s
[    28] loss=-8.2246 | res=6.43e-02 | grad=1.89e+01 | 3.7s
[    29] loss=-8.4843 | res=6.67e-02 | grad=1.88e+01 | 3.7s
[    30] loss=-8.8997 | res=7.31e-02 | grad=1.91e+01 | 3.7s
[    31] loss=-9.1346 | res=7.89e-02 | grad=1.89e+01 | 3.7s
[    32] loss=-10.0828 | res=8.55e-02 | grad=1.97e+01 | 3.7s
[    33] loss=-10.3083 | res=9.04e-02 | grad=1.95e+01 | 3.7s
[    34] loss=-10.9601 | res=9.97e-02 | grad=1.99e+01 | 3.7s
[    35] loss=-10.7035 | res=1.04e-01 | grad=1.93e+01 | 3.6s
[    36] loss=-11.7168 | res=1.14e-01 | grad=2.01e+01 | 3.6s
[    37] loss=-12.0559 | res=1.22e-01 | grad=1.99e+01 | 3.7s
[    38] loss=-12.7991 | res=1.35e-01 | grad=2.02e+01 | 3.7s
[    39] loss=-13.5920 | res=1.41e-01 | grad=2.07e+01 | 3.7s
[    40] loss=-13.7227 | res=1.59e-01 | grad=2.06e+01 | 3.7s
[    41] loss=-14.2588 | res=1.64e-01 | grad=2.04e+01 | 3.6s
[    42] loss=-15.3919 | res=1.84e-01 | grad=2.11e+01 | 3.6s
[    43] loss=-14.9660 | res=1.91e-01 | grad=2.04e+01 | 3.6s
[    44] loss=-16.0248 | res=2.04e-01 | grad=2.08e+01 | 3.6s
[    45] loss=-16.7029 | res=2.19e-01 | grad=2.11e+01 | 3.6s
[    46] loss=-17.0002 | res=2.42e-01 | grad=2.09e+01 | 3.7s
[    47] loss=-17.6710 | res=2.56e-01 | grad=2.08e+01 | 3.6s
[    48] loss=-18.1973 | res=2.76e-01 | grad=2.09e+01 | 3.6s
[    49] loss=-18.6330 | res=2.81e-01 | grad=2.06e+01 | 3.6s
[    50] loss=-19.0001 | res=3.19e-01 | grad=2.06e+01 | 3.6s
[    51] loss=-19.7506 | res=3.36e-01 | grad=2.09e+01 | 3.6s
[    52] loss=-20.3400 | res=3.55e-01 | grad=2.08e+01 | 3.6s
[    53] loss=-21.1271 | res=3.86e-01 | grad=2.08e+01 | 3.6s
[    54] loss=-21.1531 | res=4.12e-01 | grad=2.04e+01 | 3.6s
[    55] loss=-22.7891 | res=4.40e-01 | grad=2.08e+01 | 3.6s
[    56] loss=-23.0237 | res=4.81e-01 | grad=2.06e+01 | 3.6s
[    57] loss=-23.4437 | res=5.06e-01 | grad=2.04e+01 | 3.7s
[    58] loss=-24.2807 | res=5.42e-01 | grad=2.04e+01 | 3.6s
[    59] loss=-24.2237 | res=5.71e-01 | grad=2.00e+01 | 3.6s
[    60] loss=-25.6001 | res=5.95e-01 | grad=2.02e+01 | 3.6s
[    61] loss=-26.2642 | res=6.43e-01 | grad=1.97e+01 | 3.6s
[    62] loss=-26.0686 | res=6.57e-01 | grad=1.90e+01 | 3.7s
[    63] loss=-26.7350 | res=7.16e-01 | grad=1.89e+01 | 3.7s
[    64] loss=-27.6894 | res=7.59e-01 | grad=1.85e+01 | 3.7s
[    65] loss=-28.9389 | res=8.01e-01 | grad=1.84e+01 | 3.7s
[    66] loss=-29.0820 | res=8.59e-01 | grad=1.78e+01 | 3.7s
[    67] loss=-28.9696 | res=8.70e-01 | grad=1.66e+01 | 3.7s
[    68] loss=-29.4881 | res=9.29e-01 | grad=1.57e+01 | 3.7s
[    69] loss=-30.4281 | res=9.65e-01 | grad=1.52e+01 | 3.7s
[    70] loss=-31.6258 | res=1.01e+00 | grad=1.45e+01 | 3.7s
[    71] loss=-31.3151 | res=1.03e+00 | grad=1.27e+01 | 3.7s
[    72] loss=-32.2521 | res=1.10e+00 | grad=1.21e+01 | 3.7s
[    73] loss=-32.9287 | res=1.12e+00 | grad=1.06e+01 | 3.7s
[    74] loss=-33.0354 | res=1.15e+00 | grad=9.02e+00 | 3.7s
[    75] loss=-33.5731 | res=1.21e+00 | grad=8.61e+00 | 3.7s
[    76] loss=-32.9810 | res=1.20e+00 | grad=6.88e+00 | 3.7s
[    77] loss=-33.3647 | res=1.26e+00 | grad=5.52e+00 | 3.7s
[    78] loss=-34.6163 | res=1.28e+00 | grad=4.95e+00 | 3.7s
[    79] loss=-33.4343 | res=1.30e+00 | grad=3.25e+00 | 3.7s
[    80] loss=-33.7273 | res=1.32e+00 | grad=2.74e+00 | 3.6s
[    81] loss=-34.3738 | res=1.31e+00 | grad=2.48e+00 | 3.7s
[    82] loss=-34.5825 | res=1.34e+00 | grad=2.86e+00 | 3.7s
[    83] loss=-34.2928 | res=1.31e+00 | grad=2.26e+00 | 3.7s
[    84] loss=-33.8438 | res=1.28e+00 | grad=2.52e+00 | 3.7s
[    85] loss=-34.6280 | res=1.29e+00 | grad=3.04e+00 | 3.7s
[    86] loss=-33.8695 | res=1.29e+00 | grad=2.51e+00 | 3.7s
[    87] loss=-33.7829 | res=1.28e+00 | grad=2.07e+00 | 3.7s
[    88] loss=-33.0486 | res=1.27e+00 | grad=2.44e+00 | 3.7s
[    89] loss=-34.3407 | res=1.26e+00 | grad=3.69e+00 | 3.7s
[    90] loss=-33.2932 | res=1.26e+00 | grad=2.99e+00 | 3.7s
[    91] loss=-33.3228 | res=1.27e+00 | grad=2.95e+00 | 3.7s
[    92] loss=-34.1238 | res=1.22e+00 | grad=2.75e+00 | 3.7s
[    93] loss=-33.8704 | res=1.19e+00 | grad=2.66e+00 | 3.7s
[    94] loss=-33.8685 | res=1.22e+00 | grad=2.38e+00 | 3.7s
[    95] loss=-34.0294 | res=1.23e+00 | grad=1.93e+00 | 3.7s
[    96] loss=-33.9807 | res=1.21e+00 | grad=2.68e+00 | 3.6s
[    97] loss=-34.7905 | res=1.19e+00 | grad=2.34e+00 | 3.7s
[    98] loss=-34.8536 | res=1.18e+00 | grad=2.38e+00 | 3.7s
[    99] loss=-34.8850 | res=1.20e+00 | grad=2.32e+00 | 3.7s
[   100] loss=-33.3827 | res=1.18e+00 | grad=2.35e+00 | 3.6s
[   101] loss=-34.3315 | res=1.20e+00 | grad=2.07e+00 | 3.7s
[   102] loss=-34.7251 | res=1.17e+00 | grad=1.72e+00 | 3.7s
[   103] loss=-34.3300 | res=1.19e+00 | grad=2.09e+00 | 3.7s
[   104] loss=-34.4406 | res=1.17e+00 | grad=2.05e+00 | 3.6s
[   105] loss=-34.3088 | res=1.18e+00 | grad=2.02e+00 | 3.6s
[   106] loss=-34.6482 | res=1.13e+00 | grad=2.68e+00 | 3.7s
[   107] loss=-34.6036 | res=1.16e+00 | grad=2.18e+00 | 3.7s
[   108] loss=-34.6362 | res=1.15e+00 | grad=2.53e+00 | 3.7s
[   109] loss=-33.4758 | res=1.18e+00 | grad=1.95e+00 | 3.7s
[   110] loss=-34.8406 | res=1.17e+00 | grad=2.37e+00 | 3.6s
[   111] loss=-35.5223 | res=1.17e+00 | grad=1.86e+00 | 3.6s
[   112] loss=-33.7986 | res=1.16e+00 | grad=2.15e+00 | 3.7s
[   113] loss=-35.0134 | res=1.16e+00 | grad=2.08e+00 | 3.7s
[   114] loss=-33.8935 | res=1.15e+00 | grad=3.20e+00 | 3.7s
[   115] loss=-34.4552 | res=1.14e+00 | grad=1.80e+00 | 3.7s
[   116] loss=-34.6208 | res=1.13e+00 | grad=2.76e+00 | 3.6s
[   117] loss=-33.5664 | res=1.10e+00 | grad=1.93e+00 | 3.6s
[   118] loss=-34.9233 | res=1.13e+00 | grad=2.03e+00 | 3.6s
[   119] loss=-35.0925 | res=1.10e+00 | grad=2.22e+00 | 3.7s
[   120] loss=-34.2491 | res=1.15e+00 | grad=1.95e+00 | 3.6s
[   121] loss=-33.5956 | res=1.07e+00 | grad=1.84e+00 | 3.6s
[   122] loss=-34.6194 | res=1.11e+00 | grad=1.92e+00 | 3.7s
[   123] loss=-35.0359 | res=1.11e+00 | grad=2.67e+00 | 3.6s
[   124] loss=-35.1864 | res=1.14e+00 | grad=2.95e+00 | 3.7s
[   125] loss=-33.5075 | res=1.12e+00 | grad=2.08e+00 | 3.6s
[   126] loss=-34.4392 | res=1.12e+00 | grad=1.60e+00 | 3.6s
[   127] loss=-34.2101 | res=1.12e+00 | grad=1.91e+00 | 3.7s
[   128] loss=-34.4033 | res=1.11e+00 | grad=1.99e+00 | 3.7s
[   129] loss=-34.6095 | res=1.14e+00 | grad=1.77e+00 | 3.7s
[   130] loss=-35.0866 | res=1.13e+00 | grad=2.03e+00 | 3.7s
[   131] loss=-34.4928 | res=1.12e+00 | grad=1.47e+00 | 3.7s
[   132] loss=-34.6543 | res=1.14e+00 | grad=1.63e+00 | 3.7s
[   133] loss=-34.4120 | res=1.12e+00 | grad=1.47e+00 | 3.7s
[   134] loss=-34.7456 | res=1.11e+00 | grad=2.19e+00 | 3.6s
[   135] loss=-34.8924 | res=1.09e+00 | grad=1.42e+00 | 3.7s
[   136] loss=-34.3693 | res=1.10e+00 | grad=1.61e+00 | 3.7s
[   137] loss=-34.1885 | res=1.08e+00 | grad=1.78e+00 | 3.6s
[   138] loss=-34.7663 | res=1.09e+00 | grad=2.07e+00 | 3.7s
[   139] loss=-34.6003 | res=1.08e+00 | grad=1.77e+00 | 3.7s
[   140] loss=-34.9033 | res=1.07e+00 | grad=1.82e+00 | 3.7s
[   141] loss=-34.7562 | res=1.11e+00 | grad=1.74e+00 | 3.7s
[   142] loss=-34.7161 | res=1.14e+00 | grad=1.15e+00 | 3.7s
[   143] loss=-35.0541 | res=1.10e+00 | grad=1.32e+00 | 3.7s
[   144] loss=-34.2124 | res=1.11e+00 | grad=1.84e+00 | 3.7s
[   145] loss=-34.5000 | res=1.11e+00 | grad=1.35e+00 | 3.7s
[   146] loss=-34.9104 | res=1.14e+00 | grad=1.60e+00 | 3.7s
[   147] loss=-33.6910 | res=1.10e+00 | grad=1.92e+00 | 3.7s
[   148] loss=-35.5007 | res=1.10e+00 | grad=1.69e+00 | 3.7s
[   149] loss=-34.1656 | res=1.09e+00 | grad=1.61e+00 | 3.7s
[   150] loss=-34.4955 | res=1.09e+00 | grad=1.73e+00 | 3.7s
[   151] loss=-34.6849 | res=1.07e+00 | grad=1.44e+00 | 3.7s
[   152] loss=-34.6464 | res=1.08e+00 | grad=1.52e+00 | 3.7s
[   153] loss=-33.9987 | res=1.06e+00 | grad=1.97e+00 | 3.7s
[   154] loss=-34.4299 | res=1.09e+00 | grad=1.78e+00 | 3.7s
[   155] loss=-33.9950 | res=1.06e+00 | grad=1.50e+00 | 3.7s
[   156] loss=-34.2308 | res=1.06e+00 | grad=1.62e+00 | 3.7s
[   157] loss=-34.8137 | res=1.08e+00 | grad=2.24e+00 | 3.7s
[   158] loss=-35.0777 | res=1.06e+00 | grad=1.86e+00 | 3.7s
[   159] loss=-34.3067 | res=1.09e+00 | grad=1.47e+00 | 3.7s
[   160] loss=-34.7356 | res=1.11e+00 | grad=1.34e+00 | 3.7s
[   161] loss=-33.6530 | res=1.11e+00 | grad=2.07e+00 | 3.7s
[   162] loss=-34.1218 | res=1.09e+00 | grad=1.64e+00 | 3.7s
[   163] loss=-34.3556 | res=1.07e+00 | grad=1.52e+00 | 3.7s
[   164] loss=-34.9916 | res=1.05e+00 | grad=2.08e+00 | 3.7s
[   165] loss=-35.4777 | res=1.08e+00 | grad=2.31e+00 | 3.6s
[   166] loss=-35.5797 | res=1.06e+00 | grad=1.78e+00 | 3.7s
[   167] loss=-34.8788 | res=1.09e+00 | grad=1.65e+00 | 3.7s
[   168] loss=-34.8332 | res=1.06e+00 | grad=1.66e+00 | 3.7s
[   169] loss=-33.5360 | res=1.09e+00 | grad=1.69e+00 | 3.6s
[   170] loss=-34.2997 | res=1.07e+00 | grad=1.72e+00 | 3.7s
[   171] loss=-33.2490 | res=1.06e+00 | grad=1.59e+00 | 3.7s
[   172] loss=-34.7941 | res=1.06e+00 | grad=1.54e+00 | 3.6s
[   173] loss=-35.2827 | res=1.09e+00 | grad=1.86e+00 | 3.7s
[   174] loss=-34.9949 | res=1.08e+00 | grad=1.76e+00 | 3.7s
[   175] loss=-34.6887 | res=1.10e+00 | grad=1.74e+00 | 3.7s
[   176] loss=-34.8689 | res=1.07e+00 | grad=1.70e+00 | 3.7s
[   177] loss=-34.6069 | res=1.07e+00 | grad=1.65e+00 | 3.6s
[   178] loss=-34.9663 | res=1.08e+00 | grad=1.38e+00 | 3.7s
[   179] loss=-34.3686 | res=1.07e+00 | grad=1.80e+00 | 3.7s
[   180] loss=-34.1212 | res=1.08e+00 | grad=1.90e+00 | 3.7s
[   181] loss=-34.6149 | res=1.07e+00 | grad=1.75e+00 | 3.7s
[   182] loss=-33.9539 | res=1.08e+00 | grad=1.91e+00 | 3.7s
[   183] loss=-34.8746 | res=1.05e+00 | grad=1.51e+00 | 3.7s
[   184] loss=-33.7110 | res=1.07e+00 | grad=1.32e+00 | 3.6s
[   185] loss=-35.5303 | res=1.07e+00 | grad=1.67e+00 | 3.6s
[   186] loss=-34.6363 | res=1.08e+00 | grad=1.66e+00 | 3.7s
[   187] loss=-34.4883 | res=1.06e+00 | grad=1.79e+00 | 3.7s
[   188] loss=-35.0491 | res=1.08e+00 | grad=1.68e+00 | 3.7s
[   189] loss=-34.7203 | res=1.07e+00 | grad=1.68e+00 | 3.6s
[   190] loss=-34.5506 | res=1.06e+00 | grad=1.23e+00 | 3.7s
[   191] loss=-34.3377 | res=1.06e+00 | grad=1.26e+00 | 3.7s
[   192] loss=-35.1657 | res=1.07e+00 | grad=1.50e+00 | 3.6s
[   193] loss=-34.4084 | res=1.07e+00 | grad=1.45e+00 | 3.6s
[   194] loss=-34.7250 | res=1.03e+00 | grad=2.03e+00 | 3.6s
[   195] loss=-35.3293 | res=1.06e+00 | grad=2.14e+00 | 3.7s
[   196] loss=-34.4400 | res=1.04e+00 | grad=1.48e+00 | 3.7s
[   197] loss=-33.9689 | res=1.05e+00 | grad=1.50e+00 | 3.7s
[   198] loss=-34.8709 | res=1.05e+00 | grad=1.54e+00 | 3.7s
[   199] loss=-34.1795 | res=1.04e+00 | grad=1.90e+00 | 3.7s
[   200] loss=-34.4976 | res=1.10e+00 | grad=1.70e+00 | 3.6s
[   201] loss=-34.5880 | res=1.06e+00 | grad=1.74e+00 | 3.6s
[   202] loss=-34.9670 | res=1.04e+00 | grad=1.52e+00 | 3.7s
[   203] loss=-34.6401 | res=1.06e+00 | grad=1.70e+00 | 3.7s
[   204] loss=-35.2403 | res=1.07e+00 | grad=1.92e+00 | 3.7s
[   205] loss=-35.0397 | res=1.06e+00 | grad=1.32e+00 | 3.7s
[   206] loss=-34.5199 | res=1.05e+00 | grad=1.56e+00 | 3.7s
[   207] loss=-33.9567 | res=1.06e+00 | grad=2.15e+00 | 3.7s
[   208] loss=-34.8443 | res=1.05e+00 | grad=2.17e+00 | 3.7s
[   209] loss=-34.6870 | res=1.05e+00 | grad=1.91e+00 | 3.7s
[   210] loss=-34.2923 | res=1.05e+00 | grad=1.75e+00 | 3.7s
[   211] loss=-34.9283 | res=1.05e+00 | grad=1.84e+00 | 3.7s
[   212] loss=-34.5508 | res=1.03e+00 | grad=1.72e+00 | 3.7s
[   213] loss=-35.1181 | res=1.04e+00 | grad=1.40e+00 | 3.7s
[   214] loss=-33.9058 | res=1.06e+00 | grad=1.64e+00 | 3.7s
[   215] loss=-34.1571 | res=1.03e+00 | grad=1.35e+00 | 3.7s
[   216] loss=-34.5081 | res=1.03e+00 | grad=1.77e+00 | 3.7s
[   217] loss=-34.4243 | res=1.05e+00 | grad=1.32e+00 | 3.7s
[   218] loss=-34.8087 | res=1.03e+00 | grad=1.32e+00 | 3.7s
[   219] loss=-34.6062 | res=1.04e+00 | grad=1.83e+00 | 3.7s
[   220] loss=-34.6336 | res=1.02e+00 | grad=1.12e+00 | 3.7s
[   221] loss=-34.2817 | res=1.01e+00 | grad=1.11e+00 | 3.7s
[   222] loss=-34.7941 | res=1.04e+00 | grad=1.44e+00 | 3.6s
[   223] loss=-34.1814 | res=1.04e+00 | grad=1.68e+00 | 3.7s
[   224] loss=-33.6884 | res=1.03e+00 | grad=1.42e+00 | 3.7s
[   225] loss=-33.9513 | res=1.01e+00 | grad=1.25e+00 | 3.7s
[   226] loss=-34.2077 | res=1.03e+00 | grad=1.60e+00 | 3.7s
[   227] loss=-34.4469 | res=1.02e+00 | grad=1.85e+00 | 3.7s
[   228] loss=-35.0356 | res=1.02e+00 | grad=1.88e+00 | 3.7s
[   229] loss=-34.8755 | res=1.01e+00 | grad=2.08e+00 | 3.7s
[   230] loss=-34.5121 | res=1.04e+00 | grad=1.83e+00 | 3.7s
[   231] loss=-34.3161 | res=1.04e+00 | grad=1.16e+00 | 3.7s
[   232] loss=-34.2657 | res=1.04e+00 | grad=1.49e+00 | 3.7s
[   233] loss=-34.9786 | res=1.02e+00 | grad=1.85e+00 | 3.7s
[   234] loss=-34.6032 | res=1.02e+00 | grad=1.71e+00 | 3.7s
[   235] loss=-34.3233 | res=1.04e+00 | grad=1.59e+00 | 3.7s
[   236] loss=-34.6895 | res=1.01e+00 | grad=1.78e+00 | 3.7s
[   237] loss=-34.1933 | res=1.01e+00 | grad=1.85e+00 | 3.6s
[   238] loss=-34.2271 | res=1.02e+00 | grad=1.56e+00 | 3.6s
[   239] loss=-34.6722 | res=1.03e+00 | grad=1.62e+00 | 3.7s
[   240] loss=-34.6227 | res=1.02e+00 | grad=1.37e+00 | 3.7s
[   241] loss=-34.9141 | res=1.03e+00 | grad=1.75e+00 | 3.7s
[   242] loss=-35.1225 | res=1.04e+00 | grad=1.72e+00 | 3.7s
[   243] loss=-35.1204 | res=1.03e+00 | grad=1.64e+00 | 3.7s
[   244] loss=-34.9344 | res=1.02e+00 | grad=1.38e+00 | 3.7s
[   245] loss=-35.1806 | res=1.03e+00 | grad=1.24e+00 | 3.6s
[   246] loss=-34.3345 | res=1.01e+00 | grad=1.84e+00 | 3.7s
[   247] loss=-34.3544 | res=1.02e+00 | grad=1.54e+00 | 3.7s
[   248] loss=-34.4102 | res=1.01e+00 | grad=1.50e+00 | 3.7s
[   249] loss=-34.0715 | res=1.02e+00 | grad=1.68e+00 | 3.7s
[   250] loss=-35.5811 | res=1.02e+00 | grad=1.58e+00 | 3.7s
[   251] loss=-34.4987 | res=1.02e+00 | grad=1.69e+00 | 3.7s
[   252] loss=-34.9627 | res=1.02e+00 | grad=1.36e+00 | 3.6s
[   253] loss=-35.1909 | res=1.00e+00 | grad=1.24e+00 | 3.6s
[   254] loss=-34.3374 | res=1.00e+00 | grad=1.39e+00 | 3.6s
[   255] loss=-34.8177 | res=1.02e+00 | grad=1.82e+00 | 3.7s
[   256] loss=-34.5536 | res=9.97e-01 | grad=1.65e+00 | 3.6s
[   257] loss=-35.0655 | res=9.93e-01 | grad=1.72e+00 | 3.7s
[   258] loss=-34.6454 | res=1.01e+00 | grad=1.41e+00 | 3.6s
[   259] loss=-34.5054 | res=9.92e-01 | grad=1.23e+00 | 3.6s
[   260] loss=-34.9145 | res=9.97e-01 | grad=1.31e+00 | 3.6s
[   261] loss=-34.8996 | res=1.00e+00 | grad=1.31e+00 | 3.6s
[   262] loss=-34.5419 | res=1.01e+00 | grad=1.58e+00 | 3.6s
[   263] loss=-34.4135 | res=1.01e+00 | grad=1.39e+00 | 3.7s
[   264] loss=-34.5131 | res=1.01e+00 | grad=1.40e+00 | 3.6s
[   265] loss=-34.8061 | res=9.99e-01 | grad=1.31e+00 | 3.7s
[   266] loss=-35.5672 | res=9.97e-01 | grad=1.15e+00 | 3.6s
[   267] loss=-34.1017 | res=9.87e-01 | grad=1.53e+00 | 3.6s
[   268] loss=-33.8607 | res=1.01e+00 | grad=1.38e+00 | 3.7s
[   269] loss=-34.4628 | res=1.01e+00 | grad=1.46e+00 | 3.6s
[   270] loss=-34.5742 | res=9.92e-01 | grad=1.23e+00 | 3.6s
[   271] loss=-34.1430 | res=9.78e-01 | grad=1.41e+00 | 3.7s
[   272] loss=-34.8921 | res=9.71e-01 | grad=1.68e+00 | 3.7s
[   273] loss=-35.3173 | res=9.93e-01 | grad=1.57e+00 | 3.6s
[   274] loss=-35.5980 | res=9.91e-01 | grad=1.80e+00 | 3.6s
[   275] loss=-34.0436 | res=9.82e-01 | grad=1.43e+00 | 3.7s
[   276] loss=-34.7949 | res=9.89e-01 | grad=1.85e+00 | 3.6s
[   277] loss=-34.7497 | res=9.98e-01 | grad=1.30e+00 | 3.6s
[   278] loss=-34.7199 | res=9.84e-01 | grad=1.35e+00 | 3.6s
[   279] loss=-33.9376 | res=9.88e-01 | grad=1.41e+00 | 3.7s
[   280] loss=-34.3097 | res=9.91e-01 | grad=1.26e+00 | 3.6s
[   281] loss=-33.9266 | res=9.94e-01 | grad=1.44e+00 | 3.7s
[   282] loss=-34.3565 | res=9.78e-01 | grad=1.44e+00 | 3.6s
[   283] loss=-35.2776 | res=9.83e-01 | grad=1.42e+00 | 3.7s
[   284] loss=-34.5956 | res=9.69e-01 | grad=1.43e+00 | 3.7s
[   285] loss=-34.3267 | res=1.00e+00 | grad=1.29e+00 | 3.7s
[   286] loss=-35.0936 | res=1.00e+00 | grad=1.81e+00 | 3.7s
[   287] loss=-35.0510 | res=1.01e+00 | grad=1.38e+00 | 3.7s
[   288] loss=-34.2697 | res=9.98e-01 | grad=1.26e+00 | 3.7s
[   289] loss=-34.8654 | res=1.01e+00 | grad=1.43e+00 | 3.7s
[   290] loss=-34.4667 | res=1.00e+00 | grad=1.45e+00 | 3.7s
[   291] loss=-34.2294 | res=9.90e-01 | grad=1.37e+00 | 3.7s
[   292] loss=-34.9177 | res=9.89e-01 | grad=1.48e+00 | 3.7s
[   293] loss=-35.0784 | res=9.99e-01 | grad=1.55e+00 | 3.7s
[   294] loss=-34.6364 | res=9.73e-01 | grad=1.14e+00 | 3.7s
[   295] loss=-34.5970 | res=9.65e-01 | grad=1.23e+00 | 3.7s
[   296] loss=-35.0918 | res=9.88e-01 | grad=1.76e+00 | 3.7s
[   297] loss=-35.1803 | res=9.79e-01 | grad=1.83e+00 | 3.7s
[   298] loss=-34.4922 | res=9.58e-01 | grad=1.54e+00 | 3.7s
[   299] loss=-34.4777 | res=9.80e-01 | grad=1.39e+00 | 3.7s
[   300] loss=-34.3533 | res=9.42e-01 | grad=1.07e+00 | 3.7s
[   301] loss=-34.4713 | res=9.71e-01 | grad=1.38e+00 | 3.7s
[   302] loss=-35.5564 | res=9.62e-01 | grad=1.40e+00 | 3.7s
[   303] loss=-34.6648 | res=9.53e-01 | grad=1.25e+00 | 3.7s
[   304] loss=-34.4109 | res=9.74e-01 | grad=1.54e+00 | 3.7s
[   305] loss=-34.8670 | res=9.71e-01 | grad=1.27e+00 | 3.7s
[   306] loss=-34.4792 | res=9.73e-01 | grad=1.46e+00 | 3.7s
[   307] loss=-35.4368 | res=9.68e-01 | grad=1.68e+00 | 3.7s
[   308] loss=-35.5986 | res=9.76e-01 | grad=1.91e+00 | 3.7s
[   309] loss=-34.4026 | res=9.81e-01 | grad=1.46e+00 | 3.7s
[   310] loss=-35.2947 | res=9.79e-01 | grad=1.54e+00 | 3.6s
[   311] loss=-34.6146 | res=9.91e-01 | grad=1.63e+00 | 3.7s
[   312] loss=-34.5055 | res=9.89e-01 | grad=1.36e+00 | 3.7s
[   313] loss=-35.2323 | res=9.77e-01 | grad=1.48e+00 | 3.6s
[   314] loss=-35.1717 | res=9.73e-01 | grad=1.26e+00 | 3.6s
[   315] loss=-35.1728 | res=9.72e-01 | grad=1.49e+00 | 3.7s
[   316] loss=-34.4765 | res=9.82e-01 | grad=1.54e+00 | 3.7s
[   317] loss=-34.5566 | res=9.61e-01 | grad=1.29e+00 | 3.7s
[   318] loss=-35.2167 | res=9.68e-01 | grad=1.24e+00 | 3.7s
[   319] loss=-34.0667 | res=9.49e-01 | grad=1.42e+00 | 3.7s
[   320] loss=-35.8927 | res=9.78e-01 | grad=1.92e+00 | 3.7s
[   321] loss=-34.9927 | res=9.72e-01 | grad=1.60e+00 | 3.7s
[   322] loss=-33.7104 | res=9.58e-01 | grad=1.20e+00 | 3.7s
[   323] loss=-34.5614 | res=9.56e-01 | grad=1.34e+00 | 3.7s
[   324] loss=-35.0795 | res=9.59e-01 | grad=1.67e+00 | 3.7s
[   325] loss=-34.6331 | res=9.56e-01 | grad=1.33e+00 | 3.7s
[   326] loss=-34.3872 | res=9.73e-01 | grad=1.51e+00 | 3.7s
[   327] loss=-34.9028 | res=9.59e-01 | grad=1.48e+00 | 3.7s
[   328] loss=-34.3519 | res=9.82e-01 | grad=1.22e+00 | 3.7s
[   329] loss=-34.7875 | res=9.66e-01 | grad=1.36e+00 | 3.6s
[   330] loss=-34.6938 | res=9.84e-01 | grad=1.05e+00 | 3.7s
[   331] loss=-33.7909 | res=9.47e-01 | grad=1.10e+00 | 3.7s
[   332] loss=-35.0474 | res=9.58e-01 | grad=1.37e+00 | 3.7s
[   333] loss=-33.9324 | res=9.63e-01 | grad=1.57e+00 | 3.7s
[   334] loss=-34.9423 | res=9.52e-01 | grad=1.37e+00 | 3.7s
[   335] loss=-34.5979 | res=9.48e-01 | grad=1.49e+00 | 3.7s
[   336] loss=-35.0935 | res=9.52e-01 | grad=1.37e+00 | 3.7s
[   337] loss=-34.5126 | res=9.30e-01 | grad=1.61e+00 | 3.7s
[   338] loss=-34.5044 | res=9.50e-01 | grad=1.54e+00 | 3.7s
[   339] loss=-34.6702 | res=9.53e-01 | grad=1.26e+00 | 3.7s
[   340] loss=-34.5021 | res=9.33e-01 | grad=1.19e+00 | 3.7s
[   341] loss=-34.7231 | res=9.41e-01 | grad=1.47e+00 | 3.7s
[   342] loss=-34.7066 | res=9.56e-01 | grad=1.37e+00 | 3.7s
[   343] loss=-35.2751 | res=9.74e-01 | grad=1.61e+00 | 3.7s
[   344] loss=-34.5522 | res=9.48e-01 | grad=1.55e+00 | 3.7s
[   345] loss=-34.7755 | res=9.67e-01 | grad=1.35e+00 | 3.7s
[   346] loss=-34.0561 | res=9.56e-01 | grad=1.60e+00 | 3.7s
[   347] loss=-35.0748 | res=9.55e-01 | grad=1.34e+00 | 3.7s
[   348] loss=-34.3873 | res=9.40e-01 | grad=1.25e+00 | 3.7s
[   349] loss=-34.5556 | res=9.58e-01 | grad=1.69e+00 | 3.7s
[   350] loss=-34.2515 | res=9.72e-01 | grad=1.35e+00 | 3.7s
[   351] loss=-34.8055 | res=9.67e-01 | grad=1.44e+00 | 3.7s
[   352] loss=-34.4682 | res=9.37e-01 | grad=1.39e+00 | 3.7s
[   353] loss=-34.4637 | res=9.55e-01 | grad=1.35e+00 | 3.7s
[   354] loss=-34.6401 | res=9.36e-01 | grad=1.34e+00 | 3.7s
[   355] loss=-34.6829 | res=9.43e-01 | grad=1.52e+00 | 3.7s
[   356] loss=-34.6382 | res=9.32e-01 | grad=1.46e+00 | 3.7s
[   357] loss=-34.7918 | res=9.55e-01 | grad=1.70e+00 | 3.6s
[   358] loss=-34.5176 | res=9.42e-01 | grad=1.22e+00 | 3.7s
[   359] loss=-34.7350 | res=9.49e-01 | grad=1.38e+00 | 3.7s
[   360] loss=-34.2107 | res=9.49e-01 | grad=1.14e+00 | 3.7s
[   361] loss=-34.6654 | res=9.32e-01 | grad=1.28e+00 | 3.7s
[   362] loss=-34.3232 | res=9.30e-01 | grad=1.40e+00 | 3.7s
[   363] loss=-34.6157 | res=9.67e-01 | grad=1.29e+00 | 3.7s
[   364] loss=-34.7131 | res=9.43e-01 | grad=1.54e+00 | 3.7s
[   365] loss=-34.8260 | res=9.51e-01 | grad=1.47e+00 | 3.7s
[   366] loss=-34.6185 | res=9.26e-01 | grad=1.44e+00 | 3.6s
[   367] loss=-34.7103 | res=9.39e-01 | grad=1.53e+00 | 3.7s
[   368] loss=-34.7314 | res=9.30e-01 | grad=1.26e+00 | 3.7s
[   369] loss=-35.5656 | res=9.35e-01 | grad=1.43e+00 | 3.7s
[   370] loss=-34.0799 | res=9.45e-01 | grad=1.49e+00 | 3.7s
[   371] loss=-35.2303 | res=9.38e-01 | grad=1.24e+00 | 3.7s
[   372] loss=-35.0860 | res=9.55e-01 | grad=1.31e+00 | 3.7s
[   373] loss=-34.3765 | res=9.30e-01 | grad=1.42e+00 | 3.7s
[   374] loss=-34.8895 | res=9.30e-01 | grad=1.56e+00 | 3.7s
[   375] loss=-35.0281 | res=9.43e-01 | grad=1.16e+00 | 3.7s
[   376] loss=-34.8091 | res=9.44e-01 | grad=1.43e+00 | 3.7s
[   377] loss=-34.7577 | res=9.21e-01 | grad=1.40e+00 | 3.7s
[   378] loss=-34.4277 | res=9.07e-01 | grad=1.42e+00 | 3.7s
[   379] loss=-34.6266 | res=9.36e-01 | grad=1.33e+00 | 3.7s
[   380] loss=-34.6436 | res=9.64e-01 | grad=1.58e+00 | 3.7s
[   381] loss=-34.1702 | res=9.43e-01 | grad=1.29e+00 | 3.6s
[   382] loss=-34.9911 | res=9.14e-01 | grad=1.48e+00 | 3.7s
[   383] loss=-34.7857 | res=9.38e-01 | grad=1.33e+00 | 3.7s
[   384] loss=-34.8009 | res=9.13e-01 | grad=1.48e+00 | 3.7s
[   385] loss=-35.1086 | res=9.42e-01 | grad=1.54e+00 | 3.6s
[   386] loss=-34.9786 | res=9.49e-01 | grad=1.56e+00 | 3.7s
[   387] loss=-33.6948 | res=9.08e-01 | grad=1.45e+00 | 3.7s
[   388] loss=-35.3228 | res=9.25e-01 | grad=1.52e+00 | 3.7s
[   389] loss=-34.6203 | res=9.31e-01 | grad=1.53e+00 | 3.7s
[   390] loss=-34.3586 | res=9.41e-01 | grad=1.54e+00 | 3.7s
[   391] loss=-35.1269 | res=9.25e-01 | grad=1.37e+00 | 3.7s
[   392] loss=-35.4292 | res=9.25e-01 | grad=1.83e+00 | 3.7s
[   393] loss=-34.7126 | res=9.43e-01 | grad=1.46e+00 | 3.7s
[   394] loss=-34.9473 | res=9.37e-01 | grad=1.50e+00 | 3.7s
[   395] loss=-34.9986 | res=9.31e-01 | grad=1.27e+00 | 3.7s
[   396] loss=-35.8613 | res=9.50e-01 | grad=1.51e+00 | 3.7s
[   397] loss=-34.3639 | res=9.28e-01 | grad=1.55e+00 | 3.7s
[   398] loss=-34.9186 | res=8.93e-01 | grad=1.56e+00 | 3.7s
[   399] loss=-33.2253 | res=9.09e-01 | grad=1.55e+00 | 3.7s
[   400] loss=-34.8166 | res=9.26e-01 | grad=1.52e+00 | 3.7s
[   401] loss=-33.9408 | res=9.25e-01 | grad=1.33e+00 | 3.7s
[   402] loss=-34.2513 | res=9.18e-01 | grad=1.60e+00 | 3.7s
[   403] loss=-34.6110 | res=9.17e-01 | grad=1.57e+00 | 3.7s
[   404] loss=-34.2462 | res=9.23e-01 | grad=1.27e+00 | 3.7s
[   405] loss=-34.5610 | res=9.09e-01 | grad=1.52e+00 | 3.7s
[   406] loss=-34.0551 | res=9.17e-01 | grad=1.69e+00 | 3.7s
[   407] loss=-35.0508 | res=9.39e-01 | grad=1.47e+00 | 3.7s
[   408] loss=-34.2822 | res=9.07e-01 | grad=1.49e+00 | 3.7s
[   409] loss=-34.9683 | res=9.08e-01 | grad=1.24e+00 | 3.7s
[   410] loss=-34.6084 | res=9.36e-01 | grad=9.58e-01 | 3.7s
[   411] loss=-35.0152 | res=9.01e-01 | grad=1.42e+00 | 3.7s
[   412] loss=-34.3664 | res=9.03e-01 | grad=1.51e+00 | 3.7s
[   413] loss=-34.7216 | res=9.11e-01 | grad=1.31e+00 | 3.7s
[   414] loss=-34.5707 | res=9.13e-01 | grad=1.67e+00 | 3.7s
[   415] loss=-34.1795 | res=9.20e-01 | grad=1.35e+00 | 3.7s
[   416] loss=-34.4248 | res=9.23e-01 | grad=1.45e+00 | 3.7s
[   417] loss=-35.3057 | res=9.09e-01 | grad=1.17e+00 | 3.7s
[   418] loss=-34.4840 | res=9.06e-01 | grad=1.70e+00 | 3.7s
[   419] loss=-35.3896 | res=9.27e-01 | grad=1.53e+00 | 3.7s
[   420] loss=-34.6631 | res=9.33e-01 | grad=1.73e+00 | 3.7s
[   421] loss=-34.7188 | res=9.30e-01 | grad=1.52e+00 | 3.7s
[   422] loss=-34.2070 | res=9.38e-01 | grad=1.24e+00 | 3.7s
[   423] loss=-34.6490 | res=9.29e-01 | grad=1.39e+00 | 3.7s
[   424] loss=-34.7668 | res=9.26e-01 | grad=1.41e+00 | 3.7s
[   425] loss=-34.6719 | res=9.28e-01 | grad=1.51e+00 | 3.7s
[   426] loss=-34.3000 | res=9.12e-01 | grad=1.34e+00 | 3.7s
[   427] loss=-34.5369 | res=9.13e-01 | grad=1.30e+00 | 3.7s
[   428] loss=-33.7758 | res=9.17e-01 | grad=1.34e+00 | 3.7s
[   429] loss=-34.3797 | res=9.30e-01 | grad=1.53e+00 | 3.7s
[   430] loss=-34.6820 | res=8.90e-01 | grad=1.30e+00 | 3.7s
[   431] loss=-34.6994 | res=9.04e-01 | grad=1.44e+00 | 3.7s
[   432] loss=-33.8766 | res=9.11e-01 | grad=1.38e+00 | 3.7s
[   433] loss=-34.5830 | res=9.03e-01 | grad=1.51e+00 | 3.7s
[   434] loss=-35.2838 | res=8.82e-01 | grad=1.53e+00 | 3.7s
[   435] loss=-34.3641 | res=8.95e-01 | grad=1.33e+00 | 3.7s
[   436] loss=-34.0474 | res=8.83e-01 | grad=1.52e+00 | 3.7s
[   437] loss=-35.0570 | res=8.93e-01 | grad=1.63e+00 | 3.7s
[   438] loss=-33.9622 | res=9.11e-01 | grad=1.40e+00 | 3.7s
[   439] loss=-34.9967 | res=9.18e-01 | grad=1.20e+00 | 3.7s
[   440] loss=-34.3407 | res=9.22e-01 | grad=1.13e+00 | 3.7s
[   441] loss=-34.5706 | res=8.98e-01 | grad=1.55e+00 | 3.7s
[   442] loss=-34.8613 | res=9.04e-01 | grad=1.33e+00 | 3.7s
[   443] loss=-35.4065 | res=8.93e-01 | grad=1.57e+00 | 3.7s
[   444] loss=-34.9326 | res=9.03e-01 | grad=1.24e+00 | 3.7s
[   445] loss=-34.5584 | res=8.88e-01 | grad=1.38e+00 | 3.7s
[   446] loss=-34.3570 | res=8.97e-01 | grad=1.46e+00 | 3.6s
[   447] loss=-34.1807 | res=8.96e-01 | grad=1.37e+00 | 3.7s
[   448] loss=-34.8499 | res=8.71e-01 | grad=1.34e+00 | 3.6s
[   449] loss=-34.8669 | res=8.86e-01 | grad=9.81e-01 | 3.6s
[   450] loss=-35.1124 | res=8.88e-01 | grad=1.45e+00 | 3.7s
[   451] loss=-34.0503 | res=9.03e-01 | grad=1.70e+00 | 3.7s
[   452] loss=-34.9762 | res=9.04e-01 | grad=1.54e+00 | 3.7s
[   453] loss=-34.5949 | res=8.68e-01 | grad=1.57e+00 | 3.7s
[   454] loss=-34.8089 | res=8.81e-01 | grad=2.02e+00 | 3.7s
[   455] loss=-34.4897 | res=9.08e-01 | grad=1.68e+00 | 3.7s
[   456] loss=-34.4198 | res=8.93e-01 | grad=1.34e+00 | 3.7s
[   457] loss=-34.9657 | res=8.96e-01 | grad=1.38e+00 | 3.7s
[   458] loss=-33.9968 | res=8.91e-01 | grad=1.30e+00 | 3.7s
[   459] loss=-34.8374 | res=9.14e-01 | grad=1.30e+00 | 3.7s
[   460] loss=-34.3132 | res=8.56e-01 | grad=1.28e+00 | 3.7s
[   461] loss=-34.4705 | res=8.85e-01 | grad=1.38e+00 | 3.7s
[   462] loss=-35.4680 | res=8.79e-01 | grad=1.49e+00 | 3.7s
[   463] loss=-35.3178 | res=8.79e-01 | grad=1.26e+00 | 3.7s
[   464] loss=-34.4190 | res=8.79e-01 | grad=1.43e+00 | 3.7s
[   465] loss=-34.9277 | res=8.74e-01 | grad=1.50e+00 | 3.7s
[   466] loss=-34.9521 | res=8.96e-01 | grad=1.22e+00 | 3.7s
[   467] loss=-34.0536 | res=8.90e-01 | grad=1.81e+00 | 3.7s
[   468] loss=-34.0836 | res=8.93e-01 | grad=1.23e+00 | 3.7s
[   469] loss=-34.7801 | res=8.87e-01 | grad=1.33e+00 | 3.7s
[   470] loss=-35.1310 | res=8.76e-01 | grad=1.58e+00 | 3.7s
[   471] loss=-35.1571 | res=8.65e-01 | grad=1.47e+00 | 3.7s
[   472] loss=-34.1013 | res=9.02e-01 | grad=1.42e+00 | 3.7s
[   473] loss=-35.4538 | res=8.90e-01 | grad=1.41e+00 | 3.7s
[   474] loss=-34.5522 | res=8.89e-01 | grad=1.28e+00 | 3.7s
[   475] loss=-34.7103 | res=8.80e-01 | grad=1.62e+00 | 3.7s
[   476] loss=-34.8723 | res=8.97e-01 | grad=1.44e+00 | 3.7s
[   477] loss=-35.4235 | res=8.71e-01 | grad=1.41e+00 | 3.7s
[   478] loss=-34.6358 | res=8.97e-01 | grad=1.31e+00 | 3.7s
[   479] loss=-35.4267 | res=8.92e-01 | grad=1.25e+00 | 3.7s
[   480] loss=-35.6301 | res=8.75e-01 | grad=1.78e+00 | 3.7s
[   481] loss=-34.7723 | res=8.96e-01 | grad=1.64e+00 | 3.7s
[   482] loss=-34.9007 | res=8.95e-01 | grad=1.45e+00 | 3.7s
[   483] loss=-34.1243 | res=8.93e-01 | grad=1.28e+00 | 3.7s
[   484] loss=-34.8881 | res=8.85e-01 | grad=9.52e-01 | 3.7s
[   485] loss=-34.0276 | res=8.99e-01 | grad=1.22e+00 | 3.7s
[   486] loss=-34.4243 | res=8.86e-01 | grad=1.16e+00 | 3.7s
[   487] loss=-34.0534 | res=9.04e-01 | grad=1.37e+00 | 3.7s
[   488] loss=-35.1008 | res=8.78e-01 | grad=1.33e+00 | 3.7s
[   489] loss=-34.3939 | res=8.78e-01 | grad=1.26e+00 | 3.7s
[   490] loss=-34.8180 | res=8.55e-01 | grad=1.69e+00 | 3.7s
[   491] loss=-34.7602 | res=8.60e-01 | grad=1.45e+00 | 3.7s
[   492] loss=-35.0803 | res=8.82e-01 | grad=1.47e+00 | 3.6s
[   493] loss=-34.5291 | res=8.66e-01 | grad=1.36e+00 | 3.6s
[   494] loss=-35.1746 | res=8.74e-01 | grad=1.51e+00 | 3.7s
[   495] loss=-34.6879 | res=8.90e-01 | grad=1.17e+00 | 3.7s
[   496] loss=-35.0955 | res=8.88e-01 | grad=1.56e+00 | 3.7s
[   497] loss=-35.2630 | res=8.99e-01 | grad=1.42e+00 | 3.7s
[   498] loss=-34.9881 | res=8.72e-01 | grad=1.31e+00 | 3.7s
[   499] loss=-34.4649 | res=8.53e-01 | grad=1.63e+00 | 3.7s
[   500] loss=-35.1311 | res=8.73e-01 | grad=1.38e+00 | 3.7s
[   501] loss=-35.2020 | res=8.79e-01 | grad=1.24e+00 | 3.7s
[   502] loss=-34.4062 | res=8.74e-01 | grad=1.28e+00 | 3.6s
[   503] loss=-34.7866 | res=8.80e-01 | grad=1.51e+00 | 3.7s
[   504] loss=-35.2853 | res=8.73e-01 | grad=1.38e+00 | 3.7s
[   505] loss=-35.0110 | res=8.82e-01 | grad=1.42e+00 | 3.6s
[   506] loss=-34.6882 | res=8.87e-01 | grad=1.56e+00 | 3.7s
[   507] loss=-34.3455 | res=8.80e-01 | grad=1.38e+00 | 3.7s
[   508] loss=-34.5824 | res=8.75e-01 | grad=1.20e+00 | 3.7s
[   509] loss=-35.4772 | res=8.79e-01 | grad=1.17e+00 | 3.7s
[   510] loss=-35.2529 | res=8.78e-01 | grad=1.19e+00 | 3.7s
[   511] loss=-34.9558 | res=8.71e-01 | grad=1.40e+00 | 3.7s
[   512] loss=-34.7542 | res=8.53e-01 | grad=1.36e+00 | 3.7s
[   513] loss=-34.8637 | res=8.67e-01 | grad=1.30e+00 | 3.7s
[   514] loss=-35.0495 | res=8.69e-01 | grad=1.37e+00 | 3.7s
[   515] loss=-33.7712 | res=8.57e-01 | grad=1.63e+00 | 3.7s
[   516] loss=-35.3790 | res=8.64e-01 | grad=1.55e+00 | 3.7s
[   517] loss=-35.6821 | res=8.75e-01 | grad=1.54e+00 | 3.7s
[   518] loss=-34.8347 | res=8.74e-01 | grad=1.62e+00 | 3.7s
[   519] loss=-34.5400 | res=8.64e-01 | grad=9.88e-01 | 3.6s
[   520] loss=-34.4137 | res=8.49e-01 | grad=1.48e+00 | 3.7s
[   521] loss=-34.5346 | res=8.66e-01 | grad=1.36e+00 | 3.7s
[   522] loss=-35.0398 | res=8.78e-01 | grad=1.55e+00 | 3.7s
[   523] loss=-33.6562 | res=8.73e-01 | grad=1.38e+00 | 3.7s
[   524] loss=-35.0489 | res=8.78e-01 | grad=1.14e+00 | 3.7s
[   525] loss=-34.5399 | res=8.58e-01 | grad=1.11e+00 | 3.7s
[   526] loss=-34.3623 | res=8.64e-01 | grad=1.18e+00 | 3.7s
[   527] loss=-34.4999 | res=8.84e-01 | grad=1.28e+00 | 3.7s
[   528] loss=-34.9848 | res=8.71e-01 | grad=1.62e+00 | 3.7s
[   529] loss=-34.1750 | res=8.84e-01 | grad=1.61e+00 | 3.7s
[   530] loss=-34.5317 | res=8.79e-01 | grad=1.25e+00 | 3.7s
[   531] loss=-34.7435 | res=8.77e-01 | grad=1.24e+00 | 3.7s
[   532] loss=-34.6319 | res=8.67e-01 | grad=1.32e+00 | 3.7s
[   533] loss=-34.9845 | res=8.55e-01 | grad=1.18e+00 | 3.7s
[   534] loss=-34.8835 | res=8.48e-01 | grad=1.30e+00 | 3.7s
[   535] loss=-33.8929 | res=8.60e-01 | grad=1.31e+00 | 3.7s
[   536] loss=-34.4847 | res=8.79e-01 | grad=1.17e+00 | 3.7s
[   537] loss=-35.5314 | res=8.81e-01 | grad=1.64e+00 | 3.7s
[   538] loss=-34.8127 | res=8.76e-01 | grad=1.10e+00 | 3.7s
[   539] loss=-35.7097 | res=8.66e-01 | grad=1.15e+00 | 3.7s
[   540] loss=-34.3673 | res=8.72e-01 | grad=1.15e+00 | 3.7s
[   541] loss=-34.8438 | res=8.61e-01 | grad=1.37e+00 | 3.7s
[   542] loss=-34.6854 | res=8.72e-01 | grad=1.31e+00 | 3.7s
[   543] loss=-34.4353 | res=8.81e-01 | grad=1.35e+00 | 3.7s
[   544] loss=-34.6126 | res=8.59e-01 | grad=1.31e+00 | 3.7s
[   545] loss=-33.7652 | res=8.47e-01 | grad=1.10e+00 | 3.7s
[   546] loss=-34.8475 | res=8.45e-01 | grad=1.75e+00 | 3.7s
[   547] loss=-34.3008 | res=8.47e-01 | grad=1.83e+00 | 3.7s
[   548] loss=-34.7751 | res=8.32e-01 | grad=1.39e+00 | 3.7s
[   549] loss=-35.0144 | res=8.58e-01 | grad=1.56e+00 | 3.7s
[   550] loss=-34.1223 | res=8.39e-01 | grad=1.47e+00 | 3.7s
[   551] loss=-34.3746 | res=8.68e-01 | grad=1.31e+00 | 3.7s
[   552] loss=-34.2250 | res=8.38e-01 | grad=1.50e+00 | 3.7s
[   553] loss=-34.8130 | res=8.64e-01 | grad=1.41e+00 | 3.7s
[   554] loss=-34.3920 | res=8.40e-01 | grad=1.40e+00 | 3.7s
[   555] loss=-34.8273 | res=8.57e-01 | grad=1.29e+00 | 3.7s
[   556] loss=-34.5862 | res=8.52e-01 | grad=1.89e+00 | 3.7s
[   557] loss=-34.5783 | res=8.47e-01 | grad=1.30e+00 | 3.7s
[   558] loss=-34.9771 | res=8.72e-01 | grad=1.55e+00 | 3.7s
[   559] loss=-34.6530 | res=8.45e-01 | grad=1.33e+00 | 3.7s
[   560] loss=-34.3595 | res=8.55e-01 | grad=1.42e+00 | 3.7s
[   561] loss=-34.3339 | res=8.59e-01 | grad=1.54e+00 | 3.6s
[   562] loss=-34.1254 | res=8.66e-01 | grad=1.03e+00 | 3.6s
[   563] loss=-35.0861 | res=8.50e-01 | grad=1.39e+00 | 3.7s
[   564] loss=-33.9216 | res=8.60e-01 | grad=1.46e+00 | 3.7s
[   565] loss=-34.2058 | res=8.47e-01 | grad=1.19e+00 | 3.7s
[   566] loss=-33.8858 | res=8.52e-01 | grad=1.24e+00 | 3.7s
[   567] loss=-34.6135 | res=8.27e-01 | grad=1.36e+00 | 3.7s
[   568] loss=-36.0287 | res=8.55e-01 | grad=1.85e+00 | 3.7s
[   569] loss=-35.3561 | res=8.42e-01 | grad=1.60e+00 | 3.6s
[   570] loss=-34.2367 | res=8.48e-01 | grad=1.08e+00 | 3.7s
[   571] loss=-34.5186 | res=8.34e-01 | grad=9.74e-01 | 3.7s
[   572] loss=-34.8633 | res=8.27e-01 | grad=1.52e+00 | 3.7s
[   573] loss=-35.2854 | res=8.72e-01 | grad=1.30e+00 | 3.7s
[   574] loss=-34.6393 | res=8.30e-01 | grad=1.25e+00 | 3.7s
[   575] loss=-34.9485 | res=8.54e-01 | grad=1.63e+00 | 3.6s
[   576] loss=-34.5508 | res=8.59e-01 | grad=1.29e+00 | 3.7s
[   577] loss=-35.0144 | res=8.49e-01 | grad=1.43e+00 | 3.6s
[   578] loss=-35.3220 | res=8.45e-01 | grad=1.20e+00 | 3.7s
[   579] loss=-33.7479 | res=8.31e-01 | grad=1.68e+00 | 3.7s
[   580] loss=-35.1045 | res=8.57e-01 | grad=1.25e+00 | 3.7s
[   581] loss=-34.1012 | res=8.41e-01 | grad=1.44e+00 | 3.7s
[   582] loss=-34.6923 | res=8.43e-01 | grad=1.47e+00 | 3.6s
[   583] loss=-35.0419 | res=8.43e-01 | grad=1.19e+00 | 3.7s
[   584] loss=-34.6813 | res=8.42e-01 | grad=1.57e+00 | 3.7s
[   585] loss=-34.8377 | res=8.43e-01 | grad=1.30e+00 | 3.7s
[   586] loss=-34.2914 | res=8.14e-01 | grad=1.38e+00 | 3.7s
[   587] loss=-35.2111 | res=8.31e-01 | grad=1.27e+00 | 3.7s
[   588] loss=-34.5252 | res=8.36e-01 | grad=1.14e+00 | 3.7s
[   589] loss=-34.7070 | res=8.66e-01 | grad=1.27e+00 | 3.6s
[   590] loss=-34.1928 | res=8.41e-01 | grad=1.28e+00 | 3.7s
[   591] loss=-35.4663 | res=8.66e-01 | grad=1.21e+00 | 3.7s
[   592] loss=-35.3520 | res=8.44e-01 | grad=1.30e+00 | 3.7s
[   593] loss=-35.1172 | res=8.34e-01 | grad=1.33e+00 | 3.7s
[   594] loss=-34.7791 | res=8.53e-01 | grad=1.05e+00 | 3.7s
[   595] loss=-34.7879 | res=8.37e-01 | grad=1.39e+00 | 3.7s
[   596] loss=-34.6049 | res=8.52e-01 | grad=1.22e+00 | 3.7s
[   597] loss=-34.5809 | res=8.18e-01 | grad=1.56e+00 | 3.7s
[   598] loss=-35.0871 | res=8.51e-01 | grad=1.38e+00 | 3.7s
[   599] loss=-35.5254 | res=8.39e-01 | grad=1.44e+00 | 3.7s
[   600] loss=-34.7745 | res=8.47e-01 | grad=9.89e-01 | 3.7s
[   601] loss=-34.2456 | res=8.20e-01 | grad=1.10e+00 | 3.7s
[   602] loss=-33.9949 | res=8.24e-01 | grad=1.48e+00 | 3.7s
[   603] loss=-34.8867 | res=8.51e-01 | grad=1.35e+00 | 3.7s
[   604] loss=-34.4547 | res=8.28e-01 | grad=1.27e+00 | 3.7s
[   605] loss=-35.0983 | res=8.25e-01 | grad=1.40e+00 | 3.7s
[   606] loss=-34.4499 | res=8.29e-01 | grad=1.26e+00 | 3.7s
[   607] loss=-35.8499 | res=8.21e-01 | grad=1.48e+00 | 3.7s
[   608] loss=-33.9059 | res=8.49e-01 | grad=1.41e+00 | 3.7s
[   609] loss=-34.7047 | res=8.26e-01 | grad=1.50e+00 | 3.7s
[   610] loss=-34.3499 | res=8.26e-01 | grad=1.15e+00 | 3.7s
[   611] loss=-35.4664 | res=8.20e-01 | grad=1.25e+00 | 3.7s
[   612] loss=-34.6506 | res=8.24e-01 | grad=1.06e+00 | 3.7s
[   613] loss=-35.0907 | res=8.63e-01 | grad=1.61e+00 | 3.7s
[   614] loss=-34.3943 | res=8.39e-01 | grad=1.41e+00 | 3.7s
[   615] loss=-34.6797 | res=8.20e-01 | grad=1.16e+00 | 3.7s
[   616] loss=-34.9997 | res=8.28e-01 | grad=1.07e+00 | 3.7s
[   617] loss=-33.6351 | res=8.17e-01 | grad=1.49e+00 | 3.7s
[   618] loss=-34.6227 | res=8.23e-01 | grad=1.39e+00 | 3.7s
[   619] loss=-34.5003 | res=8.42e-01 | grad=1.44e+00 | 3.7s
[   620] loss=-35.1020 | res=8.21e-01 | grad=1.28e+00 | 3.7s
[   621] loss=-34.4649 | res=8.24e-01 | grad=1.42e+00 | 3.7s
[   622] loss=-34.2422 | res=8.42e-01 | grad=1.36e+00 | 3.7s
[   623] loss=-35.2653 | res=8.53e-01 | grad=1.69e+00 | 3.7s
[   624] loss=-35.2626 | res=8.19e-01 | grad=1.53e+00 | 3.7s
[   625] loss=-34.5453 | res=8.37e-01 | grad=1.63e+00 | 3.7s
[   626] loss=-35.0324 | res=8.44e-01 | grad=1.75e+00 | 3.7s
[   627] loss=-35.2119 | res=8.42e-01 | grad=1.78e+00 | 3.7s
[   628] loss=-35.2845 | res=8.42e-01 | grad=1.45e+00 | 3.7s
[   629] loss=-33.6514 | res=8.55e-01 | grad=1.72e+00 | 3.7s
[   630] loss=-34.5108 | res=8.39e-01 | grad=1.33e+00 | 3.7s
[   631] loss=-34.8096 | res=8.37e-01 | grad=1.56e+00 | 3.7s
[   632] loss=-35.3861 | res=8.30e-01 | grad=1.73e+00 | 3.7s
[   633] loss=-34.9786 | res=8.33e-01 | grad=1.46e+00 | 3.7s
[   634] loss=-34.5011 | res=8.27e-01 | grad=1.41e+00 | 3.7s
[   635] loss=-34.8683 | res=8.22e-01 | grad=1.34e+00 | 3.7s
[   636] loss=-34.2066 | res=8.17e-01 | grad=1.48e+00 | 3.7s
[   637] loss=-34.8128 | res=8.23e-01 | grad=1.47e+00 | 3.6s
[   638] loss=-33.6964 | res=8.16e-01 | grad=1.94e+00 | 3.7s
[   639] loss=-34.3843 | res=8.08e-01 | grad=1.46e+00 | 3.7s
[   640] loss=-34.5293 | res=7.96e-01 | grad=1.33e+00 | 3.7s
[   641] loss=-33.6750 | res=8.24e-01 | grad=1.54e+00 | 3.7s
[   642] loss=-34.6098 | res=8.18e-01 | grad=1.07e+00 | 3.7s
[   643] loss=-35.9687 | res=8.11e-01 | grad=1.59e+00 | 3.7s
[   644] loss=-34.6270 | res=8.26e-01 | grad=1.74e+00 | 3.7s
[   645] loss=-35.7269 | res=8.27e-01 | grad=1.31e+00 | 3.7s
[   646] loss=-34.6541 | res=8.26e-01 | grad=1.35e+00 | 3.7s
[   647] loss=-34.9081 | res=8.34e-01 | grad=1.13e+00 | 3.7s
[   648] loss=-34.6541 | res=8.35e-01 | grad=1.18e+00 | 3.7s
[   649] loss=-34.4236 | res=8.28e-01 | grad=1.30e+00 | 3.7s
[   650] loss=-34.6577 | res=8.24e-01 | grad=1.33e+00 | 3.7s
[   651] loss=-35.1735 | res=8.29e-01 | grad=1.62e+00 | 3.7s
[   652] loss=-34.4252 | res=8.19e-01 | grad=1.37e+00 | 3.7s
[   653] loss=-34.5603 | res=8.12e-01 | grad=1.38e+00 | 3.7s
[   654] loss=-34.3399 | res=8.29e-01 | grad=1.06e+00 | 3.7s
[   655] loss=-34.9304 | res=8.32e-01 | grad=1.56e+00 | 3.7s
[   656] loss=-34.0496 | res=8.13e-01 | grad=1.33e+00 | 3.7s
[   657] loss=-34.3170 | res=8.16e-01 | grad=1.09e+00 | 3.6s
[   658] loss=-34.1951 | res=8.28e-01 | grad=1.53e+00 | 3.7s
[   659] loss=-34.4675 | res=8.34e-01 | grad=1.41e+00 | 3.7s
[   660] loss=-34.6462 | res=8.20e-01 | grad=1.44e+00 | 3.7s
[   661] loss=-34.9971 | res=7.91e-01 | grad=1.19e+00 | 3.7s
[   662] loss=-34.8758 | res=8.03e-01 | grad=1.37e+00 | 3.7s
[   663] loss=-34.1833 | res=8.10e-01 | grad=1.28e+00 | 3.7s
[   664] loss=-34.8565 | res=8.33e-01 | grad=1.39e+00 | 3.7s
[   665] loss=-34.5467 | res=7.98e-01 | grad=1.06e+00 | 3.6s
[   666] loss=-34.1444 | res=8.41e-01 | grad=1.17e+00 | 3.7s
[   667] loss=-35.0176 | res=8.09e-01 | grad=1.27e+00 | 3.7s
[   668] loss=-34.4120 | res=8.05e-01 | grad=1.63e+00 | 3.7s
[   669] loss=-35.4355 | res=8.12e-01 | grad=1.82e+00 | 3.7s
[   670] loss=-33.8196 | res=8.16e-01 | grad=1.40e+00 | 3.7s
[   671] loss=-34.4054 | res=8.08e-01 | grad=1.32e+00 | 3.7s
[   672] loss=-34.8611 | res=8.03e-01 | grad=1.50e+00 | 3.7s
[   673] loss=-34.3758 | res=8.12e-01 | grad=1.43e+00 | 3.7s
[   674] loss=-34.9672 | res=7.93e-01 | grad=1.21e+00 | 3.6s
[   675] loss=-34.2652 | res=7.96e-01 | grad=1.16e+00 | 3.7s
[   676] loss=-34.4531 | res=7.92e-01 | grad=1.42e+00 | 3.7s
[   677] loss=-34.3878 | res=8.04e-01 | grad=1.26e+00 | 3.7s
[   678] loss=-34.5844 | res=8.13e-01 | grad=1.80e+00 | 3.7s
[   679] loss=-34.5213 | res=7.73e-01 | grad=1.56e+00 | 3.7s
[   680] loss=-35.2934 | res=7.93e-01 | grad=1.21e+00 | 3.7s
[   681] loss=-34.9546 | res=8.21e-01 | grad=1.35e+00 | 3.7s
[   682] loss=-35.2969 | res=8.06e-01 | grad=1.31e+00 | 3.7s
[   683] loss=-35.0852 | res=8.23e-01 | grad=1.20e+00 | 3.7s
[   684] loss=-34.1737 | res=8.15e-01 | grad=1.27e+00 | 3.7s
[   685] loss=-35.1051 | res=7.96e-01 | grad=9.58e-01 | 3.7s
[   686] loss=-34.1999 | res=8.16e-01 | grad=1.15e+00 | 3.7s
[   687] loss=-34.5688 | res=8.14e-01 | grad=1.12e+00 | 3.7s
[   688] loss=-34.9384 | res=8.14e-01 | grad=1.54e+00 | 3.7s
[   689] loss=-34.9748 | res=7.91e-01 | grad=1.36e+00 | 3.7s
[   690] loss=-35.1690 | res=8.09e-01 | grad=1.41e+00 | 3.7s
[   691] loss=-35.0868 | res=8.06e-01 | grad=1.24e+00 | 3.7s
[   692] loss=-34.0827 | res=8.04e-01 | grad=1.33e+00 | 3.7s
[   693] loss=-34.5486 | res=8.00e-01 | grad=1.67e+00 | 3.7s
[   694] loss=-34.9649 | res=7.78e-01 | grad=1.48e+00 | 3.7s
[   695] loss=-33.9629 | res=7.97e-01 | grad=1.11e+00 | 3.7s
[   696] loss=-35.5431 | res=7.93e-01 | grad=1.31e+00 | 3.7s
[   697] loss=-33.8506 | res=8.10e-01 | grad=1.69e+00 | 3.7s
[   698] loss=-35.1028 | res=8.25e-01 | grad=2.02e+00 | 3.7s
[   699] loss=-35.7906 | res=8.31e-01 | grad=1.37e+00 | 3.7s
[   700] loss=-34.5051 | res=8.06e-01 | grad=1.80e+00 | 3.7s
[   701] loss=-34.5134 | res=8.11e-01 | grad=1.52e+00 | 3.7s
[   702] loss=-34.4147 | res=8.18e-01 | grad=2.07e+00 | 3.7s
[   703] loss=-34.4465 | res=8.16e-01 | grad=1.60e+00 | 3.7s
[   704] loss=-34.9704 | res=8.14e-01 | grad=1.86e+00 | 3.7s
[   705] loss=-35.1231 | res=8.12e-01 | grad=1.31e+00 | 3.7s
[   706] loss=-34.3777 | res=8.28e-01 | grad=1.48e+00 | 3.7s
[   707] loss=-33.9703 | res=8.13e-01 | grad=1.34e+00 | 3.7s
[   708] loss=-34.8170 | res=8.16e-01 | grad=1.19e+00 | 3.7s
[   709] loss=-34.2744 | res=8.14e-01 | grad=1.46e+00 | 3.7s
[   710] loss=-34.7483 | res=8.17e-01 | grad=1.44e+00 | 3.7s
[   711] loss=-34.4223 | res=8.02e-01 | grad=1.11e+00 | 3.7s
[   712] loss=-34.2701 | res=7.97e-01 | grad=1.41e+00 | 3.7s
[   713] loss=-34.1310 | res=7.81e-01 | grad=1.26e+00 | 3.7s
[   714] loss=-34.4220 | res=8.02e-01 | grad=1.67e+00 | 3.7s
[   715] loss=-34.7292 | res=7.84e-01 | grad=2.11e+00 | 3.7s
[   716] loss=-34.7450 | res=7.78e-01 | grad=1.88e+00 | 3.7s
[   717] loss=-34.5725 | res=7.91e-01 | grad=1.78e+00 | 3.7s
[   718] loss=-34.7197 | res=7.76e-01 | grad=1.62e+00 | 3.7s
[   719] loss=-34.1456 | res=7.97e-01 | grad=1.33e+00 | 3.7s
[   720] loss=-34.6171 | res=7.96e-01 | grad=1.41e+00 | 3.7s
[   721] loss=-35.4836 | res=8.27e-01 | grad=1.48e+00 | 3.7s
[   722] loss=-35.3177 | res=8.29e-01 | grad=1.38e+00 | 3.7s
[   723] loss=-35.3778 | res=8.26e-01 | grad=1.21e+00 | 3.7s
[   724] loss=-35.1239 | res=8.22e-01 | grad=1.56e+00 | 3.7s
[   725] loss=-35.1630 | res=8.28e-01 | grad=1.54e+00 | 3.7s
[   726] loss=-34.2012 | res=8.31e-01 | grad=1.73e+00 | 3.7s
[   727] loss=-35.1427 | res=8.13e-01 | grad=1.08e+00 | 3.7s
[   728] loss=-34.4137 | res=8.09e-01 | grad=1.63e+00 | 3.7s
[   729] loss=-35.2278 | res=7.87e-01 | grad=1.38e+00 | 3.7s
[   730] loss=-34.4895 | res=7.95e-01 | grad=1.73e+00 | 3.7s
[   731] loss=-35.6450 | res=7.94e-01 | grad=1.69e+00 | 3.7s
[   732] loss=-34.5560 | res=8.13e-01 | grad=1.38e+00 | 3.7s
[   733] loss=-34.7744 | res=7.89e-01 | grad=9.59e-01 | 3.7s
[   734] loss=-35.0940 | res=7.87e-01 | grad=1.32e+00 | 3.7s
[   735] loss=-34.4426 | res=7.88e-01 | grad=1.49e+00 | 3.7s
[   736] loss=-34.5565 | res=8.05e-01 | grad=1.11e+00 | 3.7s
[   737] loss=-35.3507 | res=8.01e-01 | grad=1.17e+00 | 3.7s
[   738] loss=-35.7733 | res=7.87e-01 | grad=1.20e+00 | 3.7s
[   739] loss=-35.7136 | res=8.04e-01 | grad=1.13e+00 | 3.7s
[   740] loss=-33.6091 | res=7.97e-01 | grad=1.69e+00 | 3.7s
[   741] loss=-35.4544 | res=7.85e-01 | grad=1.11e+00 | 3.7s
[   742] loss=-35.0740 | res=7.94e-01 | grad=1.39e+00 | 3.6s
[   743] loss=-35.1313 | res=7.97e-01 | grad=1.33e+00 | 3.7s
[   744] loss=-34.9927 | res=7.97e-01 | grad=1.31e+00 | 3.7s
[   745] loss=-34.4767 | res=7.81e-01 | grad=1.38e+00 | 3.7s
[   746] loss=-34.7880 | res=8.01e-01 | grad=1.40e+00 | 3.7s
[   747] loss=-35.1850 | res=8.01e-01 | grad=1.53e+00 | 3.7s
[   748] loss=-34.9527 | res=8.27e-01 | grad=1.11e+00 | 3.7s
[   749] loss=-35.1540 | res=8.06e-01 | grad=1.48e+00 | 3.7s
[   750] loss=-34.2688 | res=8.00e-01 | grad=1.77e+00 | 3.7s
[   751] loss=-35.6061 | res=7.95e-01 | grad=1.25e+00 | 3.7s
[   752] loss=-34.6156 | res=8.03e-01 | grad=1.65e+00 | 3.7s
[   753] loss=-34.7679 | res=8.16e-01 | grad=1.43e+00 | 3.7s
[   754] loss=-34.9765 | res=7.96e-01 | grad=1.00e+00 | 3.7s
[   755] loss=-35.0938 | res=8.04e-01 | grad=1.09e+00 | 3.7s
[   756] loss=-33.9854 | res=7.94e-01 | grad=1.42e+00 | 3.7s
[   757] loss=-34.7298 | res=7.90e-01 | grad=1.48e+00 | 3.7s
[   758] loss=-35.1559 | res=7.89e-01 | grad=1.90e+00 | 3.7s
[   759] loss=-34.4254 | res=7.88e-01 | grad=1.28e+00 | 3.7s
[   760] loss=-34.8559 | res=7.89e-01 | grad=1.37e+00 | 3.7s
[   761] loss=-35.0421 | res=7.77e-01 | grad=1.08e+00 | 3.6s
[   762] loss=-34.9876 | res=7.74e-01 | grad=1.33e+00 | 3.7s
[   763] loss=-35.3253 | res=7.91e-01 | grad=1.59e+00 | 3.7s
[   764] loss=-34.7455 | res=7.98e-01 | grad=1.57e+00 | 3.7s
[   765] loss=-34.2109 | res=8.04e-01 | grad=1.46e+00 | 3.7s
[   766] loss=-34.8394 | res=7.97e-01 | grad=1.42e+00 | 3.7s
[   767] loss=-34.4132 | res=7.87e-01 | grad=1.16e+00 | 3.7s
[   768] loss=-34.4024 | res=7.97e-01 | grad=1.18e+00 | 3.7s
[   769] loss=-34.8160 | res=7.91e-01 | grad=1.14e+00 | 3.7s
[   770] loss=-35.1590 | res=8.07e-01 | grad=1.39e+00 | 3.6s
[   771] loss=-34.8052 | res=7.84e-01 | grad=1.30e+00 | 3.7s
[   772] loss=-34.7915 | res=7.95e-01 | grad=1.34e+00 | 3.6s
[   773] loss=-34.1569 | res=7.84e-01 | grad=1.14e+00 | 3.6s
[   774] loss=-35.0051 | res=7.65e-01 | grad=1.36e+00 | 3.6s
[   775] loss=-34.2872 | res=7.93e-01 | grad=9.85e-01 | 3.7s
[   776] loss=-34.4974 | res=7.79e-01 | grad=1.49e+00 | 3.7s
[   777] loss=-35.4681 | res=7.97e-01 | grad=1.46e+00 | 3.6s
[   778] loss=-34.4400 | res=7.82e-01 | grad=1.35e+00 | 3.7s
[   779] loss=-34.3499 | res=7.79e-01 | grad=1.43e+00 | 3.7s
[   780] loss=-35.1779 | res=7.62e-01 | grad=1.37e+00 | 3.7s
[   781] loss=-34.2978 | res=7.77e-01 | grad=1.22e+00 | 3.6s
[   782] loss=-34.8995 | res=7.78e-01 | grad=1.03e+00 | 3.7s
[   783] loss=-35.1133 | res=7.87e-01 | grad=1.07e+00 | 3.7s
[   784] loss=-34.5953 | res=7.73e-01 | grad=1.44e+00 | 3.7s
[   785] loss=-35.2166 | res=7.85e-01 | grad=1.22e+00 | 3.7s
[   786] loss=-35.7158 | res=7.90e-01 | grad=1.60e+00 | 3.6s
[   787] loss=-34.9108 | res=7.75e-01 | grad=1.57e+00 | 3.7s
[   788] loss=-35.1035 | res=7.85e-01 | grad=1.47e+00 | 3.7s
[   789] loss=-34.8024 | res=7.90e-01 | grad=1.21e+00 | 3.7s
[   790] loss=-34.5736 | res=7.84e-01 | grad=1.54e+00 | 3.6s
[   791] loss=-34.6605 | res=7.86e-01 | grad=1.18e+00 | 3.7s
[   792] loss=-34.9035 | res=7.86e-01 | grad=1.34e+00 | 3.7s
[   793] loss=-35.1038 | res=8.05e-01 | grad=1.52e+00 | 3.7s
[   794] loss=-35.6152 | res=7.72e-01 | grad=1.33e+00 | 3.7s
[   795] loss=-34.8916 | res=8.04e-01 | grad=1.77e+00 | 3.7s
[   796] loss=-34.7089 | res=7.87e-01 | grad=1.21e+00 | 3.7s
[   797] loss=-35.0075 | res=7.73e-01 | grad=1.41e+00 | 3.7s
[   798] loss=-35.3383 | res=7.99e-01 | grad=1.17e+00 | 3.7s
[   799] loss=-34.2628 | res=7.81e-01 | grad=1.46e+00 | 3.7s
[   800] loss=-35.0437 | res=8.00e-01 | grad=1.50e+00 | 3.7s
[   801] loss=-34.8720 | res=7.81e-01 | grad=1.50e+00 | 3.7s
[   802] loss=-34.1742 | res=7.89e-01 | grad=1.25e+00 | 3.7s
[   803] loss=-34.3974 | res=7.88e-01 | grad=1.30e+00 | 3.7s
[   804] loss=-35.4636 | res=8.04e-01 | grad=2.01e+00 | 3.7s
[   805] loss=-34.9155 | res=7.84e-01 | grad=1.41e+00 | 3.7s
[   806] loss=-34.6380 | res=8.02e-01 | grad=1.42e+00 | 3.7s
[   807] loss=-35.3061 | res=7.81e-01 | grad=1.40e+00 | 3.7s
[   808] loss=-35.1107 | res=7.96e-01 | grad=1.24e+00 | 3.7s
[   809] loss=-34.7885 | res=7.86e-01 | grad=1.26e+00 | 3.7s
[   810] loss=-35.4202 | res=7.76e-01 | grad=1.41e+00 | 3.7s
[   811] loss=-34.9146 | res=7.84e-01 | grad=1.69e+00 | 3.7s
[   812] loss=-34.5335 | res=7.76e-01 | grad=1.24e+00 | 3.7s
[   813] loss=-34.0225 | res=7.57e-01 | grad=1.20e+00 | 3.7s
[   814] loss=-34.4864 | res=7.67e-01 | grad=1.40e+00 | 3.7s
[   815] loss=-34.6904 | res=7.58e-01 | grad=1.31e+00 | 3.7s
[   816] loss=-34.8497 | res=7.81e-01 | grad=1.40e+00 | 3.7s
[   817] loss=-35.5409 | res=7.70e-01 | grad=1.39e+00 | 3.6s
[   818] loss=-35.0482 | res=7.95e-01 | grad=1.47e+00 | 3.7s
[   819] loss=-34.7482 | res=7.64e-01 | grad=1.35e+00 | 3.7s
[   820] loss=-35.3969 | res=7.71e-01 | grad=1.67e+00 | 3.7s
[   821] loss=-35.3108 | res=7.77e-01 | grad=1.10e+00 | 3.7s
[   822] loss=-34.9576 | res=7.75e-01 | grad=1.24e+00 | 3.7s
[   823] loss=-34.2053 | res=8.03e-01 | grad=1.53e+00 | 3.7s
[   824] loss=-34.6737 | res=7.79e-01 | grad=1.24e+00 | 3.7s
[   825] loss=-34.6198 | res=7.80e-01 | grad=1.28e+00 | 3.6s
[   826] loss=-35.4174 | res=7.87e-01 | grad=1.24e+00 | 3.7s
[   827] loss=-34.9440 | res=7.84e-01 | grad=1.25e+00 | 3.7s
[   828] loss=-34.8270 | res=7.81e-01 | grad=1.32e+00 | 3.7s
[   829] loss=-34.7427 | res=7.64e-01 | grad=1.41e+00 | 3.7s
[   830] loss=-34.6452 | res=7.72e-01 | grad=1.02e+00 | 3.6s
[   831] loss=-35.3202 | res=7.55e-01 | grad=1.25e+00 | 3.7s
[   832] loss=-34.1141 | res=7.86e-01 | grad=1.47e+00 | 3.7s
[   833] loss=-34.8684 | res=7.71e-01 | grad=1.00e+00 | 3.6s
[   834] loss=-34.2846 | res=7.93e-01 | grad=1.42e+00 | 3.7s
[   835] loss=-33.9518 | res=7.86e-01 | grad=1.53e+00 | 3.7s
[   836] loss=-33.9678 | res=7.62e-01 | grad=1.14e+00 | 3.7s
[   837] loss=-34.9490 | res=7.68e-01 | grad=1.44e+00 | 3.7s
[   838] loss=-34.5765 | res=7.52e-01 | grad=1.37e+00 | 3.7s
[   839] loss=-34.1785 | res=7.62e-01 | grad=1.30e+00 | 3.7s
[   840] loss=-35.4380 | res=7.59e-01 | grad=1.65e+00 | 3.7s
[   841] loss=-35.3508 | res=7.61e-01 | grad=1.49e+00 | 3.7s
[   842] loss=-34.5201 | res=7.56e-01 | grad=1.06e+00 | 3.7s
[   843] loss=-33.9273 | res=7.61e-01 | grad=1.39e+00 | 3.7s
[   844] loss=-34.7302 | res=7.67e-01 | grad=1.44e+00 | 3.7s
[   845] loss=-33.7821 | res=7.54e-01 | grad=1.70e+00 | 3.6s
[   846] loss=-34.7042 | res=7.67e-01 | grad=1.37e+00 | 3.7s
[   847] loss=-33.7779 | res=7.52e-01 | grad=1.34e+00 | 3.7s
[   848] loss=-34.6396 | res=7.68e-01 | grad=1.77e+00 | 3.6s
[   849] loss=-35.0924 | res=7.62e-01 | grad=1.26e+00 | 3.7s
[   850] loss=-33.8249 | res=7.61e-01 | grad=1.58e+00 | 3.7s
[   851] loss=-34.1700 | res=7.57e-01 | grad=1.53e+00 | 3.7s
[   852] loss=-34.3812 | res=7.43e-01 | grad=1.37e+00 | 3.6s
[   853] loss=-35.2923 | res=7.61e-01 | grad=1.47e+00 | 3.6s
[   854] loss=-35.0860 | res=7.79e-01 | grad=1.52e+00 | 3.6s
[   855] loss=-34.8417 | res=7.79e-01 | grad=1.70e+00 | 3.7s
[   856] loss=-34.9421 | res=7.55e-01 | grad=1.49e+00 | 3.7s
[   857] loss=-35.1946 | res=7.38e-01 | grad=1.51e+00 | 3.7s
[   858] loss=-35.2639 | res=7.55e-01 | grad=1.63e+00 | 3.6s
[   859] loss=-34.4232 | res=7.63e-01 | grad=1.50e+00 | 3.7s
[   860] loss=-34.3490 | res=7.51e-01 | grad=1.34e+00 | 3.7s
[   861] loss=-34.3527 | res=7.43e-01 | grad=1.41e+00 | 3.7s
[   862] loss=-34.8401 | res=7.63e-01 | grad=1.36e+00 | 3.7s
[   863] loss=-34.5738 | res=7.51e-01 | grad=1.36e+00 | 3.7s
[   864] loss=-34.5657 | res=7.55e-01 | grad=1.60e+00 | 3.7s
[   865] loss=-34.2846 | res=7.74e-01 | grad=9.19e-01 | 3.7s
[   866] loss=-34.8906 | res=7.67e-01 | grad=1.24e+00 | 3.7s
[   867] loss=-35.1184 | res=7.61e-01 | grad=1.10e+00 | 3.7s
[   868] loss=-33.7775 | res=7.41e-01 | grad=1.44e+00 | 3.7s
[   869] loss=-35.5006 | res=7.66e-01 | grad=1.26e+00 | 3.7s
[   870] loss=-34.4900 | res=7.56e-01 | grad=1.33e+00 | 3.7s
[   871] loss=-35.0195 | res=7.55e-01 | grad=1.47e+00 | 3.7s
[   872] loss=-35.0932 | res=7.66e-01 | grad=1.21e+00 | 3.7s
[   873] loss=-34.2811 | res=7.26e-01 | grad=1.21e+00 | 3.7s
[   874] loss=-35.3957 | res=7.76e-01 | grad=1.44e+00 | 3.7s
[   875] loss=-33.6879 | res=7.67e-01 | grad=1.53e+00 | 3.7s
[   876] loss=-34.1500 | res=7.61e-01 | grad=1.32e+00 | 3.7s
[   877] loss=-34.5960 | res=7.55e-01 | grad=1.47e+00 | 3.7s
[   878] loss=-34.8143 | res=7.71e-01 | grad=1.48e+00 | 3.7s
[   879] loss=-35.0215 | res=7.56e-01 | grad=1.22e+00 | 3.7s
[   880] loss=-34.0708 | res=7.60e-01 | grad=1.15e+00 | 3.7s
[   881] loss=-34.8163 | res=7.59e-01 | grad=9.98e-01 | 3.7s
[   882] loss=-34.7509 | res=7.60e-01 | grad=1.64e+00 | 3.7s
[   883] loss=-34.4900 | res=7.54e-01 | grad=1.34e+00 | 3.7s
[   884] loss=-34.7471 | res=7.42e-01 | grad=1.17e+00 | 3.7s
[   885] loss=-33.8233 | res=7.49e-01 | grad=9.16e-01 | 3.7s
[   886] loss=-34.8011 | res=7.66e-01 | grad=1.07e+00 | 3.7s
[   887] loss=-35.1021 | res=7.40e-01 | grad=1.11e+00 | 3.7s
[   888] loss=-34.4561 | res=7.49e-01 | grad=1.52e+00 | 3.7s
[   889] loss=-35.2734 | res=7.65e-01 | grad=1.27e+00 | 3.6s
[   890] loss=-34.4439 | res=7.54e-01 | grad=1.13e+00 | 3.7s
[   891] loss=-34.6092 | res=7.58e-01 | grad=1.12e+00 | 3.7s
[   892] loss=-34.3103 | res=7.55e-01 | grad=1.22e+00 | 3.7s
[   893] loss=-34.7417 | res=7.47e-01 | grad=1.20e+00 | 3.7s
[   894] loss=-35.2212 | res=7.34e-01 | grad=1.12e+00 | 3.7s
[   895] loss=-34.5668 | res=7.58e-01 | grad=1.26e+00 | 3.7s
[   896] loss=-35.5456 | res=7.46e-01 | grad=1.43e+00 | 3.7s
[   897] loss=-34.7354 | res=7.53e-01 | grad=1.43e+00 | 3.7s
[   898] loss=-34.7889 | res=7.55e-01 | grad=1.18e+00 | 3.7s
[   899] loss=-34.6598 | res=7.49e-01 | grad=1.06e+00 | 3.7s
[   900] loss=-34.6909 | res=7.70e-01 | grad=1.25e+00 | 3.7s
[   901] loss=-33.8566 | res=7.42e-01 | grad=1.62e+00 | 3.7s
[   902] loss=-34.6496 | res=7.54e-01 | grad=1.10e+00 | 3.7s
[   903] loss=-35.7092 | res=7.57e-01 | grad=1.32e+00 | 3.7s
[   904] loss=-34.5800 | res=7.34e-01 | grad=1.25e+00 | 3.7s
[   905] loss=-33.6093 | res=7.49e-01 | grad=1.21e+00 | 3.7s
[   906] loss=-35.2490 | res=7.43e-01 | grad=1.34e+00 | 3.7s
[   907] loss=-34.1291 | res=7.56e-01 | grad=1.24e+00 | 3.7s
[   908] loss=-34.3234 | res=7.54e-01 | grad=1.33e+00 | 3.7s
[   909] loss=-35.3410 | res=7.60e-01 | grad=1.36e+00 | 3.7s
[   910] loss=-34.9074 | res=7.37e-01 | grad=1.40e+00 | 3.7s
[   911] loss=-34.8579 | res=7.60e-01 | grad=1.15e+00 | 3.7s
[   912] loss=-34.4997 | res=7.40e-01 | grad=1.26e+00 | 3.7s
[   913] loss=-34.7328 | res=7.53e-01 | grad=1.45e+00 | 3.7s
[   914] loss=-33.9416 | res=7.50e-01 | grad=1.62e+00 | 3.7s
[   915] loss=-35.1145 | res=7.48e-01 | grad=1.44e+00 | 3.7s
[   916] loss=-35.2862 | res=7.42e-01 | grad=1.14e+00 | 3.7s
[   917] loss=-35.0333 | res=7.20e-01 | grad=1.45e+00 | 3.7s
[   918] loss=-35.0337 | res=7.48e-01 | grad=1.17e+00 | 3.7s
[   919] loss=-35.0268 | res=7.52e-01 | grad=1.24e+00 | 3.7s
[   920] loss=-34.4552 | res=7.35e-01 | grad=1.22e+00 | 3.6s
[   921] loss=-35.1846 | res=7.66e-01 | grad=1.58e+00 | 3.7s
[   922] loss=-35.3770 | res=7.34e-01 | grad=1.13e+00 | 3.7s
[   923] loss=-35.1919 | res=7.44e-01 | grad=1.36e+00 | 3.7s
[   924] loss=-34.3989 | res=7.48e-01 | grad=1.09e+00 | 3.7s
[   925] loss=-34.1399 | res=7.35e-01 | grad=1.22e+00 | 3.7s
[   926] loss=-34.1729 | res=7.38e-01 | grad=1.52e+00 | 3.7s
[   927] loss=-34.7093 | res=7.57e-01 | grad=1.11e+00 | 3.7s
[   928] loss=-35.2545 | res=7.32e-01 | grad=1.45e+00 | 3.7s
[   929] loss=-34.6797 | res=7.31e-01 | grad=1.04e+00 | 3.7s
[   930] loss=-34.3013 | res=7.55e-01 | grad=1.19e+00 | 3.7s
[   931] loss=-35.1032 | res=7.42e-01 | grad=1.59e+00 | 3.7s
[   932] loss=-35.4221 | res=7.42e-01 | grad=1.58e+00 | 3.7s
[   933] loss=-34.3908 | res=7.48e-01 | grad=1.68e+00 | 3.7s
[   934] loss=-35.2292 | res=7.38e-01 | grad=1.16e+00 | 3.7s
[   935] loss=-34.6468 | res=7.28e-01 | grad=1.33e+00 | 3.7s
[   936] loss=-35.1377 | res=7.29e-01 | grad=1.05e+00 | 3.7s
[   937] loss=-34.8913 | res=7.32e-01 | grad=1.38e+00 | 3.6s
[   938] loss=-34.5021 | res=7.49e-01 | grad=1.31e+00 | 3.7s
[   939] loss=-34.4608 | res=7.58e-01 | grad=1.27e+00 | 3.7s
[   940] loss=-34.8210 | res=7.37e-01 | grad=1.17e+00 | 3.7s
[   941] loss=-34.8036 | res=7.35e-01 | grad=1.20e+00 | 3.7s
[   942] loss=-35.3301 | res=7.65e-01 | grad=1.30e+00 | 3.7s
[   943] loss=-34.6865 | res=7.39e-01 | grad=1.40e+00 | 3.7s
[   944] loss=-35.3774 | res=7.53e-01 | grad=7.83e-01 | 3.7s
[   945] loss=-34.5112 | res=7.43e-01 | grad=1.39e+00 | 3.7s
[   946] loss=-35.4830 | res=7.72e-01 | grad=8.98e-01 | 3.7s
[   947] loss=-35.0905 | res=7.70e-01 | grad=1.45e+00 | 3.7s
[   948] loss=-34.2010 | res=7.48e-01 | grad=1.35e+00 | 3.7s
[   949] loss=-34.8549 | res=7.41e-01 | grad=1.10e+00 | 3.7s
[   950] loss=-34.6740 | res=7.43e-01 | grad=1.31e+00 | 3.7s
[   951] loss=-34.3498 | res=7.37e-01 | grad=1.28e+00 | 3.7s
[   952] loss=-35.3039 | res=7.24e-01 | grad=1.23e+00 | 3.7s
[   953] loss=-34.1582 | res=7.27e-01 | grad=1.25e+00 | 3.7s
[   954] loss=-34.9688 | res=7.37e-01 | grad=1.00e+00 | 3.7s
[   955] loss=-34.9413 | res=7.37e-01 | grad=1.24e+00 | 3.7s
[   956] loss=-34.9515 | res=7.17e-01 | grad=1.66e+00 | 3.7s
[   957] loss=-34.2162 | res=7.29e-01 | grad=9.01e-01 | 3.7s
[   958] loss=-35.2745 | res=7.43e-01 | grad=1.51e+00 | 3.7s
[   959] loss=-34.7566 | res=7.36e-01 | grad=1.50e+00 | 3.7s
[   960] loss=-34.6511 | res=7.65e-01 | grad=1.57e+00 | 3.6s
[   961] loss=-33.7729 | res=7.42e-01 | grad=1.72e+00 | 3.7s
[   962] loss=-34.0317 | res=7.56e-01 | grad=1.14e+00 | 3.7s
[   963] loss=-34.9405 | res=7.41e-01 | grad=1.53e+00 | 3.7s
[   964] loss=-33.9659 | res=7.41e-01 | grad=1.18e+00 | 3.7s
[   965] loss=-35.4667 | res=7.51e-01 | grad=1.53e+00 | 3.6s
[   966] loss=-33.7659 | res=7.38e-01 | grad=1.38e+00 | 3.6s
[   967] loss=-34.6144 | res=7.37e-01 | grad=1.33e+00 | 3.7s
[   968] loss=-34.5628 | res=7.34e-01 | grad=1.32e+00 | 3.7s
[   969] loss=-35.0672 | res=7.27e-01 | grad=1.32e+00 | 3.6s
[   970] loss=-34.4420 | res=7.46e-01 | grad=1.71e+00 | 3.7s
[   971] loss=-34.0441 | res=7.27e-01 | grad=1.39e+00 | 3.7s
[   972] loss=-34.3829 | res=7.51e-01 | grad=1.47e+00 | 3.7s
[   973] loss=-34.4887 | res=7.29e-01 | grad=1.17e+00 | 3.7s
[   974] loss=-34.0562 | res=7.41e-01 | grad=1.26e+00 | 3.7s
[   975] loss=-35.0326 | res=7.58e-01 | grad=1.26e+00 | 3.7s
[   976] loss=-34.8970 | res=7.43e-01 | grad=1.23e+00 | 3.7s
[   977] loss=-34.8554 | res=7.30e-01 | grad=1.15e+00 | 3.7s
[   978] loss=-35.0635 | res=7.55e-01 | grad=1.71e+00 | 3.7s
[   979] loss=-34.2612 | res=7.27e-01 | grad=1.54e+00 | 3.7s
[   980] loss=-34.5814 | res=7.27e-01 | grad=1.57e+00 | 3.7s
[   981] loss=-33.6103 | res=7.38e-01 | grad=1.46e+00 | 3.7s
[   982] loss=-35.5965 | res=7.33e-01 | grad=1.37e+00 | 3.7s
[   983] loss=-34.1682 | res=7.51e-01 | grad=1.23e+00 | 3.7s
[   984] loss=-34.8551 | res=7.33e-01 | grad=1.13e+00 | 3.7s
[   985] loss=-34.0738 | res=7.41e-01 | grad=1.37e+00 | 3.7s
[   986] loss=-33.5908 | res=7.30e-01 | grad=1.52e+00 | 3.7s
[   987] loss=-34.9225 | res=7.31e-01 | grad=1.57e+00 | 3.7s
[   988] loss=-34.9641 | res=7.27e-01 | grad=1.50e+00 | 3.7s
[   989] loss=-34.0074 | res=7.41e-01 | grad=1.40e+00 | 3.7s
[   990] loss=-35.0647 | res=7.45e-01 | grad=1.95e+00 | 3.7s
[   991] loss=-34.8537 | res=7.45e-01 | grad=1.15e+00 | 3.7s
[   992] loss=-34.8416 | res=7.49e-01 | grad=1.09e+00 | 3.7s
[   993] loss=-34.5163 | res=7.38e-01 | grad=1.45e+00 | 3.7s
[   994] loss=-34.6285 | res=7.67e-01 | grad=1.51e+00 | 3.7s
[   995] loss=-34.4458 | res=7.37e-01 | grad=1.65e+00 | 3.7s
[   996] loss=-34.8492 | res=7.66e-01 | grad=1.80e+00 | 3.7s
[   997] loss=-34.3127 | res=7.64e-01 | grad=1.30e+00 | 3.7s
[   998] loss=-34.4069 | res=7.45e-01 | grad=1.20e+00 | 3.7s
[   999] loss=-33.6086 | res=7.27e-01 | grad=1.17e+00 | 3.7s
[  1000] loss=-34.6760 | res=7.29e-01 | grad=1.28e+00 | 3.7s
2026-01-22 23:29:29.844462: E external/xla/xla/service/slow_operation_alarm.cc:65] Constant folding an instruction is taking > 1s:

  %reduce.2417 = f64[1024,512]{1,0} reduce(f64[1024,512,2]{2,1,0} %broadcast.5014, f64[] %constant.3158), dimensions={2}, to_apply=%region_63.2423, metadata={op_name="jit(solve_one)/jit(main)/vmap(while)/body/jvp(MLP)/phi/vmap(vmap(jit(norm)))/reduce_sum" source_file="/home/sjbhatt/riemannian-neural-ot/src/manifolds.py" source_line=189}

This isn't necessarily a bug; constant-folding is inherently a trade-off between compilation time and speed at runtime. XLA has some guards that attempt to keep constant folding from taking too long, but fundamentally you'll always be able to come up with an input program that takes a long time.

If you'd like to file a bug, run with envvar XLA_FLAGS=--xla_dump_to=/tmp/foo and attach the results.
2026-01-22 23:29:30.539028: E external/xla/xla/service/slow_operation_alarm.cc:133] The operation took 1.694670147s
Constant folding an instruction is taking > 1s:

  %reduce.2417 = f64[1024,512]{1,0} reduce(f64[1024,512,2]{2,1,0} %broadcast.5014, f64[] %constant.3158), dimensions={2}, to_apply=%region_63.2423, metadata={op_name="jit(solve_one)/jit(main)/vmap(while)/body/jvp(MLP)/phi/vmap(vmap(jit(norm)))/reduce_sum" source_file="/home/sjbhatt/riemannian-neural-ot/src/manifolds.py" source_line=189}

This isn't necessarily a bug; constant-folding is inherently a trade-off between compilation time and speed at runtime. XLA has some guards that attempt to keep constant folding from taking too long, but fundamentally you'll always be able to come up with an input program that takes a long time.

If you'd like to file a bug, run with envvar XLA_FLAGS=--xla_dump_to=/tmp/foo and attach the results.
  KL = 3.2147 +/- 0.1033  |  ESS = 54.9 (ratio: 0.054)
  Runtime = 3723.0s

[Ours] Training on T40...
  [High-D scaling] n_landmarks: 128 -> 512, hidden_dims: (128, 128) -> (128, 128)
/home/sjbhatt/anaconda3/envs/rcpms-jax/lib/python3.10/site-packages/jax/_src/ops/scatter.py:92: FutureWarning: scatter inputs have incompatible types: cannot safely cast value from dtype=int64 to dtype=int32 with jax_numpy_dtype_promotion='standard'. In future JAX releases this will result in an error.
  warnings.warn(
/home/sjbhatt/anaconda3/envs/rcpms-jax/lib/python3.10/site-packages/jax/_src/ops/scatter.py:92: FutureWarning: scatter inputs have incompatible types: cannot safely cast value from dtype=int64 to dtype=int32 with jax_numpy_dtype_promotion='standard'. In future JAX releases this will result in an error.
  warnings.warn(
[     1] loss=0.0151 | res=1.64e-03 | grad=6.28e+00 | 75.0s
[     2] loss=-0.2676 | res=2.28e-03 | grad=7.07e+00 | 4.8s
[     3] loss=-0.5458 | res=2.29e-03 | grad=9.18e+00 | 4.9s
[     4] loss=-0.7411 | res=2.75e-03 | grad=1.08e+01 | 4.8s
[     5] loss=-1.0339 | res=4.14e-03 | grad=1.33e+01 | 4.9s
[     6] loss=-1.2151 | res=5.15e-03 | grad=1.42e+01 | 4.8s
[     7] loss=-1.5491 | res=7.22e-03 | grad=1.60e+01 | 4.9s
[     8] loss=-1.8818 | res=8.46e-03 | grad=1.71e+01 | 4.9s
[     9] loss=-2.0974 | res=9.11e-03 | grad=1.65e+01 | 4.9s
[    10] loss=-2.4117 | res=1.21e-02 | grad=1.68e+01 | 4.8s
[    11] loss=-2.7534 | res=1.50e-02 | grad=1.73e+01 | 4.9s
[    12] loss=-2.8858 | res=1.53e-02 | grad=1.64e+01 | 4.9s
[    13] loss=-3.0929 | res=1.61e-02 | grad=1.64e+01 | 4.9s
[    14] loss=-3.5944 | res=2.09e-02 | grad=1.70e+01 | 5.0s
[    15] loss=-3.8580 | res=2.39e-02 | grad=1.71e+01 | 4.9s
[    16] loss=-4.2197 | res=2.56e-02 | grad=1.73e+01 | 4.8s
[    17] loss=-4.2295 | res=2.84e-02 | grad=1.68e+01 | 4.9s
[    18] loss=-4.8668 | res=3.04e-02 | grad=1.78e+01 | 4.9s
[    19] loss=-5.0055 | res=3.26e-02 | grad=1.75e+01 | 5.0s
[    20] loss=-5.4117 | res=3.49e-02 | grad=1.77e+01 | 4.9s
[    21] loss=-5.6930 | res=3.72e-02 | grad=1.77e+01 | 4.9s
[    22] loss=-6.0383 | res=4.21e-02 | grad=1.80e+01 | 4.9s
[    23] loss=-6.5132 | res=4.58e-02 | grad=1.84e+01 | 4.9s
[    24] loss=-6.8588 | res=4.83e-02 | grad=1.86e+01 | 4.9s
[    25] loss=-7.0632 | res=5.03e-02 | grad=1.85e+01 | 4.9s
[    26] loss=-7.7915 | res=5.61e-02 | grad=1.92e+01 | 4.9s
[    27] loss=-8.0029 | res=5.84e-02 | grad=1.90e+01 | 5.0s
[    28] loss=-8.4018 | res=6.19e-02 | grad=1.92e+01 | 4.9s
[    29] loss=-8.6197 | res=6.57e-02 | grad=1.91e+01 | 4.9s
[    30] loss=-9.1953 | res=6.89e-02 | grad=1.95e+01 | 4.8s
[    31] loss=-9.5989 | res=7.40e-02 | grad=1.97e+01 | 4.9s
[    32] loss=-10.0945 | res=8.20e-02 | grad=1.99e+01 | 4.9s
[    33] loss=-10.4907 | res=8.90e-02 | grad=2.00e+01 | 4.9s
[    34] loss=-10.8710 | res=9.43e-02 | grad=2.01e+01 | 4.8s
[    35] loss=-11.3931 | res=1.01e-01 | grad=2.02e+01 | 4.9s
[    36] loss=-11.8012 | res=1.06e-01 | grad=2.04e+01 | 4.8s
[    37] loss=-12.4459 | res=1.16e-01 | grad=2.08e+01 | 4.9s
[    38] loss=-12.9434 | res=1.27e-01 | grad=2.09e+01 | 4.9s
[    39] loss=-13.4515 | res=1.35e-01 | grad=2.10e+01 | 5.0s
[    40] loss=-14.1827 | res=1.51e-01 | grad=2.12e+01 | 4.9s
[    41] loss=-14.8483 | res=1.61e-01 | grad=2.15e+01 | 4.9s
[    42] loss=-15.3594 | res=1.67e-01 | grad=2.16e+01 | 4.9s
[    43] loss=-16.0044 | res=1.82e-01 | grad=2.18e+01 | 4.9s
[    44] loss=-16.4562 | res=1.97e-01 | grad=2.17e+01 | 4.9s
[    45] loss=-16.4009 | res=2.09e-01 | grad=2.14e+01 | 5.0s
[    46] loss=-17.4398 | res=2.24e-01 | grad=2.18e+01 | 4.9s
[    47] loss=-18.1912 | res=2.39e-01 | grad=2.21e+01 | 5.0s
[    48] loss=-18.4130 | res=2.51e-01 | grad=2.19e+01 | 4.9s
[    49] loss=-19.2918 | res=2.69e-01 | grad=2.23e+01 | 4.9s
[    50] loss=-19.7249 | res=2.86e-01 | grad=2.22e+01 | 4.9s
[    51] loss=-20.4085 | res=2.98e-01 | grad=2.21e+01 | 4.9s
[    52] loss=-21.0044 | res=3.22e-01 | grad=2.23e+01 | 4.9s
[    53] loss=-21.7514 | res=3.56e-01 | grad=2.25e+01 | 5.0s
[    54] loss=-22.0154 | res=3.86e-01 | grad=2.21e+01 | 4.9s
[    55] loss=-23.3853 | res=4.06e-01 | grad=2.25e+01 | 4.9s
[    56] loss=-23.9091 | res=4.24e-01 | grad=2.24e+01 | 4.9s
[    57] loss=-24.0769 | res=4.45e-01 | grad=2.22e+01 | 4.9s
[    58] loss=-24.4202 | res=4.68e-01 | grad=2.21e+01 | 4.8s
[    59] loss=-26.1265 | res=5.23e-01 | grad=2.27e+01 | 4.9s
[    60] loss=-26.3846 | res=5.46e-01 | grad=2.24e+01 | 4.8s
[    61] loss=-27.0871 | res=5.89e-01 | grad=2.25e+01 | 4.9s
[    62] loss=-27.8167 | res=6.04e-01 | grad=2.23e+01 | 4.9s
[    63] loss=-27.9940 | res=6.32e-01 | grad=2.22e+01 | 5.0s
[    64] loss=-28.8905 | res=6.75e-01 | grad=2.21e+01 | 4.9s
[    65] loss=-29.2001 | res=6.92e-01 | grad=2.19e+01 | 5.0s
[    66] loss=-29.9255 | res=7.28e-01 | grad=2.17e+01 | 4.9s
[    67] loss=-30.5357 | res=7.67e-01 | grad=2.15e+01 | 4.9s
[    68] loss=-31.1411 | res=8.27e-01 | grad=2.15e+01 | 4.9s
[    69] loss=-31.9442 | res=8.62e-01 | grad=2.13e+01 | 5.0s
[    70] loss=-32.7053 | res=8.83e-01 | grad=2.10e+01 | 5.0s
[    71] loss=-32.8257 | res=9.56e-01 | grad=2.08e+01 | 5.0s
[    72] loss=-33.8978 | res=1.00e+00 | grad=2.06e+01 | 4.9s
[    73] loss=-34.8171 | res=1.08e+00 | grad=2.04e+01 | 4.9s
[    74] loss=-34.5389 | res=1.11e+00 | grad=1.96e+01 | 4.9s
[    75] loss=-36.7765 | res=1.16e+00 | grad=2.00e+01 | 4.9s
[    76] loss=-35.5929 | res=1.22e+00 | grad=1.88e+01 | 4.9s
[    77] loss=-37.0248 | res=1.27e+00 | grad=1.85e+01 | 4.9s
[    78] loss=-37.8674 | res=1.32e+00 | grad=1.80e+01 | 5.0s
[    79] loss=-37.8939 | res=1.35e+00 | grad=1.73e+01 | 5.0s
[    80] loss=-38.9408 | res=1.42e+00 | grad=1.67e+01 | 4.9s
[    81] loss=-39.4554 | res=1.46e+00 | grad=1.56e+01 | 4.9s
[    82] loss=-40.7585 | res=1.53e+00 | grad=1.55e+01 | 4.9s
[    83] loss=-40.6599 | res=1.60e+00 | grad=1.41e+01 | 4.9s
[    84] loss=-41.2969 | res=1.61e+00 | grad=1.30e+01 | 4.9s
[    85] loss=-42.9984 | res=1.66e+00 | grad=1.26e+01 | 4.9s
[    86] loss=-42.5356 | res=1.70e+00 | grad=1.09e+01 | 5.0s
[    87] loss=-42.5782 | res=1.75e+00 | grad=9.45e+00 | 4.9s
[    88] loss=-43.3546 | res=1.75e+00 | grad=8.54e+00 | 4.9s
[    89] loss=-44.1009 | res=1.80e+00 | grad=8.04e+00 | 4.9s
[    90] loss=-43.3992 | res=1.88e+00 | grad=6.21e+00 | 4.9s
[    91] loss=-44.7263 | res=1.88e+00 | grad=5.63e+00 | 4.9s
[    92] loss=-44.7996 | res=1.89e+00 | grad=4.59e+00 | 4.9s
[    93] loss=-44.1289 | res=1.93e+00 | grad=3.94e+00 | 4.9s
[    94] loss=-45.5444 | res=1.98e+00 | grad=3.85e+00 | 4.9s
[    95] loss=-44.4665 | res=2.00e+00 | grad=2.96e+00 | 5.0s
[    96] loss=-44.7593 | res=2.00e+00 | grad=3.91e+00 | 4.9s
[    97] loss=-44.4345 | res=1.95e+00 | grad=3.37e+00 | 4.9s
[    98] loss=-43.9347 | res=1.94e+00 | grad=4.98e+00 | 4.9s
[    99] loss=-44.9175 | res=1.99e+00 | grad=3.46e+00 | 5.0s
[   100] loss=-43.9848 | res=1.95e+00 | grad=3.31e+00 | 4.9s
[   101] loss=-45.2716 | res=1.91e+00 | grad=5.00e+00 | 4.9s
[   102] loss=-45.7088 | res=1.95e+00 | grad=2.99e+00 | 4.9s
[   103] loss=-45.6374 | res=1.96e+00 | grad=3.11e+00 | 4.9s
[   104] loss=-45.3827 | res=1.94e+00 | grad=3.96e+00 | 4.9s
[   105] loss=-44.8460 | res=1.93e+00 | grad=3.50e+00 | 4.9s
[   106] loss=-46.0151 | res=1.90e+00 | grad=3.59e+00 | 4.9s
[   107] loss=-45.8436 | res=1.94e+00 | grad=3.34e+00 | 4.9s
[   108] loss=-45.9088 | res=1.89e+00 | grad=3.08e+00 | 4.9s
[   109] loss=-45.5339 | res=1.89e+00 | grad=3.15e+00 | 4.9s
[   110] loss=-44.6572 | res=1.92e+00 | grad=2.50e+00 | 4.9s
[   111] loss=-45.6562 | res=1.89e+00 | grad=3.00e+00 | 5.0s
[   112] loss=-45.6878 | res=1.88e+00 | grad=2.40e+00 | 5.0s
[   113] loss=-44.6257 | res=1.91e+00 | grad=3.26e+00 | 4.9s
[   114] loss=-45.0455 | res=1.82e+00 | grad=3.19e+00 | 5.0s
[   115] loss=-45.5382 | res=1.85e+00 | grad=6.69e+00 | 4.9s
[   116] loss=-44.9066 | res=1.86e+00 | grad=2.48e+00 | 4.9s
[   117] loss=-45.9173 | res=1.85e+00 | grad=2.53e+00 | 4.9s
[   118] loss=-46.0600 | res=1.94e+00 | grad=2.29e+00 | 5.0s
[   119] loss=-45.7846 | res=1.87e+00 | grad=3.13e+00 | 4.9s
[   120] loss=-44.6011 | res=1.83e+00 | grad=2.95e+00 | 5.0s
[   121] loss=-44.8105 | res=1.81e+00 | grad=2.79e+00 | 4.9s
[   122] loss=-44.4673 | res=1.79e+00 | grad=2.72e+00 | 4.9s
[   123] loss=-45.3583 | res=1.77e+00 | grad=3.15e+00 | 4.9s
[   124] loss=-45.2612 | res=1.80e+00 | grad=3.18e+00 | 4.9s
[   125] loss=-45.2814 | res=1.81e+00 | grad=2.95e+00 | 4.9s
[   126] loss=-44.8552 | res=1.79e+00 | grad=3.17e+00 | 5.0s
[   127] loss=-46.0332 | res=1.82e+00 | grad=4.15e+00 | 4.9s
[   128] loss=-45.7724 | res=1.83e+00 | grad=2.83e+00 | 4.9s
[   129] loss=-46.1386 | res=1.80e+00 | grad=2.70e+00 | 4.9s
[   130] loss=-45.8020 | res=1.81e+00 | grad=3.09e+00 | 4.9s
[   131] loss=-44.7754 | res=1.79e+00 | grad=2.75e+00 | 5.0s
[   132] loss=-45.6174 | res=1.79e+00 | grad=2.82e+00 | 4.9s
[   133] loss=-44.8525 | res=1.78e+00 | grad=3.63e+00 | 5.0s
[   134] loss=-44.5749 | res=1.75e+00 | grad=2.66e+00 | 4.9s
[   135] loss=-44.9332 | res=1.71e+00 | grad=2.96e+00 | 5.0s
[   136] loss=-45.6920 | res=1.79e+00 | grad=3.63e+00 | 4.9s
[   137] loss=-45.1677 | res=1.75e+00 | grad=2.89e+00 | 5.0s
[   138] loss=-44.9895 | res=1.75e+00 | grad=2.91e+00 | 5.0s
[   139] loss=-45.4482 | res=1.76e+00 | grad=2.26e+00 | 4.9s
[   140] loss=-44.7242 | res=1.78e+00 | grad=2.54e+00 | 4.9s
[   141] loss=-45.5895 | res=1.79e+00 | grad=3.38e+00 | 5.0s
[   142] loss=-45.6833 | res=1.79e+00 | grad=2.71e+00 | 5.0s
[   143] loss=-45.6991 | res=1.75e+00 | grad=2.64e+00 | 4.9s
[   144] loss=-45.0932 | res=1.76e+00 | grad=3.17e+00 | 4.9s
[   145] loss=-45.5753 | res=1.74e+00 | grad=3.46e+00 | 4.9s
[   146] loss=-45.9394 | res=1.75e+00 | grad=2.90e+00 | 4.9s
[   147] loss=-45.3029 | res=1.72e+00 | grad=2.41e+00 | 4.9s
[   148] loss=-45.2729 | res=1.74e+00 | grad=2.95e+00 | 4.9s
[   149] loss=-45.9106 | res=1.72e+00 | grad=2.93e+00 | 4.9s
[   150] loss=-45.6271 | res=1.74e+00 | grad=2.74e+00 | 4.9s
[   151] loss=-45.4254 | res=1.72e+00 | grad=2.93e+00 | 4.9s
[   152] loss=-46.0841 | res=1.73e+00 | grad=2.73e+00 | 4.9s
[   153] loss=-45.7010 | res=1.73e+00 | grad=2.77e+00 | 4.9s
[   154] loss=-45.9010 | res=1.73e+00 | grad=3.22e+00 | 4.9s
[   155] loss=-45.4374 | res=1.75e+00 | grad=3.76e+00 | 4.9s
[   156] loss=-46.0835 | res=1.70e+00 | grad=3.05e+00 | 4.9s
[   157] loss=-46.2392 | res=1.72e+00 | grad=2.90e+00 | 4.9s
[   158] loss=-45.1709 | res=1.73e+00 | grad=2.39e+00 | 4.9s
[   159] loss=-45.4681 | res=1.77e+00 | grad=2.80e+00 | 5.0s
[   160] loss=-46.0663 | res=1.73e+00 | grad=2.52e+00 | 4.9s
[   161] loss=-45.7092 | res=1.69e+00 | grad=3.45e+00 | 4.9s
[   162] loss=-46.1216 | res=1.71e+00 | grad=2.91e+00 | 5.0s
[   163] loss=-44.5884 | res=1.66e+00 | grad=2.46e+00 | 5.0s
[   164] loss=-46.2598 | res=1.70e+00 | grad=3.48e+00 | 4.9s
[   165] loss=-45.7282 | res=1.68e+00 | grad=2.97e+00 | 4.9s
[   166] loss=-46.0640 | res=1.74e+00 | grad=2.78e+00 | 4.9s
[   167] loss=-45.8098 | res=1.68e+00 | grad=3.03e+00 | 4.9s
[   168] loss=-46.1483 | res=1.71e+00 | grad=2.87e+00 | 4.9s
[   169] loss=-44.9355 | res=1.71e+00 | grad=2.83e+00 | 4.9s
[   170] loss=-46.9564 | res=1.70e+00 | grad=2.38e+00 | 4.9s
[   171] loss=-45.7098 | res=1.70e+00 | grad=2.90e+00 | 4.9s
[   172] loss=-46.3626 | res=1.72e+00 | grad=3.29e+00 | 4.9s
[   173] loss=-46.9716 | res=1.71e+00 | grad=2.65e+00 | 4.9s
[   174] loss=-45.4489 | res=1.70e+00 | grad=2.38e+00 | 5.0s
[   175] loss=-45.7796 | res=1.71e+00 | grad=2.91e+00 | 5.0s
[   176] loss=-46.0170 | res=1.67e+00 | grad=2.98e+00 | 4.9s
[   177] loss=-45.7152 | res=1.69e+00 | grad=3.28e+00 | 4.9s
[   178] loss=-45.8213 | res=1.66e+00 | grad=2.85e+00 | 4.9s
[   179] loss=-45.8836 | res=1.63e+00 | grad=2.41e+00 | 4.9s
[   180] loss=-46.2623 | res=1.67e+00 | grad=2.88e+00 | 4.9s
[   181] loss=-46.5351 | res=1.71e+00 | grad=3.28e+00 | 4.9s
[   182] loss=-45.0663 | res=1.64e+00 | grad=2.40e+00 | 5.0s
[   183] loss=-46.8225 | res=1.70e+00 | grad=2.81e+00 | 4.9s
[   184] loss=-45.9469 | res=1.69e+00 | grad=2.07e+00 | 4.9s
[   185] loss=-45.6860 | res=1.71e+00 | grad=2.24e+00 | 4.9s
[   186] loss=-44.5077 | res=1.65e+00 | grad=2.54e+00 | 5.0s
[   187] loss=-46.2895 | res=1.64e+00 | grad=2.75e+00 | 4.9s
[   188] loss=-45.6921 | res=1.59e+00 | grad=2.58e+00 | 5.0s
[   189] loss=-45.8029 | res=1.60e+00 | grad=2.26e+00 | 4.9s
[   190] loss=-46.6297 | res=1.63e+00 | grad=2.96e+00 | 4.9s
[   191] loss=-45.4836 | res=1.61e+00 | grad=2.46e+00 | 4.9s
[   192] loss=-46.3025 | res=1.62e+00 | grad=2.34e+00 | 4.9s
[   193] loss=-45.4767 | res=1.59e+00 | grad=2.47e+00 | 4.9s
[   194] loss=-45.9352 | res=1.62e+00 | grad=2.55e+00 | 4.9s
[   195] loss=-45.9658 | res=1.57e+00 | grad=2.34e+00 | 5.0s
[   196] loss=-45.7599 | res=1.61e+00 | grad=2.39e+00 | 4.9s
[   197] loss=-46.0673 | res=1.60e+00 | grad=4.11e+00 | 4.9s
[   198] loss=-46.0322 | res=1.59e+00 | grad=3.01e+00 | 5.0s
[   199] loss=-45.3863 | res=1.59e+00 | grad=2.62e+00 | 4.9s
[   200] loss=-46.4030 | res=1.64e+00 | grad=2.52e+00 | 4.9s
[   201] loss=-45.8480 | res=1.60e+00 | grad=2.98e+00 | 5.0s
[   202] loss=-45.7473 | res=1.58e+00 | grad=2.73e+00 | 5.0s
[   203] loss=-45.3310 | res=1.62e+00 | grad=2.10e+00 | 5.0s
[   204] loss=-46.2998 | res=1.61e+00 | grad=1.92e+00 | 4.9s
[   205] loss=-45.9540 | res=1.59e+00 | grad=2.54e+00 | 4.9s
[   206] loss=-45.7757 | res=1.62e+00 | grad=3.18e+00 | 4.9s
[   207] loss=-46.5706 | res=1.62e+00 | grad=2.44e+00 | 4.9s
[   208] loss=-46.2292 | res=1.60e+00 | grad=2.28e+00 | 4.9s
[   209] loss=-46.1884 | res=1.60e+00 | grad=2.56e+00 | 5.0s
[   210] loss=-46.4098 | res=1.59e+00 | grad=2.80e+00 | 5.0s
[   211] loss=-45.6431 | res=1.56e+00 | grad=2.92e+00 | 5.0s
[   212] loss=-46.5631 | res=1.59e+00 | grad=2.90e+00 | 4.9s
[   213] loss=-46.0342 | res=1.58e+00 | grad=2.37e+00 | 4.9s
[   214] loss=-45.6991 | res=1.57e+00 | grad=2.07e+00 | 4.9s
[   215] loss=-45.3020 | res=1.58e+00 | grad=2.17e+00 | 4.9s
[   216] loss=-45.9750 | res=1.59e+00 | grad=2.28e+00 | 4.9s
[   217] loss=-45.8242 | res=1.57e+00 | grad=2.05e+00 | 5.0s
[   218] loss=-45.7492 | res=1.55e+00 | grad=2.33e+00 | 5.0s
[   219] loss=-45.3868 | res=1.55e+00 | grad=1.93e+00 | 5.0s
[   220] loss=-46.5756 | res=1.56e+00 | grad=3.16e+00 | 4.9s
[   221] loss=-46.2989 | res=1.55e+00 | grad=2.02e+00 | 4.9s
[   222] loss=-46.0400 | res=1.61e+00 | grad=2.37e+00 | 4.9s
[   223] loss=-45.8600 | res=1.58e+00 | grad=1.94e+00 | 4.9s
[   224] loss=-45.5855 | res=1.59e+00 | grad=2.11e+00 | 4.9s
[   225] loss=-45.6434 | res=1.56e+00 | grad=2.27e+00 | 5.0s
[   226] loss=-46.5795 | res=1.57e+00 | grad=2.50e+00 | 5.0s
[   227] loss=-46.0295 | res=1.54e+00 | grad=2.28e+00 | 5.0s
[   228] loss=-46.4464 | res=1.54e+00 | grad=2.31e+00 | 4.9s
[   229] loss=-45.9187 | res=1.58e+00 | grad=2.35e+00 | 4.9s
[   230] loss=-46.2261 | res=1.53e+00 | grad=2.15e+00 | 4.9s
[   231] loss=-45.7413 | res=1.56e+00 | grad=2.93e+00 | 4.9s
[   232] loss=-46.2542 | res=1.57e+00 | grad=2.96e+00 | 5.0s
[   233] loss=-44.9245 | res=1.53e+00 | grad=1.63e+00 | 5.0s
[   234] loss=-45.9050 | res=1.51e+00 | grad=3.27e+00 | 5.0s
[   235] loss=-46.0943 | res=1.54e+00 | grad=2.56e+00 | 5.0s
[   236] loss=-45.7050 | res=1.53e+00 | grad=2.40e+00 | 4.9s
[   237] loss=-46.2610 | res=1.53e+00 | grad=2.15e+00 | 4.9s
[   238] loss=-45.6339 | res=1.52e+00 | grad=2.49e+00 | 4.9s
[   239] loss=-45.5512 | res=1.52e+00 | grad=2.48e+00 | 4.9s
[   240] loss=-46.0781 | res=1.56e+00 | grad=1.79e+00 | 5.0s
[   241] loss=-46.2201 | res=1.52e+00 | grad=2.23e+00 | 5.0s
[   242] loss=-46.0396 | res=1.48e+00 | grad=2.29e+00 | 5.0s
[   243] loss=-45.9715 | res=1.50e+00 | grad=2.46e+00 | 5.0s
[   244] loss=-46.0643 | res=1.47e+00 | grad=2.40e+00 | 4.9s
[   245] loss=-45.9900 | res=1.51e+00 | grad=2.32e+00 | 4.9s
[   246] loss=-45.7984 | res=1.50e+00 | grad=2.70e+00 | 5.0s
[   247] loss=-45.1781 | res=1.50e+00 | grad=2.23e+00 | 5.0s
[   248] loss=-46.1481 | res=1.52e+00 | grad=2.35e+00 | 4.9s
[   249] loss=-45.9352 | res=1.56e+00 | grad=2.45e+00 | 5.0s
[   250] loss=-46.3013 | res=1.55e+00 | grad=2.55e+00 | 4.9s
[   251] loss=-46.0591 | res=1.48e+00 | grad=2.10e+00 | 5.0s
[   252] loss=-45.8533 | res=1.50e+00 | grad=2.10e+00 | 4.9s
[   253] loss=-46.6003 | res=1.53e+00 | grad=1.86e+00 | 4.9s
[   254] loss=-45.6615 | res=1.49e+00 | grad=1.86e+00 | 4.9s
[   255] loss=-46.4345 | res=1.51e+00 | grad=2.23e+00 | 5.0s
[   256] loss=-46.2420 | res=1.48e+00 | grad=2.24e+00 | 5.0s
[   257] loss=-46.1783 | res=1.47e+00 | grad=2.02e+00 | 5.0s
[   258] loss=-45.1312 | res=1.48e+00 | grad=2.15e+00 | 4.9s
[   259] loss=-46.3113 | res=1.49e+00 | grad=2.06e+00 | 5.0s
[   260] loss=-44.8141 | res=1.49e+00 | grad=1.99e+00 | 4.9s
[   261] loss=-46.9477 | res=1.52e+00 | grad=2.05e+00 | 4.9s
[   262] loss=-45.3643 | res=1.46e+00 | grad=2.08e+00 | 4.9s
[   263] loss=-45.9189 | res=1.47e+00 | grad=2.61e+00 | 4.9s
[   264] loss=-46.1202 | res=1.51e+00 | grad=2.17e+00 | 4.9s
[   265] loss=-46.2312 | res=1.48e+00 | grad=2.32e+00 | 4.9s
[   266] loss=-46.4038 | res=1.45e+00 | grad=1.97e+00 | 5.0s
[   267] loss=-45.4937 | res=1.47e+00 | grad=2.15e+00 | 5.0s
[   268] loss=-45.0983 | res=1.45e+00 | grad=1.72e+00 | 4.9s
[   269] loss=-46.0928 | res=1.44e+00 | grad=1.96e+00 | 4.9s
[   270] loss=-46.3370 | res=1.48e+00 | grad=2.30e+00 | 4.9s
[   271] loss=-46.0047 | res=1.47e+00 | grad=2.43e+00 | 4.9s
[   272] loss=-45.2071 | res=1.45e+00 | grad=2.22e+00 | 4.9s
[   273] loss=-46.1391 | res=1.45e+00 | grad=2.16e+00 | 5.0s
[   274] loss=-45.7672 | res=1.44e+00 | grad=2.30e+00 | 5.0s
[   275] loss=-45.3986 | res=1.44e+00 | grad=2.37e+00 | 5.0s
[   276] loss=-45.7291 | res=1.45e+00 | grad=2.59e+00 | 4.9s
[   277] loss=-45.6166 | res=1.44e+00 | grad=3.57e+00 | 4.9s
[   278] loss=-46.1560 | res=1.44e+00 | grad=2.21e+00 | 5.0s
[   279] loss=-46.0120 | res=1.46e+00 | grad=2.09e+00 | 4.9s
[   280] loss=-46.4833 | res=1.44e+00 | grad=2.37e+00 | 4.9s
[   281] loss=-46.0541 | res=1.44e+00 | grad=2.50e+00 | 4.9s
[   282] loss=-46.6368 | res=1.48e+00 | grad=1.97e+00 | 5.0s
[   283] loss=-45.9841 | res=1.46e+00 | grad=2.31e+00 | 5.0s
[   284] loss=-46.6058 | res=1.46e+00 | grad=2.60e+00 | 4.9s
[   285] loss=-46.7567 | res=1.45e+00 | grad=2.33e+00 | 4.9s
[   286] loss=-46.1929 | res=1.50e+00 | grad=2.04e+00 | 5.0s
[   287] loss=-47.1574 | res=1.47e+00 | grad=2.20e+00 | 5.0s
[   288] loss=-46.3497 | res=1.44e+00 | grad=2.30e+00 | 4.9s
[   289] loss=-45.3051 | res=1.43e+00 | grad=2.37e+00 | 4.9s
[   290] loss=-46.4068 | res=1.45e+00 | grad=2.50e+00 | 5.0s
[   291] loss=-46.6298 | res=1.48e+00 | grad=1.92e+00 | 5.0s
[   292] loss=-46.1433 | res=1.44e+00 | grad=2.38e+00 | 4.9s
[   293] loss=-46.4119 | res=1.45e+00 | grad=2.30e+00 | 4.9s
[   294] loss=-45.8791 | res=1.43e+00 | grad=2.00e+00 | 4.9s
[   295] loss=-45.5129 | res=1.42e+00 | grad=1.90e+00 | 4.9s
[   296] loss=-45.4770 | res=1.45e+00 | grad=1.87e+00 | 4.9s
[   297] loss=-46.1087 | res=1.43e+00 | grad=2.24e+00 | 4.9s
[   298] loss=-45.1971 | res=1.42e+00 | grad=1.81e+00 | 4.9s
[   299] loss=-45.7514 | res=1.40e+00 | grad=2.54e+00 | 4.9s
[   300] loss=-45.9330 | res=1.43e+00 | grad=2.60e+00 | 4.9s
[   301] loss=-45.5996 | res=1.46e+00 | grad=1.89e+00 | 5.0s
[   302] loss=-46.0672 | res=1.40e+00 | grad=1.89e+00 | 4.9s
[   303] loss=-45.6545 | res=1.41e+00 | grad=1.64e+00 | 4.9s
[   304] loss=-45.5752 | res=1.40e+00 | grad=2.16e+00 | 4.9s
[   305] loss=-46.9472 | res=1.42e+00 | grad=1.72e+00 | 4.9s
[   306] loss=-45.5377 | res=1.39e+00 | grad=2.08e+00 | 4.9s
[   307] loss=-44.9525 | res=1.38e+00 | grad=1.87e+00 | 5.0s
[   308] loss=-46.1854 | res=1.38e+00 | grad=1.99e+00 | 4.9s
[   309] loss=-45.9714 | res=1.38e+00 | grad=2.04e+00 | 4.9s
[   310] loss=-45.6615 | res=1.39e+00 | grad=1.93e+00 | 4.9s
[   311] loss=-46.9451 | res=1.40e+00 | grad=2.63e+00 | 4.9s
[   312] loss=-46.3353 | res=1.40e+00 | grad=1.95e+00 | 4.9s
[   313] loss=-45.6801 | res=1.40e+00 | grad=1.73e+00 | 4.9s
[   314] loss=-46.2727 | res=1.43e+00 | grad=1.90e+00 | 5.0s
[   315] loss=-46.2593 | res=1.39e+00 | grad=1.75e+00 | 5.0s
[   316] loss=-46.2368 | res=1.40e+00 | grad=1.67e+00 | 4.9s
[   317] loss=-45.7741 | res=1.40e+00 | grad=1.83e+00 | 4.9s
[   318] loss=-46.6429 | res=1.40e+00 | grad=1.88e+00 | 5.0s
[   319] loss=-45.8733 | res=1.40e+00 | grad=1.76e+00 | 5.0s
[   320] loss=-45.9711 | res=1.43e+00 | grad=1.52e+00 | 4.9s
[   321] loss=-45.9849 | res=1.40e+00 | grad=1.75e+00 | 4.9s
[   322] loss=-46.2963 | res=1.36e+00 | grad=2.19e+00 | 4.9s
[   323] loss=-47.4471 | res=1.38e+00 | grad=2.19e+00 | 5.0s
[   324] loss=-45.8798 | res=1.35e+00 | grad=1.74e+00 | 4.9s
[   325] loss=-46.2127 | res=1.36e+00 | grad=2.07e+00 | 4.9s
[   326] loss=-46.5255 | res=1.36e+00 | grad=2.07e+00 | 4.9s
[   327] loss=-46.2315 | res=1.37e+00 | grad=1.92e+00 | 4.9s
[   328] loss=-46.4848 | res=1.38e+00 | grad=1.95e+00 | 5.0s
[   329] loss=-45.7839 | res=1.34e+00 | grad=2.04e+00 | 4.9s
[   330] loss=-45.4814 | res=1.38e+00 | grad=1.57e+00 | 4.9s
[   331] loss=-46.3625 | res=1.36e+00 | grad=2.12e+00 | 5.0s
[   332] loss=-46.9917 | res=1.34e+00 | grad=2.19e+00 | 4.9s
[   333] loss=-46.4122 | res=1.38e+00 | grad=1.80e+00 | 5.0s
[   334] loss=-45.7477 | res=1.37e+00 | grad=1.85e+00 | 5.0s
[   335] loss=-46.5477 | res=1.36e+00 | grad=1.83e+00 | 4.9s
[   336] loss=-46.2716 | res=1.34e+00 | grad=1.56e+00 | 5.0s
[   337] loss=-46.5382 | res=1.35e+00 | grad=1.79e+00 | 4.9s
[   338] loss=-46.7625 | res=1.34e+00 | grad=2.05e+00 | 5.0s
[   339] loss=-47.0011 | res=1.37e+00 | grad=1.85e+00 | 5.0s
[   340] loss=-45.8828 | res=1.36e+00 | grad=2.03e+00 | 4.9s
[   341] loss=-45.6076 | res=1.32e+00 | grad=1.85e+00 | 4.9s
[   342] loss=-46.1803 | res=1.34e+00 | grad=1.83e+00 | 5.0s
[   343] loss=-46.4173 | res=1.32e+00 | grad=1.69e+00 | 5.0s
[   344] loss=-45.3941 | res=1.33e+00 | grad=1.89e+00 | 4.9s
[   345] loss=-45.2113 | res=1.34e+00 | grad=1.64e+00 | 4.9s
[   346] loss=-45.9055 | res=1.33e+00 | grad=1.94e+00 | 4.9s
[   347] loss=-45.7958 | res=1.31e+00 | grad=1.67e+00 | 4.9s
[   348] loss=-45.9493 | res=1.33e+00 | grad=2.30e+00 | 4.9s
[   349] loss=-46.1206 | res=1.32e+00 | grad=2.03e+00 | 4.9s
[   350] loss=-44.7910 | res=1.33e+00 | grad=1.89e+00 | 5.0s
[   351] loss=-46.5051 | res=1.35e+00 | grad=1.93e+00 | 4.9s
[   352] loss=-46.9839 | res=1.32e+00 | grad=2.43e+00 | 5.0s
[   353] loss=-46.1707 | res=1.28e+00 | grad=1.80e+00 | 4.9s
[   354] loss=-45.5900 | res=1.28e+00 | grad=2.11e+00 | 4.9s
[   355] loss=-47.0156 | res=1.32e+00 | grad=2.67e+00 | 4.9s
[   356] loss=-46.2297 | res=1.31e+00 | grad=2.30e+00 | 4.9s
[   357] loss=-46.4735 | res=1.33e+00 | grad=2.18e+00 | 5.0s
[   358] loss=-45.4254 | res=1.34e+00 | grad=2.16e+00 | 5.0s
[   359] loss=-45.5744 | res=1.32e+00 | grad=2.06e+00 | 4.9s
[   360] loss=-45.8705 | res=1.34e+00 | grad=1.85e+00 | 4.9s
[   361] loss=-45.7403 | res=1.33e+00 | grad=2.09e+00 | 5.0s
[   362] loss=-46.6327 | res=1.33e+00 | grad=1.93e+00 | 5.0s
[   363] loss=-46.7939 | res=1.34e+00 | grad=2.09e+00 | 4.9s
[   364] loss=-46.2952 | res=1.32e+00 | grad=1.95e+00 | 4.9s
[   365] loss=-46.3410 | res=1.34e+00 | grad=1.90e+00 | 5.0s
[   366] loss=-47.1617 | res=1.29e+00 | grad=1.90e+00 | 5.0s
[   367] loss=-45.9317 | res=1.32e+00 | grad=1.71e+00 | 5.0s
[   368] loss=-46.5164 | res=1.27e+00 | grad=1.83e+00 | 5.0s
[   369] loss=-46.4089 | res=1.28e+00 | grad=2.15e+00 | 5.0s
[   370] loss=-45.9885 | res=1.28e+00 | grad=2.17e+00 | 5.0s
[   371] loss=-45.1045 | res=1.28e+00 | grad=1.78e+00 | 5.0s
[   372] loss=-47.1471 | res=1.31e+00 | grad=1.53e+00 | 4.9s
[   373] loss=-46.6852 | res=1.29e+00 | grad=1.85e+00 | 5.0s
[   374] loss=-45.7426 | res=1.31e+00 | grad=1.96e+00 | 5.0s
[   375] loss=-46.3086 | res=1.30e+00 | grad=1.85e+00 | 5.0s
[   376] loss=-46.5466 | res=1.30e+00 | grad=1.80e+00 | 5.0s
[   377] loss=-45.2753 | res=1.27e+00 | grad=1.91e+00 | 5.0s
[   378] loss=-46.3592 | res=1.29e+00 | grad=2.21e+00 | 5.0s
[   379] loss=-45.6711 | res=1.28e+00 | grad=1.87e+00 | 5.0s
[   380] loss=-46.0835 | res=1.28e+00 | grad=1.93e+00 | 4.9s
[   381] loss=-46.6039 | res=1.29e+00 | grad=1.94e+00 | 4.9s
[   382] loss=-45.8207 | res=1.28e+00 | grad=2.01e+00 | 4.9s
[   383] loss=-45.8470 | res=1.28e+00 | grad=1.92e+00 | 4.9s
[   384] loss=-45.8548 | res=1.29e+00 | grad=1.84e+00 | 5.0s
[   385] loss=-46.1468 | res=1.27e+00 | grad=1.52e+00 | 5.0s
[   386] loss=-45.6877 | res=1.29e+00 | grad=1.82e+00 | 5.0s
[   387] loss=-45.8253 | res=1.28e+00 | grad=2.19e+00 | 5.0s
[   388] loss=-46.0983 | res=1.28e+00 | grad=2.02e+00 | 4.9s
[   389] loss=-46.9412 | res=1.28e+00 | grad=1.73e+00 | 4.9s
[   390] loss=-46.6113 | res=1.31e+00 | grad=1.90e+00 | 5.0s
[   391] loss=-45.4367 | res=1.27e+00 | grad=1.68e+00 | 5.0s
[   392] loss=-46.8702 | res=1.27e+00 | grad=2.09e+00 | 5.0s
[   393] loss=-45.4730 | res=1.25e+00 | grad=2.00e+00 | 5.0s
[   394] loss=-45.9232 | res=1.26e+00 | grad=2.24e+00 | 5.0s
[   395] loss=-45.0771 | res=1.27e+00 | grad=2.01e+00 | 5.0s
[   396] loss=-45.7358 | res=1.24e+00 | grad=1.74e+00 | 4.9s
[   397] loss=-45.3720 | res=1.26e+00 | grad=1.52e+00 | 4.9s
[   398] loss=-45.6550 | res=1.25e+00 | grad=1.96e+00 | 4.9s
[   399] loss=-45.4357 | res=1.24e+00 | grad=1.72e+00 | 4.9s
[   400] loss=-46.6843 | res=1.26e+00 | grad=2.32e+00 | 4.9s
[   401] loss=-46.5711 | res=1.23e+00 | grad=1.74e+00 | 5.0s
[   402] loss=-45.9822 | res=1.25e+00 | grad=1.73e+00 | 5.0s
[   403] loss=-46.7313 | res=1.26e+00 | grad=1.89e+00 | 5.0s
[   404] loss=-46.1487 | res=1.24e+00 | grad=1.65e+00 | 4.9s
[   405] loss=-46.2160 | res=1.28e+00 | grad=1.56e+00 | 4.9s
[   406] loss=-46.5765 | res=1.24e+00 | grad=1.68e+00 | 4.9s
[   407] loss=-46.8297 | res=1.23e+00 | grad=1.75e+00 | 4.9s
[   408] loss=-45.9314 | res=1.24e+00 | grad=1.58e+00 | 4.9s
[   409] loss=-45.8163 | res=1.25e+00 | grad=1.66e+00 | 5.0s
[   410] loss=-45.5684 | res=1.27e+00 | grad=1.95e+00 | 5.0s
[   411] loss=-45.3355 | res=1.22e+00 | grad=1.92e+00 | 5.0s
[   412] loss=-46.2028 | res=1.25e+00 | grad=1.65e+00 | 4.9s
[   413] loss=-46.0345 | res=1.22e+00 | grad=1.76e+00 | 4.9s
[   414] loss=-46.5852 | res=1.24e+00 | grad=1.93e+00 | 5.0s
[   415] loss=-45.9889 | res=1.22e+00 | grad=2.20e+00 | 5.0s
[   416] loss=-45.1655 | res=1.23e+00 | grad=2.07e+00 | 4.9s
[   417] loss=-45.2006 | res=1.21e+00 | grad=1.62e+00 | 5.0s
[   418] loss=-46.0600 | res=1.20e+00 | grad=1.98e+00 | 5.0s
[   419] loss=-46.1614 | res=1.24e+00 | grad=2.39e+00 | 5.0s
[   420] loss=-46.3883 | res=1.20e+00 | grad=2.82e+00 | 4.9s
[   421] loss=-46.0854 | res=1.20e+00 | grad=1.79e+00 | 4.9s
[   422] loss=-46.2269 | res=1.21e+00 | grad=1.74e+00 | 4.9s
[   423] loss=-45.6519 | res=1.20e+00 | grad=1.99e+00 | 4.9s
[   424] loss=-45.2694 | res=1.20e+00 | grad=2.23e+00 | 4.9s
[   425] loss=-46.6246 | res=1.22e+00 | grad=1.90e+00 | 5.0s
[   426] loss=-46.3695 | res=1.22e+00 | grad=1.53e+00 | 5.0s
[   427] loss=-45.9765 | res=1.22e+00 | grad=1.78e+00 | 5.0s
[   428] loss=-46.5637 | res=1.23e+00 | grad=1.85e+00 | 4.9s
[   429] loss=-46.7538 | res=1.23e+00 | grad=1.77e+00 | 4.9s
[   430] loss=-45.9028 | res=1.21e+00 | grad=2.00e+00 | 4.9s
[   431] loss=-45.7367 | res=1.23e+00 | grad=1.73e+00 | 4.9s
[   432] loss=-45.9938 | res=1.22e+00 | grad=1.77e+00 | 5.0s
[   433] loss=-47.0360 | res=1.23e+00 | grad=1.70e+00 | 5.0s
[   434] loss=-44.9356 | res=1.22e+00 | grad=1.57e+00 | 5.0s
[   435] loss=-45.2094 | res=1.20e+00 | grad=1.38e+00 | 4.9s
[   436] loss=-46.1461 | res=1.19e+00 | grad=1.54e+00 | 4.9s
[   437] loss=-46.0548 | res=1.19e+00 | grad=2.02e+00 | 4.9s
[   438] loss=-45.8719 | res=1.19e+00 | grad=1.79e+00 | 4.9s
[   439] loss=-47.1221 | res=1.18e+00 | grad=1.60e+00 | 5.0s
[   440] loss=-45.5703 | res=1.16e+00 | grad=1.65e+00 | 5.0s
[   441] loss=-47.1496 | res=1.19e+00 | grad=1.89e+00 | 4.9s
[   442] loss=-46.8852 | res=1.18e+00 | grad=2.31e+00 | 4.9s
[   443] loss=-46.7555 | res=1.20e+00 | grad=2.12e+00 | 4.9s
[   444] loss=-46.1682 | res=1.22e+00 | grad=1.59e+00 | 4.9s
[   445] loss=-46.0520 | res=1.20e+00 | grad=2.07e+00 | 4.9s
[   446] loss=-46.1468 | res=1.23e+00 | grad=1.79e+00 | 5.0s
[   447] loss=-46.8739 | res=1.20e+00 | grad=1.80e+00 | 5.0s
[   448] loss=-46.5318 | res=1.18e+00 | grad=1.68e+00 | 5.0s
[   449] loss=-46.2989 | res=1.20e+00 | grad=1.75e+00 | 5.0s
[   450] loss=-46.7508 | res=1.21e+00 | grad=1.88e+00 | 4.9s
[   451] loss=-46.9489 | res=1.19e+00 | grad=2.03e+00 | 4.9s
[   452] loss=-47.2808 | res=1.22e+00 | grad=1.70e+00 | 4.9s
[   453] loss=-46.7864 | res=1.18e+00 | grad=2.26e+00 | 4.9s
[   454] loss=-45.0173 | res=1.20e+00 | grad=1.81e+00 | 5.0s
[   455] loss=-46.1761 | res=1.20e+00 | grad=1.70e+00 | 5.0s
[   456] loss=-45.9276 | res=1.18e+00 | grad=1.51e+00 | 5.0s
[   457] loss=-45.5738 | res=1.19e+00 | grad=2.10e+00 | 4.9s
[   458] loss=-46.6082 | res=1.18e+00 | grad=1.64e+00 | 4.9s
[   459] loss=-45.9703 | res=1.14e+00 | grad=1.57e+00 | 4.9s
[   460] loss=-45.7695 | res=1.16e+00 | grad=2.28e+00 | 4.9s
[   461] loss=-46.3809 | res=1.17e+00 | grad=1.80e+00 | 5.0s
[   462] loss=-46.2884 | res=1.17e+00 | grad=1.92e+00 | 5.0s
[   463] loss=-46.1889 | res=1.16e+00 | grad=1.82e+00 | 5.0s
[   464] loss=-46.1478 | res=1.17e+00 | grad=1.64e+00 | 5.0s
[   465] loss=-46.6156 | res=1.15e+00 | grad=2.07e+00 | 5.0s
[   466] loss=-46.2360 | res=1.15e+00 | grad=1.98e+00 | 5.0s
[   467] loss=-45.0348 | res=1.17e+00 | grad=2.01e+00 | 5.0s
[   468] loss=-45.3177 | res=1.16e+00 | grad=1.65e+00 | 4.9s
[   469] loss=-46.3337 | res=1.14e+00 | grad=1.67e+00 | 5.0s
[   470] loss=-47.5860 | res=1.18e+00 | grad=2.11e+00 | 4.9s
[   471] loss=-46.6131 | res=1.17e+00 | grad=1.59e+00 | 4.9s
[   472] loss=-45.6735 | res=1.17e+00 | grad=2.00e+00 | 4.9s
[   473] loss=-46.2011 | res=1.18e+00 | grad=1.66e+00 | 4.9s
[   474] loss=-45.6964 | res=1.16e+00 | grad=1.73e+00 | 4.9s
[   475] loss=-46.9077 | res=1.16e+00 | grad=1.98e+00 | 4.9s
[   476] loss=-46.4388 | res=1.20e+00 | grad=1.84e+00 | 4.9s
[   477] loss=-46.3078 | res=1.14e+00 | grad=1.80e+00 | 4.9s
[   478] loss=-45.3644 | res=1.16e+00 | grad=1.83e+00 | 4.9s
[   479] loss=-46.8399 | res=1.19e+00 | grad=2.13e+00 | 4.9s
[   480] loss=-45.8314 | res=1.15e+00 | grad=2.02e+00 | 4.9s
[   481] loss=-45.9194 | res=1.14e+00 | grad=1.90e+00 | 4.9s
[   482] loss=-46.8270 | res=1.16e+00 | grad=2.00e+00 | 4.9s
[   483] loss=-46.3497 | res=1.15e+00 | grad=1.89e+00 | 4.9s
[   484] loss=-46.3572 | res=1.16e+00 | grad=1.94e+00 | 4.9s
[   485] loss=-44.9340 | res=1.15e+00 | grad=1.65e+00 | 4.9s
[   486] loss=-45.9539 | res=1.18e+00 | grad=1.84e+00 | 5.0s
[   487] loss=-46.7965 | res=1.17e+00 | grad=1.65e+00 | 4.9s
[   488] loss=-45.3003 | res=1.13e+00 | grad=1.70e+00 | 4.9s
[   489] loss=-46.4502 | res=1.17e+00 | grad=1.79e+00 | 4.9s
[   490] loss=-46.8840 | res=1.16e+00 | grad=1.57e+00 | 4.9s
[   491] loss=-45.5756 | res=1.14e+00 | grad=1.78e+00 | 4.9s
[   492] loss=-46.5907 | res=1.15e+00 | grad=1.62e+00 | 4.9s
[   493] loss=-46.4934 | res=1.14e+00 | grad=1.62e+00 | 4.9s
[   494] loss=-46.4973 | res=1.13e+00 | grad=2.03e+00 | 4.9s
[   495] loss=-46.9251 | res=1.14e+00 | grad=1.74e+00 | 5.0s
[   496] loss=-45.5039 | res=1.13e+00 | grad=2.04e+00 | 4.9s
[   497] loss=-47.2307 | res=1.14e+00 | grad=1.77e+00 | 4.9s
[   498] loss=-45.8529 | res=1.14e+00 | grad=1.80e+00 | 4.9s
[   499] loss=-46.0004 | res=1.14e+00 | grad=2.20e+00 | 5.0s
[   500] loss=-46.5849 | res=1.16e+00 | grad=1.66e+00 | 4.9s
[   501] loss=-45.8429 | res=1.11e+00 | grad=1.85e+00 | 5.0s
[   502] loss=-45.0963 | res=1.11e+00 | grad=2.03e+00 | 4.9s
[   503] loss=-47.5168 | res=1.14e+00 | grad=2.23e+00 | 4.9s
[   504] loss=-47.1650 | res=1.15e+00 | grad=1.61e+00 | 4.9s
[   505] loss=-47.3595 | res=1.13e+00 | grad=2.15e+00 | 4.9s
[   506] loss=-45.9700 | res=1.13e+00 | grad=2.28e+00 | 4.9s
[   507] loss=-45.1658 | res=1.12e+00 | grad=2.32e+00 | 5.0s
[   508] loss=-47.4111 | res=1.18e+00 | grad=1.91e+00 | 5.0s
[   509] loss=-45.8910 | res=1.13e+00 | grad=1.66e+00 | 4.9s
[   510] loss=-46.2768 | res=1.12e+00 | grad=2.05e+00 | 5.0s
[   511] loss=-45.9967 | res=1.13e+00 | grad=1.70e+00 | 5.0s
[   512] loss=-46.9363 | res=1.10e+00 | grad=2.29e+00 | 5.0s
[   513] loss=-46.2427 | res=1.12e+00 | grad=2.31e+00 | 5.0s
[   514] loss=-46.8655 | res=1.11e+00 | grad=1.73e+00 | 5.0s
[   515] loss=-47.0924 | res=1.15e+00 | grad=1.40e+00 | 5.0s
[   516] loss=-45.8282 | res=1.10e+00 | grad=1.83e+00 | 5.0s
[   517] loss=-45.8519 | res=1.12e+00 | grad=1.83e+00 | 4.9s
[   518] loss=-46.2054 | res=1.12e+00 | grad=2.00e+00 | 5.0s
[   519] loss=-45.5408 | res=1.11e+00 | grad=1.83e+00 | 4.9s
[   520] loss=-46.7394 | res=1.09e+00 | grad=2.07e+00 | 4.9s
[   521] loss=-46.7513 | res=1.10e+00 | grad=1.94e+00 | 5.0s
[   522] loss=-46.1587 | res=1.07e+00 | grad=1.95e+00 | 4.9s
[   523] loss=-46.3265 | res=1.10e+00 | grad=2.19e+00 | 5.0s
[   524] loss=-46.9861 | res=1.11e+00 | grad=1.95e+00 | 4.9s
[   525] loss=-45.0864 | res=1.09e+00 | grad=1.93e+00 | 4.9s
[   526] loss=-47.0289 | res=1.09e+00 | grad=2.09e+00 | 4.9s
[   527] loss=-45.7648 | res=1.11e+00 | grad=1.96e+00 | 4.9s
[   528] loss=-46.5823 | res=1.09e+00 | grad=1.66e+00 | 5.0s
[   529] loss=-46.4674 | res=1.13e+00 | grad=1.85e+00 | 4.9s
[   530] loss=-45.7732 | res=1.09e+00 | grad=1.84e+00 | 5.0s
[   531] loss=-46.8129 | res=1.11e+00 | grad=2.07e+00 | 5.0s
[   532] loss=-46.8917 | res=1.10e+00 | grad=2.22e+00 | 5.0s
[   533] loss=-45.7201 | res=1.11e+00 | grad=1.91e+00 | 4.9s
[   534] loss=-46.9888 | res=1.08e+00 | grad=2.00e+00 | 4.9s
[   535] loss=-47.1556 | res=1.11e+00 | grad=1.98e+00 | 4.9s
[   536] loss=-45.5862 | res=1.08e+00 | grad=1.75e+00 | 4.9s
[   537] loss=-46.2154 | res=1.09e+00 | grad=2.10e+00 | 4.9s
[   538] loss=-46.7653 | res=1.08e+00 | grad=2.07e+00 | 4.9s
[   539] loss=-45.8066 | res=1.07e+00 | grad=1.89e+00 | 4.9s
[   540] loss=-46.2745 | res=1.10e+00 | grad=2.06e+00 | 4.9s
[   541] loss=-46.0805 | res=1.08e+00 | grad=1.68e+00 | 4.9s
[   542] loss=-45.1113 | res=1.10e+00 | grad=1.89e+00 | 4.9s
[   543] loss=-46.2859 | res=1.10e+00 | grad=1.85e+00 | 4.9s
[   544] loss=-45.9909 | res=1.08e+00 | grad=1.93e+00 | 5.0s
[   545] loss=-46.2553 | res=1.09e+00 | grad=1.94e+00 | 4.9s
[   546] loss=-46.7452 | res=1.10e+00 | grad=2.20e+00 | 5.0s
[   547] loss=-46.3578 | res=1.07e+00 | grad=1.79e+00 | 5.0s
[   548] loss=-46.4462 | res=1.08e+00 | grad=1.47e+00 | 4.9s
[   549] loss=-46.3789 | res=1.06e+00 | grad=1.56e+00 | 4.9s
[   550] loss=-45.8811 | res=1.07e+00 | grad=1.59e+00 | 4.9s
[   551] loss=-45.8749 | res=1.06e+00 | grad=1.83e+00 | 4.9s
[   552] loss=-46.1378 | res=1.08e+00 | grad=1.85e+00 | 4.9s
[   553] loss=-46.6221 | res=1.08e+00 | grad=1.54e+00 | 4.9s
[   554] loss=-45.8186 | res=1.06e+00 | grad=1.74e+00 | 5.0s
[   555] loss=-46.1262 | res=1.08e+00 | grad=1.86e+00 | 4.9s
[   556] loss=-47.0771 | res=1.08e+00 | grad=2.22e+00 | 4.9s
[   557] loss=-47.3413 | res=1.07e+00 | grad=1.89e+00 | 4.9s
[   558] loss=-46.1859 | res=1.07e+00 | grad=1.68e+00 | 4.9s
[   559] loss=-46.3434 | res=1.09e+00 | grad=1.49e+00 | 5.0s
[   560] loss=-46.8072 | res=1.09e+00 | grad=1.92e+00 | 4.9s
[   561] loss=-45.4169 | res=1.07e+00 | grad=1.89e+00 | 5.0s
[   562] loss=-47.2068 | res=1.09e+00 | grad=1.64e+00 | 4.9s
[   563] loss=-47.1356 | res=1.08e+00 | grad=1.85e+00 | 5.0s
[   564] loss=-45.7613 | res=1.05e+00 | grad=1.50e+00 | 4.9s
[   565] loss=-46.2506 | res=1.07e+00 | grad=1.63e+00 | 4.9s
[   566] loss=-45.4318 | res=1.04e+00 | grad=1.79e+00 | 4.9s
[   567] loss=-46.3114 | res=1.07e+00 | grad=1.49e+00 | 4.9s
[   568] loss=-45.3568 | res=1.04e+00 | grad=1.83e+00 | 4.9s
[   569] loss=-46.3043 | res=1.05e+00 | grad=1.79e+00 | 5.0s
[   570] loss=-45.8825 | res=1.04e+00 | grad=1.61e+00 | 5.0s
[   571] loss=-47.3936 | res=1.06e+00 | grad=2.01e+00 | 5.0s
[   572] loss=-47.1726 | res=1.05e+00 | grad=1.60e+00 | 4.9s
[   573] loss=-46.8784 | res=1.07e+00 | grad=1.62e+00 | 4.9s
[   574] loss=-46.1324 | res=1.05e+00 | grad=1.69e+00 | 4.9s
[   575] loss=-46.3883 | res=1.07e+00 | grad=1.83e+00 | 4.9s
[   576] loss=-46.9793 | res=1.07e+00 | grad=1.78e+00 | 4.9s
[   577] loss=-45.8482 | res=1.05e+00 | grad=1.90e+00 | 5.0s
[   578] loss=-46.3676 | res=1.06e+00 | grad=1.91e+00 | 5.0s
[   579] loss=-45.3463 | res=1.05e+00 | grad=2.06e+00 | 5.0s
[   580] loss=-47.2631 | res=1.05e+00 | grad=1.86e+00 | 4.9s
[   581] loss=-47.0441 | res=1.06e+00 | grad=2.40e+00 | 4.9s
[   582] loss=-45.4356 | res=1.04e+00 | grad=1.99e+00 | 4.9s
[   583] loss=-46.2862 | res=1.04e+00 | grad=1.79e+00 | 4.9s
[   584] loss=-45.4848 | res=1.04e+00 | grad=1.75e+00 | 5.0s
[   585] loss=-45.9502 | res=1.04e+00 | grad=1.45e+00 | 5.0s
[   586] loss=-46.8808 | res=1.04e+00 | grad=2.19e+00 | 5.0s
[   587] loss=-45.8178 | res=1.04e+00 | grad=1.68e+00 | 4.9s
[   588] loss=-45.4668 | res=1.03e+00 | grad=1.56e+00 | 4.9s
[   589] loss=-46.0353 | res=1.04e+00 | grad=1.74e+00 | 4.9s
[   590] loss=-46.0768 | res=1.04e+00 | grad=1.84e+00 | 4.9s
[   591] loss=-46.7172 | res=1.05e+00 | grad=1.56e+00 | 4.9s
[   592] loss=-46.4397 | res=1.04e+00 | grad=1.66e+00 | 5.0s
[   593] loss=-47.1361 | res=1.02e+00 | grad=1.83e+00 | 5.0s
[   594] loss=-46.3327 | res=1.03e+00 | grad=1.69e+00 | 4.9s
[   595] loss=-46.5771 | res=1.05e+00 | grad=1.30e+00 | 5.0s
[   596] loss=-45.1508 | res=1.02e+00 | grad=1.91e+00 | 4.9s
[   597] loss=-45.5174 | res=1.04e+00 | grad=1.96e+00 | 4.9s
[   598] loss=-46.1343 | res=1.03e+00 | grad=1.57e+00 | 4.9s
[   599] loss=-46.8308 | res=1.05e+00 | grad=1.72e+00 | 4.9s
[   600] loss=-45.9017 | res=1.04e+00 | grad=1.95e+00 | 5.0s
[   601] loss=-46.9947 | res=1.04e+00 | grad=1.83e+00 | 5.0s
[   602] loss=-47.4132 | res=1.03e+00 | grad=1.80e+00 | 5.0s
[   603] loss=-45.7623 | res=1.02e+00 | grad=1.82e+00 | 5.0s
[   604] loss=-46.6062 | res=1.04e+00 | grad=1.82e+00 | 4.9s
[   605] loss=-46.0735 | res=1.03e+00 | grad=1.69e+00 | 4.9s
[   606] loss=-46.4451 | res=1.04e+00 | grad=1.64e+00 | 4.9s
[   607] loss=-46.3129 | res=1.06e+00 | grad=1.77e+00 | 5.0s
[   608] loss=-46.5555 | res=1.03e+00 | grad=1.73e+00 | 4.9s
[   609] loss=-46.5703 | res=1.06e+00 | grad=1.69e+00 | 4.9s
[   610] loss=-46.2615 | res=1.02e+00 | grad=1.58e+00 | 5.0s
[   611] loss=-45.8021 | res=1.05e+00 | grad=1.48e+00 | 4.9s
[   612] loss=-45.7050 | res=1.03e+00 | grad=1.40e+00 | 4.9s
[   613] loss=-46.3301 | res=1.03e+00 | grad=1.70e+00 | 4.9s
[   614] loss=-45.3858 | res=1.01e+00 | grad=1.84e+00 | 4.9s
[   615] loss=-45.5488 | res=1.01e+00 | grad=1.50e+00 | 4.9s
[   616] loss=-46.5894 | res=1.03e+00 | grad=2.13e+00 | 4.9s
[   617] loss=-46.8031 | res=1.05e+00 | grad=1.98e+00 | 4.9s
[   618] loss=-45.8917 | res=1.01e+00 | grad=1.46e+00 | 4.9s
[   619] loss=-45.8936 | res=1.03e+00 | grad=1.60e+00 | 4.9s
[   620] loss=-46.5367 | res=1.04e+00 | grad=1.96e+00 | 4.9s
[   621] loss=-45.8778 | res=1.04e+00 | grad=2.05e+00 | 4.9s
[   622] loss=-46.1425 | res=1.03e+00 | grad=1.85e+00 | 4.9s
[   623] loss=-45.8333 | res=1.03e+00 | grad=1.65e+00 | 4.9s
[   624] loss=-45.9707 | res=1.04e+00 | grad=1.64e+00 | 4.9s
[   625] loss=-45.5626 | res=1.02e+00 | grad=1.36e+00 | 4.9s
[   626] loss=-46.0399 | res=1.04e+00 | grad=1.80e+00 | 4.9s
[   627] loss=-45.7123 | res=1.04e+00 | grad=1.88e+00 | 5.0s
[   628] loss=-45.5123 | res=1.03e+00 | grad=1.73e+00 | 5.0s
[   629] loss=-47.9753 | res=1.04e+00 | grad=2.36e+00 | 4.9s
[   630] loss=-46.0053 | res=9.87e-01 | grad=1.37e+00 | 4.9s
[   631] loss=-46.0328 | res=1.02e+00 | grad=1.79e+00 | 4.9s
[   632] loss=-45.9747 | res=1.01e+00 | grad=1.75e+00 | 4.9s
[   633] loss=-46.4733 | res=1.00e+00 | grad=1.59e+00 | 4.9s
[   634] loss=-46.9298 | res=9.99e-01 | grad=1.74e+00 | 4.9s
[   635] loss=-45.3313 | res=9.95e-01 | grad=1.84e+00 | 5.0s
[   636] loss=-46.2512 | res=1.01e+00 | grad=1.74e+00 | 4.9s
[   637] loss=-45.5003 | res=1.01e+00 | grad=1.98e+00 | 4.9s
[   638] loss=-46.3269 | res=1.01e+00 | grad=1.63e+00 | 4.9s
[   639] loss=-45.1842 | res=9.89e-01 | grad=1.98e+00 | 4.9s
[   640] loss=-46.4827 | res=1.00e+00 | grad=1.86e+00 | 4.9s
[   641] loss=-47.2172 | res=1.04e+00 | grad=2.09e+00 | 4.9s
[   642] loss=-46.4749 | res=9.94e-01 | grad=1.85e+00 | 5.0s
[   643] loss=-45.5466 | res=9.94e-01 | grad=1.92e+00 | 5.0s
[   644] loss=-45.7522 | res=1.02e+00 | grad=1.61e+00 | 4.9s
[   645] loss=-46.2691 | res=9.97e-01 | grad=1.84e+00 | 4.9s
[   646] loss=-46.0071 | res=9.98e-01 | grad=1.56e+00 | 4.9s
[   647] loss=-46.5214 | res=1.01e+00 | grad=1.76e+00 | 4.9s
[   648] loss=-46.3823 | res=9.81e-01 | grad=1.76e+00 | 4.9s
[   649] loss=-46.4398 | res=9.82e-01 | grad=1.99e+00 | 5.0s
[   650] loss=-45.6838 | res=9.81e-01 | grad=1.82e+00 | 4.9s
[   651] loss=-46.2796 | res=9.84e-01 | grad=1.75e+00 | 5.0s
[   652] loss=-47.0050 | res=1.01e+00 | grad=2.16e+00 | 4.9s
[   653] loss=-46.8304 | res=9.75e-01 | grad=1.59e+00 | 4.9s
[   654] loss=-47.0381 | res=1.00e+00 | grad=1.56e+00 | 4.9s
[   655] loss=-46.4106 | res=9.68e-01 | grad=1.44e+00 | 4.9s
[   656] loss=-46.7556 | res=9.70e-01 | grad=2.15e+00 | 4.9s
[   657] loss=-46.9503 | res=9.96e-01 | grad=1.41e+00 | 4.9s
[   658] loss=-45.6562 | res=9.74e-01 | grad=1.92e+00 | 4.9s
[   659] loss=-46.3671 | res=1.01e+00 | grad=1.72e+00 | 4.9s
[   660] loss=-46.7411 | res=1.01e+00 | grad=1.24e+00 | 4.9s
[   661] loss=-46.6130 | res=9.90e-01 | grad=1.52e+00 | 4.9s
[   662] loss=-46.1040 | res=9.86e-01 | grad=1.40e+00 | 4.9s
[   663] loss=-45.8160 | res=9.75e-01 | grad=1.52e+00 | 4.9s
[   664] loss=-45.8974 | res=9.75e-01 | grad=1.84e+00 | 4.9s
[   665] loss=-46.1629 | res=1.01e+00 | grad=1.49e+00 | 4.9s
[   666] loss=-45.6901 | res=9.85e-01 | grad=1.70e+00 | 4.9s
[   667] loss=-45.3425 | res=9.62e-01 | grad=2.15e+00 | 4.9s
[   668] loss=-45.7954 | res=9.80e-01 | grad=1.56e+00 | 4.9s
[   669] loss=-45.7882 | res=9.76e-01 | grad=1.72e+00 | 4.9s
[   670] loss=-46.0998 | res=9.67e-01 | grad=1.51e+00 | 4.9s
[   671] loss=-46.1951 | res=9.55e-01 | grad=1.75e+00 | 4.9s
[   672] loss=-45.5354 | res=9.48e-01 | grad=1.78e+00 | 4.9s
[   673] loss=-46.3109 | res=9.93e-01 | grad=2.37e+00 | 5.0s
[   674] loss=-46.3731 | res=9.81e-01 | grad=1.74e+00 | 5.0s
[   675] loss=-45.8605 | res=9.71e-01 | grad=1.68e+00 | 5.0s
[   676] loss=-45.3475 | res=9.66e-01 | grad=1.61e+00 | 4.9s
[   677] loss=-46.5555 | res=9.72e-01 | grad=1.70e+00 | 4.9s
[   678] loss=-46.5439 | res=9.64e-01 | grad=1.76e+00 | 5.0s
[   679] loss=-46.8018 | res=9.87e-01 | grad=2.21e+00 | 4.9s
[   680] loss=-46.5383 | res=1.01e+00 | grad=1.35e+00 | 4.9s
[   681] loss=-46.1577 | res=9.87e-01 | grad=1.74e+00 | 5.0s
[   682] loss=-47.6204 | res=9.67e-01 | grad=1.78e+00 | 5.0s
[   683] loss=-46.0698 | res=9.88e-01 | grad=1.51e+00 | 5.0s
[   684] loss=-46.2705 | res=9.63e-01 | grad=1.46e+00 | 4.9s
[   685] loss=-46.7483 | res=9.69e-01 | grad=1.49e+00 | 4.9s
[   686] loss=-46.1222 | res=9.58e-01 | grad=1.49e+00 | 4.9s
[   687] loss=-46.8910 | res=9.93e-01 | grad=1.88e+00 | 4.9s
[   688] loss=-46.1274 | res=9.79e-01 | grad=1.86e+00 | 4.9s
[   689] loss=-46.1615 | res=9.59e-01 | grad=1.98e+00 | 5.0s
[   690] loss=-46.1688 | res=9.48e-01 | grad=1.75e+00 | 5.0s
[   691] loss=-45.3460 | res=9.44e-01 | grad=1.69e+00 | 5.0s
[   692] loss=-45.5503 | res=9.39e-01 | grad=1.63e+00 | 4.9s
[   693] loss=-46.8346 | res=9.37e-01 | grad=1.69e+00 | 5.0s
[   694] loss=-46.0065 | res=9.59e-01 | grad=1.64e+00 | 5.0s
[   695] loss=-46.6407 | res=9.34e-01 | grad=1.49e+00 | 5.0s
[   696] loss=-45.9095 | res=9.30e-01 | grad=1.37e+00 | 5.0s
[   697] loss=-45.5241 | res=9.58e-01 | grad=1.86e+00 | 5.0s
[   698] loss=-45.9249 | res=9.50e-01 | grad=1.97e+00 | 5.0s
[   699] loss=-46.7791 | res=9.64e-01 | grad=1.95e+00 | 5.0s
[   700] loss=-45.8804 | res=9.49e-01 | grad=1.50e+00 | 4.9s
[   701] loss=-45.6502 | res=9.38e-01 | grad=1.63e+00 | 4.9s
[   702] loss=-45.5354 | res=9.46e-01 | grad=1.90e+00 | 5.0s
[   703] loss=-45.9091 | res=9.46e-01 | grad=1.92e+00 | 5.0s
[   704] loss=-45.5100 | res=9.29e-01 | grad=1.91e+00 | 4.9s
[   705] loss=-45.8988 | res=9.80e-01 | grad=1.81e+00 | 5.0s
[   706] loss=-45.9816 | res=9.66e-01 | grad=2.12e+00 | 5.0s
[   707] loss=-45.8961 | res=9.55e-01 | grad=1.87e+00 | 5.0s
[   708] loss=-45.5104 | res=9.63e-01 | grad=1.37e+00 | 5.0s
[   709] loss=-45.3545 | res=9.46e-01 | grad=2.15e+00 | 4.9s
[   710] loss=-46.0018 | res=9.41e-01 | grad=2.09e+00 | 4.9s
[   711] loss=-45.3981 | res=9.44e-01 | grad=1.78e+00 | 5.0s
[   712] loss=-46.4257 | res=9.43e-01 | grad=1.62e+00 | 5.0s
[   713] loss=-46.2016 | res=9.51e-01 | grad=1.76e+00 | 4.9s
[   714] loss=-46.3796 | res=9.59e-01 | grad=1.52e+00 | 5.0s
[   715] loss=-46.9894 | res=9.48e-01 | grad=2.07e+00 | 5.0s
[   716] loss=-46.5980 | res=9.74e-01 | grad=1.92e+00 | 4.9s
[   717] loss=-45.4328 | res=9.42e-01 | grad=1.78e+00 | 5.0s
[   718] loss=-45.4140 | res=9.45e-01 | grad=1.90e+00 | 5.0s
[   719] loss=-47.5195 | res=9.49e-01 | grad=1.47e+00 | 5.0s
[   720] loss=-46.1179 | res=9.37e-01 | grad=1.56e+00 | 4.9s
[   721] loss=-45.5552 | res=9.32e-01 | grad=1.85e+00 | 4.9s
[   722] loss=-45.8831 | res=9.20e-01 | grad=1.75e+00 | 4.9s
[   723] loss=-47.4227 | res=9.38e-01 | grad=1.98e+00 | 5.0s
[   724] loss=-46.1179 | res=9.56e-01 | grad=1.77e+00 | 5.0s
[   725] loss=-46.3038 | res=9.49e-01 | grad=1.78e+00 | 4.9s
[   726] loss=-46.5750 | res=9.60e-01 | grad=1.89e+00 | 4.9s
[   727] loss=-46.3509 | res=9.49e-01 | grad=1.82e+00 | 4.9s
[   728] loss=-45.5318 | res=9.43e-01 | grad=1.94e+00 | 4.9s
[   729] loss=-46.5490 | res=9.36e-01 | grad=1.52e+00 | 5.0s
[   730] loss=-45.8686 | res=9.39e-01 | grad=1.80e+00 | 5.0s
[   731] loss=-45.9305 | res=9.18e-01 | grad=1.63e+00 | 4.9s
[   732] loss=-46.3979 | res=9.35e-01 | grad=1.88e+00 | 4.9s
[   733] loss=-46.1600 | res=9.25e-01 | grad=1.60e+00 | 4.9s
[   734] loss=-47.0509 | res=9.11e-01 | grad=1.80e+00 | 4.9s
[   735] loss=-45.6638 | res=9.24e-01 | grad=1.91e+00 | 5.0s
[   736] loss=-45.3757 | res=9.16e-01 | grad=1.63e+00 | 5.0s
[   737] loss=-46.1595 | res=9.43e-01 | grad=1.82e+00 | 4.9s
[   738] loss=-47.2021 | res=9.43e-01 | grad=1.95e+00 | 4.9s
[   739] loss=-46.5909 | res=9.24e-01 | grad=1.70e+00 | 4.9s
[   740] loss=-46.4477 | res=9.28e-01 | grad=1.57e+00 | 4.9s
[   741] loss=-45.8951 | res=9.43e-01 | grad=1.84e+00 | 5.0s
[   742] loss=-45.6986 | res=9.23e-01 | grad=1.69e+00 | 5.0s
[   743] loss=-46.2502 | res=9.43e-01 | grad=1.75e+00 | 5.0s
[   744] loss=-46.7070 | res=9.32e-01 | grad=1.37e+00 | 4.9s
[   745] loss=-46.4404 | res=9.12e-01 | grad=1.73e+00 | 4.9s
[   746] loss=-45.8705 | res=9.18e-01 | grad=2.03e+00 | 4.9s
[   747] loss=-46.4036 | res=9.25e-01 | grad=1.47e+00 | 5.0s
[   748] loss=-46.0907 | res=9.37e-01 | grad=1.56e+00 | 4.9s
[   749] loss=-46.2583 | res=9.36e-01 | grad=1.63e+00 | 5.0s
[   750] loss=-46.4790 | res=9.06e-01 | grad=1.76e+00 | 5.0s
[   751] loss=-45.9881 | res=9.33e-01 | grad=1.73e+00 | 5.0s
[   752] loss=-45.9017 | res=9.65e-01 | grad=1.75e+00 | 5.0s
[   753] loss=-46.4596 | res=9.34e-01 | grad=1.55e+00 | 4.9s
[   754] loss=-46.5795 | res=9.33e-01 | grad=1.37e+00 | 4.9s
[   755] loss=-46.2864 | res=9.37e-01 | grad=1.82e+00 | 4.9s
[   756] loss=-46.3293 | res=9.43e-01 | grad=1.90e+00 | 4.9s
[   757] loss=-45.8091 | res=9.18e-01 | grad=2.10e+00 | 4.9s
[   758] loss=-46.0216 | res=9.25e-01 | grad=1.78e+00 | 5.0s
[   759] loss=-47.2057 | res=9.54e-01 | grad=2.12e+00 | 4.9s
[   760] loss=-45.6256 | res=9.12e-01 | grad=1.80e+00 | 5.0s
[   761] loss=-46.6257 | res=9.26e-01 | grad=1.84e+00 | 4.9s
[   762] loss=-46.6274 | res=9.08e-01 | grad=1.58e+00 | 5.0s
[   763] loss=-46.8441 | res=9.20e-01 | grad=1.57e+00 | 5.0s
[   764] loss=-46.4805 | res=9.25e-01 | grad=2.24e+00 | 5.0s
[   765] loss=-46.9225 | res=9.27e-01 | grad=1.54e+00 | 4.9s
[   766] loss=-46.3987 | res=9.09e-01 | grad=1.57e+00 | 4.9s
[   767] loss=-46.1059 | res=9.18e-01 | grad=1.64e+00 | 4.9s
[   768] loss=-46.1151 | res=9.35e-01 | grad=1.88e+00 | 4.9s
[   769] loss=-46.9001 | res=9.30e-01 | grad=1.75e+00 | 4.9s
[   770] loss=-45.9847 | res=9.32e-01 | grad=1.76e+00 | 5.0s
[   771] loss=-46.9995 | res=9.11e-01 | grad=1.37e+00 | 5.0s
[   772] loss=-47.0411 | res=9.23e-01 | grad=1.73e+00 | 4.9s
[   773] loss=-46.9188 | res=9.32e-01 | grad=1.63e+00 | 4.9s
[   774] loss=-45.7135 | res=9.12e-01 | grad=1.93e+00 | 4.9s
[   775] loss=-47.0193 | res=9.33e-01 | grad=1.59e+00 | 4.9s
[   776] loss=-46.6301 | res=9.21e-01 | grad=1.80e+00 | 4.9s
[   777] loss=-46.8222 | res=9.01e-01 | grad=1.56e+00 | 5.0s
[   778] loss=-45.8815 | res=9.32e-01 | grad=1.81e+00 | 5.0s
[   779] loss=-46.3807 | res=9.11e-01 | grad=1.96e+00 | 5.0s
[   780] loss=-47.2428 | res=9.27e-01 | grad=1.61e+00 | 4.9s
[   781] loss=-45.9766 | res=9.13e-01 | grad=1.86e+00 | 5.0s
[   782] loss=-46.6052 | res=9.07e-01 | grad=1.65e+00 | 4.9s
[   783] loss=-46.3581 | res=9.13e-01 | grad=1.86e+00 | 4.9s
[   784] loss=-47.1605 | res=9.25e-01 | grad=1.92e+00 | 4.9s
[   785] loss=-46.2157 | res=9.05e-01 | grad=1.52e+00 | 5.0s
[   786] loss=-45.3750 | res=9.22e-01 | grad=1.78e+00 | 5.0s
[   787] loss=-46.2327 | res=9.02e-01 | grad=1.73e+00 | 5.0s
[   788] loss=-46.8841 | res=9.05e-01 | grad=1.73e+00 | 4.9s
[   789] loss=-46.9831 | res=9.18e-01 | grad=1.79e+00 | 4.9s
[   790] loss=-46.0045 | res=8.77e-01 | grad=1.83e+00 | 4.9s
[   791] loss=-46.1325 | res=8.92e-01 | grad=1.74e+00 | 4.9s
[   792] loss=-46.5645 | res=9.10e-01 | grad=1.95e+00 | 5.0s
[   793] loss=-47.3210 | res=9.08e-01 | grad=1.58e+00 | 5.0s
[   794] loss=-46.8662 | res=8.97e-01 | grad=1.65e+00 | 5.0s
[   795] loss=-47.3672 | res=8.93e-01 | grad=1.44e+00 | 5.0s
[   796] loss=-45.2701 | res=9.02e-01 | grad=1.70e+00 | 4.9s
[   797] loss=-46.4661 | res=9.10e-01 | grad=1.66e+00 | 4.9s
[   798] loss=-46.2409 | res=9.09e-01 | grad=1.90e+00 | 5.0s
[   799] loss=-45.6560 | res=9.03e-01 | grad=1.66e+00 | 5.0s
[   800] loss=-46.5799 | res=8.96e-01 | grad=2.17e+00 | 5.0s
[   801] loss=-46.3513 | res=8.99e-01 | grad=1.75e+00 | 4.9s
[   802] loss=-46.9049 | res=8.97e-01 | grad=1.78e+00 | 4.9s
[   803] loss=-46.3599 | res=8.89e-01 | grad=1.73e+00 | 5.0s
[   804] loss=-45.5990 | res=9.07e-01 | grad=1.75e+00 | 4.9s
[   805] loss=-46.8883 | res=8.91e-01 | grad=1.84e+00 | 5.0s
[   806] loss=-46.7025 | res=9.06e-01 | grad=1.74e+00 | 5.0s
[   807] loss=-46.0128 | res=8.86e-01 | grad=1.83e+00 | 5.0s
[   808] loss=-46.5681 | res=8.92e-01 | grad=1.73e+00 | 5.0s
[   809] loss=-47.1538 | res=8.92e-01 | grad=1.63e+00 | 5.0s
[   810] loss=-45.9667 | res=8.78e-01 | grad=1.42e+00 | 5.0s
[   811] loss=-46.1344 | res=8.81e-01 | grad=1.81e+00 | 5.0s
[   812] loss=-45.6304 | res=9.07e-01 | grad=2.00e+00 | 5.0s
[   813] loss=-46.8378 | res=8.86e-01 | grad=2.13e+00 | 5.0s
[   814] loss=-45.9833 | res=9.05e-01 | grad=1.91e+00 | 5.0s
[   815] loss=-46.6656 | res=9.13e-01 | grad=1.95e+00 | 5.0s
[   816] loss=-45.5198 | res=8.72e-01 | grad=1.82e+00 | 4.9s
[   817] loss=-46.3786 | res=8.84e-01 | grad=1.84e+00 | 4.9s
[   818] loss=-45.0932 | res=8.92e-01 | grad=1.92e+00 | 5.0s
[   819] loss=-45.5581 | res=8.68e-01 | grad=1.78e+00 | 5.0s
[   820] loss=-45.8910 | res=8.60e-01 | grad=1.49e+00 | 5.0s
[   821] loss=-46.3687 | res=8.80e-01 | grad=1.71e+00 | 4.9s
[   822] loss=-46.2826 | res=8.64e-01 | grad=2.29e+00 | 5.0s
[   823] loss=-46.2742 | res=8.77e-01 | grad=2.07e+00 | 5.0s
[   824] loss=-45.1465 | res=8.81e-01 | grad=1.85e+00 | 4.9s
[   825] loss=-46.1789 | res=8.82e-01 | grad=1.67e+00 | 4.9s
[   826] loss=-46.5506 | res=8.82e-01 | grad=1.80e+00 | 5.0s
[   827] loss=-46.4120 | res=8.88e-01 | grad=1.83e+00 | 5.0s
[   828] loss=-45.5337 | res=8.57e-01 | grad=1.85e+00 | 4.9s
[   829] loss=-45.8939 | res=8.74e-01 | grad=1.84e+00 | 4.9s
[   830] loss=-46.0794 | res=8.93e-01 | grad=1.88e+00 | 4.9s
[   831] loss=-46.0881 | res=8.53e-01 | grad=1.86e+00 | 4.9s
[   832] loss=-46.0196 | res=8.87e-01 | grad=1.25e+00 | 4.9s
[   833] loss=-45.6562 | res=8.66e-01 | grad=1.48e+00 | 5.0s
[   834] loss=-45.9776 | res=8.54e-01 | grad=1.86e+00 | 5.0s
[   835] loss=-46.4905 | res=8.88e-01 | grad=1.91e+00 | 5.0s
[   836] loss=-45.3479 | res=8.56e-01 | grad=1.75e+00 | 4.9s
[   837] loss=-46.1398 | res=8.81e-01 | grad=1.67e+00 | 4.9s
[   838] loss=-46.6390 | res=8.69e-01 | grad=1.38e+00 | 4.9s
[   839] loss=-45.7599 | res=8.53e-01 | grad=1.82e+00 | 5.0s
[   840] loss=-46.1126 | res=8.81e-01 | grad=1.81e+00 | 4.9s
[   841] loss=-46.8930 | res=8.78e-01 | grad=1.60e+00 | 5.0s
[   842] loss=-46.3783 | res=8.59e-01 | grad=1.66e+00 | 5.0s
[   843] loss=-46.7913 | res=8.68e-01 | grad=1.50e+00 | 5.0s
[   844] loss=-46.6877 | res=8.68e-01 | grad=2.00e+00 | 4.9s
[   845] loss=-46.6674 | res=8.68e-01 | grad=2.10e+00 | 4.9s
[   846] loss=-47.1473 | res=8.86e-01 | grad=1.78e+00 | 5.0s
[   847] loss=-46.0097 | res=8.55e-01 | grad=1.89e+00 | 5.0s
[   848] loss=-46.7566 | res=8.84e-01 | grad=1.73e+00 | 5.0s
[   849] loss=-45.8537 | res=8.83e-01 | grad=1.66e+00 | 5.0s
[   850] loss=-45.9516 | res=8.61e-01 | grad=1.61e+00 | 5.0s
[   851] loss=-46.0769 | res=8.62e-01 | grad=1.74e+00 | 5.0s
[   852] loss=-45.6522 | res=8.60e-01 | grad=1.95e+00 | 4.9s
[   853] loss=-46.2872 | res=8.75e-01 | grad=1.92e+00 | 4.9s
[   854] loss=-47.1845 | res=8.64e-01 | grad=1.77e+00 | 4.9s
[   855] loss=-46.2543 | res=8.55e-01 | grad=2.05e+00 | 5.0s
[   856] loss=-45.7161 | res=8.56e-01 | grad=1.69e+00 | 5.0s
[   857] loss=-46.4233 | res=8.56e-01 | grad=1.96e+00 | 5.0s
[   858] loss=-45.7665 | res=8.68e-01 | grad=1.54e+00 | 5.0s
[   859] loss=-46.2772 | res=8.78e-01 | grad=1.72e+00 | 5.0s
[   860] loss=-46.1568 | res=8.62e-01 | grad=1.81e+00 | 4.9s
[   861] loss=-46.2069 | res=8.52e-01 | grad=1.50e+00 | 4.9s
[   862] loss=-46.1969 | res=8.76e-01 | grad=1.84e+00 | 4.9s
[   863] loss=-46.3421 | res=8.67e-01 | grad=1.78e+00 | 5.0s
[   864] loss=-46.5958 | res=8.65e-01 | grad=1.50e+00 | 5.0s
[   865] loss=-45.4352 | res=8.71e-01 | grad=1.53e+00 | 4.9s
[   866] loss=-46.7566 | res=8.51e-01 | grad=1.67e+00 | 5.0s
[   867] loss=-44.8936 | res=8.75e-01 | grad=1.85e+00 | 5.0s
[   868] loss=-45.9796 | res=8.62e-01 | grad=1.56e+00 | 4.9s
[   869] loss=-46.8965 | res=8.73e-01 | grad=1.66e+00 | 5.0s
[   870] loss=-46.9136 | res=8.65e-01 | grad=1.91e+00 | 5.0s
[   871] loss=-45.8892 | res=8.44e-01 | grad=2.01e+00 | 5.0s
[   872] loss=-46.0476 | res=8.67e-01 | grad=1.92e+00 | 4.9s
[   873] loss=-45.9237 | res=8.51e-01 | grad=1.71e+00 | 4.9s
[   874] loss=-47.1157 | res=8.58e-01 | grad=1.65e+00 | 4.9s
[   875] loss=-45.7075 | res=8.54e-01 | grad=1.96e+00 | 4.9s
[   876] loss=-46.5985 | res=8.59e-01 | grad=1.80e+00 | 5.0s
[   877] loss=-46.1220 | res=8.72e-01 | grad=1.63e+00 | 5.0s
[   878] loss=-46.5904 | res=8.54e-01 | grad=1.73e+00 | 4.9s
[   879] loss=-46.5417 | res=8.53e-01 | grad=1.79e+00 | 4.9s
[   880] loss=-45.7231 | res=8.66e-01 | grad=1.82e+00 | 4.9s
[   881] loss=-46.2400 | res=8.60e-01 | grad=1.76e+00 | 4.9s
[   882] loss=-46.1262 | res=8.66e-01 | grad=1.53e+00 | 5.0s
[   883] loss=-46.8401 | res=8.72e-01 | grad=1.57e+00 | 5.0s
[   884] loss=-46.8594 | res=8.44e-01 | grad=1.93e+00 | 5.0s
[   885] loss=-46.2910 | res=8.52e-01 | grad=1.97e+00 | 4.9s
[   886] loss=-46.6812 | res=8.49e-01 | grad=1.85e+00 | 4.9s
[   887] loss=-46.0568 | res=8.52e-01 | grad=1.99e+00 | 4.9s
[   888] loss=-45.8893 | res=8.61e-01 | grad=1.67e+00 | 4.9s
[   889] loss=-46.4519 | res=8.37e-01 | grad=1.68e+00 | 5.0s
[   890] loss=-45.8799 | res=8.65e-01 | grad=1.77e+00 | 5.0s
[   891] loss=-46.7284 | res=8.66e-01 | grad=1.75e+00 | 5.0s
[   892] loss=-46.4231 | res=8.56e-01 | grad=1.86e+00 | 4.9s
[   893] loss=-46.4705 | res=8.71e-01 | grad=2.04e+00 | 4.9s
[   894] loss=-47.3420 | res=8.43e-01 | grad=2.08e+00 | 4.9s
[   895] loss=-46.6274 | res=8.87e-01 | grad=1.97e+00 | 4.9s
[   896] loss=-46.7691 | res=8.58e-01 | grad=2.02e+00 | 5.0s
[   897] loss=-46.0453 | res=8.66e-01 | grad=1.89e+00 | 5.0s
[   898] loss=-47.0702 | res=8.65e-01 | grad=1.88e+00 | 5.0s
[   899] loss=-46.5668 | res=8.47e-01 | grad=1.92e+00 | 5.0s
[   900] loss=-46.4644 | res=8.51e-01 | grad=1.98e+00 | 4.9s
[   901] loss=-46.3701 | res=8.63e-01 | grad=1.87e+00 | 4.9s
[   902] loss=-45.8362 | res=8.43e-01 | grad=1.95e+00 | 4.9s
[   903] loss=-46.6452 | res=8.43e-01 | grad=1.82e+00 | 4.9s
[   904] loss=-45.5979 | res=8.68e-01 | grad=1.60e+00 | 4.9s
[   905] loss=-45.8375 | res=8.47e-01 | grad=1.59e+00 | 5.0s
[   906] loss=-46.1290 | res=8.39e-01 | grad=1.88e+00 | 5.0s
[   907] loss=-45.5835 | res=8.44e-01 | grad=1.53e+00 | 4.9s
[   908] loss=-46.5656 | res=8.43e-01 | grad=1.53e+00 | 4.9s
[   909] loss=-46.4950 | res=8.61e-01 | grad=1.64e+00 | 4.9s
[   910] loss=-46.2523 | res=8.36e-01 | grad=1.84e+00 | 4.9s
[   911] loss=-45.7974 | res=8.74e-01 | grad=2.16e+00 | 5.0s
[   912] loss=-46.2488 | res=8.46e-01 | grad=1.80e+00 | 4.9s
[   913] loss=-46.3305 | res=8.42e-01 | grad=2.04e+00 | 4.9s
[   914] loss=-47.3249 | res=8.47e-01 | grad=1.46e+00 | 4.9s
[   915] loss=-46.9919 | res=8.57e-01 | grad=1.66e+00 | 4.9s
[   916] loss=-46.3425 | res=8.52e-01 | grad=1.83e+00 | 4.9s
[   917] loss=-46.9909 | res=8.52e-01 | grad=1.88e+00 | 4.9s
[   918] loss=-46.9556 | res=8.67e-01 | grad=2.18e+00 | 4.9s
[   919] loss=-46.5879 | res=8.29e-01 | grad=1.47e+00 | 4.9s
[   920] loss=-46.2203 | res=8.35e-01 | grad=1.81e+00 | 5.0s
[   921] loss=-46.8207 | res=8.51e-01 | grad=1.46e+00 | 4.9s
[   922] loss=-46.5196 | res=8.41e-01 | grad=1.28e+00 | 4.9s
[   923] loss=-46.3968 | res=8.54e-01 | grad=1.90e+00 | 4.9s
[   924] loss=-46.1705 | res=8.33e-01 | grad=1.69e+00 | 4.9s
[   925] loss=-46.3103 | res=8.50e-01 | grad=1.82e+00 | 4.9s
[   926] loss=-45.7044 | res=8.30e-01 | grad=1.99e+00 | 4.9s
[   927] loss=-47.4165 | res=8.50e-01 | grad=2.17e+00 | 5.0s
[   928] loss=-46.1185 | res=8.43e-01 | grad=1.49e+00 | 4.9s
[   929] loss=-45.0054 | res=8.44e-01 | grad=1.43e+00 | 4.9s
[   930] loss=-46.3372 | res=8.24e-01 | grad=2.04e+00 | 4.9s
[   931] loss=-45.5674 | res=8.53e-01 | grad=2.00e+00 | 4.9s
[   932] loss=-46.5915 | res=8.32e-01 | grad=2.11e+00 | 4.9s
[   933] loss=-46.7513 | res=8.38e-01 | grad=1.65e+00 | 4.9s
[   934] loss=-46.0403 | res=8.36e-01 | grad=1.43e+00 | 4.9s
[   935] loss=-46.3049 | res=8.37e-01 | grad=1.79e+00 | 4.9s
[   936] loss=-45.8466 | res=8.28e-01 | grad=2.08e+00 | 4.9s
[   937] loss=-46.2147 | res=8.24e-01 | grad=1.54e+00 | 4.9s
[   938] loss=-46.2568 | res=8.42e-01 | grad=2.15e+00 | 4.9s
[   939] loss=-46.6924 | res=8.26e-01 | grad=1.83e+00 | 4.9s
[   940] loss=-45.7035 | res=8.24e-01 | grad=2.09e+00 | 4.9s
[   941] loss=-46.8380 | res=8.38e-01 | grad=1.53e+00 | 4.9s
[   942] loss=-45.9171 | res=8.46e-01 | grad=1.73e+00 | 5.0s
[   943] loss=-46.6896 | res=8.43e-01 | grad=1.27e+00 | 4.9s
[   944] loss=-45.9405 | res=8.27e-01 | grad=2.21e+00 | 4.9s
[   945] loss=-46.3691 | res=8.41e-01 | grad=1.79e+00 | 4.9s
[   946] loss=-45.5439 | res=8.37e-01 | grad=1.94e+00 | 4.9s
[   947] loss=-45.9622 | res=8.50e-01 | grad=2.34e+00 | 5.0s
[   948] loss=-47.2037 | res=8.37e-01 | grad=2.08e+00 | 4.9s
[   949] loss=-45.0819 | res=8.28e-01 | grad=1.83e+00 | 4.9s
[   950] loss=-46.1417 | res=8.37e-01 | grad=1.80e+00 | 4.9s
[   951] loss=-45.5017 | res=8.28e-01 | grad=1.82e+00 | 4.9s
[   952] loss=-46.7128 | res=8.31e-01 | grad=2.23e+00 | 4.9s
[   953] loss=-46.5603 | res=8.06e-01 | grad=1.97e+00 | 4.9s
[   954] loss=-46.8013 | res=8.29e-01 | grad=2.21e+00 | 5.0s
[   955] loss=-46.3486 | res=8.33e-01 | grad=1.69e+00 | 5.0s
[   956] loss=-46.4882 | res=8.37e-01 | grad=1.76e+00 | 4.9s
[   957] loss=-45.8408 | res=8.48e-01 | grad=1.77e+00 | 4.9s
[   958] loss=-46.4467 | res=8.65e-01 | grad=1.79e+00 | 4.9s
[   959] loss=-45.5903 | res=8.30e-01 | grad=2.03e+00 | 4.9s
[   960] loss=-46.3367 | res=8.58e-01 | grad=2.12e+00 | 4.9s
[   961] loss=-45.8542 | res=8.42e-01 | grad=1.49e+00 | 5.0s
[   962] loss=-46.4177 | res=8.47e-01 | grad=1.57e+00 | 5.0s
[   963] loss=-46.2174 | res=8.35e-01 | grad=1.85e+00 | 5.0s
[   964] loss=-46.5980 | res=8.31e-01 | grad=2.12e+00 | 4.9s
[   965] loss=-45.8190 | res=8.36e-01 | grad=1.66e+00 | 4.9s
[   966] loss=-46.4824 | res=8.26e-01 | grad=1.80e+00 | 5.0s
[   967] loss=-46.2427 | res=8.23e-01 | grad=1.93e+00 | 5.0s
[   968] loss=-46.0898 | res=8.35e-01 | grad=1.52e+00 | 4.9s
[   969] loss=-46.3333 | res=8.37e-01 | grad=1.64e+00 | 4.9s
[   970] loss=-46.1353 | res=8.26e-01 | grad=1.58e+00 | 5.0s
[   971] loss=-44.7381 | res=8.20e-01 | grad=1.52e+00 | 4.9s
[   972] loss=-45.5722 | res=8.10e-01 | grad=1.64e+00 | 5.0s
[   973] loss=-46.3011 | res=8.31e-01 | grad=1.89e+00 | 5.0s
[   974] loss=-45.4630 | res=8.15e-01 | grad=1.67e+00 | 4.9s
[   975] loss=-46.5199 | res=8.13e-01 | grad=1.78e+00 | 4.9s
[   976] loss=-46.7921 | res=8.19e-01 | grad=1.79e+00 | 4.9s
[   977] loss=-46.5913 | res=8.24e-01 | grad=1.72e+00 | 5.0s
[   978] loss=-46.5498 | res=7.96e-01 | grad=1.58e+00 | 5.0s
[   979] loss=-46.0051 | res=8.22e-01 | grad=1.99e+00 | 5.0s
[   980] loss=-46.3921 | res=8.15e-01 | grad=1.88e+00 | 5.0s
[   981] loss=-47.4811 | res=8.31e-01 | grad=2.10e+00 | 4.9s
[   982] loss=-46.4631 | res=8.21e-01 | grad=1.85e+00 | 4.9s
[   983] loss=-46.0847 | res=8.12e-01 | grad=2.20e+00 | 4.9s
[   984] loss=-46.5486 | res=8.37e-01 | grad=1.84e+00 | 4.9s
[   985] loss=-46.1811 | res=8.41e-01 | grad=1.82e+00 | 4.9s
[   986] loss=-46.1449 | res=8.29e-01 | grad=1.94e+00 | 4.9s
[   987] loss=-47.0170 | res=8.26e-01 | grad=1.68e+00 | 5.0s
[   988] loss=-46.8258 | res=8.11e-01 | grad=1.58e+00 | 4.9s
[   989] loss=-46.2633 | res=8.50e-01 | grad=1.78e+00 | 4.9s
[   990] loss=-46.9067 | res=8.46e-01 | grad=1.72e+00 | 5.0s
[   991] loss=-45.1134 | res=8.29e-01 | grad=1.95e+00 | 4.9s
[   992] loss=-45.8671 | res=8.23e-01 | grad=1.75e+00 | 4.9s
[   993] loss=-47.1021 | res=8.33e-01 | grad=1.96e+00 | 4.9s
[   994] loss=-45.9931 | res=8.28e-01 | grad=1.79e+00 | 5.0s
[   995] loss=-46.6166 | res=8.31e-01 | grad=1.56e+00 | 5.0s
[   996] loss=-46.4613 | res=8.23e-01 | grad=1.74e+00 | 5.0s
[   997] loss=-46.2568 | res=8.11e-01 | grad=1.53e+00 | 4.9s
[   998] loss=-46.1366 | res=8.24e-01 | grad=2.07e+00 | 4.9s
[   999] loss=-46.7379 | res=8.24e-01 | grad=1.58e+00 | 4.9s
[  1000] loss=-45.8127 | res=8.21e-01 | grad=1.73e+00 | 4.9s
E0123 01:00:14.561784 2972325 buffer_comparator.cc:157] Difference at 10240000: 0, expected 33.9491
E0123 01:00:14.561962 2972325 buffer_comparator.cc:157] Difference at 10240001: 0, expected 31.4523
E0123 01:00:14.561969 2972325 buffer_comparator.cc:157] Difference at 10240002: 0, expected 29.9166
E0123 01:00:14.561975 2972325 buffer_comparator.cc:157] Difference at 10240003: 0, expected 31.8783
E0123 01:00:14.561980 2972325 buffer_comparator.cc:157] Difference at 10240004: 0, expected 32.6068
E0123 01:00:14.561985 2972325 buffer_comparator.cc:157] Difference at 10240005: 0, expected 30.1312
E0123 01:00:14.561999 2972325 buffer_comparator.cc:157] Difference at 10240006: 0, expected 31.7901
E0123 01:00:14.562004 2972325 buffer_comparator.cc:157] Difference at 10240007: 0, expected 32.6009
E0123 01:00:14.562009 2972325 buffer_comparator.cc:157] Difference at 10240008: 0, expected 33.3653
E0123 01:00:14.562022 2972325 buffer_comparator.cc:157] Difference at 10240009: 0, expected 30.012
2026-01-23 01:00:14.562055: E external/xla/xla/service/gpu/autotuning/gemm_algorithm_picker.cc:350] Results mismatch between different GEMM algorithms. This is likely a bug/unexpected loss of precision.
E0123 01:00:14.640809 2972325 buffer_comparator.cc:157] Difference at 10240000: 0, expected 33.9491
E0123 01:00:14.640964 2972325 buffer_comparator.cc:157] Difference at 10240001: 0, expected 31.4523
E0123 01:00:14.640971 2972325 buffer_comparator.cc:157] Difference at 10240002: 0, expected 29.9166
E0123 01:00:14.640976 2972325 buffer_comparator.cc:157] Difference at 10240003: 0, expected 31.8783
E0123 01:00:14.640990 2972325 buffer_comparator.cc:157] Difference at 10240004: 0, expected 32.6068
E0123 01:00:14.640995 2972325 buffer_comparator.cc:157] Difference at 10240005: 0, expected 30.1312
E0123 01:00:14.641000 2972325 buffer_comparator.cc:157] Difference at 10240006: 0, expected 31.7901
E0123 01:00:14.641005 2972325 buffer_comparator.cc:157] Difference at 10240007: 0, expected 32.6009
E0123 01:00:14.641010 2972325 buffer_comparator.cc:157] Difference at 10240008: 0, expected 33.3653
E0123 01:00:14.641030 2972325 buffer_comparator.cc:157] Difference at 10240009: 0, expected 30.012
2026-01-23 01:00:14.641045: E external/xla/xla/service/gpu/autotuning/gemm_algorithm_picker.cc:350] Results mismatch between different GEMM algorithms. This is likely a bug/unexpected loss of precision.
E0123 01:00:14.723181 2972325 buffer_comparator.cc:157] Difference at 10240000: 0, expected 33.9491
E0123 01:00:14.723328 2972325 buffer_comparator.cc:157] Difference at 10240001: 0, expected 31.4523
E0123 01:00:14.723335 2972325 buffer_comparator.cc:157] Difference at 10240002: 0, expected 29.9166
E0123 01:00:14.723341 2972325 buffer_comparator.cc:157] Difference at 10240003: 0, expected 31.8783
E0123 01:00:14.723346 2972325 buffer_comparator.cc:157] Difference at 10240004: 0, expected 32.6068
E0123 01:00:14.723351 2972325 buffer_comparator.cc:157] Difference at 10240005: 0, expected 30.1312
E0123 01:00:14.723356 2972325 buffer_comparator.cc:157] Difference at 10240006: 0, expected 31.7901
E0123 01:00:14.723361 2972325 buffer_comparator.cc:157] Difference at 10240007: 0, expected 32.6009
E0123 01:00:14.723366 2972325 buffer_comparator.cc:157] Difference at 10240008: 0, expected 33.3653
E0123 01:00:14.723371 2972325 buffer_comparator.cc:157] Difference at 10240009: 0, expected 30.012
2026-01-23 01:00:14.723389: E external/xla/xla/service/gpu/autotuning/gemm_algorithm_picker.cc:350] Results mismatch between different GEMM algorithms. This is likely a bug/unexpected loss of precision.
E0123 01:00:15.657106 2972325 buffer_comparator.cc:157] Difference at 40632576: 0, expected 30.5308
E0123 01:00:15.657264 2972325 buffer_comparator.cc:157] Difference at 40632577: 0, expected 33.4111
E0123 01:00:15.657271 2972325 buffer_comparator.cc:157] Difference at 40632578: 0, expected 32.2059
E0123 01:00:15.657276 2972325 buffer_comparator.cc:157] Difference at 40632579: 0, expected 30.1238
E0123 01:00:15.657282 2972325 buffer_comparator.cc:157] Difference at 40632580: 0, expected 31.2378
E0123 01:00:15.657288 2972325 buffer_comparator.cc:157] Difference at 40632581: 0, expected 31.5328
E0123 01:00:15.657294 2972325 buffer_comparator.cc:157] Difference at 40632582: 0, expected 33.1819
E0123 01:00:15.657299 2972325 buffer_comparator.cc:157] Difference at 40632583: 0, expected 31.9593
E0123 01:00:15.657304 2972325 buffer_comparator.cc:157] Difference at 40632584: 0, expected 33.6421
E0123 01:00:15.657309 2972325 buffer_comparator.cc:157] Difference at 40632585: 0, expected 30.4409
2026-01-23 01:00:15.668163: E external/xla/xla/service/gpu/autotuning/gemm_algorithm_picker.cc:350] Results mismatch between different GEMM algorithms. This is likely a bug/unexpected loss of precision.
E0123 01:00:16.182427 2972325 buffer_comparator.cc:157] Difference at 40632576: 0, expected 30.5308
E0123 01:00:16.182560 2972325 buffer_comparator.cc:157] Difference at 40632577: 0, expected 33.4111
E0123 01:00:16.182567 2972325 buffer_comparator.cc:157] Difference at 40632578: 0, expected 32.2059
E0123 01:00:16.182573 2972325 buffer_comparator.cc:157] Difference at 40632579: 0, expected 30.1238
E0123 01:00:16.182578 2972325 buffer_comparator.cc:157] Difference at 40632580: 0, expected 31.2378
E0123 01:00:16.182583 2972325 buffer_comparator.cc:157] Difference at 40632581: 0, expected 31.5328
E0123 01:00:16.182608 2972325 buffer_comparator.cc:157] Difference at 40632582: 0, expected 33.1819
E0123 01:00:16.182614 2972325 buffer_comparator.cc:157] Difference at 40632583: 0, expected 31.9593
E0123 01:00:16.182618 2972325 buffer_comparator.cc:157] Difference at 40632584: 0, expected 33.6421
E0123 01:00:16.182623 2972325 buffer_comparator.cc:157] Difference at 40632585: 0, expected 30.4409
2026-01-23 01:00:16.201418: E external/xla/xla/service/gpu/autotuning/gemm_algorithm_picker.cc:350] Results mismatch between different GEMM algorithms. This is likely a bug/unexpected loss of precision.
E0123 01:00:16.734447 2972325 buffer_comparator.cc:157] Difference at 40632576: 0, expected 30.5308
E0123 01:00:16.738429 2972325 buffer_comparator.cc:157] Difference at 40632577: 0, expected 33.4111
E0123 01:00:16.738437 2972325 buffer_comparator.cc:157] Difference at 40632578: 0, expected 32.2059
E0123 01:00:16.738442 2972325 buffer_comparator.cc:157] Difference at 40632579: 0, expected 30.1238
E0123 01:00:16.738448 2972325 buffer_comparator.cc:157] Difference at 40632580: 0, expected 31.2378
E0123 01:00:16.738453 2972325 buffer_comparator.cc:157] Difference at 40632581: 0, expected 31.5328
E0123 01:00:16.738457 2972325 buffer_comparator.cc:157] Difference at 40632582: 0, expected 33.1819
E0123 01:00:16.738462 2972325 buffer_comparator.cc:157] Difference at 40632583: 0, expected 31.9593
E0123 01:00:16.738467 2972325 buffer_comparator.cc:157] Difference at 40632584: 0, expected 33.6421
E0123 01:00:16.738472 2972325 buffer_comparator.cc:157] Difference at 40632585: 0, expected 30.4409
2026-01-23 01:00:16.749156: E external/xla/xla/service/gpu/autotuning/gemm_algorithm_picker.cc:350] Results mismatch between different GEMM algorithms. This is likely a bug/unexpected loss of precision.
  KL = 7.9085 +/- 0.0688  |  ESS = 21.5 (ratio: 0.021)
  Runtime = 5011.6s

Saved: experiments/final_results/ours_highD_torus.npz

======================================================================
EXPERIMENT COMPLETE: TORUS
======================================================================
