nohup: ignoring input
Setting GPU: 1
Running on: [RocmDevice(id=0)]
Running experiments on: torus
Dimensions: [2, 3, 4, 5, 6, 7, 8, 9, 10]
LANDMARK_METHOD = fps (candidates=4096)

======================================================================
DEFAULT CONFIGURATION PARAMETERS (from src/base.py)
======================================================================

[ModelConfig]
  network_type:   mlp
  hidden_dims:    (128, 128)
  n_landmarks:    128
  use_layernorm:  True
  last_scale:     0.01
  activation:     silu
  leaky_slope:    0.01
  softplus_beta:  1
  max_dist:       3.14159

[SolverConfig]
  inner_steps:      2500
  inner_lr:         0.05
  grad_clip:        None
  lr_decay:         False
  tolerance:        1e-06
  min_steps:        1000
  momentum:         0.0
  logsumexp_init:   True
  logsumexp_gamma:  0.1

[TrainingConfig]
  n_steps:        1000
  batch_size:     256
  learning_rate:  0.001
  lr_decay:       False
  lr_decay_alpha: 0.05
  log_every:      1
  eval_every:     None
  eval_size:      1024
  seed:           12345

======================================================================


======================================================================
RUNNING OUR METHOD ON TORUS
======================================================================

[Ours] Training on T2...
/home/sjbhatt/anaconda3/envs/rcpms-jax/lib/python3.10/site-packages/jax/_src/ops/scatter.py:92: FutureWarning: scatter inputs have incompatible types: cannot safely cast value from dtype=int64 to dtype=int32 with jax_numpy_dtype_promotion='standard'. In future JAX releases this will result in an error.
  warnings.warn(
/home/sjbhatt/anaconda3/envs/rcpms-jax/lib/python3.10/site-packages/jax/_src/ops/scatter.py:92: FutureWarning: scatter inputs have incompatible types: cannot safely cast value from dtype=int64 to dtype=int32 with jax_numpy_dtype_promotion='standard'. In future JAX releases this will result in an error.
  warnings.warn(
[     1] loss=0.0509 | res=2.00e-03 | grad=8.19e+00 | 10.1s
[     2] loss=-0.1121 | res=1.96e-03 | grad=7.98e+00 | 1.0s
[     3] loss=-0.2777 | res=2.25e-03 | grad=8.06e+00 | 1.0s
[     4] loss=-0.4334 | res=5.11e-03 | grad=8.06e+00 | 1.0s
[     5] loss=-0.5870 | res=4.60e-03 | grad=8.06e+00 | 1.0s
[     6] loss=-0.7321 | res=4.96e-03 | grad=8.32e+00 | 1.0s
[     7] loss=-0.9008 | res=6.34e-03 | grad=8.60e+00 | 1.0s
[     8] loss=-1.0767 | res=6.08e-03 | grad=8.68e+00 | 1.0s
[     9] loss=-1.2221 | res=5.77e-03 | grad=8.32e+00 | 1.0s
[    10] loss=-1.4897 | res=7.00e-03 | grad=8.33e+00 | 1.0s
[    11] loss=-1.4888 | res=7.04e-03 | grad=6.81e+00 | 1.0s
[    12] loss=-1.6583 | res=7.88e-03 | grad=5.85e+00 | 1.0s
[    13] loss=-1.7536 | res=7.57e-03 | grad=4.93e+00 | 1.0s
[    14] loss=-1.7896 | res=5.54e-03 | grad=4.18e+00 | 1.0s
[    15] loss=-1.9159 | res=5.82e-03 | grad=3.71e+00 | 1.0s
[    16] loss=-1.9097 | res=4.91e-03 | grad=3.06e+00 | 1.0s
[    17] loss=-1.9377 | res=3.52e-03 | grad=2.52e+00 | 1.0s
[    18] loss=-2.1523 | res=5.98e-03 | grad=2.17e+00 | 1.0s
[    19] loss=-2.1969 | res=6.89e-03 | grad=1.82e+00 | 1.0s
[    20] loss=-2.2752 | res=5.95e-03 | grad=1.59e+00 | 1.0s
[    21] loss=-2.2762 | res=7.28e-03 | grad=9.10e-01 | 1.1s
[    22] loss=-2.2614 | res=6.93e-03 | grad=6.64e-01 | 1.0s
[    23] loss=-2.3551 | res=6.31e-03 | grad=6.27e-01 | 1.0s
[    24] loss=-2.2656 | res=6.04e-03 | grad=3.70e-01 | 1.0s
[    25] loss=-2.1706 | res=4.04e-03 | grad=7.39e-01 | 1.0s
[    26] loss=-2.2523 | res=7.58e-03 | grad=8.95e-01 | 1.0s
[    27] loss=-2.2687 | res=5.82e-03 | grad=1.04e+00 | 1.0s
[    28] loss=-2.0595 | res=8.76e-03 | grad=1.25e+00 | 1.0s
[    29] loss=-2.0567 | res=1.14e-02 | grad=1.53e+00 | 1.0s
[    30] loss=-2.2502 | res=5.48e-03 | grad=1.21e+00 | 1.0s
[    31] loss=-2.3740 | res=5.18e-03 | grad=1.37e+00 | 1.0s
[    32] loss=-2.1906 | res=6.80e-03 | grad=1.23e+00 | 1.0s
[    33] loss=-2.4706 | res=1.05e-02 | grad=1.04e+00 | 1.0s
[    34] loss=-2.1729 | res=6.29e-03 | grad=1.31e+00 | 1.0s
[    35] loss=-1.9541 | res=1.20e-02 | grad=1.53e+00 | 1.0s
[    36] loss=-2.3394 | res=1.17e-02 | grad=6.12e-01 | 1.0s
[    37] loss=-2.2184 | res=8.20e-03 | grad=1.23e+00 | 1.0s
[    38] loss=-2.4183 | res=1.03e-02 | grad=1.21e+00 | 1.0s
[    39] loss=-2.2475 | res=9.40e-03 | grad=7.65e-01 | 1.0s
[    40] loss=-2.2734 | res=5.54e-03 | grad=5.08e-01 | 1.0s
[    41] loss=-2.2560 | res=6.69e-03 | grad=3.75e-01 | 1.0s
[    42] loss=-2.2824 | res=7.02e-03 | grad=6.58e-01 | 1.0s
[    43] loss=-2.2293 | res=5.80e-03 | grad=6.54e-01 | 1.0s
[    44] loss=-2.1307 | res=6.35e-03 | grad=6.57e-01 | 1.0s
[    45] loss=-2.4126 | res=8.11e-03 | grad=7.68e-01 | 1.0s
[    46] loss=-2.2525 | res=1.07e-02 | grad=9.93e-01 | 1.1s
[    47] loss=-2.2758 | res=9.16e-03 | grad=1.04e+00 | 1.1s
[    48] loss=-2.2755 | res=5.71e-03 | grad=8.52e-01 | 1.0s
[    49] loss=-2.2232 | res=8.97e-03 | grad=5.99e-01 | 1.0s
[    50] loss=-2.2946 | res=8.50e-03 | grad=7.37e-01 | 1.0s
[    51] loss=-2.3019 | res=9.28e-03 | grad=8.51e-01 | 1.0s
[    52] loss=-2.2996 | res=8.79e-03 | grad=9.17e-01 | 1.0s
[    53] loss=-2.3912 | res=7.69e-03 | grad=1.61e+00 | 1.0s
[    54] loss=-2.3906 | res=1.30e-02 | grad=7.69e-01 | 1.0s
[    55] loss=-2.3647 | res=7.53e-03 | grad=6.42e-01 | 1.0s
[    56] loss=-2.1405 | res=9.03e-03 | grad=7.46e-01 | 1.0s
[    57] loss=-2.0883 | res=8.59e-03 | grad=7.68e-01 | 1.0s
[    58] loss=-2.1479 | res=1.15e-02 | grad=6.56e-01 | 1.0s
[    59] loss=-2.2801 | res=8.39e-03 | grad=1.05e+00 | 1.0s
[    60] loss=-2.0801 | res=8.63e-03 | grad=1.02e+00 | 1.0s
[    61] loss=-2.1715 | res=7.61e-03 | grad=6.01e-01 | 1.0s
[    62] loss=-2.4107 | res=1.02e-02 | grad=5.10e-01 | 1.0s
[    63] loss=-2.3661 | res=7.08e-03 | grad=6.51e-01 | 1.0s
[    64] loss=-2.0584 | res=4.51e-03 | grad=1.05e+00 | 1.0s
[    65] loss=-2.2954 | res=9.91e-03 | grad=4.76e-01 | 1.0s
[    66] loss=-2.3088 | res=1.07e-02 | grad=7.94e-01 | 1.0s
[    67] loss=-2.3812 | res=8.44e-03 | grad=4.02e-01 | 1.0s
[    68] loss=-2.4202 | res=7.89e-03 | grad=9.24e-01 | 1.0s
[    69] loss=-2.3810 | res=1.07e-02 | grad=2.53e-01 | 1.0s
[    70] loss=-2.3108 | res=8.10e-03 | grad=3.60e-01 | 1.0s
[    71] loss=-2.2848 | res=1.20e-02 | grad=5.71e-01 | 1.0s
[    72] loss=-2.4564 | res=1.00e-02 | grad=4.42e-01 | 1.0s
[    73] loss=-2.5458 | res=1.19e-02 | grad=4.82e-01 | 1.0s
[    74] loss=-2.1661 | res=9.69e-03 | grad=4.94e-01 | 1.0s
[    75] loss=-2.3988 | res=7.24e-03 | grad=5.22e-01 | 1.0s
[    76] loss=-2.3169 | res=9.13e-03 | grad=2.45e-01 | 1.0s
[    77] loss=-2.1746 | res=7.94e-03 | grad=5.88e-01 | 1.0s
[    78] loss=-2.2369 | res=1.05e-02 | grad=4.33e-01 | 1.0s
[    79] loss=-2.0880 | res=1.01e-02 | grad=5.77e-01 | 1.0s
[    80] loss=-2.2222 | res=8.76e-03 | grad=3.80e-01 | 1.0s
[    81] loss=-2.4501 | res=1.08e-02 | grad=7.35e-01 | 1.0s
[    82] loss=-2.0198 | res=1.34e-02 | grad=9.08e-01 | 1.0s
[    83] loss=-2.3700 | res=1.13e-02 | grad=6.53e-01 | 1.0s
[    84] loss=-2.4875 | res=8.36e-03 | grad=7.89e-01 | 1.0s
[    85] loss=-2.2908 | res=1.07e-02 | grad=4.58e-01 | 1.0s
[    86] loss=-2.2600 | res=1.36e-02 | grad=4.26e-01 | 1.0s
[    87] loss=-2.3444 | res=1.41e-02 | grad=2.55e-01 | 1.0s
[    88] loss=-2.2715 | res=1.47e-02 | grad=2.96e-01 | 1.0s
[    89] loss=-2.2153 | res=1.09e-02 | grad=2.01e-01 | 1.0s
[    90] loss=-2.2914 | res=1.30e-02 | grad=1.57e-01 | 1.0s
[    91] loss=-2.4796 | res=1.45e-02 | grad=4.37e-01 | 1.0s
[    92] loss=-2.1299 | res=9.48e-03 | grad=4.90e-01 | 1.0s
[    93] loss=-2.5506 | res=1.36e-02 | grad=3.77e-01 | 1.0s
[    94] loss=-2.2177 | res=1.08e-02 | grad=2.63e-01 | 1.0s
[    95] loss=-2.1274 | res=1.25e-02 | grad=7.04e-01 | 1.0s
[    96] loss=-2.5085 | res=1.21e-02 | grad=4.85e-01 | 1.0s
[    97] loss=-2.4396 | res=1.07e-02 | grad=2.40e-01 | 1.0s
[    98] loss=-2.1471 | res=1.05e-02 | grad=7.58e-01 | 1.0s
[    99] loss=-2.4293 | res=9.13e-03 | grad=2.35e-01 | 1.0s
[   100] loss=-2.2973 | res=1.31e-02 | grad=1.61e-01 | 1.0s
[   101] loss=-2.2655 | res=8.70e-03 | grad=6.35e-01 | 1.0s
[   102] loss=-2.3874 | res=8.81e-03 | grad=5.46e-01 | 1.0s
[   103] loss=-2.2623 | res=1.14e-02 | grad=4.42e-01 | 1.0s
[   104] loss=-2.4175 | res=1.43e-02 | grad=5.23e-01 | 1.0s
[   105] loss=-2.2782 | res=1.22e-02 | grad=1.67e-01 | 1.0s
[   106] loss=-2.1989 | res=1.06e-02 | grad=6.15e-01 | 1.0s
[   107] loss=-2.3352 | res=1.43e-02 | grad=2.98e-01 | 1.0s
[   108] loss=-2.3320 | res=1.77e-02 | grad=4.31e-01 | 1.0s
[   109] loss=-2.2072 | res=1.51e-02 | grad=4.16e-01 | 1.0s
[   110] loss=-2.2298 | res=1.52e-02 | grad=6.05e-01 | 1.0s
[   111] loss=-2.3127 | res=1.32e-02 | grad=8.62e-01 | 1.0s
[   112] loss=-2.2130 | res=1.75e-02 | grad=8.47e-01 | 1.0s
[   113] loss=-2.3428 | res=1.31e-02 | grad=3.62e-01 | 1.0s
[   114] loss=-2.4660 | res=1.48e-02 | grad=3.80e-01 | 1.0s
[   115] loss=-2.2331 | res=7.85e-03 | grad=1.74e-01 | 1.0s
[   116] loss=-2.2476 | res=1.29e-02 | grad=4.98e-01 | 1.0s
[   117] loss=-2.3380 | res=1.44e-02 | grad=3.66e-01 | 1.0s
[   118] loss=-2.3621 | res=1.33e-02 | grad=9.38e-01 | 1.0s
[   119] loss=-2.0434 | res=1.08e-02 | grad=9.11e-01 | 1.0s
[   120] loss=-2.4315 | res=1.18e-02 | grad=5.00e-01 | 1.0s
[   121] loss=-1.9105 | res=1.72e-02 | grad=7.70e-01 | 1.0s
[   122] loss=-2.4169 | res=1.39e-02 | grad=5.90e-01 | 1.0s
[   123] loss=-2.2127 | res=1.32e-02 | grad=7.24e-01 | 1.0s
[   124] loss=-2.4129 | res=1.40e-02 | grad=5.71e-01 | 1.0s
[   125] loss=-2.2144 | res=1.77e-02 | grad=7.60e-01 | 1.0s
[   126] loss=-2.5857 | res=1.10e-02 | grad=5.63e-01 | 1.0s
[   127] loss=-2.5773 | res=1.82e-02 | grad=1.05e+00 | 1.0s
[   128] loss=-2.4027 | res=1.48e-02 | grad=3.43e-01 | 1.0s
[   129] loss=-2.4810 | res=1.57e-02 | grad=3.00e-01 | 1.0s
[   130] loss=-2.2986 | res=1.29e-02 | grad=3.99e-01 | 1.0s
[   131] loss=-2.4361 | res=1.17e-02 | grad=3.89e-01 | 1.0s
[   132] loss=-2.3942 | res=9.93e-03 | grad=4.53e-01 | 1.0s
[   133] loss=-2.3153 | res=1.19e-02 | grad=7.00e-01 | 1.0s
[   134] loss=-2.3517 | res=1.24e-02 | grad=8.69e-01 | 1.0s
[   135] loss=-2.6752 | res=1.06e-02 | grad=9.14e-01 | 1.0s
[   136] loss=-2.2523 | res=1.42e-02 | grad=5.04e-01 | 1.0s
[   137] loss=-2.2325 | res=1.35e-02 | grad=5.65e-01 | 1.0s
[   138] loss=-2.3004 | res=1.21e-02 | grad=6.83e-01 | 1.0s
[   139] loss=-2.1341 | res=1.35e-02 | grad=4.78e-01 | 1.0s
[   140] loss=-2.1240 | res=1.28e-02 | grad=7.36e-01 | 1.0s
[   141] loss=-2.5658 | res=1.74e-02 | grad=7.76e-01 | 1.0s
[   142] loss=-2.0560 | res=1.32e-02 | grad=8.09e-01 | 1.0s
[   143] loss=-2.2082 | res=1.54e-02 | grad=4.83e-01 | 1.0s
[   144] loss=-2.3596 | res=1.03e-02 | grad=8.76e-01 | 1.0s
[   145] loss=-2.4253 | res=1.25e-02 | grad=4.99e-01 | 1.0s
[   146] loss=-2.1943 | res=1.48e-02 | grad=1.66e-01 | 1.0s
[   147] loss=-2.1967 | res=9.07e-03 | grad=4.47e-01 | 1.0s
[   148] loss=-2.2808 | res=1.53e-02 | grad=7.75e-01 | 1.0s
[   149] loss=-2.3008 | res=1.56e-02 | grad=1.01e+00 | 1.0s
[   150] loss=-2.3592 | res=1.31e-02 | grad=1.04e+00 | 1.0s
[   151] loss=-2.2130 | res=1.50e-02 | grad=3.21e-01 | 1.0s
[   152] loss=-2.3009 | res=1.30e-02 | grad=5.47e-01 | 1.0s
[   153] loss=-2.3563 | res=1.18e-02 | grad=3.45e-01 | 1.0s
[   154] loss=-2.4545 | res=1.11e-02 | grad=3.28e-01 | 1.0s
[   155] loss=-2.2579 | res=1.30e-02 | grad=1.44e-01 | 1.0s
[   156] loss=-2.4005 | res=1.53e-02 | grad=3.24e-01 | 1.0s
[   157] loss=-2.3019 | res=1.33e-02 | grad=6.12e-01 | 1.0s
[   158] loss=-2.4084 | res=1.05e-02 | grad=1.03e+00 | 1.0s
[   159] loss=-2.2991 | res=1.76e-02 | grad=5.95e-01 | 1.0s
[   160] loss=-2.3341 | res=1.43e-02 | grad=2.44e-01 | 1.0s
[   161] loss=-2.3173 | res=1.00e-02 | grad=6.74e-01 | 1.0s
[   162] loss=-2.3584 | res=1.49e-02 | grad=4.99e-01 | 1.0s
[   163] loss=-2.3969 | res=1.58e-02 | grad=2.64e-01 | 1.0s
[   164] loss=-2.2554 | res=1.08e-02 | grad=5.71e-01 | 1.0s
[   165] loss=-2.1899 | res=1.44e-02 | grad=5.89e-01 | 1.0s
[   166] loss=-2.3274 | res=1.26e-02 | grad=3.50e-01 | 1.0s
[   167] loss=-2.3666 | res=1.43e-02 | grad=7.06e-01 | 1.0s
[   168] loss=-2.2378 | res=1.06e-02 | grad=1.89e-01 | 1.0s
[   169] loss=-2.3132 | res=1.62e-02 | grad=3.51e-01 | 1.0s
[   170] loss=-2.1016 | res=1.25e-02 | grad=5.41e-01 | 1.0s
[   171] loss=-2.0482 | res=1.47e-02 | grad=5.61e-01 | 1.0s
[   172] loss=-2.5373 | res=1.58e-02 | grad=7.60e-01 | 1.0s
[   173] loss=-2.3178 | res=1.38e-02 | grad=4.74e-01 | 1.0s
[   174] loss=-2.2771 | res=1.24e-02 | grad=5.76e-01 | 1.0s
[   175] loss=-2.3629 | res=1.51e-02 | grad=5.46e-01 | 1.0s
[   176] loss=-2.2157 | res=1.43e-02 | grad=3.32e-01 | 1.0s
[   177] loss=-2.3790 | res=1.40e-02 | grad=3.34e-01 | 1.0s
[   178] loss=-2.1472 | res=1.36e-02 | grad=3.62e-01 | 1.0s
[   179] loss=-2.3265 | res=1.33e-02 | grad=3.17e-01 | 1.0s
[   180] loss=-2.4298 | res=1.01e-02 | grad=3.41e-01 | 1.0s
[   181] loss=-2.4909 | res=1.73e-02 | grad=3.22e-01 | 1.0s
[   182] loss=-2.3282 | res=1.08e-02 | grad=5.26e-01 | 1.0s
[   183] loss=-2.2599 | res=1.74e-02 | grad=2.97e-01 | 1.0s
[   184] loss=-2.4423 | res=1.13e-02 | grad=2.99e-01 | 1.0s
[   185] loss=-2.4203 | res=1.02e-02 | grad=3.42e-01 | 1.0s
[   186] loss=-2.4665 | res=1.27e-02 | grad=2.68e-01 | 1.0s
[   187] loss=-2.2679 | res=1.31e-02 | grad=8.83e-01 | 1.0s
[   188] loss=-2.3292 | res=1.50e-02 | grad=3.17e-01 | 1.0s
[   189] loss=-2.3188 | res=1.49e-02 | grad=2.19e-01 | 1.0s
[   190] loss=-2.4547 | res=1.29e-02 | grad=3.14e-01 | 1.0s
[   191] loss=-2.3073 | res=1.72e-02 | grad=4.17e-01 | 1.0s
[   192] loss=-2.3039 | res=1.53e-02 | grad=4.37e-01 | 1.0s
[   193] loss=-2.3610 | res=8.09e-03 | grad=6.44e-01 | 1.0s
[   194] loss=-2.1952 | res=1.66e-02 | grad=3.15e-01 | 1.0s
[   195] loss=-2.3384 | res=1.64e-02 | grad=6.33e-01 | 1.0s
[   196] loss=-2.3447 | res=1.63e-02 | grad=8.22e-01 | 1.0s
[   197] loss=-2.4183 | res=1.67e-02 | grad=1.45e-01 | 1.0s
[   198] loss=-2.1912 | res=1.16e-02 | grad=8.55e-01 | 1.0s
[   199] loss=-2.3845 | res=1.37e-02 | grad=5.10e-01 | 1.0s
[   200] loss=-2.3188 | res=1.81e-02 | grad=3.42e-01 | 1.0s
[   201] loss=-2.4098 | res=1.30e-02 | grad=2.82e-01 | 1.0s
[   202] loss=-2.3778 | res=1.26e-02 | grad=3.19e-01 | 1.0s
[   203] loss=-2.1718 | res=1.61e-02 | grad=6.59e-01 | 1.0s
[   204] loss=-2.2470 | res=1.64e-02 | grad=2.38e-01 | 1.0s
[   205] loss=-2.2905 | res=1.45e-02 | grad=4.83e-01 | 1.0s
[   206] loss=-2.3769 | res=1.34e-02 | grad=5.18e-01 | 1.0s
[   207] loss=-2.2094 | res=1.24e-02 | grad=2.06e-01 | 1.0s
[   208] loss=-2.2307 | res=1.73e-02 | grad=7.32e-01 | 1.0s
[   209] loss=-2.6859 | res=1.24e-02 | grad=7.40e-01 | 1.0s
[   210] loss=-2.2004 | res=1.41e-02 | grad=3.59e-01 | 1.0s
[   211] loss=-2.2976 | res=1.44e-02 | grad=2.38e-01 | 1.0s
[   212] loss=-2.4689 | res=1.22e-02 | grad=9.15e-01 | 1.0s
[   213] loss=-2.2849 | res=1.35e-02 | grad=4.53e-01 | 1.0s
[   214] loss=-2.2207 | res=1.52e-02 | grad=8.10e-01 | 1.0s
[   215] loss=-2.4997 | res=1.58e-02 | grad=6.38e-01 | 1.0s
[   216] loss=-1.9450 | res=1.34e-02 | grad=9.46e-01 | 1.0s
[   217] loss=-2.3147 | res=1.05e-02 | grad=3.47e-01 | 1.0s
[   218] loss=-2.4897 | res=1.35e-02 | grad=3.42e-01 | 1.0s
[   219] loss=-2.2697 | res=1.16e-02 | grad=5.84e-01 | 1.0s
[   220] loss=-2.2015 | res=1.67e-02 | grad=1.05e+00 | 1.0s
[   221] loss=-2.2708 | res=1.30e-02 | grad=9.15e-01 | 1.0s
[   222] loss=-2.4607 | res=1.10e-02 | grad=8.33e-01 | 1.0s
[   223] loss=-2.1984 | res=2.00e-02 | grad=5.98e-01 | 1.0s
[   224] loss=-2.3856 | res=1.19e-02 | grad=4.62e-01 | 1.0s
[   225] loss=-2.2022 | res=1.63e-02 | grad=4.65e-01 | 1.0s
[   226] loss=-2.5048 | res=1.31e-02 | grad=1.45e+00 | 1.0s
[   227] loss=-2.3326 | res=1.54e-02 | grad=1.05e+00 | 1.0s
[   228] loss=-2.2276 | res=1.48e-02 | grad=9.80e-01 | 1.0s
[   229] loss=-2.4489 | res=1.30e-02 | grad=9.22e-01 | 1.0s
[   230] loss=-2.4270 | res=1.04e-02 | grad=6.06e-01 | 1.0s
[   231] loss=-2.1680 | res=1.16e-02 | grad=3.82e-01 | 1.0s
[   232] loss=-2.4348 | res=1.24e-02 | grad=3.44e-01 | 1.0s
[   233] loss=-2.4624 | res=1.28e-02 | grad=3.39e-01 | 1.0s
[   234] loss=-2.5252 | res=1.06e-02 | grad=5.28e-01 | 1.0s
[   235] loss=-2.4147 | res=1.68e-02 | grad=8.43e-01 | 1.0s
[   236] loss=-2.4062 | res=1.09e-02 | grad=5.23e-01 | 1.0s
[   237] loss=-2.2412 | res=1.67e-02 | grad=8.21e-01 | 1.0s
[   238] loss=-2.2253 | res=1.20e-02 | grad=6.32e-01 | 1.0s
[   239] loss=-2.2371 | res=1.41e-02 | grad=5.71e-01 | 1.1s
[   240] loss=-2.1858 | res=1.09e-02 | grad=2.97e-01 | 1.0s
[   241] loss=-2.2512 | res=9.45e-03 | grad=5.86e-01 | 1.0s
[   242] loss=-2.3601 | res=8.83e-03 | grad=2.86e-01 | 1.0s
[   243] loss=-2.4488 | res=1.27e-02 | grad=4.11e-01 | 1.0s
[   244] loss=-2.2180 | res=9.33e-03 | grad=1.03e+00 | 1.1s
[   245] loss=-2.4253 | res=9.58e-03 | grad=9.49e-01 | 1.0s
[   246] loss=-2.2227 | res=1.24e-02 | grad=8.22e-01 | 1.1s
[   247] loss=-2.3736 | res=1.10e-02 | grad=5.27e-01 | 1.0s
[   248] loss=-2.3719 | res=1.50e-02 | grad=3.66e-01 | 1.1s
[   249] loss=-2.3281 | res=8.83e-03 | grad=3.75e-01 | 1.1s
[   250] loss=-2.1460 | res=1.46e-02 | grad=7.43e-01 | 1.0s
[   251] loss=-2.2473 | res=1.06e-02 | grad=9.22e-01 | 1.0s
[   252] loss=-2.2863 | res=8.35e-03 | grad=7.52e-01 | 1.0s
[   253] loss=-2.1178 | res=1.07e-02 | grad=4.62e-01 | 1.1s
[   254] loss=-2.1895 | res=1.11e-02 | grad=5.02e-01 | 1.0s
[   255] loss=-2.2569 | res=8.58e-03 | grad=2.94e-01 | 1.1s
[   256] loss=-2.2852 | res=1.18e-02 | grad=8.70e-01 | 1.0s
[   257] loss=-2.4537 | res=1.06e-02 | grad=6.08e-01 | 1.0s
[   258] loss=-2.5696 | res=1.17e-02 | grad=4.85e-01 | 1.0s
[   259] loss=-2.2924 | res=1.20e-02 | grad=6.18e-01 | 1.1s
[   260] loss=-2.3337 | res=1.29e-02 | grad=5.60e-01 | 1.1s
[   261] loss=-2.3442 | res=1.14e-02 | grad=4.36e-01 | 1.0s
[   262] loss=-2.3711 | res=1.20e-02 | grad=5.10e-01 | 1.0s
[   263] loss=-2.3094 | res=9.47e-03 | grad=3.04e-01 | 1.0s
[   264] loss=-2.1098 | res=6.87e-03 | grad=8.14e-01 | 1.0s
[   265] loss=-2.2613 | res=1.05e-02 | grad=4.30e-01 | 1.0s
[   266] loss=-2.4154 | res=7.88e-03 | grad=1.74e-01 | 1.0s
[   267] loss=-2.3836 | res=1.35e-02 | grad=2.66e-01 | 1.0s
[   268] loss=-2.3880 | res=9.62e-03 | grad=4.50e-01 | 1.0s
[   269] loss=-2.5287 | res=1.01e-02 | grad=6.04e-01 | 1.0s
[   270] loss=-2.5495 | res=1.22e-02 | grad=1.01e+00 | 1.0s
[   271] loss=-2.1732 | res=1.33e-02 | grad=6.01e-01 | 1.0s
[   272] loss=-2.2922 | res=9.56e-03 | grad=4.09e-01 | 1.0s
[   273] loss=-2.3809 | res=9.29e-03 | grad=4.50e-01 | 1.0s
[   274] loss=-2.2726 | res=1.35e-02 | grad=2.70e-01 | 1.0s
[   275] loss=-2.0639 | res=1.47e-02 | grad=7.70e-01 | 1.0s
[   276] loss=-2.3810 | res=1.18e-02 | grad=3.73e-01 | 1.0s
[   277] loss=-2.3578 | res=1.04e-02 | grad=2.87e-01 | 1.0s
[   278] loss=-2.2929 | res=9.19e-03 | grad=3.48e-01 | 1.0s
[   279] loss=-2.3815 | res=8.92e-03 | grad=6.30e-01 | 1.1s
[   280] loss=-2.4250 | res=1.21e-02 | grad=6.13e-01 | 1.0s
[   281] loss=-2.3013 | res=1.43e-02 | grad=5.73e-01 | 1.0s
[   282] loss=-2.3180 | res=8.05e-03 | grad=4.66e-01 | 1.0s
[   283] loss=-2.2434 | res=1.04e-02 | grad=3.19e-01 | 1.0s
[   284] loss=-2.3603 | res=1.42e-02 | grad=3.60e-01 | 1.0s
[   285] loss=-2.2416 | res=1.38e-02 | grad=3.68e-01 | 1.0s
[   286] loss=-2.3160 | res=9.83e-03 | grad=4.51e-01 | 1.0s
[   287] loss=-2.3745 | res=1.36e-02 | grad=1.22e-01 | 1.0s
[   288] loss=-2.0625 | res=1.17e-02 | grad=6.63e-01 | 1.0s
[   289] loss=-2.2524 | res=1.45e-02 | grad=4.50e-01 | 1.0s
[   290] loss=-2.4065 | res=1.40e-02 | grad=6.22e-01 | 1.0s
[   291] loss=-2.3303 | res=9.33e-03 | grad=2.88e-01 | 1.0s
[   292] loss=-2.2692 | res=1.34e-02 | grad=2.90e-01 | 1.1s
[   293] loss=-2.1744 | res=1.01e-02 | grad=4.85e-01 | 1.1s
[   294] loss=-2.1958 | res=1.35e-02 | grad=3.30e-01 | 1.0s
[   295] loss=-2.3256 | res=1.01e-02 | grad=2.48e-01 | 1.0s
[   296] loss=-2.3908 | res=1.08e-02 | grad=6.04e-01 | 1.0s
[   297] loss=-2.1725 | res=1.42e-02 | grad=5.54e-01 | 1.0s
[   298] loss=-2.2609 | res=9.38e-03 | grad=5.67e-01 | 1.1s
[   299] loss=-2.2865 | res=1.29e-02 | grad=6.00e-01 | 1.1s
[   300] loss=-2.1370 | res=1.41e-02 | grad=4.05e-01 | 1.0s
[   301] loss=-2.2386 | res=8.35e-03 | grad=5.33e-01 | 1.0s
[   302] loss=-2.1634 | res=1.55e-02 | grad=4.07e-01 | 1.0s
[   303] loss=-2.4211 | res=1.28e-02 | grad=3.39e-01 | 1.0s
[   304] loss=-2.1827 | res=1.60e-02 | grad=2.90e-01 | 1.0s
[   305] loss=-2.1431 | res=1.33e-02 | grad=4.21e-01 | 1.0s
[   306] loss=-2.2023 | res=2.09e-02 | grad=4.82e-01 | 1.0s
[   307] loss=-2.2484 | res=1.47e-02 | grad=2.39e-01 | 1.0s
[   308] loss=-2.3536 | res=7.53e-03 | grad=3.77e-01 | 1.0s
[   309] loss=-2.3070 | res=1.07e-02 | grad=3.56e-01 | 1.0s
[   310] loss=-2.2361 | res=1.14e-02 | grad=3.72e-01 | 1.0s
[   311] loss=-2.3290 | res=1.31e-02 | grad=6.92e-01 | 1.0s
[   312] loss=-2.3667 | res=8.45e-03 | grad=5.23e-01 | 1.0s
[   313] loss=-2.2330 | res=1.24e-02 | grad=4.35e-01 | 1.0s
[   314] loss=-2.1166 | res=1.14e-02 | grad=4.96e-01 | 1.0s
[   315] loss=-2.2824 | res=1.13e-02 | grad=1.10e+00 | 1.0s
[   316] loss=-2.3340 | res=9.27e-03 | grad=4.95e-01 | 1.0s
[   317] loss=-2.3068 | res=9.22e-03 | grad=2.89e-01 | 1.0s
[   318] loss=-2.3742 | res=1.05e-02 | grad=4.65e-01 | 1.0s
[   319] loss=-2.1953 | res=1.23e-02 | grad=3.96e-01 | 1.0s
[   320] loss=-2.3792 | res=9.77e-03 | grad=4.72e-01 | 1.0s
[   321] loss=-2.3080 | res=1.06e-02 | grad=3.29e-01 | 1.0s
[   322] loss=-2.0387 | res=1.17e-02 | grad=4.59e-01 | 1.0s
[   323] loss=-2.3460 | res=7.59e-03 | grad=4.40e-01 | 1.0s
[   324] loss=-2.0910 | res=1.33e-02 | grad=5.40e-01 | 1.0s
[   325] loss=-2.3293 | res=1.01e-02 | grad=4.93e-01 | 1.0s
[   326] loss=-2.3960 | res=1.08e-02 | grad=3.29e-01 | 1.0s
[   327] loss=-2.3186 | res=1.28e-02 | grad=3.08e-01 | 1.0s
[   328] loss=-2.3538 | res=1.05e-02 | grad=1.62e-01 | 1.0s
[   329] loss=-2.4059 | res=1.29e-02 | grad=4.86e-01 | 1.0s
[   330] loss=-2.4172 | res=1.09e-02 | grad=5.24e-01 | 1.0s
[   331] loss=-2.3370 | res=1.17e-02 | grad=4.11e-01 | 1.0s
[   332] loss=-2.3580 | res=8.28e-03 | grad=5.36e-01 | 1.0s
[   333] loss=-2.4082 | res=1.10e-02 | grad=5.74e-01 | 1.0s
[   334] loss=-2.3369 | res=9.08e-03 | grad=2.62e-01 | 1.0s
[   335] loss=-2.2209 | res=9.09e-03 | grad=5.59e-01 | 1.0s
[   336] loss=-2.4756 | res=1.02e-02 | grad=4.64e-01 | 1.0s
[   337] loss=-2.1596 | res=6.48e-03 | grad=9.57e-01 | 1.0s
[   338] loss=-2.4953 | res=1.11e-02 | grad=2.55e-01 | 1.0s
[   339] loss=-2.3980 | res=8.98e-03 | grad=5.12e-01 | 1.0s
[   340] loss=-2.3479 | res=1.02e-02 | grad=4.36e-01 | 1.0s
[   341] loss=-2.5460 | res=9.69e-03 | grad=4.45e-01 | 1.0s
[   342] loss=-2.4302 | res=1.33e-02 | grad=5.35e-01 | 1.0s
[   343] loss=-2.2884 | res=8.72e-03 | grad=3.87e-01 | 1.0s
[   344] loss=-2.2538 | res=1.13e-02 | grad=4.56e-01 | 1.0s
[   345] loss=-2.2817 | res=7.03e-03 | grad=4.58e-01 | 1.0s
[   346] loss=-2.3444 | res=9.77e-03 | grad=1.98e-01 | 1.0s
[   347] loss=-2.1725 | res=1.17e-02 | grad=2.71e-01 | 1.0s
[   348] loss=-2.3002 | res=9.39e-03 | grad=6.58e-01 | 1.0s
[   349] loss=-2.3132 | res=8.41e-03 | grad=7.26e-01 | 1.0s
[   350] loss=-2.2636 | res=1.37e-02 | grad=4.26e-01 | 1.0s
[   351] loss=-2.3577 | res=1.32e-02 | grad=1.81e-01 | 1.0s
[   352] loss=-2.1934 | res=1.08e-02 | grad=4.48e-01 | 1.0s
[   353] loss=-2.3307 | res=1.04e-02 | grad=5.16e-01 | 1.0s
[   354] loss=-2.1658 | res=9.01e-03 | grad=5.65e-01 | 1.0s
[   355] loss=-2.3381 | res=7.19e-03 | grad=6.86e-01 | 1.0s
[   356] loss=-2.3744 | res=1.11e-02 | grad=6.79e-01 | 1.0s
[   357] loss=-2.1056 | res=1.11e-02 | grad=3.95e-01 | 1.0s
[   358] loss=-2.0835 | res=8.82e-03 | grad=4.58e-01 | 1.0s
[   359] loss=-2.3724 | res=9.23e-03 | grad=4.78e-01 | 1.0s
[   360] loss=-2.3091 | res=9.21e-03 | grad=2.34e-01 | 1.0s
[   361] loss=-2.1132 | res=1.10e-02 | grad=1.36e+00 | 1.0s
[   362] loss=-2.3973 | res=1.45e-02 | grad=7.74e-01 | 1.0s
[   363] loss=-2.2842 | res=1.03e-02 | grad=3.87e-01 | 1.0s
[   364] loss=-2.3388 | res=1.29e-02 | grad=4.13e-01 | 1.0s
[   365] loss=-2.4423 | res=9.30e-03 | grad=8.04e-01 | 1.0s
[   366] loss=-2.2346 | res=9.84e-03 | grad=7.15e-01 | 1.0s
[   367] loss=-2.2406 | res=1.06e-02 | grad=2.98e-01 | 1.0s
[   368] loss=-2.3125 | res=1.30e-02 | grad=5.56e-01 | 1.0s
[   369] loss=-2.3085 | res=9.42e-03 | grad=5.18e-01 | 1.0s
[   370] loss=-2.2402 | res=9.94e-03 | grad=4.48e-01 | 1.0s
[   371] loss=-2.2333 | res=9.19e-03 | grad=5.61e-01 | 1.0s
[   372] loss=-2.3666 | res=1.02e-02 | grad=3.81e-01 | 1.0s
[   373] loss=-2.2966 | res=1.26e-02 | grad=1.84e-01 | 1.0s
[   374] loss=-2.5867 | res=1.11e-02 | grad=6.13e-01 | 1.0s
[   375] loss=-2.3127 | res=1.30e-02 | grad=2.39e-01 | 1.0s
[   376] loss=-2.3295 | res=1.33e-02 | grad=4.33e-01 | 1.0s
[   377] loss=-2.3571 | res=1.02e-02 | grad=5.33e-01 | 1.0s
[   378] loss=-2.0960 | res=8.82e-03 | grad=7.95e-01 | 1.0s
[   379] loss=-2.2547 | res=1.20e-02 | grad=3.70e-01 | 1.0s
[   380] loss=-2.0487 | res=1.26e-02 | grad=8.65e-01 | 1.0s
[   381] loss=-2.2373 | res=1.42e-02 | grad=5.14e-01 | 1.0s
[   382] loss=-2.1589 | res=1.27e-02 | grad=2.82e-01 | 1.0s
[   383] loss=-2.1403 | res=1.21e-02 | grad=6.05e-01 | 1.0s
[   384] loss=-2.3134 | res=1.41e-02 | grad=5.19e-01 | 1.0s
[   385] loss=-2.2822 | res=8.47e-03 | grad=6.83e-01 | 1.0s
[   386] loss=-2.3214 | res=8.88e-03 | grad=6.83e-01 | 1.0s
[   387] loss=-2.1202 | res=9.07e-03 | grad=5.05e-01 | 1.0s
[   388] loss=-2.0504 | res=8.86e-03 | grad=6.03e-01 | 1.0s
[   389] loss=-2.4662 | res=9.11e-03 | grad=5.14e-01 | 1.0s
[   390] loss=-2.3782 | res=9.14e-03 | grad=8.43e-01 | 1.0s
[   391] loss=-2.3470 | res=9.19e-03 | grad=9.67e-01 | 1.0s
[   392] loss=-2.3953 | res=5.34e-03 | grad=6.09e-01 | 1.0s
[   393] loss=-2.3288 | res=1.19e-02 | grad=2.41e-01 | 1.0s
[   394] loss=-2.3111 | res=9.86e-03 | grad=5.04e-01 | 1.0s
[   395] loss=-2.4308 | res=9.26e-03 | grad=2.83e-01 | 1.0s
[   396] loss=-2.2893 | res=8.89e-03 | grad=5.62e-01 | 1.0s
[   397] loss=-2.3716 | res=8.14e-03 | grad=2.60e-01 | 1.0s
[   398] loss=-2.0850 | res=1.03e-02 | grad=8.80e-01 | 1.0s
[   399] loss=-2.2246 | res=1.23e-02 | grad=4.79e-01 | 1.0s
[   400] loss=-2.3305 | res=8.96e-03 | grad=6.03e-01 | 1.0s
[   401] loss=-2.2350 | res=8.18e-03 | grad=4.46e-01 | 1.0s
[   402] loss=-2.2457 | res=8.93e-03 | grad=3.52e-01 | 1.0s
[   403] loss=-2.2782 | res=1.07e-02 | grad=2.88e-01 | 1.0s
[   404] loss=-2.3083 | res=1.11e-02 | grad=4.44e-01 | 1.0s
[   405] loss=-2.2880 | res=1.06e-02 | grad=8.01e-01 | 1.0s
[   406] loss=-2.2235 | res=9.92e-03 | grad=7.72e-01 | 1.0s
[   407] loss=-2.4288 | res=8.30e-03 | grad=7.23e-01 | 1.0s
[   408] loss=-2.1822 | res=7.48e-03 | grad=3.53e-01 | 1.0s
[   409] loss=-2.2811 | res=1.07e-02 | grad=6.04e-01 | 1.0s
[   410] loss=-2.4179 | res=7.06e-03 | grad=7.44e-01 | 1.0s
[   411] loss=-2.3871 | res=7.40e-03 | grad=7.15e-01 | 1.0s
[   412] loss=-2.4113 | res=9.57e-03 | grad=2.73e-01 | 1.0s
[   413] loss=-2.2809 | res=1.08e-02 | grad=3.25e-01 | 1.0s
[   414] loss=-2.4400 | res=1.14e-02 | grad=1.83e-01 | 1.0s
[   415] loss=-2.4962 | res=1.10e-02 | grad=4.12e-01 | 1.0s
[   416] loss=-2.4040 | res=6.70e-03 | grad=3.78e-01 | 1.0s
[   417] loss=-2.2707 | res=1.01e-02 | grad=6.29e-01 | 1.0s
[   418] loss=-2.3774 | res=9.52e-03 | grad=3.20e-01 | 1.0s
[   419] loss=-2.2666 | res=9.08e-03 | grad=5.85e-01 | 1.0s
[   420] loss=-2.2905 | res=1.17e-02 | grad=5.07e-01 | 1.0s
[   421] loss=-2.3883 | res=7.60e-03 | grad=3.68e-01 | 1.0s
[   422] loss=-2.2831 | res=1.10e-02 | grad=6.11e-01 | 1.0s
[   423] loss=-2.3048 | res=6.25e-03 | grad=2.68e-01 | 1.0s
[   424] loss=-2.1606 | res=7.46e-03 | grad=6.12e-01 | 1.0s
[   425] loss=-2.2128 | res=9.88e-03 | grad=3.51e-01 | 1.0s
[   426] loss=-2.1836 | res=1.12e-02 | grad=3.68e-01 | 1.0s
[   427] loss=-2.3772 | res=1.00e-02 | grad=7.34e-01 | 1.0s
[   428] loss=-2.4061 | res=8.18e-03 | grad=7.18e-01 | 1.0s
[   429] loss=-2.2103 | res=1.14e-02 | grad=4.94e-01 | 1.0s
[   430] loss=-2.4766 | res=1.11e-02 | grad=7.07e-01 | 1.0s
[   431] loss=-2.2765 | res=1.00e-02 | grad=5.02e-01 | 1.0s
[   432] loss=-2.2202 | res=1.12e-02 | grad=6.33e-01 | 1.0s
[   433] loss=-2.4130 | res=8.48e-03 | grad=6.80e-01 | 1.0s
[   434] loss=-2.4456 | res=1.23e-02 | grad=4.77e-01 | 1.0s
[   435] loss=-2.3165 | res=9.79e-03 | grad=6.95e-01 | 1.0s
[   436] loss=-2.2064 | res=1.41e-02 | grad=5.45e-01 | 1.0s
[   437] loss=-2.4658 | res=1.08e-02 | grad=5.65e-01 | 1.0s
[   438] loss=-2.3549 | res=1.19e-02 | grad=7.24e-01 | 1.0s
[   439] loss=-2.4415 | res=7.71e-03 | grad=6.96e-01 | 1.0s
[   440] loss=-2.4401 | res=8.40e-03 | grad=4.01e-01 | 1.0s
[   441] loss=-2.3431 | res=1.09e-02 | grad=2.56e-01 | 1.0s
[   442] loss=-2.3929 | res=9.30e-03 | grad=2.38e-01 | 1.0s
[   443] loss=-2.3784 | res=9.18e-03 | grad=6.18e-01 | 1.0s
[   444] loss=-2.4718 | res=5.66e-03 | grad=6.75e-01 | 1.0s
[   445] loss=-2.3208 | res=8.50e-03 | grad=5.06e-01 | 1.0s
[   446] loss=-2.2531 | res=1.16e-02 | grad=1.32e-01 | 1.0s
[   447] loss=-2.2922 | res=8.16e-03 | grad=3.43e-01 | 1.0s
[   448] loss=-2.2617 | res=8.10e-03 | grad=5.03e-01 | 1.0s
[   449] loss=-2.3408 | res=9.09e-03 | grad=1.62e-01 | 1.0s
[   450] loss=-2.3530 | res=1.00e-02 | grad=4.59e-01 | 1.0s
[   451] loss=-2.2622 | res=7.22e-03 | grad=3.63e-01 | 1.0s
[   452] loss=-2.1443 | res=1.40e-02 | grad=9.66e-01 | 1.0s
[   453] loss=-2.2430 | res=9.12e-03 | grad=4.07e-01 | 1.0s
[   454] loss=-2.2341 | res=5.10e-03 | grad=6.21e-01 | 1.0s
[   455] loss=-2.1606 | res=1.06e-02 | grad=2.01e-01 | 1.0s
[   456] loss=-2.1345 | res=1.01e-02 | grad=1.50e-01 | 1.0s
[   457] loss=-2.4709 | res=6.59e-03 | grad=8.13e-01 | 1.0s
[   458] loss=-2.2527 | res=8.84e-03 | grad=2.32e-01 | 1.0s
[   459] loss=-2.3909 | res=7.96e-03 | grad=6.32e-01 | 1.0s
[   460] loss=-2.3441 | res=5.98e-03 | grad=2.56e-01 | 1.0s
[   461] loss=-2.3131 | res=1.10e-02 | grad=6.30e-01 | 1.0s
[   462] loss=-2.2593 | res=1.07e-02 | grad=8.38e-01 | 1.0s
[   463] loss=-2.3477 | res=5.80e-03 | grad=5.24e-01 | 1.0s
[   464] loss=-2.2885 | res=7.50e-03 | grad=3.55e-01 | 1.0s
[   465] loss=-2.2840 | res=9.03e-03 | grad=3.83e-01 | 1.0s
[   466] loss=-2.3266 | res=1.16e-02 | grad=4.11e-01 | 1.0s
[   467] loss=-2.5250 | res=1.01e-02 | grad=5.04e-01 | 1.0s
[   468] loss=-2.2169 | res=8.84e-03 | grad=5.51e-01 | 1.0s
[   469] loss=-2.4565 | res=7.84e-03 | grad=2.66e-01 | 1.0s
[   470] loss=-2.1484 | res=1.15e-02 | grad=2.02e-01 | 1.0s
[   471] loss=-2.4120 | res=7.73e-03 | grad=5.23e-01 | 1.1s
[   472] loss=-2.3491 | res=7.87e-03 | grad=2.83e-01 | 1.0s
[   473] loss=-2.3562 | res=9.02e-03 | grad=6.47e-01 | 1.0s
[   474] loss=-2.2915 | res=7.79e-03 | grad=2.79e-01 | 1.0s
[   475] loss=-2.4049 | res=6.95e-03 | grad=3.45e-01 | 1.0s
[   476] loss=-2.4361 | res=8.15e-03 | grad=3.48e-01 | 1.0s
[   477] loss=-2.2134 | res=8.34e-03 | grad=3.64e-01 | 1.0s
[   478] loss=-2.3493 | res=7.44e-03 | grad=5.30e-01 | 1.0s
[   479] loss=-2.6054 | res=7.44e-03 | grad=3.12e-01 | 1.0s
[   480] loss=-2.2607 | res=7.87e-03 | grad=5.42e-01 | 1.1s
[   481] loss=-2.3196 | res=8.24e-03 | grad=2.52e-01 | 1.1s
[   482] loss=-2.3702 | res=1.00e-02 | grad=1.97e-01 | 1.1s
[   483] loss=-2.4313 | res=1.17e-02 | grad=3.36e-01 | 1.1s
[   484] loss=-2.2825 | res=7.88e-03 | grad=3.28e-01 | 1.1s
[   485] loss=-2.2347 | res=7.67e-03 | grad=6.63e-01 | 1.1s
[   486] loss=-2.4015 | res=7.55e-03 | grad=3.37e-01 | 1.1s
[   487] loss=-2.4081 | res=8.16e-03 | grad=3.35e-01 | 1.1s
[   488] loss=-2.3299 | res=9.01e-03 | grad=3.79e-01 | 1.0s
[   489] loss=-2.3088 | res=6.40e-03 | grad=6.07e-01 | 1.0s
[   490] loss=-2.1912 | res=5.27e-03 | grad=4.61e-01 | 1.0s
[   491] loss=-2.4989 | res=7.91e-03 | grad=2.77e-01 | 1.0s
[   492] loss=-2.4454 | res=7.50e-03 | grad=1.32e-01 | 1.0s
[   493] loss=-2.2982 | res=9.41e-03 | grad=3.13e-01 | 1.0s
[   494] loss=-2.4712 | res=1.30e-02 | grad=2.54e-01 | 1.0s
[   495] loss=-2.3168 | res=5.65e-03 | grad=4.51e-01 | 1.0s
[   496] loss=-2.4572 | res=8.59e-03 | grad=1.97e-01 | 1.0s
[   497] loss=-2.2935 | res=8.55e-03 | grad=4.16e-01 | 1.0s
[   498] loss=-2.4163 | res=8.22e-03 | grad=2.30e-01 | 1.0s
[   499] loss=-2.4281 | res=1.05e-02 | grad=4.11e-01 | 1.0s
[   500] loss=-2.3238 | res=9.14e-03 | grad=2.90e-01 | 1.0s
[   501] loss=-2.3105 | res=1.03e-02 | grad=2.67e-01 | 1.1s
[   502] loss=-2.2217 | res=8.23e-03 | grad=4.51e-01 | 1.1s
[   503] loss=-2.4801 | res=9.67e-03 | grad=5.96e-01 | 1.1s
[   504] loss=-2.2261 | res=6.43e-03 | grad=5.13e-01 | 1.0s
[   505] loss=-2.4063 | res=6.72e-03 | grad=2.04e-01 | 1.0s
[   506] loss=-2.4037 | res=8.18e-03 | grad=1.40e-01 | 1.0s
[   507] loss=-2.3480 | res=8.08e-03 | grad=5.05e-01 | 1.0s
[   508] loss=-2.3724 | res=1.27e-02 | grad=5.82e-01 | 1.0s
[   509] loss=-2.2236 | res=1.20e-02 | grad=5.51e-01 | 1.0s
[   510] loss=-2.3343 | res=8.55e-03 | grad=3.39e-01 | 1.0s
[   511] loss=-2.3014 | res=7.48e-03 | grad=8.57e-01 | 1.0s
[   512] loss=-2.3227 | res=8.61e-03 | grad=3.34e-01 | 1.0s
[   513] loss=-2.3024 | res=8.85e-03 | grad=9.41e-01 | 1.0s
[   514] loss=-2.3217 | res=8.77e-03 | grad=2.19e-01 | 1.0s
[   515] loss=-2.1004 | res=1.01e-02 | grad=4.65e-01 | 1.0s
[   516] loss=-2.2275 | res=1.12e-02 | grad=5.27e-01 | 1.0s
[   517] loss=-2.3907 | res=9.66e-03 | grad=4.75e-01 | 1.0s
[   518] loss=-2.3957 | res=9.71e-03 | grad=3.54e-01 | 1.0s
[   519] loss=-2.4421 | res=7.75e-03 | grad=6.39e-01 | 1.0s
[   520] loss=-2.2145 | res=9.75e-03 | grad=6.48e-01 | 1.0s
[   521] loss=-2.0835 | res=1.13e-02 | grad=7.90e-01 | 1.0s
[   522] loss=-2.3522 | res=9.59e-03 | grad=5.74e-01 | 1.0s
[   523] loss=-2.3069 | res=8.21e-03 | grad=3.27e-01 | 1.0s
[   524] loss=-2.1443 | res=1.10e-02 | grad=5.78e-01 | 1.0s
[   525] loss=-2.1834 | res=5.52e-03 | grad=3.90e-01 | 1.0s
[   526] loss=-2.4187 | res=7.34e-03 | grad=4.45e-01 | 1.0s
[   527] loss=-2.2707 | res=1.08e-02 | grad=4.30e-01 | 1.0s
[   528] loss=-2.3773 | res=1.07e-02 | grad=5.33e-01 | 1.0s
[   529] loss=-2.3478 | res=5.09e-03 | grad=3.70e-01 | 1.0s
[   530] loss=-2.2723 | res=9.12e-03 | grad=6.71e-01 | 1.0s
[   531] loss=-2.2207 | res=5.62e-03 | grad=2.11e-01 | 1.0s
[   532] loss=-2.5330 | res=7.06e-03 | grad=5.88e-01 | 1.0s
[   533] loss=-2.4988 | res=7.47e-03 | grad=5.13e-01 | 1.0s
[   534] loss=-2.2887 | res=8.38e-03 | grad=6.14e-01 | 1.0s
[   535] loss=-2.3109 | res=5.65e-03 | grad=3.60e-01 | 1.0s
[   536] loss=-2.2347 | res=7.61e-03 | grad=6.30e-01 | 1.0s
[   537] loss=-2.3437 | res=1.13e-02 | grad=6.47e-01 | 1.0s
[   538] loss=-2.3193 | res=1.02e-02 | grad=5.90e-01 | 1.0s
[   539] loss=-2.0753 | res=8.38e-03 | grad=4.66e-01 | 1.0s
[   540] loss=-2.3726 | res=6.71e-03 | grad=4.34e-01 | 1.0s
[   541] loss=-2.4006 | res=1.03e-02 | grad=2.96e-01 | 1.0s
[   542] loss=-2.2554 | res=5.64e-03 | grad=5.06e-01 | 1.0s
[   543] loss=-2.3813 | res=9.24e-03 | grad=6.29e-01 | 1.0s
[   544] loss=-2.4246 | res=9.27e-03 | grad=3.84e-01 | 1.0s
[   545] loss=-2.3195 | res=5.41e-03 | grad=4.56e-01 | 1.0s
[   546] loss=-2.3336 | res=5.21e-03 | grad=5.76e-01 | 1.0s
[   547] loss=-2.3003 | res=8.65e-03 | grad=4.22e-01 | 1.1s
[   548] loss=-2.2058 | res=7.09e-03 | grad=5.31e-01 | 1.1s
[   549] loss=-2.4034 | res=6.92e-03 | grad=1.08e-01 | 1.1s
[   550] loss=-2.4385 | res=7.37e-03 | grad=4.92e-01 | 1.1s
[   551] loss=-2.2498 | res=8.65e-03 | grad=6.32e-01 | 1.1s
[   552] loss=-2.3937 | res=1.02e-02 | grad=3.26e-01 | 1.1s
[   553] loss=-2.3778 | res=7.12e-03 | grad=2.57e-01 | 1.1s
[   554] loss=-2.1992 | res=7.36e-03 | grad=2.98e-01 | 1.1s
[   555] loss=-2.3496 | res=6.94e-03 | grad=8.71e-02 | 1.1s
[   556] loss=-2.3328 | res=8.24e-03 | grad=6.98e-01 | 1.1s
[   557] loss=-2.3503 | res=9.49e-03 | grad=4.07e-01 | 1.1s
[   558] loss=-2.1232 | res=7.45e-03 | grad=5.78e-01 | 1.1s
[   559] loss=-2.4333 | res=7.77e-03 | grad=3.12e-01 | 1.1s
[   560] loss=-2.0443 | res=9.30e-03 | grad=3.30e-01 | 1.1s
[   561] loss=-2.0680 | res=5.95e-03 | grad=3.15e-01 | 1.1s
[   562] loss=-2.3228 | res=6.20e-03 | grad=4.88e-01 | 1.0s
[   563] loss=-2.2433 | res=6.97e-03 | grad=8.41e-01 | 1.0s
[   564] loss=-2.2485 | res=8.16e-03 | grad=6.68e-01 | 1.0s
[   565] loss=-2.3771 | res=7.57e-03 | grad=6.61e-01 | 1.0s
[   566] loss=-2.2316 | res=7.61e-03 | grad=2.53e-01 | 1.0s
[   567] loss=-2.2313 | res=1.28e-02 | grad=3.51e-01 | 1.1s
[   568] loss=-2.4062 | res=7.54e-03 | grad=5.87e-01 | 1.1s
[   569] loss=-2.2605 | res=7.19e-03 | grad=5.05e-01 | 1.1s
[   570] loss=-2.3975 | res=8.35e-03 | grad=4.01e-01 | 1.1s
[   571] loss=-2.2722 | res=7.87e-03 | grad=5.24e-01 | 1.1s
[   572] loss=-2.3991 | res=5.79e-03 | grad=6.38e-01 | 1.1s
[   573] loss=-2.1916 | res=7.31e-03 | grad=3.68e-01 | 1.1s
[   574] loss=-2.2510 | res=8.54e-03 | grad=7.98e-01 | 1.1s
[   575] loss=-2.1591 | res=9.63e-03 | grad=5.51e-01 | 1.1s
[   576] loss=-2.3754 | res=7.46e-03 | grad=5.20e-01 | 1.1s
[   577] loss=-2.4690 | res=8.56e-03 | grad=4.38e-01 | 1.1s
[   578] loss=-2.2367 | res=6.56e-03 | grad=4.57e-01 | 1.1s
[   579] loss=-2.2345 | res=6.85e-03 | grad=2.44e-01 | 1.1s
[   580] loss=-2.4334 | res=6.55e-03 | grad=2.46e-01 | 1.1s
[   581] loss=-2.3370 | res=6.96e-03 | grad=4.85e-01 | 1.1s
[   582] loss=-2.2308 | res=8.34e-03 | grad=6.34e-01 | 1.0s
[   583] loss=-2.4005 | res=8.30e-03 | grad=4.38e-01 | 1.0s
[   584] loss=-2.0999 | res=6.72e-03 | grad=3.74e-01 | 1.0s
[   585] loss=-2.3280 | res=6.78e-03 | grad=4.02e-01 | 1.0s
[   586] loss=-2.2530 | res=7.17e-03 | grad=4.33e-01 | 1.0s
[   587] loss=-2.4341 | res=4.45e-03 | grad=4.37e-01 | 1.1s
[   588] loss=-2.3572 | res=6.06e-03 | grad=5.28e-01 | 1.1s
[   589] loss=-2.2321 | res=6.84e-03 | grad=2.99e-01 | 1.1s
[   590] loss=-2.3210 | res=7.46e-03 | grad=4.63e-01 | 1.1s
[   591] loss=-2.5015 | res=8.07e-03 | grad=2.69e-01 | 1.1s
[   592] loss=-2.4625 | res=7.92e-03 | grad=5.95e-01 | 1.1s
[   593] loss=-2.4605 | res=7.10e-03 | grad=2.01e-01 | 1.1s
[   594] loss=-2.0848 | res=7.01e-03 | grad=8.00e-01 | 1.1s
[   595] loss=-2.3846 | res=9.13e-03 | grad=3.34e-01 | 1.1s
[   596] loss=-2.2557 | res=7.19e-03 | grad=4.19e-01 | 1.1s
[   597] loss=-2.3892 | res=7.53e-03 | grad=3.87e-01 | 1.1s
[   598] loss=-2.3059 | res=7.58e-03 | grad=1.94e-01 | 1.1s
[   599] loss=-2.4045 | res=7.79e-03 | grad=3.04e-01 | 1.1s
[   600] loss=-2.4523 | res=8.81e-03 | grad=3.86e-01 | 1.1s
[   601] loss=-2.3753 | res=8.93e-03 | grad=3.37e-01 | 1.0s
[   602] loss=-2.1963 | res=6.47e-03 | grad=5.19e-01 | 1.0s
[   603] loss=-2.3301 | res=6.59e-03 | grad=3.91e-01 | 1.0s
[   604] loss=-2.3093 | res=8.57e-03 | grad=3.00e-01 | 1.0s
[   605] loss=-2.3240 | res=1.17e-02 | grad=5.69e-01 | 1.0s
[   606] loss=-2.2918 | res=6.74e-03 | grad=6.24e-01 | 1.0s
[   607] loss=-2.3069 | res=6.86e-03 | grad=5.66e-01 | 1.0s
[   608] loss=-2.1401 | res=7.53e-03 | grad=5.71e-01 | 1.0s
[   609] loss=-2.2668 | res=6.54e-03 | grad=6.27e-01 | 1.0s
[   610] loss=-2.3363 | res=5.73e-03 | grad=3.51e-01 | 1.0s
[   611] loss=-2.2259 | res=8.12e-03 | grad=5.82e-01 | 1.0s
[   612] loss=-2.3197 | res=6.02e-03 | grad=3.55e-01 | 1.0s
[   613] loss=-2.2582 | res=7.22e-03 | grad=5.75e-01 | 1.0s
[   614] loss=-2.4578 | res=6.29e-03 | grad=4.31e-01 | 1.0s
[   615] loss=-2.3816 | res=6.66e-03 | grad=6.76e-01 | 1.0s
[   616] loss=-2.3454 | res=7.78e-03 | grad=5.45e-01 | 1.0s
[   617] loss=-2.3566 | res=7.55e-03 | grad=3.58e-01 | 1.0s
[   618] loss=-2.3799 | res=7.64e-03 | grad=3.75e-01 | 1.0s
[   619] loss=-2.3237 | res=9.47e-03 | grad=4.60e-01 | 1.0s
[   620] loss=-2.2400 | res=7.85e-03 | grad=5.22e-01 | 1.0s
[   621] loss=-2.1761 | res=8.81e-03 | grad=6.04e-01 | 1.0s
[   622] loss=-2.1559 | res=6.94e-03 | grad=5.81e-01 | 1.0s
[   623] loss=-2.3472 | res=7.80e-03 | grad=2.99e-01 | 1.0s
[   624] loss=-2.3511 | res=5.30e-03 | grad=3.13e-01 | 1.0s
[   625] loss=-2.1142 | res=6.04e-03 | grad=2.86e-01 | 1.0s
[   626] loss=-2.3297 | res=7.22e-03 | grad=6.49e-01 | 1.0s
[   627] loss=-2.3713 | res=8.21e-03 | grad=4.16e-01 | 1.0s
[   628] loss=-2.2480 | res=6.60e-03 | grad=4.76e-01 | 1.0s
[   629] loss=-2.1774 | res=6.64e-03 | grad=7.28e-01 | 1.0s
[   630] loss=-2.5297 | res=1.10e-02 | grad=1.03e+00 | 1.0s
[   631] loss=-2.3494 | res=7.08e-03 | grad=5.74e-01 | 1.0s
[   632] loss=-2.4230 | res=6.70e-03 | grad=2.38e-01 | 1.0s
[   633] loss=-2.0935 | res=7.83e-03 | grad=1.04e+00 | 1.0s
[   634] loss=-2.2528 | res=5.57e-03 | grad=6.03e-01 | 1.0s
[   635] loss=-2.3504 | res=7.60e-03 | grad=5.99e-01 | 1.0s
[   636] loss=-2.4106 | res=7.26e-03 | grad=2.80e-01 | 1.0s
[   637] loss=-2.3063 | res=8.48e-03 | grad=2.39e-01 | 1.0s
[   638] loss=-2.2721 | res=6.26e-03 | grad=7.27e-01 | 1.0s
[   639] loss=-2.1731 | res=7.31e-03 | grad=5.39e-01 | 1.0s
[   640] loss=-2.1593 | res=8.34e-03 | grad=1.42e-01 | 1.0s
[   641] loss=-2.3546 | res=5.04e-03 | grad=4.66e-01 | 1.0s
[   642] loss=-2.4609 | res=6.61e-03 | grad=5.88e-01 | 1.0s
[   643] loss=-2.1747 | res=4.86e-03 | grad=5.36e-01 | 1.0s
[   644] loss=-2.3392 | res=4.01e-03 | grad=5.92e-01 | 1.0s
[   645] loss=-2.3603 | res=7.10e-03 | grad=6.02e-01 | 1.0s
[   646] loss=-2.2513 | res=7.44e-03 | grad=4.04e-01 | 1.0s
[   647] loss=-2.1377 | res=4.00e-03 | grad=2.92e-01 | 1.0s
[   648] loss=-2.3590 | res=7.30e-03 | grad=4.43e-01 | 1.0s
[   649] loss=-2.3268 | res=8.61e-03 | grad=2.43e-01 | 1.0s
[   650] loss=-2.3261 | res=7.88e-03 | grad=1.83e-01 | 1.0s
[   651] loss=-2.3461 | res=4.82e-03 | grad=3.80e-01 | 1.0s
[   652] loss=-2.4516 | res=8.07e-03 | grad=5.09e-01 | 1.0s
[   653] loss=-2.4221 | res=9.14e-03 | grad=4.58e-01 | 1.0s
[   654] loss=-2.1217 | res=7.87e-03 | grad=8.75e-01 | 1.0s
[   655] loss=-2.2475 | res=7.31e-03 | grad=6.72e-01 | 1.0s
[   656] loss=-2.4048 | res=1.02e-02 | grad=4.05e-01 | 1.0s
[   657] loss=-2.3205 | res=8.40e-03 | grad=6.56e-01 | 1.0s
[   658] loss=-2.3146 | res=6.46e-03 | grad=5.87e-01 | 1.0s
[   659] loss=-2.1744 | res=6.71e-03 | grad=1.68e-01 | 1.0s
[   660] loss=-2.3661 | res=5.66e-03 | grad=6.49e-01 | 1.0s
[   661] loss=-2.2707 | res=4.08e-03 | grad=3.96e-01 | 1.0s
[   662] loss=-2.2923 | res=6.19e-03 | grad=3.88e-01 | 1.0s
[   663] loss=-2.4395 | res=7.77e-03 | grad=4.90e-01 | 1.0s
[   664] loss=-2.2427 | res=6.49e-03 | grad=3.19e-01 | 1.0s
[   665] loss=-2.2498 | res=5.98e-03 | grad=3.29e-01 | 1.0s
[   666] loss=-2.1349 | res=6.86e-03 | grad=4.17e-01 | 1.0s
[   667] loss=-2.3455 | res=6.30e-03 | grad=1.79e-01 | 1.0s
[   668] loss=-2.4218 | res=5.95e-03 | grad=4.08e-01 | 1.0s
[   669] loss=-2.2657 | res=4.74e-03 | grad=3.05e-01 | 1.0s
[   670] loss=-2.2642 | res=6.84e-03 | grad=4.08e-01 | 1.0s
[   671] loss=-2.4153 | res=6.24e-03 | grad=2.55e-01 | 1.0s
[   672] loss=-2.2665 | res=6.84e-03 | grad=7.05e-01 | 1.0s
[   673] loss=-2.2879 | res=7.46e-03 | grad=3.54e-01 | 1.0s
[   674] loss=-2.4926 | res=7.53e-03 | grad=3.76e-01 | 1.0s
[   675] loss=-2.3029 | res=6.98e-03 | grad=3.08e-01 | 1.0s
[   676] loss=-2.2339 | res=6.69e-03 | grad=1.60e-01 | 1.0s
[   677] loss=-2.1512 | res=6.21e-03 | grad=5.30e-01 | 1.0s
[   678] loss=-2.4353 | res=6.47e-03 | grad=2.42e-01 | 1.0s
[   679] loss=-2.2567 | res=5.34e-03 | grad=3.49e-01 | 1.0s
[   680] loss=-2.2454 | res=6.58e-03 | grad=2.86e-01 | 1.0s
[   681] loss=-2.1759 | res=1.16e-02 | grad=3.91e-01 | 1.0s
[   682] loss=-2.4161 | res=6.25e-03 | grad=5.47e-01 | 1.0s
[   683] loss=-2.3681 | res=4.93e-03 | grad=3.10e-01 | 1.0s
[   684] loss=-2.5317 | res=6.48e-03 | grad=6.91e-01 | 1.0s
[   685] loss=-2.2550 | res=7.70e-03 | grad=2.47e-01 | 1.0s
[   686] loss=-2.5068 | res=6.02e-03 | grad=5.12e-01 | 1.0s
[   687] loss=-2.4966 | res=4.58e-03 | grad=7.33e-01 | 1.0s
[   688] loss=-2.3351 | res=8.70e-03 | grad=3.36e-01 | 1.0s
[   689] loss=-2.3588 | res=6.85e-03 | grad=3.44e-01 | 1.0s
[   690] loss=-2.5047 | res=4.62e-03 | grad=5.58e-01 | 1.0s
[   691] loss=-2.3066 | res=8.57e-03 | grad=3.76e-01 | 1.0s
[   692] loss=-2.4263 | res=1.08e-02 | grad=3.00e-01 | 1.0s
[   693] loss=-2.1719 | res=7.89e-03 | grad=5.32e-01 | 1.0s
[   694] loss=-2.4534 | res=9.36e-03 | grad=1.81e-01 | 1.0s
[   695] loss=-2.3153 | res=5.60e-03 | grad=3.13e-01 | 1.0s
[   696] loss=-2.2543 | res=8.56e-03 | grad=4.14e-01 | 1.0s
[   697] loss=-2.3251 | res=5.29e-03 | grad=4.00e-01 | 1.0s
[   698] loss=-2.3817 | res=5.69e-03 | grad=3.61e-01 | 1.0s
[   699] loss=-2.4823 | res=7.35e-03 | grad=6.36e-01 | 1.0s
[   700] loss=-2.4066 | res=7.33e-03 | grad=5.61e-01 | 1.0s
[   701] loss=-2.4845 | res=8.77e-03 | grad=6.63e-01 | 1.0s
[   702] loss=-2.2950 | res=6.74e-03 | grad=1.52e-01 | 1.0s
[   703] loss=-2.1549 | res=7.67e-03 | grad=4.68e-01 | 1.0s
[   704] loss=-2.4153 | res=5.57e-03 | grad=1.88e-01 | 1.0s
[   705] loss=-2.3273 | res=8.61e-03 | grad=5.74e-01 | 1.0s
[   706] loss=-2.2015 | res=6.69e-03 | grad=5.15e-01 | 1.0s
[   707] loss=-2.3125 | res=8.85e-03 | grad=3.44e-01 | 1.0s
[   708] loss=-2.1536 | res=7.10e-03 | grad=2.18e-01 | 1.0s
[   709] loss=-2.2380 | res=6.46e-03 | grad=3.20e-01 | 1.0s
[   710] loss=-2.2825 | res=8.31e-03 | grad=2.51e-01 | 1.0s
[   711] loss=-2.1233 | res=5.96e-03 | grad=3.92e-01 | 1.0s
[   712] loss=-2.3192 | res=5.73e-03 | grad=9.38e-01 | 1.0s
[   713] loss=-2.3887 | res=4.30e-03 | grad=6.63e-01 | 1.0s
[   714] loss=-2.3717 | res=7.19e-03 | grad=6.95e-01 | 1.0s
[   715] loss=-2.3187 | res=6.57e-03 | grad=4.29e-01 | 1.0s
[   716] loss=-2.3501 | res=6.91e-03 | grad=4.58e-01 | 1.0s
[   717] loss=-2.2253 | res=7.34e-03 | grad=4.59e-01 | 1.0s
[   718] loss=-2.3283 | res=5.79e-03 | grad=1.62e-01 | 1.0s
[   719] loss=-2.2683 | res=5.86e-03 | grad=3.22e-01 | 1.0s
[   720] loss=-2.1333 | res=8.15e-03 | grad=3.29e-01 | 1.0s
[   721] loss=-2.1567 | res=1.07e-02 | grad=9.06e-01 | 1.0s
[   722] loss=-2.3667 | res=6.57e-03 | grad=2.74e-01 | 1.0s
[   723] loss=-2.2581 | res=8.18e-03 | grad=1.09e-01 | 1.0s
[   724] loss=-2.5643 | res=6.80e-03 | grad=7.96e-01 | 1.0s
[   725] loss=-2.4071 | res=7.38e-03 | grad=4.23e-01 | 1.0s
[   726] loss=-2.4192 | res=5.43e-03 | grad=3.71e-01 | 1.0s
[   727] loss=-2.3473 | res=6.13e-03 | grad=1.67e-01 | 1.0s
[   728] loss=-2.5655 | res=5.84e-03 | grad=5.50e-01 | 1.0s
[   729] loss=-2.4623 | res=5.05e-03 | grad=2.75e-01 | 1.0s
[   730] loss=-2.3598 | res=9.48e-03 | grad=2.28e-01 | 1.0s
[   731] loss=-2.2148 | res=5.54e-03 | grad=7.68e-01 | 1.0s
[   732] loss=-2.3644 | res=7.49e-03 | grad=3.76e-01 | 1.0s
[   733] loss=-2.4136 | res=8.63e-03 | grad=3.56e-01 | 1.0s
[   734] loss=-2.5592 | res=5.88e-03 | grad=5.11e-01 | 1.0s
[   735] loss=-2.1204 | res=7.09e-03 | grad=6.92e-01 | 1.0s
[   736] loss=-2.2120 | res=1.01e-02 | grad=4.69e-01 | 1.0s
[   737] loss=-2.2944 | res=6.37e-03 | grad=5.77e-01 | 1.0s
[   738] loss=-2.3170 | res=7.54e-03 | grad=4.85e-01 | 1.0s
[   739] loss=-2.2325 | res=4.01e-03 | grad=3.00e-01 | 1.0s
[   740] loss=-2.0933 | res=7.02e-03 | grad=3.51e-01 | 1.0s
[   741] loss=-2.1409 | res=9.19e-03 | grad=4.13e-01 | 1.0s
[   742] loss=-2.2674 | res=5.76e-03 | grad=3.28e-01 | 1.0s
[   743] loss=-2.2505 | res=7.71e-03 | grad=2.93e-01 | 1.0s
[   744] loss=-2.4009 | res=6.54e-03 | grad=6.78e-01 | 1.0s
[   745] loss=-2.4942 | res=9.43e-03 | grad=7.29e-01 | 1.0s
[   746] loss=-2.2807 | res=7.25e-03 | grad=2.93e-01 | 1.0s
[   747] loss=-2.5229 | res=6.15e-03 | grad=6.87e-01 | 1.0s
[   748] loss=-2.2188 | res=5.15e-03 | grad=3.15e-01 | 1.0s
[   749] loss=-2.2852 | res=5.74e-03 | grad=3.31e-01 | 1.0s
[   750] loss=-2.2715 | res=8.24e-03 | grad=2.99e-01 | 1.0s
[   751] loss=-2.1980 | res=3.85e-03 | grad=2.83e-01 | 1.0s
[   752] loss=-2.1889 | res=5.66e-03 | grad=5.54e-01 | 1.0s
[   753] loss=-2.2849 | res=5.85e-03 | grad=4.58e-01 | 1.0s
[   754] loss=-2.3592 | res=6.75e-03 | grad=4.69e-01 | 1.0s
[   755] loss=-2.4186 | res=7.54e-03 | grad=6.38e-01 | 1.0s
[   756] loss=-2.2398 | res=5.60e-03 | grad=5.50e-01 | 1.0s
[   757] loss=-2.4572 | res=5.26e-03 | grad=4.02e-01 | 1.0s
[   758] loss=-2.3160 | res=8.28e-03 | grad=5.62e-01 | 1.0s
[   759] loss=-2.4056 | res=8.38e-03 | grad=4.31e-01 | 1.0s
[   760] loss=-2.3835 | res=5.28e-03 | grad=3.64e-01 | 1.0s
[   761] loss=-2.5407 | res=8.70e-03 | grad=5.87e-01 | 1.0s
[   762] loss=-2.5213 | res=7.00e-03 | grad=5.66e-01 | 1.0s
[   763] loss=-2.5587 | res=5.52e-03 | grad=4.04e-01 | 1.0s
[   764] loss=-2.3788 | res=6.46e-03 | grad=8.16e-01 | 1.0s
[   765] loss=-2.2395 | res=7.89e-03 | grad=5.95e-01 | 1.0s
[   766] loss=-2.3067 | res=7.30e-03 | grad=7.82e-01 | 1.0s
[   767] loss=-2.4361 | res=7.69e-03 | grad=4.20e-01 | 1.0s
[   768] loss=-2.3423 | res=7.81e-03 | grad=4.32e-01 | 1.0s
[   769] loss=-2.0484 | res=6.44e-03 | grad=5.52e-01 | 1.0s
[   770] loss=-2.3579 | res=5.44e-03 | grad=4.32e-01 | 1.0s
[   771] loss=-2.3909 | res=7.04e-03 | grad=6.11e-01 | 1.0s
[   772] loss=-2.3258 | res=7.05e-03 | grad=6.10e-01 | 1.0s
[   773] loss=-2.4475 | res=6.09e-03 | grad=6.69e-01 | 1.0s
[   774] loss=-2.4578 | res=7.99e-03 | grad=7.00e-01 | 1.0s
[   775] loss=-2.3772 | res=7.02e-03 | grad=5.94e-01 | 1.0s
[   776] loss=-2.3121 | res=5.45e-03 | grad=5.05e-01 | 1.0s
[   777] loss=-2.4191 | res=5.96e-03 | grad=2.30e-01 | 1.0s
[   778] loss=-2.3044 | res=6.50e-03 | grad=4.06e-01 | 1.0s
[   779] loss=-2.1179 | res=5.44e-03 | grad=9.15e-01 | 1.0s
[   780] loss=-2.2960 | res=7.07e-03 | grad=5.17e-01 | 1.0s
[   781] loss=-2.2724 | res=6.25e-03 | grad=7.42e-01 | 1.0s
[   782] loss=-2.1885 | res=7.24e-03 | grad=6.50e-01 | 1.0s
[   783] loss=-2.5083 | res=6.28e-03 | grad=4.45e-01 | 1.0s
[   784] loss=-2.0347 | res=5.96e-03 | grad=3.36e-01 | 1.0s
[   785] loss=-2.4042 | res=4.26e-03 | grad=5.83e-01 | 1.0s
[   786] loss=-2.1579 | res=6.81e-03 | grad=6.10e-01 | 1.0s
[   787] loss=-2.0468 | res=5.01e-03 | grad=5.67e-01 | 1.0s
[   788] loss=-2.3463 | res=5.76e-03 | grad=1.02e+00 | 1.0s
[   789] loss=-2.0506 | res=7.12e-03 | grad=4.18e-01 | 1.0s
[   790] loss=-2.3399 | res=5.51e-03 | grad=5.35e-01 | 1.0s
[   791] loss=-2.3756 | res=6.67e-03 | grad=3.64e-01 | 1.0s
[   792] loss=-2.2721 | res=6.39e-03 | grad=4.64e-01 | 1.0s
[   793] loss=-2.2376 | res=7.93e-03 | grad=5.78e-01 | 1.0s
[   794] loss=-2.1205 | res=6.53e-03 | grad=5.27e-01 | 1.0s
[   795] loss=-2.3220 | res=6.81e-03 | grad=6.34e-01 | 1.0s
[   796] loss=-2.3705 | res=4.91e-03 | grad=3.72e-01 | 1.0s
[   797] loss=-2.1365 | res=1.04e-02 | grad=5.07e-01 | 1.0s
[   798] loss=-2.1273 | res=8.08e-03 | grad=6.26e-01 | 1.0s
[   799] loss=-2.2109 | res=5.37e-03 | grad=4.36e-01 | 1.0s
[   800] loss=-2.4409 | res=7.33e-03 | grad=4.05e-01 | 1.0s
[   801] loss=-2.2879 | res=5.87e-03 | grad=5.01e-01 | 1.0s
[   802] loss=-2.3933 | res=7.76e-03 | grad=5.52e-01 | 1.0s
[   803] loss=-2.2049 | res=6.53e-03 | grad=2.93e-01 | 1.0s
[   804] loss=-2.3808 | res=5.01e-03 | grad=6.35e-01 | 1.0s
[   805] loss=-2.2298 | res=4.47e-03 | grad=5.54e-01 | 1.0s
[   806] loss=-2.5761 | res=8.05e-03 | grad=7.10e-01 | 1.0s
[   807] loss=-2.2957 | res=7.89e-03 | grad=3.90e-01 | 1.0s
[   808] loss=-2.2271 | res=5.13e-03 | grad=7.26e-01 | 1.0s
[   809] loss=-2.3488 | res=7.20e-03 | grad=6.48e-01 | 1.0s
[   810] loss=-2.3737 | res=7.84e-03 | grad=5.64e-01 | 1.0s
[   811] loss=-2.4926 | res=8.01e-03 | grad=4.64e-01 | 1.0s
[   812] loss=-2.2179 | res=5.37e-03 | grad=4.37e-01 | 1.0s
[   813] loss=-2.1896 | res=8.50e-03 | grad=5.71e-01 | 1.0s
[   814] loss=-2.3943 | res=4.48e-03 | grad=2.95e-01 | 1.0s
[   815] loss=-2.3589 | res=5.67e-03 | grad=2.17e-01 | 1.0s
[   816] loss=-2.3794 | res=5.48e-03 | grad=7.21e-01 | 1.0s
[   817] loss=-2.1081 | res=4.72e-03 | grad=4.42e-01 | 1.0s
[   818] loss=-2.1488 | res=5.80e-03 | grad=3.50e-01 | 1.0s
[   819] loss=-2.2212 | res=5.96e-03 | grad=6.28e-01 | 1.0s
[   820] loss=-2.2247 | res=5.28e-03 | grad=2.26e-01 | 1.0s
[   821] loss=-2.1386 | res=6.31e-03 | grad=2.11e-01 | 1.0s
[   822] loss=-2.3495 | res=6.20e-03 | grad=7.39e-01 | 1.0s
[   823] loss=-2.3239 | res=8.42e-03 | grad=3.81e-01 | 1.0s
[   824] loss=-2.1498 | res=5.95e-03 | grad=4.06e-01 | 1.0s
[   825] loss=-2.3865 | res=9.49e-03 | grad=6.50e-01 | 1.0s
[   826] loss=-2.2538 | res=6.81e-03 | grad=2.68e-01 | 1.0s
[   827] loss=-2.2367 | res=7.94e-03 | grad=1.99e-01 | 1.0s
[   828] loss=-2.4030 | res=4.11e-03 | grad=7.05e-01 | 1.0s
[   829] loss=-2.3094 | res=7.64e-03 | grad=1.54e-01 | 1.0s
[   830] loss=-2.6624 | res=7.69e-03 | grad=4.60e-01 | 1.0s
[   831] loss=-2.3689 | res=6.59e-03 | grad=4.27e-01 | 1.0s
[   832] loss=-2.3851 | res=6.62e-03 | grad=4.47e-01 | 1.0s
[   833] loss=-2.3608 | res=9.92e-03 | grad=5.55e-01 | 1.0s
[   834] loss=-2.1828 | res=6.42e-03 | grad=8.47e-01 | 1.0s
[   835] loss=-2.4266 | res=7.02e-03 | grad=4.61e-01 | 1.0s
[   836] loss=-2.3626 | res=4.85e-03 | grad=4.59e-01 | 1.0s
[   837] loss=-2.5143 | res=5.80e-03 | grad=4.77e-01 | 1.0s
[   838] loss=-2.3015 | res=5.77e-03 | grad=4.38e-01 | 1.0s
[   839] loss=-2.2211 | res=5.80e-03 | grad=3.75e-01 | 1.0s
[   840] loss=-2.3509 | res=6.86e-03 | grad=2.24e-01 | 1.0s
[   841] loss=-2.5075 | res=5.43e-03 | grad=7.44e-01 | 1.0s
[   842] loss=-2.3214 | res=5.59e-03 | grad=2.85e-01 | 1.0s
[   843] loss=-2.2412 | res=5.54e-03 | grad=5.90e-01 | 1.0s
[   844] loss=-2.3380 | res=5.94e-03 | grad=3.15e-01 | 1.0s
[   845] loss=-2.3905 | res=5.51e-03 | grad=8.64e-01 | 1.0s
[   846] loss=-2.2220 | res=7.21e-03 | grad=2.75e-01 | 1.0s
[   847] loss=-2.2163 | res=5.81e-03 | grad=4.30e-01 | 1.0s
[   848] loss=-2.2690 | res=5.88e-03 | grad=3.06e-01 | 1.0s
[   849] loss=-2.3569 | res=4.59e-03 | grad=2.73e-01 | 1.0s
[   850] loss=-2.2924 | res=6.70e-03 | grad=5.07e-01 | 1.0s
[   851] loss=-2.4079 | res=5.99e-03 | grad=1.39e-01 | 1.0s
[   852] loss=-2.2168 | res=8.70e-03 | grad=3.00e-01 | 1.0s
[   853] loss=-2.3320 | res=5.39e-03 | grad=2.52e-01 | 1.0s
[   854] loss=-2.1017 | res=8.53e-03 | grad=3.65e-01 | 1.0s
[   855] loss=-2.3221 | res=4.59e-03 | grad=1.89e-01 | 1.0s
[   856] loss=-2.1962 | res=8.98e-03 | grad=2.10e-01 | 1.0s
[   857] loss=-2.2394 | res=5.71e-03 | grad=2.36e-01 | 1.0s
[   858] loss=-2.4482 | res=4.81e-03 | grad=7.99e-01 | 1.0s
[   859] loss=-2.4033 | res=4.52e-03 | grad=3.44e-01 | 1.0s
[   860] loss=-2.3819 | res=8.88e-03 | grad=3.37e-01 | 1.0s
[   861] loss=-2.2982 | res=6.35e-03 | grad=4.42e-01 | 1.0s
[   862] loss=-2.3837 | res=6.83e-03 | grad=1.89e-01 | 1.0s
[   863] loss=-2.4415 | res=6.42e-03 | grad=3.16e-01 | 1.0s
[   864] loss=-2.0612 | res=8.24e-03 | grad=7.26e-01 | 1.0s
[   865] loss=-2.4627 | res=5.43e-03 | grad=2.79e-01 | 1.0s
[   866] loss=-2.4653 | res=5.90e-03 | grad=3.20e-01 | 1.0s
[   867] loss=-2.3145 | res=4.66e-03 | grad=4.99e-01 | 1.0s
[   868] loss=-2.4141 | res=7.07e-03 | grad=3.62e-01 | 1.0s
[   869] loss=-2.1148 | res=5.81e-03 | grad=6.41e-01 | 1.0s
[   870] loss=-2.0767 | res=6.18e-03 | grad=5.95e-01 | 1.0s
[   871] loss=-2.1591 | res=7.44e-03 | grad=3.54e-01 | 1.0s
[   872] loss=-2.3064 | res=4.87e-03 | grad=2.93e-01 | 1.0s
[   873] loss=-2.2556 | res=7.93e-03 | grad=2.64e-01 | 1.0s
[   874] loss=-2.1665 | res=7.58e-03 | grad=3.69e-01 | 1.0s
[   875] loss=-2.2609 | res=7.30e-03 | grad=5.91e-01 | 1.0s
[   876] loss=-2.0909 | res=4.46e-03 | grad=4.37e-01 | 1.0s
[   877] loss=-2.1930 | res=5.97e-03 | grad=6.76e-01 | 1.0s
[   878] loss=-2.2579 | res=5.82e-03 | grad=2.12e-01 | 1.0s
[   879] loss=-2.3213 | res=7.36e-03 | grad=2.96e-01 | 1.0s
[   880] loss=-2.4883 | res=7.44e-03 | grad=9.75e-01 | 1.0s
[   881] loss=-2.1473 | res=6.47e-03 | grad=3.46e-01 | 1.0s
[   882] loss=-2.3100 | res=5.07e-03 | grad=4.54e-01 | 1.0s
[   883] loss=-2.2282 | res=4.39e-03 | grad=6.90e-01 | 1.0s
[   884] loss=-2.2932 | res=3.91e-03 | grad=5.01e-01 | 1.0s
[   885] loss=-2.2405 | res=5.46e-03 | grad=4.87e-01 | 1.0s
[   886] loss=-2.5309 | res=9.82e-03 | grad=2.99e-01 | 1.0s
[   887] loss=-2.4437 | res=5.53e-03 | grad=1.66e-01 | 1.0s
[   888] loss=-2.2172 | res=5.18e-03 | grad=4.47e-01 | 1.0s
[   889] loss=-2.2134 | res=8.04e-03 | grad=4.51e-01 | 1.0s
[   890] loss=-2.3550 | res=6.79e-03 | grad=5.10e-01 | 1.0s
[   891] loss=-2.4164 | res=4.49e-03 | grad=3.05e-01 | 1.0s
[   892] loss=-2.2039 | res=7.30e-03 | grad=2.93e-01 | 1.0s
[   893] loss=-2.1940 | res=6.93e-03 | grad=3.78e-01 | 1.0s
[   894] loss=-2.1618 | res=5.87e-03 | grad=2.17e-01 | 1.0s
[   895] loss=-2.1327 | res=6.06e-03 | grad=3.90e-01 | 1.0s
[   896] loss=-2.2174 | res=5.95e-03 | grad=3.28e-01 | 1.0s
[   897] loss=-2.2567 | res=6.19e-03 | grad=3.84e-01 | 1.0s
[   898] loss=-2.3406 | res=4.82e-03 | grad=4.45e-01 | 1.0s
[   899] loss=-2.2678 | res=6.02e-03 | grad=2.24e-01 | 1.0s
[   900] loss=-2.3165 | res=3.80e-03 | grad=2.85e-01 | 1.0s
[   901] loss=-2.3675 | res=5.52e-03 | grad=3.81e-01 | 1.0s
[   902] loss=-2.3827 | res=6.62e-03 | grad=3.98e-01 | 1.0s
[   903] loss=-2.4497 | res=5.64e-03 | grad=3.36e-01 | 1.0s
[   904] loss=-2.2131 | res=6.54e-03 | grad=5.36e-01 | 1.0s
[   905] loss=-2.1982 | res=7.10e-03 | grad=7.49e-01 | 1.0s
[   906] loss=-2.0583 | res=5.07e-03 | grad=7.13e-01 | 1.0s
[   907] loss=-2.2200 | res=7.07e-03 | grad=5.62e-01 | 1.0s
[   908] loss=-2.3666 | res=4.53e-03 | grad=4.57e-01 | 1.0s
[   909] loss=-2.3356 | res=5.82e-03 | grad=3.23e-01 | 1.0s
[   910] loss=-2.2219 | res=6.57e-03 | grad=3.18e-01 | 1.0s
[   911] loss=-2.1761 | res=6.34e-03 | grad=1.48e-01 | 1.0s
[   912] loss=-2.2340 | res=4.36e-03 | grad=2.00e-01 | 1.0s
[   913] loss=-2.1867 | res=6.44e-03 | grad=4.41e-01 | 1.0s
[   914] loss=-2.2856 | res=6.45e-03 | grad=4.76e-01 | 1.0s
[   915] loss=-2.2878 | res=6.00e-03 | grad=6.60e-01 | 1.0s
[   916] loss=-2.2629 | res=3.88e-03 | grad=4.29e-01 | 1.0s
[   917] loss=-2.1167 | res=5.16e-03 | grad=3.97e-01 | 1.0s
[   918] loss=-2.2628 | res=4.44e-03 | grad=3.83e-01 | 1.0s
[   919] loss=-2.4072 | res=6.76e-03 | grad=3.11e-01 | 1.0s
[   920] loss=-2.3029 | res=8.20e-03 | grad=2.69e-01 | 1.0s
[   921] loss=-2.2730 | res=5.43e-03 | grad=4.97e-01 | 1.0s
[   922] loss=-2.2809 | res=5.23e-03 | grad=5.98e-01 | 1.0s
[   923] loss=-2.2923 | res=5.00e-03 | grad=7.82e-01 | 1.0s
[   924] loss=-2.2381 | res=4.39e-03 | grad=4.15e-01 | 1.0s
[   925] loss=-2.5246 | res=2.45e-03 | grad=4.50e-01 | 1.0s
[   926] loss=-2.4883 | res=6.37e-03 | grad=6.03e-01 | 1.0s
[   927] loss=-2.2845 | res=6.18e-03 | grad=3.37e-01 | 1.0s
[   928] loss=-2.3697 | res=3.76e-03 | grad=5.05e-01 | 1.0s
[   929] loss=-2.3874 | res=6.93e-03 | grad=5.07e-01 | 1.0s
[   930] loss=-2.4274 | res=6.44e-03 | grad=1.64e-01 | 1.0s
[   931] loss=-2.3654 | res=6.44e-03 | grad=3.28e-01 | 1.0s
[   932] loss=-2.2878 | res=6.78e-03 | grad=4.74e-01 | 1.0s
[   933] loss=-2.0801 | res=7.02e-03 | grad=8.97e-01 | 1.0s
[   934] loss=-2.2423 | res=5.26e-03 | grad=7.41e-01 | 1.0s
[   935] loss=-2.1300 | res=7.08e-03 | grad=1.66e-01 | 1.0s
[   936] loss=-2.3868 | res=4.79e-03 | grad=5.73e-01 | 1.0s
[   937] loss=-2.3073 | res=4.71e-03 | grad=4.92e-01 | 1.0s
[   938] loss=-2.1165 | res=4.77e-03 | grad=3.47e-01 | 1.0s
[   939] loss=-2.2907 | res=6.08e-03 | grad=5.90e-01 | 1.0s
[   940] loss=-2.2863 | res=5.34e-03 | grad=5.73e-01 | 1.0s
[   941] loss=-2.3734 | res=5.54e-03 | grad=3.03e-01 | 1.0s
[   942] loss=-2.2723 | res=4.89e-03 | grad=3.57e-01 | 1.0s
[   943] loss=-2.3565 | res=7.22e-03 | grad=2.65e-01 | 1.0s
[   944] loss=-2.3974 | res=5.45e-03 | grad=2.75e-01 | 1.0s
[   945] loss=-2.3881 | res=7.22e-03 | grad=2.10e-01 | 1.0s
[   946] loss=-2.1901 | res=6.04e-03 | grad=5.95e-01 | 1.0s
[   947] loss=-2.2596 | res=7.73e-03 | grad=6.81e-01 | 1.0s
[   948] loss=-2.2480 | res=4.43e-03 | grad=2.79e-01 | 1.0s
[   949] loss=-2.3779 | res=7.47e-03 | grad=2.46e-01 | 1.0s
[   950] loss=-2.1831 | res=7.81e-03 | grad=3.59e-01 | 1.0s
[   951] loss=-2.1951 | res=5.97e-03 | grad=6.55e-01 | 1.0s
[   952] loss=-2.4464 | res=4.89e-03 | grad=6.21e-01 | 1.0s
[   953] loss=-2.4010 | res=5.87e-03 | grad=4.81e-01 | 1.0s
[   954] loss=-2.3532 | res=5.74e-03 | grad=2.66e-01 | 1.0s
[   955] loss=-2.1334 | res=4.90e-03 | grad=4.78e-01 | 1.0s
[   956] loss=-2.2159 | res=5.95e-03 | grad=4.28e-01 | 1.0s
[   957] loss=-2.6193 | res=4.86e-03 | grad=7.66e-01 | 1.0s
[   958] loss=-2.2599 | res=7.56e-03 | grad=3.38e-01 | 1.0s
[   959] loss=-2.2467 | res=7.97e-03 | grad=1.61e-01 | 1.0s
[   960] loss=-2.3203 | res=5.00e-03 | grad=3.86e-01 | 1.0s
[   961] loss=-2.5316 | res=3.74e-03 | grad=5.68e-01 | 1.1s
[   962] loss=-2.3517 | res=7.65e-03 | grad=2.28e-01 | 1.0s
[   963] loss=-2.2846 | res=6.29e-03 | grad=3.75e-01 | 1.0s
[   964] loss=-2.3105 | res=5.57e-03 | grad=3.20e-01 | 1.0s
[   965] loss=-2.3030 | res=6.65e-03 | grad=4.90e-01 | 1.0s
[   966] loss=-2.3511 | res=5.04e-03 | grad=3.36e-01 | 1.0s
[   967] loss=-2.1314 | res=5.46e-03 | grad=4.83e-01 | 1.0s
[   968] loss=-2.3338 | res=4.31e-03 | grad=2.53e-01 | 1.0s
[   969] loss=-2.4336 | res=5.71e-03 | grad=8.50e-01 | 1.0s
[   970] loss=-2.1961 | res=5.53e-03 | grad=5.77e-01 | 1.0s
[   971] loss=-2.4050 | res=6.27e-03 | grad=4.44e-01 | 1.0s
[   972] loss=-2.4452 | res=5.71e-03 | grad=6.17e-01 | 1.0s
[   973] loss=-2.3745 | res=3.64e-03 | grad=3.56e-01 | 1.0s
[   974] loss=-2.1944 | res=7.29e-03 | grad=3.26e-01 | 1.0s
[   975] loss=-2.0249 | res=6.65e-03 | grad=7.98e-01 | 1.0s
[   976] loss=-2.4303 | res=4.54e-03 | grad=2.56e-01 | 1.0s
[   977] loss=-2.2818 | res=4.34e-03 | grad=4.80e-01 | 1.0s
[   978] loss=-2.3230 | res=7.60e-03 | grad=3.09e-01 | 1.0s
[   979] loss=-2.2855 | res=7.46e-03 | grad=2.27e-01 | 1.0s
[   980] loss=-2.3646 | res=5.86e-03 | grad=4.34e-01 | 1.0s
[   981] loss=-2.4008 | res=7.44e-03 | grad=3.89e-01 | 1.0s
[   982] loss=-2.2619 | res=6.54e-03 | grad=5.83e-01 | 1.0s
[   983] loss=-2.1870 | res=5.81e-03 | grad=4.98e-01 | 1.0s
[   984] loss=-2.2504 | res=6.95e-03 | grad=2.29e-01 | 1.0s
[   985] loss=-2.2919 | res=6.71e-03 | grad=3.01e-01 | 1.0s
[   986] loss=-2.3980 | res=4.28e-03 | grad=4.58e-01 | 1.0s
[   987] loss=-2.1104 | res=4.44e-03 | grad=5.44e-01 | 1.0s
[   988] loss=-2.3909 | res=5.51e-03 | grad=1.17e-01 | 1.0s
[   989] loss=-2.3130 | res=7.38e-03 | grad=3.34e-01 | 1.0s
[   990] loss=-2.2182 | res=6.04e-03 | grad=3.66e-01 | 1.0s
[   991] loss=-2.5422 | res=5.74e-03 | grad=4.07e-01 | 1.0s
[   992] loss=-2.3128 | res=5.47e-03 | grad=6.75e-01 | 1.0s
[   993] loss=-2.3467 | res=7.16e-03 | grad=4.61e-01 | 1.0s
[   994] loss=-2.2494 | res=5.78e-03 | grad=3.75e-01 | 1.0s
[   995] loss=-2.4539 | res=5.26e-03 | grad=7.60e-01 | 1.0s
[   996] loss=-2.3884 | res=5.20e-03 | grad=5.22e-01 | 1.0s
[   997] loss=-2.3514 | res=6.31e-03 | grad=3.69e-01 | 1.0s
[   998] loss=-2.4329 | res=5.70e-03 | grad=2.74e-01 | 1.0s
[   999] loss=-2.2383 | res=6.54e-03 | grad=6.92e-01 | 1.0s
[  1000] loss=-2.2314 | res=6.05e-03 | grad=2.80e-01 | 1.0s
  KL = 0.1047 +/- 0.0040  |  ESS = 977.9 (ratio: 0.955)
  Runtime = 1042.8s

[Ours] Training on T3...
/home/sjbhatt/anaconda3/envs/rcpms-jax/lib/python3.10/site-packages/jax/_src/ops/scatter.py:92: FutureWarning: scatter inputs have incompatible types: cannot safely cast value from dtype=int64 to dtype=int32 with jax_numpy_dtype_promotion='standard'. In future JAX releases this will result in an error.
  warnings.warn(
/home/sjbhatt/anaconda3/envs/rcpms-jax/lib/python3.10/site-packages/jax/_src/ops/scatter.py:92: FutureWarning: scatter inputs have incompatible types: cannot safely cast value from dtype=int64 to dtype=int32 with jax_numpy_dtype_promotion='standard'. In future JAX releases this will result in an error.
  warnings.warn(
[     1] loss=0.0333 | res=2.53e-03 | grad=7.65e+00 | 6.5s
[     2] loss=-0.1509 | res=2.15e-03 | grad=7.54e+00 | 1.0s
[     3] loss=-0.3133 | res=3.28e-03 | grad=7.35e+00 | 1.0s
[     4] loss=-0.5181 | res=3.64e-03 | grad=8.28e+00 | 1.0s
[     5] loss=-0.6677 | res=4.86e-03 | grad=8.40e+00 | 1.0s
[     6] loss=-0.9494 | res=6.34e-03 | grad=1.03e+01 | 1.0s
[     7] loss=-1.0571 | res=7.86e-03 | grad=9.86e+00 | 1.0s
[     8] loss=-1.2625 | res=6.54e-03 | grad=1.05e+01 | 1.0s
[     9] loss=-1.3631 | res=7.26e-03 | grad=9.51e+00 | 1.0s
[    10] loss=-1.6454 | res=7.04e-03 | grad=1.02e+01 | 1.0s
[    11] loss=-1.8226 | res=1.08e-02 | grad=9.62e+00 | 1.0s
[    12] loss=-1.9086 | res=8.65e-03 | grad=8.38e+00 | 1.0s
[    13] loss=-2.1172 | res=7.14e-03 | grad=8.26e+00 | 1.0s
[    14] loss=-2.2649 | res=9.93e-03 | grad=7.10e+00 | 1.0s
[    15] loss=-2.3339 | res=9.42e-03 | grad=6.38e+00 | 1.0s
[    16] loss=-2.4205 | res=8.05e-03 | grad=6.02e+00 | 1.0s
[    17] loss=-2.6692 | res=8.15e-03 | grad=5.80e+00 | 1.0s
[    18] loss=-2.8299 | res=1.07e-02 | grad=5.52e+00 | 1.0s
[    19] loss=-2.8922 | res=7.60e-03 | grad=5.05e+00 | 1.0s
[    20] loss=-3.0241 | res=9.36e-03 | grad=4.92e+00 | 1.0s
[    21] loss=-2.9351 | res=1.06e-02 | grad=3.93e+00 | 1.0s
[    22] loss=-3.1713 | res=1.04e-02 | grad=3.81e+00 | 1.0s
[    23] loss=-3.1988 | res=1.04e-02 | grad=3.38e+00 | 1.0s
[    24] loss=-3.2673 | res=1.31e-02 | grad=2.72e+00 | 1.0s
[    25] loss=-3.4882 | res=1.11e-02 | grad=2.68e+00 | 1.0s
[    26] loss=-3.2934 | res=1.11e-02 | grad=1.67e+00 | 1.0s
[    27] loss=-3.3798 | res=1.70e-02 | grad=1.50e+00 | 1.0s
[    28] loss=-3.0641 | res=1.42e-02 | grad=7.50e-01 | 1.0s
[    29] loss=-3.5622 | res=1.30e-02 | grad=6.76e-01 | 1.0s
[    30] loss=-3.7211 | res=1.50e-02 | grad=5.85e-01 | 1.0s
[    31] loss=-3.6749 | res=1.15e-02 | grad=3.15e-01 | 1.0s
[    32] loss=-3.4708 | res=1.40e-02 | grad=6.55e-01 | 1.0s
[    33] loss=-3.5659 | res=1.61e-02 | grad=6.78e-01 | 1.0s
[    34] loss=-3.4098 | res=1.49e-02 | grad=9.16e-01 | 1.0s
[    35] loss=-3.5151 | res=1.63e-02 | grad=8.32e-01 | 1.0s
[    36] loss=-3.4125 | res=1.69e-02 | grad=9.90e-01 | 1.0s
[    37] loss=-3.4390 | res=1.77e-02 | grad=1.17e+00 | 1.0s
[    38] loss=-3.3772 | res=1.32e-02 | grad=1.59e+00 | 1.0s
[    39] loss=-3.1318 | res=1.70e-02 | grad=1.36e+00 | 1.0s
[    40] loss=-3.4390 | res=1.11e-02 | grad=1.19e+00 | 1.0s
[    41] loss=-3.6196 | res=2.43e-02 | grad=9.68e-01 | 1.0s
[    42] loss=-3.3619 | res=1.93e-02 | grad=8.68e-01 | 1.0s
[    43] loss=-3.5474 | res=2.40e-02 | grad=1.06e+00 | 1.0s
[    44] loss=-3.3406 | res=1.77e-02 | grad=8.48e-01 | 1.0s
[    45] loss=-3.1884 | res=2.11e-02 | grad=1.67e+00 | 1.0s
[    46] loss=-3.2201 | res=2.02e-02 | grad=8.37e-01 | 1.0s
[    47] loss=-3.2352 | res=1.93e-02 | grad=5.87e-01 | 1.0s
[    48] loss=-3.3369 | res=2.29e-02 | grad=6.00e-01 | 1.0s
[    49] loss=-3.7194 | res=3.04e-02 | grad=9.09e-01 | 1.0s
[    50] loss=-3.3070 | res=2.44e-02 | grad=1.06e+00 | 1.0s
[    51] loss=-3.4724 | res=3.09e-02 | grad=9.72e-01 | 1.0s
[    52] loss=-3.2216 | res=2.53e-02 | grad=9.34e-01 | 1.0s
[    53] loss=-3.3390 | res=2.33e-02 | grad=9.20e-01 | 1.0s
[    54] loss=-3.6101 | res=2.60e-02 | grad=8.15e-01 | 1.0s
[    55] loss=-3.7044 | res=2.65e-02 | grad=1.01e+00 | 1.0s
[    56] loss=-3.2242 | res=2.69e-02 | grad=9.03e-01 | 1.0s
[    57] loss=-3.6028 | res=2.19e-02 | grad=5.46e-01 | 1.0s
[    58] loss=-3.5751 | res=2.95e-02 | grad=7.28e-01 | 1.0s
[    59] loss=-3.3683 | res=2.33e-02 | grad=7.46e-01 | 1.0s
[    60] loss=-3.4514 | res=2.61e-02 | grad=1.00e+00 | 1.0s
[    61] loss=-3.4408 | res=2.44e-02 | grad=4.91e-01 | 1.0s
[    62] loss=-3.4684 | res=2.40e-02 | grad=5.94e-01 | 1.0s
[    63] loss=-3.5007 | res=2.77e-02 | grad=3.73e-01 | 1.0s
[    64] loss=-3.5284 | res=2.56e-02 | grad=6.92e-01 | 1.0s
[    65] loss=-3.4894 | res=2.80e-02 | grad=9.09e-01 | 1.0s
[    66] loss=-3.4248 | res=2.91e-02 | grad=8.97e-01 | 1.0s
[    67] loss=-3.4534 | res=2.95e-02 | grad=5.74e-01 | 1.0s
[    68] loss=-3.4143 | res=3.49e-02 | grad=6.95e-01 | 1.0s
[    69] loss=-3.3750 | res=2.97e-02 | grad=5.38e-01 | 1.0s
[    70] loss=-3.5694 | res=2.93e-02 | grad=6.32e-01 | 1.0s
[    71] loss=-3.2532 | res=2.60e-02 | grad=4.61e-01 | 1.0s
[    72] loss=-3.3011 | res=2.21e-02 | grad=7.84e-01 | 1.0s
[    73] loss=-3.2416 | res=2.96e-02 | grad=8.45e-01 | 1.0s
[    74] loss=-3.4973 | res=2.78e-02 | grad=4.93e-01 | 1.0s
[    75] loss=-3.7655 | res=2.87e-02 | grad=1.25e+00 | 1.0s
[    76] loss=-3.3166 | res=2.27e-02 | grad=3.36e-01 | 1.0s
[    77] loss=-3.4098 | res=2.64e-02 | grad=6.84e-01 | 1.0s
[    78] loss=-3.4545 | res=3.09e-02 | grad=6.92e-01 | 1.0s
[    79] loss=-3.4258 | res=2.72e-02 | grad=1.08e+00 | 1.0s
[    80] loss=-3.4845 | res=3.23e-02 | grad=1.01e+00 | 1.0s
[    81] loss=-3.6700 | res=1.75e-02 | grad=7.12e-01 | 1.0s
[    82] loss=-3.4955 | res=2.92e-02 | grad=6.82e-01 | 1.0s
[    83] loss=-3.5027 | res=2.58e-02 | grad=4.43e-01 | 1.0s
[    84] loss=-3.2360 | res=2.36e-02 | grad=4.62e-01 | 1.0s
[    85] loss=-3.3379 | res=2.78e-02 | grad=8.42e-01 | 1.0s
[    86] loss=-3.2460 | res=2.29e-02 | grad=6.16e-01 | 1.0s
[    87] loss=-3.1321 | res=1.64e-02 | grad=5.95e-01 | 1.0s
[    88] loss=-3.4072 | res=1.35e-02 | grad=3.33e-01 | 1.0s
[    89] loss=-3.3723 | res=2.94e-02 | grad=6.34e-01 | 1.0s
[    90] loss=-3.1198 | res=2.41e-02 | grad=6.43e-01 | 1.0s
[    91] loss=-3.2606 | res=2.09e-02 | grad=5.64e-01 | 1.0s
[    92] loss=-3.4300 | res=2.20e-02 | grad=4.73e-01 | 1.0s
[    93] loss=-3.3183 | res=2.33e-02 | grad=7.65e-01 | 1.0s
[    94] loss=-3.4684 | res=2.47e-02 | grad=7.76e-01 | 1.0s
[    95] loss=-3.5307 | res=2.73e-02 | grad=2.33e-01 | 1.0s
[    96] loss=-3.4885 | res=2.08e-02 | grad=8.31e-01 | 1.0s
[    97] loss=-3.5473 | res=2.62e-02 | grad=3.07e-01 | 1.0s
[    98] loss=-3.5990 | res=2.60e-02 | grad=6.26e-01 | 1.0s
[    99] loss=-3.3434 | res=2.67e-02 | grad=6.56e-01 | 1.0s
[   100] loss=-3.3047 | res=3.16e-02 | grad=1.80e-01 | 1.0s
[   101] loss=-3.4795 | res=2.64e-02 | grad=5.17e-01 | 1.0s
[   102] loss=-3.4171 | res=2.77e-02 | grad=9.09e-01 | 1.0s
[   103] loss=-3.4553 | res=2.72e-02 | grad=7.88e-01 | 1.0s
[   104] loss=-3.4618 | res=2.48e-02 | grad=4.11e-01 | 1.0s
[   105] loss=-3.6054 | res=2.34e-02 | grad=7.74e-01 | 1.0s
[   106] loss=-3.5164 | res=2.30e-02 | grad=4.09e-01 | 1.0s
[   107] loss=-3.7032 | res=2.52e-02 | grad=7.25e-01 | 1.0s
[   108] loss=-3.4800 | res=2.45e-02 | grad=4.83e-01 | 1.0s
[   109] loss=-3.4197 | res=2.15e-02 | grad=8.88e-01 | 1.0s
[   110] loss=-3.4253 | res=2.62e-02 | grad=8.28e-01 | 1.0s
[   111] loss=-3.3715 | res=2.18e-02 | grad=1.02e+00 | 1.0s
[   112] loss=-3.4661 | res=2.33e-02 | grad=3.18e-01 | 1.0s
[   113] loss=-3.3163 | res=2.23e-02 | grad=7.72e-01 | 1.0s
[   114] loss=-3.5138 | res=3.05e-02 | grad=7.13e-01 | 1.0s
[   115] loss=-3.3460 | res=3.38e-02 | grad=5.13e-01 | 1.0s
[   116] loss=-3.3398 | res=2.38e-02 | grad=1.14e+00 | 1.0s
[   117] loss=-3.5083 | res=2.55e-02 | grad=8.66e-01 | 1.0s
[   118] loss=-3.3703 | res=2.76e-02 | grad=6.81e-01 | 1.0s
[   119] loss=-3.0604 | res=3.11e-02 | grad=8.51e-01 | 1.0s
[   120] loss=-3.3171 | res=2.68e-02 | grad=9.68e-01 | 1.0s
[   121] loss=-3.4954 | res=2.88e-02 | grad=6.10e-01 | 1.0s
[   122] loss=-3.4779 | res=3.00e-02 | grad=6.36e-01 | 1.0s
[   123] loss=-3.6093 | res=3.02e-02 | grad=8.60e-01 | 1.0s
[   124] loss=-3.5084 | res=3.23e-02 | grad=7.27e-01 | 1.0s
[   125] loss=-3.6846 | res=2.91e-02 | grad=8.33e-01 | 1.0s
[   126] loss=-3.6306 | res=3.34e-02 | grad=8.41e-01 | 1.0s
[   127] loss=-3.4971 | res=2.11e-02 | grad=4.85e-01 | 1.0s
[   128] loss=-3.4444 | res=1.97e-02 | grad=8.26e-01 | 1.0s
[   129] loss=-3.4006 | res=2.15e-02 | grad=8.08e-01 | 1.0s
[   130] loss=-3.5267 | res=2.66e-02 | grad=1.22e+00 | 1.0s
[   131] loss=-3.5577 | res=2.66e-02 | grad=8.08e-01 | 1.0s
[   132] loss=-3.5895 | res=2.11e-02 | grad=5.49e-01 | 1.0s
[   133] loss=-3.4554 | res=2.45e-02 | grad=7.72e-01 | 1.0s
[   134] loss=-3.3077 | res=2.63e-02 | grad=1.05e+00 | 1.0s
[   135] loss=-3.7381 | res=2.54e-02 | grad=9.22e-01 | 1.0s
[   136] loss=-3.3366 | res=3.04e-02 | grad=1.01e+00 | 1.0s
[   137] loss=-3.8098 | res=3.05e-02 | grad=5.48e-01 | 1.0s
[   138] loss=-3.5845 | res=2.61e-02 | grad=9.13e-01 | 1.0s
[   139] loss=-3.4335 | res=2.91e-02 | grad=7.28e-01 | 1.0s
[   140] loss=-3.6148 | res=2.35e-02 | grad=1.05e+00 | 1.0s
[   141] loss=-3.4534 | res=2.47e-02 | grad=9.45e-01 | 1.0s
[   142] loss=-3.7901 | res=2.23e-02 | grad=4.94e-01 | 1.0s
[   143] loss=-3.1507 | res=3.04e-02 | grad=6.57e-01 | 1.0s
[   144] loss=-3.3855 | res=2.83e-02 | grad=6.86e-01 | 1.0s
[   145] loss=-3.6740 | res=2.88e-02 | grad=1.11e+00 | 1.0s
[   146] loss=-3.4680 | res=2.45e-02 | grad=4.79e-01 | 1.0s
[   147] loss=-3.5910 | res=2.49e-02 | grad=5.32e-01 | 1.0s
[   148] loss=-3.4758 | res=2.28e-02 | grad=8.34e-01 | 1.0s
[   149] loss=-3.4909 | res=2.19e-02 | grad=3.84e-01 | 1.0s
[   150] loss=-3.5216 | res=2.38e-02 | grad=3.76e-01 | 1.0s
[   151] loss=-3.6243 | res=2.96e-02 | grad=5.39e-01 | 1.0s
[   152] loss=-3.4355 | res=2.36e-02 | grad=3.23e-01 | 1.0s
[   153] loss=-3.3174 | res=2.92e-02 | grad=3.98e-01 | 1.0s
[   154] loss=-3.7143 | res=2.17e-02 | grad=7.29e-01 | 1.0s
[   155] loss=-3.4257 | res=2.16e-02 | grad=4.51e-01 | 1.0s
[   156] loss=-3.4898 | res=2.52e-02 | grad=5.20e-01 | 1.0s
[   157] loss=-3.2003 | res=2.57e-02 | grad=8.93e-01 | 1.0s
[   158] loss=-3.3094 | res=2.53e-02 | grad=9.11e-01 | 1.0s
[   159] loss=-3.3434 | res=2.87e-02 | grad=5.21e-01 | 1.0s
[   160] loss=-3.5102 | res=2.51e-02 | grad=6.12e-01 | 1.0s
[   161] loss=-3.3613 | res=2.76e-02 | grad=6.52e-01 | 1.0s
[   162] loss=-3.4989 | res=2.28e-02 | grad=4.37e-01 | 1.0s
[   163] loss=-3.6030 | res=2.57e-02 | grad=1.38e+00 | 1.0s
[   164] loss=-3.4313 | res=3.12e-02 | grad=8.81e-01 | 1.0s
[   165] loss=-3.3835 | res=2.58e-02 | grad=8.98e-01 | 1.0s
[   166] loss=-3.4980 | res=1.98e-02 | grad=9.14e-01 | 1.0s
[   167] loss=-3.4698 | res=2.42e-02 | grad=4.74e-01 | 1.0s
[   168] loss=-3.7121 | res=2.15e-02 | grad=9.08e-01 | 1.0s
[   169] loss=-3.4066 | res=2.94e-02 | grad=1.29e+00 | 1.0s
[   170] loss=-3.4425 | res=2.74e-02 | grad=1.05e+00 | 1.0s
[   171] loss=-3.3031 | res=3.18e-02 | grad=6.27e-01 | 1.0s
[   172] loss=-3.3702 | res=2.99e-02 | grad=5.79e-01 | 1.0s
[   173] loss=-3.5034 | res=2.22e-02 | grad=6.04e-01 | 1.0s
[   174] loss=-3.5550 | res=2.54e-02 | grad=4.99e-01 | 1.0s
[   175] loss=-3.2329 | res=2.94e-02 | grad=8.80e-01 | 1.0s
[   176] loss=-3.5108 | res=3.22e-02 | grad=9.22e-01 | 1.0s
[   177] loss=-3.3087 | res=2.69e-02 | grad=6.74e-01 | 1.0s
[   178] loss=-3.4468 | res=1.95e-02 | grad=6.70e-01 | 1.0s
[   179] loss=-3.5489 | res=3.07e-02 | grad=6.02e-01 | 1.0s
[   180] loss=-3.3654 | res=2.27e-02 | grad=4.64e-01 | 1.0s
[   181] loss=-3.3701 | res=2.48e-02 | grad=9.18e-01 | 1.0s
[   182] loss=-3.4297 | res=2.94e-02 | grad=2.22e-01 | 1.0s
[   183] loss=-3.4784 | res=2.76e-02 | grad=8.13e-01 | 1.0s
[   184] loss=-3.4725 | res=2.17e-02 | grad=5.71e-01 | 1.0s
[   185] loss=-3.6108 | res=3.10e-02 | grad=5.18e-01 | 1.0s
[   186] loss=-3.6515 | res=2.72e-02 | grad=1.02e+00 | 1.0s
[   187] loss=-3.3420 | res=2.39e-02 | grad=4.96e-01 | 1.0s
[   188] loss=-3.5272 | res=2.17e-02 | grad=5.57e-01 | 1.0s
[   189] loss=-3.5302 | res=3.05e-02 | grad=3.63e-01 | 1.0s
[   190] loss=-3.3365 | res=2.94e-02 | grad=5.98e-01 | 1.0s
[   191] loss=-3.2931 | res=2.57e-02 | grad=5.46e-01 | 1.0s
[   192] loss=-3.2665 | res=3.19e-02 | grad=6.46e-01 | 1.0s
[   193] loss=-3.2601 | res=1.85e-02 | grad=7.43e-01 | 1.0s
[   194] loss=-3.5327 | res=3.17e-02 | grad=7.62e-01 | 1.0s
[   195] loss=-3.3788 | res=2.84e-02 | grad=6.99e-01 | 1.0s
[   196] loss=-3.3096 | res=2.56e-02 | grad=1.05e+00 | 1.0s
[   197] loss=-3.3426 | res=2.62e-02 | grad=5.18e-01 | 1.0s
[   198] loss=-3.7700 | res=3.07e-02 | grad=6.72e-01 | 1.0s
[   199] loss=-3.5097 | res=2.94e-02 | grad=8.92e-01 | 1.0s
[   200] loss=-3.6929 | res=2.59e-02 | grad=9.95e-01 | 1.0s
[   201] loss=-3.4781 | res=2.60e-02 | grad=6.43e-01 | 1.0s
[   202] loss=-3.5182 | res=1.88e-02 | grad=3.45e-01 | 1.0s
[   203] loss=-3.5983 | res=2.70e-02 | grad=7.27e-01 | 1.0s
[   204] loss=-3.4852 | res=2.41e-02 | grad=7.79e-01 | 1.0s
[   205] loss=-3.4939 | res=3.27e-02 | grad=9.21e-01 | 1.0s
[   206] loss=-3.5325 | res=2.12e-02 | grad=7.19e-01 | 1.0s
[   207] loss=-3.3391 | res=2.32e-02 | grad=5.98e-01 | 1.0s
[   208] loss=-3.5917 | res=2.20e-02 | grad=9.98e-01 | 1.0s
[   209] loss=-3.0885 | res=2.23e-02 | grad=1.17e+00 | 1.0s
[   210] loss=-3.4977 | res=2.50e-02 | grad=9.19e-01 | 1.0s
[   211] loss=-3.4740 | res=2.30e-02 | grad=1.57e+00 | 1.0s
[   212] loss=-3.4346 | res=2.76e-02 | grad=7.42e-01 | 1.0s
[   213] loss=-3.3968 | res=3.08e-02 | grad=3.56e-01 | 1.0s
[   214] loss=-3.4604 | res=3.18e-02 | grad=7.30e-01 | 1.0s
[   215] loss=-3.4360 | res=3.13e-02 | grad=1.06e+00 | 1.0s
[   216] loss=-3.3399 | res=2.78e-02 | grad=1.70e+00 | 1.0s
[   217] loss=-3.6257 | res=2.05e-02 | grad=1.39e+00 | 1.0s
[   218] loss=-3.5070 | res=2.70e-02 | grad=7.59e-01 | 1.0s
[   219] loss=-3.5497 | res=2.43e-02 | grad=4.77e-01 | 1.0s
[   220] loss=-3.2775 | res=2.57e-02 | grad=3.51e-01 | 1.0s
[   221] loss=-3.6451 | res=2.48e-02 | grad=1.16e+00 | 1.0s
[   222] loss=-3.5121 | res=2.90e-02 | grad=1.17e+00 | 1.0s
[   223] loss=-3.4400 | res=2.29e-02 | grad=9.08e-01 | 1.0s
[   224] loss=-3.4861 | res=3.05e-02 | grad=7.49e-01 | 1.0s
[   225] loss=-3.4398 | res=2.58e-02 | grad=3.63e-01 | 1.0s
[   226] loss=-3.2714 | res=2.60e-02 | grad=6.92e-01 | 1.0s
[   227] loss=-3.9333 | res=2.71e-02 | grad=4.85e-01 | 1.0s
[   228] loss=-3.4685 | res=2.45e-02 | grad=6.02e-01 | 1.0s
[   229] loss=-3.4896 | res=2.31e-02 | grad=6.52e-01 | 1.0s
[   230] loss=-3.4860 | res=2.32e-02 | grad=5.36e-01 | 1.0s
[   231] loss=-3.4492 | res=2.55e-02 | grad=9.89e-01 | 1.0s
[   232] loss=-3.4580 | res=1.93e-02 | grad=5.38e-01 | 1.0s
[   233] loss=-3.4766 | res=2.28e-02 | grad=3.95e-01 | 1.0s
[   234] loss=-3.4767 | res=2.79e-02 | grad=8.53e-01 | 1.0s
[   235] loss=-3.4125 | res=2.67e-02 | grad=9.97e-01 | 1.0s
[   236] loss=-3.5222 | res=2.56e-02 | grad=8.39e-01 | 1.0s
[   237] loss=-3.5092 | res=2.77e-02 | grad=7.08e-01 | 1.0s
[   238] loss=-3.4569 | res=2.81e-02 | grad=8.48e-01 | 1.0s
[   239] loss=-3.2207 | res=2.34e-02 | grad=1.04e+00 | 1.0s
[   240] loss=-3.3102 | res=2.46e-02 | grad=6.99e-01 | 1.0s
[   241] loss=-3.3151 | res=2.59e-02 | grad=1.22e+00 | 1.0s
[   242] loss=-3.4161 | res=2.18e-02 | grad=7.58e-01 | 1.0s
[   243] loss=-3.4030 | res=3.04e-02 | grad=5.39e-01 | 1.0s
[   244] loss=-3.6163 | res=2.10e-02 | grad=3.46e-01 | 1.0s
[   245] loss=-3.3998 | res=2.02e-02 | grad=6.58e-01 | 1.0s
[   246] loss=-3.3762 | res=2.38e-02 | grad=1.10e+00 | 1.0s
[   247] loss=-3.7270 | res=2.29e-02 | grad=8.41e-01 | 1.0s
[   248] loss=-3.3124 | res=2.21e-02 | grad=7.10e-01 | 1.0s
[   249] loss=-3.4333 | res=2.52e-02 | grad=8.25e-01 | 1.0s
[   250] loss=-3.6815 | res=2.20e-02 | grad=8.75e-01 | 1.0s
[   251] loss=-3.6791 | res=2.44e-02 | grad=1.01e+00 | 1.0s
[   252] loss=-3.7177 | res=2.86e-02 | grad=6.44e-01 | 1.0s
[   253] loss=-3.4143 | res=2.32e-02 | grad=7.07e-01 | 1.0s
[   254] loss=-3.4762 | res=2.34e-02 | grad=9.91e-01 | 1.0s
[   255] loss=-3.3052 | res=1.93e-02 | grad=8.08e-01 | 1.0s
[   256] loss=-3.5150 | res=2.79e-02 | grad=4.56e-01 | 1.0s
[   257] loss=-3.6822 | res=3.00e-02 | grad=3.83e-01 | 1.0s
[   258] loss=-3.4459 | res=2.07e-02 | grad=8.46e-01 | 1.0s
[   259] loss=-3.2911 | res=2.75e-02 | grad=9.84e-01 | 1.0s
[   260] loss=-3.4370 | res=2.46e-02 | grad=8.08e-01 | 1.0s
[   261] loss=-3.2757 | res=2.36e-02 | grad=7.39e-01 | 1.0s
[   262] loss=-3.6011 | res=2.85e-02 | grad=5.00e-01 | 1.0s
[   263] loss=-3.5498 | res=2.66e-02 | grad=8.60e-01 | 1.0s
[   264] loss=-3.3449 | res=2.83e-02 | grad=7.21e-01 | 1.0s
[   265] loss=-3.6196 | res=2.10e-02 | grad=7.07e-01 | 1.0s
[   266] loss=-3.5126 | res=2.70e-02 | grad=7.18e-01 | 1.0s
[   267] loss=-3.2750 | res=2.39e-02 | grad=6.63e-01 | 1.0s
[   268] loss=-3.5206 | res=2.57e-02 | grad=5.05e-01 | 1.0s
[   269] loss=-3.5469 | res=2.45e-02 | grad=2.43e-01 | 1.0s
[   270] loss=-3.5106 | res=2.24e-02 | grad=9.13e-01 | 1.0s
[   271] loss=-3.4353 | res=1.99e-02 | grad=5.24e-01 | 1.0s
[   272] loss=-3.4155 | res=2.58e-02 | grad=4.06e-01 | 1.0s
[   273] loss=-3.3578 | res=2.07e-02 | grad=4.30e-01 | 1.0s
[   274] loss=-3.4035 | res=2.54e-02 | grad=2.52e-01 | 1.0s
[   275] loss=-3.3737 | res=2.97e-02 | grad=4.89e-01 | 1.0s
[   276] loss=-3.4632 | res=2.12e-02 | grad=5.23e-01 | 1.0s
[   277] loss=-3.5913 | res=2.33e-02 | grad=6.12e-01 | 1.0s
[   278] loss=-3.4258 | res=2.75e-02 | grad=4.43e-01 | 1.0s
[   279] loss=-3.4239 | res=1.83e-02 | grad=5.12e-01 | 1.0s
[   280] loss=-3.7440 | res=2.95e-02 | grad=5.14e-01 | 1.0s
[   281] loss=-3.5697 | res=2.31e-02 | grad=2.75e-01 | 1.0s
[   282] loss=-3.2629 | res=2.21e-02 | grad=3.52e-01 | 1.0s
[   283] loss=-3.5674 | res=2.54e-02 | grad=7.82e-01 | 1.0s
[   284] loss=-3.6409 | res=1.87e-02 | grad=1.55e+00 | 1.0s
[   285] loss=-3.3294 | res=3.08e-02 | grad=6.77e-01 | 1.0s
[   286] loss=-3.4683 | res=2.89e-02 | grad=3.52e-01 | 1.0s
[   287] loss=-3.3909 | res=2.43e-02 | grad=8.36e-01 | 1.0s
[   288] loss=-3.5082 | res=2.01e-02 | grad=7.14e-01 | 1.0s
[   289] loss=-3.3862 | res=3.14e-02 | grad=8.78e-01 | 1.0s
[   290] loss=-3.5363 | res=2.30e-02 | grad=6.13e-01 | 1.0s
[   291] loss=-3.3144 | res=2.71e-02 | grad=3.72e-01 | 1.0s
[   292] loss=-3.5144 | res=2.44e-02 | grad=4.99e-01 | 1.0s
[   293] loss=-3.6712 | res=2.74e-02 | grad=6.02e-01 | 1.0s
[   294] loss=-3.7884 | res=2.62e-02 | grad=4.76e-01 | 1.0s
[   295] loss=-3.2556 | res=2.27e-02 | grad=6.87e-01 | 1.0s
[   296] loss=-3.7414 | res=2.63e-02 | grad=5.59e-01 | 1.0s
[   297] loss=-3.5233 | res=2.46e-02 | grad=7.28e-01 | 1.0s
[   298] loss=-3.3326 | res=2.85e-02 | grad=7.58e-01 | 1.0s
[   299] loss=-3.4356 | res=2.67e-02 | grad=4.55e-01 | 1.0s
[   300] loss=-3.5537 | res=2.60e-02 | grad=2.55e-01 | 1.0s
[   301] loss=-3.4920 | res=2.65e-02 | grad=6.72e-01 | 1.0s
[   302] loss=-3.3535 | res=3.12e-02 | grad=6.40e-01 | 1.0s
[   303] loss=-3.6228 | res=2.62e-02 | grad=4.83e-01 | 1.0s
[   304] loss=-3.5395 | res=2.56e-02 | grad=6.89e-01 | 1.0s
[   305] loss=-3.4072 | res=2.42e-02 | grad=6.09e-01 | 1.0s
[   306] loss=-3.7542 | res=2.63e-02 | grad=6.00e-01 | 1.0s
[   307] loss=-3.7662 | res=3.24e-02 | grad=5.34e-01 | 1.0s
[   308] loss=-3.5843 | res=3.50e-02 | grad=5.86e-01 | 1.0s
[   309] loss=-3.3854 | res=2.92e-02 | grad=9.33e-01 | 1.0s
[   310] loss=-3.4765 | res=2.10e-02 | grad=6.24e-01 | 1.0s
[   311] loss=-3.5202 | res=2.56e-02 | grad=3.21e-01 | 1.0s
[   312] loss=-3.4860 | res=2.95e-02 | grad=3.20e-01 | 1.0s
[   313] loss=-3.3346 | res=2.42e-02 | grad=4.21e-01 | 1.0s
[   314] loss=-3.5301 | res=2.79e-02 | grad=6.68e-01 | 1.0s
[   315] loss=-3.4500 | res=2.65e-02 | grad=4.51e-01 | 1.0s
[   316] loss=-3.3962 | res=3.01e-02 | grad=4.46e-01 | 1.0s
[   317] loss=-3.4765 | res=2.98e-02 | grad=9.01e-01 | 1.0s
[   318] loss=-3.5865 | res=2.43e-02 | grad=3.17e-01 | 1.0s
[   319] loss=-2.9577 | res=2.54e-02 | grad=9.51e-01 | 1.0s
[   320] loss=-3.4160 | res=2.69e-02 | grad=6.85e-01 | 1.0s
[   321] loss=-3.5236 | res=2.12e-02 | grad=6.65e-01 | 1.0s
[   322] loss=-3.5817 | res=2.67e-02 | grad=6.97e-01 | 1.0s
[   323] loss=-3.2451 | res=2.71e-02 | grad=7.55e-01 | 1.0s
[   324] loss=-3.2581 | res=3.28e-02 | grad=5.98e-01 | 1.0s
[   325] loss=-3.4524 | res=2.24e-02 | grad=7.21e-01 | 1.0s
[   326] loss=-3.4862 | res=2.04e-02 | grad=4.04e-01 | 1.0s
[   327] loss=-3.3381 | res=2.36e-02 | grad=5.87e-01 | 1.0s
[   328] loss=-3.4492 | res=2.95e-02 | grad=7.34e-01 | 1.0s
[   329] loss=-3.4696 | res=2.12e-02 | grad=7.93e-01 | 1.0s
[   330] loss=-3.4015 | res=2.23e-02 | grad=9.79e-01 | 1.0s
[   331] loss=-3.6559 | res=2.78e-02 | grad=7.17e-01 | 1.0s
[   332] loss=-3.2667 | res=2.34e-02 | grad=5.59e-01 | 1.0s
[   333] loss=-3.5385 | res=2.27e-02 | grad=8.23e-01 | 1.0s
[   334] loss=-3.2109 | res=2.54e-02 | grad=8.57e-01 | 1.0s
[   335] loss=-3.6312 | res=1.74e-02 | grad=3.39e-01 | 1.0s
[   336] loss=-3.5429 | res=2.74e-02 | grad=2.81e-01 | 1.0s
[   337] loss=-3.4606 | res=2.41e-02 | grad=6.00e-01 | 1.0s
[   338] loss=-3.4601 | res=1.87e-02 | grad=8.11e-01 | 1.0s
[   339] loss=-3.1994 | res=2.96e-02 | grad=1.06e+00 | 1.0s
[   340] loss=-3.2531 | res=2.25e-02 | grad=3.63e-01 | 1.0s
[   341] loss=-3.3610 | res=2.51e-02 | grad=6.85e-01 | 1.0s
[   342] loss=-3.4599 | res=2.36e-02 | grad=3.40e-01 | 1.0s
[   343] loss=-3.7288 | res=2.30e-02 | grad=6.61e-01 | 1.0s
[   344] loss=-3.2200 | res=2.23e-02 | grad=6.49e-01 | 1.0s
[   345] loss=-3.2720 | res=2.52e-02 | grad=9.10e-01 | 1.0s
[   346] loss=-3.5239 | res=2.29e-02 | grad=5.92e-01 | 1.0s
[   347] loss=-3.4019 | res=2.62e-02 | grad=2.42e-01 | 1.0s
[   348] loss=-3.5998 | res=2.39e-02 | grad=5.69e-01 | 1.0s
[   349] loss=-3.3204 | res=3.13e-02 | grad=6.96e-01 | 1.0s
[   350] loss=-3.2768 | res=2.29e-02 | grad=4.69e-01 | 1.0s
[   351] loss=-3.2310 | res=2.58e-02 | grad=8.36e-01 | 1.0s
[   352] loss=-3.3582 | res=2.16e-02 | grad=3.54e-01 | 1.0s
[   353] loss=-3.4944 | res=2.15e-02 | grad=6.86e-01 | 1.0s
[   354] loss=-3.3549 | res=3.13e-02 | grad=4.25e-01 | 1.0s
[   355] loss=-3.5257 | res=2.84e-02 | grad=6.30e-01 | 1.0s
[   356] loss=-3.4102 | res=2.56e-02 | grad=6.47e-01 | 1.0s
[   357] loss=-3.3644 | res=2.65e-02 | grad=1.88e-01 | 1.0s
[   358] loss=-3.4370 | res=2.62e-02 | grad=4.26e-01 | 1.0s
[   359] loss=-3.4342 | res=2.65e-02 | grad=4.72e-01 | 1.0s
[   360] loss=-3.5241 | res=2.53e-02 | grad=4.99e-01 | 1.0s
[   361] loss=-3.0613 | res=2.36e-02 | grad=7.20e-01 | 1.0s
[   362] loss=-3.4715 | res=2.65e-02 | grad=7.89e-01 | 1.0s
[   363] loss=-3.4186 | res=2.63e-02 | grad=2.21e-01 | 1.0s
[   364] loss=-3.5306 | res=3.04e-02 | grad=7.62e-01 | 1.0s
[   365] loss=-3.4370 | res=2.71e-02 | grad=7.09e-01 | 1.0s
[   366] loss=-3.4699 | res=2.44e-02 | grad=5.52e-01 | 1.0s
[   367] loss=-3.5356 | res=2.73e-02 | grad=2.39e-01 | 1.0s
[   368] loss=-3.4566 | res=2.51e-02 | grad=3.11e-01 | 1.0s
[   369] loss=-3.5484 | res=3.00e-02 | grad=2.68e-01 | 1.0s
[   370] loss=-3.5400 | res=2.19e-02 | grad=6.55e-01 | 1.0s
[   371] loss=-3.7772 | res=2.33e-02 | grad=1.04e+00 | 1.0s
[   372] loss=-3.3600 | res=2.46e-02 | grad=7.94e-01 | 1.0s
[   373] loss=-3.5765 | res=2.00e-02 | grad=3.31e-01 | 1.0s
[   374] loss=-3.5402 | res=2.39e-02 | grad=9.53e-01 | 1.0s
[   375] loss=-3.5315 | res=2.78e-02 | grad=9.52e-01 | 1.0s
[   376] loss=-3.2968 | res=2.82e-02 | grad=9.87e-01 | 1.0s
[   377] loss=-3.4053 | res=2.39e-02 | grad=5.42e-01 | 1.0s
[   378] loss=-3.5874 | res=2.21e-02 | grad=9.28e-01 | 1.0s
[   379] loss=-3.3571 | res=2.28e-02 | grad=8.55e-01 | 1.0s
[   380] loss=-3.4574 | res=2.54e-02 | grad=8.02e-01 | 1.0s
[   381] loss=-3.3908 | res=2.34e-02 | grad=9.18e-01 | 1.0s
[   382] loss=-3.6934 | res=2.24e-02 | grad=7.81e-01 | 1.0s
[   383] loss=-3.3260 | res=3.25e-02 | grad=5.99e-01 | 1.0s
[   384] loss=-3.3867 | res=1.84e-02 | grad=9.92e-01 | 1.0s
[   385] loss=-3.3976 | res=2.01e-02 | grad=5.57e-01 | 1.0s
[   386] loss=-3.4501 | res=2.05e-02 | grad=7.70e-01 | 1.0s
[   387] loss=-3.4814 | res=2.89e-02 | grad=6.04e-01 | 1.0s
[   388] loss=-3.5705 | res=2.20e-02 | grad=4.74e-01 | 1.0s
[   389] loss=-3.3578 | res=2.86e-02 | grad=4.49e-01 | 1.0s
[   390] loss=-3.6818 | res=2.27e-02 | grad=5.95e-01 | 1.0s
[   391] loss=-3.7211 | res=2.01e-02 | grad=9.01e-01 | 1.0s
[   392] loss=-3.3707 | res=2.54e-02 | grad=4.28e-01 | 1.0s
[   393] loss=-3.6509 | res=2.34e-02 | grad=7.66e-01 | 1.0s
[   394] loss=-3.5074 | res=2.71e-02 | grad=7.71e-01 | 1.0s
[   395] loss=-3.3022 | res=2.38e-02 | grad=5.83e-01 | 1.0s
[   396] loss=-3.4681 | res=2.40e-02 | grad=6.73e-01 | 1.0s
[   397] loss=-3.5792 | res=2.25e-02 | grad=5.83e-01 | 1.0s
[   398] loss=-3.5034 | res=3.08e-02 | grad=2.74e-01 | 1.0s
[   399] loss=-3.4837 | res=2.13e-02 | grad=6.06e-01 | 1.0s
[   400] loss=-3.5006 | res=2.59e-02 | grad=4.63e-01 | 1.0s
[   401] loss=-3.1983 | res=2.06e-02 | grad=4.91e-01 | 1.0s
[   402] loss=-3.3753 | res=2.07e-02 | grad=5.85e-01 | 1.0s
[   403] loss=-3.4730 | res=3.14e-02 | grad=4.40e-01 | 1.0s
[   404] loss=-3.3584 | res=2.42e-02 | grad=6.54e-01 | 1.0s
[   405] loss=-3.3020 | res=2.12e-02 | grad=4.49e-01 | 1.0s
[   406] loss=-3.5632 | res=2.78e-02 | grad=9.37e-01 | 1.0s
[   407] loss=-3.6661 | res=2.25e-02 | grad=4.89e-01 | 1.0s
[   408] loss=-3.4359 | res=2.52e-02 | grad=3.93e-01 | 1.0s
[   409] loss=-3.7560 | res=1.99e-02 | grad=8.58e-01 | 1.0s
[   410] loss=-3.2697 | res=2.10e-02 | grad=3.74e-01 | 1.0s
[   411] loss=-3.6177 | res=1.79e-02 | grad=2.66e-01 | 1.0s
[   412] loss=-3.3956 | res=1.81e-02 | grad=2.70e-01 | 1.0s
[   413] loss=-3.2801 | res=2.22e-02 | grad=5.91e-01 | 1.0s
[   414] loss=-3.3550 | res=2.68e-02 | grad=4.95e-01 | 1.0s
[   415] loss=-3.5470 | res=2.61e-02 | grad=7.49e-01 | 1.0s
[   416] loss=-3.5140 | res=2.04e-02 | grad=5.65e-01 | 1.0s
[   417] loss=-3.3447 | res=2.13e-02 | grad=4.12e-01 | 1.0s
[   418] loss=-3.4620 | res=2.53e-02 | grad=5.98e-01 | 1.0s
[   419] loss=-3.3871 | res=2.01e-02 | grad=5.32e-01 | 1.0s
[   420] loss=-3.5952 | res=2.08e-02 | grad=3.98e-01 | 1.0s
[   421] loss=-3.5334 | res=2.21e-02 | grad=5.03e-01 | 1.0s
[   422] loss=-3.2176 | res=1.78e-02 | grad=4.59e-01 | 1.0s
[   423] loss=-3.5119 | res=2.26e-02 | grad=4.91e-01 | 1.0s
[   424] loss=-3.4181 | res=2.01e-02 | grad=4.30e-01 | 1.0s
[   425] loss=-3.6504 | res=2.74e-02 | grad=6.24e-01 | 1.0s
[   426] loss=-3.4461 | res=2.63e-02 | grad=5.71e-01 | 1.0s
[   427] loss=-3.5319 | res=2.44e-02 | grad=5.74e-01 | 1.0s
[   428] loss=-3.4168 | res=2.40e-02 | grad=6.65e-01 | 1.0s
[   429] loss=-3.2916 | res=2.44e-02 | grad=5.20e-01 | 1.0s
[   430] loss=-3.5225 | res=2.10e-02 | grad=3.78e-01 | 1.0s
[   431] loss=-3.3624 | res=2.52e-02 | grad=7.87e-01 | 1.0s
[   432] loss=-3.6112 | res=2.30e-02 | grad=8.26e-01 | 1.0s
[   433] loss=-3.6794 | res=1.94e-02 | grad=6.26e-01 | 1.0s
[   434] loss=-3.1126 | res=2.45e-02 | grad=9.52e-01 | 1.0s
[   435] loss=-3.2271 | res=2.08e-02 | grad=6.03e-01 | 1.0s
[   436] loss=-3.3973 | res=1.67e-02 | grad=1.05e+00 | 1.0s
[   437] loss=-3.3908 | res=2.05e-02 | grad=2.14e-01 | 1.0s
[   438] loss=-3.3860 | res=2.46e-02 | grad=7.70e-01 | 1.0s
[   439] loss=-3.5201 | res=1.69e-02 | grad=3.16e-01 | 1.0s
[   440] loss=-3.4873 | res=2.62e-02 | grad=6.37e-01 | 1.0s
[   441] loss=-3.5338 | res=2.19e-02 | grad=7.00e-01 | 1.0s
[   442] loss=-3.4330 | res=2.51e-02 | grad=2.85e-01 | 1.0s
[   443] loss=-3.5431 | res=2.17e-02 | grad=6.61e-01 | 1.0s
[   444] loss=-3.3921 | res=2.19e-02 | grad=4.03e-01 | 1.0s
[   445] loss=-3.0899 | res=2.65e-02 | grad=5.50e-01 | 1.0s
[   446] loss=-3.4096 | res=1.73e-02 | grad=4.56e-01 | 1.0s
[   447] loss=-3.3467 | res=2.37e-02 | grad=8.64e-01 | 1.0s
[   448] loss=-3.4144 | res=1.89e-02 | grad=6.39e-01 | 1.0s
[   449] loss=-3.5350 | res=1.71e-02 | grad=3.67e-01 | 1.0s
[   450] loss=-3.3414 | res=1.74e-02 | grad=7.95e-01 | 1.0s
[   451] loss=-3.5702 | res=2.06e-02 | grad=6.01e-01 | 1.0s
[   452] loss=-3.2238 | res=1.60e-02 | grad=7.88e-01 | 1.0s
[   453] loss=-3.8526 | res=2.23e-02 | grad=1.14e+00 | 1.0s
[   454] loss=-3.4572 | res=1.80e-02 | grad=6.28e-01 | 1.0s
[   455] loss=-3.4947 | res=1.80e-02 | grad=5.67e-01 | 1.0s
[   456] loss=-3.5593 | res=2.10e-02 | grad=4.37e-01 | 1.0s
[   457] loss=-3.0936 | res=1.89e-02 | grad=8.91e-01 | 1.0s
[   458] loss=-3.3456 | res=2.11e-02 | grad=3.80e-01 | 1.0s
[   459] loss=-3.8381 | res=2.15e-02 | grad=9.33e-01 | 1.0s
[   460] loss=-3.4274 | res=2.46e-02 | grad=1.75e-01 | 1.0s
[   461] loss=-3.4970 | res=2.39e-02 | grad=3.03e-01 | 1.0s
[   462] loss=-3.4384 | res=2.46e-02 | grad=3.49e-01 | 1.0s
[   463] loss=-3.4807 | res=2.14e-02 | grad=3.61e-01 | 1.0s
[   464] loss=-3.4866 | res=2.35e-02 | grad=4.64e-01 | 1.0s
[   465] loss=-3.4107 | res=2.51e-02 | grad=3.50e-01 | 1.0s
[   466] loss=-3.4783 | res=2.12e-02 | grad=4.48e-01 | 1.0s
[   467] loss=-3.5974 | res=2.10e-02 | grad=3.23e-01 | 1.0s
[   468] loss=-3.2719 | res=2.30e-02 | grad=4.51e-01 | 1.0s
[   469] loss=-3.6237 | res=1.77e-02 | grad=4.67e-01 | 1.0s
[   470] loss=-3.4735 | res=2.60e-02 | grad=6.84e-01 | 1.0s
[   471] loss=-3.5890 | res=2.52e-02 | grad=6.78e-01 | 1.0s
[   472] loss=-3.3699 | res=2.13e-02 | grad=7.33e-01 | 1.0s
[   473] loss=-3.4072 | res=2.11e-02 | grad=4.93e-01 | 1.0s
[   474] loss=-3.4695 | res=2.30e-02 | grad=3.05e-01 | 1.0s
[   475] loss=-3.5522 | res=2.01e-02 | grad=4.52e-01 | 1.0s
[   476] loss=-3.6079 | res=2.01e-02 | grad=7.16e-01 | 1.0s
[   477] loss=-3.6231 | res=1.46e-02 | grad=5.88e-01 | 1.0s
[   478] loss=-3.4636 | res=2.19e-02 | grad=7.64e-01 | 1.0s
[   479] loss=-3.4593 | res=2.90e-02 | grad=6.17e-01 | 1.0s
[   480] loss=-3.5347 | res=2.31e-02 | grad=2.24e-01 | 1.0s
[   481] loss=-3.2023 | res=2.19e-02 | grad=5.94e-01 | 1.0s
[   482] loss=-3.5477 | res=1.99e-02 | grad=7.01e-01 | 1.0s
[   483] loss=-3.2300 | res=2.50e-02 | grad=6.10e-01 | 1.0s
[   484] loss=-3.5162 | res=2.07e-02 | grad=4.70e-01 | 1.0s
[   485] loss=-3.3492 | res=2.32e-02 | grad=2.69e-01 | 1.0s
[   486] loss=-3.2791 | res=2.20e-02 | grad=3.14e-01 | 1.0s
[   487] loss=-3.4513 | res=2.09e-02 | grad=1.34e+00 | 1.0s
[   488] loss=-3.5999 | res=1.70e-02 | grad=1.17e+00 | 1.0s
[   489] loss=-3.3038 | res=2.39e-02 | grad=4.45e-01 | 1.0s
[   490] loss=-3.4010 | res=2.06e-02 | grad=4.03e-01 | 1.0s
[   491] loss=-3.3725 | res=2.37e-02 | grad=1.66e-01 | 1.0s
[   492] loss=-3.5316 | res=2.87e-02 | grad=8.01e-01 | 1.0s
[   493] loss=-3.4586 | res=2.64e-02 | grad=5.23e-01 | 1.0s
[   494] loss=-3.5909 | res=1.78e-02 | grad=8.49e-01 | 1.0s
[   495] loss=-3.5502 | res=2.39e-02 | grad=4.31e-01 | 1.0s
[   496] loss=-3.3872 | res=2.08e-02 | grad=8.91e-01 | 1.0s
[   497] loss=-3.1936 | res=2.56e-02 | grad=7.80e-01 | 1.0s
[   498] loss=-3.4340 | res=2.99e-02 | grad=7.04e-01 | 1.0s
[   499] loss=-3.3869 | res=2.04e-02 | grad=9.20e-01 | 1.0s
[   500] loss=-3.5255 | res=2.23e-02 | grad=3.77e-01 | 1.0s
[   501] loss=-3.2298 | res=2.22e-02 | grad=3.43e-01 | 1.0s
[   502] loss=-3.5854 | res=2.13e-02 | grad=4.78e-01 | 1.0s
[   503] loss=-3.8965 | res=2.66e-02 | grad=8.29e-01 | 1.0s
[   504] loss=-3.4989 | res=1.87e-02 | grad=3.55e-01 | 1.0s
[   505] loss=-3.5925 | res=2.01e-02 | grad=7.12e-01 | 1.0s
[   506] loss=-3.2823 | res=2.06e-02 | grad=2.96e-01 | 1.0s
[   507] loss=-3.3187 | res=2.12e-02 | grad=3.49e-01 | 1.0s
[   508] loss=-3.5121 | res=2.15e-02 | grad=3.90e-01 | 1.0s
[   509] loss=-3.5410 | res=2.22e-02 | grad=6.66e-01 | 1.0s
[   510] loss=-3.4721 | res=1.76e-02 | grad=7.49e-01 | 1.0s
[   511] loss=-3.5906 | res=1.74e-02 | grad=3.30e-01 | 1.0s
[   512] loss=-3.4691 | res=2.08e-02 | grad=6.30e-01 | 1.0s
[   513] loss=-3.6935 | res=2.48e-02 | grad=6.31e-01 | 1.0s
[   514] loss=-3.5697 | res=2.33e-02 | grad=2.90e-01 | 1.0s
[   515] loss=-3.5348 | res=1.83e-02 | grad=3.47e-01 | 1.0s
[   516] loss=-3.5274 | res=1.35e-02 | grad=7.13e-01 | 1.0s
[   517] loss=-3.5633 | res=2.38e-02 | grad=7.21e-01 | 1.0s
[   518] loss=-3.1977 | res=2.74e-02 | grad=8.65e-01 | 1.0s
[   519] loss=-3.7008 | res=2.26e-02 | grad=4.15e-01 | 1.0s
[   520] loss=-3.5143 | res=2.41e-02 | grad=7.57e-01 | 1.0s
[   521] loss=-3.4335 | res=2.29e-02 | grad=8.98e-01 | 1.0s
[   522] loss=-3.4859 | res=1.82e-02 | grad=9.96e-01 | 1.0s
[   523] loss=-3.4628 | res=2.67e-02 | grad=6.49e-01 | 1.0s
[   524] loss=-3.1676 | res=1.87e-02 | grad=1.10e+00 | 1.0s
[   525] loss=-3.5807 | res=2.17e-02 | grad=4.17e-01 | 1.0s
[   526] loss=-3.4197 | res=2.21e-02 | grad=8.72e-01 | 1.0s
[   527] loss=-3.5983 | res=2.68e-02 | grad=6.26e-01 | 1.0s
[   528] loss=-3.3062 | res=1.87e-02 | grad=1.27e+00 | 1.0s
[   529] loss=-3.3862 | res=2.54e-02 | grad=3.44e-01 | 1.0s
[   530] loss=-3.4165 | res=1.92e-02 | grad=7.85e-01 | 1.0s
[   531] loss=-3.3374 | res=1.84e-02 | grad=7.41e-01 | 1.0s
[   532] loss=-3.6361 | res=2.29e-02 | grad=9.92e-01 | 1.0s
[   533] loss=-3.5541 | res=2.76e-02 | grad=6.70e-01 | 1.0s
[   534] loss=-3.2037 | res=2.54e-02 | grad=6.85e-01 | 1.0s
[   535] loss=-3.5068 | res=2.24e-02 | grad=4.14e-01 | 1.0s
[   536] loss=-3.4967 | res=1.72e-02 | grad=1.05e+00 | 1.0s
[   537] loss=-3.5059 | res=1.94e-02 | grad=5.87e-01 | 1.0s
[   538] loss=-3.4043 | res=2.35e-02 | grad=4.54e-01 | 1.0s
[   539] loss=-3.3862 | res=2.02e-02 | grad=4.25e-01 | 1.0s
[   540] loss=-3.2536 | res=1.83e-02 | grad=6.51e-01 | 1.0s
[   541] loss=-3.6085 | res=2.15e-02 | grad=8.48e-01 | 1.0s
[   542] loss=-3.4774 | res=2.39e-02 | grad=1.29e+00 | 1.0s
[   543] loss=-3.5848 | res=1.64e-02 | grad=6.51e-01 | 1.0s
[   544] loss=-3.7997 | res=2.36e-02 | grad=7.42e-01 | 1.0s
[   545] loss=-3.3876 | res=2.17e-02 | grad=3.32e-01 | 1.0s
[   546] loss=-3.5294 | res=1.51e-02 | grad=6.80e-01 | 1.0s
[   547] loss=-3.6589 | res=1.64e-02 | grad=1.25e+00 | 1.0s
[   548] loss=-3.6537 | res=2.58e-02 | grad=7.16e-01 | 1.0s
[   549] loss=-3.4070 | res=2.24e-02 | grad=7.01e-01 | 1.0s
[   550] loss=-3.2045 | res=2.20e-02 | grad=7.95e-01 | 1.0s
[   551] loss=-3.2830 | res=2.36e-02 | grad=1.18e+00 | 1.0s
[   552] loss=-3.4400 | res=1.86e-02 | grad=7.92e-01 | 1.0s
[   553] loss=-3.4361 | res=1.91e-02 | grad=1.01e+00 | 1.0s
[   554] loss=-3.4206 | res=1.61e-02 | grad=8.25e-01 | 1.0s
[   555] loss=-3.4484 | res=1.50e-02 | grad=6.92e-01 | 1.0s
[   556] loss=-3.3691 | res=1.64e-02 | grad=5.60e-01 | 1.0s
[   557] loss=-3.3380 | res=1.92e-02 | grad=7.84e-01 | 1.0s
[   558] loss=-3.4245 | res=2.23e-02 | grad=6.67e-01 | 1.0s
[   559] loss=-3.5039 | res=1.89e-02 | grad=1.10e+00 | 1.0s
[   560] loss=-3.4191 | res=2.21e-02 | grad=5.32e-01 | 1.0s
[   561] loss=-3.3401 | res=2.17e-02 | grad=3.62e-01 | 1.0s
[   562] loss=-3.5760 | res=1.98e-02 | grad=6.03e-01 | 1.0s
[   563] loss=-3.3218 | res=1.92e-02 | grad=3.71e-01 | 1.0s
[   564] loss=-3.2709 | res=2.07e-02 | grad=5.01e-01 | 1.0s
[   565] loss=-3.5322 | res=2.16e-02 | grad=3.57e-01 | 1.0s
[   566] loss=-3.8310 | res=1.67e-02 | grad=5.30e-01 | 1.0s
[   567] loss=-3.4199 | res=1.88e-02 | grad=6.67e-01 | 1.0s
[   568] loss=-3.7056 | res=2.18e-02 | grad=5.38e-01 | 1.0s
[   569] loss=-3.3664 | res=2.12e-02 | grad=3.85e-01 | 1.0s
[   570] loss=-3.8220 | res=1.81e-02 | grad=4.43e-01 | 1.0s
[   571] loss=-3.5380 | res=1.60e-02 | grad=1.91e-01 | 1.0s
[   572] loss=-3.3815 | res=1.76e-02 | grad=5.29e-01 | 1.0s
[   573] loss=-3.5803 | res=2.73e-02 | grad=5.62e-01 | 1.0s
[   574] loss=-3.6190 | res=2.15e-02 | grad=5.46e-01 | 1.0s
[   575] loss=-3.4082 | res=1.95e-02 | grad=6.34e-01 | 1.0s
[   576] loss=-3.2731 | res=2.07e-02 | grad=9.12e-01 | 1.0s
[   577] loss=-3.6079 | res=1.92e-02 | grad=7.10e-01 | 1.0s
[   578] loss=-3.2479 | res=2.13e-02 | grad=6.67e-01 | 1.0s
[   579] loss=-3.7159 | res=1.56e-02 | grad=6.55e-01 | 1.0s
[   580] loss=-3.3026 | res=2.32e-02 | grad=3.90e-01 | 1.0s
[   581] loss=-3.3840 | res=1.76e-02 | grad=3.42e-01 | 1.0s
[   582] loss=-3.3596 | res=2.16e-02 | grad=3.08e-01 | 1.0s
[   583] loss=-3.2254 | res=1.87e-02 | grad=3.88e-01 | 1.0s
[   584] loss=-3.2908 | res=2.07e-02 | grad=5.17e-01 | 1.0s
[   585] loss=-3.3051 | res=1.82e-02 | grad=7.53e-01 | 1.0s
[   586] loss=-3.2486 | res=1.79e-02 | grad=5.71e-01 | 1.0s
[   587] loss=-3.7562 | res=1.84e-02 | grad=9.44e-01 | 1.0s
[   588] loss=-3.5129 | res=2.04e-02 | grad=5.66e-01 | 1.0s
[   589] loss=-3.5956 | res=1.92e-02 | grad=5.29e-01 | 1.0s
[   590] loss=-3.5222 | res=1.90e-02 | grad=6.47e-01 | 1.0s
[   591] loss=-3.3842 | res=1.94e-02 | grad=6.57e-01 | 1.0s
[   592] loss=-3.3325 | res=2.13e-02 | grad=4.87e-01 | 1.0s
[   593] loss=-3.7095 | res=1.70e-02 | grad=8.58e-01 | 1.0s
[   594] loss=-3.3274 | res=2.41e-02 | grad=7.14e-01 | 1.0s
[   595] loss=-3.4084 | res=2.28e-02 | grad=4.78e-01 | 1.0s
[   596] loss=-3.4165 | res=2.02e-02 | grad=4.05e-01 | 1.0s
[   597] loss=-3.6094 | res=2.21e-02 | grad=5.74e-01 | 1.0s
[   598] loss=-3.3983 | res=1.97e-02 | grad=4.41e-01 | 1.0s
[   599] loss=-3.4776 | res=2.00e-02 | grad=3.51e-01 | 1.0s
[   600] loss=-3.3592 | res=2.23e-02 | grad=5.44e-01 | 1.0s
[   601] loss=-3.5636 | res=2.31e-02 | grad=5.56e-01 | 1.0s
[   602] loss=-3.4570 | res=1.27e-02 | grad=6.39e-01 | 1.0s
[   603] loss=-3.5802 | res=1.80e-02 | grad=4.62e-01 | 1.0s
[   604] loss=-3.3415 | res=1.62e-02 | grad=4.38e-01 | 1.0s
[   605] loss=-3.2176 | res=2.24e-02 | grad=4.85e-01 | 1.0s
[   606] loss=-3.4087 | res=1.95e-02 | grad=5.24e-01 | 1.0s
[   607] loss=-3.3616 | res=1.39e-02 | grad=9.68e-01 | 1.0s
[   608] loss=-3.3508 | res=2.45e-02 | grad=4.57e-01 | 1.0s
[   609] loss=-3.5828 | res=2.56e-02 | grad=7.02e-01 | 1.0s
[   610] loss=-3.6314 | res=1.75e-02 | grad=9.52e-01 | 1.0s
[   611] loss=-3.4596 | res=1.68e-02 | grad=4.52e-01 | 1.0s
[   612] loss=-3.5497 | res=2.14e-02 | grad=2.63e-01 | 1.0s
[   613] loss=-3.4964 | res=1.96e-02 | grad=3.78e-01 | 1.0s
[   614] loss=-3.4526 | res=1.99e-02 | grad=5.37e-01 | 1.0s
[   615] loss=-3.4627 | res=1.66e-02 | grad=7.22e-01 | 1.0s
[   616] loss=-3.4903 | res=1.94e-02 | grad=8.15e-01 | 1.0s
[   617] loss=-3.3522 | res=2.07e-02 | grad=7.09e-01 | 1.0s
[   618] loss=-3.5845 | res=1.64e-02 | grad=5.49e-01 | 1.0s
[   619] loss=-3.4296 | res=2.01e-02 | grad=7.23e-01 | 1.0s
[   620] loss=-3.6069 | res=2.03e-02 | grad=6.57e-01 | 1.0s
[   621] loss=-3.5658 | res=1.73e-02 | grad=4.35e-01 | 1.0s
[   622] loss=-3.4355 | res=2.38e-02 | grad=7.49e-01 | 1.0s
[   623] loss=-3.4131 | res=1.82e-02 | grad=4.74e-01 | 1.0s
[   624] loss=-3.4303 | res=1.96e-02 | grad=5.22e-01 | 1.0s
[   625] loss=-3.4174 | res=2.78e-02 | grad=5.25e-01 | 1.0s
[   626] loss=-3.5225 | res=1.75e-02 | grad=3.09e-01 | 1.0s
[   627] loss=-3.6359 | res=1.98e-02 | grad=6.19e-01 | 1.0s
[   628] loss=-3.4850 | res=2.08e-02 | grad=5.44e-01 | 1.0s
[   629] loss=-3.3662 | res=1.53e-02 | grad=9.84e-01 | 1.0s
[   630] loss=-3.1788 | res=1.95e-02 | grad=8.00e-01 | 1.0s
[   631] loss=-3.4249 | res=1.67e-02 | grad=7.98e-01 | 1.0s
[   632] loss=-3.5196 | res=2.24e-02 | grad=2.17e-01 | 1.0s
[   633] loss=-3.4005 | res=1.63e-02 | grad=6.27e-01 | 1.0s
[   634] loss=-3.5778 | res=2.12e-02 | grad=6.67e-01 | 1.0s
[   635] loss=-3.2570 | res=2.09e-02 | grad=7.72e-01 | 1.0s
[   636] loss=-3.3129 | res=2.43e-02 | grad=1.08e+00 | 1.0s
[   637] loss=-3.3715 | res=2.51e-02 | grad=6.03e-01 | 1.0s
[   638] loss=-3.4263 | res=1.77e-02 | grad=2.88e-01 | 1.0s
[   639] loss=-3.5015 | res=1.52e-02 | grad=7.37e-01 | 1.0s
[   640] loss=-3.4915 | res=1.50e-02 | grad=7.69e-01 | 1.0s
[   641] loss=-3.7937 | res=1.35e-02 | grad=7.13e-01 | 1.0s
[   642] loss=-3.2543 | res=1.64e-02 | grad=9.01e-01 | 1.0s
[   643] loss=-3.5935 | res=1.28e-02 | grad=8.80e-01 | 1.0s
[   644] loss=-3.6690 | res=2.18e-02 | grad=6.20e-01 | 1.0s
[   645] loss=-3.2713 | res=2.04e-02 | grad=5.25e-01 | 1.0s
[   646] loss=-3.4631 | res=1.69e-02 | grad=8.51e-01 | 1.0s
[   647] loss=-3.6375 | res=2.13e-02 | grad=5.90e-01 | 1.0s
[   648] loss=-3.5267 | res=2.25e-02 | grad=8.44e-01 | 1.0s
[   649] loss=-3.4530 | res=1.85e-02 | grad=5.51e-01 | 1.0s
[   650] loss=-3.8537 | res=1.61e-02 | grad=8.25e-01 | 1.0s
[   651] loss=-3.4491 | res=1.69e-02 | grad=5.55e-01 | 1.0s
[   652] loss=-3.2652 | res=2.00e-02 | grad=4.00e-01 | 1.0s
[   653] loss=-3.5316 | res=1.79e-02 | grad=6.82e-01 | 1.0s
[   654] loss=-3.4793 | res=2.25e-02 | grad=9.57e-01 | 1.0s
[   655] loss=-3.4113 | res=1.73e-02 | grad=5.56e-01 | 1.0s
[   656] loss=-3.6033 | res=2.22e-02 | grad=2.73e-01 | 1.0s
[   657] loss=-3.3781 | res=1.67e-02 | grad=5.15e-01 | 1.0s
[   658] loss=-3.3908 | res=2.14e-02 | grad=7.33e-01 | 1.0s
[   659] loss=-3.4479 | res=1.59e-02 | grad=8.68e-01 | 1.0s
[   660] loss=-3.2407 | res=1.93e-02 | grad=4.58e-01 | 1.0s
[   661] loss=-3.5488 | res=1.76e-02 | grad=3.51e-01 | 1.0s
[   662] loss=-3.4894 | res=1.75e-02 | grad=2.74e-01 | 1.0s
[   663] loss=-3.5415 | res=1.56e-02 | grad=6.34e-01 | 1.0s
[   664] loss=-3.2166 | res=1.95e-02 | grad=2.79e-01 | 1.0s
[   665] loss=-3.3395 | res=1.99e-02 | grad=6.88e-01 | 1.0s
[   666] loss=-3.3752 | res=1.72e-02 | grad=8.26e-01 | 1.0s
[   667] loss=-3.2806 | res=2.18e-02 | grad=4.33e-01 | 1.0s
[   668] loss=-3.5642 | res=2.62e-02 | grad=6.60e-01 | 1.0s
[   669] loss=-3.5347 | res=2.32e-02 | grad=1.08e+00 | 1.0s
[   670] loss=-3.3246 | res=1.47e-02 | grad=7.17e-01 | 1.0s
[   671] loss=-3.5241 | res=2.01e-02 | grad=4.72e-01 | 1.0s
[   672] loss=-3.5181 | res=2.64e-02 | grad=4.81e-01 | 1.0s
[   673] loss=-3.3644 | res=2.15e-02 | grad=6.14e-01 | 1.0s
[   674] loss=-3.4509 | res=1.50e-02 | grad=3.16e-01 | 1.0s
[   675] loss=-3.3228 | res=1.53e-02 | grad=9.21e-01 | 1.0s
[   676] loss=-3.5048 | res=1.87e-02 | grad=4.31e-01 | 1.0s
[   677] loss=-3.6591 | res=2.07e-02 | grad=4.90e-01 | 1.0s
[   678] loss=-3.4822 | res=1.57e-02 | grad=2.63e-01 | 1.0s
[   679] loss=-3.5288 | res=2.05e-02 | grad=1.72e-01 | 1.0s
[   680] loss=-3.6033 | res=2.18e-02 | grad=3.26e-01 | 1.0s
[   681] loss=-3.4628 | res=1.76e-02 | grad=3.96e-01 | 1.0s
[   682] loss=-3.3054 | res=1.72e-02 | grad=6.52e-01 | 1.0s
[   683] loss=-3.5078 | res=1.56e-02 | grad=6.28e-01 | 1.0s
[   684] loss=-3.5298 | res=2.34e-02 | grad=4.52e-01 | 1.0s
[   685] loss=-3.4078 | res=2.12e-02 | grad=2.46e-01 | 1.0s
[   686] loss=-3.5400 | res=2.40e-02 | grad=4.55e-01 | 1.0s
[   687] loss=-3.2246 | res=1.48e-02 | grad=4.86e-01 | 1.0s
[   688] loss=-3.3427 | res=1.85e-02 | grad=3.13e-01 | 1.0s
[   689] loss=-3.5577 | res=1.74e-02 | grad=3.88e-01 | 1.0s
[   690] loss=-3.3375 | res=1.86e-02 | grad=3.36e-01 | 1.0s
[   691] loss=-3.3554 | res=1.30e-02 | grad=4.98e-01 | 1.0s
[   692] loss=-3.6150 | res=1.44e-02 | grad=6.10e-01 | 1.0s
[   693] loss=-3.3051 | res=1.94e-02 | grad=5.13e-01 | 1.0s
[   694] loss=-3.2717 | res=1.63e-02 | grad=3.23e-01 | 1.0s
[   695] loss=-3.4004 | res=1.83e-02 | grad=2.39e-01 | 1.0s
[   696] loss=-3.3090 | res=1.64e-02 | grad=7.10e-01 | 1.0s
[   697] loss=-3.4810 | res=2.13e-02 | grad=5.12e-01 | 1.0s
[   698] loss=-3.5894 | res=2.42e-02 | grad=5.56e-01 | 1.0s
[   699] loss=-3.4202 | res=1.32e-02 | grad=5.51e-01 | 1.0s
[   700] loss=-3.5297 | res=2.42e-02 | grad=7.96e-01 | 1.0s
[   701] loss=-3.4522 | res=2.05e-02 | grad=3.42e-01 | 1.0s
[   702] loss=-3.4854 | res=1.63e-02 | grad=2.58e-01 | 1.0s
[   703] loss=-3.3865 | res=2.18e-02 | grad=7.48e-01 | 1.0s
[   704] loss=-3.2359 | res=1.91e-02 | grad=5.26e-01 | 1.0s
[   705] loss=-3.5069 | res=1.29e-02 | grad=6.01e-01 | 1.0s
[   706] loss=-3.4783 | res=2.25e-02 | grad=2.02e-01 | 1.0s
[   707] loss=-3.3386 | res=1.85e-02 | grad=5.00e-01 | 1.0s
[   708] loss=-3.4465 | res=1.92e-02 | grad=3.46e-01 | 1.0s
[   709] loss=-3.2911 | res=1.82e-02 | grad=5.73e-01 | 1.0s
[   710] loss=-3.5693 | res=1.95e-02 | grad=3.99e-01 | 1.0s
[   711] loss=-3.3520 | res=2.13e-02 | grad=5.71e-01 | 1.0s
[   712] loss=-3.4745 | res=1.57e-02 | grad=4.91e-01 | 1.0s
[   713] loss=-3.4992 | res=1.68e-02 | grad=5.82e-01 | 1.0s
[   714] loss=-3.4669 | res=1.90e-02 | grad=2.44e-01 | 1.0s
[   715] loss=-3.4146 | res=2.21e-02 | grad=3.46e-01 | 1.0s
[   716] loss=-3.5441 | res=1.60e-02 | grad=3.76e-01 | 1.0s
[   717] loss=-3.5447 | res=1.59e-02 | grad=5.12e-01 | 1.0s
[   718] loss=-3.5844 | res=1.68e-02 | grad=7.35e-01 | 1.0s
[   719] loss=-3.3748 | res=1.86e-02 | grad=6.87e-01 | 1.0s
[   720] loss=-3.4190 | res=2.15e-02 | grad=4.39e-01 | 1.0s
[   721] loss=-3.4153 | res=1.75e-02 | grad=5.74e-01 | 1.0s
[   722] loss=-3.2998 | res=2.47e-02 | grad=4.58e-01 | 1.0s
[   723] loss=-3.5227 | res=1.74e-02 | grad=4.53e-01 | 1.0s
[   724] loss=-3.5008 | res=1.99e-02 | grad=2.25e-01 | 1.0s
[   725] loss=-3.6623 | res=2.18e-02 | grad=3.51e-01 | 1.0s
[   726] loss=-3.3779 | res=1.18e-02 | grad=4.78e-01 | 1.0s
[   727] loss=-3.6881 | res=2.02e-02 | grad=7.47e-01 | 1.0s
[   728] loss=-3.3013 | res=1.99e-02 | grad=7.32e-01 | 1.0s
[   729] loss=-3.6535 | res=1.57e-02 | grad=3.56e-01 | 1.0s
[   730] loss=-3.5463 | res=1.79e-02 | grad=5.36e-01 | 1.0s
[   731] loss=-3.6135 | res=1.49e-02 | grad=3.97e-01 | 1.0s
[   732] loss=-3.3798 | res=1.65e-02 | grad=4.61e-01 | 1.0s
[   733] loss=-3.6302 | res=1.76e-02 | grad=5.44e-01 | 1.0s
[   734] loss=-3.5265 | res=2.05e-02 | grad=5.45e-01 | 1.0s
[   735] loss=-3.4242 | res=2.12e-02 | grad=6.75e-01 | 1.0s
[   736] loss=-3.4832 | res=1.62e-02 | grad=7.71e-01 | 1.0s
[   737] loss=-3.4819 | res=1.91e-02 | grad=4.95e-01 | 1.0s
[   738] loss=-3.3339 | res=1.76e-02 | grad=5.65e-01 | 1.0s
[   739] loss=-3.5356 | res=1.78e-02 | grad=3.17e-01 | 1.0s
[   740] loss=-3.5306 | res=2.05e-02 | grad=6.67e-01 | 1.0s
[   741] loss=-3.3051 | res=1.74e-02 | grad=5.63e-01 | 1.0s
[   742] loss=-3.4719 | res=1.87e-02 | grad=6.60e-01 | 1.0s
[   743] loss=-3.7579 | res=2.12e-02 | grad=6.27e-01 | 1.0s
[   744] loss=-3.4477 | res=2.26e-02 | grad=6.49e-01 | 1.0s
[   745] loss=-3.5806 | res=2.09e-02 | grad=7.11e-01 | 1.0s
[   746] loss=-3.8282 | res=1.47e-02 | grad=8.02e-01 | 1.0s
[   747] loss=-3.5251 | res=2.38e-02 | grad=5.59e-01 | 1.0s
[   748] loss=-3.3862 | res=1.90e-02 | grad=2.17e-01 | 1.0s
[   749] loss=-3.4964 | res=1.88e-02 | grad=2.62e-01 | 1.0s
[   750] loss=-3.6502 | res=1.44e-02 | grad=5.36e-01 | 1.0s
[   751] loss=-3.5140 | res=1.92e-02 | grad=4.44e-01 | 1.0s
[   752] loss=-3.3686 | res=1.90e-02 | grad=7.60e-01 | 1.0s
[   753] loss=-3.5933 | res=1.49e-02 | grad=6.53e-01 | 1.0s
[   754] loss=-3.3061 | res=1.73e-02 | grad=5.36e-01 | 1.0s
[   755] loss=-3.4930 | res=1.71e-02 | grad=4.23e-01 | 1.0s
[   756] loss=-3.4481 | res=2.01e-02 | grad=3.58e-01 | 1.0s
[   757] loss=-3.3316 | res=1.46e-02 | grad=5.95e-01 | 1.0s
[   758] loss=-3.5432 | res=1.45e-02 | grad=4.13e-01 | 1.0s
[   759] loss=-3.4736 | res=1.62e-02 | grad=5.43e-01 | 1.0s
[   760] loss=-3.4297 | res=1.59e-02 | grad=3.68e-01 | 1.0s
[   761] loss=-3.8214 | res=2.11e-02 | grad=5.62e-01 | 1.0s
[   762] loss=-3.2535 | res=1.43e-02 | grad=5.03e-01 | 1.0s
[   763] loss=-3.6155 | res=1.50e-02 | grad=8.14e-01 | 1.0s
[   764] loss=-3.5223 | res=1.86e-02 | grad=6.83e-01 | 1.0s
[   765] loss=-3.5805 | res=1.76e-02 | grad=4.23e-01 | 1.0s
[   766] loss=-3.5956 | res=1.85e-02 | grad=4.31e-01 | 1.0s
[   767] loss=-3.3679 | res=1.96e-02 | grad=8.62e-01 | 1.0s
[   768] loss=-3.7441 | res=1.91e-02 | grad=5.48e-01 | 1.0s
[   769] loss=-3.3431 | res=2.04e-02 | grad=9.15e-01 | 1.0s
[   770] loss=-3.4947 | res=1.62e-02 | grad=4.92e-01 | 1.0s
[   771] loss=-3.6550 | res=1.72e-02 | grad=5.64e-01 | 1.0s
[   772] loss=-3.2169 | res=1.86e-02 | grad=6.52e-01 | 1.0s
[   773] loss=-3.3465 | res=1.60e-02 | grad=5.55e-01 | 1.0s
[   774] loss=-3.3508 | res=1.81e-02 | grad=4.01e-01 | 1.0s
[   775] loss=-3.7111 | res=1.20e-02 | grad=8.71e-01 | 1.0s
[   776] loss=-3.4528 | res=1.72e-02 | grad=5.16e-01 | 1.0s
[   777] loss=-3.3201 | res=2.15e-02 | grad=6.44e-01 | 1.0s
[   778] loss=-3.4863 | res=2.00e-02 | grad=5.12e-01 | 1.0s
[   779] loss=-3.4978 | res=1.77e-02 | grad=2.44e-01 | 1.0s
[   780] loss=-3.3861 | res=1.91e-02 | grad=6.69e-01 | 1.0s
[   781] loss=-3.4134 | res=1.74e-02 | grad=6.60e-01 | 1.0s
[   782] loss=-3.4829 | res=1.79e-02 | grad=8.45e-01 | 1.0s
[   783] loss=-3.6409 | res=1.62e-02 | grad=5.76e-01 | 1.0s
[   784] loss=-3.3582 | res=1.98e-02 | grad=4.80e-01 | 1.0s
[   785] loss=-3.5680 | res=1.79e-02 | grad=6.25e-01 | 1.0s
[   786] loss=-3.6155 | res=1.93e-02 | grad=5.86e-01 | 1.0s
[   787] loss=-3.4005 | res=2.09e-02 | grad=6.07e-01 | 1.0s
[   788] loss=-3.3835 | res=1.90e-02 | grad=4.26e-01 | 1.0s
[   789] loss=-3.5172 | res=1.92e-02 | grad=5.12e-01 | 1.0s
[   790] loss=-3.6460 | res=1.67e-02 | grad=2.46e-01 | 1.0s
[   791] loss=-3.7317 | res=1.65e-02 | grad=5.08e-01 | 1.0s
[   792] loss=-3.3611 | res=1.89e-02 | grad=4.44e-01 | 1.0s
[   793] loss=-3.6388 | res=1.77e-02 | grad=2.53e-01 | 1.0s
[   794] loss=-3.4743 | res=1.68e-02 | grad=4.19e-01 | 1.0s
[   795] loss=-3.4584 | res=1.46e-02 | grad=2.43e-01 | 1.0s
[   796] loss=-3.6104 | res=1.69e-02 | grad=7.77e-01 | 1.0s
[   797] loss=-3.4485 | res=1.66e-02 | grad=1.07e+00 | 1.0s
[   798] loss=-3.3220 | res=1.76e-02 | grad=7.58e-01 | 1.0s
[   799] loss=-3.8068 | res=1.80e-02 | grad=9.28e-01 | 1.0s
[   800] loss=-3.3839 | res=1.32e-02 | grad=6.09e-01 | 1.0s
[   801] loss=-3.5979 | res=2.16e-02 | grad=4.71e-01 | 1.0s
[   802] loss=-3.6447 | res=1.64e-02 | grad=9.07e-01 | 1.0s
[   803] loss=-3.2435 | res=1.39e-02 | grad=8.75e-01 | 1.0s
[   804] loss=-3.6847 | res=1.75e-02 | grad=6.08e-01 | 1.0s
[   805] loss=-3.4385 | res=1.65e-02 | grad=4.91e-01 | 1.0s
[   806] loss=-3.3106 | res=1.66e-02 | grad=1.01e+00 | 1.0s
[   807] loss=-3.2173 | res=1.66e-02 | grad=4.78e-01 | 1.0s
[   808] loss=-3.2891 | res=1.43e-02 | grad=4.97e-01 | 1.0s
[   809] loss=-3.5706 | res=1.26e-02 | grad=7.61e-01 | 1.0s
[   810] loss=-3.4360 | res=2.23e-02 | grad=7.56e-01 | 1.0s
[   811] loss=-3.5248 | res=1.59e-02 | grad=8.90e-01 | 1.0s
[   812] loss=-3.4217 | res=1.64e-02 | grad=4.83e-01 | 1.0s
[   813] loss=-3.3067 | res=1.47e-02 | grad=4.33e-01 | 1.0s
[   814] loss=-3.3142 | res=1.34e-02 | grad=3.47e-01 | 1.0s
[   815] loss=-3.5888 | res=1.30e-02 | grad=6.56e-01 | 1.0s
[   816] loss=-3.6478 | res=2.10e-02 | grad=6.59e-01 | 1.0s
[   817] loss=-3.4728 | res=1.64e-02 | grad=7.89e-01 | 1.0s
[   818] loss=-3.4858 | res=1.57e-02 | grad=6.91e-01 | 1.0s
[   819] loss=-3.3258 | res=1.57e-02 | grad=6.67e-01 | 1.0s
[   820] loss=-3.4837 | res=1.58e-02 | grad=6.24e-01 | 1.0s
[   821] loss=-3.5571 | res=1.40e-02 | grad=7.00e-01 | 1.0s
[   822] loss=-3.4026 | res=1.63e-02 | grad=5.92e-01 | 1.0s
[   823] loss=-3.6382 | res=1.46e-02 | grad=7.68e-01 | 1.0s
[   824] loss=-3.4951 | res=1.95e-02 | grad=4.30e-01 | 1.0s
[   825] loss=-3.4358 | res=1.75e-02 | grad=4.64e-01 | 1.0s
[   826] loss=-3.5613 | res=1.62e-02 | grad=3.90e-01 | 1.0s
[   827] loss=-3.5362 | res=1.54e-02 | grad=5.63e-01 | 1.0s
[   828] loss=-3.7389 | res=1.56e-02 | grad=6.64e-01 | 1.0s
[   829] loss=-3.4324 | res=1.42e-02 | grad=6.34e-01 | 1.0s
[   830] loss=-3.4824 | res=1.44e-02 | grad=3.47e-01 | 1.0s
[   831] loss=-3.3424 | res=1.79e-02 | grad=5.93e-01 | 1.0s
[   832] loss=-3.4700 | res=1.77e-02 | grad=4.26e-01 | 1.0s
[   833] loss=-3.4874 | res=1.36e-02 | grad=4.11e-01 | 1.0s
[   834] loss=-3.3828 | res=1.35e-02 | grad=5.90e-01 | 1.0s
[   835] loss=-3.7365 | res=1.85e-02 | grad=5.97e-01 | 1.0s
[   836] loss=-3.4009 | res=1.93e-02 | grad=3.30e-01 | 1.0s
[   837] loss=-3.7690 | res=1.85e-02 | grad=5.85e-01 | 1.0s
[   838] loss=-3.1410 | res=2.24e-02 | grad=5.96e-01 | 1.0s
[   839] loss=-3.3638 | res=2.17e-02 | grad=6.21e-01 | 1.0s
[   840] loss=-3.6281 | res=1.68e-02 | grad=7.41e-01 | 1.0s
[   841] loss=-3.5561 | res=1.82e-02 | grad=4.59e-01 | 1.0s
[   842] loss=-3.4853 | res=1.79e-02 | grad=2.45e-01 | 1.0s
[   843] loss=-3.4126 | res=1.26e-02 | grad=4.75e-01 | 1.0s
[   844] loss=-3.3172 | res=1.63e-02 | grad=4.46e-01 | 1.0s
[   845] loss=-3.3973 | res=1.45e-02 | grad=3.46e-01 | 1.0s
[   846] loss=-3.4058 | res=1.58e-02 | grad=4.53e-01 | 1.0s
[   847] loss=-3.5664 | res=1.83e-02 | grad=5.61e-01 | 1.0s
[   848] loss=-3.4096 | res=2.45e-02 | grad=3.89e-01 | 1.0s
[   849] loss=-3.3148 | res=1.47e-02 | grad=3.47e-01 | 1.0s
[   850] loss=-3.3124 | res=1.67e-02 | grad=5.00e-01 | 1.0s
[   851] loss=-3.4184 | res=1.33e-02 | grad=4.60e-01 | 1.0s
[   852] loss=-3.5577 | res=1.80e-02 | grad=5.01e-01 | 1.0s
[   853] loss=-3.2718 | res=1.37e-02 | grad=3.64e-01 | 1.0s
[   854] loss=-3.5181 | res=1.69e-02 | grad=3.38e-01 | 1.0s
[   855] loss=-3.3767 | res=1.64e-02 | grad=4.54e-01 | 1.0s
[   856] loss=-3.4107 | res=1.88e-02 | grad=2.47e-01 | 1.0s
[   857] loss=-3.4105 | res=1.97e-02 | grad=3.93e-01 | 1.0s
[   858] loss=-3.5306 | res=1.73e-02 | grad=5.48e-01 | 1.0s
[   859] loss=-3.5031 | res=2.07e-02 | grad=5.86e-01 | 1.0s
[   860] loss=-3.3465 | res=1.97e-02 | grad=2.58e-01 | 1.0s
[   861] loss=-3.4536 | res=1.36e-02 | grad=6.92e-01 | 1.0s
[   862] loss=-3.2001 | res=1.31e-02 | grad=6.31e-01 | 1.0s
[   863] loss=-3.6795 | res=1.61e-02 | grad=2.09e-01 | 1.0s
[   864] loss=-3.3399 | res=1.28e-02 | grad=7.08e-01 | 1.0s
[   865] loss=-3.5223 | res=1.35e-02 | grad=5.60e-01 | 1.0s
[   866] loss=-3.3597 | res=1.44e-02 | grad=1.91e-01 | 1.0s
[   867] loss=-3.5820 | res=1.57e-02 | grad=4.66e-01 | 1.0s
[   868] loss=-3.4024 | res=1.49e-02 | grad=7.77e-01 | 1.0s
[   869] loss=-3.5774 | res=1.31e-02 | grad=5.02e-01 | 1.0s
[   870] loss=-3.5994 | res=1.26e-02 | grad=3.03e-01 | 1.0s
[   871] loss=-3.3309 | res=1.79e-02 | grad=3.22e-01 | 1.0s
[   872] loss=-3.7220 | res=1.50e-02 | grad=6.10e-01 | 1.0s
[   873] loss=-3.3640 | res=1.58e-02 | grad=4.44e-01 | 1.0s
[   874] loss=-3.4930 | res=2.10e-02 | grad=2.33e-01 | 1.0s
[   875] loss=-3.5128 | res=1.60e-02 | grad=2.28e-01 | 1.0s
[   876] loss=-3.6970 | res=1.56e-02 | grad=8.85e-01 | 1.0s
[   877] loss=-3.4852 | res=1.22e-02 | grad=3.57e-01 | 1.0s
[   878] loss=-3.3191 | res=1.95e-02 | grad=4.95e-01 | 1.0s
[   879] loss=-3.4920 | res=1.99e-02 | grad=2.71e-01 | 1.0s
[   880] loss=-3.3810 | res=2.15e-02 | grad=7.51e-01 | 1.0s
[   881] loss=-3.6068 | res=2.21e-02 | grad=5.40e-01 | 1.0s
[   882] loss=-3.5471 | res=1.68e-02 | grad=3.56e-01 | 1.0s
[   883] loss=-3.6977 | res=1.96e-02 | grad=6.05e-01 | 1.0s
[   884] loss=-3.4119 | res=1.55e-02 | grad=4.11e-01 | 1.0s
[   885] loss=-3.3706 | res=2.03e-02 | grad=7.04e-01 | 1.0s
[   886] loss=-3.5212 | res=1.40e-02 | grad=7.02e-01 | 1.0s
[   887] loss=-3.3698 | res=1.50e-02 | grad=3.41e-01 | 1.0s
[   888] loss=-3.5086 | res=2.24e-02 | grad=3.53e-01 | 1.0s
[   889] loss=-3.2149 | res=1.53e-02 | grad=7.86e-01 | 1.0s
[   890] loss=-3.5177 | res=1.70e-02 | grad=2.17e-01 | 1.0s
[   891] loss=-3.4782 | res=1.89e-02 | grad=3.66e-01 | 1.0s
[   892] loss=-3.4912 | res=2.17e-02 | grad=3.91e-01 | 1.0s
[   893] loss=-3.5161 | res=1.62e-02 | grad=1.00e+00 | 1.0s
[   894] loss=-3.5985 | res=1.11e-02 | grad=5.45e-01 | 1.0s
[   895] loss=-3.5231 | res=1.47e-02 | grad=5.86e-01 | 1.0s
[   896] loss=-3.6950 | res=1.64e-02 | grad=3.46e-01 | 1.0s
[   897] loss=-3.6395 | res=1.22e-02 | grad=4.66e-01 | 1.0s
[   898] loss=-3.3188 | res=1.79e-02 | grad=8.20e-01 | 1.0s
[   899] loss=-3.3338 | res=1.62e-02 | grad=6.67e-01 | 1.0s
[   900] loss=-3.6127 | res=1.97e-02 | grad=5.01e-01 | 1.0s
[   901] loss=-3.5435 | res=1.46e-02 | grad=5.97e-01 | 1.0s
[   902] loss=-3.3693 | res=1.07e-02 | grad=6.65e-01 | 1.0s
[   903] loss=-3.3490 | res=1.23e-02 | grad=4.87e-01 | 1.0s
[   904] loss=-3.5583 | res=1.81e-02 | grad=1.93e-01 | 1.0s
[   905] loss=-3.5669 | res=1.60e-02 | grad=9.50e-01 | 1.0s
[   906] loss=-3.3275 | res=2.09e-02 | grad=4.16e-01 | 1.0s
[   907] loss=-3.5860 | res=1.74e-02 | grad=3.79e-01 | 1.0s
[   908] loss=-3.6113 | res=1.44e-02 | grad=4.50e-01 | 1.0s
[   909] loss=-3.5282 | res=1.42e-02 | grad=6.17e-01 | 1.0s
[   910] loss=-3.6700 | res=1.84e-02 | grad=6.73e-01 | 1.0s
[   911] loss=-3.5429 | res=1.40e-02 | grad=3.20e-01 | 1.0s
[   912] loss=-3.3717 | res=1.89e-02 | grad=5.20e-01 | 1.0s
[   913] loss=-3.3626 | res=1.92e-02 | grad=4.93e-01 | 1.0s
[   914] loss=-3.5327 | res=1.40e-02 | grad=6.72e-01 | 1.0s
[   915] loss=-3.5273 | res=1.47e-02 | grad=2.94e-01 | 1.0s
[   916] loss=-3.5193 | res=1.53e-02 | grad=4.60e-01 | 1.0s
[   917] loss=-3.1791 | res=1.78e-02 | grad=4.88e-01 | 1.0s
[   918] loss=-3.3257 | res=1.77e-02 | grad=3.51e-01 | 1.0s
[   919] loss=-3.3566 | res=2.12e-02 | grad=3.17e-01 | 1.0s
[   920] loss=-3.5518 | res=1.31e-02 | grad=4.14e-01 | 1.0s
[   921] loss=-3.6190 | res=1.86e-02 | grad=5.40e-01 | 1.0s
[   922] loss=-3.7327 | res=1.84e-02 | grad=7.78e-01 | 1.0s
[   923] loss=-3.6475 | res=2.07e-02 | grad=5.46e-01 | 1.0s
[   924] loss=-3.2793 | res=1.82e-02 | grad=4.02e-01 | 1.0s
[   925] loss=-3.7459 | res=1.84e-02 | grad=9.02e-01 | 1.0s
[   926] loss=-3.2237 | res=1.57e-02 | grad=5.37e-01 | 1.0s
[   927] loss=-3.3334 | res=1.63e-02 | grad=9.83e-01 | 1.0s
[   928] loss=-3.3021 | res=1.96e-02 | grad=7.17e-01 | 1.0s
[   929] loss=-3.4465 | res=1.45e-02 | grad=3.33e-01 | 1.0s
[   930] loss=-3.4063 | res=1.54e-02 | grad=6.12e-01 | 1.0s
[   931] loss=-3.4115 | res=1.75e-02 | grad=5.28e-01 | 1.0s
[   932] loss=-3.5927 | res=1.69e-02 | grad=7.20e-01 | 1.0s
[   933] loss=-3.4969 | res=1.88e-02 | grad=4.15e-01 | 1.0s
[   934] loss=-3.6188 | res=1.96e-02 | grad=2.51e-01 | 1.0s
[   935] loss=-3.3477 | res=1.50e-02 | grad=7.55e-01 | 1.0s
[   936] loss=-3.5312 | res=2.21e-02 | grad=6.74e-01 | 1.0s
[   937] loss=-3.2957 | res=2.01e-02 | grad=6.54e-01 | 1.0s
[   938] loss=-3.3833 | res=1.22e-02 | grad=3.19e-01 | 1.0s
[   939] loss=-3.5318 | res=2.03e-02 | grad=5.55e-01 | 1.0s
[   940] loss=-3.6250 | res=1.49e-02 | grad=3.37e-01 | 1.0s
[   941] loss=-3.2256 | res=1.88e-02 | grad=6.05e-01 | 1.0s
[   942] loss=-3.5720 | res=1.55e-02 | grad=3.74e-01 | 1.0s
[   943] loss=-3.5694 | res=2.14e-02 | grad=5.04e-01 | 1.0s
[   944] loss=-3.4135 | res=1.40e-02 | grad=5.77e-01 | 1.0s
[   945] loss=-3.3639 | res=1.21e-02 | grad=7.50e-01 | 1.0s
[   946] loss=-3.3232 | res=1.45e-02 | grad=3.08e-01 | 1.0s
[   947] loss=-3.3410 | res=1.51e-02 | grad=4.18e-01 | 1.0s
[   948] loss=-3.3815 | res=1.18e-02 | grad=3.32e-01 | 1.0s
[   949] loss=-3.3192 | res=9.95e-03 | grad=2.13e-01 | 1.0s
[   950] loss=-3.4860 | res=1.72e-02 | grad=4.14e-01 | 1.0s
[   951] loss=-3.6050 | res=1.39e-02 | grad=4.71e-01 | 1.0s
[   952] loss=-4.0602 | res=1.65e-02 | grad=9.48e-01 | 1.0s
[   953] loss=-3.2627 | res=1.47e-02 | grad=7.56e-01 | 1.0s
[   954] loss=-3.5569 | res=1.50e-02 | grad=6.23e-01 | 1.0s
[   955] loss=-3.5529 | res=2.26e-02 | grad=5.46e-01 | 1.0s
[   956] loss=-3.4436 | res=1.47e-02 | grad=4.80e-01 | 1.0s
[   957] loss=-3.4889 | res=1.60e-02 | grad=5.85e-01 | 1.0s
[   958] loss=-3.2139 | res=1.73e-02 | grad=5.63e-01 | 1.0s
[   959] loss=-3.3483 | res=1.93e-02 | grad=4.90e-01 | 1.0s
[   960] loss=-3.3368 | res=1.65e-02 | grad=1.99e-01 | 1.0s
[   961] loss=-3.7566 | res=1.60e-02 | grad=4.95e-01 | 1.0s
[   962] loss=-3.3221 | res=1.38e-02 | grad=6.23e-01 | 1.0s
[   963] loss=-3.4732 | res=1.58e-02 | grad=6.69e-01 | 1.0s
[   964] loss=-3.3099 | res=1.60e-02 | grad=8.07e-01 | 1.0s
[   965] loss=-3.6768 | res=1.53e-02 | grad=5.14e-01 | 1.0s
[   966] loss=-3.5999 | res=1.61e-02 | grad=4.23e-01 | 1.0s
[   967] loss=-3.6116 | res=1.71e-02 | grad=5.76e-01 | 1.0s
[   968] loss=-3.3007 | res=1.59e-02 | grad=2.30e-01 | 1.0s
[   969] loss=-3.0963 | res=1.89e-02 | grad=6.86e-01 | 1.0s
[   970] loss=-3.5945 | res=1.42e-02 | grad=5.82e-01 | 1.0s
[   971] loss=-3.6002 | res=1.28e-02 | grad=5.64e-01 | 1.0s
[   972] loss=-3.6351 | res=1.57e-02 | grad=3.95e-01 | 1.0s
[   973] loss=-3.3638 | res=1.38e-02 | grad=4.45e-01 | 1.0s
[   974] loss=-3.4268 | res=1.62e-02 | grad=3.74e-01 | 1.0s
[   975] loss=-3.4157 | res=1.56e-02 | grad=4.23e-01 | 1.0s
[   976] loss=-3.5113 | res=1.35e-02 | grad=3.26e-01 | 1.0s
[   977] loss=-3.4197 | res=1.28e-02 | grad=4.80e-01 | 1.0s
[   978] loss=-3.3349 | res=1.60e-02 | grad=7.35e-01 | 1.0s
[   979] loss=-3.6250 | res=1.29e-02 | grad=5.19e-01 | 1.0s
[   980] loss=-3.4227 | res=1.07e-02 | grad=7.82e-01 | 1.0s
[   981] loss=-3.5642 | res=1.87e-02 | grad=4.52e-01 | 1.0s
[   982] loss=-3.7125 | res=1.47e-02 | grad=6.76e-01 | 1.0s
[   983] loss=-3.3496 | res=1.67e-02 | grad=3.49e-01 | 1.0s
[   984] loss=-3.5535 | res=1.88e-02 | grad=8.46e-01 | 1.0s
[   985] loss=-3.3340 | res=1.56e-02 | grad=6.13e-01 | 1.0s
[   986] loss=-3.5552 | res=9.92e-03 | grad=5.11e-01 | 1.0s
[   987] loss=-3.5076 | res=1.31e-02 | grad=4.22e-01 | 1.0s
[   988] loss=-3.4591 | res=1.57e-02 | grad=4.98e-01 | 1.0s
[   989] loss=-3.6823 | res=8.45e-03 | grad=4.91e-01 | 1.0s
[   990] loss=-3.7367 | res=1.66e-02 | grad=5.30e-01 | 1.0s
[   991] loss=-3.5927 | res=1.44e-02 | grad=6.61e-01 | 1.0s
[   992] loss=-3.2553 | res=1.49e-02 | grad=5.33e-01 | 1.0s
[   993] loss=-3.2942 | res=1.23e-02 | grad=4.42e-01 | 1.0s
[   994] loss=-3.2492 | res=1.57e-02 | grad=5.96e-01 | 1.0s
[   995] loss=-3.4320 | res=1.35e-02 | grad=3.72e-01 | 1.0s
[   996] loss=-3.5586 | res=1.38e-02 | grad=2.59e-01 | 1.0s
[   997] loss=-3.2704 | res=2.06e-02 | grad=5.39e-01 | 1.0s
[   998] loss=-3.7336 | res=1.36e-02 | grad=6.04e-01 | 1.0s
[   999] loss=-3.6605 | res=1.04e-02 | grad=6.89e-01 | 1.0s
[  1000] loss=-3.6856 | res=1.32e-02 | grad=6.84e-01 | 1.0s
  KL = 0.4303 +/- 0.0107  |  ESS = 831.8 (ratio: 0.812)
  Runtime = 985.1s

[Ours] Training on T4...
/home/sjbhatt/anaconda3/envs/rcpms-jax/lib/python3.10/site-packages/jax/_src/ops/scatter.py:92: FutureWarning: scatter inputs have incompatible types: cannot safely cast value from dtype=int64 to dtype=int32 with jax_numpy_dtype_promotion='standard'. In future JAX releases this will result in an error.
  warnings.warn(
/home/sjbhatt/anaconda3/envs/rcpms-jax/lib/python3.10/site-packages/jax/_src/ops/scatter.py:92: FutureWarning: scatter inputs have incompatible types: cannot safely cast value from dtype=int64 to dtype=int32 with jax_numpy_dtype_promotion='standard'. In future JAX releases this will result in an error.
  warnings.warn(
[     1] loss=0.0029 | res=2.79e-03 | grad=6.85e+00 | 6.8s
[     2] loss=-0.1566 | res=2.33e-03 | grad=6.65e+00 | 0.9s
[     3] loss=-0.3173 | res=2.86e-03 | grad=7.05e+00 | 0.9s
[     4] loss=-0.4856 | res=4.36e-03 | grad=7.53e+00 | 0.9s
[     5] loss=-0.6569 | res=5.36e-03 | grad=8.44e+00 | 0.9s
[     6] loss=-0.8197 | res=5.20e-03 | grad=9.09e+00 | 0.9s
[     7] loss=-0.9948 | res=8.44e-03 | grad=9.73e+00 | 0.9s
[     8] loss=-1.2398 | res=9.54e-03 | grad=1.08e+01 | 0.9s
[     9] loss=-1.4438 | res=1.11e-02 | grad=1.11e+01 | 0.9s
[    10] loss=-1.5537 | res=1.05e-02 | grad=1.06e+01 | 0.9s
[    11] loss=-1.8371 | res=1.27e-02 | grad=1.09e+01 | 0.9s
[    12] loss=-2.0717 | res=1.63e-02 | grad=1.07e+01 | 0.9s
[    13] loss=-2.1500 | res=1.39e-02 | grad=9.70e+00 | 0.9s
[    14] loss=-2.4006 | res=1.37e-02 | grad=9.55e+00 | 0.9s
[    15] loss=-2.7408 | res=1.72e-02 | grad=9.38e+00 | 0.9s
[    16] loss=-2.5902 | res=1.77e-02 | grad=8.10e+00 | 0.9s
[    17] loss=-2.8289 | res=1.75e-02 | grad=7.92e+00 | 0.9s
[    18] loss=-3.1061 | res=1.69e-02 | grad=7.86e+00 | 0.9s
[    19] loss=-3.2055 | res=1.80e-02 | grad=7.30e+00 | 0.9s
[    20] loss=-3.2801 | res=1.39e-02 | grad=7.00e+00 | 0.9s
[    21] loss=-3.7322 | res=1.79e-02 | grad=7.05e+00 | 0.9s
[    22] loss=-3.7233 | res=2.60e-02 | grad=6.27e+00 | 0.9s
[    23] loss=-3.9431 | res=2.45e-02 | grad=5.99e+00 | 0.9s
[    24] loss=-4.0288 | res=2.71e-02 | grad=5.45e+00 | 0.9s
[    25] loss=-4.1051 | res=3.04e-02 | grad=4.85e+00 | 0.9s
[    26] loss=-4.3593 | res=3.02e-02 | grad=4.68e+00 | 0.9s
[    27] loss=-4.5733 | res=3.45e-02 | grad=4.26e+00 | 0.9s
[    28] loss=-4.3951 | res=2.89e-02 | grad=3.32e+00 | 0.9s
[    29] loss=-4.2545 | res=3.35e-02 | grad=2.68e+00 | 0.9s
[    30] loss=-4.4802 | res=4.35e-02 | grad=2.56e+00 | 0.9s
[    31] loss=-4.8046 | res=3.60e-02 | grad=2.00e+00 | 0.9s
[    32] loss=-4.3836 | res=4.02e-02 | grad=1.20e+00 | 0.9s
[    33] loss=-4.4846 | res=5.06e-02 | grad=8.02e-01 | 0.9s
[    34] loss=-4.4780 | res=4.24e-02 | grad=5.84e-01 | 0.9s
[    35] loss=-4.6788 | res=4.96e-02 | grad=6.35e-01 | 0.9s
[    36] loss=-4.6904 | res=6.89e-02 | grad=6.02e-01 | 0.9s
[    37] loss=-4.4072 | res=6.96e-02 | grad=5.90e-01 | 0.9s
[    38] loss=-4.6425 | res=6.33e-02 | grad=8.47e-01 | 0.9s
[    39] loss=-4.7564 | res=6.54e-02 | grad=6.87e-01 | 0.9s
[    40] loss=-4.7122 | res=8.72e-02 | grad=1.01e+00 | 0.9s
[    41] loss=-4.7989 | res=7.69e-02 | grad=8.44e-01 | 0.9s
[    42] loss=-4.9158 | res=8.22e-02 | grad=5.91e-01 | 0.9s
[    43] loss=-4.4370 | res=8.54e-02 | grad=1.56e+00 | 0.9s
[    44] loss=-4.3371 | res=9.01e-02 | grad=1.68e+00 | 0.9s
[    45] loss=-4.5180 | res=7.74e-02 | grad=1.12e+00 | 0.9s
[    46] loss=-4.4208 | res=9.98e-02 | grad=1.33e+00 | 0.9s
[    47] loss=-4.4155 | res=9.08e-02 | grad=1.24e+00 | 0.9s
[    48] loss=-4.4892 | res=1.06e-01 | grad=1.34e+00 | 0.9s
[    49] loss=-4.7020 | res=8.97e-02 | grad=9.30e-01 | 0.9s
[    50] loss=-4.5451 | res=1.06e-01 | grad=1.14e+00 | 0.9s
[    51] loss=-4.4164 | res=9.24e-02 | grad=1.18e+00 | 0.9s
[    52] loss=-4.8021 | res=8.79e-02 | grad=6.24e-01 | 0.9s
[    53] loss=-4.4967 | res=1.01e-01 | grad=5.03e-01 | 0.9s
[    54] loss=-4.8467 | res=9.88e-02 | grad=8.35e-01 | 0.9s
[    55] loss=-4.6282 | res=9.42e-02 | grad=1.16e+00 | 0.9s
[    56] loss=-4.5347 | res=9.37e-02 | grad=5.79e-01 | 0.9s
[    57] loss=-4.8948 | res=8.18e-02 | grad=7.27e-01 | 0.9s
[    58] loss=-4.5392 | res=9.57e-02 | grad=7.59e-01 | 0.9s
[    59] loss=-4.6749 | res=9.12e-02 | grad=4.54e-01 | 0.9s
[    60] loss=-4.6317 | res=8.96e-02 | grad=1.00e+00 | 0.9s
[    61] loss=-4.7408 | res=1.03e-01 | grad=1.18e+00 | 0.9s
[    62] loss=-4.5679 | res=9.97e-02 | grad=3.73e-01 | 0.9s
[    63] loss=-4.4343 | res=8.90e-02 | grad=7.23e-01 | 0.9s
[    64] loss=-4.4414 | res=8.71e-02 | grad=8.75e-01 | 0.9s
[    65] loss=-4.7180 | res=9.77e-02 | grad=9.36e-01 | 0.9s
[    66] loss=-4.5385 | res=9.26e-02 | grad=1.25e+00 | 0.9s
[    67] loss=-4.6815 | res=9.46e-02 | grad=8.89e-01 | 0.9s
[    68] loss=-4.4985 | res=9.16e-02 | grad=9.30e-01 | 0.9s
[    69] loss=-4.3783 | res=9.44e-02 | grad=9.81e-01 | 0.9s
[    70] loss=-4.8195 | res=9.64e-02 | grad=9.25e-01 | 0.9s
[    71] loss=-4.3590 | res=9.00e-02 | grad=8.60e-01 | 0.9s
[    72] loss=-4.5858 | res=8.36e-02 | grad=1.19e+00 | 0.9s
[    73] loss=-4.5582 | res=8.58e-02 | grad=1.33e+00 | 0.9s
[    74] loss=-4.8211 | res=8.45e-02 | grad=3.08e-01 | 0.9s
[    75] loss=-4.5287 | res=9.28e-02 | grad=1.07e+00 | 0.9s
[    76] loss=-4.7283 | res=9.03e-02 | grad=1.28e+00 | 0.9s
[    77] loss=-4.3046 | res=9.99e-02 | grad=2.19e+00 | 0.9s
[    78] loss=-4.4322 | res=9.68e-02 | grad=6.79e-01 | 0.9s
[    79] loss=-4.3943 | res=8.01e-02 | grad=2.97e-01 | 0.9s
[    80] loss=-4.7775 | res=9.96e-02 | grad=1.27e+00 | 0.9s
[    81] loss=-4.4342 | res=9.54e-02 | grad=1.89e+00 | 0.9s
[    82] loss=-4.5305 | res=8.99e-02 | grad=1.30e+00 | 0.9s
[    83] loss=-4.3798 | res=9.62e-02 | grad=9.14e-01 | 0.9s
[    84] loss=-4.8133 | res=9.36e-02 | grad=8.64e-01 | 0.9s
[    85] loss=-4.4568 | res=9.40e-02 | grad=3.80e-01 | 0.9s
[    86] loss=-4.4574 | res=9.98e-02 | grad=1.04e+00 | 0.9s
[    87] loss=-4.5206 | res=1.01e-01 | grad=1.45e+00 | 0.9s
[    88] loss=-4.4723 | res=9.59e-02 | grad=1.62e+00 | 0.9s
[    89] loss=-4.6080 | res=8.58e-02 | grad=9.90e-01 | 0.9s
[    90] loss=-4.8301 | res=8.00e-02 | grad=8.01e-01 | 0.9s
[    91] loss=-4.5517 | res=1.02e-01 | grad=1.01e+00 | 0.9s
[    92] loss=-4.5906 | res=9.21e-02 | grad=6.55e-01 | 0.9s
[    93] loss=-4.7075 | res=1.09e-01 | grad=7.85e-01 | 0.9s
[    94] loss=-4.9322 | res=9.19e-02 | grad=5.35e-01 | 0.9s
[    95] loss=-4.5460 | res=9.37e-02 | grad=5.58e-01 | 0.9s
[    96] loss=-4.4613 | res=9.69e-02 | grad=4.23e-01 | 0.9s
[    97] loss=-4.6492 | res=1.12e-01 | grad=8.19e-01 | 0.9s
[    98] loss=-4.4895 | res=9.77e-02 | grad=4.15e-01 | 0.9s
[    99] loss=-4.7554 | res=8.86e-02 | grad=7.73e-01 | 0.9s
[   100] loss=-4.9029 | res=9.09e-02 | grad=7.87e-01 | 0.9s
[   101] loss=-4.6856 | res=8.81e-02 | grad=6.88e-01 | 0.9s
[   102] loss=-4.3086 | res=9.31e-02 | grad=1.06e+00 | 0.9s
[   103] loss=-4.3671 | res=1.05e-01 | grad=4.75e-01 | 0.9s
[   104] loss=-4.6550 | res=1.02e-01 | grad=4.10e-01 | 0.9s
[   105] loss=-4.8615 | res=9.59e-02 | grad=5.20e-01 | 0.9s
[   106] loss=-4.6470 | res=1.04e-01 | grad=6.94e-01 | 0.9s
[   107] loss=-4.5262 | res=9.95e-02 | grad=2.84e-01 | 0.9s
[   108] loss=-4.3979 | res=8.97e-02 | grad=9.12e-01 | 0.9s
[   109] loss=-4.5992 | res=1.01e-01 | grad=9.40e-01 | 0.9s
[   110] loss=-4.7122 | res=9.10e-02 | grad=4.16e-01 | 0.9s
[   111] loss=-4.4496 | res=1.08e-01 | grad=4.54e-01 | 0.9s
[   112] loss=-4.9512 | res=9.95e-02 | grad=5.64e-01 | 0.9s
[   113] loss=-4.8806 | res=1.19e-01 | grad=5.67e-01 | 0.9s
[   114] loss=-4.5310 | res=9.91e-02 | grad=5.30e-01 | 0.9s
[   115] loss=-4.6517 | res=8.93e-02 | grad=8.56e-01 | 0.9s
[   116] loss=-4.6699 | res=9.90e-02 | grad=5.76e-01 | 0.9s
[   117] loss=-4.5866 | res=1.09e-01 | grad=4.96e-01 | 0.9s
[   118] loss=-4.3442 | res=9.29e-02 | grad=5.40e-01 | 0.9s
[   119] loss=-4.6061 | res=1.03e-01 | grad=6.89e-01 | 0.9s
[   120] loss=-4.4241 | res=1.00e-01 | grad=5.33e-01 | 0.9s
[   121] loss=-4.8837 | res=1.01e-01 | grad=7.74e-01 | 0.9s
[   122] loss=-4.7251 | res=1.11e-01 | grad=7.57e-01 | 0.9s
[   123] loss=-4.5702 | res=9.67e-02 | grad=7.99e-01 | 0.9s
[   124] loss=-4.4828 | res=1.14e-01 | grad=7.61e-01 | 0.9s
[   125] loss=-4.5209 | res=9.76e-02 | grad=3.90e-01 | 0.9s
[   126] loss=-4.5553 | res=1.01e-01 | grad=7.73e-01 | 0.9s
[   127] loss=-4.6807 | res=1.07e-01 | grad=7.66e-01 | 0.9s
[   128] loss=-4.8257 | res=1.00e-01 | grad=8.64e-01 | 0.9s
[   129] loss=-4.6892 | res=9.20e-02 | grad=4.48e-01 | 0.9s
[   130] loss=-5.0249 | res=1.10e-01 | grad=7.50e-01 | 0.9s
[   131] loss=-4.4423 | res=1.13e-01 | grad=7.81e-01 | 0.9s
[   132] loss=-4.9738 | res=7.46e-02 | grad=5.71e-01 | 0.9s
[   133] loss=-4.9179 | res=8.76e-02 | grad=4.08e-01 | 0.9s
[   134] loss=-4.5351 | res=9.37e-02 | grad=9.82e-01 | 0.9s
[   135] loss=-4.3004 | res=1.04e-01 | grad=8.60e-01 | 0.9s
[   136] loss=-4.8424 | res=1.02e-01 | grad=4.71e-01 | 0.9s
[   137] loss=-4.6497 | res=9.94e-02 | grad=8.31e-01 | 0.9s
[   138] loss=-4.6705 | res=1.05e-01 | grad=6.49e-01 | 0.9s
[   139] loss=-4.5542 | res=1.17e-01 | grad=5.94e-01 | 0.9s
[   140] loss=-4.7301 | res=1.03e-01 | grad=5.56e-01 | 0.9s
[   141] loss=-4.6238 | res=1.02e-01 | grad=6.20e-01 | 0.9s
[   142] loss=-4.4458 | res=1.03e-01 | grad=5.28e-01 | 0.9s
[   143] loss=-4.4951 | res=1.17e-01 | grad=8.99e-01 | 0.9s
[   144] loss=-4.8492 | res=1.01e-01 | grad=8.84e-01 | 0.9s
[   145] loss=-4.4194 | res=1.11e-01 | grad=4.14e-01 | 0.9s
[   146] loss=-4.6639 | res=1.16e-01 | grad=3.60e-01 | 0.9s
[   147] loss=-4.3739 | res=1.09e-01 | grad=6.18e-01 | 0.9s
[   148] loss=-4.7500 | res=1.14e-01 | grad=8.43e-01 | 0.9s
[   149] loss=-4.5677 | res=1.12e-01 | grad=8.71e-01 | 0.9s
[   150] loss=-4.6906 | res=8.91e-02 | grad=4.02e-01 | 0.9s
[   151] loss=-4.6814 | res=1.06e-01 | grad=6.76e-01 | 0.9s
[   152] loss=-4.9597 | res=9.82e-02 | grad=7.17e-01 | 0.9s
[   153] loss=-4.8134 | res=1.08e-01 | grad=1.27e+00 | 0.9s
[   154] loss=-4.5943 | res=1.08e-01 | grad=8.27e-01 | 0.9s
[   155] loss=-4.3509 | res=1.03e-01 | grad=6.95e-01 | 0.9s
[   156] loss=-4.3220 | res=1.12e-01 | grad=6.98e-01 | 0.9s
[   157] loss=-4.5881 | res=1.10e-01 | grad=7.48e-01 | 0.9s
[   158] loss=-4.7971 | res=9.23e-02 | grad=8.78e-01 | 0.9s
[   159] loss=-4.2277 | res=1.13e-01 | grad=1.10e+00 | 0.9s
[   160] loss=-4.5045 | res=9.80e-02 | grad=1.02e+00 | 0.9s
[   161] loss=-4.6794 | res=1.10e-01 | grad=7.30e-01 | 0.9s
[   162] loss=-4.9205 | res=1.08e-01 | grad=4.83e-01 | 0.9s
[   163] loss=-4.9954 | res=9.85e-02 | grad=8.17e-01 | 0.9s
[   164] loss=-4.7905 | res=1.07e-01 | grad=1.02e+00 | 0.9s
[   165] loss=-4.7584 | res=1.16e-01 | grad=1.15e+00 | 0.9s
[   166] loss=-4.7013 | res=8.66e-02 | grad=9.63e-01 | 0.9s
[   167] loss=-4.9293 | res=1.00e-01 | grad=1.35e+00 | 0.9s
[   168] loss=-4.6028 | res=1.18e-01 | grad=1.17e+00 | 0.9s
[   169] loss=-4.3507 | res=1.17e-01 | grad=1.21e+00 | 0.9s
[   170] loss=-4.6448 | res=1.17e-01 | grad=9.41e-01 | 0.9s
[   171] loss=-4.4700 | res=9.72e-02 | grad=1.36e+00 | 0.9s
[   172] loss=-4.4305 | res=1.09e-01 | grad=1.13e+00 | 0.9s
[   173] loss=-4.6469 | res=1.15e-01 | grad=6.69e-01 | 0.9s
[   174] loss=-4.8496 | res=1.01e-01 | grad=1.11e+00 | 0.9s
[   175] loss=-4.6657 | res=1.28e-01 | grad=5.87e-01 | 0.9s
[   176] loss=-4.5861 | res=1.07e-01 | grad=8.49e-01 | 0.9s
[   177] loss=-4.2890 | res=1.01e-01 | grad=9.16e-01 | 0.9s
[   178] loss=-4.5409 | res=9.76e-02 | grad=8.69e-01 | 0.9s
[   179] loss=-4.7146 | res=9.63e-02 | grad=8.48e-01 | 0.9s
[   180] loss=-4.8920 | res=9.99e-02 | grad=9.42e-01 | 0.9s
[   181] loss=-4.6276 | res=9.86e-02 | grad=1.10e+00 | 0.9s
[   182] loss=-4.2916 | res=1.08e-01 | grad=1.57e+00 | 0.9s
[   183] loss=-4.7323 | res=1.03e-01 | grad=1.45e+00 | 0.9s
[   184] loss=-4.4676 | res=1.01e-01 | grad=5.33e-01 | 0.9s
[   185] loss=-4.5143 | res=1.04e-01 | grad=7.43e-01 | 0.9s
[   186] loss=-4.6448 | res=1.02e-01 | grad=1.28e+00 | 0.9s
[   187] loss=-4.6552 | res=1.17e-01 | grad=1.34e+00 | 0.9s
[   188] loss=-4.4841 | res=1.02e-01 | grad=7.90e-01 | 0.9s
[   189] loss=-4.7332 | res=9.55e-02 | grad=8.06e-01 | 0.9s
[   190] loss=-4.5692 | res=9.52e-02 | grad=8.30e-01 | 0.9s
[   191] loss=-4.5501 | res=1.03e-01 | grad=9.54e-01 | 0.9s
[   192] loss=-4.4781 | res=1.09e-01 | grad=4.32e-01 | 0.9s
[   193] loss=-4.5877 | res=1.06e-01 | grad=4.67e-01 | 0.9s
[   194] loss=-4.4529 | res=1.17e-01 | grad=6.45e-01 | 0.9s
[   195] loss=-4.6423 | res=1.14e-01 | grad=4.93e-01 | 0.9s
[   196] loss=-4.4435 | res=1.20e-01 | grad=7.85e-01 | 0.9s
[   197] loss=-4.2976 | res=1.06e-01 | grad=6.81e-01 | 0.9s
[   198] loss=-4.4229 | res=1.14e-01 | grad=6.53e-01 | 0.9s
[   199] loss=-4.4400 | res=1.10e-01 | grad=8.15e-01 | 0.9s
[   200] loss=-4.6890 | res=1.03e-01 | grad=8.44e-01 | 0.9s
[   201] loss=-4.8815 | res=1.04e-01 | grad=1.14e+00 | 0.9s
[   202] loss=-4.5616 | res=1.08e-01 | grad=5.06e-01 | 0.9s
[   203] loss=-4.6883 | res=1.08e-01 | grad=1.11e+00 | 0.9s
[   204] loss=-4.9130 | res=9.37e-02 | grad=8.90e-01 | 0.9s
[   205] loss=-4.5813 | res=9.94e-02 | grad=4.06e-01 | 0.9s
[   206] loss=-4.7391 | res=1.06e-01 | grad=6.68e-01 | 0.9s
[   207] loss=-4.7477 | res=9.51e-02 | grad=4.76e-01 | 0.9s
[   208] loss=-4.6794 | res=9.05e-02 | grad=9.62e-01 | 0.9s
[   209] loss=-4.5790 | res=1.09e-01 | grad=6.01e-01 | 0.9s
[   210] loss=-4.5475 | res=1.10e-01 | grad=4.13e-01 | 0.9s
[   211] loss=-4.8564 | res=1.07e-01 | grad=5.10e-01 | 0.9s
[   212] loss=-4.6367 | res=1.18e-01 | grad=7.51e-01 | 0.9s
[   213] loss=-4.8303 | res=1.06e-01 | grad=9.74e-01 | 0.9s
[   214] loss=-4.5660 | res=9.83e-02 | grad=4.55e-01 | 0.9s
[   215] loss=-4.8305 | res=9.69e-02 | grad=6.96e-01 | 0.9s
[   216] loss=-4.6591 | res=1.11e-01 | grad=8.31e-01 | 0.9s
[   217] loss=-4.0034 | res=1.02e-01 | grad=7.83e-01 | 0.9s
[   218] loss=-4.4877 | res=1.02e-01 | grad=3.42e-01 | 0.9s
[   219] loss=-4.7404 | res=1.05e-01 | grad=6.96e-01 | 0.9s
[   220] loss=-4.6523 | res=1.08e-01 | grad=7.75e-01 | 0.9s
[   221] loss=-4.4299 | res=1.11e-01 | grad=8.43e-01 | 0.9s
[   222] loss=-4.8980 | res=1.09e-01 | grad=7.08e-01 | 0.9s
[   223] loss=-4.5676 | res=9.15e-02 | grad=1.03e+00 | 0.9s
[   224] loss=-4.7481 | res=1.20e-01 | grad=1.00e+00 | 0.9s
[   225] loss=-4.7039 | res=9.59e-02 | grad=7.47e-01 | 0.9s
[   226] loss=-4.8778 | res=9.57e-02 | grad=6.53e-01 | 0.9s
[   227] loss=-4.6500 | res=9.59e-02 | grad=8.81e-01 | 0.9s
[   228] loss=-4.7595 | res=9.67e-02 | grad=6.61e-01 | 0.9s
[   229] loss=-4.5790 | res=1.22e-01 | grad=4.86e-01 | 0.9s
[   230] loss=-4.7747 | res=8.43e-02 | grad=1.10e+00 | 0.9s
[   231] loss=-4.7450 | res=1.21e-01 | grad=8.92e-01 | 0.9s
[   232] loss=-4.6345 | res=1.13e-01 | grad=4.26e-01 | 0.9s
[   233] loss=-4.4213 | res=1.05e-01 | grad=7.03e-01 | 0.9s
[   234] loss=-4.5458 | res=1.13e-01 | grad=1.08e+00 | 0.9s
[   235] loss=-4.7150 | res=1.06e-01 | grad=5.54e-01 | 0.9s
[   236] loss=-4.4792 | res=1.21e-01 | grad=6.21e-01 | 0.9s
[   237] loss=-4.5172 | res=1.02e-01 | grad=7.05e-01 | 0.9s
[   238] loss=-4.4935 | res=1.32e-01 | grad=3.12e-01 | 0.9s
[   239] loss=-4.6484 | res=1.04e-01 | grad=6.71e-01 | 0.9s
[   240] loss=-4.6730 | res=1.08e-01 | grad=8.70e-01 | 0.9s
[   241] loss=-4.6273 | res=9.79e-02 | grad=7.44e-01 | 0.9s
[   242] loss=-4.5187 | res=9.87e-02 | grad=7.19e-01 | 0.9s
[   243] loss=-4.7019 | res=1.08e-01 | grad=5.37e-01 | 0.9s
[   244] loss=-4.4501 | res=1.13e-01 | grad=7.52e-01 | 0.9s
[   245] loss=-4.4874 | res=1.01e-01 | grad=4.17e-01 | 0.9s
[   246] loss=-4.7524 | res=1.15e-01 | grad=7.66e-01 | 0.9s
[   247] loss=-4.4787 | res=1.09e-01 | grad=6.11e-01 | 0.9s
[   248] loss=-4.5954 | res=1.08e-01 | grad=4.89e-01 | 0.9s
[   249] loss=-4.8800 | res=9.84e-02 | grad=6.70e-01 | 0.9s
[   250] loss=-4.8309 | res=1.03e-01 | grad=7.96e-01 | 0.9s
[   251] loss=-4.7281 | res=1.11e-01 | grad=4.00e-01 | 0.9s
[   252] loss=-4.9049 | res=1.04e-01 | grad=8.79e-01 | 0.9s
[   253] loss=-4.6726 | res=1.07e-01 | grad=8.07e-01 | 0.9s
[   254] loss=-4.8436 | res=9.69e-02 | grad=4.59e-01 | 0.9s
[   255] loss=-4.2721 | res=1.05e-01 | grad=1.01e+00 | 0.9s
[   256] loss=-4.6059 | res=1.07e-01 | grad=4.90e-01 | 0.9s
[   257] loss=-4.2841 | res=1.10e-01 | grad=6.88e-01 | 0.9s
[   258] loss=-4.8287 | res=9.92e-02 | grad=5.00e-01 | 0.9s
[   259] loss=-4.7184 | res=1.10e-01 | grad=7.42e-01 | 0.9s
[   260] loss=-4.8736 | res=9.75e-02 | grad=7.50e-01 | 0.9s
[   261] loss=-4.4964 | res=1.16e-01 | grad=6.32e-01 | 0.9s
[   262] loss=-4.3607 | res=1.07e-01 | grad=6.46e-01 | 0.9s
[   263] loss=-4.3541 | res=1.07e-01 | grad=8.23e-01 | 0.9s
[   264] loss=-4.8824 | res=1.02e-01 | grad=1.30e+00 | 0.9s
[   265] loss=-4.6910 | res=1.10e-01 | grad=4.87e-01 | 0.9s
[   266] loss=-4.4877 | res=1.09e-01 | grad=8.88e-01 | 0.9s
[   267] loss=-4.5798 | res=9.19e-02 | grad=8.02e-01 | 0.9s
[   268] loss=-4.4376 | res=1.07e-01 | grad=4.29e-01 | 0.9s
[   269] loss=-4.8106 | res=1.06e-01 | grad=6.22e-01 | 0.9s
[   270] loss=-4.5974 | res=1.11e-01 | grad=6.34e-01 | 0.9s
[   271] loss=-4.7988 | res=9.81e-02 | grad=1.01e+00 | 0.9s
[   272] loss=-4.7984 | res=1.03e-01 | grad=9.18e-01 | 0.9s
[   273] loss=-4.7557 | res=1.11e-01 | grad=8.57e-01 | 0.9s
[   274] loss=-4.6409 | res=1.14e-01 | grad=5.13e-01 | 0.9s
[   275] loss=-4.3428 | res=1.16e-01 | grad=5.96e-01 | 0.9s
[   276] loss=-4.9070 | res=1.11e-01 | grad=1.24e+00 | 0.9s
[   277] loss=-4.6784 | res=1.03e-01 | grad=8.36e-01 | 0.9s
[   278] loss=-4.5719 | res=1.06e-01 | grad=1.17e+00 | 0.9s
[   279] loss=-4.7379 | res=1.26e-01 | grad=5.55e-01 | 0.9s
[   280] loss=-4.6779 | res=1.10e-01 | grad=9.00e-01 | 0.9s
[   281] loss=-4.5657 | res=1.14e-01 | grad=1.02e+00 | 0.9s
[   282] loss=-4.6727 | res=1.05e-01 | grad=7.74e-01 | 0.9s
[   283] loss=-4.6018 | res=1.11e-01 | grad=9.03e-01 | 0.9s
[   284] loss=-4.9378 | res=9.74e-02 | grad=8.40e-01 | 0.9s
[   285] loss=-4.5897 | res=1.13e-01 | grad=4.05e-01 | 0.9s
[   286] loss=-4.6934 | res=1.03e-01 | grad=6.04e-01 | 0.9s
[   287] loss=-4.4783 | res=1.09e-01 | grad=7.85e-01 | 0.9s
[   288] loss=-4.9583 | res=1.02e-01 | grad=6.90e-01 | 0.9s
[   289] loss=-4.7969 | res=1.00e-01 | grad=5.11e-01 | 0.9s
[   290] loss=-4.6527 | res=1.05e-01 | grad=6.17e-01 | 0.9s
[   291] loss=-4.5529 | res=1.04e-01 | grad=8.36e-01 | 0.9s
[   292] loss=-4.5180 | res=1.09e-01 | grad=9.48e-01 | 0.9s
[   293] loss=-4.5982 | res=9.82e-02 | grad=6.07e-01 | 0.9s
[   294] loss=-4.6898 | res=9.74e-02 | grad=4.51e-01 | 0.9s
[   295] loss=-4.6052 | res=1.22e-01 | grad=4.41e-01 | 0.9s
[   296] loss=-4.3957 | res=1.03e-01 | grad=5.24e-01 | 0.9s
[   297] loss=-4.8567 | res=1.12e-01 | grad=5.34e-01 | 0.9s
[   298] loss=-4.5417 | res=1.11e-01 | grad=5.34e-01 | 0.9s
[   299] loss=-4.7712 | res=1.05e-01 | grad=3.31e-01 | 0.9s
[   300] loss=-4.5171 | res=1.07e-01 | grad=9.09e-01 | 0.9s
[   301] loss=-4.4079 | res=1.11e-01 | grad=4.37e-01 | 0.9s
[   302] loss=-4.5973 | res=9.44e-02 | grad=4.83e-01 | 0.9s
[   303] loss=-4.6617 | res=9.87e-02 | grad=4.20e-01 | 0.9s
[   304] loss=-4.6607 | res=9.47e-02 | grad=5.06e-01 | 0.9s
[   305] loss=-4.5615 | res=1.11e-01 | grad=7.73e-01 | 0.9s
[   306] loss=-4.5593 | res=1.09e-01 | grad=8.63e-01 | 0.9s
[   307] loss=-4.5486 | res=9.25e-02 | grad=5.11e-01 | 0.9s
[   308] loss=-4.3656 | res=1.15e-01 | grad=8.61e-01 | 0.9s
[   309] loss=-4.7074 | res=1.07e-01 | grad=6.55e-01 | 0.9s
[   310] loss=-4.5804 | res=1.04e-01 | grad=4.35e-01 | 0.9s
[   311] loss=-4.7511 | res=1.03e-01 | grad=7.02e-01 | 0.9s
[   312] loss=-4.7261 | res=1.15e-01 | grad=4.57e-01 | 0.9s
[   313] loss=-4.6169 | res=8.87e-02 | grad=1.22e+00 | 0.9s
[   314] loss=-4.6944 | res=9.36e-02 | grad=7.21e-01 | 0.9s
[   315] loss=-4.7931 | res=1.02e-01 | grad=3.79e-01 | 0.9s
[   316] loss=-4.5541 | res=1.02e-01 | grad=8.01e-01 | 0.9s
[   317] loss=-4.4281 | res=1.05e-01 | grad=7.56e-01 | 0.9s
[   318] loss=-4.8042 | res=1.05e-01 | grad=4.45e-01 | 0.9s
[   319] loss=-4.9756 | res=1.11e-01 | grad=1.07e+00 | 0.9s
[   320] loss=-5.0059 | res=1.05e-01 | grad=8.96e-01 | 0.9s
[   321] loss=-4.6447 | res=1.01e-01 | grad=9.18e-01 | 0.9s
[   322] loss=-4.7670 | res=1.07e-01 | grad=5.53e-01 | 0.9s
[   323] loss=-4.3432 | res=1.14e-01 | grad=5.31e-01 | 0.9s
[   324] loss=-4.6137 | res=1.11e-01 | grad=6.94e-01 | 0.9s
[   325] loss=-4.4649 | res=1.06e-01 | grad=6.59e-01 | 0.9s
[   326] loss=-4.6356 | res=1.15e-01 | grad=6.06e-01 | 0.9s
[   327] loss=-4.8142 | res=1.05e-01 | grad=8.22e-01 | 0.9s
[   328] loss=-4.5645 | res=1.04e-01 | grad=3.57e-01 | 0.9s
[   329] loss=-4.3772 | res=1.19e-01 | grad=1.21e+00 | 0.9s
[   330] loss=-4.5426 | res=1.05e-01 | grad=7.63e-01 | 0.9s
[   331] loss=-4.3196 | res=1.17e-01 | grad=5.95e-01 | 0.9s
[   332] loss=-4.5760 | res=1.12e-01 | grad=4.16e-01 | 0.9s
[   333] loss=-4.4262 | res=1.12e-01 | grad=1.01e+00 | 0.9s
[   334] loss=-4.5074 | res=1.00e-01 | grad=8.81e-01 | 0.9s
[   335] loss=-4.5179 | res=9.45e-02 | grad=8.10e-01 | 0.9s
[   336] loss=-4.3582 | res=1.10e-01 | grad=9.32e-01 | 0.9s
[   337] loss=-4.6212 | res=1.04e-01 | grad=7.40e-01 | 0.9s
[   338] loss=-5.0306 | res=1.08e-01 | grad=7.29e-01 | 0.9s
[   339] loss=-4.6811 | res=1.08e-01 | grad=5.03e-01 | 0.9s
[   340] loss=-4.4651 | res=1.10e-01 | grad=6.07e-01 | 0.9s
[   341] loss=-4.4984 | res=1.09e-01 | grad=7.26e-01 | 0.9s
[   342] loss=-4.5311 | res=1.00e-01 | grad=9.87e-01 | 0.9s
[   343] loss=-4.7901 | res=1.09e-01 | grad=5.43e-01 | 0.9s
[   344] loss=-4.6546 | res=9.88e-02 | grad=9.01e-01 | 0.9s
[   345] loss=-4.7222 | res=1.01e-01 | grad=3.14e-01 | 0.9s
[   346] loss=-4.6735 | res=1.05e-01 | grad=7.30e-01 | 0.9s
[   347] loss=-4.6230 | res=9.64e-02 | grad=6.95e-01 | 0.9s
[   348] loss=-4.5788 | res=1.17e-01 | grad=9.19e-01 | 0.9s
[   349] loss=-4.8226 | res=1.06e-01 | grad=5.95e-01 | 0.9s
[   350] loss=-4.6600 | res=1.19e-01 | grad=6.16e-01 | 0.9s
[   351] loss=-4.7071 | res=1.27e-01 | grad=7.63e-01 | 0.9s
[   352] loss=-4.8206 | res=1.17e-01 | grad=7.11e-01 | 0.9s
[   353] loss=-4.6970 | res=1.15e-01 | grad=7.74e-01 | 0.9s
[   354] loss=-4.5973 | res=1.01e-01 | grad=1.02e+00 | 0.9s
[   355] loss=-4.5965 | res=9.90e-02 | grad=6.10e-01 | 0.9s
[   356] loss=-4.6750 | res=1.08e-01 | grad=6.31e-01 | 0.9s
[   357] loss=-4.5804 | res=1.15e-01 | grad=7.19e-01 | 0.9s
[   358] loss=-4.4105 | res=1.17e-01 | grad=9.38e-01 | 0.9s
[   359] loss=-4.7018 | res=9.99e-02 | grad=1.01e+00 | 0.9s
[   360] loss=-4.7986 | res=1.11e-01 | grad=5.80e-01 | 0.9s
[   361] loss=-4.4938 | res=1.08e-01 | grad=8.01e-01 | 0.9s
[   362] loss=-4.8076 | res=1.03e-01 | grad=7.54e-01 | 0.9s
[   363] loss=-4.4404 | res=1.16e-01 | grad=6.62e-01 | 0.9s
[   364] loss=-4.5811 | res=1.01e-01 | grad=6.52e-01 | 0.9s
[   365] loss=-4.5454 | res=1.01e-01 | grad=8.35e-01 | 0.9s
[   366] loss=-4.8366 | res=9.67e-02 | grad=8.54e-01 | 0.9s
[   367] loss=-4.5685 | res=1.05e-01 | grad=6.77e-01 | 0.9s
[   368] loss=-4.6355 | res=1.10e-01 | grad=9.75e-01 | 0.9s
[   369] loss=-4.6581 | res=9.91e-02 | grad=5.35e-01 | 0.9s
[   370] loss=-4.6847 | res=1.11e-01 | grad=7.48e-01 | 0.9s
[   371] loss=-4.4175 | res=1.15e-01 | grad=6.60e-01 | 0.9s
[   372] loss=-4.8691 | res=1.14e-01 | grad=6.93e-01 | 0.9s
[   373] loss=-4.7529 | res=9.26e-02 | grad=3.26e-01 | 0.9s
[   374] loss=-4.6157 | res=1.03e-01 | grad=4.73e-01 | 0.9s
[   375] loss=-4.7555 | res=9.50e-02 | grad=8.55e-01 | 0.9s
[   376] loss=-4.7460 | res=1.12e-01 | grad=5.64e-01 | 0.9s
[   377] loss=-4.5435 | res=1.15e-01 | grad=5.49e-01 | 0.9s
[   378] loss=-4.6110 | res=1.04e-01 | grad=7.94e-01 | 0.9s
[   379] loss=-4.5433 | res=1.06e-01 | grad=8.16e-01 | 0.9s
[   380] loss=-4.7697 | res=1.03e-01 | grad=3.40e-01 | 0.9s
[   381] loss=-4.6063 | res=1.11e-01 | grad=5.39e-01 | 0.9s
[   382] loss=-4.3376 | res=9.71e-02 | grad=6.06e-01 | 0.9s
[   383] loss=-4.7707 | res=1.20e-01 | grad=5.49e-01 | 0.9s
[   384] loss=-4.6160 | res=1.17e-01 | grad=7.56e-01 | 0.9s
[   385] loss=-4.6814 | res=9.41e-02 | grad=8.74e-01 | 0.9s
[   386] loss=-4.6926 | res=1.11e-01 | grad=4.21e-01 | 0.9s
[   387] loss=-4.6787 | res=1.07e-01 | grad=6.23e-01 | 0.9s
[   388] loss=-4.5659 | res=1.09e-01 | grad=7.46e-01 | 0.9s
[   389] loss=-4.5085 | res=1.06e-01 | grad=7.85e-01 | 0.9s
[   390] loss=-4.7155 | res=1.14e-01 | grad=6.37e-01 | 0.9s
[   391] loss=-4.8341 | res=1.10e-01 | grad=7.73e-01 | 0.9s
[   392] loss=-4.5394 | res=1.24e-01 | grad=6.08e-01 | 0.9s
[   393] loss=-4.8459 | res=1.05e-01 | grad=5.37e-01 | 0.9s
[   394] loss=-4.5807 | res=1.07e-01 | grad=3.97e-01 | 0.9s
[   395] loss=-4.5235 | res=9.98e-02 | grad=6.03e-01 | 0.9s
[   396] loss=-4.7761 | res=1.07e-01 | grad=4.88e-01 | 0.9s
[   397] loss=-4.5085 | res=1.05e-01 | grad=3.97e-01 | 0.9s
[   398] loss=-4.3840 | res=1.05e-01 | grad=6.56e-01 | 0.9s
[   399] loss=-4.7724 | res=8.89e-02 | grad=7.34e-01 | 0.9s
[   400] loss=-4.6541 | res=1.07e-01 | grad=7.20e-01 | 0.9s
[   401] loss=-4.5928 | res=1.13e-01 | grad=7.41e-01 | 0.9s
[   402] loss=-4.6974 | res=1.01e-01 | grad=4.43e-01 | 0.9s
[   403] loss=-4.4855 | res=1.00e-01 | grad=3.46e-01 | 0.9s
[   404] loss=-4.5238 | res=1.02e-01 | grad=6.74e-01 | 0.9s
[   405] loss=-4.9298 | res=9.04e-02 | grad=8.20e-01 | 0.9s
[   406] loss=-4.5774 | res=1.07e-01 | grad=1.18e+00 | 0.9s
[   407] loss=-4.6356 | res=1.13e-01 | grad=3.45e-01 | 0.9s
[   408] loss=-4.6494 | res=9.53e-02 | grad=3.22e-01 | 0.9s
[   409] loss=-4.5585 | res=1.02e-01 | grad=8.34e-01 | 0.9s
[   410] loss=-4.4638 | res=1.12e-01 | grad=8.60e-01 | 0.9s
[   411] loss=-4.5087 | res=1.26e-01 | grad=4.25e-01 | 0.9s
[   412] loss=-4.5464 | res=9.31e-02 | grad=7.34e-01 | 0.9s
[   413] loss=-4.8424 | res=1.00e-01 | grad=9.10e-01 | 0.9s
[   414] loss=-4.5701 | res=1.09e-01 | grad=6.28e-01 | 0.9s
[   415] loss=-4.5282 | res=1.13e-01 | grad=1.10e+00 | 0.9s
[   416] loss=-4.7392 | res=9.99e-02 | grad=9.49e-01 | 0.9s
[   417] loss=-4.5113 | res=1.06e-01 | grad=5.27e-01 | 0.9s
[   418] loss=-4.7172 | res=1.07e-01 | grad=4.73e-01 | 0.9s
[   419] loss=-4.8336 | res=1.07e-01 | grad=6.51e-01 | 0.9s
[   420] loss=-4.7669 | res=1.07e-01 | grad=7.09e-01 | 0.9s
[   421] loss=-4.5843 | res=1.08e-01 | grad=8.41e-01 | 0.9s
[   422] loss=-4.7848 | res=1.07e-01 | grad=6.68e-01 | 0.9s
[   423] loss=-4.8290 | res=1.03e-01 | grad=9.13e-01 | 0.9s
[   424] loss=-4.5267 | res=1.10e-01 | grad=5.90e-01 | 0.9s
[   425] loss=-4.8767 | res=8.70e-02 | grad=1.06e+00 | 0.9s
[   426] loss=-4.7899 | res=1.09e-01 | grad=4.22e-01 | 0.9s
[   427] loss=-4.7728 | res=9.92e-02 | grad=2.95e-01 | 0.9s
[   428] loss=-4.7272 | res=1.22e-01 | grad=7.23e-01 | 0.9s
[   429] loss=-4.5674 | res=1.08e-01 | grad=3.25e-01 | 0.9s
[   430] loss=-4.8523 | res=9.92e-02 | grad=7.36e-01 | 0.9s
[   431] loss=-4.7349 | res=1.09e-01 | grad=6.58e-01 | 0.9s
[   432] loss=-4.7181 | res=1.14e-01 | grad=6.72e-01 | 0.9s
[   433] loss=-4.6907 | res=1.13e-01 | grad=7.82e-01 | 0.9s
[   434] loss=-4.5406 | res=1.15e-01 | grad=5.21e-01 | 0.9s
[   435] loss=-4.6579 | res=1.11e-01 | grad=3.39e-01 | 0.9s
[   436] loss=-4.4998 | res=1.05e-01 | grad=8.11e-01 | 0.9s
[   437] loss=-4.6152 | res=9.91e-02 | grad=6.81e-01 | 0.9s
[   438] loss=-4.5072 | res=1.03e-01 | grad=1.97e-01 | 0.9s
[   439] loss=-4.4824 | res=1.04e-01 | grad=6.82e-01 | 0.9s
[   440] loss=-4.5646 | res=1.09e-01 | grad=6.48e-01 | 0.9s
[   441] loss=-4.4769 | res=1.20e-01 | grad=5.37e-01 | 0.9s
[   442] loss=-4.5785 | res=1.08e-01 | grad=3.39e-01 | 0.9s
[   443] loss=-4.4782 | res=1.10e-01 | grad=6.37e-01 | 0.9s
[   444] loss=-4.5978 | res=1.05e-01 | grad=8.04e-01 | 0.9s
[   445] loss=-4.6418 | res=1.14e-01 | grad=1.90e+00 | 0.9s
[   446] loss=-4.5996 | res=1.09e-01 | grad=5.99e-01 | 0.9s
[   447] loss=-4.5535 | res=1.06e-01 | grad=4.69e-01 | 0.9s
[   448] loss=-4.7386 | res=1.06e-01 | grad=6.22e-01 | 0.9s
[   449] loss=-4.4459 | res=1.08e-01 | grad=6.84e-01 | 0.9s
[   450] loss=-4.5082 | res=1.16e-01 | grad=9.65e-01 | 0.9s
[   451] loss=-4.4739 | res=1.11e-01 | grad=5.50e-01 | 0.9s
[   452] loss=-4.7625 | res=1.07e-01 | grad=1.13e+00 | 0.9s
[   453] loss=-4.7673 | res=1.12e-01 | grad=9.51e-01 | 0.9s
[   454] loss=-4.6709 | res=1.13e-01 | grad=6.26e-01 | 0.9s
[   455] loss=-4.4005 | res=1.10e-01 | grad=9.86e-01 | 0.9s
[   456] loss=-4.8070 | res=1.04e-01 | grad=9.78e-01 | 0.9s
[   457] loss=-4.4407 | res=1.04e-01 | grad=1.29e+00 | 0.9s
[   458] loss=-4.5431 | res=1.09e-01 | grad=1.11e+00 | 0.9s
[   459] loss=-4.6807 | res=1.05e-01 | grad=7.22e-01 | 0.9s
[   460] loss=-4.4268 | res=9.45e-02 | grad=8.72e-01 | 0.9s
[   461] loss=-4.8261 | res=1.02e-01 | grad=1.00e+00 | 0.9s
[   462] loss=-4.4919 | res=1.20e-01 | grad=5.44e-01 | 0.9s
[   463] loss=-4.5455 | res=1.03e-01 | grad=7.59e-01 | 0.9s
[   464] loss=-4.7537 | res=9.72e-02 | grad=8.38e-01 | 0.9s
[   465] loss=-4.6015 | res=1.12e-01 | grad=6.94e-01 | 0.9s
[   466] loss=-4.8880 | res=1.04e-01 | grad=7.64e-01 | 0.9s
[   467] loss=-4.4036 | res=9.60e-02 | grad=5.19e-01 | 0.9s
[   468] loss=-4.2545 | res=1.00e-01 | grad=1.02e+00 | 0.9s
[   469] loss=-4.4577 | res=9.72e-02 | grad=1.14e+00 | 0.9s
[   470] loss=-4.4084 | res=1.04e-01 | grad=6.53e-01 | 0.9s
[   471] loss=-4.5593 | res=1.08e-01 | grad=8.11e-01 | 0.9s
[   472] loss=-4.7993 | res=1.04e-01 | grad=4.80e-01 | 0.9s
[   473] loss=-4.6730 | res=8.88e-02 | grad=7.56e-01 | 0.9s
[   474] loss=-4.7945 | res=1.05e-01 | grad=5.31e-01 | 0.9s
[   475] loss=-4.3805 | res=9.51e-02 | grad=7.21e-01 | 0.9s
[   476] loss=-4.6463 | res=1.02e-01 | grad=7.66e-01 | 0.9s
[   477] loss=-4.8658 | res=9.40e-02 | grad=4.51e-01 | 0.9s
[   478] loss=-4.8670 | res=9.65e-02 | grad=7.85e-01 | 0.9s
[   479] loss=-4.7137 | res=1.05e-01 | grad=6.83e-01 | 0.9s
[   480] loss=-4.4470 | res=1.01e-01 | grad=6.03e-01 | 0.9s
[   481] loss=-4.3281 | res=8.83e-02 | grad=6.02e-01 | 0.9s
[   482] loss=-4.7102 | res=1.05e-01 | grad=3.87e-01 | 0.9s
[   483] loss=-4.7299 | res=9.62e-02 | grad=3.52e-01 | 0.9s
[   484] loss=-4.4802 | res=1.07e-01 | grad=5.15e-01 | 0.9s
[   485] loss=-4.8458 | res=8.73e-02 | grad=9.47e-01 | 0.9s
[   486] loss=-4.6247 | res=1.11e-01 | grad=5.75e-01 | 0.9s
[   487] loss=-4.6593 | res=1.02e-01 | grad=6.17e-01 | 0.9s
[   488] loss=-4.6214 | res=1.10e-01 | grad=9.49e-01 | 0.9s
[   489] loss=-4.5843 | res=9.93e-02 | grad=7.47e-01 | 0.9s
[   490] loss=-4.5093 | res=1.05e-01 | grad=7.56e-01 | 0.9s
[   491] loss=-4.5648 | res=1.09e-01 | grad=7.25e-01 | 0.9s
[   492] loss=-4.7799 | res=1.02e-01 | grad=3.00e-01 | 0.9s
[   493] loss=-4.5596 | res=9.50e-02 | grad=7.90e-01 | 0.9s
[   494] loss=-4.7611 | res=1.03e-01 | grad=5.63e-01 | 0.9s
[   495] loss=-4.6430 | res=9.66e-02 | grad=1.26e+00 | 0.9s
[   496] loss=-4.7371 | res=1.06e-01 | grad=1.18e+00 | 0.9s
[   497] loss=-4.6126 | res=1.06e-01 | grad=3.55e-01 | 0.9s
[   498] loss=-4.5358 | res=9.60e-02 | grad=1.85e-01 | 0.9s
[   499] loss=-4.7514 | res=9.93e-02 | grad=1.04e+00 | 0.9s
[   500] loss=-4.7431 | res=9.09e-02 | grad=1.21e+00 | 0.9s
[   501] loss=-4.5162 | res=9.32e-02 | grad=1.06e+00 | 0.9s
[   502] loss=-4.3982 | res=1.10e-01 | grad=2.41e-01 | 0.9s
[   503] loss=-4.5900 | res=1.01e-01 | grad=7.32e-01 | 0.9s
[   504] loss=-4.7070 | res=1.10e-01 | grad=7.00e-01 | 0.9s
[   505] loss=-4.5076 | res=1.04e-01 | grad=7.09e-01 | 0.9s
[   506] loss=-4.8598 | res=1.00e-01 | grad=9.36e-01 | 0.9s
[   507] loss=-4.3967 | res=1.08e-01 | grad=6.60e-01 | 0.9s
[   508] loss=-4.5175 | res=9.01e-02 | grad=9.88e-01 | 0.9s
[   509] loss=-4.6801 | res=9.70e-02 | grad=9.39e-01 | 0.9s
[   510] loss=-4.7126 | res=1.10e-01 | grad=5.19e-01 | 0.9s
[   511] loss=-4.7754 | res=9.43e-02 | grad=5.80e-01 | 0.9s
[   512] loss=-4.7183 | res=1.12e-01 | grad=1.01e+00 | 0.9s
[   513] loss=-4.2818 | res=1.04e-01 | grad=1.24e+00 | 0.9s
[   514] loss=-4.5696 | res=1.00e-01 | grad=7.45e-01 | 0.9s
[   515] loss=-4.7101 | res=9.84e-02 | grad=4.51e-01 | 0.9s
[   516] loss=-4.5803 | res=9.90e-02 | grad=5.73e-01 | 0.9s
[   517] loss=-4.4190 | res=1.02e-01 | grad=9.43e-01 | 0.9s
[   518] loss=-4.6806 | res=1.08e-01 | grad=8.55e-01 | 0.9s
[   519] loss=-4.5331 | res=1.07e-01 | grad=7.81e-01 | 0.9s
[   520] loss=-4.5276 | res=1.03e-01 | grad=1.11e+00 | 0.9s
[   521] loss=-4.5264 | res=9.96e-02 | grad=6.46e-01 | 0.9s
[   522] loss=-4.9095 | res=8.84e-02 | grad=6.59e-01 | 0.9s
[   523] loss=-4.2334 | res=1.00e-01 | grad=8.63e-01 | 0.9s
[   524] loss=-4.7346 | res=1.06e-01 | grad=1.21e+00 | 0.9s
[   525] loss=-5.0204 | res=1.03e-01 | grad=1.25e+00 | 0.9s
[   526] loss=-4.7287 | res=9.13e-02 | grad=1.15e+00 | 0.9s
[   527] loss=-4.7906 | res=1.02e-01 | grad=3.13e-01 | 0.9s
[   528] loss=-4.7511 | res=1.06e-01 | grad=5.87e-01 | 0.9s
[   529] loss=-4.8163 | res=9.89e-02 | grad=7.49e-01 | 0.9s
[   530] loss=-4.6542 | res=1.06e-01 | grad=1.20e+00 | 0.9s
[   531] loss=-4.7912 | res=9.33e-02 | grad=7.34e-01 | 0.9s
[   532] loss=-4.9474 | res=9.97e-02 | grad=4.07e-01 | 0.9s
[   533] loss=-4.5134 | res=1.04e-01 | grad=4.91e-01 | 0.9s
[   534] loss=-4.6329 | res=1.08e-01 | grad=4.29e-01 | 0.9s
[   535] loss=-4.5918 | res=1.07e-01 | grad=1.13e+00 | 0.9s
[   536] loss=-4.4456 | res=1.04e-01 | grad=6.07e-01 | 0.9s
[   537] loss=-4.8227 | res=1.02e-01 | grad=8.04e-01 | 0.9s
[   538] loss=-4.6771 | res=1.02e-01 | grad=5.88e-01 | 0.9s
[   539] loss=-4.6356 | res=1.26e-01 | grad=8.26e-01 | 0.9s
[   540] loss=-4.8766 | res=9.63e-02 | grad=1.06e+00 | 0.9s
[   541] loss=-4.6136 | res=1.16e-01 | grad=5.92e-01 | 0.9s
[   542] loss=-4.5250 | res=1.02e-01 | grad=6.81e-01 | 0.9s
[   543] loss=-4.5411 | res=1.11e-01 | grad=1.00e+00 | 0.9s
[   544] loss=-4.4091 | res=1.17e-01 | grad=7.66e-01 | 0.9s
[   545] loss=-4.5963 | res=1.07e-01 | grad=1.03e+00 | 0.9s
[   546] loss=-4.5321 | res=9.91e-02 | grad=1.16e+00 | 0.9s
[   547] loss=-4.3979 | res=1.05e-01 | grad=5.73e-01 | 0.9s
[   548] loss=-4.7364 | res=1.04e-01 | grad=5.73e-01 | 0.9s
[   549] loss=-4.5993 | res=1.14e-01 | grad=6.90e-01 | 0.9s
[   550] loss=-4.5498 | res=1.01e-01 | grad=4.15e-01 | 0.9s
[   551] loss=-4.5184 | res=9.80e-02 | grad=6.56e-01 | 0.9s
[   552] loss=-4.8154 | res=1.09e-01 | grad=5.00e-01 | 0.9s
[   553] loss=-4.5115 | res=1.06e-01 | grad=5.28e-01 | 0.9s
[   554] loss=-4.5891 | res=1.02e-01 | grad=8.12e-01 | 0.9s
[   555] loss=-4.3686 | res=1.10e-01 | grad=7.40e-01 | 0.9s
[   556] loss=-4.3759 | res=1.15e-01 | grad=7.17e-01 | 0.9s
[   557] loss=-4.5240 | res=9.88e-02 | grad=9.10e-01 | 0.9s
[   558] loss=-4.7558 | res=1.11e-01 | grad=9.86e-01 | 0.9s
[   559] loss=-4.6467 | res=9.64e-02 | grad=4.56e-01 | 0.9s
[   560] loss=-4.7473 | res=9.03e-02 | grad=9.05e-01 | 0.9s
[   561] loss=-4.7169 | res=1.05e-01 | grad=5.92e-01 | 0.9s
[   562] loss=-4.6021 | res=9.61e-02 | grad=5.49e-01 | 0.9s
[   563] loss=-4.4296 | res=1.04e-01 | grad=6.62e-01 | 0.9s
[   564] loss=-4.3642 | res=9.80e-02 | grad=7.06e-01 | 0.9s
[   565] loss=-4.7475 | res=1.11e-01 | grad=4.35e-01 | 0.9s
[   566] loss=-4.7191 | res=9.84e-02 | grad=3.80e-01 | 0.9s
[   567] loss=-4.7865 | res=1.03e-01 | grad=5.55e-01 | 0.9s
[   568] loss=-4.7505 | res=9.39e-02 | grad=5.78e-01 | 0.9s
[   569] loss=-4.6654 | res=1.13e-01 | grad=7.91e-01 | 0.9s
[   570] loss=-4.4535 | res=1.00e-01 | grad=6.49e-01 | 0.9s
[   571] loss=-4.6474 | res=1.01e-01 | grad=8.48e-01 | 0.9s
[   572] loss=-4.7191 | res=1.10e-01 | grad=3.26e-01 | 0.9s
[   573] loss=-4.6476 | res=1.02e-01 | grad=1.03e+00 | 0.9s
[   574] loss=-4.7496 | res=1.04e-01 | grad=6.46e-01 | 0.9s
[   575] loss=-4.7820 | res=8.58e-02 | grad=1.20e+00 | 0.9s
[   576] loss=-4.3471 | res=1.09e-01 | grad=3.85e-01 | 0.9s
[   577] loss=-4.5920 | res=9.60e-02 | grad=6.81e-01 | 0.9s
[   578] loss=-4.7329 | res=1.19e-01 | grad=4.73e-01 | 0.9s
[   579] loss=-4.6253 | res=1.01e-01 | grad=4.67e-01 | 0.9s
[   580] loss=-4.6351 | res=1.02e-01 | grad=5.89e-01 | 0.9s
[   581] loss=-4.6016 | res=1.06e-01 | grad=8.60e-01 | 0.9s
[   582] loss=-4.6212 | res=1.20e-01 | grad=3.37e-01 | 0.9s
[   583] loss=-4.9291 | res=9.27e-02 | grad=9.69e-01 | 0.9s
[   584] loss=-4.4977 | res=1.10e-01 | grad=5.97e-01 | 0.9s
[   585] loss=-4.5293 | res=1.14e-01 | grad=5.82e-01 | 0.9s
[   586] loss=-4.8042 | res=1.02e-01 | grad=4.92e-01 | 0.9s
[   587] loss=-4.7429 | res=9.17e-02 | grad=4.75e-01 | 0.9s
[   588] loss=-4.9885 | res=1.05e-01 | grad=7.93e-01 | 0.9s
[   589] loss=-4.6851 | res=1.02e-01 | grad=5.38e-01 | 0.9s
[   590] loss=-4.5847 | res=1.09e-01 | grad=2.31e-01 | 0.9s
[   591] loss=-4.6067 | res=1.02e-01 | grad=4.75e-01 | 0.9s
[   592] loss=-4.6680 | res=1.11e-01 | grad=9.28e-01 | 0.9s
[   593] loss=-5.0756 | res=1.15e-01 | grad=6.43e-01 | 0.9s
[   594] loss=-4.6345 | res=1.06e-01 | grad=8.40e-01 | 0.9s
[   595] loss=-4.2920 | res=1.21e-01 | grad=5.04e-01 | 0.9s
[   596] loss=-4.6379 | res=1.17e-01 | grad=4.92e-01 | 0.9s
[   597] loss=-4.5954 | res=1.07e-01 | grad=7.98e-01 | 0.9s
[   598] loss=-4.5616 | res=1.08e-01 | grad=9.27e-01 | 0.9s
[   599] loss=-4.5184 | res=1.17e-01 | grad=6.41e-01 | 0.9s
[   600] loss=-4.3916 | res=1.20e-01 | grad=6.88e-01 | 0.9s
[   601] loss=-4.5945 | res=1.19e-01 | grad=3.43e-01 | 0.9s
[   602] loss=-4.7967 | res=9.71e-02 | grad=6.87e-01 | 0.9s
[   603] loss=-4.5792 | res=1.11e-01 | grad=8.35e-01 | 0.9s
[   604] loss=-4.5377 | res=1.06e-01 | grad=7.16e-01 | 0.9s
[   605] loss=-4.7592 | res=9.21e-02 | grad=6.92e-01 | 0.9s
[   606] loss=-4.4747 | res=1.07e-01 | grad=5.63e-01 | 0.9s
[   607] loss=-4.6452 | res=1.01e-01 | grad=4.42e-01 | 0.9s
[   608] loss=-4.5769 | res=1.02e-01 | grad=6.63e-01 | 0.9s
[   609] loss=-4.3964 | res=1.17e-01 | grad=7.64e-01 | 0.9s
[   610] loss=-4.4976 | res=1.01e-01 | grad=7.83e-01 | 0.9s
[   611] loss=-4.4990 | res=1.10e-01 | grad=8.19e-01 | 0.9s
[   612] loss=-4.4658 | res=9.96e-02 | grad=6.10e-01 | 0.9s
[   613] loss=-4.7699 | res=1.00e-01 | grad=5.07e-01 | 0.9s
[   614] loss=-4.1465 | res=1.02e-01 | grad=5.69e-01 | 0.9s
[   615] loss=-4.6571 | res=1.00e-01 | grad=5.56e-01 | 0.9s
[   616] loss=-4.9778 | res=1.07e-01 | grad=9.04e-01 | 0.9s
[   617] loss=-4.6628 | res=9.79e-02 | grad=7.12e-01 | 0.9s
[   618] loss=-4.4308 | res=1.11e-01 | grad=2.89e-01 | 0.9s
[   619] loss=-4.5838 | res=1.02e-01 | grad=5.30e-01 | 0.9s
[   620] loss=-4.5704 | res=1.03e-01 | grad=4.80e-01 | 0.9s
[   621] loss=-4.6380 | res=9.89e-02 | grad=5.60e-01 | 0.9s
[   622] loss=-4.6611 | res=9.93e-02 | grad=6.17e-01 | 0.9s
[   623] loss=-4.6442 | res=9.10e-02 | grad=4.50e-01 | 0.9s
[   624] loss=-4.6812 | res=1.03e-01 | grad=5.38e-01 | 0.9s
[   625] loss=-5.0957 | res=1.01e-01 | grad=3.22e-01 | 0.9s
[   626] loss=-4.8031 | res=1.09e-01 | grad=4.54e-01 | 0.9s
[   627] loss=-4.6415 | res=1.03e-01 | grad=5.85e-01 | 0.9s
[   628] loss=-4.8089 | res=1.05e-01 | grad=3.28e-01 | 0.9s
[   629] loss=-4.6269 | res=1.06e-01 | grad=6.76e-01 | 0.9s
[   630] loss=-4.6144 | res=1.03e-01 | grad=5.99e-01 | 0.9s
[   631] loss=-4.6281 | res=1.09e-01 | grad=5.32e-01 | 0.9s
[   632] loss=-4.4816 | res=1.02e-01 | grad=7.44e-01 | 0.9s
[   633] loss=-4.6761 | res=1.10e-01 | grad=5.66e-01 | 0.9s
[   634] loss=-4.5673 | res=1.11e-01 | grad=2.91e-01 | 0.9s
[   635] loss=-4.5435 | res=1.17e-01 | grad=7.43e-01 | 0.9s
[   636] loss=-4.5232 | res=1.05e-01 | grad=4.27e-01 | 0.9s
[   637] loss=-4.3683 | res=1.03e-01 | grad=1.00e+00 | 0.9s
[   638] loss=-4.6454 | res=1.09e-01 | grad=5.27e-01 | 0.9s
[   639] loss=-4.7580 | res=1.02e-01 | grad=7.12e-01 | 0.9s
[   640] loss=-4.5717 | res=9.44e-02 | grad=7.05e-01 | 0.9s
[   641] loss=-4.5995 | res=9.59e-02 | grad=5.45e-01 | 0.9s
[   642] loss=-4.4171 | res=1.06e-01 | grad=3.21e-01 | 0.9s
[   643] loss=-4.4640 | res=9.14e-02 | grad=5.33e-01 | 0.9s
[   644] loss=-4.5033 | res=1.10e-01 | grad=6.51e-01 | 0.9s
[   645] loss=-4.5078 | res=1.14e-01 | grad=6.97e-01 | 0.9s
[   646] loss=-4.4824 | res=1.01e-01 | grad=4.97e-01 | 0.9s
[   647] loss=-5.0916 | res=9.23e-02 | grad=1.11e+00 | 0.9s
[   648] loss=-4.7810 | res=9.42e-02 | grad=5.99e-01 | 0.9s
[   649] loss=-4.6897 | res=1.04e-01 | grad=6.25e-01 | 0.9s
[   650] loss=-4.6335 | res=1.08e-01 | grad=5.20e-01 | 0.9s
[   651] loss=-4.4066 | res=1.08e-01 | grad=8.47e-01 | 0.9s
[   652] loss=-4.7253 | res=1.32e-01 | grad=9.15e-01 | 0.9s
[   653] loss=-4.5644 | res=1.13e-01 | grad=4.35e-01 | 0.9s
[   654] loss=-4.6757 | res=1.07e-01 | grad=3.08e-01 | 0.9s
[   655] loss=-4.5441 | res=1.14e-01 | grad=6.17e-01 | 0.9s
[   656] loss=-4.7605 | res=9.41e-02 | grad=5.89e-01 | 0.9s
[   657] loss=-4.5090 | res=9.45e-02 | grad=7.22e-01 | 0.9s
[   658] loss=-4.6541 | res=1.11e-01 | grad=5.92e-01 | 0.9s
[   659] loss=-4.8199 | res=1.01e-01 | grad=6.80e-01 | 0.9s
[   660] loss=-4.2692 | res=1.03e-01 | grad=1.16e+00 | 0.9s
[   661] loss=-4.5900 | res=1.05e-01 | grad=5.24e-01 | 0.9s
[   662] loss=-4.5413 | res=1.00e-01 | grad=9.52e-01 | 0.9s
[   663] loss=-4.4127 | res=1.09e-01 | grad=3.48e-01 | 0.9s
[   664] loss=-4.9135 | res=9.68e-02 | grad=8.74e-01 | 0.9s
[   665] loss=-4.7057 | res=9.83e-02 | grad=7.74e-01 | 0.9s
[   666] loss=-4.5107 | res=1.01e-01 | grad=4.23e-01 | 0.9s
[   667] loss=-5.0677 | res=1.07e-01 | grad=7.34e-01 | 0.9s
[   668] loss=-4.5768 | res=1.12e-01 | grad=5.59e-01 | 0.9s
[   669] loss=-4.4433 | res=1.07e-01 | grad=8.31e-01 | 0.9s
[   670] loss=-4.4057 | res=1.13e-01 | grad=4.27e-01 | 0.9s
[   671] loss=-4.6529 | res=9.86e-02 | grad=5.05e-01 | 0.9s
[   672] loss=-4.5980 | res=9.74e-02 | grad=1.71e-01 | 0.9s
[   673] loss=-4.7401 | res=1.02e-01 | grad=5.03e-01 | 0.9s
[   674] loss=-4.6425 | res=9.96e-02 | grad=8.46e-01 | 0.9s
[   675] loss=-4.4939 | res=9.86e-02 | grad=7.38e-01 | 0.9s
[   676] loss=-4.5632 | res=9.47e-02 | grad=7.12e-01 | 0.9s
[   677] loss=-4.6865 | res=1.11e-01 | grad=2.97e-01 | 0.9s
[   678] loss=-4.6771 | res=1.08e-01 | grad=5.99e-01 | 0.9s
[   679] loss=-4.9211 | res=1.04e-01 | grad=9.01e-01 | 0.9s
[   680] loss=-4.4462 | res=9.88e-02 | grad=6.10e-01 | 0.9s
[   681] loss=-4.7558 | res=9.73e-02 | grad=4.36e-01 | 0.9s
[   682] loss=-4.5875 | res=1.20e-01 | grad=7.93e-01 | 0.9s
[   683] loss=-4.8919 | res=1.09e-01 | grad=5.92e-01 | 0.9s
[   684] loss=-4.4131 | res=1.17e-01 | grad=5.18e-01 | 0.9s
[   685] loss=-4.7467 | res=1.02e-01 | grad=5.97e-01 | 0.9s
[   686] loss=-4.4247 | res=1.07e-01 | grad=8.92e-01 | 0.9s
[   687] loss=-4.6459 | res=1.01e-01 | grad=6.80e-01 | 0.9s
[   688] loss=-4.8487 | res=1.10e-01 | grad=5.31e-01 | 0.9s
[   689] loss=-4.6225 | res=1.10e-01 | grad=7.77e-01 | 0.9s
[   690] loss=-4.4968 | res=9.58e-02 | grad=9.41e-01 | 0.9s
[   691] loss=-4.9218 | res=1.00e-01 | grad=5.71e-01 | 0.9s
[   692] loss=-4.9359 | res=1.03e-01 | grad=6.38e-01 | 0.9s
[   693] loss=-4.3676 | res=1.16e-01 | grad=4.96e-01 | 0.9s
[   694] loss=-4.9379 | res=1.05e-01 | grad=6.65e-01 | 0.9s
[   695] loss=-4.4064 | res=1.03e-01 | grad=5.61e-01 | 0.9s
[   696] loss=-4.3177 | res=1.01e-01 | grad=6.80e-01 | 0.9s
[   697] loss=-4.9353 | res=9.66e-02 | grad=8.19e-01 | 0.9s
[   698] loss=-4.8384 | res=1.11e-01 | grad=7.06e-01 | 0.9s
[   699] loss=-4.6424 | res=1.10e-01 | grad=7.39e-01 | 0.9s
[   700] loss=-4.7838 | res=1.01e-01 | grad=3.58e-01 | 0.9s
[   701] loss=-4.3941 | res=1.02e-01 | grad=1.17e+00 | 0.9s
[   702] loss=-4.5701 | res=1.14e-01 | grad=4.30e-01 | 0.9s
[   703] loss=-4.4783 | res=1.11e-01 | grad=5.17e-01 | 0.9s
[   704] loss=-4.6106 | res=1.03e-01 | grad=9.31e-01 | 0.9s
[   705] loss=-4.5604 | res=1.07e-01 | grad=8.47e-01 | 0.9s
[   706] loss=-4.3397 | res=1.08e-01 | grad=9.44e-01 | 0.9s
[   707] loss=-4.4127 | res=1.06e-01 | grad=7.20e-01 | 0.9s
[   708] loss=-4.5744 | res=1.08e-01 | grad=3.71e-01 | 0.9s
[   709] loss=-4.7584 | res=9.95e-02 | grad=9.73e-01 | 0.9s
[   710] loss=-4.6235 | res=9.83e-02 | grad=5.88e-01 | 0.9s
[   711] loss=-4.8249 | res=1.08e-01 | grad=7.38e-01 | 0.9s
[   712] loss=-4.8121 | res=1.04e-01 | grad=6.01e-01 | 0.9s
[   713] loss=-4.7257 | res=9.78e-02 | grad=6.05e-01 | 0.9s
[   714] loss=-4.5272 | res=1.01e-01 | grad=7.54e-01 | 0.9s
[   715] loss=-4.5918 | res=1.13e-01 | grad=3.91e-01 | 0.9s
[   716] loss=-4.7299 | res=1.00e-01 | grad=8.17e-01 | 0.9s
[   717] loss=-4.6389 | res=1.07e-01 | grad=6.71e-01 | 0.9s
[   718] loss=-4.5140 | res=1.13e-01 | grad=3.76e-01 | 0.9s
[   719] loss=-4.5372 | res=9.99e-02 | grad=7.70e-01 | 0.9s
[   720] loss=-4.4657 | res=9.66e-02 | grad=1.02e+00 | 0.9s
[   721] loss=-4.4910 | res=9.47e-02 | grad=4.00e-01 | 0.9s
[   722] loss=-4.8632 | res=1.10e-01 | grad=4.33e-01 | 0.9s
[   723] loss=-4.6603 | res=1.06e-01 | grad=3.42e-01 | 0.9s
[   724] loss=-4.6786 | res=1.02e-01 | grad=5.60e-01 | 0.9s
[   725] loss=-4.4462 | res=1.19e-01 | grad=8.83e-01 | 0.9s
[   726] loss=-4.8047 | res=1.21e-01 | grad=9.57e-01 | 0.9s
[   727] loss=-4.5963 | res=1.02e-01 | grad=3.89e-01 | 0.9s
[   728] loss=-4.5691 | res=1.29e-01 | grad=2.97e-01 | 0.9s
[   729] loss=-4.7861 | res=9.87e-02 | grad=4.05e-01 | 0.9s
[   730] loss=-4.4970 | res=9.94e-02 | grad=9.37e-01 | 0.9s
[   731] loss=-4.6209 | res=1.09e-01 | grad=7.63e-01 | 0.9s
[   732] loss=-4.6663 | res=1.10e-01 | grad=4.88e-01 | 0.9s
[   733] loss=-4.9056 | res=1.00e-01 | grad=8.44e-01 | 0.9s
[   734] loss=-4.8451 | res=1.09e-01 | grad=3.09e-01 | 0.9s
[   735] loss=-4.5816 | res=9.15e-02 | grad=3.63e-01 | 0.9s
[   736] loss=-4.6820 | res=9.71e-02 | grad=8.66e-01 | 0.9s
[   737] loss=-4.4465 | res=1.12e-01 | grad=1.23e+00 | 0.9s
[   738] loss=-4.7374 | res=1.06e-01 | grad=8.04e-01 | 0.9s
[   739] loss=-4.5803 | res=1.12e-01 | grad=1.17e+00 | 0.9s
[   740] loss=-4.9735 | res=1.07e-01 | grad=7.48e-01 | 0.9s
[   741] loss=-4.6335 | res=1.04e-01 | grad=7.79e-01 | 0.9s
[   742] loss=-4.7331 | res=9.47e-02 | grad=4.34e-01 | 0.9s
[   743] loss=-4.2967 | res=1.10e-01 | grad=5.66e-01 | 0.9s
[   744] loss=-4.8040 | res=1.15e-01 | grad=6.42e-01 | 0.9s
[   745] loss=-4.5159 | res=1.05e-01 | grad=1.04e+00 | 0.9s
[   746] loss=-4.7229 | res=1.10e-01 | grad=6.11e-01 | 0.9s
[   747] loss=-4.7580 | res=1.04e-01 | grad=1.10e+00 | 0.9s
[   748] loss=-4.6087 | res=1.12e-01 | grad=1.26e+00 | 0.9s
[   749] loss=-4.4690 | res=1.07e-01 | grad=3.73e-01 | 0.9s
[   750] loss=-4.4181 | res=1.09e-01 | grad=5.28e-01 | 0.9s
[   751] loss=-4.5883 | res=9.28e-02 | grad=4.67e-01 | 0.9s
[   752] loss=-4.4641 | res=1.10e-01 | grad=5.81e-01 | 0.9s
[   753] loss=-4.4150 | res=1.06e-01 | grad=5.32e-01 | 0.9s
[   754] loss=-4.5506 | res=1.13e-01 | grad=7.00e-01 | 0.9s
[   755] loss=-4.4969 | res=1.01e-01 | grad=6.23e-01 | 0.9s
[   756] loss=-4.3422 | res=1.02e-01 | grad=4.54e-01 | 0.9s
[   757] loss=-4.7577 | res=9.90e-02 | grad=5.62e-01 | 0.9s
[   758] loss=-4.6115 | res=1.02e-01 | grad=7.21e-01 | 0.9s
[   759] loss=-4.7912 | res=1.09e-01 | grad=6.43e-01 | 0.9s
[   760] loss=-4.4141 | res=1.02e-01 | grad=4.34e-01 | 0.9s
[   761] loss=-4.8625 | res=1.06e-01 | grad=6.14e-01 | 0.9s
[   762] loss=-4.5673 | res=1.10e-01 | grad=2.23e-01 | 0.9s
[   763] loss=-4.7298 | res=1.01e-01 | grad=3.93e-01 | 0.9s
[   764] loss=-4.5643 | res=1.01e-01 | grad=1.20e+00 | 0.9s
[   765] loss=-4.5233 | res=1.05e-01 | grad=7.39e-01 | 0.9s
[   766] loss=-4.7775 | res=1.05e-01 | grad=3.48e-01 | 0.9s
[   767] loss=-4.4341 | res=9.30e-02 | grad=5.84e-01 | 0.9s
[   768] loss=-4.8723 | res=1.05e-01 | grad=4.20e-01 | 0.9s
[   769] loss=-4.7673 | res=1.13e-01 | grad=5.26e-01 | 0.9s
[   770] loss=-4.7022 | res=1.06e-01 | grad=7.16e-01 | 0.9s
[   771] loss=-4.5460 | res=1.05e-01 | grad=1.10e+00 | 0.9s
[   772] loss=-4.6857 | res=9.32e-02 | grad=5.48e-01 | 0.9s
[   773] loss=-4.7410 | res=1.07e-01 | grad=7.53e-01 | 0.9s
[   774] loss=-4.6772 | res=9.89e-02 | grad=4.04e-01 | 0.9s
[   775] loss=-4.3553 | res=1.08e-01 | grad=6.40e-01 | 0.9s
[   776] loss=-4.8217 | res=9.69e-02 | grad=1.33e+00 | 0.9s
[   777] loss=-4.7052 | res=1.14e-01 | grad=7.40e-01 | 0.9s
[   778] loss=-4.5709 | res=1.00e-01 | grad=8.89e-01 | 0.9s
[   779] loss=-4.6838 | res=9.78e-02 | grad=8.01e-01 | 0.9s
[   780] loss=-4.4926 | res=1.05e-01 | grad=1.41e+00 | 0.9s
[   781] loss=-4.6955 | res=1.07e-01 | grad=7.15e-01 | 0.9s
[   782] loss=-4.4663 | res=8.89e-02 | grad=8.26e-01 | 0.9s
[   783] loss=-4.6494 | res=1.03e-01 | grad=7.52e-01 | 0.9s
[   784] loss=-4.7379 | res=1.04e-01 | grad=6.51e-01 | 0.9s
[   785] loss=-4.4122 | res=9.71e-02 | grad=7.41e-01 | 0.9s
[   786] loss=-4.6277 | res=1.10e-01 | grad=8.39e-01 | 0.9s
[   787] loss=-4.4272 | res=1.01e-01 | grad=3.20e-01 | 0.9s
[   788] loss=-4.9183 | res=1.03e-01 | grad=7.48e-01 | 0.9s
[   789] loss=-4.8426 | res=9.75e-02 | grad=6.42e-01 | 0.9s
[   790] loss=-4.8022 | res=1.10e-01 | grad=6.57e-01 | 0.9s
[   791] loss=-4.6017 | res=1.04e-01 | grad=7.81e-01 | 0.9s
[   792] loss=-4.9427 | res=1.04e-01 | grad=6.68e-01 | 0.9s
[   793] loss=-4.6759 | res=1.06e-01 | grad=5.57e-01 | 0.9s
[   794] loss=-4.6107 | res=1.06e-01 | grad=5.84e-01 | 0.9s
[   795] loss=-4.6322 | res=1.17e-01 | grad=5.25e-01 | 0.9s
[   796] loss=-4.3863 | res=1.16e-01 | grad=7.08e-01 | 0.9s
[   797] loss=-4.6407 | res=1.03e-01 | grad=9.30e-01 | 0.9s
[   798] loss=-4.7467 | res=9.40e-02 | grad=1.03e+00 | 0.9s
[   799] loss=-4.7111 | res=1.06e-01 | grad=6.69e-01 | 0.9s
[   800] loss=-4.5352 | res=1.02e-01 | grad=9.71e-01 | 0.9s
[   801] loss=-4.4057 | res=1.08e-01 | grad=5.49e-01 | 0.9s
[   802] loss=-4.5104 | res=1.04e-01 | grad=6.25e-01 | 0.9s
[   803] loss=-4.8059 | res=1.17e-01 | grad=6.99e-01 | 0.9s
[   804] loss=-4.8900 | res=9.29e-02 | grad=7.36e-01 | 0.9s
[   805] loss=-4.4396 | res=1.02e-01 | grad=5.43e-01 | 0.9s
[   806] loss=-4.6175 | res=1.17e-01 | grad=5.35e-01 | 0.9s
[   807] loss=-4.6291 | res=9.14e-02 | grad=3.91e-01 | 0.9s
[   808] loss=-4.4735 | res=1.14e-01 | grad=8.36e-01 | 0.9s
[   809] loss=-4.6837 | res=1.11e-01 | grad=7.56e-01 | 0.9s
[   810] loss=-4.5839 | res=1.15e-01 | grad=3.92e-01 | 0.9s
[   811] loss=-4.5603 | res=1.06e-01 | grad=5.41e-01 | 0.9s
[   812] loss=-4.5265 | res=1.09e-01 | grad=8.09e-01 | 0.9s
[   813] loss=-4.8341 | res=1.04e-01 | grad=6.45e-01 | 0.9s
[   814] loss=-4.9233 | res=1.02e-01 | grad=6.89e-01 | 0.9s
[   815] loss=-4.7457 | res=9.54e-02 | grad=5.74e-01 | 0.9s
[   816] loss=-4.6113 | res=1.03e-01 | grad=4.27e-01 | 0.9s
[   817] loss=-4.6533 | res=1.11e-01 | grad=4.74e-01 | 0.9s
[   818] loss=-4.8111 | res=9.42e-02 | grad=5.45e-01 | 0.9s
[   819] loss=-4.4863 | res=1.13e-01 | grad=7.53e-01 | 0.9s
[   820] loss=-4.7846 | res=1.13e-01 | grad=4.26e-01 | 0.9s
[   821] loss=-4.6252 | res=1.10e-01 | grad=5.53e-01 | 0.9s
[   822] loss=-4.8728 | res=1.17e-01 | grad=5.88e-01 | 0.9s
[   823] loss=-4.7326 | res=1.05e-01 | grad=5.49e-01 | 0.9s
[   824] loss=-4.3200 | res=1.01e-01 | grad=6.23e-01 | 0.9s
[   825] loss=-4.6210 | res=1.05e-01 | grad=4.17e-01 | 0.9s
[   826] loss=-4.3517 | res=1.09e-01 | grad=6.14e-01 | 0.9s
[   827] loss=-4.6840 | res=1.14e-01 | grad=8.59e-01 | 0.9s
[   828] loss=-4.9039 | res=1.05e-01 | grad=8.59e-01 | 0.9s
[   829] loss=-4.4599 | res=9.82e-02 | grad=4.98e-01 | 0.9s
[   830] loss=-4.4050 | res=1.05e-01 | grad=3.22e-01 | 0.9s
[   831] loss=-4.6066 | res=1.09e-01 | grad=3.50e-01 | 0.9s
[   832] loss=-4.8664 | res=1.02e-01 | grad=1.01e+00 | 0.9s
[   833] loss=-4.6996 | res=9.95e-02 | grad=6.70e-01 | 0.9s
[   834] loss=-4.6136 | res=1.12e-01 | grad=8.67e-01 | 0.9s
[   835] loss=-4.5836 | res=9.96e-02 | grad=4.57e-01 | 0.9s
[   836] loss=-4.5614 | res=1.09e-01 | grad=3.57e-01 | 0.9s
[   837] loss=-4.6710 | res=9.77e-02 | grad=5.78e-01 | 0.9s
[   838] loss=-4.6462 | res=1.11e-01 | grad=2.94e-01 | 0.9s
[   839] loss=-4.5230 | res=1.03e-01 | grad=6.72e-01 | 0.9s
[   840] loss=-4.6065 | res=1.01e-01 | grad=3.77e-01 | 0.9s
[   841] loss=-4.5086 | res=1.09e-01 | grad=7.27e-01 | 0.9s
[   842] loss=-4.5776 | res=1.19e-01 | grad=5.07e-01 | 0.9s
[   843] loss=-4.7245 | res=1.07e-01 | grad=4.04e-01 | 0.9s
[   844] loss=-4.5245 | res=1.07e-01 | grad=5.75e-01 | 0.9s
[   845] loss=-4.4557 | res=1.02e-01 | grad=5.83e-01 | 0.9s
[   846] loss=-4.4571 | res=1.07e-01 | grad=6.37e-01 | 0.9s
[   847] loss=-4.7313 | res=1.04e-01 | grad=8.66e-01 | 0.9s
[   848] loss=-4.7031 | res=1.05e-01 | grad=5.51e-01 | 0.9s
[   849] loss=-4.4192 | res=1.00e-01 | grad=4.53e-01 | 0.9s
[   850] loss=-4.7543 | res=1.04e-01 | grad=5.68e-01 | 0.9s
[   851] loss=-4.6463 | res=9.53e-02 | grad=5.62e-01 | 0.9s
[   852] loss=-4.6636 | res=7.84e-02 | grad=7.39e-01 | 0.9s
[   853] loss=-4.4620 | res=9.70e-02 | grad=7.76e-01 | 0.9s
[   854] loss=-4.9457 | res=9.26e-02 | grad=8.81e-01 | 0.9s
[   855] loss=-4.6432 | res=1.03e-01 | grad=8.76e-01 | 0.9s
[   856] loss=-4.6583 | res=1.12e-01 | grad=5.57e-01 | 0.9s
[   857] loss=-4.6077 | res=1.03e-01 | grad=5.56e-01 | 0.9s
[   858] loss=-4.5906 | res=1.12e-01 | grad=5.88e-01 | 0.9s
[   859] loss=-4.9063 | res=1.09e-01 | grad=5.93e-01 | 0.9s
[   860] loss=-4.8334 | res=9.30e-02 | grad=7.27e-01 | 0.9s
[   861] loss=-4.6711 | res=9.58e-02 | grad=4.53e-01 | 0.9s
[   862] loss=-4.4902 | res=1.17e-01 | grad=7.04e-01 | 0.9s
[   863] loss=-4.4560 | res=1.02e-01 | grad=6.64e-01 | 0.9s
[   864] loss=-4.5458 | res=1.10e-01 | grad=6.42e-01 | 0.9s
[   865] loss=-4.5230 | res=1.12e-01 | grad=6.22e-01 | 0.9s
[   866] loss=-4.6377 | res=9.96e-02 | grad=2.44e-01 | 0.9s
[   867] loss=-4.5495 | res=9.82e-02 | grad=3.63e-01 | 0.9s
[   868] loss=-4.6861 | res=9.90e-02 | grad=9.32e-01 | 0.9s
[   869] loss=-4.8004 | res=9.42e-02 | grad=3.87e-01 | 0.9s
[   870] loss=-4.9063 | res=9.56e-02 | grad=1.05e+00 | 0.9s
[   871] loss=-4.2704 | res=9.98e-02 | grad=7.41e-01 | 0.9s
[   872] loss=-4.7442 | res=9.78e-02 | grad=7.87e-01 | 0.9s
[   873] loss=-4.2900 | res=9.90e-02 | grad=3.61e-01 | 0.9s
[   874] loss=-4.5228 | res=1.04e-01 | grad=6.14e-01 | 0.9s
[   875] loss=-4.7109 | res=9.84e-02 | grad=8.40e-01 | 0.9s
[   876] loss=-4.5156 | res=1.02e-01 | grad=4.21e-01 | 0.9s
[   877] loss=-4.8174 | res=1.01e-01 | grad=5.74e-01 | 0.9s
[   878] loss=-4.8238 | res=1.11e-01 | grad=8.95e-01 | 0.9s
[   879] loss=-5.0394 | res=9.85e-02 | grad=8.16e-01 | 0.9s
[   880] loss=-4.4318 | res=1.15e-01 | grad=6.95e-01 | 0.9s
[   881] loss=-4.7102 | res=1.10e-01 | grad=3.39e-01 | 0.9s
[   882] loss=-4.0576 | res=1.15e-01 | grad=1.40e+00 | 0.9s
[   883] loss=-4.8517 | res=1.07e-01 | grad=4.26e-01 | 0.9s
[   884] loss=-4.8948 | res=9.74e-02 | grad=5.38e-01 | 0.9s
[   885] loss=-4.5854 | res=9.66e-02 | grad=8.90e-01 | 0.9s
[   886] loss=-4.2973 | res=1.09e-01 | grad=5.48e-01 | 0.9s
[   887] loss=-4.5436 | res=9.02e-02 | grad=5.69e-01 | 0.9s
[   888] loss=-4.5501 | res=1.10e-01 | grad=6.44e-01 | 0.9s
[   889] loss=-4.8485 | res=9.96e-02 | grad=4.61e-01 | 0.9s
[   890] loss=-4.6283 | res=1.03e-01 | grad=1.03e+00 | 0.9s
[   891] loss=-4.4436 | res=1.03e-01 | grad=9.91e-01 | 0.9s
[   892] loss=-4.5167 | res=1.12e-01 | grad=6.75e-01 | 0.9s
[   893] loss=-4.6286 | res=9.77e-02 | grad=4.88e-01 | 0.9s
[   894] loss=-4.7249 | res=9.07e-02 | grad=5.68e-01 | 0.9s
[   895] loss=-4.5267 | res=9.89e-02 | grad=6.51e-01 | 0.9s
[   896] loss=-4.4105 | res=9.71e-02 | grad=4.81e-01 | 0.9s
[   897] loss=-4.8208 | res=1.00e-01 | grad=9.46e-01 | 0.9s
[   898] loss=-4.3433 | res=1.02e-01 | grad=4.00e-01 | 0.9s
[   899] loss=-4.6120 | res=1.07e-01 | grad=3.92e-01 | 0.9s
[   900] loss=-4.5714 | res=1.04e-01 | grad=1.11e+00 | 0.9s
[   901] loss=-4.4540 | res=1.06e-01 | grad=8.76e-01 | 0.9s
[   902] loss=-4.5016 | res=1.03e-01 | grad=7.24e-01 | 0.9s
[   903] loss=-4.6335 | res=9.12e-02 | grad=5.79e-01 | 0.9s
[   904] loss=-4.6587 | res=1.09e-01 | grad=6.48e-01 | 0.9s
[   905] loss=-4.6049 | res=1.15e-01 | grad=4.49e-01 | 0.9s
[   906] loss=-4.6135 | res=1.04e-01 | grad=1.00e+00 | 0.9s
[   907] loss=-4.4402 | res=9.43e-02 | grad=5.65e-01 | 0.9s
[   908] loss=-4.8598 | res=1.04e-01 | grad=9.02e-01 | 0.9s
[   909] loss=-4.4202 | res=9.22e-02 | grad=6.27e-01 | 0.9s
[   910] loss=-4.9593 | res=9.12e-02 | grad=8.47e-01 | 0.9s
[   911] loss=-4.8617 | res=1.02e-01 | grad=5.37e-01 | 0.9s
[   912] loss=-4.6202 | res=1.01e-01 | grad=6.16e-01 | 0.9s
[   913] loss=-4.5931 | res=1.06e-01 | grad=9.67e-01 | 0.9s
[   914] loss=-4.5609 | res=1.01e-01 | grad=1.05e+00 | 0.9s
[   915] loss=-4.4862 | res=1.02e-01 | grad=7.73e-01 | 0.9s
[   916] loss=-4.6859 | res=9.81e-02 | grad=2.85e-01 | 0.9s
[   917] loss=-4.5735 | res=1.07e-01 | grad=3.80e-01 | 0.9s
[   918] loss=-4.3474 | res=9.41e-02 | grad=9.01e-01 | 0.9s
[   919] loss=-4.5362 | res=1.01e-01 | grad=3.38e-01 | 0.9s
[   920] loss=-4.8106 | res=9.68e-02 | grad=4.40e-01 | 0.9s
[   921] loss=-4.5993 | res=9.75e-02 | grad=4.27e-01 | 0.9s
[   922] loss=-4.5697 | res=9.03e-02 | grad=6.67e-01 | 0.9s
[   923] loss=-4.6651 | res=1.00e-01 | grad=7.37e-01 | 0.9s
[   924] loss=-4.5521 | res=1.00e-01 | grad=7.04e-01 | 0.9s
[   925] loss=-4.7779 | res=1.03e-01 | grad=8.53e-01 | 0.9s
[   926] loss=-4.3944 | res=1.04e-01 | grad=1.99e-01 | 0.9s
[   927] loss=-4.5712 | res=1.07e-01 | grad=7.24e-01 | 0.9s
[   928] loss=-4.4394 | res=9.30e-02 | grad=9.45e-01 | 0.9s
[   929] loss=-4.5960 | res=1.05e-01 | grad=8.73e-01 | 0.9s
[   930] loss=-4.6172 | res=8.97e-02 | grad=3.42e-01 | 0.9s
[   931] loss=-4.6627 | res=1.03e-01 | grad=4.09e-01 | 0.9s
[   932] loss=-4.6463 | res=9.87e-02 | grad=6.30e-01 | 0.9s
[   933] loss=-4.7290 | res=1.19e-01 | grad=4.12e-01 | 0.9s
[   934] loss=-4.4842 | res=1.03e-01 | grad=6.44e-01 | 0.9s
[   935] loss=-4.8043 | res=9.07e-02 | grad=3.52e-01 | 0.9s
[   936] loss=-4.7418 | res=1.01e-01 | grad=4.63e-01 | 0.9s
[   937] loss=-4.5235 | res=1.09e-01 | grad=5.79e-01 | 0.9s
[   938] loss=-4.4916 | res=9.02e-02 | grad=7.45e-01 | 0.9s
[   939] loss=-4.7127 | res=9.85e-02 | grad=6.50e-01 | 0.9s
[   940] loss=-4.6505 | res=9.94e-02 | grad=3.97e-01 | 0.9s
[   941] loss=-4.5392 | res=9.45e-02 | grad=7.00e-01 | 0.9s
[   942] loss=-4.8205 | res=1.04e-01 | grad=2.82e-01 | 0.9s
[   943] loss=-4.6070 | res=1.03e-01 | grad=8.45e-01 | 0.9s
[   944] loss=-4.5668 | res=9.51e-02 | grad=7.61e-01 | 0.9s
[   945] loss=-4.9268 | res=1.09e-01 | grad=9.05e-01 | 0.9s
[   946] loss=-4.6382 | res=1.03e-01 | grad=7.55e-01 | 0.9s
[   947] loss=-4.5462 | res=9.21e-02 | grad=4.69e-01 | 0.9s
[   948] loss=-4.7231 | res=9.87e-02 | grad=7.31e-01 | 0.9s
[   949] loss=-4.5060 | res=9.98e-02 | grad=6.38e-01 | 0.9s
[   950] loss=-4.6111 | res=1.00e-01 | grad=4.52e-01 | 0.9s
[   951] loss=-4.4493 | res=1.12e-01 | grad=1.02e+00 | 0.9s
[   952] loss=-4.4675 | res=1.10e-01 | grad=4.15e-01 | 0.9s
[   953] loss=-4.4162 | res=9.78e-02 | grad=4.76e-01 | 0.9s
[   954] loss=-4.7214 | res=1.06e-01 | grad=6.22e-01 | 0.9s
[   955] loss=-4.8378 | res=1.04e-01 | grad=3.35e-01 | 0.9s
[   956] loss=-4.7369 | res=1.07e-01 | grad=8.73e-01 | 0.9s
[   957] loss=-4.4373 | res=1.10e-01 | grad=1.08e+00 | 0.9s
[   958] loss=-4.7700 | res=8.22e-02 | grad=6.40e-01 | 0.9s
[   959] loss=-4.6902 | res=1.09e-01 | grad=7.58e-01 | 0.9s
[   960] loss=-4.5283 | res=1.07e-01 | grad=5.96e-01 | 0.9s
[   961] loss=-4.5020 | res=9.42e-02 | grad=9.75e-01 | 0.9s
[   962] loss=-4.7156 | res=8.86e-02 | grad=1.07e+00 | 0.9s
[   963] loss=-4.4684 | res=1.02e-01 | grad=8.90e-01 | 0.9s
[   964] loss=-4.6023 | res=1.00e-01 | grad=7.01e-01 | 0.9s
[   965] loss=-4.5751 | res=1.12e-01 | grad=3.42e-01 | 0.9s
[   966] loss=-4.5006 | res=9.97e-02 | grad=1.32e+00 | 0.9s
[   967] loss=-4.7801 | res=1.05e-01 | grad=1.21e+00 | 0.9s
[   968] loss=-4.5932 | res=1.04e-01 | grad=9.97e-01 | 0.9s
[   969] loss=-4.8155 | res=1.03e-01 | grad=3.62e-01 | 0.9s
[   970] loss=-4.3608 | res=1.04e-01 | grad=5.12e-01 | 0.9s
[   971] loss=-4.6897 | res=1.05e-01 | grad=6.29e-01 | 0.9s
[   972] loss=-4.7125 | res=8.97e-02 | grad=4.48e-01 | 0.9s
[   973] loss=-4.6183 | res=9.83e-02 | grad=6.36e-01 | 0.9s
[   974] loss=-4.5345 | res=1.03e-01 | grad=7.74e-01 | 0.9s
[   975] loss=-4.4446 | res=9.80e-02 | grad=6.13e-01 | 0.9s
[   976] loss=-4.6563 | res=1.07e-01 | grad=7.52e-01 | 0.9s
[   977] loss=-4.6315 | res=1.01e-01 | grad=7.92e-01 | 0.9s
[   978] loss=-4.5602 | res=1.01e-01 | grad=6.72e-01 | 0.9s
[   979] loss=-4.6769 | res=1.02e-01 | grad=6.41e-01 | 0.9s
[   980] loss=-4.6950 | res=9.28e-02 | grad=1.19e+00 | 0.9s
[   981] loss=-4.7474 | res=9.68e-02 | grad=8.96e-01 | 0.9s
[   982] loss=-4.8317 | res=8.45e-02 | grad=4.96e-01 | 0.9s
[   983] loss=-4.3993 | res=9.58e-02 | grad=8.21e-01 | 0.9s
[   984] loss=-4.6920 | res=1.15e-01 | grad=3.55e-01 | 0.9s
[   985] loss=-4.4312 | res=1.07e-01 | grad=8.13e-01 | 0.9s
[   986] loss=-5.1427 | res=9.61e-02 | grad=1.11e+00 | 0.9s
[   987] loss=-4.4687 | res=1.04e-01 | grad=8.07e-01 | 0.9s
[   988] loss=-4.7149 | res=9.36e-02 | grad=7.24e-01 | 0.9s
[   989] loss=-4.4970 | res=1.05e-01 | grad=5.91e-01 | 0.9s
[   990] loss=-4.8725 | res=1.04e-01 | grad=5.21e-01 | 0.9s
[   991] loss=-4.8073 | res=9.17e-02 | grad=7.14e-01 | 0.9s
[   992] loss=-4.8071 | res=9.42e-02 | grad=7.03e-01 | 0.9s
[   993] loss=-4.5377 | res=9.68e-02 | grad=5.23e-01 | 0.9s
[   994] loss=-4.3407 | res=1.07e-01 | grad=9.46e-01 | 0.9s
[   995] loss=-4.9615 | res=9.75e-02 | grad=3.34e-01 | 0.9s
[   996] loss=-4.5284 | res=1.04e-01 | grad=5.33e-01 | 0.9s
[   997] loss=-4.8243 | res=9.98e-02 | grad=5.42e-01 | 0.9s
[   998] loss=-4.6292 | res=1.08e-01 | grad=5.15e-01 | 0.9s
[   999] loss=-4.7743 | res=1.06e-01 | grad=5.62e-01 | 0.9s
[  1000] loss=-4.4777 | res=1.12e-01 | grad=5.68e-01 | 0.9s
  KL = -0.1642 +/- 0.0063  |  ESS = 703.8 (ratio: 0.687)
  Runtime = 895.7s

[Ours] Training on T5...
/home/sjbhatt/anaconda3/envs/rcpms-jax/lib/python3.10/site-packages/jax/_src/ops/scatter.py:92: FutureWarning: scatter inputs have incompatible types: cannot safely cast value from dtype=int64 to dtype=int32 with jax_numpy_dtype_promotion='standard'. In future JAX releases this will result in an error.
  warnings.warn(
/home/sjbhatt/anaconda3/envs/rcpms-jax/lib/python3.10/site-packages/jax/_src/ops/scatter.py:92: FutureWarning: scatter inputs have incompatible types: cannot safely cast value from dtype=int64 to dtype=int32 with jax_numpy_dtype_promotion='standard'. In future JAX releases this will result in an error.
  warnings.warn(
[     1] loss=0.0135 | res=2.84e-03 | grad=8.06e+00 | 8.2s
[     2] loss=-0.1631 | res=3.67e-03 | grad=7.80e+00 | 0.8s
[     3] loss=-0.3541 | res=4.43e-03 | grad=8.23e+00 | 0.8s
[     4] loss=-0.5375 | res=4.42e-03 | grad=8.74e+00 | 0.8s
[     5] loss=-0.7283 | res=6.30e-03 | grad=9.62e+00 | 0.8s
[     6] loss=-0.9100 | res=6.81e-03 | grad=1.02e+01 | 0.8s
[     7] loss=-1.0913 | res=7.51e-03 | grad=1.07e+01 | 0.8s
[     8] loss=-1.3206 | res=1.08e-02 | grad=1.14e+01 | 0.8s
[     9] loss=-1.5090 | res=1.12e-02 | grad=1.15e+01 | 0.8s
[    10] loss=-1.7119 | res=1.38e-02 | grad=1.18e+01 | 0.8s
[    11] loss=-1.9908 | res=1.63e-02 | grad=1.22e+01 | 0.8s
[    12] loss=-2.0609 | res=1.52e-02 | grad=1.08e+01 | 0.8s
[    13] loss=-2.3736 | res=2.06e-02 | grad=1.11e+01 | 0.8s
[    14] loss=-2.3767 | res=1.62e-02 | grad=9.83e+00 | 0.8s
[    15] loss=-2.8620 | res=2.09e-02 | grad=1.01e+01 | 0.8s
[    16] loss=-2.9662 | res=1.95e-02 | grad=9.36e+00 | 0.8s
[    17] loss=-2.9941 | res=2.34e-02 | grad=8.76e+00 | 0.8s
[    18] loss=-3.1887 | res=2.85e-02 | grad=8.46e+00 | 0.8s
[    19] loss=-3.2625 | res=2.74e-02 | grad=8.03e+00 | 0.8s
[    20] loss=-3.6469 | res=2.45e-02 | grad=8.23e+00 | 0.8s
[    21] loss=-3.8233 | res=2.96e-02 | grad=7.82e+00 | 0.8s
[    22] loss=-3.9025 | res=3.12e-02 | grad=7.52e+00 | 0.8s
[    23] loss=-4.1586 | res=3.35e-02 | grad=7.40e+00 | 0.8s
[    24] loss=-4.4810 | res=4.56e-02 | grad=7.32e+00 | 0.8s
[    25] loss=-4.4534 | res=4.19e-02 | grad=6.70e+00 | 0.8s
[    26] loss=-4.3870 | res=4.11e-02 | grad=6.13e+00 | 0.8s
[    27] loss=-4.6727 | res=5.21e-02 | grad=6.08e+00 | 0.8s
[    28] loss=-4.8505 | res=5.32e-02 | grad=5.71e+00 | 0.8s
[    29] loss=-4.8849 | res=4.93e-02 | grad=5.26e+00 | 0.8s
[    30] loss=-4.9569 | res=5.38e-02 | grad=4.86e+00 | 0.8s
[    31] loss=-5.1842 | res=6.68e-02 | grad=4.70e+00 | 0.8s
[    32] loss=-5.2950 | res=6.61e-02 | grad=4.22e+00 | 0.8s
[    33] loss=-5.1415 | res=6.73e-02 | grad=3.85e+00 | 0.8s
[    34] loss=-5.4809 | res=6.48e-02 | grad=3.63e+00 | 0.8s
[    35] loss=-5.2735 | res=7.68e-02 | grad=3.10e+00 | 0.8s
[    36] loss=-5.3355 | res=8.07e-02 | grad=2.61e+00 | 0.8s
[    37] loss=-5.4883 | res=8.62e-02 | grad=2.41e+00 | 0.8s
[    38] loss=-5.7558 | res=9.07e-02 | grad=2.33e+00 | 0.8s
[    39] loss=-5.4508 | res=9.48e-02 | grad=1.57e+00 | 0.8s
[    40] loss=-5.7993 | res=1.15e-01 | grad=1.61e+00 | 0.8s
[    41] loss=-5.4953 | res=1.13e-01 | grad=1.36e+00 | 0.8s
[    42] loss=-5.7554 | res=1.30e-01 | grad=1.02e+00 | 0.8s
[    43] loss=-5.6518 | res=1.39e-01 | grad=6.93e-01 | 0.8s
[    44] loss=-5.9476 | res=1.38e-01 | grad=8.76e-01 | 0.8s
[    45] loss=-5.4899 | res=1.34e-01 | grad=7.54e-01 | 0.8s
[    46] loss=-5.5118 | res=1.35e-01 | grad=1.05e+00 | 0.8s
[    47] loss=-5.7489 | res=1.39e-01 | grad=1.22e+00 | 0.8s
[    48] loss=-5.6468 | res=1.51e-01 | grad=1.07e+00 | 0.8s
[    49] loss=-5.6871 | res=1.35e-01 | grad=8.55e-01 | 0.8s
[    50] loss=-5.5339 | res=1.31e-01 | grad=7.86e-01 | 0.8s
[    51] loss=-5.6286 | res=1.42e-01 | grad=1.21e+00 | 0.8s
[    52] loss=-5.6149 | res=1.57e-01 | grad=1.44e+00 | 0.8s
[    53] loss=-5.9572 | res=1.61e-01 | grad=1.19e+00 | 0.8s
[    54] loss=-5.4352 | res=1.63e-01 | grad=1.23e+00 | 0.8s
[    55] loss=-5.8400 | res=1.56e-01 | grad=8.21e-01 | 0.8s
[    56] loss=-5.4811 | res=1.67e-01 | grad=1.10e+00 | 0.8s
[    57] loss=-5.5695 | res=1.36e-01 | grad=9.76e-01 | 0.8s
[    58] loss=-5.6835 | res=1.38e-01 | grad=1.19e+00 | 0.8s
[    59] loss=-5.8298 | res=1.31e-01 | grad=9.35e-01 | 0.8s
[    60] loss=-5.9281 | res=1.52e-01 | grad=9.88e-01 | 0.8s
[    61] loss=-5.5234 | res=1.46e-01 | grad=9.45e-01 | 0.8s
[    62] loss=-5.9823 | res=1.44e-01 | grad=5.36e-01 | 0.8s
[    63] loss=-5.7291 | res=1.44e-01 | grad=7.38e-01 | 0.8s
[    64] loss=-5.9527 | res=1.65e-01 | grad=6.30e-01 | 0.8s
[    65] loss=-6.0826 | res=1.37e-01 | grad=6.23e-01 | 0.8s
[    66] loss=-5.7880 | res=1.42e-01 | grad=5.26e-01 | 0.8s
[    67] loss=-6.0015 | res=1.27e-01 | grad=5.38e-01 | 0.8s
[    68] loss=-5.4665 | res=1.24e-01 | grad=8.71e-01 | 0.8s
[    69] loss=-5.5396 | res=1.29e-01 | grad=1.07e+00 | 0.8s
[    70] loss=-5.7917 | res=1.47e-01 | grad=7.94e-01 | 0.8s
[    71] loss=-5.6043 | res=1.25e-01 | grad=6.33e-01 | 0.8s
[    72] loss=-5.5580 | res=1.37e-01 | grad=1.03e+00 | 0.8s
[    73] loss=-5.4765 | res=1.16e-01 | grad=1.05e+00 | 0.8s
[    74] loss=-6.3593 | res=1.42e-01 | grad=1.03e+00 | 0.9s
[    75] loss=-5.6186 | res=1.47e-01 | grad=4.04e-01 | 0.9s
[    76] loss=-5.4217 | res=1.44e-01 | grad=5.10e-01 | 0.9s
[    77] loss=-5.8723 | res=1.29e-01 | grad=4.28e-01 | 0.9s
[    78] loss=-5.8840 | res=1.46e-01 | grad=9.98e-01 | 0.8s
[    79] loss=-5.7327 | res=1.25e-01 | grad=1.17e+00 | 0.9s
[    80] loss=-5.9134 | res=1.32e-01 | grad=9.09e-01 | 0.9s
[    81] loss=-5.7433 | res=1.24e-01 | grad=7.87e-01 | 0.9s
[    82] loss=-6.1697 | res=1.48e-01 | grad=8.35e-01 | 0.8s
[    83] loss=-5.7052 | res=1.30e-01 | grad=7.77e-01 | 0.8s
[    84] loss=-5.8064 | res=1.20e-01 | grad=9.86e-01 | 0.8s
[    85] loss=-5.6059 | res=1.22e-01 | grad=8.64e-01 | 0.8s
[    86] loss=-5.6119 | res=1.34e-01 | grad=7.15e-01 | 0.8s
[    87] loss=-5.8627 | res=1.34e-01 | grad=6.05e-01 | 0.8s
[    88] loss=-5.6993 | res=1.26e-01 | grad=7.05e-01 | 0.8s
[    89] loss=-5.9560 | res=1.23e-01 | grad=6.44e-01 | 0.8s
[    90] loss=-5.6810 | res=1.21e-01 | grad=6.00e-01 | 0.8s
[    91] loss=-5.8131 | res=1.31e-01 | grad=4.58e-01 | 0.8s
[    92] loss=-6.1218 | res=1.30e-01 | grad=1.03e+00 | 0.8s
[    93] loss=-5.7770 | res=1.31e-01 | grad=9.49e-01 | 0.8s
[    94] loss=-5.7300 | res=1.26e-01 | grad=4.40e-01 | 0.8s
[    95] loss=-5.5993 | res=1.34e-01 | grad=9.06e-01 | 0.8s
[    96] loss=-6.0147 | res=1.32e-01 | grad=5.38e-01 | 0.8s
[    97] loss=-5.6096 | res=1.45e-01 | grad=4.88e-01 | 0.8s
[    98] loss=-5.6395 | res=1.18e-01 | grad=4.44e-01 | 0.8s
[    99] loss=-5.7232 | res=1.35e-01 | grad=4.40e-01 | 0.8s
[   100] loss=-5.7001 | res=1.25e-01 | grad=9.42e-01 | 0.8s
[   101] loss=-5.9261 | res=1.40e-01 | grad=7.99e-01 | 0.8s
[   102] loss=-5.7868 | res=1.08e-01 | grad=5.57e-01 | 0.8s
[   103] loss=-5.6046 | res=1.35e-01 | grad=9.13e-01 | 0.8s
[   104] loss=-5.7715 | res=1.19e-01 | grad=8.35e-01 | 0.8s
[   105] loss=-5.8828 | res=1.26e-01 | grad=6.14e-01 | 0.8s
[   106] loss=-5.6823 | res=1.29e-01 | grad=8.18e-01 | 0.8s
[   107] loss=-5.6547 | res=1.45e-01 | grad=7.13e-01 | 0.8s
[   108] loss=-5.7654 | res=1.21e-01 | grad=5.78e-01 | 0.8s
[   109] loss=-5.8677 | res=1.26e-01 | grad=8.72e-01 | 0.8s
[   110] loss=-5.7819 | res=1.27e-01 | grad=1.08e+00 | 0.8s
[   111] loss=-5.6054 | res=1.33e-01 | grad=9.14e-01 | 0.8s
[   112] loss=-5.7597 | res=1.33e-01 | grad=7.38e-01 | 0.8s
[   113] loss=-5.8892 | res=1.32e-01 | grad=5.21e-01 | 0.8s
[   114] loss=-5.9201 | res=1.29e-01 | grad=4.84e-01 | 0.8s
[   115] loss=-5.7299 | res=1.39e-01 | grad=6.45e-01 | 0.8s
[   116] loss=-6.0749 | res=1.36e-01 | grad=7.07e-01 | 0.8s
[   117] loss=-5.6046 | res=1.46e-01 | grad=9.28e-01 | 0.8s
[   118] loss=-5.7146 | res=1.23e-01 | grad=6.76e-01 | 0.8s
[   119] loss=-5.6477 | res=1.53e-01 | grad=6.07e-01 | 0.8s
[   120] loss=-6.2427 | res=1.23e-01 | grad=7.85e-01 | 0.8s
[   121] loss=-5.8833 | res=1.18e-01 | grad=2.09e-01 | 0.8s
[   122] loss=-5.9130 | res=1.32e-01 | grad=7.41e-01 | 0.8s
[   123] loss=-5.6061 | res=1.32e-01 | grad=5.56e-01 | 0.8s
[   124] loss=-5.8763 | res=1.21e-01 | grad=7.81e-01 | 0.8s
[   125] loss=-5.7013 | res=1.31e-01 | grad=9.37e-01 | 0.8s
[   126] loss=-5.7767 | res=1.29e-01 | grad=5.50e-01 | 0.8s
[   127] loss=-5.8152 | res=1.20e-01 | grad=7.39e-01 | 0.8s
[   128] loss=-5.9570 | res=1.30e-01 | grad=4.57e-01 | 0.8s
[   129] loss=-5.7578 | res=1.23e-01 | grad=6.18e-01 | 0.8s
[   130] loss=-5.6985 | res=1.12e-01 | grad=1.14e+00 | 0.8s
[   131] loss=-5.7637 | res=1.25e-01 | grad=2.96e-01 | 0.8s
[   132] loss=-5.4936 | res=1.24e-01 | grad=6.69e-01 | 0.8s
[   133] loss=-5.7897 | res=1.33e-01 | grad=5.94e-01 | 0.8s
[   134] loss=-6.0627 | res=1.21e-01 | grad=8.37e-01 | 0.8s
[   135] loss=-5.8117 | res=1.18e-01 | grad=4.51e-01 | 0.8s
[   136] loss=-6.0959 | res=1.24e-01 | grad=6.86e-01 | 0.9s
[   137] loss=-5.7163 | res=1.25e-01 | grad=6.96e-01 | 0.9s
[   138] loss=-5.7616 | res=1.19e-01 | grad=5.54e-01 | 0.9s
[   139] loss=-5.8326 | res=1.29e-01 | grad=6.46e-01 | 0.9s
[   140] loss=-6.1541 | res=1.21e-01 | grad=9.52e-01 | 0.9s
[   141] loss=-5.8232 | res=1.29e-01 | grad=6.72e-01 | 0.9s
[   142] loss=-5.5693 | res=1.41e-01 | grad=6.65e-01 | 0.9s
[   143] loss=-5.6316 | res=1.26e-01 | grad=5.16e-01 | 0.8s
[   144] loss=-5.6883 | res=1.27e-01 | grad=5.97e-01 | 0.8s
[   145] loss=-5.6779 | res=1.33e-01 | grad=6.55e-01 | 0.8s
[   146] loss=-5.8524 | res=1.34e-01 | grad=1.00e+00 | 0.8s
[   147] loss=-5.6820 | res=1.27e-01 | grad=5.55e-01 | 0.8s
[   148] loss=-5.7655 | res=1.22e-01 | grad=2.70e-01 | 0.8s
[   149] loss=-5.6996 | res=1.17e-01 | grad=7.44e-01 | 0.8s
[   150] loss=-5.8319 | res=1.16e-01 | grad=5.40e-01 | 0.8s
[   151] loss=-6.0004 | res=1.34e-01 | grad=5.24e-01 | 0.8s
[   152] loss=-6.1424 | res=1.16e-01 | grad=7.64e-01 | 0.8s
[   153] loss=-5.6301 | res=1.14e-01 | grad=3.72e-01 | 0.8s
[   154] loss=-5.7061 | res=1.27e-01 | grad=4.77e-01 | 0.8s
[   155] loss=-5.4755 | res=1.42e-01 | grad=9.04e-01 | 0.8s
[   156] loss=-5.7990 | res=1.26e-01 | grad=8.77e-01 | 0.8s
[   157] loss=-5.7516 | res=1.32e-01 | grad=5.23e-01 | 0.8s
[   158] loss=-5.5816 | res=1.31e-01 | grad=6.22e-01 | 0.8s
[   159] loss=-5.6714 | res=1.49e-01 | grad=3.95e-01 | 0.8s
[   160] loss=-5.7752 | res=1.17e-01 | grad=3.51e-01 | 0.8s
[   161] loss=-5.6034 | res=1.35e-01 | grad=6.64e-01 | 0.8s
[   162] loss=-5.6306 | res=1.21e-01 | grad=7.03e-01 | 0.8s
[   163] loss=-6.0539 | res=1.23e-01 | grad=5.56e-01 | 0.9s
[   164] loss=-5.9239 | res=1.28e-01 | grad=4.32e-01 | 0.8s
[   165] loss=-6.2652 | res=1.17e-01 | grad=4.37e-01 | 0.8s
[   166] loss=-5.9035 | res=1.20e-01 | grad=4.93e-01 | 0.9s
[   167] loss=-5.8809 | res=1.38e-01 | grad=6.75e-01 | 0.8s
[   168] loss=-5.6632 | res=1.33e-01 | grad=7.76e-01 | 0.8s
[   169] loss=-5.7075 | res=1.38e-01 | grad=7.36e-01 | 0.8s
[   170] loss=-5.6817 | res=1.33e-01 | grad=8.68e-01 | 0.8s
[   171] loss=-5.8692 | res=1.34e-01 | grad=8.85e-01 | 0.8s
[   172] loss=-5.6941 | res=1.37e-01 | grad=4.10e-01 | 0.8s
[   173] loss=-5.9691 | res=1.25e-01 | grad=4.60e-01 | 0.8s
[   174] loss=-5.9144 | res=1.17e-01 | grad=8.33e-01 | 0.8s
[   175] loss=-5.6525 | res=1.23e-01 | grad=7.45e-01 | 0.8s
[   176] loss=-5.8203 | res=1.32e-01 | grad=1.15e+00 | 0.8s
[   177] loss=-5.4365 | res=1.40e-01 | grad=6.77e-01 | 0.8s
[   178] loss=-5.8074 | res=1.24e-01 | grad=5.49e-01 | 0.8s
[   179] loss=-5.6972 | res=1.16e-01 | grad=6.59e-01 | 0.8s
[   180] loss=-5.9294 | res=1.30e-01 | grad=1.10e+00 | 0.8s
[   181] loss=-5.5664 | res=1.29e-01 | grad=4.64e-01 | 0.8s
[   182] loss=-5.5759 | res=1.26e-01 | grad=6.37e-01 | 0.8s
[   183] loss=-6.0117 | res=1.34e-01 | grad=4.74e-01 | 0.8s
[   184] loss=-5.7492 | res=1.23e-01 | grad=1.08e+00 | 0.8s
[   185] loss=-5.6713 | res=1.34e-01 | grad=1.37e+00 | 0.8s
[   186] loss=-6.2699 | res=1.15e-01 | grad=8.50e-01 | 0.8s
[   187] loss=-5.7289 | res=1.26e-01 | grad=6.68e-01 | 0.8s
[   188] loss=-5.5588 | res=1.31e-01 | grad=8.20e-01 | 0.8s
[   189] loss=-5.9230 | res=1.40e-01 | grad=1.14e+00 | 0.8s
[   190] loss=-5.5015 | res=1.29e-01 | grad=1.43e+00 | 0.8s
[   191] loss=-5.7907 | res=1.26e-01 | grad=7.01e-01 | 0.8s
[   192] loss=-5.6073 | res=1.44e-01 | grad=6.05e-01 | 0.8s
[   193] loss=-6.0980 | res=1.27e-01 | grad=8.64e-01 | 0.8s
[   194] loss=-5.5981 | res=1.21e-01 | grad=8.73e-01 | 0.8s
[   195] loss=-5.9430 | res=1.18e-01 | grad=7.95e-01 | 0.8s
[   196] loss=-5.4611 | res=1.23e-01 | grad=7.82e-01 | 0.8s
[   197] loss=-5.8941 | res=1.39e-01 | grad=1.64e+00 | 0.8s
[   198] loss=-5.7639 | res=1.14e-01 | grad=1.27e+00 | 0.8s
[   199] loss=-6.0416 | res=1.19e-01 | grad=9.78e-01 | 0.8s
[   200] loss=-5.9171 | res=1.31e-01 | grad=8.73e-01 | 0.8s
[   201] loss=-5.5605 | res=1.37e-01 | grad=1.05e+00 | 0.8s
[   202] loss=-5.5313 | res=1.22e-01 | grad=1.01e+00 | 0.8s
[   203] loss=-5.7855 | res=1.27e-01 | grad=1.39e+00 | 0.8s
[   204] loss=-5.5591 | res=1.23e-01 | grad=1.10e+00 | 0.8s
[   205] loss=-5.5263 | res=1.25e-01 | grad=1.20e+00 | 0.8s
[   206] loss=-6.0049 | res=1.28e-01 | grad=4.82e-01 | 0.8s
[   207] loss=-5.8814 | res=1.20e-01 | grad=1.37e+00 | 0.8s
[   208] loss=-5.9567 | res=1.23e-01 | grad=1.03e+00 | 0.8s
[   209] loss=-6.0430 | res=1.38e-01 | grad=8.84e-01 | 0.8s
[   210] loss=-5.8491 | res=1.32e-01 | grad=6.68e-01 | 0.8s
[   211] loss=-5.7564 | res=1.21e-01 | grad=1.28e+00 | 0.8s
[   212] loss=-5.4869 | res=1.31e-01 | grad=5.61e-01 | 0.8s
[   213] loss=-5.4275 | res=1.31e-01 | grad=5.63e-01 | 0.8s
[   214] loss=-5.8529 | res=1.37e-01 | grad=7.80e-01 | 0.8s
[   215] loss=-5.7649 | res=1.36e-01 | grad=9.48e-01 | 0.8s
[   216] loss=-5.8507 | res=1.21e-01 | grad=9.60e-01 | 0.8s
[   217] loss=-5.8033 | res=1.29e-01 | grad=7.47e-01 | 0.8s
[   218] loss=-5.7690 | res=1.26e-01 | grad=6.53e-01 | 0.8s
[   219] loss=-5.8550 | res=1.35e-01 | grad=6.77e-01 | 0.8s
[   220] loss=-6.0848 | res=1.15e-01 | grad=5.72e-01 | 0.8s
[   221] loss=-5.8186 | res=1.27e-01 | grad=3.75e-01 | 0.8s
[   222] loss=-5.8324 | res=1.28e-01 | grad=8.46e-01 | 0.8s
[   223] loss=-5.7531 | res=1.21e-01 | grad=9.64e-01 | 0.8s
[   224] loss=-5.6813 | res=1.24e-01 | grad=6.59e-01 | 0.8s
[   225] loss=-5.7540 | res=1.29e-01 | grad=9.86e-01 | 0.8s
[   226] loss=-5.9024 | res=1.32e-01 | grad=4.49e-01 | 0.8s
[   227] loss=-5.6677 | res=1.36e-01 | grad=3.58e-01 | 0.8s
[   228] loss=-5.9210 | res=1.33e-01 | grad=9.03e-01 | 0.8s
[   229] loss=-5.9191 | res=1.21e-01 | grad=5.18e-01 | 0.8s
[   230] loss=-5.7417 | res=1.36e-01 | grad=3.84e-01 | 0.8s
[   231] loss=-5.8359 | res=1.24e-01 | grad=6.32e-01 | 0.8s
[   232] loss=-5.5477 | res=1.16e-01 | grad=1.06e+00 | 0.8s
[   233] loss=-5.8298 | res=1.24e-01 | grad=7.73e-01 | 0.8s
[   234] loss=-5.9237 | res=1.28e-01 | grad=5.91e-01 | 0.8s
[   235] loss=-5.9466 | res=1.20e-01 | grad=7.62e-01 | 0.8s
[   236] loss=-5.9496 | res=1.25e-01 | grad=6.69e-01 | 0.8s
[   237] loss=-5.8516 | res=1.20e-01 | grad=8.64e-01 | 0.8s
[   238] loss=-5.9587 | res=1.29e-01 | grad=7.03e-01 | 0.8s
[   239] loss=-5.7634 | res=1.37e-01 | grad=6.99e-01 | 0.8s
[   240] loss=-6.0983 | res=1.15e-01 | grad=6.65e-01 | 0.8s
[   241] loss=-5.4989 | res=1.17e-01 | grad=8.44e-01 | 0.8s
[   242] loss=-5.7127 | res=1.36e-01 | grad=7.99e-01 | 0.8s
[   243] loss=-5.8305 | res=1.28e-01 | grad=6.31e-01 | 0.8s
[   244] loss=-5.6135 | res=1.35e-01 | grad=7.89e-01 | 0.8s
[   245] loss=-5.5125 | res=1.23e-01 | grad=7.69e-01 | 0.8s
[   246] loss=-5.6859 | res=1.38e-01 | grad=5.92e-01 | 0.8s
[   247] loss=-6.2655 | res=1.32e-01 | grad=1.15e+00 | 0.8s
[   248] loss=-5.6276 | res=1.24e-01 | grad=6.74e-01 | 0.8s
[   249] loss=-5.7481 | res=1.42e-01 | grad=5.41e-01 | 0.8s
[   250] loss=-5.5841 | res=1.37e-01 | grad=6.17e-01 | 0.8s
[   251] loss=-5.9005 | res=1.13e-01 | grad=1.05e+00 | 0.8s
[   252] loss=-5.9706 | res=1.28e-01 | grad=6.14e-01 | 0.8s
[   253] loss=-5.6522 | res=1.33e-01 | grad=5.97e-01 | 0.8s
[   254] loss=-5.6265 | res=1.28e-01 | grad=5.65e-01 | 0.8s
[   255] loss=-5.7636 | res=1.37e-01 | grad=7.18e-01 | 0.8s
[   256] loss=-5.5597 | res=1.47e-01 | grad=6.65e-01 | 0.8s
[   257] loss=-5.5151 | res=1.36e-01 | grad=9.35e-01 | 0.8s
[   258] loss=-5.8776 | res=1.31e-01 | grad=8.37e-01 | 0.8s
[   259] loss=-5.6013 | res=1.49e-01 | grad=6.81e-01 | 0.8s
[   260] loss=-5.7464 | res=1.33e-01 | grad=4.23e-01 | 0.8s
[   261] loss=-5.2674 | res=1.31e-01 | grad=6.57e-01 | 0.8s
[   262] loss=-5.7389 | res=1.34e-01 | grad=5.98e-01 | 0.8s
[   263] loss=-5.8210 | res=1.30e-01 | grad=4.46e-01 | 0.8s
[   264] loss=-5.7578 | res=1.41e-01 | grad=1.03e+00 | 0.8s
[   265] loss=-5.9017 | res=1.42e-01 | grad=7.12e-01 | 0.8s
[   266] loss=-5.5987 | res=1.33e-01 | grad=7.42e-01 | 0.8s
[   267] loss=-5.9494 | res=1.28e-01 | grad=5.91e-01 | 0.8s
[   268] loss=-5.7683 | res=1.34e-01 | grad=6.36e-01 | 0.8s
[   269] loss=-5.8360 | res=1.30e-01 | grad=8.61e-01 | 0.8s
[   270] loss=-5.6715 | res=1.26e-01 | grad=6.89e-01 | 0.8s
[   271] loss=-5.6549 | res=1.38e-01 | grad=8.49e-01 | 0.8s
[   272] loss=-5.4983 | res=1.32e-01 | grad=1.03e+00 | 0.8s
[   273] loss=-5.7224 | res=1.25e-01 | grad=6.20e-01 | 0.8s
[   274] loss=-5.8248 | res=1.30e-01 | grad=8.16e-01 | 0.8s
[   275] loss=-5.8095 | res=1.30e-01 | grad=6.82e-01 | 0.8s
[   276] loss=-5.9287 | res=1.36e-01 | grad=7.53e-01 | 0.8s
[   277] loss=-5.9202 | res=1.26e-01 | grad=7.69e-01 | 0.8s
[   278] loss=-5.7124 | res=1.20e-01 | grad=7.92e-01 | 0.8s
[   279] loss=-5.7432 | res=1.54e-01 | grad=7.33e-01 | 0.8s
[   280] loss=-5.8778 | res=1.24e-01 | grad=1.44e+00 | 0.8s
[   281] loss=-6.0289 | res=1.28e-01 | grad=7.58e-01 | 0.8s
[   282] loss=-5.7858 | res=1.42e-01 | grad=6.91e-01 | 0.8s
[   283] loss=-5.7781 | res=1.34e-01 | grad=1.25e+00 | 0.8s
[   284] loss=-5.9093 | res=1.36e-01 | grad=1.28e+00 | 0.8s
[   285] loss=-5.5758 | res=1.32e-01 | grad=8.76e-01 | 0.8s
[   286] loss=-5.7469 | res=1.29e-01 | grad=8.79e-01 | 0.8s
[   287] loss=-5.1739 | res=1.39e-01 | grad=8.72e-01 | 0.8s
[   288] loss=-5.9626 | res=1.33e-01 | grad=5.59e-01 | 0.8s
[   289] loss=-5.6698 | res=1.24e-01 | grad=1.18e+00 | 0.8s
[   290] loss=-5.6774 | res=1.34e-01 | grad=7.20e-01 | 0.8s
[   291] loss=-5.8889 | res=1.35e-01 | grad=1.16e+00 | 0.8s
[   292] loss=-5.3254 | res=1.37e-01 | grad=7.39e-01 | 0.8s
[   293] loss=-5.8433 | res=1.15e-01 | grad=6.39e-01 | 0.8s
[   294] loss=-5.9647 | res=1.33e-01 | grad=4.91e-01 | 0.8s
[   295] loss=-6.1197 | res=1.28e-01 | grad=9.24e-01 | 0.8s
[   296] loss=-5.8798 | res=1.40e-01 | grad=4.57e-01 | 0.8s
[   297] loss=-5.7509 | res=1.33e-01 | grad=1.03e+00 | 0.8s
[   298] loss=-5.8704 | res=1.35e-01 | grad=1.07e+00 | 0.8s
[   299] loss=-5.8636 | res=1.46e-01 | grad=1.09e+00 | 0.8s
[   300] loss=-5.9702 | res=1.37e-01 | grad=7.31e-01 | 0.8s
[   301] loss=-5.5548 | res=1.41e-01 | grad=5.61e-01 | 0.8s
[   302] loss=-5.7662 | res=1.23e-01 | grad=4.43e-01 | 0.8s
[   303] loss=-5.6700 | res=1.30e-01 | grad=7.52e-01 | 0.8s
[   304] loss=-5.8618 | res=1.32e-01 | grad=1.24e+00 | 0.8s
[   305] loss=-5.9882 | res=1.22e-01 | grad=1.38e+00 | 0.8s
[   306] loss=-5.6369 | res=1.26e-01 | grad=1.03e+00 | 0.8s
[   307] loss=-5.9532 | res=1.17e-01 | grad=1.05e+00 | 0.8s
[   308] loss=-5.5406 | res=1.37e-01 | grad=6.56e-01 | 0.8s
[   309] loss=-5.6524 | res=1.23e-01 | grad=4.25e-01 | 0.8s
[   310] loss=-5.7336 | res=1.29e-01 | grad=9.27e-01 | 0.8s
[   311] loss=-5.8936 | res=1.13e-01 | grad=9.45e-01 | 0.8s
[   312] loss=-6.0514 | res=1.19e-01 | grad=1.38e+00 | 0.8s
[   313] loss=-5.9687 | res=1.36e-01 | grad=1.26e+00 | 0.8s
[   314] loss=-5.9109 | res=1.30e-01 | grad=1.09e+00 | 0.8s
[   315] loss=-5.5147 | res=1.48e-01 | grad=8.81e-01 | 0.8s
[   316] loss=-5.7891 | res=1.28e-01 | grad=7.27e-01 | 0.8s
[   317] loss=-5.7779 | res=1.28e-01 | grad=8.06e-01 | 0.8s
[   318] loss=-6.0856 | res=1.33e-01 | grad=6.29e-01 | 0.8s
[   319] loss=-5.8338 | res=1.27e-01 | grad=6.63e-01 | 0.8s
[   320] loss=-5.6613 | res=1.26e-01 | grad=5.12e-01 | 0.8s
[   321] loss=-5.5101 | res=1.29e-01 | grad=8.61e-01 | 0.8s
[   322] loss=-5.7315 | res=1.26e-01 | grad=7.58e-01 | 0.8s
[   323] loss=-5.9228 | res=9.94e-02 | grad=9.16e-01 | 0.8s
[   324] loss=-5.7195 | res=1.36e-01 | grad=6.20e-01 | 0.8s
[   325] loss=-5.6749 | res=1.34e-01 | grad=7.55e-01 | 0.8s
[   326] loss=-5.8463 | res=1.29e-01 | grad=8.35e-01 | 0.8s
[   327] loss=-5.7480 | res=1.19e-01 | grad=6.59e-01 | 0.8s
[   328] loss=-6.0020 | res=1.25e-01 | grad=5.52e-01 | 0.8s
[   329] loss=-5.5797 | res=1.34e-01 | grad=7.54e-01 | 0.8s
[   330] loss=-5.8078 | res=1.26e-01 | grad=8.23e-01 | 0.8s
[   331] loss=-5.9115 | res=1.24e-01 | grad=9.55e-01 | 0.8s
[   332] loss=-5.7589 | res=1.30e-01 | grad=3.90e-01 | 0.8s
[   333] loss=-5.7313 | res=1.34e-01 | grad=5.44e-01 | 0.8s
[   334] loss=-5.7081 | res=1.27e-01 | grad=6.79e-01 | 0.8s
[   335] loss=-5.9025 | res=1.23e-01 | grad=1.01e+00 | 0.8s
[   336] loss=-5.5290 | res=1.33e-01 | grad=7.67e-01 | 0.8s
[   337] loss=-6.0290 | res=1.25e-01 | grad=5.71e-01 | 0.8s
[   338] loss=-5.3939 | res=1.42e-01 | grad=8.18e-01 | 0.8s
[   339] loss=-5.7496 | res=1.16e-01 | grad=3.72e-01 | 0.8s
[   340] loss=-5.8993 | res=1.36e-01 | grad=3.55e-01 | 0.8s
[   341] loss=-5.5427 | res=1.26e-01 | grad=5.25e-01 | 0.8s
[   342] loss=-5.8387 | res=1.24e-01 | grad=4.77e-01 | 0.8s
[   343] loss=-5.9400 | res=1.32e-01 | grad=4.59e-01 | 0.8s
[   344] loss=-6.0653 | res=1.14e-01 | grad=7.19e-01 | 0.8s
[   345] loss=-5.9683 | res=1.34e-01 | grad=9.97e-01 | 0.8s
[   346] loss=-5.8583 | res=1.25e-01 | grad=7.34e-01 | 0.8s
[   347] loss=-5.5253 | res=1.33e-01 | grad=4.59e-01 | 0.8s
[   348] loss=-5.9563 | res=1.36e-01 | grad=9.00e-01 | 0.8s
[   349] loss=-6.2579 | res=1.23e-01 | grad=1.03e+00 | 0.8s
[   350] loss=-5.5535 | res=1.30e-01 | grad=5.50e-01 | 0.8s
[   351] loss=-5.7180 | res=1.38e-01 | grad=4.95e-01 | 0.8s
[   352] loss=-5.9650 | res=1.17e-01 | grad=6.16e-01 | 0.8s
[   353] loss=-5.7026 | res=1.12e-01 | grad=8.51e-01 | 0.8s
[   354] loss=-5.7179 | res=1.33e-01 | grad=6.74e-01 | 0.8s
[   355] loss=-5.9613 | res=1.27e-01 | grad=6.24e-01 | 0.8s
[   356] loss=-5.7147 | res=1.45e-01 | grad=4.59e-01 | 0.8s
[   357] loss=-5.6231 | res=1.34e-01 | grad=6.27e-01 | 0.8s
[   358] loss=-5.7384 | res=1.23e-01 | grad=7.70e-01 | 0.8s
[   359] loss=-5.5080 | res=1.27e-01 | grad=7.33e-01 | 0.8s
[   360] loss=-5.7552 | res=1.47e-01 | grad=1.29e+00 | 0.8s
[   361] loss=-5.8481 | res=1.37e-01 | grad=9.80e-01 | 0.8s
[   362] loss=-5.6760 | res=1.41e-01 | grad=5.64e-01 | 0.8s
[   363] loss=-5.9910 | res=1.39e-01 | grad=9.48e-01 | 0.8s
[   364] loss=-5.8453 | res=1.24e-01 | grad=6.12e-01 | 0.8s
[   365] loss=-5.5074 | res=1.42e-01 | grad=1.54e+00 | 0.8s
[   366] loss=-5.6934 | res=1.33e-01 | grad=8.02e-01 | 0.8s
[   367] loss=-5.6722 | res=1.27e-01 | grad=8.81e-01 | 0.8s
[   368] loss=-5.7792 | res=1.32e-01 | grad=5.77e-01 | 0.8s
[   369] loss=-5.6712 | res=1.37e-01 | grad=6.63e-01 | 0.8s
[   370] loss=-6.2244 | res=1.24e-01 | grad=9.54e-01 | 0.8s
[   371] loss=-5.5645 | res=1.42e-01 | grad=1.18e+00 | 0.8s
[   372] loss=-5.7453 | res=1.37e-01 | grad=6.80e-01 | 0.8s
[   373] loss=-5.6081 | res=1.33e-01 | grad=7.34e-01 | 0.8s
[   374] loss=-5.6252 | res=1.39e-01 | grad=5.03e-01 | 0.8s
[   375] loss=-5.7213 | res=1.31e-01 | grad=4.08e-01 | 0.8s
[   376] loss=-5.9370 | res=1.27e-01 | grad=1.01e+00 | 0.8s
[   377] loss=-5.6526 | res=1.56e-01 | grad=1.33e+00 | 0.8s
[   378] loss=-6.0633 | res=1.30e-01 | grad=7.26e-01 | 0.8s
[   379] loss=-5.6272 | res=1.27e-01 | grad=1.06e+00 | 0.8s
[   380] loss=-5.8373 | res=1.39e-01 | grad=1.20e+00 | 0.8s
[   381] loss=-5.9024 | res=1.26e-01 | grad=8.43e-01 | 0.8s
[   382] loss=-5.8694 | res=1.36e-01 | grad=6.61e-01 | 0.8s
[   383] loss=-5.7249 | res=1.35e-01 | grad=9.86e-01 | 0.8s
[   384] loss=-5.8011 | res=1.40e-01 | grad=6.19e-01 | 0.8s
[   385] loss=-5.9644 | res=1.31e-01 | grad=8.71e-01 | 0.8s
[   386] loss=-5.9479 | res=1.21e-01 | grad=9.01e-01 | 0.8s
[   387] loss=-5.6629 | res=1.27e-01 | grad=6.95e-01 | 0.8s
[   388] loss=-5.5006 | res=1.47e-01 | grad=8.51e-01 | 0.8s
[   389] loss=-5.6335 | res=1.38e-01 | grad=6.46e-01 | 0.8s
[   390] loss=-5.5566 | res=1.29e-01 | grad=5.46e-01 | 0.8s
[   391] loss=-5.9432 | res=1.24e-01 | grad=7.83e-01 | 0.8s
[   392] loss=-5.7399 | res=1.40e-01 | grad=1.21e+00 | 0.8s
[   393] loss=-5.7250 | res=1.41e-01 | grad=6.33e-01 | 0.8s
[   394] loss=-5.7236 | res=1.35e-01 | grad=5.97e-01 | 0.8s
[   395] loss=-5.4811 | res=1.50e-01 | grad=9.29e-01 | 0.8s
[   396] loss=-5.5785 | res=1.16e-01 | grad=5.99e-01 | 0.8s
[   397] loss=-5.9130 | res=1.34e-01 | grad=7.10e-01 | 0.8s
[   398] loss=-5.6463 | res=1.29e-01 | grad=3.97e-01 | 0.8s
[   399] loss=-5.9402 | res=1.21e-01 | grad=6.91e-01 | 0.8s
[   400] loss=-5.6751 | res=1.27e-01 | grad=5.17e-01 | 0.8s
[   401] loss=-5.6594 | res=1.47e-01 | grad=6.47e-01 | 0.8s
[   402] loss=-5.6724 | res=1.28e-01 | grad=6.53e-01 | 0.8s
[   403] loss=-5.6417 | res=1.28e-01 | grad=4.35e-01 | 0.8s
[   404] loss=-6.1464 | res=1.30e-01 | grad=8.86e-01 | 0.8s
[   405] loss=-5.9458 | res=1.25e-01 | grad=4.89e-01 | 0.8s
[   406] loss=-5.8757 | res=1.17e-01 | grad=7.22e-01 | 0.8s
[   407] loss=-5.5441 | res=1.57e-01 | grad=7.38e-01 | 0.8s
[   408] loss=-5.3623 | res=1.31e-01 | grad=6.54e-01 | 0.8s
[   409] loss=-5.8242 | res=1.35e-01 | grad=2.43e-01 | 0.8s
[   410] loss=-6.1273 | res=1.25e-01 | grad=6.73e-01 | 0.8s
[   411] loss=-6.0428 | res=1.23e-01 | grad=6.66e-01 | 0.8s
[   412] loss=-5.6335 | res=1.17e-01 | grad=2.93e-01 | 0.8s
[   413] loss=-5.6761 | res=1.27e-01 | grad=3.19e-01 | 0.8s
[   414] loss=-5.7517 | res=1.37e-01 | grad=5.13e-01 | 0.8s
[   415] loss=-5.7465 | res=1.32e-01 | grad=6.57e-01 | 0.8s
[   416] loss=-5.9583 | res=1.39e-01 | grad=7.60e-01 | 0.8s
[   417] loss=-5.7229 | res=1.25e-01 | grad=7.80e-01 | 0.8s
[   418] loss=-5.8300 | res=1.52e-01 | grad=1.07e+00 | 0.8s
[   419] loss=-5.6349 | res=1.45e-01 | grad=6.49e-01 | 0.8s
[   420] loss=-5.8651 | res=1.25e-01 | grad=5.49e-01 | 0.8s
[   421] loss=-5.5703 | res=1.49e-01 | grad=4.93e-01 | 0.8s
[   422] loss=-5.7511 | res=1.25e-01 | grad=6.31e-01 | 0.8s
[   423] loss=-5.6281 | res=1.42e-01 | grad=7.29e-01 | 0.8s
[   424] loss=-6.0154 | res=1.28e-01 | grad=8.86e-01 | 0.8s
[   425] loss=-5.5896 | res=1.41e-01 | grad=5.78e-01 | 0.8s
[   426] loss=-5.5100 | res=1.45e-01 | grad=6.29e-01 | 0.8s
[   427] loss=-5.7552 | res=1.26e-01 | grad=4.24e-01 | 0.8s
[   428] loss=-5.5678 | res=1.38e-01 | grad=4.62e-01 | 0.8s
[   429] loss=-5.5344 | res=1.34e-01 | grad=4.11e-01 | 0.8s
[   430] loss=-5.8976 | res=1.12e-01 | grad=6.52e-01 | 0.8s
[   431] loss=-5.7626 | res=1.31e-01 | grad=4.33e-01 | 0.8s
[   432] loss=-6.0100 | res=1.27e-01 | grad=5.67e-01 | 0.8s
[   433] loss=-5.7709 | res=1.25e-01 | grad=5.27e-01 | 0.8s
[   434] loss=-5.8585 | res=1.47e-01 | grad=5.84e-01 | 0.8s
[   435] loss=-5.8874 | res=1.36e-01 | grad=5.35e-01 | 0.8s
[   436] loss=-5.7953 | res=1.26e-01 | grad=6.13e-01 | 0.8s
[   437] loss=-5.7823 | res=1.31e-01 | grad=7.46e-01 | 0.8s
[   438] loss=-5.8690 | res=1.33e-01 | grad=5.36e-01 | 0.8s
[   439] loss=-5.6440 | res=1.28e-01 | grad=4.60e-01 | 0.8s
[   440] loss=-5.8904 | res=1.48e-01 | grad=6.59e-01 | 0.8s
[   441] loss=-6.1096 | res=1.33e-01 | grad=8.02e-01 | 0.8s
[   442] loss=-5.9369 | res=1.50e-01 | grad=8.23e-01 | 0.8s
[   443] loss=-5.7269 | res=1.46e-01 | grad=4.00e-01 | 0.8s
[   444] loss=-6.0928 | res=1.38e-01 | grad=4.42e-01 | 0.8s
[   445] loss=-5.6678 | res=1.33e-01 | grad=8.88e-01 | 0.8s
[   446] loss=-5.8668 | res=1.38e-01 | grad=7.96e-01 | 0.8s
[   447] loss=-5.9920 | res=1.29e-01 | grad=5.29e-01 | 0.8s
[   448] loss=-5.7918 | res=1.46e-01 | grad=3.99e-01 | 0.8s
[   449] loss=-5.8621 | res=1.32e-01 | grad=4.27e-01 | 0.8s
[   450] loss=-5.6647 | res=1.36e-01 | grad=5.75e-01 | 0.8s
[   451] loss=-5.7914 | res=1.43e-01 | grad=4.97e-01 | 0.8s
[   452] loss=-5.9791 | res=1.55e-01 | grad=6.83e-01 | 0.8s
[   453] loss=-5.5964 | res=1.37e-01 | grad=5.78e-01 | 0.8s
[   454] loss=-5.7619 | res=1.49e-01 | grad=7.74e-01 | 0.8s
[   455] loss=-6.0001 | res=1.29e-01 | grad=3.04e-01 | 0.8s
[   456] loss=-5.8237 | res=1.37e-01 | grad=7.16e-01 | 0.8s
[   457] loss=-5.6557 | res=1.47e-01 | grad=5.73e-01 | 0.8s
[   458] loss=-5.9997 | res=1.21e-01 | grad=4.93e-01 | 0.8s
[   459] loss=-5.7488 | res=1.43e-01 | grad=8.76e-01 | 0.8s
[   460] loss=-5.5737 | res=1.34e-01 | grad=7.56e-01 | 0.8s
[   461] loss=-5.6369 | res=1.60e-01 | grad=6.98e-01 | 0.8s
[   462] loss=-5.4307 | res=1.17e-01 | grad=3.70e-01 | 0.8s
[   463] loss=-5.8580 | res=1.29e-01 | grad=9.27e-01 | 0.8s
[   464] loss=-5.7549 | res=1.35e-01 | grad=5.94e-01 | 0.8s
[   465] loss=-5.7445 | res=1.37e-01 | grad=8.59e-01 | 0.8s
[   466] loss=-5.9280 | res=1.33e-01 | grad=1.07e+00 | 0.8s
[   467] loss=-5.8226 | res=1.45e-01 | grad=5.46e-01 | 0.8s
[   468] loss=-5.5798 | res=1.36e-01 | grad=8.39e-01 | 0.8s
[   469] loss=-5.9257 | res=1.36e-01 | grad=6.01e-01 | 0.8s
[   470] loss=-5.6083 | res=1.40e-01 | grad=6.57e-01 | 0.8s
[   471] loss=-5.8081 | res=1.36e-01 | grad=5.47e-01 | 0.8s
[   472] loss=-5.7725 | res=1.42e-01 | grad=9.39e-01 | 0.8s
[   473] loss=-5.7955 | res=1.43e-01 | grad=4.21e-01 | 0.8s
[   474] loss=-5.9090 | res=1.37e-01 | grad=5.67e-01 | 0.8s
[   475] loss=-5.7475 | res=1.46e-01 | grad=7.60e-01 | 0.8s
[   476] loss=-6.0529 | res=1.44e-01 | grad=5.77e-01 | 0.8s
[   477] loss=-5.7631 | res=1.38e-01 | grad=4.97e-01 | 0.8s
[   478] loss=-5.8748 | res=1.29e-01 | grad=7.23e-01 | 0.8s
[   479] loss=-5.5923 | res=1.35e-01 | grad=6.88e-01 | 0.8s
[   480] loss=-5.8567 | res=1.45e-01 | grad=8.07e-01 | 0.8s
[   481] loss=-5.8377 | res=1.26e-01 | grad=6.02e-01 | 0.8s
[   482] loss=-5.6289 | res=1.24e-01 | grad=6.17e-01 | 0.8s
[   483] loss=-5.7102 | res=1.41e-01 | grad=5.50e-01 | 0.8s
[   484] loss=-5.8034 | res=1.36e-01 | grad=3.39e-01 | 0.8s
[   485] loss=-5.5713 | res=1.25e-01 | grad=6.95e-01 | 0.8s
[   486] loss=-5.7726 | res=1.41e-01 | grad=7.18e-01 | 0.8s
[   487] loss=-5.4106 | res=1.50e-01 | grad=4.33e-01 | 0.8s
[   488] loss=-5.8353 | res=1.45e-01 | grad=9.63e-01 | 0.8s
[   489] loss=-5.6390 | res=1.34e-01 | grad=9.24e-01 | 0.8s
[   490] loss=-5.8099 | res=1.37e-01 | grad=8.98e-01 | 0.8s
[   491] loss=-5.7210 | res=1.29e-01 | grad=5.68e-01 | 0.8s
[   492] loss=-5.8353 | res=1.31e-01 | grad=8.83e-01 | 0.8s
[   493] loss=-5.7981 | res=1.25e-01 | grad=8.07e-01 | 0.8s
[   494] loss=-5.8472 | res=1.33e-01 | grad=5.63e-01 | 0.8s
[   495] loss=-5.6536 | res=1.19e-01 | grad=7.91e-01 | 0.8s
[   496] loss=-5.5763 | res=1.32e-01 | grad=6.71e-01 | 0.8s
[   497] loss=-5.9157 | res=1.15e-01 | grad=7.73e-01 | 0.8s
[   498] loss=-5.9241 | res=1.17e-01 | grad=6.50e-01 | 0.8s
[   499] loss=-5.5750 | res=1.41e-01 | grad=4.88e-01 | 0.8s
[   500] loss=-5.7636 | res=1.46e-01 | grad=3.89e-01 | 0.8s
[   501] loss=-5.8847 | res=1.46e-01 | grad=7.91e-01 | 0.8s
[   502] loss=-5.7628 | res=1.37e-01 | grad=1.01e+00 | 0.8s
[   503] loss=-5.8204 | res=1.22e-01 | grad=6.54e-01 | 0.8s
[   504] loss=-5.6517 | res=1.38e-01 | grad=9.78e-01 | 0.8s
[   505] loss=-5.8168 | res=1.36e-01 | grad=3.38e-01 | 0.8s
[   506] loss=-5.8429 | res=1.31e-01 | grad=7.30e-01 | 0.8s
[   507] loss=-5.7837 | res=1.36e-01 | grad=1.19e+00 | 0.8s
[   508] loss=-5.7768 | res=1.21e-01 | grad=7.68e-01 | 0.8s
[   509] loss=-5.6191 | res=1.30e-01 | grad=7.25e-01 | 0.8s
[   510] loss=-6.1099 | res=1.34e-01 | grad=7.33e-01 | 0.8s
[   511] loss=-5.7205 | res=1.33e-01 | grad=4.48e-01 | 0.8s
[   512] loss=-5.4219 | res=1.41e-01 | grad=6.12e-01 | 0.8s
[   513] loss=-5.7227 | res=1.40e-01 | grad=1.12e+00 | 0.8s
[   514] loss=-5.7184 | res=1.27e-01 | grad=7.27e-01 | 0.8s
[   515] loss=-5.5967 | res=1.25e-01 | grad=4.74e-01 | 0.8s
[   516] loss=-5.6206 | res=1.34e-01 | grad=4.20e-01 | 0.8s
[   517] loss=-5.5603 | res=1.29e-01 | grad=3.38e-01 | 0.8s
[   518] loss=-5.8297 | res=1.32e-01 | grad=9.33e-01 | 0.8s
[   519] loss=-5.9497 | res=1.36e-01 | grad=5.81e-01 | 0.8s
[   520] loss=-5.6292 | res=1.32e-01 | grad=7.19e-01 | 0.8s
[   521] loss=-5.3678 | res=1.50e-01 | grad=9.34e-01 | 0.8s
[   522] loss=-5.6035 | res=1.16e-01 | grad=5.25e-01 | 0.8s
[   523] loss=-5.7365 | res=1.29e-01 | grad=4.90e-01 | 0.8s
[   524] loss=-5.8263 | res=1.47e-01 | grad=6.97e-01 | 0.8s
[   525] loss=-5.8060 | res=1.29e-01 | grad=7.21e-01 | 0.8s
[   526] loss=-5.9775 | res=1.43e-01 | grad=9.92e-01 | 0.8s
[   527] loss=-5.9514 | res=1.35e-01 | grad=8.34e-01 | 0.8s
[   528] loss=-5.9629 | res=1.28e-01 | grad=7.02e-01 | 0.8s
[   529] loss=-5.6999 | res=1.27e-01 | grad=2.97e-01 | 0.8s
[   530] loss=-5.6109 | res=1.28e-01 | grad=1.06e+00 | 0.8s
[   531] loss=-5.5990 | res=1.34e-01 | grad=1.12e+00 | 0.8s
[   532] loss=-5.8335 | res=1.29e-01 | grad=6.22e-01 | 0.8s
[   533] loss=-5.6581 | res=1.47e-01 | grad=8.09e-01 | 0.8s
[   534] loss=-5.9044 | res=1.18e-01 | grad=7.58e-01 | 0.8s
[   535] loss=-5.7625 | res=1.44e-01 | grad=4.78e-01 | 0.8s
[   536] loss=-5.6943 | res=1.36e-01 | grad=4.39e-01 | 0.8s
[   537] loss=-5.6419 | res=1.32e-01 | grad=7.08e-01 | 0.8s
[   538] loss=-5.6670 | res=1.39e-01 | grad=7.15e-01 | 0.8s
[   539] loss=-5.5125 | res=1.44e-01 | grad=9.05e-01 | 0.8s
[   540] loss=-5.3895 | res=1.33e-01 | grad=8.18e-01 | 0.8s
[   541] loss=-5.6518 | res=1.29e-01 | grad=6.26e-01 | 0.8s
[   542] loss=-5.9081 | res=1.47e-01 | grad=7.55e-01 | 0.8s
[   543] loss=-5.5668 | res=1.29e-01 | grad=4.75e-01 | 0.8s
[   544] loss=-5.8847 | res=1.14e-01 | grad=3.82e-01 | 0.8s
[   545] loss=-5.7416 | res=1.31e-01 | grad=8.02e-01 | 0.8s
[   546] loss=-5.7744 | res=1.29e-01 | grad=9.34e-01 | 0.8s
[   547] loss=-5.7030 | res=1.34e-01 | grad=4.85e-01 | 0.8s
[   548] loss=-5.4887 | res=1.32e-01 | grad=4.82e-01 | 0.8s
[   549] loss=-5.8986 | res=1.35e-01 | grad=6.98e-01 | 0.8s
[   550] loss=-5.8902 | res=1.39e-01 | grad=5.71e-01 | 0.8s
[   551] loss=-5.7158 | res=1.51e-01 | grad=6.31e-01 | 0.8s
[   552] loss=-6.0650 | res=1.24e-01 | grad=6.85e-01 | 0.8s
[   553] loss=-5.9563 | res=1.20e-01 | grad=6.32e-01 | 0.8s
[   554] loss=-6.0077 | res=1.26e-01 | grad=3.96e-01 | 0.8s
[   555] loss=-5.5314 | res=1.35e-01 | grad=5.94e-01 | 0.8s
[   556] loss=-5.5322 | res=1.43e-01 | grad=4.68e-01 | 0.8s
[   557] loss=-5.7831 | res=1.43e-01 | grad=6.83e-01 | 0.8s
[   558] loss=-5.4212 | res=1.27e-01 | grad=7.35e-01 | 0.8s
[   559] loss=-6.0578 | res=1.31e-01 | grad=6.18e-01 | 0.8s
[   560] loss=-5.8208 | res=1.34e-01 | grad=1.21e+00 | 0.8s
[   561] loss=-5.4062 | res=1.39e-01 | grad=9.36e-01 | 0.8s
[   562] loss=-5.6410 | res=1.37e-01 | grad=7.96e-01 | 0.8s
[   563] loss=-6.2238 | res=1.26e-01 | grad=5.30e-01 | 0.8s
[   564] loss=-5.8603 | res=1.25e-01 | grad=9.35e-01 | 0.8s
[   565] loss=-5.9253 | res=1.25e-01 | grad=6.67e-01 | 0.8s
[   566] loss=-5.4276 | res=1.37e-01 | grad=1.18e+00 | 0.8s
[   567] loss=-5.8384 | res=1.32e-01 | grad=6.56e-01 | 0.8s
[   568] loss=-5.7133 | res=1.36e-01 | grad=1.04e+00 | 0.8s
[   569] loss=-5.6200 | res=1.44e-01 | grad=1.02e+00 | 0.8s
[   570] loss=-5.5920 | res=1.36e-01 | grad=1.02e+00 | 0.8s
[   571] loss=-5.7066 | res=1.20e-01 | grad=9.52e-01 | 0.8s
[   572] loss=-6.3165 | res=1.37e-01 | grad=6.56e-01 | 0.8s
[   573] loss=-5.7381 | res=1.40e-01 | grad=3.41e-01 | 0.8s
[   574] loss=-5.6089 | res=1.42e-01 | grad=5.02e-01 | 0.8s
[   575] loss=-5.9316 | res=1.32e-01 | grad=6.12e-01 | 0.8s
[   576] loss=-5.7885 | res=1.32e-01 | grad=5.65e-01 | 0.8s
[   577] loss=-5.8449 | res=1.20e-01 | grad=1.06e+00 | 0.8s
[   578] loss=-5.9643 | res=1.34e-01 | grad=6.12e-01 | 0.8s
[   579] loss=-6.0472 | res=1.26e-01 | grad=7.48e-01 | 0.8s
[   580] loss=-5.9971 | res=1.27e-01 | grad=3.06e-01 | 0.8s
[   581] loss=-5.5221 | res=1.30e-01 | grad=1.03e+00 | 0.8s
[   582] loss=-6.0468 | res=1.33e-01 | grad=6.37e-01 | 0.8s
[   583] loss=-5.6041 | res=1.48e-01 | grad=7.64e-01 | 0.8s
[   584] loss=-5.4992 | res=1.33e-01 | grad=9.45e-01 | 0.8s
[   585] loss=-5.4586 | res=1.32e-01 | grad=7.53e-01 | 0.8s
[   586] loss=-6.0963 | res=1.46e-01 | grad=5.72e-01 | 0.8s
[   587] loss=-5.9446 | res=1.30e-01 | grad=3.14e-01 | 0.8s
[   588] loss=-6.2349 | res=1.31e-01 | grad=3.35e-01 | 0.8s
[   589] loss=-5.8502 | res=1.35e-01 | grad=5.19e-01 | 0.8s
[   590] loss=-5.8987 | res=1.44e-01 | grad=9.16e-01 | 0.8s
[   591] loss=-5.8415 | res=1.33e-01 | grad=5.19e-01 | 0.8s
[   592] loss=-6.0182 | res=1.23e-01 | grad=6.04e-01 | 0.8s
[   593] loss=-5.9219 | res=1.45e-01 | grad=8.46e-01 | 0.8s
[   594] loss=-5.8050 | res=1.31e-01 | grad=6.46e-01 | 0.8s
[   595] loss=-5.7867 | res=1.39e-01 | grad=5.00e-01 | 0.8s
[   596] loss=-5.5791 | res=1.39e-01 | grad=6.10e-01 | 0.8s
[   597] loss=-5.7627 | res=1.29e-01 | grad=5.84e-01 | 0.8s
[   598] loss=-5.7362 | res=1.36e-01 | grad=9.10e-01 | 0.8s
[   599] loss=-5.2627 | res=1.36e-01 | grad=7.00e-01 | 0.8s
[   600] loss=-5.7730 | res=1.31e-01 | grad=7.68e-01 | 0.8s
[   601] loss=-5.6431 | res=1.48e-01 | grad=7.96e-01 | 0.8s
[   602] loss=-5.7354 | res=1.43e-01 | grad=6.61e-01 | 0.8s
[   603] loss=-5.8582 | res=1.19e-01 | grad=6.84e-01 | 0.8s
[   604] loss=-5.5347 | res=1.43e-01 | grad=4.96e-01 | 0.8s
[   605] loss=-5.7133 | res=1.37e-01 | grad=6.79e-01 | 0.8s
[   606] loss=-5.8856 | res=1.32e-01 | grad=1.08e+00 | 0.8s
[   607] loss=-5.7905 | res=1.37e-01 | grad=7.41e-01 | 0.8s
[   608] loss=-5.8183 | res=1.27e-01 | grad=5.55e-01 | 0.8s
[   609] loss=-5.9123 | res=1.32e-01 | grad=5.44e-01 | 0.8s
[   610] loss=-5.2816 | res=1.49e-01 | grad=7.08e-01 | 0.8s
[   611] loss=-5.8492 | res=1.36e-01 | grad=7.02e-01 | 0.8s
[   612] loss=-5.7869 | res=1.42e-01 | grad=5.94e-01 | 0.8s
[   613] loss=-5.8227 | res=1.42e-01 | grad=6.36e-01 | 0.8s
[   614] loss=-5.9536 | res=1.25e-01 | grad=6.25e-01 | 0.8s
[   615] loss=-5.4330 | res=1.48e-01 | grad=4.64e-01 | 0.8s
[   616] loss=-5.6219 | res=1.52e-01 | grad=7.61e-01 | 0.8s
[   617] loss=-5.8246 | res=1.34e-01 | grad=6.56e-01 | 0.8s
[   618] loss=-5.9280 | res=1.35e-01 | grad=5.23e-01 | 0.8s
[   619] loss=-5.9453 | res=1.36e-01 | grad=5.92e-01 | 0.8s
[   620] loss=-5.8385 | res=1.32e-01 | grad=7.41e-01 | 0.8s
[   621] loss=-5.6770 | res=1.47e-01 | grad=8.06e-01 | 0.8s
[   622] loss=-6.0388 | res=1.60e-01 | grad=7.82e-01 | 0.8s
[   623] loss=-5.7121 | res=1.38e-01 | grad=3.10e-01 | 0.8s
[   624] loss=-5.8315 | res=1.41e-01 | grad=7.05e-01 | 0.8s
[   625] loss=-5.4357 | res=1.56e-01 | grad=8.69e-01 | 0.8s
[   626] loss=-5.7650 | res=1.38e-01 | grad=9.33e-01 | 0.8s
[   627] loss=-6.0401 | res=1.31e-01 | grad=8.49e-01 | 0.8s
[   628] loss=-5.8466 | res=1.38e-01 | grad=6.60e-01 | 0.8s
[   629] loss=-5.5362 | res=1.25e-01 | grad=5.48e-01 | 0.8s
[   630] loss=-5.9813 | res=1.33e-01 | grad=9.48e-01 | 0.8s
[   631] loss=-5.8423 | res=1.37e-01 | grad=3.72e-01 | 0.8s
[   632] loss=-5.6756 | res=1.63e-01 | grad=7.58e-01 | 0.8s
[   633] loss=-5.6483 | res=1.30e-01 | grad=5.60e-01 | 0.8s
[   634] loss=-5.8321 | res=1.51e-01 | grad=4.91e-01 | 0.8s
[   635] loss=-5.7867 | res=1.34e-01 | grad=6.52e-01 | 0.8s
[   636] loss=-5.8018 | res=1.37e-01 | grad=7.85e-01 | 0.8s
[   637] loss=-5.5186 | res=1.32e-01 | grad=7.96e-01 | 0.8s
[   638] loss=-6.0290 | res=1.35e-01 | grad=1.02e+00 | 0.8s
[   639] loss=-6.2234 | res=1.30e-01 | grad=7.56e-01 | 0.8s
[   640] loss=-5.8496 | res=1.35e-01 | grad=5.22e-01 | 0.8s
[   641] loss=-5.6470 | res=1.58e-01 | grad=2.74e-01 | 0.8s
[   642] loss=-5.8455 | res=1.39e-01 | grad=6.73e-01 | 0.9s
[   643] loss=-5.7400 | res=1.38e-01 | grad=7.78e-01 | 0.8s
[   644] loss=-5.5411 | res=1.39e-01 | grad=1.20e+00 | 0.8s
[   645] loss=-6.2567 | res=1.31e-01 | grad=8.32e-01 | 0.8s
[   646] loss=-5.8176 | res=1.40e-01 | grad=7.90e-01 | 0.8s
[   647] loss=-5.7049 | res=1.51e-01 | grad=9.76e-01 | 0.8s
[   648] loss=-5.5897 | res=1.51e-01 | grad=6.32e-01 | 0.8s
[   649] loss=-5.7400 | res=1.39e-01 | grad=8.21e-01 | 0.8s
[   650] loss=-5.5986 | res=1.34e-01 | grad=6.06e-01 | 0.8s
[   651] loss=-5.7775 | res=1.32e-01 | grad=7.29e-01 | 0.8s
[   652] loss=-5.7389 | res=1.36e-01 | grad=4.56e-01 | 0.8s
[   653] loss=-5.6614 | res=1.38e-01 | grad=6.33e-01 | 0.8s
[   654] loss=-5.8804 | res=1.29e-01 | grad=6.87e-01 | 0.8s
[   655] loss=-5.7796 | res=1.34e-01 | grad=7.36e-01 | 0.8s
[   656] loss=-5.9091 | res=1.31e-01 | grad=6.54e-01 | 0.8s
[   657] loss=-5.8690 | res=1.27e-01 | grad=5.85e-01 | 0.8s
[   658] loss=-5.6521 | res=1.33e-01 | grad=5.84e-01 | 0.8s
[   659] loss=-5.7748 | res=1.23e-01 | grad=5.33e-01 | 0.8s
[   660] loss=-5.9721 | res=1.46e-01 | grad=8.96e-01 | 0.8s
[   661] loss=-5.6052 | res=1.41e-01 | grad=4.70e-01 | 0.8s
[   662] loss=-6.0262 | res=1.38e-01 | grad=7.52e-01 | 0.8s
[   663] loss=-5.7060 | res=1.39e-01 | grad=4.21e-01 | 0.8s
[   664] loss=-5.8149 | res=1.41e-01 | grad=8.09e-01 | 0.8s
[   665] loss=-5.8740 | res=1.27e-01 | grad=7.92e-01 | 0.8s
[   666] loss=-5.9712 | res=1.33e-01 | grad=5.48e-01 | 0.8s
[   667] loss=-5.8817 | res=1.34e-01 | grad=8.11e-01 | 0.8s
[   668] loss=-5.8805 | res=1.32e-01 | grad=4.40e-01 | 0.8s
[   669] loss=-5.8998 | res=1.35e-01 | grad=5.92e-01 | 0.8s
[   670] loss=-5.8664 | res=1.47e-01 | grad=9.78e-01 | 0.8s
[   671] loss=-5.6879 | res=1.27e-01 | grad=7.30e-01 | 0.8s
[   672] loss=-5.8862 | res=1.37e-01 | grad=9.51e-01 | 0.8s
[   673] loss=-5.6332 | res=1.41e-01 | grad=5.86e-01 | 0.8s
[   674] loss=-6.0470 | res=1.32e-01 | grad=3.85e-01 | 0.8s
[   675] loss=-5.5926 | res=1.39e-01 | grad=3.72e-01 | 0.8s
[   676] loss=-5.7866 | res=1.24e-01 | grad=7.06e-01 | 0.8s
[   677] loss=-6.1004 | res=1.35e-01 | grad=4.78e-01 | 0.8s
[   678] loss=-6.0527 | res=1.49e-01 | grad=7.14e-01 | 0.8s
[   679] loss=-5.8191 | res=1.35e-01 | grad=4.82e-01 | 0.8s
[   680] loss=-5.8177 | res=1.38e-01 | grad=1.02e+00 | 0.8s
[   681] loss=-5.5595 | res=1.41e-01 | grad=4.00e-01 | 0.8s
[   682] loss=-5.7933 | res=1.36e-01 | grad=5.07e-01 | 0.8s
[   683] loss=-5.7304 | res=1.34e-01 | grad=5.08e-01 | 0.8s
[   684] loss=-5.8357 | res=1.34e-01 | grad=6.61e-01 | 0.8s
[   685] loss=-5.7371 | res=1.37e-01 | grad=1.01e+00 | 0.8s
[   686] loss=-5.5014 | res=1.44e-01 | grad=6.70e-01 | 0.8s
[   687] loss=-5.7369 | res=1.32e-01 | grad=5.43e-01 | 0.8s
[   688] loss=-5.7403 | res=1.34e-01 | grad=6.11e-01 | 0.8s
[   689] loss=-6.3589 | res=1.42e-01 | grad=8.49e-01 | 0.8s
[   690] loss=-5.5946 | res=1.30e-01 | grad=5.47e-01 | 0.8s
[   691] loss=-5.8107 | res=1.30e-01 | grad=7.17e-01 | 0.8s
[   692] loss=-5.7764 | res=1.36e-01 | grad=1.26e+00 | 0.8s
[   693] loss=-6.1674 | res=1.33e-01 | grad=7.84e-01 | 0.8s
[   694] loss=-5.7158 | res=1.41e-01 | grad=5.25e-01 | 0.8s
[   695] loss=-5.8784 | res=1.45e-01 | grad=5.41e-01 | 0.8s
[   696] loss=-5.5909 | res=1.45e-01 | grad=8.50e-01 | 0.8s
[   697] loss=-5.5896 | res=1.37e-01 | grad=7.21e-01 | 0.8s
[   698] loss=-5.7224 | res=1.30e-01 | grad=5.86e-01 | 0.8s
[   699] loss=-5.4549 | res=1.50e-01 | grad=8.76e-01 | 0.8s
[   700] loss=-5.6468 | res=1.35e-01 | grad=6.60e-01 | 0.8s
[   701] loss=-5.8640 | res=1.33e-01 | grad=8.11e-01 | 0.8s
[   702] loss=-5.8971 | res=1.30e-01 | grad=7.44e-01 | 0.8s
[   703] loss=-5.8152 | res=1.33e-01 | grad=6.38e-01 | 0.8s
[   704] loss=-5.6078 | res=1.34e-01 | grad=9.87e-01 | 0.8s
[   705] loss=-5.9242 | res=1.56e-01 | grad=8.12e-01 | 0.8s
[   706] loss=-5.7375 | res=1.45e-01 | grad=6.70e-01 | 0.8s
[   707] loss=-5.6117 | res=1.43e-01 | grad=4.56e-01 | 0.8s
[   708] loss=-6.0280 | res=1.32e-01 | grad=7.77e-01 | 0.8s
[   709] loss=-5.5620 | res=1.38e-01 | grad=8.35e-01 | 0.8s
[   710] loss=-5.9006 | res=1.38e-01 | grad=1.04e+00 | 0.8s
[   711] loss=-6.1675 | res=1.43e-01 | grad=5.44e-01 | 0.8s
[   712] loss=-5.6796 | res=1.30e-01 | grad=5.55e-01 | 0.8s
[   713] loss=-5.8564 | res=1.34e-01 | grad=4.28e-01 | 0.8s
[   714] loss=-5.9051 | res=1.33e-01 | grad=6.42e-01 | 0.8s
[   715] loss=-5.7560 | res=1.31e-01 | grad=9.34e-01 | 0.8s
[   716] loss=-6.0879 | res=1.41e-01 | grad=9.07e-01 | 0.8s
[   717] loss=-5.9731 | res=1.35e-01 | grad=5.86e-01 | 0.8s
[   718] loss=-5.7421 | res=1.42e-01 | grad=6.72e-01 | 0.8s
[   719] loss=-5.7021 | res=1.36e-01 | grad=1.00e+00 | 0.8s
[   720] loss=-5.9473 | res=1.33e-01 | grad=8.93e-01 | 0.8s
[   721] loss=-5.7229 | res=1.24e-01 | grad=5.70e-01 | 0.8s
[   722] loss=-5.4815 | res=1.40e-01 | grad=8.60e-01 | 0.8s
[   723] loss=-5.7706 | res=1.45e-01 | grad=5.81e-01 | 0.8s
[   724] loss=-5.7377 | res=1.24e-01 | grad=5.51e-01 | 0.8s
[   725] loss=-6.2197 | res=1.34e-01 | grad=7.07e-01 | 0.8s
[   726] loss=-5.9296 | res=1.36e-01 | grad=5.56e-01 | 0.8s
[   727] loss=-5.7656 | res=1.39e-01 | grad=7.32e-01 | 0.8s
[   728] loss=-5.5206 | res=1.44e-01 | grad=7.50e-01 | 0.8s
[   729] loss=-5.7200 | res=1.43e-01 | grad=8.07e-01 | 0.8s
[   730] loss=-5.5909 | res=1.61e-01 | grad=3.64e-01 | 0.8s
[   731] loss=-5.8143 | res=1.40e-01 | grad=4.25e-01 | 0.8s
[   732] loss=-5.5295 | res=1.40e-01 | grad=7.54e-01 | 0.8s
[   733] loss=-5.4273 | res=1.45e-01 | grad=6.33e-01 | 0.8s
[   734] loss=-5.7174 | res=1.29e-01 | grad=7.68e-01 | 0.8s
[   735] loss=-5.4637 | res=1.29e-01 | grad=8.73e-01 | 0.8s
[   736] loss=-5.7849 | res=1.26e-01 | grad=8.15e-01 | 0.9s
[   737] loss=-5.7408 | res=1.35e-01 | grad=5.05e-01 | 0.8s
[   738] loss=-5.6311 | res=1.53e-01 | grad=5.32e-01 | 0.8s
[   739] loss=-5.6708 | res=1.32e-01 | grad=3.83e-01 | 0.8s
[   740] loss=-5.8088 | res=1.29e-01 | grad=4.36e-01 | 0.8s
[   741] loss=-5.7942 | res=1.39e-01 | grad=6.93e-01 | 0.8s
[   742] loss=-5.8899 | res=1.32e-01 | grad=6.29e-01 | 0.8s
[   743] loss=-5.5723 | res=1.33e-01 | grad=3.44e-01 | 0.8s
[   744] loss=-5.9522 | res=1.46e-01 | grad=8.61e-01 | 0.8s
[   745] loss=-5.8990 | res=1.42e-01 | grad=7.50e-01 | 0.8s
[   746] loss=-5.8585 | res=1.20e-01 | grad=4.45e-01 | 0.8s
[   747] loss=-6.2410 | res=1.36e-01 | grad=8.94e-01 | 0.8s
[   748] loss=-5.4910 | res=1.39e-01 | grad=5.84e-01 | 0.8s
[   749] loss=-5.9322 | res=1.42e-01 | grad=4.49e-01 | 0.8s
[   750] loss=-5.7276 | res=1.39e-01 | grad=7.08e-01 | 0.8s
[   751] loss=-6.0186 | res=1.27e-01 | grad=5.14e-01 | 0.8s
[   752] loss=-5.4664 | res=1.32e-01 | grad=7.32e-01 | 0.8s
[   753] loss=-5.9714 | res=1.44e-01 | grad=4.32e-01 | 0.8s
[   754] loss=-5.8657 | res=1.45e-01 | grad=7.67e-01 | 0.8s
[   755] loss=-5.8084 | res=1.37e-01 | grad=5.34e-01 | 0.8s
[   756] loss=-5.7248 | res=1.23e-01 | grad=6.12e-01 | 0.8s
[   757] loss=-5.8625 | res=1.38e-01 | grad=4.05e-01 | 0.8s
[   758] loss=-5.9104 | res=1.51e-01 | grad=4.82e-01 | 0.8s
[   759] loss=-5.8383 | res=1.29e-01 | grad=5.11e-01 | 0.9s
[   760] loss=-5.7225 | res=1.29e-01 | grad=4.49e-01 | 0.8s
[   761] loss=-6.0372 | res=1.38e-01 | grad=5.13e-01 | 0.8s
[   762] loss=-5.8184 | res=1.41e-01 | grad=7.89e-01 | 0.8s
[   763] loss=-5.8846 | res=1.32e-01 | grad=5.61e-01 | 0.8s
[   764] loss=-5.7737 | res=1.35e-01 | grad=5.58e-01 | 0.8s
[   765] loss=-5.5955 | res=1.41e-01 | grad=8.67e-01 | 0.8s
[   766] loss=-5.6558 | res=1.35e-01 | grad=9.14e-01 | 0.8s
[   767] loss=-6.2077 | res=1.22e-01 | grad=8.94e-01 | 0.8s
[   768] loss=-5.7708 | res=1.44e-01 | grad=7.89e-01 | 0.8s
[   769] loss=-5.6328 | res=1.38e-01 | grad=4.53e-01 | 0.8s
[   770] loss=-5.6547 | res=1.40e-01 | grad=6.50e-01 | 0.8s
[   771] loss=-5.4646 | res=1.49e-01 | grad=3.74e-01 | 0.8s
[   772] loss=-5.8946 | res=1.37e-01 | grad=5.82e-01 | 0.8s
[   773] loss=-5.6684 | res=1.30e-01 | grad=7.47e-01 | 0.8s
[   774] loss=-5.8086 | res=1.39e-01 | grad=7.66e-01 | 0.8s
[   775] loss=-5.8529 | res=1.40e-01 | grad=6.11e-01 | 0.8s
[   776] loss=-5.8037 | res=1.45e-01 | grad=5.74e-01 | 0.8s
[   777] loss=-5.6222 | res=1.33e-01 | grad=5.72e-01 | 0.8s
[   778] loss=-5.8522 | res=1.49e-01 | grad=7.24e-01 | 0.8s
[   779] loss=-6.3406 | res=1.26e-01 | grad=6.10e-01 | 0.8s
[   780] loss=-5.8841 | res=1.47e-01 | grad=3.03e-01 | 0.8s
[   781] loss=-6.0754 | res=1.47e-01 | grad=4.67e-01 | 0.8s
[   782] loss=-5.7636 | res=1.28e-01 | grad=4.90e-01 | 0.8s
[   783] loss=-5.5459 | res=1.29e-01 | grad=6.84e-01 | 0.8s
[   784] loss=-5.8803 | res=1.33e-01 | grad=6.11e-01 | 0.8s
[   785] loss=-6.1180 | res=1.27e-01 | grad=7.40e-01 | 0.8s
[   786] loss=-5.9918 | res=1.42e-01 | grad=3.42e-01 | 0.8s
[   787] loss=-6.0123 | res=1.33e-01 | grad=3.69e-01 | 0.8s
[   788] loss=-5.9153 | res=1.42e-01 | grad=6.19e-01 | 0.8s
[   789] loss=-5.8371 | res=1.42e-01 | grad=6.61e-01 | 0.8s
[   790] loss=-6.0568 | res=1.30e-01 | grad=9.70e-01 | 0.8s
[   791] loss=-5.6210 | res=1.55e-01 | grad=6.06e-01 | 0.8s
[   792] loss=-6.0201 | res=1.41e-01 | grad=5.83e-01 | 0.8s
[   793] loss=-5.9146 | res=1.48e-01 | grad=4.79e-01 | 0.8s
[   794] loss=-5.9277 | res=1.43e-01 | grad=1.00e+00 | 0.8s
[   795] loss=-5.4542 | res=1.68e-01 | grad=5.24e-01 | 0.8s
[   796] loss=-5.7166 | res=1.36e-01 | grad=7.40e-01 | 0.8s
[   797] loss=-5.4739 | res=1.36e-01 | grad=9.42e-01 | 0.8s
[   798] loss=-5.8581 | res=1.38e-01 | grad=1.08e+00 | 0.8s
[   799] loss=-5.9282 | res=1.34e-01 | grad=8.33e-01 | 0.8s
[   800] loss=-5.7882 | res=1.43e-01 | grad=7.47e-01 | 0.8s
[   801] loss=-6.0106 | res=1.39e-01 | grad=7.84e-01 | 0.8s
[   802] loss=-5.8868 | res=1.36e-01 | grad=5.37e-01 | 0.8s
[   803] loss=-5.9694 | res=1.51e-01 | grad=8.86e-01 | 0.8s
[   804] loss=-5.8893 | res=1.36e-01 | grad=9.88e-01 | 0.8s
[   805] loss=-5.3060 | res=1.43e-01 | grad=6.81e-01 | 0.8s
[   806] loss=-5.7598 | res=1.44e-01 | grad=6.11e-01 | 0.8s
[   807] loss=-5.4195 | res=1.47e-01 | grad=3.61e-01 | 0.8s
[   808] loss=-5.7322 | res=1.32e-01 | grad=6.32e-01 | 0.8s
[   809] loss=-6.1781 | res=1.19e-01 | grad=5.05e-01 | 0.8s
[   810] loss=-5.9288 | res=1.36e-01 | grad=6.05e-01 | 0.8s
[   811] loss=-5.5541 | res=1.38e-01 | grad=6.07e-01 | 0.8s
[   812] loss=-5.6614 | res=1.53e-01 | grad=8.53e-01 | 0.8s
[   813] loss=-5.8554 | res=1.54e-01 | grad=9.22e-01 | 0.8s
[   814] loss=-5.5628 | res=1.26e-01 | grad=6.44e-01 | 0.8s
[   815] loss=-5.6921 | res=1.23e-01 | grad=8.28e-01 | 0.8s
[   816] loss=-5.6564 | res=1.36e-01 | grad=8.71e-01 | 0.8s
[   817] loss=-5.9605 | res=1.32e-01 | grad=6.70e-01 | 0.8s
[   818] loss=-5.8243 | res=1.15e-01 | grad=5.67e-01 | 0.8s
[   819] loss=-5.8295 | res=1.40e-01 | grad=4.67e-01 | 0.8s
[   820] loss=-5.7834 | res=1.38e-01 | grad=9.00e-01 | 0.8s
[   821] loss=-5.5612 | res=1.40e-01 | grad=8.21e-01 | 0.8s
[   822] loss=-5.8640 | res=1.38e-01 | grad=7.50e-01 | 0.8s
[   823] loss=-5.8489 | res=1.28e-01 | grad=8.08e-01 | 0.8s
[   824] loss=-5.8601 | res=1.37e-01 | grad=8.32e-01 | 0.8s
[   825] loss=-5.6703 | res=1.39e-01 | grad=8.20e-01 | 0.8s
[   826] loss=-5.7700 | res=1.31e-01 | grad=5.36e-01 | 0.8s
[   827] loss=-5.7938 | res=1.26e-01 | grad=6.88e-01 | 0.8s
[   828] loss=-5.8631 | res=1.41e-01 | grad=5.04e-01 | 0.8s
[   829] loss=-5.4894 | res=1.33e-01 | grad=9.32e-01 | 0.8s
[   830] loss=-5.6937 | res=1.34e-01 | grad=8.19e-01 | 0.8s
[   831] loss=-5.9100 | res=1.25e-01 | grad=7.98e-01 | 0.9s
[   832] loss=-5.6619 | res=1.35e-01 | grad=8.84e-01 | 0.9s
[   833] loss=-5.6092 | res=1.33e-01 | grad=8.17e-01 | 0.9s
[   834] loss=-5.8441 | res=1.36e-01 | grad=8.26e-01 | 0.9s
[   835] loss=-5.7137 | res=1.54e-01 | grad=6.59e-01 | 0.9s
[   836] loss=-5.4600 | res=1.43e-01 | grad=4.55e-01 | 0.9s
[   837] loss=-5.4785 | res=1.26e-01 | grad=1.04e+00 | 0.9s
[   838] loss=-5.5839 | res=1.41e-01 | grad=9.24e-01 | 0.9s
[   839] loss=-5.5874 | res=1.34e-01 | grad=6.64e-01 | 0.9s
[   840] loss=-5.3967 | res=1.37e-01 | grad=4.39e-01 | 0.9s
[   841] loss=-5.7912 | res=1.26e-01 | grad=6.60e-01 | 0.9s
[   842] loss=-6.0716 | res=1.35e-01 | grad=8.39e-01 | 0.9s
[   843] loss=-5.6854 | res=1.32e-01 | grad=8.54e-01 | 0.9s
[   844] loss=-6.0941 | res=1.31e-01 | grad=8.40e-01 | 0.9s
[   845] loss=-5.7829 | res=1.23e-01 | grad=3.62e-01 | 0.9s
[   846] loss=-5.7743 | res=1.31e-01 | grad=6.00e-01 | 0.9s
[   847] loss=-5.8828 | res=1.21e-01 | grad=7.30e-01 | 0.9s
[   848] loss=-5.9216 | res=1.26e-01 | grad=4.42e-01 | 0.9s
[   849] loss=-5.5578 | res=1.34e-01 | grad=6.42e-01 | 0.9s
[   850] loss=-5.9901 | res=1.45e-01 | grad=6.02e-01 | 0.9s
[   851] loss=-5.5711 | res=1.46e-01 | grad=8.22e-01 | 0.9s
[   852] loss=-5.8066 | res=1.34e-01 | grad=7.22e-01 | 0.9s
[   853] loss=-5.8699 | res=1.35e-01 | grad=3.39e-01 | 0.8s
[   854] loss=-5.8483 | res=1.36e-01 | grad=3.70e-01 | 0.8s
[   855] loss=-5.7404 | res=1.43e-01 | grad=8.03e-01 | 0.8s
[   856] loss=-5.8131 | res=1.24e-01 | grad=5.70e-01 | 0.8s
[   857] loss=-5.8039 | res=1.42e-01 | grad=5.30e-01 | 0.8s
[   858] loss=-5.8062 | res=1.42e-01 | grad=6.69e-01 | 0.8s
[   859] loss=-5.7805 | res=1.48e-01 | grad=8.27e-01 | 0.8s
[   860] loss=-5.7403 | res=1.34e-01 | grad=4.94e-01 | 0.8s
[   861] loss=-5.6707 | res=1.46e-01 | grad=6.09e-01 | 0.8s
[   862] loss=-5.8254 | res=1.17e-01 | grad=7.10e-01 | 0.8s
[   863] loss=-5.9159 | res=1.31e-01 | grad=5.04e-01 | 0.8s
[   864] loss=-5.7898 | res=1.32e-01 | grad=7.39e-01 | 0.8s
[   865] loss=-6.0514 | res=1.26e-01 | grad=7.88e-01 | 0.8s
[   866] loss=-6.0315 | res=1.25e-01 | grad=4.17e-01 | 0.8s
[   867] loss=-5.3191 | res=1.34e-01 | grad=5.70e-01 | 0.8s
[   868] loss=-5.8860 | res=1.50e-01 | grad=3.89e-01 | 0.8s
[   869] loss=-5.5673 | res=1.33e-01 | grad=6.59e-01 | 0.8s
[   870] loss=-5.3755 | res=1.37e-01 | grad=5.35e-01 | 0.8s
[   871] loss=-5.9159 | res=1.36e-01 | grad=6.69e-01 | 0.8s
[   872] loss=-5.8917 | res=1.26e-01 | grad=6.40e-01 | 0.8s
[   873] loss=-5.6084 | res=1.37e-01 | grad=5.58e-01 | 0.8s
[   874] loss=-5.8169 | res=1.21e-01 | grad=4.99e-01 | 0.8s
[   875] loss=-6.0173 | res=1.28e-01 | grad=7.53e-01 | 0.8s
[   876] loss=-5.6962 | res=1.44e-01 | grad=6.27e-01 | 0.8s
[   877] loss=-5.8778 | res=1.42e-01 | grad=5.38e-01 | 0.8s
[   878] loss=-5.7747 | res=1.30e-01 | grad=4.53e-01 | 0.8s
[   879] loss=-5.7098 | res=1.40e-01 | grad=6.89e-01 | 0.8s
[   880] loss=-5.7663 | res=1.57e-01 | grad=6.71e-01 | 0.8s
[   881] loss=-5.9116 | res=1.31e-01 | grad=2.89e-01 | 0.8s
[   882] loss=-5.7989 | res=1.35e-01 | grad=6.06e-01 | 0.8s
[   883] loss=-5.5979 | res=1.36e-01 | grad=7.60e-01 | 0.8s
[   884] loss=-5.8648 | res=1.20e-01 | grad=6.37e-01 | 0.8s
[   885] loss=-5.6947 | res=1.31e-01 | grad=4.37e-01 | 0.8s
[   886] loss=-5.6399 | res=1.30e-01 | grad=3.72e-01 | 0.8s
[   887] loss=-5.6622 | res=1.41e-01 | grad=6.14e-01 | 0.8s
[   888] loss=-5.8608 | res=1.05e-01 | grad=5.58e-01 | 0.8s
[   889] loss=-6.0929 | res=1.29e-01 | grad=8.56e-01 | 0.8s
[   890] loss=-5.8753 | res=1.26e-01 | grad=4.94e-01 | 0.8s
[   891] loss=-5.8525 | res=1.21e-01 | grad=4.71e-01 | 0.8s
[   892] loss=-5.6635 | res=1.30e-01 | grad=5.39e-01 | 0.8s
[   893] loss=-6.1251 | res=1.33e-01 | grad=1.16e+00 | 0.8s
[   894] loss=-5.8911 | res=1.33e-01 | grad=4.41e-01 | 0.8s
[   895] loss=-5.6641 | res=1.18e-01 | grad=8.50e-01 | 0.8s
[   896] loss=-5.6642 | res=1.31e-01 | grad=9.35e-01 | 0.8s
[   897] loss=-5.7451 | res=1.34e-01 | grad=4.90e-01 | 0.8s
[   898] loss=-5.6724 | res=1.27e-01 | grad=5.58e-01 | 0.8s
[   899] loss=-5.8628 | res=1.47e-01 | grad=7.34e-01 | 0.8s
[   900] loss=-5.6280 | res=1.31e-01 | grad=8.97e-01 | 0.8s
[   901] loss=-5.6919 | res=1.31e-01 | grad=8.14e-01 | 0.8s
[   902] loss=-5.8392 | res=1.54e-01 | grad=5.29e-01 | 0.8s
[   903] loss=-5.4610 | res=1.41e-01 | grad=6.79e-01 | 0.8s
[   904] loss=-5.4909 | res=1.26e-01 | grad=7.21e-01 | 0.8s
[   905] loss=-6.1134 | res=1.49e-01 | grad=3.73e-01 | 0.8s
[   906] loss=-5.7005 | res=1.29e-01 | grad=5.90e-01 | 0.8s
[   907] loss=-5.8315 | res=1.37e-01 | grad=6.28e-01 | 0.8s
[   908] loss=-5.7202 | res=1.35e-01 | grad=5.64e-01 | 0.8s
[   909] loss=-5.9601 | res=1.27e-01 | grad=4.44e-01 | 0.8s
[   910] loss=-5.8343 | res=1.24e-01 | grad=5.64e-01 | 0.8s
[   911] loss=-5.5720 | res=1.35e-01 | grad=4.61e-01 | 0.8s
[   912] loss=-5.5882 | res=1.47e-01 | grad=6.41e-01 | 0.8s
[   913] loss=-5.9251 | res=1.23e-01 | grad=4.95e-01 | 0.8s
[   914] loss=-5.8628 | res=1.38e-01 | grad=7.63e-01 | 0.8s
[   915] loss=-5.6878 | res=1.43e-01 | grad=4.07e-01 | 0.8s
[   916] loss=-5.7000 | res=1.23e-01 | grad=4.08e-01 | 0.8s
[   917] loss=-5.5552 | res=1.34e-01 | grad=3.88e-01 | 0.8s
[   918] loss=-5.5395 | res=1.25e-01 | grad=7.63e-01 | 0.8s
[   919] loss=-5.7334 | res=1.39e-01 | grad=7.91e-01 | 0.8s
[   920] loss=-5.6481 | res=1.25e-01 | grad=3.81e-01 | 0.8s
[   921] loss=-6.0727 | res=1.24e-01 | grad=7.18e-01 | 0.8s
[   922] loss=-5.5075 | res=1.32e-01 | grad=5.15e-01 | 0.8s
[   923] loss=-5.5656 | res=1.25e-01 | grad=5.06e-01 | 0.8s
[   924] loss=-5.7420 | res=1.38e-01 | grad=8.95e-01 | 0.8s
[   925] loss=-5.4091 | res=1.28e-01 | grad=1.01e+00 | 0.8s
[   926] loss=-5.8483 | res=1.35e-01 | grad=4.39e-01 | 0.8s
[   927] loss=-5.8782 | res=1.27e-01 | grad=7.50e-01 | 0.8s
[   928] loss=-5.7894 | res=1.19e-01 | grad=5.81e-01 | 0.8s
[   929] loss=-5.8046 | res=1.39e-01 | grad=3.24e-01 | 0.8s
[   930] loss=-5.8789 | res=1.41e-01 | grad=8.99e-01 | 0.8s
[   931] loss=-5.8037 | res=1.22e-01 | grad=5.90e-01 | 0.8s
[   932] loss=-5.8210 | res=1.18e-01 | grad=5.48e-01 | 0.8s
[   933] loss=-5.8280 | res=1.32e-01 | grad=4.15e-01 | 0.8s
[   934] loss=-5.8470 | res=1.31e-01 | grad=3.59e-01 | 0.8s
[   935] loss=-5.9718 | res=1.37e-01 | grad=5.39e-01 | 0.8s
[   936] loss=-5.8137 | res=1.44e-01 | grad=4.60e-01 | 0.8s
[   937] loss=-5.6432 | res=1.33e-01 | grad=7.10e-01 | 0.8s
[   938] loss=-5.9897 | res=1.34e-01 | grad=5.39e-01 | 0.8s
[   939] loss=-5.9098 | res=1.38e-01 | grad=3.85e-01 | 0.8s
[   940] loss=-5.8847 | res=1.30e-01 | grad=4.02e-01 | 0.8s
[   941] loss=-5.6930 | res=1.42e-01 | grad=4.30e-01 | 0.8s
[   942] loss=-5.3834 | res=1.40e-01 | grad=6.63e-01 | 0.8s
[   943] loss=-5.6639 | res=1.43e-01 | grad=5.09e-01 | 0.8s
[   944] loss=-5.5741 | res=1.40e-01 | grad=6.93e-01 | 0.8s
[   945] loss=-5.6957 | res=1.19e-01 | grad=5.29e-01 | 0.8s
[   946] loss=-5.6549 | res=1.39e-01 | grad=3.20e-01 | 0.8s
[   947] loss=-5.8595 | res=1.21e-01 | grad=5.32e-01 | 0.8s
[   948] loss=-5.8781 | res=1.28e-01 | grad=4.64e-01 | 0.8s
[   949] loss=-5.7556 | res=1.40e-01 | grad=5.16e-01 | 0.8s
[   950] loss=-5.9109 | res=1.27e-01 | grad=3.94e-01 | 0.8s
[   951] loss=-5.6007 | res=1.24e-01 | grad=3.65e-01 | 0.8s
[   952] loss=-5.9839 | res=1.24e-01 | grad=6.23e-01 | 0.8s
[   953] loss=-5.5399 | res=1.40e-01 | grad=5.28e-01 | 0.8s
[   954] loss=-5.8121 | res=1.26e-01 | grad=8.54e-01 | 0.8s
[   955] loss=-5.6757 | res=1.40e-01 | grad=5.78e-01 | 0.8s
[   956] loss=-5.4331 | res=1.29e-01 | grad=4.72e-01 | 0.8s
[   957] loss=-5.5376 | res=1.40e-01 | grad=7.45e-01 | 0.8s
[   958] loss=-6.0666 | res=1.36e-01 | grad=5.47e-01 | 0.8s
[   959] loss=-5.7946 | res=1.41e-01 | grad=7.58e-01 | 0.8s
[   960] loss=-5.7560 | res=1.21e-01 | grad=7.27e-01 | 0.8s
[   961] loss=-6.0528 | res=1.26e-01 | grad=4.99e-01 | 0.8s
[   962] loss=-5.5279 | res=1.44e-01 | grad=6.23e-01 | 0.8s
[   963] loss=-5.5590 | res=1.40e-01 | grad=8.13e-01 | 0.8s
[   964] loss=-5.6945 | res=1.39e-01 | grad=6.50e-01 | 0.8s
[   965] loss=-6.2816 | res=1.17e-01 | grad=1.05e+00 | 0.8s
[   966] loss=-5.6080 | res=1.37e-01 | grad=7.24e-01 | 0.8s
[   967] loss=-5.7171 | res=1.33e-01 | grad=8.63e-01 | 0.8s
[   968] loss=-6.1219 | res=1.27e-01 | grad=5.52e-01 | 0.8s
[   969] loss=-6.1211 | res=1.25e-01 | grad=2.92e-01 | 0.8s
[   970] loss=-5.7208 | res=1.24e-01 | grad=3.33e-01 | 0.8s
[   971] loss=-5.8001 | res=1.48e-01 | grad=9.16e-01 | 0.8s
[   972] loss=-5.5017 | res=1.57e-01 | grad=7.38e-01 | 0.8s
[   973] loss=-5.8273 | res=1.38e-01 | grad=7.62e-01 | 0.8s
[   974] loss=-5.8488 | res=1.27e-01 | grad=5.86e-01 | 0.8s
[   975] loss=-5.5836 | res=1.42e-01 | grad=5.56e-01 | 0.8s
[   976] loss=-5.9997 | res=1.22e-01 | grad=4.98e-01 | 0.8s
[   977] loss=-5.7473 | res=1.29e-01 | grad=4.92e-01 | 0.8s
[   978] loss=-5.7236 | res=1.31e-01 | grad=1.06e+00 | 0.8s
[   979] loss=-5.6984 | res=1.39e-01 | grad=7.54e-01 | 0.8s
[   980] loss=-5.7302 | res=1.40e-01 | grad=6.92e-01 | 0.8s
[   981] loss=-5.6752 | res=1.30e-01 | grad=5.25e-01 | 0.8s
[   982] loss=-5.8474 | res=1.32e-01 | grad=7.85e-01 | 0.8s
[   983] loss=-5.7476 | res=1.44e-01 | grad=9.69e-01 | 0.8s
[   984] loss=-5.9487 | res=1.32e-01 | grad=5.57e-01 | 0.8s
[   985] loss=-5.8697 | res=1.25e-01 | grad=8.61e-01 | 0.8s
[   986] loss=-5.9500 | res=1.35e-01 | grad=4.68e-01 | 0.8s
[   987] loss=-5.9979 | res=1.19e-01 | grad=4.83e-01 | 0.8s
[   988] loss=-5.7367 | res=1.26e-01 | grad=6.91e-01 | 0.8s
[   989] loss=-5.7456 | res=1.40e-01 | grad=8.10e-01 | 0.8s
[   990] loss=-5.7655 | res=1.28e-01 | grad=4.60e-01 | 0.8s
[   991] loss=-5.7180 | res=1.40e-01 | grad=5.56e-01 | 0.8s
[   992] loss=-5.9908 | res=1.34e-01 | grad=7.85e-01 | 0.8s
[   993] loss=-5.8289 | res=1.34e-01 | grad=5.25e-01 | 0.8s
[   994] loss=-5.7963 | res=1.22e-01 | grad=8.75e-01 | 0.8s
[   995] loss=-6.0551 | res=1.29e-01 | grad=5.22e-01 | 0.8s
[   996] loss=-5.4465 | res=1.40e-01 | grad=5.82e-01 | 0.8s
[   997] loss=-5.7139 | res=1.35e-01 | grad=9.65e-01 | 0.8s
[   998] loss=-5.8681 | res=1.27e-01 | grad=5.74e-01 | 0.8s
[   999] loss=-5.4828 | res=1.37e-01 | grad=8.53e-01 | 0.8s
[  1000] loss=-5.7269 | res=1.48e-01 | grad=4.18e-01 | 0.8s
  KL = -0.0709 +/- 0.0067  |  ESS = 617.8 (ratio: 0.603)
  Runtime = 829.9s

[Ours] Training on T6...
/home/sjbhatt/anaconda3/envs/rcpms-jax/lib/python3.10/site-packages/jax/_src/ops/scatter.py:92: FutureWarning: scatter inputs have incompatible types: cannot safely cast value from dtype=int64 to dtype=int32 with jax_numpy_dtype_promotion='standard'. In future JAX releases this will result in an error.
  warnings.warn(
/home/sjbhatt/anaconda3/envs/rcpms-jax/lib/python3.10/site-packages/jax/_src/ops/scatter.py:92: FutureWarning: scatter inputs have incompatible types: cannot safely cast value from dtype=int64 to dtype=int32 with jax_numpy_dtype_promotion='standard'. In future JAX releases this will result in an error.
  warnings.warn(
[     1] loss=-0.0138 | res=2.16e-03 | grad=8.24e+00 | 9.5s
[     2] loss=-0.1847 | res=3.26e-03 | grad=7.86e+00 | 0.8s
[     3] loss=-0.3726 | res=3.41e-03 | grad=8.40e+00 | 0.8s
[     4] loss=-0.5395 | res=4.82e-03 | grad=8.76e+00 | 0.8s
[     5] loss=-0.6964 | res=6.34e-03 | grad=9.10e+00 | 0.8s
[     6] loss=-0.9004 | res=7.82e-03 | grad=1.00e+01 | 0.8s
[     7] loss=-1.0894 | res=7.13e-03 | grad=1.06e+01 | 0.8s
[     8] loss=-1.3426 | res=1.01e-02 | grad=1.17e+01 | 0.8s
[     9] loss=-1.4656 | res=1.23e-02 | grad=1.14e+01 | 0.8s
[    10] loss=-1.7056 | res=1.59e-02 | grad=1.16e+01 | 0.8s
[    11] loss=-1.9003 | res=1.69e-02 | grad=1.14e+01 | 0.8s
[    12] loss=-2.1122 | res=2.02e-02 | grad=1.11e+01 | 0.8s
[    13] loss=-2.2694 | res=1.86e-02 | grad=1.04e+01 | 0.8s
[    14] loss=-2.5421 | res=2.04e-02 | grad=1.05e+01 | 0.8s
[    15] loss=-2.7932 | res=2.51e-02 | grad=1.01e+01 | 0.8s
[    16] loss=-2.9900 | res=2.79e-02 | grad=9.80e+00 | 0.8s
[    17] loss=-3.0270 | res=2.53e-02 | grad=9.12e+00 | 0.8s
[    18] loss=-3.5917 | res=2.95e-02 | grad=9.63e+00 | 0.8s
[    19] loss=-3.6193 | res=2.81e-02 | grad=9.12e+00 | 0.8s
[    20] loss=-3.9849 | res=3.10e-02 | grad=9.32e+00 | 0.9s
[    21] loss=-3.9084 | res=3.18e-02 | grad=8.57e+00 | 0.8s
[    22] loss=-4.1648 | res=3.76e-02 | grad=8.51e+00 | 0.8s
[    23] loss=-4.3194 | res=4.52e-02 | grad=8.21e+00 | 0.8s
[    24] loss=-4.6136 | res=4.41e-02 | grad=8.12e+00 | 0.8s
[    25] loss=-4.6294 | res=4.87e-02 | grad=7.78e+00 | 0.8s
[    26] loss=-4.9068 | res=4.90e-02 | grad=7.78e+00 | 0.8s
[    27] loss=-4.9817 | res=5.14e-02 | grad=7.39e+00 | 0.8s
[    28] loss=-5.0257 | res=6.69e-02 | grad=7.03e+00 | 0.8s
[    29] loss=-5.1618 | res=6.43e-02 | grad=6.79e+00 | 0.8s
[    30] loss=-5.5164 | res=7.04e-02 | grad=6.69e+00 | 0.8s
[    31] loss=-5.6908 | res=7.45e-02 | grad=6.51e+00 | 0.8s
[    32] loss=-5.5961 | res=7.54e-02 | grad=5.85e+00 | 0.8s
[    33] loss=-5.9236 | res=7.28e-02 | grad=5.84e+00 | 0.8s
[    34] loss=-6.0706 | res=9.43e-02 | grad=5.57e+00 | 0.8s
[    35] loss=-6.1414 | res=8.26e-02 | grad=5.24e+00 | 0.8s
[    36] loss=-6.2969 | res=8.37e-02 | grad=4.87e+00 | 0.8s
[    37] loss=-6.2331 | res=9.82e-02 | grad=4.38e+00 | 0.8s
[    38] loss=-6.5177 | res=9.98e-02 | grad=4.38e+00 | 0.8s
[    39] loss=-6.4217 | res=1.13e-01 | grad=3.77e+00 | 0.8s
[    40] loss=-6.4712 | res=1.17e-01 | grad=3.59e+00 | 0.8s
[    41] loss=-6.4133 | res=1.26e-01 | grad=2.89e+00 | 0.8s
[    42] loss=-6.4633 | res=1.24e-01 | grad=2.68e+00 | 0.8s
[    43] loss=-6.9299 | res=1.33e-01 | grad=2.61e+00 | 0.8s
[    44] loss=-6.8086 | res=1.29e-01 | grad=2.18e+00 | 0.8s
[    45] loss=-6.6241 | res=1.45e-01 | grad=1.75e+00 | 0.9s
[    46] loss=-7.1521 | res=1.48e-01 | grad=1.85e+00 | 0.9s
[    47] loss=-6.9408 | res=1.49e-01 | grad=1.29e+00 | 0.9s
[    48] loss=-7.0771 | res=1.52e-01 | grad=1.27e+00 | 0.9s
[    49] loss=-6.7100 | res=1.59e-01 | grad=1.02e+00 | 0.9s
[    50] loss=-7.1256 | res=1.65e-01 | grad=1.23e+00 | 0.9s
[    51] loss=-6.7352 | res=1.73e-01 | grad=8.68e-01 | 0.9s
[    52] loss=-6.8162 | res=1.86e-01 | grad=8.02e-01 | 0.9s
[    53] loss=-7.2075 | res=1.85e-01 | grad=7.96e-01 | 0.9s
[    54] loss=-7.1133 | res=1.87e-01 | grad=7.71e-01 | 0.8s
[    55] loss=-6.8977 | res=1.96e-01 | grad=9.72e-01 | 0.8s
[    56] loss=-6.7233 | res=2.14e-01 | grad=6.98e-01 | 0.8s
[    57] loss=-6.6683 | res=1.80e-01 | grad=8.61e-01 | 0.8s
[    58] loss=-7.0930 | res=1.76e-01 | grad=1.60e+00 | 0.8s
[    59] loss=-6.7477 | res=1.76e-01 | grad=1.18e+00 | 0.8s
[    60] loss=-6.8520 | res=1.83e-01 | grad=9.99e-01 | 0.8s
[    61] loss=-7.1257 | res=1.94e-01 | grad=9.43e-01 | 0.8s
[    62] loss=-6.9099 | res=1.83e-01 | grad=1.28e+00 | 0.8s
[    63] loss=-7.1828 | res=1.83e-01 | grad=1.34e+00 | 0.8s
[    64] loss=-6.7777 | res=1.86e-01 | grad=8.52e-01 | 0.8s
[    65] loss=-6.9800 | res=1.66e-01 | grad=9.95e-01 | 0.8s
[    66] loss=-6.8821 | res=1.76e-01 | grad=9.23e-01 | 0.8s
[    67] loss=-7.3153 | res=1.61e-01 | grad=1.23e+00 | 0.8s
[    68] loss=-7.2836 | res=1.76e-01 | grad=8.95e-01 | 0.8s
[    69] loss=-6.7085 | res=1.86e-01 | grad=6.98e-01 | 0.9s
[    70] loss=-7.1351 | res=1.74e-01 | grad=1.06e+00 | 0.8s
[    71] loss=-6.7784 | res=1.64e-01 | grad=1.03e+00 | 0.8s
[    72] loss=-6.9940 | res=1.62e-01 | grad=5.63e-01 | 0.8s
[    73] loss=-6.6071 | res=1.66e-01 | grad=4.84e-01 | 0.8s
[    74] loss=-7.1796 | res=1.67e-01 | grad=1.05e+00 | 0.8s
[    75] loss=-6.8871 | res=1.55e-01 | grad=6.00e-01 | 0.8s
[    76] loss=-6.7110 | res=1.46e-01 | grad=7.46e-01 | 0.9s
[    77] loss=-7.3045 | res=1.60e-01 | grad=7.28e-01 | 0.8s
[    78] loss=-6.7208 | res=1.45e-01 | grad=3.74e-01 | 0.8s
[    79] loss=-7.1335 | res=1.53e-01 | grad=7.88e-01 | 0.8s
[    80] loss=-6.8939 | res=1.52e-01 | grad=5.32e-01 | 0.8s
[    81] loss=-7.1494 | res=1.67e-01 | grad=9.11e-01 | 0.8s
[    82] loss=-6.6360 | res=1.51e-01 | grad=8.39e-01 | 0.8s
[    83] loss=-6.8674 | res=1.64e-01 | grad=3.84e-01 | 0.8s
[    84] loss=-6.7873 | res=1.34e-01 | grad=6.13e-01 | 0.8s
[    85] loss=-6.6894 | res=1.52e-01 | grad=8.42e-01 | 0.8s
[    86] loss=-6.9961 | res=1.64e-01 | grad=6.09e-01 | 0.8s
[    87] loss=-6.9200 | res=1.69e-01 | grad=6.62e-01 | 0.8s
[    88] loss=-6.8030 | res=1.62e-01 | grad=6.22e-01 | 0.8s
[    89] loss=-7.1155 | res=1.59e-01 | grad=6.97e-01 | 0.8s
[    90] loss=-7.2251 | res=1.37e-01 | grad=7.54e-01 | 0.8s
[    91] loss=-7.0166 | res=1.58e-01 | grad=7.86e-01 | 0.8s
[    92] loss=-6.9668 | res=1.58e-01 | grad=1.06e+00 | 0.8s
[    93] loss=-6.6169 | res=1.68e-01 | grad=9.15e-01 | 0.8s
[    94] loss=-6.7277 | res=1.75e-01 | grad=5.11e-01 | 0.8s
[    95] loss=-7.1699 | res=1.41e-01 | grad=7.51e-01 | 0.8s
[    96] loss=-7.0960 | res=1.67e-01 | grad=3.73e-01 | 0.8s
[    97] loss=-6.8159 | res=1.59e-01 | grad=5.90e-01 | 0.8s
[    98] loss=-6.9040 | res=1.54e-01 | grad=1.22e+00 | 0.8s
[    99] loss=-7.0343 | res=1.52e-01 | grad=7.57e-01 | 0.8s
[   100] loss=-7.1013 | res=1.29e-01 | grad=1.27e+00 | 0.8s
[   101] loss=-6.7476 | res=1.65e-01 | grad=7.20e-01 | 0.8s
[   102] loss=-7.0153 | res=1.51e-01 | grad=2.58e-01 | 0.8s
[   103] loss=-6.8031 | res=1.74e-01 | grad=5.52e-01 | 0.8s
[   104] loss=-6.8178 | res=1.65e-01 | grad=8.41e-01 | 0.8s
[   105] loss=-6.6028 | res=1.65e-01 | grad=8.58e-01 | 0.8s
[   106] loss=-6.6929 | res=1.53e-01 | grad=1.21e+00 | 0.8s
[   107] loss=-6.9840 | res=1.67e-01 | grad=9.23e-01 | 0.8s
[   108] loss=-7.1445 | res=1.58e-01 | grad=9.66e-01 | 0.8s
[   109] loss=-6.8681 | res=1.54e-01 | grad=6.93e-01 | 0.8s
[   110] loss=-7.3959 | res=1.61e-01 | grad=7.02e-01 | 0.8s
[   111] loss=-6.7171 | res=1.68e-01 | grad=5.77e-01 | 0.8s
[   112] loss=-7.0200 | res=1.61e-01 | grad=9.19e-01 | 0.8s
[   113] loss=-7.1480 | res=1.69e-01 | grad=6.06e-01 | 0.8s
[   114] loss=-6.6622 | res=1.65e-01 | grad=9.21e-01 | 0.8s
[   115] loss=-6.6252 | res=1.85e-01 | grad=1.01e+00 | 0.8s
[   116] loss=-6.5056 | res=1.70e-01 | grad=6.85e-01 | 0.8s
[   117] loss=-6.9524 | res=1.52e-01 | grad=5.08e-01 | 0.8s
[   118] loss=-6.8558 | res=1.72e-01 | grad=7.22e-01 | 0.8s
[   119] loss=-6.8726 | res=1.66e-01 | grad=6.39e-01 | 0.9s
[   120] loss=-6.8799 | res=1.70e-01 | grad=8.63e-01 | 0.9s
[   121] loss=-6.8984 | res=1.56e-01 | grad=7.35e-01 | 0.9s
[   122] loss=-6.8201 | res=1.55e-01 | grad=7.89e-01 | 0.9s
[   123] loss=-6.6527 | res=1.59e-01 | grad=5.11e-01 | 0.9s
[   124] loss=-6.8170 | res=1.66e-01 | grad=8.09e-01 | 0.9s
[   125] loss=-7.1086 | res=1.84e-01 | grad=5.58e-01 | 0.9s
[   126] loss=-6.6276 | res=1.71e-01 | grad=1.19e+00 | 0.9s
[   127] loss=-6.6889 | res=1.67e-01 | grad=7.54e-01 | 0.9s
[   128] loss=-6.7942 | res=1.72e-01 | grad=6.12e-01 | 0.9s
[   129] loss=-6.9050 | res=1.74e-01 | grad=7.47e-01 | 0.9s
[   130] loss=-7.0713 | res=1.62e-01 | grad=7.10e-01 | 0.9s
[   131] loss=-6.7420 | res=1.69e-01 | grad=6.79e-01 | 0.9s
[   132] loss=-6.7491 | res=1.60e-01 | grad=6.20e-01 | 0.9s
[   133] loss=-6.7693 | res=1.70e-01 | grad=4.90e-01 | 0.9s
[   134] loss=-6.7001 | res=1.46e-01 | grad=7.07e-01 | 0.9s
[   135] loss=-6.9085 | res=1.55e-01 | grad=6.86e-01 | 0.9s
[   136] loss=-7.1182 | res=1.86e-01 | grad=4.42e-01 | 0.9s
[   137] loss=-6.7648 | res=1.72e-01 | grad=7.10e-01 | 0.9s
[   138] loss=-7.1792 | res=1.51e-01 | grad=6.55e-01 | 0.9s
[   139] loss=-6.9778 | res=1.82e-01 | grad=5.05e-01 | 0.9s
[   140] loss=-6.9754 | res=1.68e-01 | grad=6.53e-01 | 0.9s
[   141] loss=-6.9726 | res=1.61e-01 | grad=5.58e-01 | 0.9s
[   142] loss=-7.0854 | res=1.77e-01 | grad=5.95e-01 | 0.9s
[   143] loss=-7.2438 | res=1.89e-01 | grad=5.28e-01 | 0.9s
[   144] loss=-7.1950 | res=1.99e-01 | grad=7.84e-01 | 0.9s
[   145] loss=-7.1190 | res=1.76e-01 | grad=9.02e-01 | 0.9s
[   146] loss=-6.9385 | res=1.74e-01 | grad=8.70e-01 | 0.9s
[   147] loss=-6.8340 | res=1.75e-01 | grad=4.54e-01 | 0.9s
[   148] loss=-6.8662 | res=1.67e-01 | grad=4.87e-01 | 0.9s
[   149] loss=-7.0780 | res=1.82e-01 | grad=4.07e-01 | 0.9s
[   150] loss=-6.7462 | res=1.77e-01 | grad=4.22e-01 | 0.9s
[   151] loss=-6.9995 | res=1.72e-01 | grad=6.68e-01 | 0.9s
[   152] loss=-6.9472 | res=1.95e-01 | grad=9.26e-01 | 0.9s
[   153] loss=-6.7836 | res=1.76e-01 | grad=6.81e-01 | 0.9s
[   154] loss=-6.7951 | res=1.73e-01 | grad=6.57e-01 | 0.9s
[   155] loss=-6.7179 | res=1.87e-01 | grad=7.26e-01 | 0.9s
[   156] loss=-6.7265 | res=1.87e-01 | grad=8.26e-01 | 0.9s
[   157] loss=-6.6092 | res=1.73e-01 | grad=4.62e-01 | 0.9s
[   158] loss=-6.4036 | res=1.82e-01 | grad=7.47e-01 | 0.9s
[   159] loss=-6.6969 | res=1.63e-01 | grad=1.29e+00 | 0.9s
[   160] loss=-6.6703 | res=1.68e-01 | grad=8.79e-01 | 0.9s
[   161] loss=-6.8775 | res=1.69e-01 | grad=8.65e-01 | 0.8s
[   162] loss=-7.1602 | res=1.74e-01 | grad=1.09e+00 | 0.8s
[   163] loss=-7.0544 | res=1.76e-01 | grad=7.83e-01 | 0.8s
[   164] loss=-6.9041 | res=1.84e-01 | grad=7.01e-01 | 0.8s
[   165] loss=-7.0911 | res=1.79e-01 | grad=8.19e-01 | 0.8s
[   166] loss=-6.7358 | res=1.64e-01 | grad=9.10e-01 | 0.8s
[   167] loss=-7.1023 | res=1.74e-01 | grad=8.66e-01 | 0.8s
[   168] loss=-6.7993 | res=1.61e-01 | grad=7.09e-01 | 0.8s
[   169] loss=-7.0321 | res=1.68e-01 | grad=7.81e-01 | 0.8s
[   170] loss=-6.8887 | res=1.67e-01 | grad=1.10e+00 | 0.8s
[   171] loss=-6.8262 | res=1.86e-01 | grad=9.38e-01 | 0.8s
[   172] loss=-7.1385 | res=1.72e-01 | grad=9.03e-01 | 0.8s
[   173] loss=-7.0235 | res=1.69e-01 | grad=4.95e-01 | 0.8s
[   174] loss=-6.9186 | res=1.82e-01 | grad=6.85e-01 | 0.8s
[   175] loss=-6.9980 | res=1.78e-01 | grad=3.82e-01 | 0.8s
[   176] loss=-6.8762 | res=1.82e-01 | grad=6.00e-01 | 0.8s
[   177] loss=-6.6982 | res=1.60e-01 | grad=9.13e-01 | 0.8s
[   178] loss=-6.5051 | res=1.90e-01 | grad=9.97e-01 | 0.8s
[   179] loss=-6.7746 | res=1.80e-01 | grad=5.58e-01 | 0.8s
[   180] loss=-7.3100 | res=1.79e-01 | grad=9.13e-01 | 0.8s
[   181] loss=-6.9543 | res=1.84e-01 | grad=5.27e-01 | 0.8s
[   182] loss=-6.9524 | res=1.73e-01 | grad=8.03e-01 | 0.8s
[   183] loss=-6.8885 | res=2.03e-01 | grad=6.91e-01 | 0.8s
[   184] loss=-6.5907 | res=1.69e-01 | grad=8.49e-01 | 0.8s
[   185] loss=-7.1540 | res=1.79e-01 | grad=6.57e-01 | 0.8s
[   186] loss=-7.3688 | res=1.76e-01 | grad=9.51e-01 | 0.8s
[   187] loss=-7.0684 | res=1.88e-01 | grad=5.49e-01 | 0.8s
[   188] loss=-6.9850 | res=1.92e-01 | grad=5.21e-01 | 0.8s
[   189] loss=-6.9450 | res=1.72e-01 | grad=5.22e-01 | 0.8s
[   190] loss=-7.0298 | res=1.85e-01 | grad=5.27e-01 | 0.8s
[   191] loss=-6.7829 | res=2.00e-01 | grad=6.27e-01 | 0.8s
[   192] loss=-6.7458 | res=1.84e-01 | grad=7.95e-01 | 0.8s
[   193] loss=-6.9867 | res=1.81e-01 | grad=5.62e-01 | 0.8s
[   194] loss=-6.6962 | res=1.97e-01 | grad=6.53e-01 | 0.8s
[   195] loss=-7.0869 | res=1.78e-01 | grad=4.39e-01 | 0.8s
[   196] loss=-6.7805 | res=1.92e-01 | grad=7.92e-01 | 0.8s
[   197] loss=-7.0318 | res=1.89e-01 | grad=1.03e+00 | 0.8s
[   198] loss=-7.4087 | res=1.78e-01 | grad=7.32e-01 | 0.8s
[   199] loss=-7.0925 | res=1.79e-01 | grad=5.52e-01 | 0.8s
[   200] loss=-6.9269 | res=1.93e-01 | grad=6.05e-01 | 0.8s
[   201] loss=-6.8854 | res=1.82e-01 | grad=4.91e-01 | 0.8s
[   202] loss=-6.7930 | res=1.73e-01 | grad=7.90e-01 | 0.8s
[   203] loss=-6.7799 | res=1.82e-01 | grad=6.64e-01 | 0.8s
[   204] loss=-6.9575 | res=1.64e-01 | grad=7.62e-01 | 0.8s
[   205] loss=-6.8750 | res=1.87e-01 | grad=7.22e-01 | 0.8s
[   206] loss=-6.9802 | res=1.85e-01 | grad=7.52e-01 | 0.8s
[   207] loss=-7.2381 | res=1.91e-01 | grad=4.10e-01 | 0.8s
[   208] loss=-6.6415 | res=1.82e-01 | grad=8.15e-01 | 0.8s
[   209] loss=-6.4281 | res=1.73e-01 | grad=7.11e-01 | 0.8s
[   210] loss=-6.7590 | res=1.74e-01 | grad=8.26e-01 | 0.8s
[   211] loss=-7.0974 | res=1.73e-01 | grad=3.85e-01 | 0.8s
[   212] loss=-7.0022 | res=1.87e-01 | grad=6.84e-01 | 0.8s
[   213] loss=-7.5533 | res=1.77e-01 | grad=1.14e+00 | 0.8s
[   214] loss=-6.8590 | res=1.90e-01 | grad=5.54e-01 | 0.8s
[   215] loss=-6.8063 | res=1.71e-01 | grad=8.58e-01 | 0.8s
[   216] loss=-7.0223 | res=1.72e-01 | grad=7.56e-01 | 0.8s
[   217] loss=-6.6962 | res=1.75e-01 | grad=1.07e+00 | 0.8s
[   218] loss=-6.6260 | res=1.88e-01 | grad=8.06e-01 | 0.8s
[   219] loss=-6.9132 | res=1.90e-01 | grad=5.29e-01 | 0.8s
[   220] loss=-7.1614 | res=1.90e-01 | grad=8.58e-01 | 0.8s
[   221] loss=-7.2476 | res=1.71e-01 | grad=6.84e-01 | 0.8s
[   222] loss=-6.8371 | res=1.90e-01 | grad=4.44e-01 | 0.8s
[   223] loss=-6.8608 | res=1.97e-01 | grad=5.43e-01 | 0.8s
[   224] loss=-6.8088 | res=1.95e-01 | grad=6.88e-01 | 0.8s
[   225] loss=-6.7148 | res=1.97e-01 | grad=6.22e-01 | 0.8s
[   226] loss=-6.7753 | res=1.91e-01 | grad=7.44e-01 | 0.8s
[   227] loss=-6.9530 | res=1.72e-01 | grad=6.77e-01 | 0.8s
[   228] loss=-6.6994 | res=1.71e-01 | grad=4.42e-01 | 0.8s
[   229] loss=-7.0255 | res=1.76e-01 | grad=9.44e-01 | 0.8s
[   230] loss=-6.8285 | res=1.87e-01 | grad=1.03e+00 | 0.8s
[   231] loss=-6.7452 | res=1.88e-01 | grad=5.34e-01 | 0.8s
[   232] loss=-6.8560 | res=1.76e-01 | grad=8.80e-01 | 0.8s
[   233] loss=-6.6561 | res=1.87e-01 | grad=9.72e-01 | 0.8s
[   234] loss=-6.6874 | res=1.88e-01 | grad=7.98e-01 | 0.8s
[   235] loss=-7.2965 | res=1.84e-01 | grad=9.58e-01 | 0.8s
[   236] loss=-7.0571 | res=1.83e-01 | grad=8.48e-01 | 0.8s
[   237] loss=-6.9138 | res=1.80e-01 | grad=4.36e-01 | 0.8s
[   238] loss=-7.0771 | res=1.87e-01 | grad=9.87e-01 | 0.8s
[   239] loss=-6.9076 | res=1.72e-01 | grad=8.20e-01 | 0.8s
[   240] loss=-7.2076 | res=1.79e-01 | grad=4.63e-01 | 0.8s
[   241] loss=-6.8115 | res=1.99e-01 | grad=8.47e-01 | 0.8s
[   242] loss=-7.0679 | res=1.88e-01 | grad=6.31e-01 | 0.8s
[   243] loss=-6.6597 | res=1.86e-01 | grad=6.06e-01 | 0.8s
[   244] loss=-7.0280 | res=1.82e-01 | grad=5.64e-01 | 0.8s
[   245] loss=-7.1867 | res=1.99e-01 | grad=7.69e-01 | 0.8s
[   246] loss=-7.1453 | res=2.00e-01 | grad=8.33e-01 | 0.8s
[   247] loss=-7.1305 | res=1.94e-01 | grad=7.53e-01 | 0.8s
[   248] loss=-7.1654 | res=1.79e-01 | grad=5.35e-01 | 0.8s
[   249] loss=-6.7805 | res=1.72e-01 | grad=6.50e-01 | 0.8s
[   250] loss=-6.7742 | res=1.89e-01 | grad=5.79e-01 | 0.8s
[   251] loss=-7.3290 | res=1.72e-01 | grad=8.45e-01 | 0.8s
[   252] loss=-7.1448 | res=1.90e-01 | grad=6.37e-01 | 0.8s
[   253] loss=-6.9146 | res=1.79e-01 | grad=9.59e-01 | 0.8s
[   254] loss=-7.1101 | res=1.82e-01 | grad=4.34e-01 | 0.8s
[   255] loss=-7.1874 | res=1.69e-01 | grad=4.47e-01 | 0.8s
[   256] loss=-6.9018 | res=1.78e-01 | grad=5.75e-01 | 0.8s
[   257] loss=-7.0711 | res=1.78e-01 | grad=5.16e-01 | 0.8s
[   258] loss=-7.2563 | res=1.84e-01 | grad=4.69e-01 | 0.8s
[   259] loss=-6.7734 | res=1.86e-01 | grad=4.95e-01 | 0.8s
[   260] loss=-7.3289 | res=1.74e-01 | grad=1.07e+00 | 0.8s
[   261] loss=-7.1442 | res=2.05e-01 | grad=7.71e-01 | 0.8s
[   262] loss=-6.7516 | res=1.98e-01 | grad=6.83e-01 | 0.8s
[   263] loss=-7.1093 | res=1.70e-01 | grad=5.93e-01 | 0.8s
[   264] loss=-6.7580 | res=1.92e-01 | grad=7.07e-01 | 0.8s
[   265] loss=-7.0383 | res=1.81e-01 | grad=8.24e-01 | 0.8s
[   266] loss=-6.7936 | res=1.90e-01 | grad=6.74e-01 | 0.8s
[   267] loss=-6.8362 | res=1.95e-01 | grad=9.90e-01 | 0.8s
[   268] loss=-7.1112 | res=1.85e-01 | grad=7.34e-01 | 0.8s
[   269] loss=-6.9452 | res=1.75e-01 | grad=5.70e-01 | 0.8s
[   270] loss=-6.5629 | res=1.96e-01 | grad=8.91e-01 | 0.8s
[   271] loss=-6.9545 | res=2.00e-01 | grad=6.28e-01 | 0.8s
[   272] loss=-7.2376 | res=1.82e-01 | grad=7.02e-01 | 0.8s
[   273] loss=-6.9024 | res=1.79e-01 | grad=6.64e-01 | 0.8s
[   274] loss=-6.9224 | res=1.92e-01 | grad=7.41e-01 | 0.8s
[   275] loss=-6.9713 | res=1.92e-01 | grad=7.68e-01 | 0.8s
[   276] loss=-6.9995 | res=1.81e-01 | grad=7.80e-01 | 0.8s
[   277] loss=-6.3408 | res=1.89e-01 | grad=5.68e-01 | 0.8s
[   278] loss=-6.6870 | res=1.93e-01 | grad=5.18e-01 | 0.8s
[   279] loss=-6.8431 | res=1.85e-01 | grad=9.71e-01 | 0.8s
[   280] loss=-7.0747 | res=2.05e-01 | grad=5.68e-01 | 0.8s
[   281] loss=-7.0625 | res=1.88e-01 | grad=6.24e-01 | 0.8s
[   282] loss=-6.7559 | res=1.79e-01 | grad=6.77e-01 | 0.8s
[   283] loss=-6.6563 | res=1.89e-01 | grad=9.23e-01 | 0.8s
[   284] loss=-6.8677 | res=2.05e-01 | grad=6.05e-01 | 0.8s
[   285] loss=-6.9995 | res=2.03e-01 | grad=6.14e-01 | 0.8s
[   286] loss=-7.0686 | res=2.03e-01 | grad=6.30e-01 | 0.8s
[   287] loss=-6.9478 | res=1.90e-01 | grad=9.08e-01 | 0.8s
[   288] loss=-6.6760 | res=1.72e-01 | grad=6.64e-01 | 0.8s
[   289] loss=-7.2900 | res=1.82e-01 | grad=8.02e-01 | 0.8s
[   290] loss=-7.1366 | res=1.92e-01 | grad=6.45e-01 | 0.8s
[   291] loss=-6.8177 | res=1.88e-01 | grad=5.90e-01 | 0.8s
[   292] loss=-7.0567 | res=1.75e-01 | grad=5.57e-01 | 0.8s
[   293] loss=-6.4751 | res=1.79e-01 | grad=1.04e+00 | 0.8s
[   294] loss=-6.8513 | res=1.84e-01 | grad=1.24e+00 | 0.8s
[   295] loss=-6.8414 | res=1.73e-01 | grad=4.73e-01 | 0.8s
[   296] loss=-7.3817 | res=1.87e-01 | grad=4.86e-01 | 0.8s
[   297] loss=-6.8369 | res=1.85e-01 | grad=6.00e-01 | 0.8s
[   298] loss=-6.9747 | res=1.82e-01 | grad=7.07e-01 | 0.8s
[   299] loss=-6.8843 | res=2.00e-01 | grad=9.56e-01 | 0.8s
[   300] loss=-6.9235 | res=1.74e-01 | grad=6.94e-01 | 0.8s
[   301] loss=-7.0527 | res=1.98e-01 | grad=5.80e-01 | 0.8s
[   302] loss=-6.8379 | res=2.00e-01 | grad=5.16e-01 | 0.8s
[   303] loss=-6.8683 | res=1.97e-01 | grad=5.45e-01 | 0.8s
[   304] loss=-6.8828 | res=1.79e-01 | grad=5.15e-01 | 0.8s
[   305] loss=-7.1473 | res=1.81e-01 | grad=4.90e-01 | 0.8s
[   306] loss=-6.6600 | res=2.04e-01 | grad=3.89e-01 | 0.8s
[   307] loss=-7.0119 | res=2.04e-01 | grad=6.54e-01 | 0.8s
[   308] loss=-7.3393 | res=1.85e-01 | grad=9.91e-01 | 0.8s
[   309] loss=-7.0691 | res=1.89e-01 | grad=5.85e-01 | 0.8s
[   310] loss=-6.7674 | res=1.95e-01 | grad=5.48e-01 | 0.8s
[   311] loss=-7.1944 | res=1.79e-01 | grad=9.02e-01 | 0.8s
[   312] loss=-6.9242 | res=1.84e-01 | grad=3.73e-01 | 0.8s
[   313] loss=-6.8811 | res=1.74e-01 | grad=5.64e-01 | 0.8s
[   314] loss=-6.9883 | res=1.87e-01 | grad=1.03e+00 | 0.8s
[   315] loss=-6.9279 | res=2.01e-01 | grad=9.35e-01 | 0.8s
[   316] loss=-7.1514 | res=1.80e-01 | grad=5.50e-01 | 0.8s
[   317] loss=-7.0773 | res=2.00e-01 | grad=4.68e-01 | 0.8s
[   318] loss=-6.8830 | res=1.89e-01 | grad=7.97e-01 | 0.8s
[   319] loss=-6.8514 | res=1.92e-01 | grad=6.45e-01 | 0.8s
[   320] loss=-7.0301 | res=2.04e-01 | grad=5.26e-01 | 0.8s
[   321] loss=-6.6189 | res=2.11e-01 | grad=8.85e-01 | 0.8s
[   322] loss=-7.0176 | res=1.91e-01 | grad=6.82e-01 | 0.8s
[   323] loss=-7.0123 | res=1.92e-01 | grad=5.26e-01 | 0.8s
[   324] loss=-6.8384 | res=1.98e-01 | grad=6.68e-01 | 0.8s
[   325] loss=-7.0698 | res=2.00e-01 | grad=4.59e-01 | 0.8s
[   326] loss=-7.2493 | res=1.85e-01 | grad=4.92e-01 | 0.8s
[   327] loss=-6.9791 | res=2.01e-01 | grad=6.98e-01 | 0.8s
[   328] loss=-7.1249 | res=1.94e-01 | grad=5.76e-01 | 0.8s
[   329] loss=-6.8492 | res=2.02e-01 | grad=5.84e-01 | 0.8s
[   330] loss=-6.8552 | res=1.95e-01 | grad=8.04e-01 | 0.8s
[   331] loss=-6.7207 | res=1.93e-01 | grad=6.31e-01 | 0.8s
[   332] loss=-6.9586 | res=1.87e-01 | grad=5.79e-01 | 0.8s
[   333] loss=-6.6746 | res=1.76e-01 | grad=4.43e-01 | 0.8s
[   334] loss=-6.8717 | res=2.02e-01 | grad=6.20e-01 | 0.8s
[   335] loss=-6.8410 | res=2.01e-01 | grad=7.37e-01 | 0.8s
[   336] loss=-7.2480 | res=1.90e-01 | grad=8.17e-01 | 0.9s
[   337] loss=-7.0475 | res=1.79e-01 | grad=8.87e-01 | 0.9s
[   338] loss=-7.0658 | res=1.99e-01 | grad=3.91e-01 | 0.9s
[   339] loss=-6.6209 | res=2.05e-01 | grad=4.32e-01 | 0.8s
[   340] loss=-6.8526 | res=2.00e-01 | grad=8.99e-01 | 0.8s
[   341] loss=-6.7838 | res=1.82e-01 | grad=7.38e-01 | 0.9s
[   342] loss=-6.8223 | res=2.03e-01 | grad=8.50e-01 | 0.8s
[   343] loss=-7.1235 | res=1.91e-01 | grad=7.87e-01 | 0.8s
[   344] loss=-6.8029 | res=1.72e-01 | grad=7.34e-01 | 0.8s
[   345] loss=-7.0064 | res=1.78e-01 | grad=3.17e-01 | 0.8s
[   346] loss=-6.8291 | res=1.80e-01 | grad=3.68e-01 | 0.8s
[   347] loss=-6.9258 | res=1.97e-01 | grad=5.98e-01 | 0.8s
[   348] loss=-7.1834 | res=1.80e-01 | grad=4.69e-01 | 0.8s
[   349] loss=-7.1097 | res=1.93e-01 | grad=1.04e+00 | 0.8s
[   350] loss=-7.0993 | res=1.86e-01 | grad=4.79e-01 | 0.8s
[   351] loss=-6.7615 | res=1.87e-01 | grad=6.24e-01 | 0.8s
[   352] loss=-6.8181 | res=2.11e-01 | grad=6.74e-01 | 0.8s
[   353] loss=-6.8530 | res=2.02e-01 | grad=5.49e-01 | 0.9s
[   354] loss=-6.7903 | res=2.04e-01 | grad=9.03e-01 | 0.8s
[   355] loss=-7.0718 | res=1.80e-01 | grad=5.58e-01 | 0.8s
[   356] loss=-7.0115 | res=1.90e-01 | grad=1.04e+00 | 0.8s
[   357] loss=-6.9696 | res=1.85e-01 | grad=8.78e-01 | 0.8s
[   358] loss=-6.7433 | res=2.00e-01 | grad=9.99e-01 | 0.8s
[   359] loss=-6.8596 | res=1.82e-01 | grad=6.08e-01 | 0.8s
[   360] loss=-6.6677 | res=1.84e-01 | grad=8.01e-01 | 0.8s
[   361] loss=-6.8056 | res=1.84e-01 | grad=6.77e-01 | 0.9s
[   362] loss=-6.8651 | res=1.79e-01 | grad=6.40e-01 | 0.8s
[   363] loss=-7.2247 | res=1.76e-01 | grad=6.24e-01 | 0.9s
[   364] loss=-6.6636 | res=1.95e-01 | grad=4.35e-01 | 0.8s
[   365] loss=-7.1835 | res=1.85e-01 | grad=6.31e-01 | 0.9s
[   366] loss=-6.9066 | res=2.02e-01 | grad=6.90e-01 | 0.8s
[   367] loss=-6.9895 | res=1.93e-01 | grad=5.66e-01 | 0.8s
[   368] loss=-7.0179 | res=2.02e-01 | grad=5.79e-01 | 0.9s
[   369] loss=-6.9293 | res=2.07e-01 | grad=4.54e-01 | 0.8s
[   370] loss=-7.0794 | res=2.08e-01 | grad=5.07e-01 | 0.8s
[   371] loss=-6.7592 | res=1.87e-01 | grad=1.32e+00 | 0.9s
[   372] loss=-6.7272 | res=2.00e-01 | grad=1.15e+00 | 0.8s
[   373] loss=-7.1991 | res=1.94e-01 | grad=5.00e-01 | 0.9s
[   374] loss=-6.8751 | res=1.80e-01 | grad=7.80e-01 | 0.9s
[   375] loss=-6.9440 | res=1.84e-01 | grad=6.70e-01 | 0.8s
[   376] loss=-7.2982 | res=1.93e-01 | grad=8.03e-01 | 0.8s
[   377] loss=-6.5790 | res=1.93e-01 | grad=9.41e-01 | 0.8s
[   378] loss=-6.6683 | res=1.95e-01 | grad=9.74e-01 | 0.8s
[   379] loss=-6.8513 | res=1.98e-01 | grad=8.10e-01 | 0.9s
[   380] loss=-7.1675 | res=1.97e-01 | grad=1.02e+00 | 0.8s
[   381] loss=-6.9298 | res=1.86e-01 | grad=5.69e-01 | 0.8s
[   382] loss=-7.0393 | res=1.86e-01 | grad=3.77e-01 | 0.9s
[   383] loss=-6.8034 | res=1.91e-01 | grad=1.03e+00 | 0.9s
[   384] loss=-6.6844 | res=1.93e-01 | grad=9.67e-01 | 0.8s
[   385] loss=-6.9247 | res=1.91e-01 | grad=8.22e-01 | 0.8s
[   386] loss=-6.8000 | res=2.07e-01 | grad=9.08e-01 | 0.9s
[   387] loss=-6.8614 | res=1.89e-01 | grad=8.92e-01 | 0.8s
[   388] loss=-7.0974 | res=1.91e-01 | grad=7.10e-01 | 0.8s
[   389] loss=-6.8656 | res=1.89e-01 | grad=8.27e-01 | 0.8s
[   390] loss=-7.0736 | res=1.83e-01 | grad=6.21e-01 | 0.8s
[   391] loss=-7.2725 | res=1.92e-01 | grad=1.24e+00 | 0.8s
[   392] loss=-7.0810 | res=1.87e-01 | grad=7.98e-01 | 0.8s
[   393] loss=-6.7259 | res=1.92e-01 | grad=2.85e-01 | 0.8s
[   394] loss=-6.9043 | res=1.94e-01 | grad=3.99e-01 | 0.8s
[   395] loss=-6.9977 | res=1.77e-01 | grad=3.91e-01 | 0.9s
[   396] loss=-6.9593 | res=1.70e-01 | grad=6.31e-01 | 0.8s
[   397] loss=-7.0759 | res=1.88e-01 | grad=4.00e-01 | 0.8s
[   398] loss=-6.9055 | res=1.86e-01 | grad=5.92e-01 | 0.8s
[   399] loss=-6.9351 | res=1.93e-01 | grad=7.22e-01 | 0.8s
[   400] loss=-7.1147 | res=2.13e-01 | grad=7.57e-01 | 0.8s
[   401] loss=-6.7852 | res=2.02e-01 | grad=5.54e-01 | 0.9s
[   402] loss=-6.9139 | res=1.92e-01 | grad=6.25e-01 | 0.8s
[   403] loss=-7.2715 | res=1.93e-01 | grad=7.38e-01 | 0.9s
[   404] loss=-6.9007 | res=1.83e-01 | grad=7.83e-01 | 0.8s
[   405] loss=-7.0291 | res=1.96e-01 | grad=7.66e-01 | 0.8s
[   406] loss=-6.8993 | res=1.85e-01 | grad=7.55e-01 | 0.8s
[   407] loss=-7.2362 | res=2.10e-01 | grad=4.07e-01 | 0.9s
[   408] loss=-7.2052 | res=1.99e-01 | grad=1.07e+00 | 0.8s
[   409] loss=-6.7591 | res=1.94e-01 | grad=8.82e-01 | 0.8s
[   410] loss=-6.8237 | res=1.96e-01 | grad=5.57e-01 | 0.8s
[   411] loss=-6.5658 | res=2.05e-01 | grad=5.93e-01 | 0.8s
[   412] loss=-6.9448 | res=1.84e-01 | grad=6.50e-01 | 0.8s
[   413] loss=-6.7917 | res=1.85e-01 | grad=6.54e-01 | 0.8s
[   414] loss=-7.0164 | res=1.94e-01 | grad=1.26e+00 | 0.8s
[   415] loss=-6.9170 | res=2.06e-01 | grad=6.81e-01 | 0.8s
[   416] loss=-6.9710 | res=2.05e-01 | grad=7.16e-01 | 0.8s
[   417] loss=-6.7890 | res=1.94e-01 | grad=7.09e-01 | 0.8s
[   418] loss=-6.9295 | res=1.92e-01 | grad=8.23e-01 | 0.8s
[   419] loss=-6.8049 | res=2.04e-01 | grad=7.50e-01 | 0.8s
[   420] loss=-7.2534 | res=1.97e-01 | grad=1.06e+00 | 0.9s
[   421] loss=-6.6338 | res=1.96e-01 | grad=9.31e-01 | 0.8s
[   422] loss=-6.6499 | res=2.01e-01 | grad=4.66e-01 | 0.8s
[   423] loss=-6.8085 | res=1.97e-01 | grad=1.06e+00 | 0.8s
[   424] loss=-6.8239 | res=2.01e-01 | grad=1.20e+00 | 0.8s
[   425] loss=-6.8034 | res=1.89e-01 | grad=7.92e-01 | 0.8s
[   426] loss=-7.3123 | res=1.93e-01 | grad=9.27e-01 | 0.8s
[   427] loss=-6.9415 | res=1.91e-01 | grad=5.59e-01 | 0.8s
[   428] loss=-6.8809 | res=2.07e-01 | grad=9.20e-01 | 0.8s
[   429] loss=-7.1568 | res=2.05e-01 | grad=4.91e-01 | 0.8s
[   430] loss=-6.8228 | res=2.09e-01 | grad=6.07e-01 | 0.8s
[   431] loss=-7.0433 | res=1.99e-01 | grad=9.55e-01 | 0.8s
[   432] loss=-6.7579 | res=2.20e-01 | grad=6.98e-01 | 0.8s
[   433] loss=-7.0980 | res=1.84e-01 | grad=3.86e-01 | 0.8s
[   434] loss=-7.1059 | res=1.94e-01 | grad=6.70e-01 | 0.8s
[   435] loss=-7.0490 | res=1.96e-01 | grad=5.46e-01 | 0.8s
[   436] loss=-6.7927 | res=2.02e-01 | grad=5.01e-01 | 0.8s
[   437] loss=-6.6860 | res=2.09e-01 | grad=5.22e-01 | 0.8s
[   438] loss=-6.7265 | res=1.97e-01 | grad=5.76e-01 | 0.8s
[   439] loss=-7.2711 | res=2.04e-01 | grad=3.39e-01 | 0.8s
[   440] loss=-6.8348 | res=2.09e-01 | grad=8.29e-01 | 0.9s
[   441] loss=-7.0757 | res=1.94e-01 | grad=7.96e-01 | 0.8s
[   442] loss=-6.8159 | res=1.98e-01 | grad=5.21e-01 | 0.9s
[   443] loss=-6.8318 | res=1.98e-01 | grad=3.44e-01 | 0.9s
[   444] loss=-6.8409 | res=1.91e-01 | grad=3.92e-01 | 0.9s
[   445] loss=-6.9814 | res=1.86e-01 | grad=4.92e-01 | 0.8s
[   446] loss=-7.0803 | res=2.01e-01 | grad=8.78e-01 | 0.9s
[   447] loss=-6.7172 | res=1.88e-01 | grad=7.02e-01 | 0.9s
[   448] loss=-7.1132 | res=1.96e-01 | grad=6.57e-01 | 0.8s
[   449] loss=-7.2381 | res=1.93e-01 | grad=6.06e-01 | 0.8s
[   450] loss=-6.5144 | res=1.99e-01 | grad=4.81e-01 | 0.8s
[   451] loss=-6.8982 | res=1.95e-01 | grad=7.15e-01 | 0.9s
[   452] loss=-6.9790 | res=1.89e-01 | grad=7.54e-01 | 0.9s
[   453] loss=-7.0235 | res=1.92e-01 | grad=9.44e-01 | 0.9s
[   454] loss=-6.8864 | res=1.94e-01 | grad=7.39e-01 | 0.9s
[   455] loss=-6.8638 | res=1.99e-01 | grad=7.60e-01 | 0.9s
[   456] loss=-6.9432 | res=1.88e-01 | grad=6.33e-01 | 0.8s
[   457] loss=-7.0274 | res=1.97e-01 | grad=5.61e-01 | 0.8s
[   458] loss=-6.8466 | res=1.93e-01 | grad=8.24e-01 | 0.8s
[   459] loss=-6.8709 | res=2.03e-01 | grad=7.05e-01 | 0.8s
[   460] loss=-6.9554 | res=1.96e-01 | grad=8.00e-01 | 0.8s
[   461] loss=-6.8378 | res=2.01e-01 | grad=7.63e-01 | 0.8s
[   462] loss=-7.0658 | res=1.81e-01 | grad=9.09e-01 | 0.8s
[   463] loss=-6.7573 | res=1.75e-01 | grad=7.57e-01 | 0.8s
[   464] loss=-6.7786 | res=1.82e-01 | grad=9.55e-01 | 0.8s
[   465] loss=-7.1741 | res=1.99e-01 | grad=4.46e-01 | 0.8s
[   466] loss=-6.8139 | res=1.93e-01 | grad=5.95e-01 | 0.8s
[   467] loss=-6.7798 | res=2.00e-01 | grad=7.34e-01 | 0.8s
[   468] loss=-6.8217 | res=1.94e-01 | grad=6.76e-01 | 0.8s
[   469] loss=-6.8321 | res=2.10e-01 | grad=5.70e-01 | 0.9s
[   470] loss=-6.8182 | res=1.89e-01 | grad=4.47e-01 | 0.8s
[   471] loss=-6.7944 | res=1.86e-01 | grad=4.94e-01 | 0.8s
[   472] loss=-6.8610 | res=2.01e-01 | grad=8.91e-01 | 0.9s
[   473] loss=-6.9703 | res=2.12e-01 | grad=9.79e-01 | 0.9s
[   474] loss=-6.9917 | res=2.03e-01 | grad=5.24e-01 | 0.8s
[   475] loss=-6.9629 | res=1.74e-01 | grad=6.61e-01 | 0.8s
[   476] loss=-7.1607 | res=1.82e-01 | grad=5.26e-01 | 0.8s
[   477] loss=-6.3370 | res=2.00e-01 | grad=8.81e-01 | 0.8s
[   478] loss=-6.7387 | res=1.85e-01 | grad=8.40e-01 | 0.8s
[   479] loss=-7.0408 | res=1.90e-01 | grad=8.82e-01 | 0.8s
[   480] loss=-7.0068 | res=1.88e-01 | grad=6.10e-01 | 0.9s
[   481] loss=-7.0606 | res=1.89e-01 | grad=7.64e-01 | 0.9s
[   482] loss=-6.5475 | res=1.70e-01 | grad=6.55e-01 | 0.9s
[   483] loss=-7.1600 | res=1.88e-01 | grad=9.17e-01 | 0.9s
[   484] loss=-7.2898 | res=2.01e-01 | grad=6.44e-01 | 0.9s
[   485] loss=-6.6330 | res=2.00e-01 | grad=9.09e-01 | 0.9s
[   486] loss=-7.0455 | res=2.06e-01 | grad=6.30e-01 | 0.9s
[   487] loss=-7.0119 | res=1.86e-01 | grad=1.10e+00 | 0.9s
[   488] loss=-7.0874 | res=1.93e-01 | grad=7.62e-01 | 0.9s
[   489] loss=-7.2141 | res=1.86e-01 | grad=6.11e-01 | 0.9s
[   490] loss=-6.9776 | res=2.10e-01 | grad=5.97e-01 | 0.9s
[   491] loss=-7.0188 | res=2.07e-01 | grad=7.48e-01 | 0.9s
[   492] loss=-6.9152 | res=2.04e-01 | grad=5.09e-01 | 0.9s
[   493] loss=-6.7446 | res=2.12e-01 | grad=7.36e-01 | 0.9s
[   494] loss=-6.9424 | res=1.82e-01 | grad=4.06e-01 | 0.8s
[   495] loss=-6.9052 | res=1.89e-01 | grad=8.14e-01 | 0.8s
[   496] loss=-7.2549 | res=1.81e-01 | grad=3.24e-01 | 0.8s
[   497] loss=-6.9604 | res=2.04e-01 | grad=3.44e-01 | 0.8s
[   498] loss=-6.9485 | res=1.90e-01 | grad=4.75e-01 | 0.8s
[   499] loss=-6.8197 | res=1.82e-01 | grad=3.21e-01 | 0.9s
[   500] loss=-6.7951 | res=1.92e-01 | grad=6.59e-01 | 0.8s
[   501] loss=-6.7582 | res=1.72e-01 | grad=6.62e-01 | 0.8s
[   502] loss=-6.9050 | res=2.04e-01 | grad=5.09e-01 | 0.8s
[   503] loss=-6.8468 | res=2.00e-01 | grad=7.53e-01 | 0.9s
[   504] loss=-6.8864 | res=1.94e-01 | grad=7.17e-01 | 0.8s
[   505] loss=-6.9688 | res=2.06e-01 | grad=5.82e-01 | 0.9s
[   506] loss=-6.9436 | res=1.96e-01 | grad=6.67e-01 | 0.8s
[   507] loss=-6.9824 | res=1.86e-01 | grad=8.44e-01 | 0.8s
[   508] loss=-6.5952 | res=2.02e-01 | grad=9.38e-01 | 0.8s
[   509] loss=-6.9209 | res=1.93e-01 | grad=6.92e-01 | 0.8s
[   510] loss=-6.9467 | res=1.92e-01 | grad=7.39e-01 | 0.8s
[   511] loss=-6.6994 | res=1.84e-01 | grad=5.43e-01 | 0.8s
[   512] loss=-6.7154 | res=2.05e-01 | grad=8.67e-01 | 0.8s
[   513] loss=-7.1184 | res=2.01e-01 | grad=8.76e-01 | 0.9s
[   514] loss=-7.0922 | res=1.76e-01 | grad=1.29e+00 | 0.8s
[   515] loss=-6.8287 | res=1.81e-01 | grad=4.85e-01 | 0.8s
[   516] loss=-6.9441 | res=2.08e-01 | grad=3.77e-01 | 0.8s
[   517] loss=-6.7401 | res=1.78e-01 | grad=3.97e-01 | 0.8s
[   518] loss=-6.8370 | res=1.98e-01 | grad=5.54e-01 | 0.8s
[   519] loss=-6.9832 | res=1.90e-01 | grad=6.17e-01 | 0.8s
[   520] loss=-7.0471 | res=1.97e-01 | grad=8.92e-01 | 0.8s
[   521] loss=-7.0376 | res=1.91e-01 | grad=4.59e-01 | 0.8s
[   522] loss=-6.4819 | res=1.98e-01 | grad=7.51e-01 | 0.8s
[   523] loss=-6.5735 | res=2.19e-01 | grad=7.88e-01 | 0.8s
[   524] loss=-6.9354 | res=2.07e-01 | grad=8.50e-01 | 0.8s
[   525] loss=-6.9892 | res=2.07e-01 | grad=5.08e-01 | 0.8s
[   526] loss=-6.9267 | res=1.73e-01 | grad=6.63e-01 | 0.8s
[   527] loss=-7.0836 | res=1.96e-01 | grad=8.08e-01 | 0.8s
[   528] loss=-6.8375 | res=1.76e-01 | grad=8.81e-01 | 0.8s
[   529] loss=-6.9467 | res=1.86e-01 | grad=1.03e+00 | 0.8s
[   530] loss=-6.7692 | res=1.73e-01 | grad=1.03e+00 | 0.8s
[   531] loss=-7.1727 | res=2.02e-01 | grad=6.13e-01 | 0.8s
[   532] loss=-6.8681 | res=2.04e-01 | grad=6.80e-01 | 0.9s
[   533] loss=-6.7826 | res=1.98e-01 | grad=8.99e-01 | 0.9s
[   534] loss=-6.8886 | res=2.00e-01 | grad=1.00e+00 | 0.9s
[   535] loss=-6.5865 | res=1.87e-01 | grad=8.86e-01 | 0.8s
[   536] loss=-6.6749 | res=1.98e-01 | grad=7.90e-01 | 0.8s
[   537] loss=-6.9087 | res=1.71e-01 | grad=3.20e-01 | 0.8s
[   538] loss=-6.8637 | res=1.94e-01 | grad=5.71e-01 | 0.9s
[   539] loss=-6.7508 | res=1.89e-01 | grad=7.25e-01 | 0.8s
[   540] loss=-6.9345 | res=2.08e-01 | grad=9.10e-01 | 0.8s
[   541] loss=-6.9968 | res=1.92e-01 | grad=1.01e+00 | 0.8s
[   542] loss=-6.8456 | res=1.82e-01 | grad=8.41e-01 | 0.8s
[   543] loss=-7.0027 | res=1.66e-01 | grad=7.61e-01 | 0.8s
[   544] loss=-7.0453 | res=1.87e-01 | grad=8.22e-01 | 0.9s
[   545] loss=-6.9011 | res=2.01e-01 | grad=6.89e-01 | 0.9s
[   546] loss=-6.8266 | res=2.08e-01 | grad=7.17e-01 | 0.8s
[   547] loss=-6.9681 | res=1.79e-01 | grad=5.62e-01 | 0.8s
[   548] loss=-7.0102 | res=1.80e-01 | grad=8.37e-01 | 0.8s
[   549] loss=-6.7870 | res=1.88e-01 | grad=1.05e+00 | 0.8s
[   550] loss=-7.0107 | res=2.13e-01 | grad=6.78e-01 | 0.8s
[   551] loss=-6.6848 | res=1.82e-01 | grad=7.48e-01 | 0.8s
[   552] loss=-6.4886 | res=2.05e-01 | grad=7.69e-01 | 0.8s
[   553] loss=-6.8641 | res=1.77e-01 | grad=8.11e-01 | 0.8s
[   554] loss=-6.9298 | res=1.85e-01 | grad=2.61e-01 | 0.8s
[   555] loss=-6.8992 | res=1.93e-01 | grad=8.54e-01 | 0.8s
[   556] loss=-6.8030 | res=1.74e-01 | grad=7.59e-01 | 0.8s
[   557] loss=-6.9238 | res=1.96e-01 | grad=7.42e-01 | 0.8s
[   558] loss=-7.3337 | res=1.73e-01 | grad=8.36e-01 | 0.8s
[   559] loss=-7.0664 | res=1.88e-01 | grad=5.13e-01 | 0.8s
[   560] loss=-6.7632 | res=2.01e-01 | grad=8.72e-01 | 0.8s
[   561] loss=-6.9649 | res=1.76e-01 | grad=6.63e-01 | 0.8s
[   562] loss=-7.0636 | res=1.77e-01 | grad=9.00e-01 | 0.8s
[   563] loss=-6.8041 | res=1.92e-01 | grad=8.18e-01 | 0.8s
[   564] loss=-6.4825 | res=1.81e-01 | grad=7.04e-01 | 0.8s
[   565] loss=-6.7178 | res=1.94e-01 | grad=9.03e-01 | 0.8s
[   566] loss=-6.5602 | res=2.00e-01 | grad=6.48e-01 | 0.8s
[   567] loss=-7.1461 | res=1.93e-01 | grad=8.75e-01 | 0.8s
[   568] loss=-7.3027 | res=1.94e-01 | grad=7.17e-01 | 0.8s
[   569] loss=-6.6944 | res=1.81e-01 | grad=6.88e-01 | 0.8s
[   570] loss=-7.1530 | res=1.76e-01 | grad=8.21e-01 | 0.8s
[   571] loss=-7.0835 | res=1.86e-01 | grad=4.02e-01 | 0.8s
[   572] loss=-6.7448 | res=1.98e-01 | grad=1.15e+00 | 0.8s
[   573] loss=-7.1187 | res=1.93e-01 | grad=4.66e-01 | 0.8s
[   574] loss=-7.0911 | res=2.08e-01 | grad=5.06e-01 | 0.8s
[   575] loss=-6.6266 | res=2.00e-01 | grad=8.15e-01 | 0.8s
[   576] loss=-6.7695 | res=1.91e-01 | grad=8.96e-01 | 0.8s
[   577] loss=-6.7953 | res=1.76e-01 | grad=9.61e-01 | 0.8s
[   578] loss=-7.1632 | res=1.86e-01 | grad=5.37e-01 | 0.8s
[   579] loss=-7.0907 | res=1.93e-01 | grad=1.18e+00 | 0.8s
[   580] loss=-6.9979 | res=1.96e-01 | grad=1.29e+00 | 0.8s
[   581] loss=-6.7015 | res=1.91e-01 | grad=1.07e+00 | 0.8s
[   582] loss=-6.7897 | res=1.94e-01 | grad=5.63e-01 | 0.8s
[   583] loss=-6.8583 | res=2.10e-01 | grad=8.32e-01 | 0.8s
[   584] loss=-6.9646 | res=2.01e-01 | grad=7.24e-01 | 0.8s
[   585] loss=-7.1230 | res=1.97e-01 | grad=1.04e+00 | 0.8s
[   586] loss=-6.7761 | res=1.96e-01 | grad=5.88e-01 | 0.8s
[   587] loss=-6.9609 | res=1.76e-01 | grad=8.04e-01 | 0.8s
[   588] loss=-6.8517 | res=2.09e-01 | grad=1.14e+00 | 0.8s
[   589] loss=-6.9425 | res=1.98e-01 | grad=6.82e-01 | 0.8s
[   590] loss=-7.1491 | res=1.85e-01 | grad=7.64e-01 | 0.8s
[   591] loss=-7.1056 | res=1.87e-01 | grad=5.43e-01 | 0.8s
[   592] loss=-6.9491 | res=2.01e-01 | grad=8.09e-01 | 0.8s
[   593] loss=-7.0061 | res=1.99e-01 | grad=6.46e-01 | 0.8s
[   594] loss=-6.7807 | res=1.85e-01 | grad=5.57e-01 | 0.8s
[   595] loss=-6.9522 | res=1.77e-01 | grad=1.00e+00 | 0.8s
[   596] loss=-6.8872 | res=2.03e-01 | grad=7.21e-01 | 0.8s
[   597] loss=-7.1533 | res=1.93e-01 | grad=7.44e-01 | 0.8s
[   598] loss=-6.9646 | res=1.84e-01 | grad=6.23e-01 | 0.8s
[   599] loss=-6.8593 | res=1.82e-01 | grad=8.11e-01 | 0.8s
[   600] loss=-7.1934 | res=1.85e-01 | grad=7.30e-01 | 0.8s
[   601] loss=-7.0626 | res=1.89e-01 | grad=3.33e-01 | 0.8s
[   602] loss=-6.9973 | res=2.08e-01 | grad=8.68e-01 | 0.8s
[   603] loss=-6.6988 | res=2.01e-01 | grad=6.17e-01 | 0.8s
[   604] loss=-6.5937 | res=2.02e-01 | grad=6.75e-01 | 0.8s
[   605] loss=-6.7514 | res=2.14e-01 | grad=5.74e-01 | 0.8s
[   606] loss=-6.7729 | res=1.97e-01 | grad=5.63e-01 | 0.8s
[   607] loss=-7.0605 | res=1.89e-01 | grad=6.36e-01 | 0.8s
[   608] loss=-7.2314 | res=1.78e-01 | grad=7.69e-01 | 0.8s
[   609] loss=-6.9593 | res=2.02e-01 | grad=5.20e-01 | 0.8s
[   610] loss=-6.7312 | res=1.96e-01 | grad=7.78e-01 | 0.8s
[   611] loss=-7.2857 | res=1.84e-01 | grad=6.83e-01 | 0.8s
[   612] loss=-7.0793 | res=2.03e-01 | grad=5.50e-01 | 0.8s
[   613] loss=-6.4711 | res=1.92e-01 | grad=4.70e-01 | 0.8s
[   614] loss=-7.0495 | res=1.94e-01 | grad=7.28e-01 | 0.8s
[   615] loss=-6.5541 | res=1.89e-01 | grad=8.29e-01 | 0.8s
[   616] loss=-7.1321 | res=1.98e-01 | grad=8.93e-01 | 0.8s
[   617] loss=-6.7436 | res=1.95e-01 | grad=7.91e-01 | 0.8s
[   618] loss=-6.9616 | res=1.90e-01 | grad=4.22e-01 | 0.8s
[   619] loss=-6.9571 | res=2.09e-01 | grad=5.41e-01 | 0.8s
[   620] loss=-6.7443 | res=1.99e-01 | grad=8.21e-01 | 0.8s
[   621] loss=-7.1895 | res=1.96e-01 | grad=6.79e-01 | 0.8s
[   622] loss=-7.0137 | res=1.68e-01 | grad=6.95e-01 | 0.8s
[   623] loss=-7.2882 | res=2.08e-01 | grad=5.57e-01 | 0.8s
[   624] loss=-6.8576 | res=1.87e-01 | grad=5.26e-01 | 0.8s
[   625] loss=-7.0048 | res=1.80e-01 | grad=4.88e-01 | 0.8s
[   626] loss=-6.7107 | res=1.86e-01 | grad=6.25e-01 | 0.8s
[   627] loss=-6.8719 | res=1.90e-01 | grad=9.77e-01 | 0.8s
[   628] loss=-6.9101 | res=1.82e-01 | grad=6.25e-01 | 0.8s
[   629] loss=-7.2279 | res=1.86e-01 | grad=7.42e-01 | 0.8s
[   630] loss=-7.1038 | res=2.13e-01 | grad=4.30e-01 | 0.8s
[   631] loss=-6.9010 | res=1.87e-01 | grad=7.71e-01 | 0.8s
[   632] loss=-6.7403 | res=2.00e-01 | grad=5.17e-01 | 0.8s
[   633] loss=-6.7766 | res=2.17e-01 | grad=5.99e-01 | 0.8s
[   634] loss=-6.9468 | res=1.95e-01 | grad=2.47e-01 | 0.8s
[   635] loss=-7.0524 | res=1.96e-01 | grad=5.06e-01 | 0.8s
[   636] loss=-7.0157 | res=2.07e-01 | grad=8.19e-01 | 0.8s
[   637] loss=-6.8109 | res=1.96e-01 | grad=7.49e-01 | 0.8s
[   638] loss=-6.9132 | res=1.79e-01 | grad=7.72e-01 | 0.8s
[   639] loss=-6.7567 | res=2.01e-01 | grad=8.71e-01 | 0.8s
[   640] loss=-6.9218 | res=1.89e-01 | grad=5.38e-01 | 0.8s
[   641] loss=-6.6802 | res=2.04e-01 | grad=5.51e-01 | 0.8s
[   642] loss=-7.3229 | res=1.98e-01 | grad=7.70e-01 | 0.8s
[   643] loss=-6.7778 | res=2.04e-01 | grad=4.43e-01 | 0.8s
[   644] loss=-6.7715 | res=2.08e-01 | grad=7.57e-01 | 0.8s
[   645] loss=-7.1993 | res=2.00e-01 | grad=9.60e-01 | 0.8s
[   646] loss=-6.5095 | res=2.01e-01 | grad=6.02e-01 | 0.8s
[   647] loss=-6.6525 | res=1.95e-01 | grad=1.01e+00 | 0.8s
[   648] loss=-6.8446 | res=1.93e-01 | grad=5.31e-01 | 0.8s
[   649] loss=-6.7964 | res=1.83e-01 | grad=7.12e-01 | 0.8s
[   650] loss=-6.9148 | res=1.91e-01 | grad=5.45e-01 | 0.8s
[   651] loss=-6.7034 | res=2.06e-01 | grad=6.08e-01 | 0.8s
[   652] loss=-6.9017 | res=1.91e-01 | grad=9.05e-01 | 0.8s
[   653] loss=-6.5126 | res=2.10e-01 | grad=7.31e-01 | 0.8s
[   654] loss=-6.7269 | res=1.76e-01 | grad=7.56e-01 | 0.8s
[   655] loss=-6.8237 | res=1.67e-01 | grad=8.22e-01 | 0.8s
[   656] loss=-6.7765 | res=2.09e-01 | grad=4.39e-01 | 0.8s
[   657] loss=-7.2128 | res=1.97e-01 | grad=1.08e+00 | 0.8s
[   658] loss=-6.8331 | res=1.95e-01 | grad=7.56e-01 | 0.8s
[   659] loss=-7.1348 | res=2.04e-01 | grad=4.39e-01 | 0.8s
[   660] loss=-6.8107 | res=1.93e-01 | grad=4.14e-01 | 0.8s
[   661] loss=-7.0193 | res=1.90e-01 | grad=7.72e-01 | 0.8s
[   662] loss=-6.7516 | res=1.86e-01 | grad=5.49e-01 | 0.8s
[   663] loss=-6.9590 | res=1.78e-01 | grad=6.81e-01 | 0.8s
[   664] loss=-7.0300 | res=1.91e-01 | grad=6.17e-01 | 0.8s
[   665] loss=-6.9223 | res=1.81e-01 | grad=6.04e-01 | 0.8s
[   666] loss=-6.9852 | res=1.90e-01 | grad=5.24e-01 | 0.8s
[   667] loss=-6.7143 | res=1.96e-01 | grad=5.81e-01 | 0.8s
[   668] loss=-7.1684 | res=1.81e-01 | grad=7.97e-01 | 0.8s
[   669] loss=-6.9949 | res=1.95e-01 | grad=6.91e-01 | 0.8s
[   670] loss=-6.8785 | res=2.01e-01 | grad=7.99e-01 | 0.8s
[   671] loss=-6.9629 | res=1.78e-01 | grad=4.76e-01 | 0.8s
[   672] loss=-6.8542 | res=1.87e-01 | grad=7.05e-01 | 0.8s
[   673] loss=-6.4374 | res=1.99e-01 | grad=5.47e-01 | 0.8s
[   674] loss=-6.8897 | res=1.87e-01 | grad=4.39e-01 | 0.8s
[   675] loss=-6.6316 | res=1.86e-01 | grad=7.37e-01 | 0.8s
[   676] loss=-6.9712 | res=1.91e-01 | grad=5.34e-01 | 0.8s
[   677] loss=-6.9056 | res=1.94e-01 | grad=3.93e-01 | 0.8s
[   678] loss=-7.0524 | res=1.86e-01 | grad=5.74e-01 | 0.8s
[   679] loss=-7.0370 | res=1.81e-01 | grad=6.15e-01 | 0.8s
[   680] loss=-7.0690 | res=1.89e-01 | grad=5.74e-01 | 0.8s
[   681] loss=-6.8141 | res=1.90e-01 | grad=9.49e-01 | 0.8s
[   682] loss=-7.0291 | res=1.90e-01 | grad=8.29e-01 | 0.8s
[   683] loss=-7.0372 | res=1.82e-01 | grad=5.38e-01 | 0.8s
[   684] loss=-6.6177 | res=1.84e-01 | grad=4.23e-01 | 0.8s
[   685] loss=-7.2765 | res=1.93e-01 | grad=4.70e-01 | 0.8s
[   686] loss=-6.9677 | res=1.83e-01 | grad=5.39e-01 | 0.8s
[   687] loss=-7.0609 | res=1.85e-01 | grad=5.10e-01 | 0.8s
[   688] loss=-6.8356 | res=1.97e-01 | grad=4.88e-01 | 0.8s
[   689] loss=-7.0310 | res=1.98e-01 | grad=6.25e-01 | 0.8s
[   690] loss=-7.3316 | res=1.84e-01 | grad=5.48e-01 | 0.8s
[   691] loss=-6.6524 | res=1.94e-01 | grad=4.55e-01 | 0.8s
[   692] loss=-7.1605 | res=1.77e-01 | grad=5.54e-01 | 0.8s
[   693] loss=-6.8831 | res=1.92e-01 | grad=7.17e-01 | 0.8s
[   694] loss=-7.0203 | res=1.93e-01 | grad=4.12e-01 | 0.8s
[   695] loss=-7.0139 | res=1.99e-01 | grad=3.66e-01 | 0.8s
[   696] loss=-7.1744 | res=1.77e-01 | grad=6.19e-01 | 0.8s
[   697] loss=-7.0386 | res=2.09e-01 | grad=4.88e-01 | 0.8s
[   698] loss=-7.2372 | res=1.99e-01 | grad=4.60e-01 | 0.8s
[   699] loss=-6.6863 | res=1.84e-01 | grad=4.72e-01 | 0.8s
[   700] loss=-6.7899 | res=2.07e-01 | grad=5.53e-01 | 0.8s
[   701] loss=-6.9564 | res=1.88e-01 | grad=4.72e-01 | 0.8s
[   702] loss=-7.1682 | res=1.98e-01 | grad=8.40e-01 | 0.8s
[   703] loss=-6.7095 | res=2.16e-01 | grad=4.36e-01 | 0.8s
[   704] loss=-6.8974 | res=2.05e-01 | grad=4.18e-01 | 0.8s
[   705] loss=-6.9849 | res=1.91e-01 | grad=3.53e-01 | 0.8s
[   706] loss=-6.6516 | res=1.96e-01 | grad=3.70e-01 | 0.8s
[   707] loss=-6.7713 | res=1.92e-01 | grad=3.99e-01 | 0.8s
[   708] loss=-6.6565 | res=2.00e-01 | grad=5.61e-01 | 0.8s
[   709] loss=-7.0374 | res=1.84e-01 | grad=6.01e-01 | 0.8s
[   710] loss=-7.0669 | res=1.90e-01 | grad=5.32e-01 | 0.8s
[   711] loss=-6.8154 | res=1.96e-01 | grad=4.33e-01 | 0.8s
[   712] loss=-6.9746 | res=1.92e-01 | grad=6.32e-01 | 0.8s
[   713] loss=-6.6326 | res=1.73e-01 | grad=5.74e-01 | 0.8s
[   714] loss=-6.8673 | res=1.93e-01 | grad=5.26e-01 | 0.8s
[   715] loss=-7.3334 | res=1.90e-01 | grad=7.88e-01 | 0.8s
[   716] loss=-6.9961 | res=2.08e-01 | grad=2.84e-01 | 0.8s
[   717] loss=-6.7165 | res=1.89e-01 | grad=5.83e-01 | 0.8s
[   718] loss=-6.8982 | res=2.05e-01 | grad=6.36e-01 | 0.8s
[   719] loss=-7.1990 | res=1.88e-01 | grad=7.07e-01 | 0.8s
[   720] loss=-6.3302 | res=2.29e-01 | grad=4.79e-01 | 0.8s
[   721] loss=-7.0863 | res=1.85e-01 | grad=6.12e-01 | 0.8s
[   722] loss=-7.2467 | res=1.97e-01 | grad=6.80e-01 | 0.8s
[   723] loss=-7.0799 | res=1.96e-01 | grad=7.90e-01 | 0.8s
[   724] loss=-6.7690 | res=1.89e-01 | grad=6.45e-01 | 0.8s
[   725] loss=-7.0341 | res=2.00e-01 | grad=5.90e-01 | 0.8s
[   726] loss=-6.7389 | res=1.79e-01 | grad=4.20e-01 | 0.8s
[   727] loss=-6.9744 | res=1.99e-01 | grad=4.69e-01 | 0.8s
[   728] loss=-7.0912 | res=2.01e-01 | grad=7.50e-01 | 0.8s
[   729] loss=-6.7018 | res=2.05e-01 | grad=6.87e-01 | 0.8s
[   730] loss=-6.6825 | res=2.04e-01 | grad=9.69e-01 | 0.8s
[   731] loss=-6.2867 | res=1.90e-01 | grad=6.14e-01 | 0.8s
[   732] loss=-6.7414 | res=1.93e-01 | grad=5.46e-01 | 0.8s
[   733] loss=-7.0417 | res=1.86e-01 | grad=5.48e-01 | 0.8s
[   734] loss=-6.7588 | res=2.01e-01 | grad=8.10e-01 | 0.8s
[   735] loss=-7.2836 | res=1.93e-01 | grad=7.95e-01 | 0.8s
[   736] loss=-6.8580 | res=2.00e-01 | grad=6.71e-01 | 0.9s
[   737] loss=-6.8394 | res=2.01e-01 | grad=9.43e-01 | 0.8s
[   738] loss=-7.3905 | res=1.97e-01 | grad=8.53e-01 | 0.8s
[   739] loss=-6.9284 | res=1.98e-01 | grad=7.98e-01 | 0.8s
[   740] loss=-6.7441 | res=2.11e-01 | grad=5.18e-01 | 0.8s
[   741] loss=-6.8845 | res=1.80e-01 | grad=4.30e-01 | 0.8s
[   742] loss=-6.8474 | res=1.91e-01 | grad=8.19e-01 | 0.8s
[   743] loss=-6.7216 | res=2.12e-01 | grad=7.16e-01 | 0.9s
[   744] loss=-6.9894 | res=1.81e-01 | grad=3.40e-01 | 0.8s
[   745] loss=-6.9453 | res=1.82e-01 | grad=6.80e-01 | 0.8s
[   746] loss=-6.9809 | res=2.06e-01 | grad=7.51e-01 | 0.8s
[   747] loss=-7.2198 | res=1.84e-01 | grad=8.56e-01 | 0.8s
[   748] loss=-6.8503 | res=1.94e-01 | grad=5.01e-01 | 0.8s
[   749] loss=-6.7951 | res=1.97e-01 | grad=6.94e-01 | 0.8s
[   750] loss=-6.8690 | res=1.90e-01 | grad=5.80e-01 | 0.9s
[   751] loss=-6.8977 | res=2.00e-01 | grad=6.40e-01 | 0.8s
[   752] loss=-7.0429 | res=1.65e-01 | grad=3.39e-01 | 0.8s
[   753] loss=-6.7023 | res=1.99e-01 | grad=6.38e-01 | 0.9s
[   754] loss=-7.3833 | res=1.86e-01 | grad=5.78e-01 | 0.8s
[   755] loss=-6.6837 | res=1.84e-01 | grad=4.34e-01 | 0.8s
[   756] loss=-7.3321 | res=1.97e-01 | grad=6.32e-01 | 0.8s
[   757] loss=-7.2547 | res=1.84e-01 | grad=6.72e-01 | 0.8s
[   758] loss=-7.0507 | res=2.04e-01 | grad=5.37e-01 | 0.9s
[   759] loss=-6.9222 | res=1.92e-01 | grad=6.72e-01 | 0.8s
[   760] loss=-6.9358 | res=1.99e-01 | grad=9.15e-01 | 0.8s
[   761] loss=-6.7673 | res=1.96e-01 | grad=4.61e-01 | 0.9s
[   762] loss=-7.0101 | res=2.07e-01 | grad=9.30e-01 | 0.8s
[   763] loss=-6.8155 | res=1.95e-01 | grad=3.80e-01 | 0.9s
[   764] loss=-6.9398 | res=2.00e-01 | grad=4.16e-01 | 0.9s
[   765] loss=-6.9693 | res=2.00e-01 | grad=5.33e-01 | 0.8s
[   766] loss=-6.7748 | res=1.85e-01 | grad=5.24e-01 | 0.8s
[   767] loss=-6.8390 | res=1.92e-01 | grad=9.31e-01 | 0.8s
[   768] loss=-7.2489 | res=1.92e-01 | grad=7.43e-01 | 0.9s
[   769] loss=-6.8915 | res=2.02e-01 | grad=5.19e-01 | 0.8s
[   770] loss=-6.7947 | res=1.90e-01 | grad=8.74e-01 | 0.8s
[   771] loss=-6.7752 | res=2.03e-01 | grad=7.89e-01 | 0.8s
[   772] loss=-6.8644 | res=1.95e-01 | grad=7.45e-01 | 0.8s
[   773] loss=-6.7790 | res=1.86e-01 | grad=5.54e-01 | 0.8s
[   774] loss=-7.0677 | res=1.91e-01 | grad=7.33e-01 | 0.8s
[   775] loss=-7.0078 | res=1.89e-01 | grad=4.50e-01 | 0.8s
[   776] loss=-7.1360 | res=1.87e-01 | grad=6.58e-01 | 0.9s
[   777] loss=-6.8592 | res=1.78e-01 | grad=4.16e-01 | 0.9s
[   778] loss=-7.0278 | res=1.89e-01 | grad=7.64e-01 | 0.9s
[   779] loss=-6.6813 | res=1.87e-01 | grad=8.20e-01 | 0.9s
[   780] loss=-6.8840 | res=1.90e-01 | grad=8.21e-01 | 0.8s
[   781] loss=-6.9331 | res=1.99e-01 | grad=7.79e-01 | 0.9s
[   782] loss=-7.0376 | res=1.80e-01 | grad=3.85e-01 | 0.9s
[   783] loss=-6.9480 | res=1.97e-01 | grad=3.47e-01 | 0.8s
[   784] loss=-7.0644 | res=1.85e-01 | grad=5.43e-01 | 0.9s
[   785] loss=-7.1346 | res=2.03e-01 | grad=7.03e-01 | 0.9s
[   786] loss=-6.8661 | res=1.89e-01 | grad=8.28e-01 | 0.9s
[   787] loss=-6.6835 | res=1.82e-01 | grad=6.32e-01 | 0.9s
[   788] loss=-7.0074 | res=1.90e-01 | grad=6.83e-01 | 0.9s
[   789] loss=-6.5052 | res=1.87e-01 | grad=7.34e-01 | 0.9s
[   790] loss=-7.3477 | res=1.95e-01 | grad=7.15e-01 | 0.9s
[   791] loss=-6.8488 | res=1.91e-01 | grad=5.39e-01 | 0.9s
[   792] loss=-6.9955 | res=1.91e-01 | grad=8.70e-01 | 0.9s
[   793] loss=-6.8649 | res=1.87e-01 | grad=7.19e-01 | 0.9s
[   794] loss=-7.0815 | res=2.01e-01 | grad=7.99e-01 | 0.9s
[   795] loss=-7.3240 | res=1.92e-01 | grad=9.49e-01 | 0.9s
[   796] loss=-6.6570 | res=1.88e-01 | grad=9.51e-01 | 0.9s
[   797] loss=-7.0999 | res=1.89e-01 | grad=5.85e-01 | 0.9s
[   798] loss=-6.9339 | res=2.10e-01 | grad=6.91e-01 | 0.9s
[   799] loss=-6.7718 | res=1.81e-01 | grad=4.17e-01 | 0.8s
[   800] loss=-6.8513 | res=1.84e-01 | grad=8.49e-01 | 0.9s
[   801] loss=-6.9049 | res=1.83e-01 | grad=5.66e-01 | 0.8s
[   802] loss=-6.6919 | res=1.79e-01 | grad=7.41e-01 | 0.9s
[   803] loss=-7.2236 | res=1.85e-01 | grad=5.33e-01 | 0.8s
[   804] loss=-7.0468 | res=1.85e-01 | grad=4.75e-01 | 0.8s
[   805] loss=-6.9443 | res=1.74e-01 | grad=4.19e-01 | 0.9s
[   806] loss=-7.0662 | res=1.88e-01 | grad=4.67e-01 | 0.9s
[   807] loss=-6.9717 | res=1.81e-01 | grad=5.44e-01 | 0.8s
[   808] loss=-6.7344 | res=1.76e-01 | grad=6.11e-01 | 0.9s
[   809] loss=-7.1162 | res=1.87e-01 | grad=5.64e-01 | 0.9s
[   810] loss=-7.0034 | res=1.93e-01 | grad=5.80e-01 | 0.9s
[   811] loss=-7.1829 | res=1.91e-01 | grad=7.05e-01 | 0.9s
[   812] loss=-6.8125 | res=1.82e-01 | grad=7.20e-01 | 0.9s
[   813] loss=-7.0366 | res=1.90e-01 | grad=8.11e-01 | 0.9s
[   814] loss=-7.2806 | res=1.83e-01 | grad=6.07e-01 | 0.9s
[   815] loss=-7.1892 | res=1.82e-01 | grad=6.51e-01 | 0.9s
[   816] loss=-6.9614 | res=1.98e-01 | grad=5.26e-01 | 0.9s
[   817] loss=-7.2763 | res=1.95e-01 | grad=5.74e-01 | 0.9s
[   818] loss=-7.0521 | res=1.85e-01 | grad=5.59e-01 | 0.9s
[   819] loss=-6.8587 | res=1.86e-01 | grad=6.81e-01 | 0.9s
[   820] loss=-6.9847 | res=1.86e-01 | grad=6.44e-01 | 0.9s
[   821] loss=-6.5671 | res=2.04e-01 | grad=5.78e-01 | 0.9s
[   822] loss=-6.7937 | res=1.93e-01 | grad=5.69e-01 | 0.9s
[   823] loss=-6.9628 | res=1.82e-01 | grad=5.00e-01 | 0.9s
[   824] loss=-6.6811 | res=1.89e-01 | grad=6.44e-01 | 0.9s
[   825] loss=-6.9314 | res=1.96e-01 | grad=7.17e-01 | 0.9s
[   826] loss=-7.0097 | res=1.87e-01 | grad=6.42e-01 | 0.8s
[   827] loss=-7.0429 | res=1.99e-01 | grad=5.31e-01 | 0.8s
[   828] loss=-6.9529 | res=1.90e-01 | grad=3.09e-01 | 0.9s
[   829] loss=-6.6857 | res=1.79e-01 | grad=3.92e-01 | 0.8s
[   830] loss=-7.2517 | res=1.94e-01 | grad=6.89e-01 | 0.8s
[   831] loss=-7.1019 | res=1.87e-01 | grad=3.66e-01 | 0.8s
[   832] loss=-6.9997 | res=1.89e-01 | grad=4.65e-01 | 0.9s
[   833] loss=-6.8047 | res=1.93e-01 | grad=4.32e-01 | 0.8s
[   834] loss=-6.9227 | res=1.67e-01 | grad=6.68e-01 | 0.8s
[   835] loss=-7.0257 | res=1.89e-01 | grad=5.35e-01 | 0.8s
[   836] loss=-7.4384 | res=1.88e-01 | grad=5.22e-01 | 0.8s
[   837] loss=-7.0856 | res=1.95e-01 | grad=5.03e-01 | 0.9s
[   838] loss=-6.6438 | res=1.81e-01 | grad=2.98e-01 | 0.8s
[   839] loss=-6.6578 | res=2.21e-01 | grad=4.81e-01 | 0.8s
[   840] loss=-7.1361 | res=1.80e-01 | grad=7.45e-01 | 0.9s
[   841] loss=-6.7773 | res=1.94e-01 | grad=8.06e-01 | 0.8s
[   842] loss=-6.9788 | res=2.06e-01 | grad=6.73e-01 | 0.8s
[   843] loss=-6.9575 | res=1.99e-01 | grad=5.69e-01 | 0.8s
[   844] loss=-6.9981 | res=1.99e-01 | grad=5.67e-01 | 0.8s
[   845] loss=-7.2595 | res=1.99e-01 | grad=7.18e-01 | 0.8s
[   846] loss=-7.0232 | res=1.90e-01 | grad=7.77e-01 | 0.8s
[   847] loss=-6.9052 | res=2.08e-01 | grad=7.50e-01 | 0.8s
[   848] loss=-6.7577 | res=1.77e-01 | grad=1.20e+00 | 0.8s
[   849] loss=-6.9604 | res=1.97e-01 | grad=7.26e-01 | 0.8s
[   850] loss=-6.7936 | res=1.98e-01 | grad=7.42e-01 | 0.8s
[   851] loss=-6.8709 | res=1.88e-01 | grad=5.97e-01 | 0.8s
[   852] loss=-6.9927 | res=1.91e-01 | grad=8.75e-01 | 0.8s
[   853] loss=-7.2144 | res=1.96e-01 | grad=1.18e+00 | 0.8s
[   854] loss=-6.9084 | res=1.77e-01 | grad=5.70e-01 | 0.8s
[   855] loss=-6.9105 | res=1.87e-01 | grad=3.39e-01 | 0.8s
[   856] loss=-7.4318 | res=1.72e-01 | grad=1.05e+00 | 0.8s
[   857] loss=-7.2862 | res=1.99e-01 | grad=6.09e-01 | 0.8s
[   858] loss=-7.0435 | res=1.89e-01 | grad=9.76e-01 | 0.8s
[   859] loss=-7.1197 | res=1.84e-01 | grad=7.22e-01 | 0.9s
[   860] loss=-7.4162 | res=1.88e-01 | grad=8.85e-01 | 0.8s
[   861] loss=-6.9676 | res=1.90e-01 | grad=7.51e-01 | 0.9s
[   862] loss=-7.0137 | res=1.98e-01 | grad=8.92e-01 | 0.8s
[   863] loss=-6.9759 | res=1.93e-01 | grad=4.75e-01 | 0.9s
[   864] loss=-6.8075 | res=1.78e-01 | grad=7.76e-01 | 0.8s
[   865] loss=-7.1003 | res=1.90e-01 | grad=7.67e-01 | 0.9s
[   866] loss=-7.0193 | res=1.86e-01 | grad=6.46e-01 | 0.8s
[   867] loss=-7.0067 | res=2.04e-01 | grad=5.68e-01 | 0.9s
[   868] loss=-7.0212 | res=1.90e-01 | grad=5.42e-01 | 0.8s
[   869] loss=-7.0921 | res=2.04e-01 | grad=5.41e-01 | 0.8s
[   870] loss=-6.8064 | res=1.98e-01 | grad=5.36e-01 | 0.8s
[   871] loss=-6.9646 | res=1.84e-01 | grad=4.38e-01 | 0.9s
[   872] loss=-7.0694 | res=1.85e-01 | grad=4.02e-01 | 0.8s
[   873] loss=-7.3753 | res=2.03e-01 | grad=6.80e-01 | 0.8s
[   874] loss=-7.3539 | res=1.97e-01 | grad=7.85e-01 | 0.8s
[   875] loss=-7.2937 | res=1.90e-01 | grad=6.08e-01 | 0.8s
[   876] loss=-6.8259 | res=1.85e-01 | grad=6.92e-01 | 0.8s
[   877] loss=-7.0213 | res=1.62e-01 | grad=9.03e-01 | 0.8s
[   878] loss=-6.8188 | res=1.86e-01 | grad=6.11e-01 | 0.8s
[   879] loss=-7.3308 | res=1.76e-01 | grad=7.39e-01 | 0.8s
[   880] loss=-6.8127 | res=1.79e-01 | grad=3.24e-01 | 0.8s
[   881] loss=-6.9160 | res=1.97e-01 | grad=6.99e-01 | 0.8s
[   882] loss=-6.5813 | res=1.96e-01 | grad=6.61e-01 | 0.8s
[   883] loss=-7.1568 | res=1.97e-01 | grad=5.31e-01 | 0.8s
[   884] loss=-6.9332 | res=1.79e-01 | grad=5.50e-01 | 0.8s
[   885] loss=-6.7015 | res=1.95e-01 | grad=3.23e-01 | 0.8s
[   886] loss=-7.0175 | res=1.94e-01 | grad=9.16e-01 | 0.8s
[   887] loss=-7.1730 | res=1.83e-01 | grad=3.85e-01 | 0.8s
[   888] loss=-6.5613 | res=1.96e-01 | grad=7.56e-01 | 0.8s
[   889] loss=-7.2775 | res=1.93e-01 | grad=7.04e-01 | 0.8s
[   890] loss=-7.2289 | res=1.79e-01 | grad=6.84e-01 | 0.9s
[   891] loss=-7.4140 | res=1.82e-01 | grad=7.60e-01 | 0.8s
[   892] loss=-7.3049 | res=1.93e-01 | grad=4.09e-01 | 0.8s
[   893] loss=-6.9418 | res=1.94e-01 | grad=4.51e-01 | 0.8s
[   894] loss=-7.2191 | res=1.86e-01 | grad=9.08e-01 | 0.8s
[   895] loss=-7.1345 | res=1.96e-01 | grad=7.12e-01 | 0.9s
[   896] loss=-6.7324 | res=1.93e-01 | grad=5.85e-01 | 0.8s
[   897] loss=-6.8143 | res=2.10e-01 | grad=8.76e-01 | 0.8s
[   898] loss=-6.9603 | res=1.83e-01 | grad=4.64e-01 | 0.9s
[   899] loss=-6.7326 | res=1.95e-01 | grad=6.62e-01 | 0.8s
[   900] loss=-6.7271 | res=1.90e-01 | grad=4.94e-01 | 0.8s
[   901] loss=-6.8940 | res=1.99e-01 | grad=5.04e-01 | 0.8s
[   902] loss=-6.9637 | res=2.10e-01 | grad=5.57e-01 | 0.8s
[   903] loss=-7.0844 | res=1.88e-01 | grad=6.15e-01 | 0.9s
[   904] loss=-6.8926 | res=1.88e-01 | grad=7.15e-01 | 0.8s
[   905] loss=-7.2542 | res=1.91e-01 | grad=5.11e-01 | 0.9s
[   906] loss=-6.8016 | res=1.82e-01 | grad=5.69e-01 | 0.8s
[   907] loss=-6.8627 | res=2.00e-01 | grad=5.10e-01 | 0.8s
[   908] loss=-6.6229 | res=1.87e-01 | grad=6.20e-01 | 0.8s
[   909] loss=-6.8861 | res=1.81e-01 | grad=5.71e-01 | 0.8s
[   910] loss=-6.6883 | res=1.89e-01 | grad=4.82e-01 | 0.8s
[   911] loss=-7.0393 | res=1.85e-01 | grad=5.64e-01 | 0.8s
[   912] loss=-6.9288 | res=1.82e-01 | grad=6.95e-01 | 0.8s
[   913] loss=-6.8430 | res=1.83e-01 | grad=4.44e-01 | 0.8s
[   914] loss=-7.0031 | res=1.95e-01 | grad=7.03e-01 | 0.8s
[   915] loss=-7.0663 | res=1.97e-01 | grad=8.47e-01 | 0.8s
[   916] loss=-7.1740 | res=1.87e-01 | grad=9.85e-01 | 0.8s
[   917] loss=-6.5832 | res=1.79e-01 | grad=3.56e-01 | 0.9s
[   918] loss=-6.8388 | res=1.96e-01 | grad=4.45e-01 | 0.8s
[   919] loss=-6.8216 | res=1.86e-01 | grad=4.26e-01 | 0.9s
[   920] loss=-6.9393 | res=1.83e-01 | grad=6.77e-01 | 0.8s
[   921] loss=-6.9153 | res=1.92e-01 | grad=6.22e-01 | 0.8s
[   922] loss=-6.8992 | res=1.97e-01 | grad=5.24e-01 | 0.8s
[   923] loss=-7.0827 | res=2.04e-01 | grad=7.53e-01 | 0.9s
[   924] loss=-6.6003 | res=1.86e-01 | grad=6.79e-01 | 0.9s
[   925] loss=-6.8600 | res=1.88e-01 | grad=4.20e-01 | 0.8s
[   926] loss=-6.7028 | res=1.89e-01 | grad=5.90e-01 | 0.8s
[   927] loss=-7.0104 | res=1.98e-01 | grad=5.22e-01 | 0.8s
[   928] loss=-7.0068 | res=1.87e-01 | grad=4.61e-01 | 0.8s
[   929] loss=-6.8589 | res=1.83e-01 | grad=5.83e-01 | 0.8s
[   930] loss=-6.7617 | res=1.85e-01 | grad=5.05e-01 | 0.9s
[   931] loss=-6.7666 | res=1.99e-01 | grad=3.02e-01 | 0.8s
[   932] loss=-7.2181 | res=1.99e-01 | grad=5.58e-01 | 0.8s
[   933] loss=-6.6966 | res=1.88e-01 | grad=6.14e-01 | 0.8s
[   934] loss=-6.6779 | res=1.93e-01 | grad=6.79e-01 | 0.8s
[   935] loss=-6.8432 | res=2.01e-01 | grad=4.11e-01 | 0.8s
[   936] loss=-7.3321 | res=1.77e-01 | grad=6.88e-01 | 0.8s
[   937] loss=-6.9358 | res=1.78e-01 | grad=6.92e-01 | 0.8s
[   938] loss=-7.0385 | res=1.75e-01 | grad=6.84e-01 | 0.9s
[   939] loss=-7.4613 | res=1.84e-01 | grad=9.05e-01 | 0.8s
[   940] loss=-6.7096 | res=1.92e-01 | grad=7.25e-01 | 0.9s
[   941] loss=-7.0017 | res=1.74e-01 | grad=7.53e-01 | 0.8s
[   942] loss=-7.0019 | res=1.85e-01 | grad=8.83e-01 | 0.8s
[   943] loss=-6.7174 | res=1.92e-01 | grad=8.38e-01 | 0.9s
[   944] loss=-6.9358 | res=1.82e-01 | grad=7.02e-01 | 0.8s
[   945] loss=-7.0002 | res=1.93e-01 | grad=6.29e-01 | 0.8s
[   946] loss=-6.9120 | res=1.90e-01 | grad=8.76e-01 | 0.8s
[   947] loss=-6.9502 | res=1.85e-01 | grad=7.83e-01 | 0.8s
[   948] loss=-6.9050 | res=1.85e-01 | grad=5.89e-01 | 0.8s
[   949] loss=-7.1317 | res=1.81e-01 | grad=8.18e-01 | 0.8s
[   950] loss=-7.2647 | res=1.89e-01 | grad=4.50e-01 | 0.8s
[   951] loss=-6.9629 | res=1.83e-01 | grad=6.17e-01 | 0.8s
[   952] loss=-7.2700 | res=1.94e-01 | grad=7.90e-01 | 0.8s
[   953] loss=-6.9985 | res=1.89e-01 | grad=4.63e-01 | 0.8s
[   954] loss=-6.9127 | res=1.87e-01 | grad=6.14e-01 | 0.8s
[   955] loss=-6.4537 | res=1.90e-01 | grad=8.62e-01 | 0.8s
[   956] loss=-6.9444 | res=1.73e-01 | grad=8.27e-01 | 0.8s
[   957] loss=-7.0413 | res=1.79e-01 | grad=3.60e-01 | 0.8s
[   958] loss=-6.6713 | res=1.94e-01 | grad=7.38e-01 | 0.8s
[   959] loss=-6.9572 | res=1.70e-01 | grad=5.71e-01 | 0.8s
[   960] loss=-7.0790 | res=1.88e-01 | grad=4.04e-01 | 0.8s
[   961] loss=-7.0227 | res=2.04e-01 | grad=6.75e-01 | 0.8s
[   962] loss=-6.8722 | res=1.62e-01 | grad=5.73e-01 | 0.8s
[   963] loss=-6.9050 | res=1.84e-01 | grad=7.14e-01 | 0.8s
[   964] loss=-6.8808 | res=1.92e-01 | grad=8.40e-01 | 0.8s
[   965] loss=-6.9296 | res=1.89e-01 | grad=7.90e-01 | 0.8s
[   966] loss=-7.0612 | res=1.91e-01 | grad=3.92e-01 | 0.8s
[   967] loss=-7.1113 | res=1.72e-01 | grad=5.38e-01 | 0.8s
[   968] loss=-7.1794 | res=1.83e-01 | grad=7.00e-01 | 0.8s
[   969] loss=-7.1971 | res=1.90e-01 | grad=8.53e-01 | 0.8s
[   970] loss=-6.9498 | res=1.93e-01 | grad=5.41e-01 | 0.8s
[   971] loss=-7.3499 | res=1.69e-01 | grad=6.06e-01 | 0.8s
[   972] loss=-7.4096 | res=1.83e-01 | grad=6.28e-01 | 0.8s
[   973] loss=-6.9489 | res=1.81e-01 | grad=8.40e-01 | 0.8s
[   974] loss=-7.2621 | res=1.91e-01 | grad=4.77e-01 | 0.8s
[   975] loss=-6.7918 | res=1.85e-01 | grad=6.59e-01 | 0.8s
[   976] loss=-6.7232 | res=1.85e-01 | grad=9.41e-01 | 0.8s
[   977] loss=-6.7768 | res=1.97e-01 | grad=5.13e-01 | 0.8s
[   978] loss=-6.6589 | res=1.93e-01 | grad=6.14e-01 | 0.8s
[   979] loss=-7.1367 | res=1.91e-01 | grad=7.75e-01 | 0.8s
[   980] loss=-7.1735 | res=1.93e-01 | grad=4.80e-01 | 0.8s
[   981] loss=-6.6223 | res=1.94e-01 | grad=5.53e-01 | 0.8s
[   982] loss=-6.5484 | res=1.94e-01 | grad=7.60e-01 | 0.8s
[   983] loss=-6.7885 | res=1.90e-01 | grad=4.30e-01 | 0.8s
[   984] loss=-6.8484 | res=1.80e-01 | grad=7.34e-01 | 0.8s
[   985] loss=-6.9736 | res=1.91e-01 | grad=4.65e-01 | 0.8s
[   986] loss=-7.1358 | res=1.61e-01 | grad=7.52e-01 | 0.8s
[   987] loss=-6.9880 | res=1.94e-01 | grad=5.97e-01 | 0.8s
[   988] loss=-6.8242 | res=1.97e-01 | grad=3.85e-01 | 0.8s
[   989] loss=-7.1004 | res=2.00e-01 | grad=4.82e-01 | 0.8s
[   990] loss=-6.8035 | res=1.77e-01 | grad=5.43e-01 | 0.9s
[   991] loss=-6.9754 | res=2.05e-01 | grad=3.86e-01 | 0.8s
[   992] loss=-7.0578 | res=1.79e-01 | grad=5.71e-01 | 0.8s
[   993] loss=-7.1832 | res=1.77e-01 | grad=7.29e-01 | 0.8s
[   994] loss=-6.9660 | res=2.10e-01 | grad=4.64e-01 | 0.8s
[   995] loss=-6.6666 | res=1.96e-01 | grad=4.60e-01 | 0.8s
[   996] loss=-7.2478 | res=1.90e-01 | grad=4.80e-01 | 0.9s
[   997] loss=-6.3486 | res=1.88e-01 | grad=6.94e-01 | 0.8s
[   998] loss=-6.5071 | res=1.96e-01 | grad=5.57e-01 | 0.8s
[   999] loss=-6.8091 | res=2.03e-01 | grad=4.43e-01 | 0.8s
[  1000] loss=-6.9989 | res=2.00e-01 | grad=4.87e-01 | 0.8s
  KL = -0.1130 +/- 0.0211  |  ESS = 345.0 (ratio: 0.337)
  Runtime = 850.7s

[Ours] Training on T7...
/home/sjbhatt/anaconda3/envs/rcpms-jax/lib/python3.10/site-packages/jax/_src/ops/scatter.py:92: FutureWarning: scatter inputs have incompatible types: cannot safely cast value from dtype=int64 to dtype=int32 with jax_numpy_dtype_promotion='standard'. In future JAX releases this will result in an error.
  warnings.warn(
/home/sjbhatt/anaconda3/envs/rcpms-jax/lib/python3.10/site-packages/jax/_src/ops/scatter.py:92: FutureWarning: scatter inputs have incompatible types: cannot safely cast value from dtype=int64 to dtype=int32 with jax_numpy_dtype_promotion='standard'. In future JAX releases this will result in an error.
  warnings.warn(
[     1] loss=0.0434 | res=2.71e-03 | grad=7.34e+00 | 10.1s
[     2] loss=-0.1255 | res=3.26e-03 | grad=7.29e+00 | 0.7s
[     3] loss=-0.2979 | res=3.74e-03 | grad=6.93e+00 | 0.7s
[     4] loss=-0.4599 | res=4.31e-03 | grad=7.36e+00 | 0.7s
[     5] loss=-0.6244 | res=5.26e-03 | grad=7.95e+00 | 0.7s
[     6] loss=-0.7696 | res=5.30e-03 | grad=8.42e+00 | 0.7s
[     7] loss=-0.9437 | res=8.57e-03 | grad=9.28e+00 | 0.7s
[     8] loss=-1.1414 | res=1.15e-02 | grad=1.00e+01 | 0.7s
[     9] loss=-1.3541 | res=1.35e-02 | grad=1.08e+01 | 0.7s
[    10] loss=-1.5524 | res=1.61e-02 | grad=1.12e+01 | 0.7s
[    11] loss=-1.7347 | res=1.40e-02 | grad=1.11e+01 | 0.7s
[    12] loss=-1.9262 | res=1.93e-02 | grad=1.09e+01 | 0.7s
[    13] loss=-2.1541 | res=2.11e-02 | grad=1.05e+01 | 0.7s
[    14] loss=-2.3335 | res=2.15e-02 | grad=1.02e+01 | 0.7s
[    15] loss=-2.5235 | res=2.54e-02 | grad=9.83e+00 | 0.7s
[    16] loss=-2.8044 | res=2.81e-02 | grad=9.78e+00 | 0.7s
[    17] loss=-2.9628 | res=2.71e-02 | grad=9.74e+00 | 0.7s
[    18] loss=-3.2153 | res=2.76e-02 | grad=9.64e+00 | 0.7s
[    19] loss=-3.3665 | res=2.93e-02 | grad=9.10e+00 | 0.7s
[    20] loss=-3.6368 | res=4.46e-02 | grad=9.03e+00 | 0.7s
[    21] loss=-4.0462 | res=4.13e-02 | grad=9.37e+00 | 0.7s
[    22] loss=-4.0408 | res=4.70e-02 | grad=8.86e+00 | 0.7s
[    23] loss=-4.1928 | res=4.86e-02 | grad=8.64e+00 | 0.7s
[    24] loss=-4.5204 | res=4.61e-02 | grad=8.75e+00 | 0.7s
[    25] loss=-4.6060 | res=5.90e-02 | grad=8.54e+00 | 0.7s
[    26] loss=-4.9780 | res=5.85e-02 | grad=8.62e+00 | 0.7s
[    27] loss=-4.6929 | res=6.40e-02 | grad=7.84e+00 | 0.7s
[    28] loss=-5.1783 | res=7.97e-02 | grad=8.08e+00 | 0.7s
[    29] loss=-5.3061 | res=7.88e-02 | grad=7.98e+00 | 0.8s
[    30] loss=-5.4960 | res=8.16e-02 | grad=7.74e+00 | 0.7s
[    31] loss=-5.7512 | res=8.47e-02 | grad=7.58e+00 | 0.8s
[    32] loss=-5.8233 | res=8.71e-02 | grad=7.30e+00 | 0.7s
[    33] loss=-6.0961 | res=9.11e-02 | grad=7.23e+00 | 0.8s
[    34] loss=-6.2179 | res=1.07e-01 | grad=6.86e+00 | 0.7s
[    35] loss=-6.5719 | res=1.09e-01 | grad=6.89e+00 | 0.7s
[    36] loss=-6.5529 | res=1.22e-01 | grad=6.40e+00 | 0.8s
[    37] loss=-6.5428 | res=1.21e-01 | grad=6.10e+00 | 0.7s
[    38] loss=-6.6440 | res=1.29e-01 | grad=5.67e+00 | 0.8s
[    39] loss=-7.0037 | res=1.58e-01 | grad=5.59e+00 | 0.7s
[    40] loss=-7.0408 | res=1.29e-01 | grad=5.26e+00 | 0.7s
[    41] loss=-7.3363 | res=1.50e-01 | grad=5.11e+00 | 0.7s
[    42] loss=-7.3425 | res=1.54e-01 | grad=4.63e+00 | 0.7s
[    43] loss=-7.4981 | res=1.79e-01 | grad=4.37e+00 | 0.7s
[    44] loss=-7.5592 | res=1.85e-01 | grad=3.87e+00 | 0.7s
[    45] loss=-7.5582 | res=1.76e-01 | grad=3.53e+00 | 0.7s
[    46] loss=-7.6967 | res=1.94e-01 | grad=3.09e+00 | 0.8s
[    47] loss=-7.5504 | res=2.14e-01 | grad=2.53e+00 | 0.8s
[    48] loss=-8.1327 | res=2.18e-01 | grad=2.61e+00 | 0.8s
[    49] loss=-7.7842 | res=2.34e-01 | grad=2.16e+00 | 0.7s
[    50] loss=-7.7786 | res=2.31e-01 | grad=1.76e+00 | 0.8s
[    51] loss=-7.3766 | res=2.68e-01 | grad=1.24e+00 | 0.7s
[    52] loss=-8.2162 | res=2.82e-01 | grad=1.31e+00 | 0.7s
[    53] loss=-7.9546 | res=2.73e-01 | grad=9.76e-01 | 0.7s
[    54] loss=-7.9997 | res=3.02e-01 | grad=6.18e-01 | 0.7s
[    55] loss=-7.7880 | res=3.04e-01 | grad=9.44e-01 | 0.7s
[    56] loss=-7.7928 | res=3.47e-01 | grad=1.06e+00 | 0.7s
[    57] loss=-8.0858 | res=3.13e-01 | grad=8.56e-01 | 0.7s
[    58] loss=-8.1697 | res=3.60e-01 | grad=1.01e+00 | 0.7s
[    59] loss=-7.8750 | res=3.56e-01 | grad=1.06e+00 | 0.7s
[    60] loss=-7.8223 | res=3.30e-01 | grad=1.26e+00 | 0.7s
[    61] loss=-7.9740 | res=3.56e-01 | grad=1.12e+00 | 0.7s
[    62] loss=-7.9586 | res=3.55e-01 | grad=9.05e-01 | 0.7s
[    63] loss=-7.5936 | res=3.52e-01 | grad=1.18e+00 | 0.7s
[    64] loss=-8.0721 | res=3.45e-01 | grad=1.10e+00 | 0.7s
[    65] loss=-7.8304 | res=3.49e-01 | grad=1.52e+00 | 0.7s
[    66] loss=-7.9735 | res=3.48e-01 | grad=1.17e+00 | 0.7s
[    67] loss=-7.3743 | res=3.39e-01 | grad=1.17e+00 | 0.7s
[    68] loss=-8.0324 | res=3.14e-01 | grad=1.37e+00 | 0.7s
[    69] loss=-7.8404 | res=3.47e-01 | grad=1.24e+00 | 0.7s
[    70] loss=-8.0948 | res=3.25e-01 | grad=1.31e+00 | 0.7s
[    71] loss=-8.2487 | res=2.89e-01 | grad=6.65e-01 | 0.7s
[    72] loss=-7.9590 | res=3.41e-01 | grad=8.23e-01 | 0.7s
[    73] loss=-8.1839 | res=2.52e-01 | grad=7.62e-01 | 0.7s
[    74] loss=-8.3549 | res=3.03e-01 | grad=6.53e-01 | 0.7s
[    75] loss=-8.1008 | res=2.75e-01 | grad=1.01e+00 | 0.7s
[    76] loss=-8.0213 | res=2.87e-01 | grad=8.12e-01 | 0.7s
[    77] loss=-7.7600 | res=2.74e-01 | grad=8.80e-01 | 0.7s
[    78] loss=-8.0011 | res=2.73e-01 | grad=8.75e-01 | 0.7s
[    79] loss=-8.0608 | res=2.86e-01 | grad=1.29e+00 | 0.7s
[    80] loss=-8.2345 | res=2.68e-01 | grad=6.18e-01 | 0.7s
[    81] loss=-8.3209 | res=2.70e-01 | grad=1.01e+00 | 0.7s
[    82] loss=-8.0144 | res=2.62e-01 | grad=3.68e-01 | 0.8s
[    83] loss=-7.9189 | res=2.62e-01 | grad=5.99e-01 | 0.8s
[    84] loss=-8.2202 | res=2.89e-01 | grad=1.30e+00 | 0.7s
[    85] loss=-7.9283 | res=2.88e-01 | grad=1.35e+00 | 0.7s
[    86] loss=-7.8745 | res=2.70e-01 | grad=4.87e-01 | 0.8s
[    87] loss=-7.7455 | res=2.76e-01 | grad=1.08e+00 | 0.7s
[    88] loss=-7.9005 | res=2.73e-01 | grad=9.47e-01 | 0.8s
[    89] loss=-8.1793 | res=2.94e-01 | grad=7.34e-01 | 0.7s
[    90] loss=-7.9339 | res=2.74e-01 | grad=7.37e-01 | 0.7s
[    91] loss=-8.0617 | res=2.76e-01 | grad=5.55e-01 | 0.7s
[    92] loss=-8.0714 | res=2.87e-01 | grad=1.25e+00 | 0.7s
[    93] loss=-7.9628 | res=2.74e-01 | grad=8.54e-01 | 0.7s
[    94] loss=-8.0602 | res=2.93e-01 | grad=5.59e-01 | 0.7s
[    95] loss=-7.8779 | res=3.00e-01 | grad=9.48e-01 | 0.7s
[    96] loss=-8.0934 | res=2.66e-01 | grad=7.50e-01 | 0.7s
[    97] loss=-8.0107 | res=2.67e-01 | grad=6.16e-01 | 0.7s
[    98] loss=-8.0827 | res=2.76e-01 | grad=4.94e-01 | 0.7s
[    99] loss=-8.0556 | res=2.86e-01 | grad=9.41e-01 | 0.7s
[   100] loss=-7.8446 | res=2.91e-01 | grad=5.53e-01 | 0.7s
[   101] loss=-7.8254 | res=2.97e-01 | grad=6.75e-01 | 0.7s
[   102] loss=-7.6981 | res=2.84e-01 | grad=9.90e-01 | 0.7s
[   103] loss=-7.9230 | res=2.64e-01 | grad=6.87e-01 | 0.7s
[   104] loss=-7.9684 | res=2.78e-01 | grad=9.12e-01 | 0.7s
[   105] loss=-8.0152 | res=2.70e-01 | grad=8.25e-01 | 0.7s
[   106] loss=-7.7352 | res=2.91e-01 | grad=4.64e-01 | 0.7s
[   107] loss=-7.9701 | res=2.94e-01 | grad=1.27e+00 | 0.7s
[   108] loss=-8.0991 | res=2.89e-01 | grad=6.60e-01 | 0.7s
[   109] loss=-8.0237 | res=2.82e-01 | grad=6.81e-01 | 0.7s
[   110] loss=-7.8992 | res=2.73e-01 | grad=8.10e-01 | 0.7s
[   111] loss=-8.1577 | res=2.66e-01 | grad=5.69e-01 | 0.7s
[   112] loss=-7.6511 | res=2.68e-01 | grad=9.13e-01 | 0.7s
[   113] loss=-8.0583 | res=2.98e-01 | grad=9.38e-01 | 0.7s
[   114] loss=-7.9494 | res=2.56e-01 | grad=9.13e-01 | 0.7s
[   115] loss=-8.1110 | res=2.91e-01 | grad=1.04e+00 | 0.7s
[   116] loss=-7.8993 | res=2.85e-01 | grad=6.59e-01 | 0.7s
[   117] loss=-8.1669 | res=2.58e-01 | grad=1.15e+00 | 0.7s
[   118] loss=-7.7473 | res=2.62e-01 | grad=1.22e+00 | 0.7s
[   119] loss=-8.0205 | res=2.81e-01 | grad=9.14e-01 | 0.7s
[   120] loss=-8.4218 | res=2.71e-01 | grad=7.04e-01 | 0.7s
[   121] loss=-8.2283 | res=3.10e-01 | grad=5.66e-01 | 0.7s
[   122] loss=-8.4001 | res=2.63e-01 | grad=5.72e-01 | 0.7s
[   123] loss=-7.9909 | res=2.78e-01 | grad=7.40e-01 | 0.7s
[   124] loss=-7.9320 | res=2.62e-01 | grad=7.77e-01 | 0.7s
[   125] loss=-8.0367 | res=2.73e-01 | grad=7.78e-01 | 0.7s
[   126] loss=-7.9911 | res=2.75e-01 | grad=8.11e-01 | 0.7s
[   127] loss=-8.1370 | res=2.83e-01 | grad=6.48e-01 | 0.7s
[   128] loss=-8.1855 | res=2.89e-01 | grad=7.88e-01 | 0.7s
[   129] loss=-8.2469 | res=2.79e-01 | grad=9.85e-01 | 0.7s
[   130] loss=-7.9230 | res=2.82e-01 | grad=9.63e-01 | 0.7s
[   131] loss=-8.0277 | res=2.74e-01 | grad=6.30e-01 | 0.7s
[   132] loss=-8.1813 | res=2.57e-01 | grad=5.51e-01 | 0.7s
[   133] loss=-7.6810 | res=2.70e-01 | grad=1.39e+00 | 0.7s
[   134] loss=-8.1449 | res=2.76e-01 | grad=1.16e+00 | 0.7s
[   135] loss=-7.8371 | res=2.60e-01 | grad=6.81e-01 | 0.7s
[   136] loss=-7.9727 | res=2.78e-01 | grad=9.07e-01 | 0.7s
[   137] loss=-7.9526 | res=2.74e-01 | grad=9.71e-01 | 0.7s
[   138] loss=-8.3945 | res=2.74e-01 | grad=5.49e-01 | 0.7s
[   139] loss=-7.8942 | res=2.62e-01 | grad=1.15e+00 | 0.7s
[   140] loss=-8.2532 | res=2.58e-01 | grad=5.77e-01 | 0.7s
[   141] loss=-7.6840 | res=2.76e-01 | grad=4.56e-01 | 0.7s
[   142] loss=-7.9851 | res=2.76e-01 | grad=7.28e-01 | 0.7s
[   143] loss=-8.3896 | res=2.83e-01 | grad=1.04e+00 | 0.7s
[   144] loss=-8.0386 | res=2.73e-01 | grad=8.19e-01 | 0.7s
[   145] loss=-8.1900 | res=2.78e-01 | grad=7.72e-01 | 0.7s
[   146] loss=-8.1335 | res=2.86e-01 | grad=6.88e-01 | 0.7s
[   147] loss=-8.1549 | res=2.59e-01 | grad=1.03e+00 | 0.7s
[   148] loss=-8.0061 | res=2.60e-01 | grad=8.99e-01 | 0.7s
[   149] loss=-7.9178 | res=2.75e-01 | grad=6.01e-01 | 0.7s
[   150] loss=-8.1803 | res=2.56e-01 | grad=1.18e+00 | 0.7s
[   151] loss=-8.1003 | res=2.83e-01 | grad=6.83e-01 | 0.7s
[   152] loss=-8.1769 | res=2.70e-01 | grad=1.07e+00 | 0.7s
[   153] loss=-7.7659 | res=2.63e-01 | grad=1.32e+00 | 0.7s
[   154] loss=-8.2357 | res=2.73e-01 | grad=1.25e+00 | 0.7s
[   155] loss=-8.3213 | res=2.82e-01 | grad=1.06e+00 | 0.7s
[   156] loss=-8.2841 | res=2.90e-01 | grad=1.13e+00 | 0.7s
[   157] loss=-7.9119 | res=2.38e-01 | grad=1.08e+00 | 0.8s
[   158] loss=-7.9762 | res=2.71e-01 | grad=1.08e+00 | 0.8s
[   159] loss=-8.2931 | res=2.77e-01 | grad=9.42e-01 | 0.7s
[   160] loss=-8.2183 | res=2.41e-01 | grad=6.34e-01 | 0.7s
[   161] loss=-7.7962 | res=2.84e-01 | grad=9.02e-01 | 0.8s
[   162] loss=-8.2970 | res=2.72e-01 | grad=5.33e-01 | 0.7s
[   163] loss=-8.3922 | res=2.79e-01 | grad=1.14e+00 | 0.8s
[   164] loss=-7.9762 | res=3.00e-01 | grad=7.53e-01 | 0.8s
[   165] loss=-7.8933 | res=2.62e-01 | grad=6.87e-01 | 0.8s
[   166] loss=-8.2766 | res=2.67e-01 | grad=6.26e-01 | 0.7s
[   167] loss=-7.9771 | res=2.62e-01 | grad=7.84e-01 | 0.7s
[   168] loss=-8.1933 | res=2.78e-01 | grad=6.81e-01 | 0.7s
[   169] loss=-7.9091 | res=2.72e-01 | grad=6.45e-01 | 0.7s
[   170] loss=-8.0224 | res=2.65e-01 | grad=8.49e-01 | 0.7s
[   171] loss=-7.7108 | res=2.71e-01 | grad=8.40e-01 | 0.7s
[   172] loss=-7.9631 | res=2.60e-01 | grad=8.33e-01 | 0.7s
[   173] loss=-8.1903 | res=2.54e-01 | grad=4.25e-01 | 0.7s
[   174] loss=-8.0575 | res=2.68e-01 | grad=6.43e-01 | 0.7s
[   175] loss=-7.9566 | res=2.65e-01 | grad=9.16e-01 | 0.7s
[   176] loss=-8.3007 | res=2.59e-01 | grad=9.76e-01 | 0.7s
[   177] loss=-7.8741 | res=2.65e-01 | grad=7.06e-01 | 0.7s
[   178] loss=-7.6425 | res=2.82e-01 | grad=5.65e-01 | 0.7s
[   179] loss=-8.1452 | res=2.60e-01 | grad=5.69e-01 | 0.7s
[   180] loss=-7.9729 | res=2.72e-01 | grad=9.17e-01 | 0.7s
[   181] loss=-8.1151 | res=2.66e-01 | grad=6.24e-01 | 0.7s
[   182] loss=-8.1688 | res=2.71e-01 | grad=6.46e-01 | 0.7s
[   183] loss=-7.9065 | res=2.47e-01 | grad=1.04e+00 | 0.7s
[   184] loss=-7.7275 | res=2.73e-01 | grad=1.08e+00 | 0.7s
[   185] loss=-8.1748 | res=2.55e-01 | grad=1.25e+00 | 0.7s
[   186] loss=-7.7692 | res=2.41e-01 | grad=7.03e-01 | 0.7s
[   187] loss=-8.3207 | res=2.52e-01 | grad=7.33e-01 | 0.7s
[   188] loss=-8.2749 | res=2.49e-01 | grad=7.18e-01 | 0.7s
[   189] loss=-8.0824 | res=2.56e-01 | grad=7.57e-01 | 0.7s
[   190] loss=-8.0606 | res=2.61e-01 | grad=5.81e-01 | 0.7s
[   191] loss=-7.4910 | res=2.70e-01 | grad=6.83e-01 | 0.7s
[   192] loss=-8.0915 | res=2.45e-01 | grad=8.74e-01 | 0.7s
[   193] loss=-7.9623 | res=2.68e-01 | grad=9.62e-01 | 0.7s
[   194] loss=-8.0770 | res=2.59e-01 | grad=5.33e-01 | 0.7s
[   195] loss=-8.0317 | res=2.56e-01 | grad=5.72e-01 | 0.7s
[   196] loss=-8.0389 | res=2.44e-01 | grad=5.31e-01 | 0.7s
[   197] loss=-8.1170 | res=2.59e-01 | grad=1.03e+00 | 0.7s
[   198] loss=-8.2189 | res=2.51e-01 | grad=5.51e-01 | 0.7s
[   199] loss=-8.1539 | res=2.61e-01 | grad=1.16e+00 | 0.7s
[   200] loss=-7.9078 | res=2.41e-01 | grad=8.17e-01 | 0.7s
[   201] loss=-8.2580 | res=2.64e-01 | grad=7.06e-01 | 0.7s
[   202] loss=-8.0565 | res=2.71e-01 | grad=4.68e-01 | 0.7s
[   203] loss=-8.1976 | res=2.51e-01 | grad=8.72e-01 | 0.7s
[   204] loss=-7.8306 | res=2.76e-01 | grad=8.53e-01 | 0.7s
[   205] loss=-7.8781 | res=2.83e-01 | grad=9.94e-01 | 0.7s
[   206] loss=-8.2022 | res=2.72e-01 | grad=6.60e-01 | 0.7s
[   207] loss=-8.3323 | res=2.74e-01 | grad=7.40e-01 | 0.7s
[   208] loss=-8.1772 | res=2.74e-01 | grad=8.50e-01 | 0.7s
[   209] loss=-7.4540 | res=2.72e-01 | grad=1.10e+00 | 0.7s
[   210] loss=-7.8473 | res=2.68e-01 | grad=8.36e-01 | 0.7s
[   211] loss=-8.0732 | res=2.53e-01 | grad=5.60e-01 | 0.7s
[   212] loss=-8.1638 | res=2.77e-01 | grad=9.39e-01 | 0.7s
[   213] loss=-8.2180 | res=2.64e-01 | grad=1.07e+00 | 0.7s
[   214] loss=-8.0135 | res=2.73e-01 | grad=8.54e-01 | 0.7s
[   215] loss=-8.1616 | res=2.54e-01 | grad=4.79e-01 | 0.7s
[   216] loss=-7.8895 | res=2.58e-01 | grad=6.01e-01 | 0.7s
[   217] loss=-7.8908 | res=2.46e-01 | grad=7.90e-01 | 0.7s
[   218] loss=-8.2455 | res=2.51e-01 | grad=1.15e+00 | 0.7s
[   219] loss=-7.9507 | res=2.36e-01 | grad=8.27e-01 | 0.7s
[   220] loss=-7.8934 | res=2.65e-01 | grad=8.11e-01 | 0.7s
[   221] loss=-7.6022 | res=2.73e-01 | grad=8.88e-01 | 0.7s
[   222] loss=-8.1259 | res=2.48e-01 | grad=9.13e-01 | 0.7s
[   223] loss=-8.0030 | res=2.57e-01 | grad=8.94e-01 | 0.7s
[   224] loss=-8.1804 | res=2.69e-01 | grad=1.06e+00 | 0.7s
[   225] loss=-8.1646 | res=2.61e-01 | grad=9.18e-01 | 0.7s
[   226] loss=-7.8022 | res=2.66e-01 | grad=9.14e-01 | 0.7s
[   227] loss=-8.0708 | res=2.48e-01 | grad=9.56e-01 | 0.7s
[   228] loss=-7.9735 | res=2.77e-01 | grad=7.80e-01 | 0.7s
[   229] loss=-8.0658 | res=2.39e-01 | grad=8.20e-01 | 0.7s
[   230] loss=-8.0618 | res=2.60e-01 | grad=6.75e-01 | 0.8s
[   231] loss=-8.0951 | res=2.49e-01 | grad=1.03e+00 | 0.7s
[   232] loss=-7.8983 | res=2.71e-01 | grad=1.35e+00 | 0.7s
[   233] loss=-7.9154 | res=2.43e-01 | grad=7.42e-01 | 0.7s
[   234] loss=-8.0636 | res=2.51e-01 | grad=6.36e-01 | 0.7s
[   235] loss=-8.2246 | res=2.59e-01 | grad=9.04e-01 | 0.7s
[   236] loss=-8.1759 | res=2.54e-01 | grad=4.67e-01 | 0.7s
[   237] loss=-8.0686 | res=2.39e-01 | grad=7.48e-01 | 0.7s
[   238] loss=-8.5869 | res=2.50e-01 | grad=7.94e-01 | 0.7s
[   239] loss=-7.8747 | res=2.47e-01 | grad=1.04e+00 | 0.7s
[   240] loss=-8.0894 | res=2.56e-01 | grad=7.98e-01 | 0.7s
[   241] loss=-7.9636 | res=2.69e-01 | grad=1.04e+00 | 0.7s
[   242] loss=-7.8030 | res=2.59e-01 | grad=8.28e-01 | 0.7s
[   243] loss=-8.1282 | res=2.46e-01 | grad=9.14e-01 | 0.7s
[   244] loss=-8.2356 | res=2.59e-01 | grad=8.21e-01 | 0.7s
[   245] loss=-8.1113 | res=2.70e-01 | grad=1.32e+00 | 0.8s
[   246] loss=-8.3287 | res=2.27e-01 | grad=6.98e-01 | 0.7s
[   247] loss=-8.2314 | res=2.67e-01 | grad=9.10e-01 | 0.7s
[   248] loss=-8.0611 | res=2.79e-01 | grad=9.32e-01 | 0.7s
[   249] loss=-8.0415 | res=2.93e-01 | grad=7.35e-01 | 0.7s
[   250] loss=-8.0528 | res=2.72e-01 | grad=7.86e-01 | 0.7s
[   251] loss=-8.4119 | res=2.52e-01 | grad=5.55e-01 | 0.7s
[   252] loss=-8.2557 | res=2.75e-01 | grad=5.63e-01 | 0.7s
[   253] loss=-8.2854 | res=2.59e-01 | grad=9.12e-01 | 0.7s
[   254] loss=-8.3709 | res=2.47e-01 | grad=8.41e-01 | 0.7s
[   255] loss=-8.2917 | res=2.51e-01 | grad=4.55e-01 | 0.8s
[   256] loss=-7.9553 | res=2.51e-01 | grad=5.10e-01 | 0.7s
[   257] loss=-7.9504 | res=2.65e-01 | grad=7.59e-01 | 0.7s
[   258] loss=-8.0775 | res=2.85e-01 | grad=7.85e-01 | 0.7s
[   259] loss=-7.9515 | res=2.48e-01 | grad=6.74e-01 | 0.7s
[   260] loss=-8.3620 | res=2.49e-01 | grad=9.82e-01 | 0.7s
[   261] loss=-7.9673 | res=2.63e-01 | grad=9.39e-01 | 0.7s
[   262] loss=-7.8382 | res=2.68e-01 | grad=6.45e-01 | 0.8s
[   263] loss=-8.2186 | res=2.52e-01 | grad=8.10e-01 | 0.7s
[   264] loss=-7.8630 | res=2.65e-01 | grad=8.39e-01 | 0.8s
[   265] loss=-8.1672 | res=2.64e-01 | grad=6.23e-01 | 0.8s
[   266] loss=-8.1837 | res=2.49e-01 | grad=9.29e-01 | 0.8s
[   267] loss=-8.0543 | res=2.48e-01 | grad=7.02e-01 | 0.8s
[   268] loss=-7.7036 | res=2.50e-01 | grad=7.03e-01 | 0.8s
[   269] loss=-7.9404 | res=2.76e-01 | grad=6.87e-01 | 0.7s
[   270] loss=-8.5523 | res=2.66e-01 | grad=4.76e-01 | 0.8s
[   271] loss=-8.1668 | res=2.36e-01 | grad=7.77e-01 | 0.7s
[   272] loss=-7.9587 | res=2.39e-01 | grad=6.80e-01 | 0.7s
[   273] loss=-8.1376 | res=2.72e-01 | grad=5.75e-01 | 0.7s
[   274] loss=-7.7705 | res=2.68e-01 | grad=6.83e-01 | 0.7s
[   275] loss=-8.0145 | res=2.59e-01 | grad=4.93e-01 | 0.7s
[   276] loss=-7.8027 | res=2.70e-01 | grad=9.28e-01 | 0.7s
[   277] loss=-8.0910 | res=2.60e-01 | grad=7.43e-01 | 0.7s
[   278] loss=-8.0524 | res=2.58e-01 | grad=5.78e-01 | 0.7s
[   279] loss=-8.4258 | res=2.53e-01 | grad=6.39e-01 | 0.7s
[   280] loss=-8.0085 | res=2.48e-01 | grad=7.70e-01 | 0.8s
[   281] loss=-8.1529 | res=2.50e-01 | grad=9.77e-01 | 0.8s
[   282] loss=-8.2870 | res=2.67e-01 | grad=7.64e-01 | 0.8s
[   283] loss=-7.8361 | res=2.68e-01 | grad=9.62e-01 | 0.8s
[   284] loss=-8.3375 | res=2.41e-01 | grad=6.38e-01 | 0.7s
[   285] loss=-8.2122 | res=2.59e-01 | grad=4.59e-01 | 0.8s
[   286] loss=-8.2017 | res=2.61e-01 | grad=8.32e-01 | 0.8s
[   287] loss=-7.9312 | res=2.69e-01 | grad=7.40e-01 | 0.8s
[   288] loss=-7.8222 | res=2.62e-01 | grad=7.45e-01 | 0.8s
[   289] loss=-7.9919 | res=2.65e-01 | grad=9.55e-01 | 0.8s
[   290] loss=-8.2116 | res=2.64e-01 | grad=5.59e-01 | 0.8s
[   291] loss=-8.0369 | res=2.56e-01 | grad=9.27e-01 | 0.7s
[   292] loss=-8.0921 | res=2.40e-01 | grad=5.71e-01 | 0.7s
[   293] loss=-7.9316 | res=2.65e-01 | grad=8.53e-01 | 0.8s
[   294] loss=-8.0771 | res=2.60e-01 | grad=9.71e-01 | 0.7s
[   295] loss=-7.8137 | res=2.60e-01 | grad=9.65e-01 | 0.8s
[   296] loss=-7.7934 | res=2.59e-01 | grad=1.05e+00 | 0.8s
[   297] loss=-8.0342 | res=2.37e-01 | grad=8.31e-01 | 0.7s
[   298] loss=-7.9208 | res=2.65e-01 | grad=1.02e+00 | 0.8s
[   299] loss=-7.8108 | res=2.75e-01 | grad=7.77e-01 | 0.8s
[   300] loss=-7.8795 | res=2.47e-01 | grad=1.44e+00 | 0.8s
[   301] loss=-7.8385 | res=2.50e-01 | grad=1.06e+00 | 0.7s
[   302] loss=-8.0537 | res=2.49e-01 | grad=5.73e-01 | 0.8s
[   303] loss=-8.0657 | res=2.66e-01 | grad=8.42e-01 | 0.8s
[   304] loss=-8.2425 | res=2.39e-01 | grad=8.22e-01 | 0.8s
[   305] loss=-7.8745 | res=2.63e-01 | grad=8.00e-01 | 0.7s
[   306] loss=-7.5384 | res=2.47e-01 | grad=8.30e-01 | 0.7s
[   307] loss=-8.0823 | res=2.34e-01 | grad=1.05e+00 | 0.7s
[   308] loss=-7.9755 | res=2.32e-01 | grad=5.94e-01 | 0.7s
[   309] loss=-8.1845 | res=2.44e-01 | grad=8.13e-01 | 0.7s
[   310] loss=-8.0289 | res=2.48e-01 | grad=5.50e-01 | 0.7s
[   311] loss=-8.0778 | res=2.73e-01 | grad=7.66e-01 | 0.7s
[   312] loss=-7.9998 | res=2.29e-01 | grad=6.83e-01 | 0.7s
[   313] loss=-8.1074 | res=2.38e-01 | grad=6.28e-01 | 0.7s
[   314] loss=-8.3163 | res=2.52e-01 | grad=8.36e-01 | 0.7s
[   315] loss=-8.0693 | res=2.30e-01 | grad=5.09e-01 | 0.7s
[   316] loss=-7.8520 | res=2.59e-01 | grad=6.54e-01 | 0.7s
[   317] loss=-7.8943 | res=2.49e-01 | grad=8.79e-01 | 0.8s
[   318] loss=-7.9188 | res=2.60e-01 | grad=7.56e-01 | 0.8s
[   319] loss=-8.1945 | res=2.42e-01 | grad=2.92e-01 | 0.8s
[   320] loss=-7.9471 | res=2.27e-01 | grad=8.80e-01 | 0.7s
[   321] loss=-8.1621 | res=2.50e-01 | grad=7.36e-01 | 0.8s
[   322] loss=-8.2358 | res=2.37e-01 | grad=7.63e-01 | 0.8s
[   323] loss=-7.9906 | res=2.57e-01 | grad=6.09e-01 | 0.7s
[   324] loss=-7.7937 | res=2.54e-01 | grad=8.00e-01 | 0.7s
[   325] loss=-8.3068 | res=2.41e-01 | grad=6.34e-01 | 0.7s
[   326] loss=-8.0826 | res=2.62e-01 | grad=9.41e-01 | 0.8s
[   327] loss=-7.8715 | res=2.63e-01 | grad=3.90e-01 | 0.8s
[   328] loss=-7.9203 | res=2.69e-01 | grad=5.88e-01 | 0.7s
[   329] loss=-7.7216 | res=2.72e-01 | grad=7.16e-01 | 0.8s
[   330] loss=-8.1363 | res=2.37e-01 | grad=5.55e-01 | 0.7s
[   331] loss=-8.1960 | res=2.45e-01 | grad=9.26e-01 | 0.7s
[   332] loss=-8.1906 | res=2.44e-01 | grad=5.31e-01 | 0.7s
[   333] loss=-7.8783 | res=2.38e-01 | grad=7.26e-01 | 0.7s
[   334] loss=-8.1381 | res=2.50e-01 | grad=9.58e-01 | 0.7s
[   335] loss=-7.9736 | res=2.39e-01 | grad=7.01e-01 | 0.7s
[   336] loss=-7.8283 | res=2.59e-01 | grad=7.03e-01 | 0.7s
[   337] loss=-8.3235 | res=2.70e-01 | grad=8.40e-01 | 0.7s
[   338] loss=-7.8907 | res=2.56e-01 | grad=5.84e-01 | 0.7s
[   339] loss=-8.2945 | res=2.54e-01 | grad=6.01e-01 | 0.8s
[   340] loss=-8.2782 | res=2.44e-01 | grad=6.61e-01 | 0.7s
[   341] loss=-7.9563 | res=2.62e-01 | grad=1.01e+00 | 0.7s
[   342] loss=-7.7464 | res=2.61e-01 | grad=7.08e-01 | 0.7s
[   343] loss=-8.1122 | res=2.43e-01 | grad=9.86e-01 | 0.7s
[   344] loss=-8.5055 | res=2.51e-01 | grad=8.33e-01 | 0.7s
[   345] loss=-7.5409 | res=2.51e-01 | grad=7.93e-01 | 0.7s
[   346] loss=-8.0303 | res=2.34e-01 | grad=1.05e+00 | 0.7s
[   347] loss=-8.2388 | res=2.36e-01 | grad=5.34e-01 | 0.7s
[   348] loss=-8.7185 | res=2.63e-01 | grad=7.69e-01 | 0.7s
[   349] loss=-8.0665 | res=2.50e-01 | grad=8.93e-01 | 0.7s
[   350] loss=-8.2288 | res=2.51e-01 | grad=1.08e+00 | 0.7s
[   351] loss=-7.9817 | res=2.66e-01 | grad=6.15e-01 | 0.7s
[   352] loss=-7.8469 | res=2.38e-01 | grad=5.15e-01 | 0.7s
[   353] loss=-8.1883 | res=2.38e-01 | grad=8.76e-01 | 0.7s
[   354] loss=-8.2234 | res=2.48e-01 | grad=8.81e-01 | 0.7s
[   355] loss=-8.4807 | res=2.47e-01 | grad=7.59e-01 | 0.7s
[   356] loss=-8.2689 | res=2.33e-01 | grad=4.11e-01 | 0.7s
[   357] loss=-8.6026 | res=2.43e-01 | grad=1.07e+00 | 0.7s
[   358] loss=-8.0983 | res=2.43e-01 | grad=8.32e-01 | 0.7s
[   359] loss=-8.2558 | res=2.54e-01 | grad=9.67e-01 | 0.7s
[   360] loss=-7.7520 | res=2.69e-01 | grad=8.03e-01 | 0.7s
[   361] loss=-8.1789 | res=2.42e-01 | grad=7.11e-01 | 0.7s
[   362] loss=-8.0850 | res=2.59e-01 | grad=1.10e+00 | 0.7s
[   363] loss=-8.4306 | res=2.53e-01 | grad=1.35e+00 | 0.7s
[   364] loss=-7.9241 | res=2.55e-01 | grad=9.09e-01 | 0.7s
[   365] loss=-7.6884 | res=2.49e-01 | grad=7.96e-01 | 0.7s
[   366] loss=-8.1661 | res=2.51e-01 | grad=6.46e-01 | 0.7s
[   367] loss=-7.9346 | res=2.50e-01 | grad=7.73e-01 | 0.7s
[   368] loss=-7.8797 | res=2.57e-01 | grad=7.84e-01 | 0.7s
[   369] loss=-8.2596 | res=2.76e-01 | grad=8.54e-01 | 0.7s
[   370] loss=-8.1248 | res=2.63e-01 | grad=5.82e-01 | 0.7s
[   371] loss=-7.9278 | res=2.50e-01 | grad=6.78e-01 | 0.7s
[   372] loss=-8.2023 | res=2.61e-01 | grad=5.83e-01 | 0.7s
[   373] loss=-7.9844 | res=2.45e-01 | grad=1.03e+00 | 0.7s
[   374] loss=-8.1154 | res=2.60e-01 | grad=8.43e-01 | 0.7s
[   375] loss=-7.9698 | res=2.63e-01 | grad=7.63e-01 | 0.7s
[   376] loss=-7.8539 | res=2.45e-01 | grad=6.71e-01 | 0.7s
[   377] loss=-8.0863 | res=2.28e-01 | grad=7.29e-01 | 0.7s
[   378] loss=-7.9017 | res=2.22e-01 | grad=7.15e-01 | 0.7s
[   379] loss=-8.1894 | res=2.68e-01 | grad=7.17e-01 | 0.7s
[   380] loss=-8.0703 | res=2.44e-01 | grad=6.07e-01 | 0.7s
[   381] loss=-8.1097 | res=2.55e-01 | grad=7.58e-01 | 0.7s
[   382] loss=-8.3640 | res=2.56e-01 | grad=1.07e+00 | 0.7s
[   383] loss=-7.7531 | res=2.63e-01 | grad=5.58e-01 | 0.7s
[   384] loss=-7.9875 | res=2.47e-01 | grad=7.85e-01 | 0.7s
[   385] loss=-7.8024 | res=2.54e-01 | grad=1.04e+00 | 0.7s
[   386] loss=-8.1866 | res=2.55e-01 | grad=6.53e-01 | 0.7s
[   387] loss=-7.8443 | res=2.63e-01 | grad=5.85e-01 | 0.7s
[   388] loss=-7.8409 | res=2.31e-01 | grad=9.64e-01 | 0.7s
[   389] loss=-8.0400 | res=2.39e-01 | grad=6.92e-01 | 0.7s
[   390] loss=-8.2799 | res=2.43e-01 | grad=6.38e-01 | 0.7s
[   391] loss=-8.3520 | res=2.40e-01 | grad=7.08e-01 | 0.7s
[   392] loss=-8.3209 | res=2.52e-01 | grad=7.55e-01 | 0.7s
[   393] loss=-8.0900 | res=2.46e-01 | grad=5.12e-01 | 0.7s
[   394] loss=-7.9079 | res=2.53e-01 | grad=6.32e-01 | 0.7s
[   395] loss=-8.3490 | res=2.54e-01 | grad=7.05e-01 | 0.7s
[   396] loss=-7.9971 | res=2.41e-01 | grad=1.25e+00 | 0.7s
[   397] loss=-8.4526 | res=2.53e-01 | grad=1.03e+00 | 0.7s
[   398] loss=-8.0472 | res=2.45e-01 | grad=4.55e-01 | 0.7s
[   399] loss=-8.0272 | res=2.52e-01 | grad=1.04e+00 | 0.7s
[   400] loss=-8.0063 | res=2.36e-01 | grad=8.59e-01 | 0.7s
[   401] loss=-8.3750 | res=2.47e-01 | grad=8.47e-01 | 0.7s
[   402] loss=-8.1089 | res=2.64e-01 | grad=6.77e-01 | 0.7s
[   403] loss=-8.0707 | res=2.53e-01 | grad=1.14e+00 | 0.7s
[   404] loss=-7.8819 | res=2.48e-01 | grad=8.31e-01 | 0.7s
[   405] loss=-7.7782 | res=2.42e-01 | grad=7.82e-01 | 0.7s
[   406] loss=-8.0769 | res=2.40e-01 | grad=5.39e-01 | 0.7s
[   407] loss=-8.5324 | res=2.36e-01 | grad=7.57e-01 | 0.7s
[   408] loss=-8.0951 | res=2.42e-01 | grad=1.05e+00 | 0.7s
[   409] loss=-8.1189 | res=2.54e-01 | grad=6.94e-01 | 0.7s
[   410] loss=-8.0150 | res=2.35e-01 | grad=6.08e-01 | 0.7s
[   411] loss=-7.6620 | res=2.47e-01 | grad=8.44e-01 | 0.7s
[   412] loss=-8.2898 | res=2.28e-01 | grad=1.02e+00 | 0.7s
[   413] loss=-7.8434 | res=2.42e-01 | grad=8.99e-01 | 0.7s
[   414] loss=-8.1827 | res=2.45e-01 | grad=6.63e-01 | 0.7s
[   415] loss=-7.7148 | res=2.57e-01 | grad=9.24e-01 | 0.7s
[   416] loss=-8.2017 | res=2.50e-01 | grad=6.19e-01 | 0.7s
[   417] loss=-8.3042 | res=2.42e-01 | grad=8.67e-01 | 0.7s
[   418] loss=-8.1410 | res=2.52e-01 | grad=7.01e-01 | 0.7s
[   419] loss=-8.0260 | res=2.44e-01 | grad=7.18e-01 | 0.7s
[   420] loss=-8.4387 | res=2.42e-01 | grad=8.40e-01 | 0.7s
[   421] loss=-8.0896 | res=2.41e-01 | grad=6.92e-01 | 0.7s
[   422] loss=-8.5108 | res=2.59e-01 | grad=4.46e-01 | 0.7s
[   423] loss=-7.9754 | res=2.41e-01 | grad=5.48e-01 | 0.7s
[   424] loss=-7.8468 | res=2.34e-01 | grad=7.65e-01 | 0.7s
[   425] loss=-8.2564 | res=2.43e-01 | grad=5.15e-01 | 0.7s
[   426] loss=-8.2575 | res=2.49e-01 | grad=4.59e-01 | 0.7s
[   427] loss=-7.8193 | res=2.43e-01 | grad=9.92e-01 | 0.7s
[   428] loss=-7.7095 | res=2.62e-01 | grad=1.07e+00 | 0.7s
[   429] loss=-8.1198 | res=2.49e-01 | grad=4.26e-01 | 0.7s
[   430] loss=-8.1990 | res=2.68e-01 | grad=6.67e-01 | 0.7s
[   431] loss=-8.0574 | res=2.46e-01 | grad=9.80e-01 | 0.7s
[   432] loss=-7.6503 | res=2.47e-01 | grad=6.64e-01 | 0.7s
[   433] loss=-8.0897 | res=2.34e-01 | grad=8.64e-01 | 0.7s
[   434] loss=-8.1792 | res=2.45e-01 | grad=5.04e-01 | 0.7s
[   435] loss=-7.8575 | res=2.59e-01 | grad=5.61e-01 | 0.7s
[   436] loss=-8.3782 | res=2.61e-01 | grad=3.78e-01 | 0.7s
[   437] loss=-8.2233 | res=2.72e-01 | grad=5.74e-01 | 0.7s
[   438] loss=-8.1027 | res=2.48e-01 | grad=7.45e-01 | 0.7s
[   439] loss=-7.9963 | res=2.41e-01 | grad=5.20e-01 | 0.7s
[   440] loss=-8.1532 | res=2.57e-01 | grad=5.14e-01 | 0.7s
[   441] loss=-8.1016 | res=2.51e-01 | grad=1.00e+00 | 0.7s
[   442] loss=-7.9896 | res=2.49e-01 | grad=6.53e-01 | 0.7s
[   443] loss=-8.2709 | res=2.63e-01 | grad=8.48e-01 | 0.7s
[   444] loss=-7.7594 | res=2.38e-01 | grad=5.69e-01 | 0.7s
[   445] loss=-8.3266 | res=2.53e-01 | grad=7.69e-01 | 0.7s
[   446] loss=-8.1438 | res=2.62e-01 | grad=4.23e-01 | 0.7s
[   447] loss=-8.4720 | res=2.43e-01 | grad=6.47e-01 | 0.7s
[   448] loss=-8.2935 | res=2.31e-01 | grad=7.80e-01 | 0.7s
[   449] loss=-7.8892 | res=2.33e-01 | grad=1.00e+00 | 0.7s
[   450] loss=-7.9523 | res=2.50e-01 | grad=9.65e-01 | 0.7s
[   451] loss=-8.0364 | res=2.55e-01 | grad=6.27e-01 | 0.7s
[   452] loss=-7.9114 | res=2.42e-01 | grad=6.37e-01 | 0.7s
[   453] loss=-8.3415 | res=2.23e-01 | grad=1.12e+00 | 0.7s
[   454] loss=-7.9750 | res=2.38e-01 | grad=8.66e-01 | 0.7s
[   455] loss=-7.8473 | res=2.30e-01 | grad=7.65e-01 | 0.7s
[   456] loss=-8.0242 | res=2.25e-01 | grad=7.88e-01 | 0.7s
[   457] loss=-7.8071 | res=2.42e-01 | grad=7.55e-01 | 0.8s
[   458] loss=-8.0885 | res=2.39e-01 | grad=9.27e-01 | 0.7s
[   459] loss=-7.8574 | res=2.54e-01 | grad=7.99e-01 | 0.7s
[   460] loss=-8.0604 | res=2.30e-01 | grad=8.14e-01 | 0.7s
[   461] loss=-8.2126 | res=2.28e-01 | grad=1.09e+00 | 0.7s
[   462] loss=-7.8540 | res=2.34e-01 | grad=7.61e-01 | 0.7s
[   463] loss=-8.1710 | res=2.29e-01 | grad=1.02e+00 | 0.7s
[   464] loss=-7.9796 | res=2.25e-01 | grad=6.35e-01 | 0.7s
[   465] loss=-7.9247 | res=2.47e-01 | grad=7.90e-01 | 0.7s
[   466] loss=-7.9282 | res=2.42e-01 | grad=7.19e-01 | 0.7s
[   467] loss=-7.7316 | res=2.63e-01 | grad=6.16e-01 | 0.7s
[   468] loss=-8.1870 | res=2.56e-01 | grad=6.83e-01 | 0.7s
[   469] loss=-8.2393 | res=2.31e-01 | grad=7.93e-01 | 0.7s
[   470] loss=-7.9666 | res=2.44e-01 | grad=6.70e-01 | 0.7s
[   471] loss=-8.0136 | res=2.54e-01 | grad=1.07e+00 | 0.7s
[   472] loss=-7.8772 | res=2.37e-01 | grad=8.21e-01 | 0.7s
[   473] loss=-8.2474 | res=2.63e-01 | grad=9.48e-01 | 0.7s
[   474] loss=-8.1794 | res=2.50e-01 | grad=5.89e-01 | 0.7s
[   475] loss=-8.0682 | res=2.50e-01 | grad=5.76e-01 | 0.7s
[   476] loss=-8.0307 | res=2.33e-01 | grad=7.41e-01 | 0.7s
[   477] loss=-8.0461 | res=2.64e-01 | grad=7.55e-01 | 0.7s
[   478] loss=-7.4988 | res=2.49e-01 | grad=7.72e-01 | 0.7s
[   479] loss=-7.8951 | res=2.38e-01 | grad=5.30e-01 | 0.7s
[   480] loss=-7.9995 | res=2.47e-01 | grad=9.62e-01 | 0.7s
[   481] loss=-7.7417 | res=2.46e-01 | grad=6.99e-01 | 0.7s
[   482] loss=-7.8974 | res=2.47e-01 | grad=6.90e-01 | 0.7s
[   483] loss=-8.0718 | res=2.59e-01 | grad=7.52e-01 | 0.7s
[   484] loss=-8.2821 | res=2.40e-01 | grad=7.75e-01 | 0.7s
[   485] loss=-8.1052 | res=2.55e-01 | grad=7.20e-01 | 0.7s
[   486] loss=-8.1722 | res=2.56e-01 | grad=6.61e-01 | 0.7s
[   487] loss=-7.8106 | res=2.40e-01 | grad=7.67e-01 | 0.7s
[   488] loss=-8.0420 | res=2.49e-01 | grad=3.34e-01 | 0.7s
[   489] loss=-7.5813 | res=2.34e-01 | grad=8.25e-01 | 0.7s
[   490] loss=-7.8870 | res=2.49e-01 | grad=7.40e-01 | 0.7s
[   491] loss=-8.1201 | res=2.34e-01 | grad=7.38e-01 | 0.7s
[   492] loss=-8.3695 | res=2.57e-01 | grad=7.08e-01 | 0.7s
[   493] loss=-8.0331 | res=2.47e-01 | grad=9.21e-01 | 0.7s
[   494] loss=-8.1595 | res=2.52e-01 | grad=1.03e+00 | 0.7s
[   495] loss=-8.1190 | res=2.52e-01 | grad=7.23e-01 | 0.7s
[   496] loss=-8.1963 | res=2.35e-01 | grad=8.76e-01 | 0.7s
[   497] loss=-7.7841 | res=2.66e-01 | grad=7.62e-01 | 0.7s
[   498] loss=-7.9926 | res=2.32e-01 | grad=6.75e-01 | 0.7s
[   499] loss=-8.2215 | res=2.29e-01 | grad=6.96e-01 | 0.7s
[   500] loss=-7.9651 | res=2.32e-01 | grad=7.10e-01 | 0.7s
[   501] loss=-8.3608 | res=2.39e-01 | grad=1.10e+00 | 0.7s
[   502] loss=-8.6236 | res=2.43e-01 | grad=8.05e-01 | 0.7s
[   503] loss=-8.7663 | res=2.17e-01 | grad=8.74e-01 | 0.7s
[   504] loss=-8.1629 | res=2.52e-01 | grad=6.49e-01 | 0.7s
[   505] loss=-7.9860 | res=2.50e-01 | grad=5.70e-01 | 0.7s
[   506] loss=-7.9238 | res=2.41e-01 | grad=7.64e-01 | 0.7s
[   507] loss=-8.1904 | res=2.40e-01 | grad=8.02e-01 | 0.7s
[   508] loss=-8.5811 | res=2.42e-01 | grad=5.26e-01 | 0.7s
[   509] loss=-8.0128 | res=2.42e-01 | grad=6.73e-01 | 0.7s
[   510] loss=-8.2354 | res=2.34e-01 | grad=9.16e-01 | 0.7s
[   511] loss=-8.5221 | res=2.32e-01 | grad=6.21e-01 | 0.7s
[   512] loss=-8.0283 | res=2.49e-01 | grad=3.56e-01 | 0.7s
[   513] loss=-8.1928 | res=2.49e-01 | grad=4.48e-01 | 0.7s
[   514] loss=-8.1914 | res=2.24e-01 | grad=6.44e-01 | 0.7s
[   515] loss=-7.8239 | res=2.46e-01 | grad=1.11e+00 | 0.7s
[   516] loss=-8.0973 | res=2.42e-01 | grad=7.36e-01 | 0.7s
[   517] loss=-8.1905 | res=2.23e-01 | grad=5.95e-01 | 0.7s
[   518] loss=-7.8667 | res=2.36e-01 | grad=4.90e-01 | 0.7s
[   519] loss=-7.9224 | res=2.35e-01 | grad=6.62e-01 | 0.7s
[   520] loss=-8.4449 | res=2.17e-01 | grad=7.41e-01 | 0.7s
[   521] loss=-7.8793 | res=2.42e-01 | grad=8.87e-01 | 0.7s
[   522] loss=-8.1463 | res=2.52e-01 | grad=8.72e-01 | 0.7s
[   523] loss=-7.9632 | res=2.29e-01 | grad=5.13e-01 | 0.7s
[   524] loss=-8.3231 | res=2.26e-01 | grad=8.00e-01 | 0.7s
[   525] loss=-8.2918 | res=2.42e-01 | grad=6.33e-01 | 0.8s
[   526] loss=-8.3494 | res=2.43e-01 | grad=7.03e-01 | 0.7s
[   527] loss=-8.2644 | res=2.36e-01 | grad=5.87e-01 | 0.7s
[   528] loss=-8.4671 | res=2.38e-01 | grad=4.31e-01 | 0.7s
[   529] loss=-8.4611 | res=2.39e-01 | grad=6.57e-01 | 0.7s
[   530] loss=-7.9087 | res=2.31e-01 | grad=1.09e+00 | 0.7s
[   531] loss=-8.0577 | res=2.41e-01 | grad=9.07e-01 | 0.7s
[   532] loss=-8.3731 | res=2.32e-01 | grad=5.75e-01 | 0.8s
[   533] loss=-8.2780 | res=2.53e-01 | grad=6.43e-01 | 0.7s
[   534] loss=-8.2429 | res=2.36e-01 | grad=4.83e-01 | 0.7s
[   535] loss=-7.9790 | res=2.39e-01 | grad=8.67e-01 | 0.7s
[   536] loss=-8.2442 | res=2.25e-01 | grad=6.88e-01 | 0.8s
[   537] loss=-8.0007 | res=2.50e-01 | grad=8.19e-01 | 0.7s
[   538] loss=-8.2318 | res=2.65e-01 | grad=8.19e-01 | 0.7s
[   539] loss=-8.0514 | res=2.50e-01 | grad=7.48e-01 | 0.7s
[   540] loss=-8.1095 | res=2.35e-01 | grad=7.36e-01 | 0.7s
[   541] loss=-8.3708 | res=2.45e-01 | grad=9.01e-01 | 0.7s
[   542] loss=-8.1405 | res=2.41e-01 | grad=9.98e-01 | 0.7s
[   543] loss=-8.0922 | res=2.35e-01 | grad=6.32e-01 | 0.8s
[   544] loss=-8.1027 | res=2.28e-01 | grad=8.31e-01 | 0.7s
[   545] loss=-7.9328 | res=2.35e-01 | grad=4.81e-01 | 0.8s
[   546] loss=-8.0815 | res=2.57e-01 | grad=7.02e-01 | 0.7s
[   547] loss=-7.9698 | res=2.34e-01 | grad=3.73e-01 | 0.7s
[   548] loss=-7.7877 | res=2.60e-01 | grad=8.47e-01 | 0.7s
[   549] loss=-8.2522 | res=2.41e-01 | grad=7.77e-01 | 0.7s
[   550] loss=-8.1538 | res=2.35e-01 | grad=3.35e-01 | 0.7s
[   551] loss=-7.7839 | res=2.30e-01 | grad=9.76e-01 | 0.7s
[   552] loss=-7.8389 | res=2.41e-01 | grad=6.65e-01 | 0.7s
[   553] loss=-8.2333 | res=2.36e-01 | grad=5.50e-01 | 0.7s
[   554] loss=-8.0177 | res=2.32e-01 | grad=8.43e-01 | 0.7s
[   555] loss=-8.4311 | res=2.28e-01 | grad=7.15e-01 | 0.7s
[   556] loss=-8.3466 | res=2.33e-01 | grad=1.20e+00 | 0.7s
[   557] loss=-7.9605 | res=2.37e-01 | grad=4.82e-01 | 0.7s
[   558] loss=-8.1788 | res=2.51e-01 | grad=7.95e-01 | 0.7s
[   559] loss=-7.9611 | res=2.42e-01 | grad=4.39e-01 | 0.7s
[   560] loss=-8.1515 | res=2.43e-01 | grad=1.13e+00 | 0.7s
[   561] loss=-7.9843 | res=2.60e-01 | grad=4.74e-01 | 0.7s
[   562] loss=-7.8921 | res=2.57e-01 | grad=1.15e+00 | 0.7s
[   563] loss=-8.3537 | res=2.50e-01 | grad=6.53e-01 | 0.7s
[   564] loss=-8.0259 | res=2.41e-01 | grad=5.82e-01 | 0.7s
[   565] loss=-8.0203 | res=2.50e-01 | grad=9.64e-01 | 0.7s
[   566] loss=-8.1283 | res=2.45e-01 | grad=6.52e-01 | 0.7s
[   567] loss=-7.6994 | res=2.41e-01 | grad=8.95e-01 | 0.7s
[   568] loss=-8.0244 | res=2.41e-01 | grad=6.99e-01 | 0.7s
[   569] loss=-7.8335 | res=2.44e-01 | grad=6.96e-01 | 0.7s
[   570] loss=-7.8808 | res=2.34e-01 | grad=6.19e-01 | 0.7s
[   571] loss=-7.8805 | res=2.51e-01 | grad=4.99e-01 | 0.7s
[   572] loss=-8.0205 | res=2.28e-01 | grad=3.91e-01 | 0.7s
[   573] loss=-8.2826 | res=2.24e-01 | grad=7.75e-01 | 0.7s
[   574] loss=-8.1952 | res=2.37e-01 | grad=6.78e-01 | 0.7s
[   575] loss=-8.2540 | res=2.44e-01 | grad=9.51e-01 | 0.7s
[   576] loss=-8.2007 | res=2.43e-01 | grad=8.88e-01 | 0.7s
[   577] loss=-8.1367 | res=2.52e-01 | grad=5.75e-01 | 0.7s
[   578] loss=-8.5530 | res=2.32e-01 | grad=8.66e-01 | 0.7s
[   579] loss=-8.0617 | res=2.63e-01 | grad=5.62e-01 | 0.7s
[   580] loss=-8.1976 | res=2.35e-01 | grad=6.35e-01 | 0.7s
[   581] loss=-7.7145 | res=2.49e-01 | grad=7.40e-01 | 0.7s
[   582] loss=-8.3189 | res=2.40e-01 | grad=6.67e-01 | 0.7s
[   583] loss=-8.2797 | res=2.40e-01 | grad=7.78e-01 | 0.7s
[   584] loss=-7.9683 | res=2.35e-01 | grad=5.57e-01 | 0.7s
[   585] loss=-8.2000 | res=2.43e-01 | grad=9.07e-01 | 0.7s
[   586] loss=-7.4923 | res=2.37e-01 | grad=9.08e-01 | 0.7s
[   587] loss=-8.1277 | res=2.45e-01 | grad=7.07e-01 | 0.7s
[   588] loss=-8.2396 | res=2.50e-01 | grad=7.91e-01 | 0.7s
[   589] loss=-7.9524 | res=2.64e-01 | grad=1.20e+00 | 0.7s
[   590] loss=-8.3981 | res=2.43e-01 | grad=6.98e-01 | 0.7s
[   591] loss=-8.4069 | res=2.41e-01 | grad=8.54e-01 | 0.7s
[   592] loss=-8.0416 | res=2.22e-01 | grad=1.04e+00 | 0.7s
[   593] loss=-8.0748 | res=2.60e-01 | grad=5.30e-01 | 0.7s
[   594] loss=-7.8819 | res=2.34e-01 | grad=7.09e-01 | 0.7s
[   595] loss=-8.1887 | res=2.38e-01 | grad=7.99e-01 | 0.7s
[   596] loss=-7.8441 | res=2.64e-01 | grad=5.50e-01 | 0.7s
[   597] loss=-8.1552 | res=2.34e-01 | grad=6.90e-01 | 0.7s
[   598] loss=-7.9919 | res=2.63e-01 | grad=6.41e-01 | 0.7s
[   599] loss=-8.1096 | res=2.32e-01 | grad=4.33e-01 | 0.7s
[   600] loss=-8.1362 | res=2.52e-01 | grad=5.49e-01 | 0.7s
[   601] loss=-7.7126 | res=2.38e-01 | grad=6.27e-01 | 0.8s
[   602] loss=-7.7901 | res=2.50e-01 | grad=8.88e-01 | 0.7s
[   603] loss=-8.0114 | res=2.29e-01 | grad=8.13e-01 | 0.7s
[   604] loss=-7.8844 | res=2.51e-01 | grad=1.28e+00 | 0.7s
[   605] loss=-8.0597 | res=2.32e-01 | grad=5.48e-01 | 0.7s
[   606] loss=-8.1628 | res=2.35e-01 | grad=6.78e-01 | 0.7s
[   607] loss=-8.0209 | res=2.38e-01 | grad=4.59e-01 | 0.7s
[   608] loss=-8.0223 | res=2.50e-01 | grad=6.88e-01 | 0.7s
[   609] loss=-7.8797 | res=2.50e-01 | grad=1.01e+00 | 0.7s
[   610] loss=-7.7619 | res=2.55e-01 | grad=6.62e-01 | 0.7s
[   611] loss=-7.8369 | res=2.33e-01 | grad=1.02e+00 | 0.7s
[   612] loss=-7.6426 | res=2.39e-01 | grad=8.60e-01 | 0.7s
[   613] loss=-7.8643 | res=2.33e-01 | grad=3.96e-01 | 0.7s
[   614] loss=-8.1268 | res=2.42e-01 | grad=1.01e+00 | 0.7s
[   615] loss=-7.7539 | res=2.45e-01 | grad=6.77e-01 | 0.7s
[   616] loss=-8.0708 | res=2.39e-01 | grad=5.62e-01 | 0.7s
[   617] loss=-8.1176 | res=2.38e-01 | grad=4.24e-01 | 0.7s
[   618] loss=-7.8632 | res=2.44e-01 | grad=6.90e-01 | 0.7s
[   619] loss=-7.8589 | res=2.33e-01 | grad=5.93e-01 | 0.7s
[   620] loss=-8.0731 | res=2.19e-01 | grad=8.20e-01 | 0.7s
[   621] loss=-8.0532 | res=2.41e-01 | grad=8.76e-01 | 0.7s
[   622] loss=-7.7924 | res=2.31e-01 | grad=5.20e-01 | 0.7s
[   623] loss=-8.1793 | res=2.35e-01 | grad=9.23e-01 | 0.7s
[   624] loss=-8.0326 | res=2.31e-01 | grad=5.54e-01 | 0.7s
[   625] loss=-8.0442 | res=2.32e-01 | grad=5.65e-01 | 0.7s
[   626] loss=-7.9575 | res=2.50e-01 | grad=1.20e+00 | 0.7s
[   627] loss=-8.5999 | res=2.39e-01 | grad=1.20e+00 | 0.7s
[   628] loss=-8.0844 | res=2.41e-01 | grad=6.98e-01 | 0.7s
[   629] loss=-8.0119 | res=2.56e-01 | grad=7.23e-01 | 0.7s
[   630] loss=-8.2563 | res=2.30e-01 | grad=4.53e-01 | 0.7s
[   631] loss=-7.8083 | res=2.38e-01 | grad=7.67e-01 | 0.7s
[   632] loss=-7.6362 | res=2.29e-01 | grad=9.05e-01 | 0.7s
[   633] loss=-7.8473 | res=2.32e-01 | grad=8.45e-01 | 0.7s
[   634] loss=-8.0840 | res=2.39e-01 | grad=6.20e-01 | 0.7s
[   635] loss=-7.9803 | res=2.32e-01 | grad=6.05e-01 | 0.7s
[   636] loss=-8.1556 | res=2.54e-01 | grad=8.15e-01 | 0.7s
[   637] loss=-8.0048 | res=2.12e-01 | grad=7.91e-01 | 0.7s
[   638] loss=-8.3906 | res=2.44e-01 | grad=5.34e-01 | 0.7s
[   639] loss=-8.0215 | res=2.52e-01 | grad=4.55e-01 | 0.7s
[   640] loss=-8.2086 | res=2.32e-01 | grad=6.43e-01 | 0.7s
[   641] loss=-7.9592 | res=2.29e-01 | grad=6.62e-01 | 0.7s
[   642] loss=-7.8338 | res=2.17e-01 | grad=8.39e-01 | 0.7s
[   643] loss=-8.1558 | res=2.26e-01 | grad=7.73e-01 | 0.7s
[   644] loss=-8.4743 | res=2.49e-01 | grad=6.28e-01 | 0.7s
[   645] loss=-7.9063 | res=2.24e-01 | grad=4.79e-01 | 0.7s
[   646] loss=-7.8171 | res=2.33e-01 | grad=4.01e-01 | 0.7s
[   647] loss=-7.5882 | res=2.33e-01 | grad=6.81e-01 | 0.7s
[   648] loss=-8.2605 | res=2.13e-01 | grad=4.31e-01 | 0.7s
[   649] loss=-7.8743 | res=2.36e-01 | grad=9.63e-01 | 0.7s
[   650] loss=-7.8534 | res=2.19e-01 | grad=7.75e-01 | 0.7s
[   651] loss=-8.2803 | res=2.09e-01 | grad=6.90e-01 | 0.7s
[   652] loss=-7.9737 | res=2.32e-01 | grad=4.94e-01 | 0.7s
[   653] loss=-8.0837 | res=2.29e-01 | grad=3.34e-01 | 0.7s
[   654] loss=-7.9603 | res=2.20e-01 | grad=7.86e-01 | 0.7s
[   655] loss=-8.4717 | res=2.17e-01 | grad=4.88e-01 | 0.7s
[   656] loss=-7.9446 | res=2.19e-01 | grad=7.24e-01 | 0.7s
[   657] loss=-8.2305 | res=2.45e-01 | grad=7.18e-01 | 0.7s
[   658] loss=-7.9459 | res=2.29e-01 | grad=6.01e-01 | 0.7s
[   659] loss=-8.1661 | res=2.32e-01 | grad=5.29e-01 | 0.7s
[   660] loss=-7.8467 | res=2.33e-01 | grad=7.10e-01 | 0.7s
[   661] loss=-7.9858 | res=2.19e-01 | grad=1.06e+00 | 0.7s
[   662] loss=-8.0567 | res=2.19e-01 | grad=5.30e-01 | 0.7s
[   663] loss=-8.0573 | res=2.50e-01 | grad=6.26e-01 | 0.7s
[   664] loss=-7.6986 | res=2.26e-01 | grad=5.53e-01 | 0.7s
[   665] loss=-8.1094 | res=2.11e-01 | grad=7.12e-01 | 0.7s
[   666] loss=-8.0859 | res=2.22e-01 | grad=7.82e-01 | 0.7s
[   667] loss=-8.4585 | res=2.19e-01 | grad=7.59e-01 | 0.7s
[   668] loss=-8.0524 | res=2.30e-01 | grad=7.78e-01 | 0.7s
[   669] loss=-8.4328 | res=2.09e-01 | grad=6.21e-01 | 0.7s
[   670] loss=-8.0380 | res=2.26e-01 | grad=6.70e-01 | 0.7s
[   671] loss=-7.4487 | res=2.34e-01 | grad=8.90e-01 | 0.7s
[   672] loss=-7.8621 | res=2.27e-01 | grad=8.70e-01 | 0.7s
[   673] loss=-7.8833 | res=2.16e-01 | grad=8.60e-01 | 0.7s
[   674] loss=-8.3783 | res=2.34e-01 | grad=5.88e-01 | 0.7s
[   675] loss=-8.2315 | res=2.15e-01 | grad=6.29e-01 | 0.7s
[   676] loss=-8.2731 | res=2.23e-01 | grad=9.70e-01 | 0.7s
[   677] loss=-7.8229 | res=2.33e-01 | grad=7.92e-01 | 0.7s
[   678] loss=-8.0498 | res=2.32e-01 | grad=6.31e-01 | 0.7s
[   679] loss=-8.2190 | res=2.40e-01 | grad=5.38e-01 | 0.7s
[   680] loss=-8.1441 | res=2.41e-01 | grad=4.82e-01 | 0.7s
[   681] loss=-7.9165 | res=2.38e-01 | grad=4.16e-01 | 0.7s
[   682] loss=-8.0159 | res=2.31e-01 | grad=6.05e-01 | 0.7s
[   683] loss=-8.5990 | res=2.29e-01 | grad=5.90e-01 | 0.7s
[   684] loss=-7.9354 | res=2.37e-01 | grad=8.72e-01 | 0.7s
[   685] loss=-7.8206 | res=2.19e-01 | grad=6.37e-01 | 0.7s
[   686] loss=-8.1935 | res=2.37e-01 | grad=6.01e-01 | 0.7s
[   687] loss=-7.8811 | res=2.33e-01 | grad=4.72e-01 | 0.7s
[   688] loss=-8.3836 | res=2.26e-01 | grad=8.92e-01 | 0.7s
[   689] loss=-8.0236 | res=2.34e-01 | grad=5.57e-01 | 0.7s
[   690] loss=-7.9903 | res=2.35e-01 | grad=6.13e-01 | 0.7s
[   691] loss=-8.1383 | res=2.26e-01 | grad=7.45e-01 | 0.7s
[   692] loss=-7.9925 | res=2.31e-01 | grad=7.00e-01 | 0.7s
[   693] loss=-7.6163 | res=2.28e-01 | grad=5.11e-01 | 0.7s
[   694] loss=-8.3638 | res=2.42e-01 | grad=5.71e-01 | 0.7s
[   695] loss=-7.8134 | res=2.35e-01 | grad=4.51e-01 | 0.7s
[   696] loss=-7.9118 | res=2.27e-01 | grad=9.97e-01 | 0.7s
[   697] loss=-8.0554 | res=2.18e-01 | grad=5.19e-01 | 0.7s
[   698] loss=-8.5068 | res=2.43e-01 | grad=7.77e-01 | 0.7s
[   699] loss=-8.0134 | res=2.31e-01 | grad=6.10e-01 | 0.7s
[   700] loss=-8.0035 | res=2.34e-01 | grad=9.25e-01 | 0.7s
[   701] loss=-8.3983 | res=2.36e-01 | grad=1.06e+00 | 0.7s
[   702] loss=-7.8644 | res=2.25e-01 | grad=9.63e-01 | 0.7s
[   703] loss=-8.0249 | res=2.40e-01 | grad=6.45e-01 | 0.7s
[   704] loss=-7.9816 | res=2.13e-01 | grad=4.24e-01 | 0.7s
[   705] loss=-8.0094 | res=2.33e-01 | grad=7.61e-01 | 0.7s
[   706] loss=-7.9496 | res=2.36e-01 | grad=4.41e-01 | 0.7s
[   707] loss=-8.1385 | res=2.41e-01 | grad=8.45e-01 | 0.7s
[   708] loss=-8.1773 | res=2.33e-01 | grad=5.43e-01 | 0.7s
[   709] loss=-8.2255 | res=2.21e-01 | grad=8.32e-01 | 0.7s
[   710] loss=-8.0699 | res=2.22e-01 | grad=6.26e-01 | 0.7s
[   711] loss=-8.0788 | res=2.29e-01 | grad=4.22e-01 | 0.7s
[   712] loss=-8.1520 | res=2.39e-01 | grad=3.67e-01 | 0.7s
[   713] loss=-7.8858 | res=2.16e-01 | grad=6.91e-01 | 0.7s
[   714] loss=-8.0379 | res=2.34e-01 | grad=4.37e-01 | 0.7s
[   715] loss=-8.0357 | res=2.27e-01 | grad=8.69e-01 | 0.7s
[   716] loss=-8.1789 | res=2.51e-01 | grad=5.43e-01 | 0.7s
[   717] loss=-8.0251 | res=2.39e-01 | grad=8.17e-01 | 0.7s
[   718] loss=-7.9812 | res=2.23e-01 | grad=5.22e-01 | 0.7s
[   719] loss=-7.8444 | res=2.31e-01 | grad=5.70e-01 | 0.7s
[   720] loss=-8.3194 | res=2.18e-01 | grad=3.84e-01 | 0.7s
[   721] loss=-8.0017 | res=2.25e-01 | grad=4.09e-01 | 0.7s
[   722] loss=-7.8549 | res=2.35e-01 | grad=5.67e-01 | 0.7s
[   723] loss=-7.5835 | res=2.35e-01 | grad=1.02e+00 | 0.7s
[   724] loss=-7.7960 | res=2.51e-01 | grad=8.81e-01 | 0.7s
[   725] loss=-7.9359 | res=2.35e-01 | grad=8.03e-01 | 0.7s
[   726] loss=-7.9260 | res=2.45e-01 | grad=6.65e-01 | 0.7s
[   727] loss=-8.1264 | res=2.44e-01 | grad=4.16e-01 | 0.7s
[   728] loss=-7.8796 | res=2.20e-01 | grad=5.77e-01 | 0.7s
[   729] loss=-7.8168 | res=2.26e-01 | grad=5.73e-01 | 0.7s
[   730] loss=-8.5041 | res=2.42e-01 | grad=8.50e-01 | 0.7s
[   731] loss=-8.2627 | res=2.04e-01 | grad=1.08e+00 | 0.7s
[   732] loss=-8.1538 | res=2.33e-01 | grad=9.32e-01 | 0.7s
[   733] loss=-7.8678 | res=2.33e-01 | grad=5.88e-01 | 0.7s
[   734] loss=-8.0343 | res=2.23e-01 | grad=8.17e-01 | 0.7s
[   735] loss=-8.1656 | res=2.15e-01 | grad=4.90e-01 | 0.7s
[   736] loss=-7.7364 | res=2.16e-01 | grad=6.61e-01 | 0.7s
[   737] loss=-8.0557 | res=2.26e-01 | grad=9.93e-01 | 0.7s
[   738] loss=-8.2805 | res=2.30e-01 | grad=5.59e-01 | 0.7s
[   739] loss=-8.2827 | res=2.21e-01 | grad=7.12e-01 | 0.7s
[   740] loss=-8.2099 | res=2.24e-01 | grad=9.86e-01 | 0.7s
[   741] loss=-7.9919 | res=2.34e-01 | grad=5.74e-01 | 0.7s
[   742] loss=-8.0217 | res=2.25e-01 | grad=4.53e-01 | 0.7s
[   743] loss=-8.3573 | res=2.08e-01 | grad=8.63e-01 | 0.7s
[   744] loss=-7.7775 | res=2.36e-01 | grad=6.29e-01 | 0.7s
[   745] loss=-8.2043 | res=2.24e-01 | grad=7.96e-01 | 0.7s
[   746] loss=-7.6725 | res=2.16e-01 | grad=7.00e-01 | 0.7s
[   747] loss=-7.9618 | res=2.41e-01 | grad=6.34e-01 | 0.7s
[   748] loss=-8.0839 | res=2.23e-01 | grad=9.38e-01 | 0.7s
[   749] loss=-8.3990 | res=2.33e-01 | grad=5.88e-01 | 0.7s
[   750] loss=-7.9597 | res=2.33e-01 | grad=7.66e-01 | 0.7s
[   751] loss=-8.3288 | res=2.40e-01 | grad=6.76e-01 | 0.7s
[   752] loss=-7.9029 | res=2.47e-01 | grad=5.11e-01 | 0.7s
[   753] loss=-8.2479 | res=2.31e-01 | grad=8.66e-01 | 0.7s
[   754] loss=-7.8874 | res=2.26e-01 | grad=6.92e-01 | 0.7s
[   755] loss=-8.0710 | res=2.54e-01 | grad=5.46e-01 | 0.7s
[   756] loss=-8.2960 | res=2.49e-01 | grad=5.78e-01 | 0.7s
[   757] loss=-8.1472 | res=2.10e-01 | grad=9.40e-01 | 0.7s
[   758] loss=-8.0174 | res=2.29e-01 | grad=5.94e-01 | 0.7s
[   759] loss=-7.8630 | res=2.35e-01 | grad=5.52e-01 | 0.7s
[   760] loss=-8.0954 | res=2.20e-01 | grad=9.29e-01 | 0.7s
[   761] loss=-7.8776 | res=2.35e-01 | grad=5.92e-01 | 0.7s
[   762] loss=-8.3692 | res=2.16e-01 | grad=7.63e-01 | 0.7s
[   763] loss=-8.5738 | res=2.29e-01 | grad=9.89e-01 | 0.7s
[   764] loss=-7.8399 | res=2.18e-01 | grad=6.30e-01 | 0.7s
[   765] loss=-7.7902 | res=2.38e-01 | grad=8.71e-01 | 0.7s
[   766] loss=-8.0790 | res=2.18e-01 | grad=7.10e-01 | 0.7s
[   767] loss=-8.6650 | res=2.31e-01 | grad=6.48e-01 | 0.7s
[   768] loss=-8.0138 | res=2.46e-01 | grad=6.32e-01 | 0.7s
[   769] loss=-8.2634 | res=2.22e-01 | grad=5.08e-01 | 0.7s
[   770] loss=-8.3499 | res=2.21e-01 | grad=6.40e-01 | 0.7s
[   771] loss=-8.2967 | res=2.31e-01 | grad=6.32e-01 | 0.7s
[   772] loss=-7.8202 | res=2.31e-01 | grad=8.76e-01 | 0.7s
[   773] loss=-7.8202 | res=2.41e-01 | grad=9.74e-01 | 0.7s
[   774] loss=-7.9851 | res=2.20e-01 | grad=6.82e-01 | 0.7s
[   775] loss=-8.2006 | res=2.14e-01 | grad=6.28e-01 | 0.7s
[   776] loss=-8.0014 | res=2.22e-01 | grad=9.46e-01 | 0.7s
[   777] loss=-7.9808 | res=2.38e-01 | grad=7.92e-01 | 0.7s
[   778] loss=-8.0202 | res=2.48e-01 | grad=9.03e-01 | 0.7s
[   779] loss=-7.8967 | res=2.47e-01 | grad=8.16e-01 | 0.7s
[   780] loss=-7.8789 | res=2.29e-01 | grad=8.31e-01 | 0.7s
[   781] loss=-7.9014 | res=2.36e-01 | grad=9.00e-01 | 0.7s
[   782] loss=-8.0105 | res=2.22e-01 | grad=4.87e-01 | 0.7s
[   783] loss=-7.8174 | res=2.27e-01 | grad=6.12e-01 | 0.7s
[   784] loss=-8.0306 | res=2.12e-01 | grad=8.71e-01 | 0.7s
[   785] loss=-7.9880 | res=2.37e-01 | grad=6.49e-01 | 0.7s
[   786] loss=-8.0260 | res=2.23e-01 | grad=9.51e-01 | 0.7s
[   787] loss=-8.2471 | res=2.35e-01 | grad=6.08e-01 | 0.7s
[   788] loss=-7.8999 | res=2.32e-01 | grad=8.28e-01 | 0.7s
[   789] loss=-8.2897 | res=2.21e-01 | grad=4.40e-01 | 0.7s
[   790] loss=-8.1888 | res=2.29e-01 | grad=4.82e-01 | 0.7s
[   791] loss=-8.7482 | res=2.22e-01 | grad=8.34e-01 | 0.7s
[   792] loss=-8.1529 | res=2.26e-01 | grad=9.62e-01 | 0.7s
[   793] loss=-7.7910 | res=2.26e-01 | grad=7.24e-01 | 0.7s
[   794] loss=-7.9324 | res=2.38e-01 | grad=3.67e-01 | 0.7s
[   795] loss=-8.0194 | res=2.17e-01 | grad=5.85e-01 | 0.7s
[   796] loss=-8.1391 | res=2.49e-01 | grad=9.75e-01 | 0.7s
[   797] loss=-8.3746 | res=2.30e-01 | grad=5.02e-01 | 0.7s
[   798] loss=-7.7917 | res=2.20e-01 | grad=8.60e-01 | 0.7s
[   799] loss=-7.7576 | res=2.41e-01 | grad=5.43e-01 | 0.7s
[   800] loss=-8.0298 | res=2.31e-01 | grad=1.03e+00 | 0.8s
[   801] loss=-8.2805 | res=2.39e-01 | grad=6.27e-01 | 0.7s
[   802] loss=-8.3131 | res=2.22e-01 | grad=3.61e-01 | 0.7s
[   803] loss=-8.1569 | res=2.39e-01 | grad=7.93e-01 | 0.7s
[   804] loss=-7.8472 | res=2.14e-01 | grad=8.48e-01 | 0.7s
[   805] loss=-7.7426 | res=2.20e-01 | grad=8.70e-01 | 0.7s
[   806] loss=-8.1041 | res=2.20e-01 | grad=6.44e-01 | 0.7s
[   807] loss=-7.9142 | res=2.48e-01 | grad=7.15e-01 | 0.7s
[   808] loss=-7.6975 | res=2.32e-01 | grad=8.30e-01 | 0.7s
[   809] loss=-8.3166 | res=2.27e-01 | grad=9.44e-01 | 0.7s
[   810] loss=-8.3280 | res=2.25e-01 | grad=6.48e-01 | 0.7s
[   811] loss=-7.8720 | res=2.16e-01 | grad=6.92e-01 | 0.7s
[   812] loss=-8.4266 | res=2.07e-01 | grad=1.03e+00 | 0.7s
[   813] loss=-7.9924 | res=2.36e-01 | grad=5.61e-01 | 0.7s
[   814] loss=-8.5004 | res=2.36e-01 | grad=8.45e-01 | 0.7s
[   815] loss=-8.3512 | res=2.13e-01 | grad=7.33e-01 | 0.7s
[   816] loss=-8.0604 | res=2.33e-01 | grad=7.00e-01 | 0.7s
[   817] loss=-8.0647 | res=2.25e-01 | grad=9.61e-01 | 0.7s
[   818] loss=-8.4667 | res=2.12e-01 | grad=8.88e-01 | 0.7s
[   819] loss=-7.9593 | res=2.45e-01 | grad=6.21e-01 | 0.7s
[   820] loss=-7.9919 | res=2.39e-01 | grad=6.08e-01 | 0.7s
[   821] loss=-8.0333 | res=2.40e-01 | grad=7.66e-01 | 0.7s
[   822] loss=-8.3089 | res=2.34e-01 | grad=1.09e+00 | 0.7s
[   823] loss=-8.1896 | res=2.49e-01 | grad=6.57e-01 | 0.7s
[   824] loss=-7.9194 | res=2.46e-01 | grad=6.14e-01 | 0.7s
[   825] loss=-8.1192 | res=2.37e-01 | grad=4.89e-01 | 0.7s
[   826] loss=-7.7828 | res=2.31e-01 | grad=7.99e-01 | 0.7s
[   827] loss=-8.0479 | res=2.39e-01 | grad=6.58e-01 | 0.7s
[   828] loss=-7.7808 | res=2.43e-01 | grad=8.12e-01 | 0.7s
[   829] loss=-7.9318 | res=2.34e-01 | grad=7.02e-01 | 0.7s
[   830] loss=-8.0968 | res=2.41e-01 | grad=6.93e-01 | 0.7s
[   831] loss=-8.1216 | res=2.25e-01 | grad=6.54e-01 | 0.7s
[   832] loss=-8.0156 | res=2.32e-01 | grad=6.53e-01 | 0.7s
[   833] loss=-8.4150 | res=2.21e-01 | grad=6.53e-01 | 0.7s
[   834] loss=-8.6307 | res=2.26e-01 | grad=8.52e-01 | 0.7s
[   835] loss=-8.0093 | res=2.27e-01 | grad=1.05e+00 | 0.7s
[   836] loss=-8.1860 | res=2.13e-01 | grad=8.71e-01 | 0.7s
[   837] loss=-8.2593 | res=2.42e-01 | grad=1.03e+00 | 0.7s
[   838] loss=-8.3881 | res=2.37e-01 | grad=6.79e-01 | 0.7s
[   839] loss=-8.4049 | res=2.22e-01 | grad=9.74e-01 | 0.7s
[   840] loss=-8.1311 | res=2.36e-01 | grad=6.30e-01 | 0.7s
[   841] loss=-8.1153 | res=2.09e-01 | grad=1.04e+00 | 0.7s
[   842] loss=-8.0663 | res=2.44e-01 | grad=9.73e-01 | 0.7s
[   843] loss=-8.0301 | res=2.41e-01 | grad=8.37e-01 | 0.7s
[   844] loss=-8.5010 | res=2.39e-01 | grad=1.07e+00 | 0.7s
[   845] loss=-8.1243 | res=2.39e-01 | grad=6.18e-01 | 0.7s
[   846] loss=-7.7383 | res=2.20e-01 | grad=7.17e-01 | 0.7s
[   847] loss=-8.2283 | res=2.36e-01 | grad=7.82e-01 | 0.7s
[   848] loss=-8.2739 | res=2.38e-01 | grad=7.45e-01 | 0.7s
[   849] loss=-8.0271 | res=2.30e-01 | grad=1.03e+00 | 0.7s
[   850] loss=-7.7120 | res=2.33e-01 | grad=1.38e+00 | 0.7s
[   851] loss=-8.0093 | res=2.29e-01 | grad=7.36e-01 | 0.7s
[   852] loss=-8.5313 | res=2.15e-01 | grad=6.05e-01 | 0.7s
[   853] loss=-8.0664 | res=2.28e-01 | grad=4.45e-01 | 0.7s
[   854] loss=-8.2850 | res=2.21e-01 | grad=1.04e+00 | 0.7s
[   855] loss=-8.0593 | res=2.13e-01 | grad=9.70e-01 | 0.7s
[   856] loss=-8.0240 | res=2.31e-01 | grad=9.65e-01 | 0.7s
[   857] loss=-8.2833 | res=2.07e-01 | grad=7.66e-01 | 0.7s
[   858] loss=-8.1963 | res=2.37e-01 | grad=6.38e-01 | 0.7s
[   859] loss=-8.4370 | res=2.15e-01 | grad=5.70e-01 | 0.7s
[   860] loss=-8.0398 | res=2.51e-01 | grad=6.92e-01 | 0.7s
[   861] loss=-7.7541 | res=2.37e-01 | grad=9.03e-01 | 0.7s
[   862] loss=-8.1634 | res=2.30e-01 | grad=8.92e-01 | 0.7s
[   863] loss=-7.8350 | res=2.39e-01 | grad=1.02e+00 | 0.7s
[   864] loss=-8.1898 | res=2.32e-01 | grad=8.63e-01 | 0.7s
[   865] loss=-8.0598 | res=2.25e-01 | grad=7.65e-01 | 0.7s
[   866] loss=-7.6788 | res=2.47e-01 | grad=9.02e-01 | 0.7s
[   867] loss=-8.6899 | res=2.17e-01 | grad=6.68e-01 | 0.7s
[   868] loss=-7.9285 | res=2.27e-01 | grad=8.28e-01 | 0.7s
[   869] loss=-7.8981 | res=2.29e-01 | grad=7.32e-01 | 0.7s
[   870] loss=-8.3974 | res=2.12e-01 | grad=8.14e-01 | 0.7s
[   871] loss=-8.0037 | res=2.36e-01 | grad=9.78e-01 | 0.7s
[   872] loss=-7.9656 | res=2.18e-01 | grad=8.68e-01 | 0.7s
[   873] loss=-7.8820 | res=2.33e-01 | grad=5.91e-01 | 0.7s
[   874] loss=-8.3080 | res=2.33e-01 | grad=1.07e+00 | 0.7s
[   875] loss=-8.2623 | res=2.29e-01 | grad=1.05e+00 | 0.7s
[   876] loss=-8.5282 | res=2.32e-01 | grad=8.98e-01 | 0.7s
[   877] loss=-7.9012 | res=2.33e-01 | grad=7.31e-01 | 0.7s
[   878] loss=-8.0975 | res=2.31e-01 | grad=5.89e-01 | 0.7s
[   879] loss=-8.0239 | res=2.42e-01 | grad=8.90e-01 | 0.7s
[   880] loss=-7.9722 | res=2.31e-01 | grad=7.93e-01 | 0.7s
[   881] loss=-8.1024 | res=2.24e-01 | grad=9.63e-01 | 0.7s
[   882] loss=-7.8474 | res=2.26e-01 | grad=5.78e-01 | 0.7s
[   883] loss=-8.3041 | res=2.21e-01 | grad=5.34e-01 | 0.7s
[   884] loss=-8.2503 | res=2.33e-01 | grad=8.13e-01 | 0.7s
[   885] loss=-7.9131 | res=2.26e-01 | grad=1.17e+00 | 0.7s
[   886] loss=-8.2384 | res=2.43e-01 | grad=1.35e+00 | 0.7s
[   887] loss=-7.7585 | res=2.24e-01 | grad=7.22e-01 | 0.7s
[   888] loss=-7.9398 | res=2.54e-01 | grad=4.66e-01 | 0.7s
[   889] loss=-8.1414 | res=2.50e-01 | grad=6.09e-01 | 0.7s
[   890] loss=-7.8794 | res=2.45e-01 | grad=6.84e-01 | 0.7s
[   891] loss=-8.3589 | res=2.27e-01 | grad=5.45e-01 | 0.7s
[   892] loss=-8.3210 | res=2.39e-01 | grad=6.52e-01 | 0.7s
[   893] loss=-8.1722 | res=2.17e-01 | grad=8.12e-01 | 0.7s
[   894] loss=-8.6136 | res=2.18e-01 | grad=7.86e-01 | 0.7s
[   895] loss=-8.1854 | res=2.18e-01 | grad=7.65e-01 | 0.7s
[   896] loss=-8.0487 | res=2.38e-01 | grad=5.64e-01 | 0.7s
[   897] loss=-8.1583 | res=2.31e-01 | grad=9.40e-01 | 0.7s
[   898] loss=-8.0341 | res=2.08e-01 | grad=9.95e-01 | 0.7s
[   899] loss=-8.1800 | res=2.29e-01 | grad=1.12e+00 | 0.7s
[   900] loss=-7.9841 | res=2.28e-01 | grad=8.71e-01 | 0.7s
[   901] loss=-8.2412 | res=2.37e-01 | grad=1.08e+00 | 0.7s
[   902] loss=-7.9925 | res=2.31e-01 | grad=8.63e-01 | 0.7s
[   903] loss=-8.0148 | res=2.37e-01 | grad=8.70e-01 | 0.7s
[   904] loss=-8.1811 | res=2.32e-01 | grad=7.07e-01 | 0.7s
[   905] loss=-8.0494 | res=2.26e-01 | grad=6.71e-01 | 0.7s
[   906] loss=-8.4785 | res=2.33e-01 | grad=6.60e-01 | 0.7s
[   907] loss=-8.1578 | res=2.51e-01 | grad=7.83e-01 | 0.7s
[   908] loss=-8.4944 | res=2.17e-01 | grad=1.03e+00 | 0.7s
[   909] loss=-7.7420 | res=2.37e-01 | grad=8.14e-01 | 0.7s
[   910] loss=-7.9903 | res=2.16e-01 | grad=4.93e-01 | 0.7s
[   911] loss=-8.0618 | res=2.28e-01 | grad=8.52e-01 | 0.7s
[   912] loss=-8.2266 | res=2.23e-01 | grad=1.02e+00 | 0.7s
[   913] loss=-8.0181 | res=2.14e-01 | grad=8.97e-01 | 0.7s
[   914] loss=-7.8397 | res=2.39e-01 | grad=7.28e-01 | 0.7s
[   915] loss=-8.1670 | res=2.00e-01 | grad=8.55e-01 | 0.7s
[   916] loss=-8.3296 | res=2.15e-01 | grad=7.18e-01 | 0.7s
[   917] loss=-8.4555 | res=2.15e-01 | grad=7.54e-01 | 0.7s
[   918] loss=-8.2058 | res=2.15e-01 | grad=6.34e-01 | 0.7s
[   919] loss=-7.7155 | res=2.20e-01 | grad=5.30e-01 | 0.7s
[   920] loss=-7.9726 | res=2.25e-01 | grad=7.43e-01 | 0.7s
[   921] loss=-7.8371 | res=2.41e-01 | grad=6.24e-01 | 0.7s
[   922] loss=-7.8346 | res=2.33e-01 | grad=5.76e-01 | 0.7s
[   923] loss=-8.0869 | res=2.35e-01 | grad=7.46e-01 | 0.7s
[   924] loss=-8.1086 | res=2.10e-01 | grad=6.36e-01 | 0.7s
[   925] loss=-8.0416 | res=2.13e-01 | grad=6.88e-01 | 0.7s
[   926] loss=-8.2263 | res=2.24e-01 | grad=5.72e-01 | 0.7s
[   927] loss=-7.9028 | res=2.17e-01 | grad=7.09e-01 | 0.7s
[   928] loss=-8.0314 | res=2.49e-01 | grad=6.98e-01 | 0.7s
[   929] loss=-8.2369 | res=2.31e-01 | grad=5.38e-01 | 0.7s
[   930] loss=-7.8813 | res=2.50e-01 | grad=7.43e-01 | 0.7s
[   931] loss=-7.8858 | res=2.48e-01 | grad=1.08e+00 | 0.7s
[   932] loss=-8.3875 | res=2.41e-01 | grad=6.66e-01 | 0.7s
[   933] loss=-8.4205 | res=2.22e-01 | grad=5.60e-01 | 0.7s
[   934] loss=-8.1618 | res=2.52e-01 | grad=6.16e-01 | 0.7s
[   935] loss=-8.3434 | res=2.12e-01 | grad=7.71e-01 | 0.7s
[   936] loss=-7.9467 | res=2.29e-01 | grad=5.38e-01 | 0.7s
[   937] loss=-8.1396 | res=2.30e-01 | grad=9.25e-01 | 0.7s
[   938] loss=-8.0466 | res=2.20e-01 | grad=7.67e-01 | 0.7s
[   939] loss=-7.7872 | res=2.20e-01 | grad=9.29e-01 | 0.7s
[   940] loss=-8.6908 | res=2.24e-01 | grad=7.94e-01 | 0.7s
[   941] loss=-8.1616 | res=2.43e-01 | grad=9.15e-01 | 0.7s
[   942] loss=-8.1102 | res=2.44e-01 | grad=4.65e-01 | 0.7s
[   943] loss=-7.6636 | res=2.39e-01 | grad=5.30e-01 | 0.7s
[   944] loss=-8.1395 | res=2.32e-01 | grad=3.31e-01 | 0.7s
[   945] loss=-8.1501 | res=2.27e-01 | grad=7.30e-01 | 0.7s
[   946] loss=-8.2185 | res=2.12e-01 | grad=1.18e+00 | 0.7s
[   947] loss=-7.8468 | res=2.19e-01 | grad=2.95e-01 | 0.7s
[   948] loss=-7.9163 | res=2.31e-01 | grad=7.33e-01 | 0.7s
[   949] loss=-8.1949 | res=2.32e-01 | grad=7.06e-01 | 0.7s
[   950] loss=-7.7561 | res=2.15e-01 | grad=8.99e-01 | 0.7s
[   951] loss=-8.2126 | res=2.22e-01 | grad=4.17e-01 | 0.7s
[   952] loss=-8.3916 | res=2.16e-01 | grad=8.34e-01 | 0.7s
[   953] loss=-8.1492 | res=2.15e-01 | grad=5.69e-01 | 0.7s
[   954] loss=-8.0651 | res=2.32e-01 | grad=7.18e-01 | 0.7s
[   955] loss=-8.1511 | res=2.35e-01 | grad=6.10e-01 | 0.7s
[   956] loss=-8.0314 | res=2.29e-01 | grad=6.48e-01 | 0.7s
[   957] loss=-8.0963 | res=2.10e-01 | grad=7.01e-01 | 0.7s
[   958] loss=-7.8922 | res=2.42e-01 | grad=7.18e-01 | 0.7s
[   959] loss=-8.0744 | res=2.42e-01 | grad=5.95e-01 | 0.8s
[   960] loss=-8.2959 | res=2.14e-01 | grad=8.65e-01 | 0.7s
[   961] loss=-7.7844 | res=2.42e-01 | grad=8.24e-01 | 0.7s
[   962] loss=-8.3682 | res=2.13e-01 | grad=4.19e-01 | 0.7s
[   963] loss=-8.1246 | res=2.14e-01 | grad=7.04e-01 | 0.8s
[   964] loss=-8.3674 | res=2.19e-01 | grad=7.99e-01 | 0.8s
[   965] loss=-8.3732 | res=2.38e-01 | grad=5.58e-01 | 0.7s
[   966] loss=-7.8166 | res=2.37e-01 | grad=6.58e-01 | 0.7s
[   967] loss=-8.1061 | res=2.31e-01 | grad=5.83e-01 | 0.7s
[   968] loss=-8.2597 | res=2.42e-01 | grad=8.27e-01 | 0.7s
[   969] loss=-8.2041 | res=2.32e-01 | grad=8.92e-01 | 0.7s
[   970] loss=-8.4153 | res=2.43e-01 | grad=6.47e-01 | 0.7s
[   971] loss=-8.0632 | res=2.08e-01 | grad=5.65e-01 | 0.7s
[   972] loss=-8.1192 | res=2.35e-01 | grad=6.80e-01 | 0.7s
[   973] loss=-7.9385 | res=2.25e-01 | grad=9.38e-01 | 0.7s
[   974] loss=-8.1231 | res=2.27e-01 | grad=7.07e-01 | 0.7s
[   975] loss=-8.2535 | res=2.35e-01 | grad=4.56e-01 | 0.7s
[   976] loss=-8.0032 | res=2.25e-01 | grad=6.13e-01 | 0.7s
[   977] loss=-8.2815 | res=2.26e-01 | grad=5.83e-01 | 0.7s
[   978] loss=-8.0415 | res=2.18e-01 | grad=7.50e-01 | 0.7s
[   979] loss=-8.2227 | res=2.21e-01 | grad=6.63e-01 | 0.7s
[   980] loss=-7.9021 | res=2.26e-01 | grad=3.89e-01 | 0.7s
[   981] loss=-8.4469 | res=2.31e-01 | grad=8.35e-01 | 0.8s
[   982] loss=-7.8065 | res=2.23e-01 | grad=6.63e-01 | 0.7s
[   983] loss=-7.9099 | res=2.22e-01 | grad=9.53e-01 | 0.8s
[   984] loss=-7.7646 | res=2.22e-01 | grad=7.18e-01 | 0.7s
[   985] loss=-8.3568 | res=2.09e-01 | grad=7.19e-01 | 0.7s
[   986] loss=-8.0119 | res=2.17e-01 | grad=4.52e-01 | 0.7s
[   987] loss=-7.8753 | res=2.22e-01 | grad=4.82e-01 | 0.7s
[   988] loss=-8.1832 | res=2.17e-01 | grad=4.56e-01 | 0.7s
[   989] loss=-8.0808 | res=2.06e-01 | grad=7.00e-01 | 0.7s
[   990] loss=-8.1564 | res=2.34e-01 | grad=3.35e-01 | 0.7s
[   991] loss=-7.9307 | res=2.29e-01 | grad=5.96e-01 | 0.8s
[   992] loss=-8.1805 | res=2.37e-01 | grad=6.23e-01 | 0.8s
[   993] loss=-8.2271 | res=2.16e-01 | grad=7.53e-01 | 0.7s
[   994] loss=-8.5005 | res=2.31e-01 | grad=6.47e-01 | 0.8s
[   995] loss=-8.4478 | res=2.24e-01 | grad=8.53e-01 | 0.8s
[   996] loss=-7.8297 | res=2.30e-01 | grad=7.18e-01 | 0.7s
[   997] loss=-8.4995 | res=2.29e-01 | grad=9.31e-01 | 0.7s
[   998] loss=-8.3102 | res=2.33e-01 | grad=7.35e-01 | 0.7s
[   999] loss=-7.7815 | res=2.23e-01 | grad=5.71e-01 | 0.7s
[  1000] loss=-8.6376 | res=2.24e-01 | grad=1.05e+00 | 0.7s
  KL = -0.0399 +/- 0.0268  |  ESS = 482.4 (ratio: 0.471)
  Runtime = 744.0s

[Ours] Training on T8...
/home/sjbhatt/anaconda3/envs/rcpms-jax/lib/python3.10/site-packages/jax/_src/ops/scatter.py:92: FutureWarning: scatter inputs have incompatible types: cannot safely cast value from dtype=int64 to dtype=int32 with jax_numpy_dtype_promotion='standard'. In future JAX releases this will result in an error.
  warnings.warn(
/home/sjbhatt/anaconda3/envs/rcpms-jax/lib/python3.10/site-packages/jax/_src/ops/scatter.py:92: FutureWarning: scatter inputs have incompatible types: cannot safely cast value from dtype=int64 to dtype=int32 with jax_numpy_dtype_promotion='standard'. In future JAX releases this will result in an error.
  warnings.warn(
[     1] loss=0.0693 | res=2.90e-03 | grad=8.02e+00 | 10.3s
[     2] loss=-0.1132 | res=3.69e-03 | grad=7.80e+00 | 1.1s
[     3] loss=-0.2818 | res=3.56e-03 | grad=7.46e+00 | 1.1s
[     4] loss=-0.4548 | res=4.09e-03 | grad=7.97e+00 | 1.1s
[     5] loss=-0.5979 | res=4.89e-03 | grad=7.98e+00 | 1.1s
[     6] loss=-0.7893 | res=7.17e-03 | grad=9.06e+00 | 1.1s
[     7] loss=-0.9416 | res=8.40e-03 | grad=9.37e+00 | 1.1s
[     8] loss=-1.0888 | res=9.05e-03 | grad=9.66e+00 | 1.1s
[     9] loss=-1.2693 | res=1.12e-02 | grad=1.03e+01 | 1.1s
[    10] loss=-1.5018 | res=1.52e-02 | grad=1.09e+01 | 1.1s
[    11] loss=-1.6742 | res=1.60e-02 | grad=1.09e+01 | 1.1s
[    12] loss=-1.9172 | res=2.18e-02 | grad=1.10e+01 | 1.1s
[    13] loss=-1.9922 | res=2.15e-02 | grad=1.00e+01 | 1.1s
[    14] loss=-2.1880 | res=2.49e-02 | grad=1.02e+01 | 1.1s
[    15] loss=-2.5910 | res=2.97e-02 | grad=1.07e+01 | 1.1s
[    16] loss=-2.9039 | res=3.18e-02 | grad=1.05e+01 | 1.1s
[    17] loss=-2.9384 | res=3.03e-02 | grad=1.01e+01 | 1.1s
[    18] loss=-3.1665 | res=3.59e-02 | grad=9.77e+00 | 1.1s
[    19] loss=-3.5727 | res=3.80e-02 | grad=9.97e+00 | 1.1s
[    20] loss=-3.4478 | res=4.35e-02 | grad=9.14e+00 | 1.1s
[    21] loss=-3.8887 | res=4.23e-02 | grad=9.38e+00 | 1.1s
[    22] loss=-3.8542 | res=4.37e-02 | grad=9.03e+00 | 1.1s
[    23] loss=-4.2775 | res=4.93e-02 | grad=9.23e+00 | 1.1s
[    24] loss=-4.5150 | res=5.60e-02 | grad=9.25e+00 | 1.1s
[    25] loss=-4.6494 | res=5.05e-02 | grad=8.87e+00 | 1.1s
[    26] loss=-5.0268 | res=6.70e-02 | grad=9.12e+00 | 1.1s
[    27] loss=-5.1008 | res=5.56e-02 | grad=8.74e+00 | 1.1s
[    28] loss=-5.4617 | res=6.24e-02 | grad=8.84e+00 | 1.1s
[    29] loss=-5.2847 | res=7.71e-02 | grad=8.28e+00 | 1.1s
[    30] loss=-5.5819 | res=7.84e-02 | grad=8.24e+00 | 1.1s
[    31] loss=-6.0819 | res=8.37e-02 | grad=8.43e+00 | 1.0s
[    32] loss=-5.7624 | res=8.14e-02 | grad=7.71e+00 | 1.1s
[    33] loss=-6.0907 | res=9.36e-02 | grad=7.73e+00 | 1.0s
[    34] loss=-6.4234 | res=1.10e-01 | grad=7.81e+00 | 1.0s
[    35] loss=-6.5889 | res=1.03e-01 | grad=7.53e+00 | 1.0s
[    36] loss=-6.8408 | res=1.03e-01 | grad=7.58e+00 | 1.0s
[    37] loss=-6.7415 | res=9.15e-02 | grad=6.99e+00 | 0.9s
[    38] loss=-6.8836 | res=1.06e-01 | grad=6.73e+00 | 1.1s
[    39] loss=-7.4313 | res=1.19e-01 | grad=6.95e+00 | 1.0s
[    40] loss=-7.2826 | res=1.20e-01 | grad=6.39e+00 | 1.1s
[    41] loss=-7.8861 | res=1.40e-01 | grad=6.65e+00 | 0.9s
[    42] loss=-7.6129 | res=1.34e-01 | grad=6.15e+00 | 1.1s
[    43] loss=-7.7434 | res=1.42e-01 | grad=5.67e+00 | 1.0s
[    44] loss=-8.3517 | res=1.55e-01 | grad=5.84e+00 | 0.9s
[    45] loss=-8.3575 | res=1.56e-01 | grad=5.42e+00 | 1.1s
[    46] loss=-8.2227 | res=1.50e-01 | grad=5.01e+00 | 1.0s
[    47] loss=-8.3188 | res=1.47e-01 | grad=4.73e+00 | 1.0s
[    48] loss=-8.8544 | res=1.76e-01 | grad=4.78e+00 | 1.0s
[    49] loss=-8.9326 | res=1.84e-01 | grad=4.18e+00 | 1.0s
[    50] loss=-8.8373 | res=1.62e-01 | grad=3.88e+00 | 1.1s
[    51] loss=-8.9707 | res=1.98e-01 | grad=3.50e+00 | 1.1s
[    52] loss=-9.1655 | res=1.88e-01 | grad=3.11e+00 | 1.1s
[    53] loss=-9.1312 | res=1.92e-01 | grad=2.60e+00 | 1.1s
[    54] loss=-9.2266 | res=2.09e-01 | grad=2.49e+00 | 1.1s
[    55] loss=-9.1340 | res=1.90e-01 | grad=2.41e+00 | 1.1s
[    56] loss=-8.9476 | res=2.00e-01 | grad=1.91e+00 | 1.1s
[    57] loss=-9.5201 | res=2.10e-01 | grad=1.84e+00 | 1.1s
[    58] loss=-9.2514 | res=1.98e-01 | grad=1.32e+00 | 1.1s
[    59] loss=-9.3335 | res=1.98e-01 | grad=1.02e+00 | 1.1s
[    60] loss=-9.2064 | res=2.17e-01 | grad=9.41e-01 | 1.1s
[    61] loss=-9.3036 | res=1.99e-01 | grad=8.65e-01 | 1.1s
[    62] loss=-9.4402 | res=2.07e-01 | grad=1.15e+00 | 1.1s
[    63] loss=-9.0914 | res=2.11e-01 | grad=1.06e+00 | 1.1s
[    64] loss=-9.0830 | res=2.02e-01 | grad=9.93e-01 | 1.1s
[    65] loss=-9.2978 | res=2.26e-01 | grad=9.61e-01 | 1.1s
[    66] loss=-8.8013 | res=2.21e-01 | grad=1.41e+00 | 1.1s
[    67] loss=-9.3317 | res=2.40e-01 | grad=1.25e+00 | 1.1s
[    68] loss=-9.0886 | res=2.27e-01 | grad=1.15e+00 | 1.1s
[    69] loss=-8.8642 | res=2.02e-01 | grad=1.25e+00 | 1.1s
[    70] loss=-9.0743 | res=2.37e-01 | grad=1.20e+00 | 1.1s
[    71] loss=-8.9498 | res=2.00e-01 | grad=1.45e+00 | 1.1s
[    72] loss=-8.6674 | res=2.12e-01 | grad=1.98e+00 | 1.1s
[    73] loss=-9.5618 | res=2.37e-01 | grad=1.07e+00 | 1.1s
[    74] loss=-9.5789 | res=2.04e-01 | grad=8.58e-01 | 1.1s
[    75] loss=-8.8640 | res=2.36e-01 | grad=1.56e+00 | 1.1s
[    76] loss=-9.2705 | res=2.13e-01 | grad=1.48e+00 | 1.1s
[    77] loss=-8.8941 | res=2.09e-01 | grad=1.58e+00 | 1.1s
[    78] loss=-9.1418 | res=2.22e-01 | grad=9.75e-01 | 1.1s
[    79] loss=-9.1130 | res=2.06e-01 | grad=1.04e+00 | 1.1s
[    80] loss=-9.2190 | res=1.73e-01 | grad=1.35e+00 | 1.1s
[    81] loss=-8.9761 | res=1.92e-01 | grad=9.69e-01 | 1.1s
[    82] loss=-9.0989 | res=1.74e-01 | grad=8.40e-01 | 1.1s
[    83] loss=-8.7040 | res=1.84e-01 | grad=9.32e-01 | 1.1s
[    84] loss=-8.9240 | res=1.85e-01 | grad=7.50e-01 | 1.1s
[    85] loss=-9.1599 | res=1.65e-01 | grad=1.07e+00 | 1.1s
[    86] loss=-9.1857 | res=1.99e-01 | grad=1.21e+00 | 1.1s
[    87] loss=-9.1702 | res=1.78e-01 | grad=1.09e+00 | 1.1s
[    88] loss=-9.1025 | res=1.70e-01 | grad=7.88e-01 | 1.1s
[    89] loss=-9.5643 | res=1.82e-01 | grad=6.18e-01 | 1.1s
[    90] loss=-9.0485 | res=1.76e-01 | grad=1.03e+00 | 1.1s
[    91] loss=-9.0768 | res=1.73e-01 | grad=1.06e+00 | 1.1s
[    92] loss=-8.9200 | res=1.71e-01 | grad=8.58e-01 | 1.1s
[    93] loss=-9.0324 | res=1.96e-01 | grad=5.05e-01 | 1.1s
[    94] loss=-9.1391 | res=1.88e-01 | grad=7.05e-01 | 1.1s
[    95] loss=-9.6152 | res=1.59e-01 | grad=1.21e+00 | 1.1s
[    96] loss=-9.2495 | res=1.79e-01 | grad=9.78e-01 | 1.1s
[    97] loss=-9.5423 | res=1.80e-01 | grad=8.39e-01 | 1.1s
[    98] loss=-9.3155 | res=1.74e-01 | grad=5.80e-01 | 1.1s
[    99] loss=-9.3326 | res=1.84e-01 | grad=8.37e-01 | 1.1s
[   100] loss=-9.2470 | res=1.78e-01 | grad=9.73e-01 | 1.1s
[   101] loss=-9.1573 | res=1.76e-01 | grad=1.07e+00 | 1.1s
[   102] loss=-9.0461 | res=1.89e-01 | grad=1.02e+00 | 1.1s
[   103] loss=-9.1692 | res=1.88e-01 | grad=9.94e-01 | 1.1s
[   104] loss=-9.1233 | res=1.82e-01 | grad=6.48e-01 | 1.1s
[   105] loss=-9.0051 | res=2.04e-01 | grad=1.06e+00 | 1.1s
[   106] loss=-9.2366 | res=1.71e-01 | grad=1.15e+00 | 1.1s
[   107] loss=-8.6359 | res=1.76e-01 | grad=9.41e-01 | 1.1s
[   108] loss=-8.9911 | res=1.85e-01 | grad=9.28e-01 | 1.1s
[   109] loss=-9.2304 | res=1.81e-01 | grad=7.21e-01 | 1.1s
[   110] loss=-9.1300 | res=1.96e-01 | grad=8.57e-01 | 1.1s
[   111] loss=-8.6885 | res=1.92e-01 | grad=7.08e-01 | 1.1s
[   112] loss=-9.0961 | res=1.81e-01 | grad=1.05e+00 | 1.1s
[   113] loss=-9.1983 | res=2.15e-01 | grad=9.67e-01 | 1.1s
[   114] loss=-9.1189 | res=1.86e-01 | grad=1.32e+00 | 1.1s
[   115] loss=-8.8618 | res=1.70e-01 | grad=9.32e-01 | 1.1s
[   116] loss=-9.5509 | res=1.88e-01 | grad=1.27e+00 | 1.1s
[   117] loss=-9.2448 | res=1.80e-01 | grad=1.06e+00 | 1.1s
[   118] loss=-9.3288 | res=1.62e-01 | grad=9.45e-01 | 1.1s
[   119] loss=-9.0912 | res=1.69e-01 | grad=7.88e-01 | 1.1s
[   120] loss=-9.1262 | res=1.85e-01 | grad=4.62e-01 | 1.1s
[   121] loss=-8.9699 | res=1.79e-01 | grad=1.06e+00 | 1.1s
[   122] loss=-8.4960 | res=1.75e-01 | grad=7.16e-01 | 1.1s
[   123] loss=-9.8695 | res=1.71e-01 | grad=8.49e-01 | 1.1s
[   124] loss=-9.3850 | res=1.66e-01 | grad=6.92e-01 | 1.1s
[   125] loss=-8.8735 | res=1.77e-01 | grad=7.47e-01 | 1.1s
[   126] loss=-9.2234 | res=1.81e-01 | grad=1.23e+00 | 1.1s
[   127] loss=-9.2289 | res=1.90e-01 | grad=6.42e-01 | 1.1s
[   128] loss=-9.4811 | res=1.74e-01 | grad=7.36e-01 | 1.1s
[   129] loss=-9.3077 | res=1.81e-01 | grad=7.77e-01 | 1.1s
[   130] loss=-9.3328 | res=1.72e-01 | grad=7.97e-01 | 1.1s
[   131] loss=-8.9023 | res=1.79e-01 | grad=7.08e-01 | 1.1s
[   132] loss=-8.9284 | res=1.71e-01 | grad=7.04e-01 | 1.1s
[   133] loss=-9.4167 | res=1.85e-01 | grad=1.02e+00 | 1.1s
[   134] loss=-9.1479 | res=1.70e-01 | grad=8.38e-01 | 1.1s
[   135] loss=-9.3030 | res=1.66e-01 | grad=9.84e-01 | 1.1s
[   136] loss=-9.2148 | res=2.05e-01 | grad=6.87e-01 | 1.1s
[   137] loss=-9.2835 | res=1.60e-01 | grad=1.19e+00 | 1.1s
[   138] loss=-9.1441 | res=1.70e-01 | grad=6.49e-01 | 1.1s
[   139] loss=-9.6184 | res=1.78e-01 | grad=8.91e-01 | 1.1s
[   140] loss=-9.1974 | res=1.72e-01 | grad=7.19e-01 | 1.1s
[   141] loss=-9.0637 | res=1.91e-01 | grad=1.24e+00 | 1.1s
[   142] loss=-9.6090 | res=1.90e-01 | grad=9.02e-01 | 1.1s
[   143] loss=-9.0591 | res=1.66e-01 | grad=8.55e-01 | 1.1s
[   144] loss=-9.0993 | res=1.86e-01 | grad=8.32e-01 | 1.1s
[   145] loss=-9.3353 | res=1.96e-01 | grad=1.09e+00 | 1.1s
[   146] loss=-9.5093 | res=1.80e-01 | grad=6.88e-01 | 1.1s
[   147] loss=-8.7437 | res=1.71e-01 | grad=9.64e-01 | 1.1s
[   148] loss=-8.8132 | res=1.72e-01 | grad=8.09e-01 | 1.1s
[   149] loss=-9.1938 | res=1.81e-01 | grad=1.23e+00 | 1.1s
[   150] loss=-9.1486 | res=1.63e-01 | grad=6.11e-01 | 1.1s
[   151] loss=-9.2668 | res=1.76e-01 | grad=7.10e-01 | 1.1s
[   152] loss=-8.9957 | res=1.87e-01 | grad=1.25e+00 | 1.1s
[   153] loss=-9.0893 | res=1.88e-01 | grad=7.60e-01 | 1.1s
[   154] loss=-9.4949 | res=1.83e-01 | grad=1.19e+00 | 1.1s
[   155] loss=-9.1536 | res=1.73e-01 | grad=5.78e-01 | 1.1s
[   156] loss=-9.3324 | res=1.76e-01 | grad=1.17e+00 | 1.1s
[   157] loss=-9.0522 | res=1.53e-01 | grad=1.09e+00 | 1.1s
[   158] loss=-9.1954 | res=1.93e-01 | grad=8.68e-01 | 1.1s
[   159] loss=-9.3316 | res=1.57e-01 | grad=8.87e-01 | 1.1s
[   160] loss=-9.3804 | res=1.60e-01 | grad=7.66e-01 | 1.1s
[   161] loss=-9.4765 | res=1.79e-01 | grad=8.86e-01 | 1.1s
[   162] loss=-8.9467 | res=1.82e-01 | grad=8.62e-01 | 1.1s
[   163] loss=-9.0882 | res=1.84e-01 | grad=7.04e-01 | 1.1s
[   164] loss=-9.4324 | res=1.75e-01 | grad=7.09e-01 | 1.1s
[   165] loss=-8.8291 | res=1.80e-01 | grad=7.74e-01 | 1.1s
[   166] loss=-9.1285 | res=1.87e-01 | grad=6.72e-01 | 1.1s
[   167] loss=-9.0570 | res=1.72e-01 | grad=8.03e-01 | 1.1s
[   168] loss=-9.4483 | res=1.79e-01 | grad=7.93e-01 | 1.1s
[   169] loss=-9.8150 | res=1.64e-01 | grad=7.95e-01 | 1.1s
[   170] loss=-9.0943 | res=1.70e-01 | grad=8.53e-01 | 1.1s
[   171] loss=-9.2535 | res=1.74e-01 | grad=1.23e+00 | 1.1s
[   172] loss=-9.3176 | res=1.72e-01 | grad=6.58e-01 | 1.1s
[   173] loss=-9.0225 | res=1.89e-01 | grad=1.30e+00 | 1.1s
[   174] loss=-9.0535 | res=1.73e-01 | grad=9.84e-01 | 1.1s
[   175] loss=-9.2768 | res=1.80e-01 | grad=1.10e+00 | 1.1s
[   176] loss=-9.1192 | res=1.63e-01 | grad=1.06e+00 | 1.1s
[   177] loss=-9.2145 | res=1.81e-01 | grad=1.00e+00 | 1.1s
[   178] loss=-9.3713 | res=1.54e-01 | grad=9.58e-01 | 1.1s
[   179] loss=-9.4365 | res=1.79e-01 | grad=1.15e+00 | 1.1s
[   180] loss=-9.5016 | res=1.88e-01 | grad=1.13e+00 | 1.1s
[   181] loss=-8.8524 | res=1.50e-01 | grad=9.74e-01 | 1.1s
[   182] loss=-9.1153 | res=1.89e-01 | grad=8.48e-01 | 1.1s
[   183] loss=-9.2538 | res=1.83e-01 | grad=1.13e+00 | 1.1s
[   184] loss=-8.9512 | res=1.75e-01 | grad=5.78e-01 | 1.1s
[   185] loss=-9.2107 | res=1.90e-01 | grad=6.83e-01 | 1.1s
[   186] loss=-9.2248 | res=1.93e-01 | grad=9.37e-01 | 1.1s
[   187] loss=-9.0466 | res=1.71e-01 | grad=1.25e+00 | 1.1s
[   188] loss=-9.3401 | res=1.85e-01 | grad=4.46e-01 | 1.1s
[   189] loss=-9.0487 | res=1.83e-01 | grad=1.09e+00 | 1.1s
[   190] loss=-8.5602 | res=1.72e-01 | grad=1.30e+00 | 1.1s
[   191] loss=-8.8266 | res=1.76e-01 | grad=1.63e+00 | 1.1s
[   192] loss=-8.7932 | res=1.77e-01 | grad=8.28e-01 | 1.1s
[   193] loss=-9.2629 | res=1.99e-01 | grad=7.92e-01 | 1.1s
[   194] loss=-9.3594 | res=1.94e-01 | grad=1.18e+00 | 1.1s
[   195] loss=-9.3440 | res=1.77e-01 | grad=1.12e+00 | 1.1s
[   196] loss=-9.0728 | res=1.80e-01 | grad=3.62e-01 | 1.1s
[   197] loss=-9.0051 | res=1.69e-01 | grad=1.14e+00 | 1.1s
[   198] loss=-9.0336 | res=1.98e-01 | grad=8.11e-01 | 1.1s
[   199] loss=-9.4687 | res=1.75e-01 | grad=1.18e+00 | 1.1s
[   200] loss=-8.7874 | res=1.90e-01 | grad=8.74e-01 | 1.1s
[   201] loss=-9.1204 | res=1.68e-01 | grad=1.13e+00 | 1.1s
[   202] loss=-9.4987 | res=1.80e-01 | grad=9.82e-01 | 1.1s
[   203] loss=-9.1235 | res=1.78e-01 | grad=1.27e+00 | 1.1s
[   204] loss=-9.0201 | res=1.78e-01 | grad=1.08e+00 | 1.1s
[   205] loss=-9.1567 | res=1.68e-01 | grad=1.14e+00 | 1.1s
[   206] loss=-8.9823 | res=1.55e-01 | grad=8.69e-01 | 1.1s
[   207] loss=-8.9668 | res=1.77e-01 | grad=1.19e+00 | 1.1s
[   208] loss=-8.9211 | res=1.79e-01 | grad=8.14e-01 | 1.1s
[   209] loss=-9.4275 | res=1.83e-01 | grad=8.90e-01 | 1.1s
[   210] loss=-9.5999 | res=1.85e-01 | grad=7.48e-01 | 1.1s
[   211] loss=-9.4459 | res=1.80e-01 | grad=1.17e+00 | 1.1s
[   212] loss=-9.8593 | res=1.71e-01 | grad=6.25e-01 | 1.1s
[   213] loss=-9.0124 | res=1.80e-01 | grad=1.08e+00 | 1.1s
[   214] loss=-9.2854 | res=1.66e-01 | grad=9.77e-01 | 1.1s
[   215] loss=-9.3866 | res=1.72e-01 | grad=8.26e-01 | 1.1s
[   216] loss=-9.1600 | res=1.73e-01 | grad=9.74e-01 | 1.1s
[   217] loss=-9.1402 | res=1.82e-01 | grad=5.34e-01 | 1.1s
[   218] loss=-9.3495 | res=1.68e-01 | grad=7.58e-01 | 1.1s
[   219] loss=-9.2939 | res=1.74e-01 | grad=1.00e+00 | 1.1s
[   220] loss=-9.0607 | res=1.92e-01 | grad=1.03e+00 | 1.1s
[   221] loss=-9.3448 | res=1.82e-01 | grad=1.37e+00 | 1.1s
[   222] loss=-9.4578 | res=1.87e-01 | grad=1.04e+00 | 1.1s
[   223] loss=-9.2473 | res=1.84e-01 | grad=7.08e-01 | 1.1s
[   224] loss=-9.1020 | res=1.74e-01 | grad=8.91e-01 | 1.1s
[   225] loss=-9.1065 | res=1.77e-01 | grad=8.63e-01 | 1.1s
[   226] loss=-9.4497 | res=1.77e-01 | grad=8.24e-01 | 1.1s
[   227] loss=-9.1624 | res=1.77e-01 | grad=8.76e-01 | 1.1s
[   228] loss=-8.9581 | res=1.66e-01 | grad=1.11e+00 | 1.1s
[   229] loss=-9.4753 | res=1.72e-01 | grad=7.87e-01 | 1.1s
[   230] loss=-9.0189 | res=1.80e-01 | grad=1.18e+00 | 1.1s
[   231] loss=-9.3464 | res=1.66e-01 | grad=9.81e-01 | 1.1s
[   232] loss=-9.0874 | res=1.62e-01 | grad=6.20e-01 | 1.1s
[   233] loss=-9.1974 | res=1.76e-01 | grad=6.72e-01 | 1.1s
[   234] loss=-9.4560 | res=1.54e-01 | grad=9.22e-01 | 1.1s
[   235] loss=-8.5374 | res=1.88e-01 | grad=1.60e+00 | 1.1s
[   236] loss=-9.5179 | res=1.74e-01 | grad=1.06e+00 | 1.1s
[   237] loss=-9.2481 | res=1.77e-01 | grad=1.06e+00 | 1.1s
[   238] loss=-8.9224 | res=1.70e-01 | grad=6.40e-01 | 1.1s
[   239] loss=-8.9102 | res=1.48e-01 | grad=9.61e-01 | 1.1s
[   240] loss=-9.1280 | res=1.84e-01 | grad=9.29e-01 | 1.1s
[   241] loss=-8.8359 | res=1.83e-01 | grad=4.48e-01 | 1.1s
[   242] loss=-9.3339 | res=1.62e-01 | grad=8.11e-01 | 1.1s
[   243] loss=-9.1847 | res=1.65e-01 | grad=1.14e+00 | 1.1s
[   244] loss=-8.5466 | res=1.90e-01 | grad=1.04e+00 | 1.1s
[   245] loss=-9.5955 | res=1.74e-01 | grad=9.68e-01 | 1.1s
[   246] loss=-9.6798 | res=1.78e-01 | grad=9.91e-01 | 1.1s
[   247] loss=-9.2308 | res=1.79e-01 | grad=9.16e-01 | 1.1s
[   248] loss=-9.1341 | res=1.79e-01 | grad=6.63e-01 | 1.1s
[   249] loss=-9.0478 | res=1.78e-01 | grad=5.59e-01 | 1.1s
[   250] loss=-9.2175 | res=1.82e-01 | grad=7.46e-01 | 1.1s
[   251] loss=-9.7348 | res=1.61e-01 | grad=1.16e+00 | 1.1s
[   252] loss=-9.0129 | res=1.65e-01 | grad=1.01e+00 | 1.1s
[   253] loss=-9.1059 | res=1.92e-01 | grad=5.84e-01 | 1.1s
[   254] loss=-9.4125 | res=1.67e-01 | grad=7.22e-01 | 1.1s
[   255] loss=-9.2010 | res=1.84e-01 | grad=7.20e-01 | 1.1s
[   256] loss=-9.2188 | res=1.69e-01 | grad=1.10e+00 | 1.1s
[   257] loss=-9.0097 | res=1.73e-01 | grad=7.25e-01 | 1.1s
[   258] loss=-9.4330 | res=1.62e-01 | grad=7.79e-01 | 1.1s
[   259] loss=-9.4902 | res=1.76e-01 | grad=7.56e-01 | 1.1s
[   260] loss=-8.8193 | res=1.81e-01 | grad=7.91e-01 | 1.1s
[   261] loss=-9.4378 | res=1.87e-01 | grad=8.50e-01 | 1.1s
[   262] loss=-9.4345 | res=1.83e-01 | grad=8.14e-01 | 1.1s
[   263] loss=-9.4764 | res=1.96e-01 | grad=6.16e-01 | 1.1s
[   264] loss=-9.0535 | res=1.93e-01 | grad=7.40e-01 | 1.1s
[   265] loss=-9.5093 | res=1.73e-01 | grad=6.52e-01 | 1.1s
[   266] loss=-9.4621 | res=1.80e-01 | grad=4.96e-01 | 1.1s
[   267] loss=-9.0877 | res=1.87e-01 | grad=6.74e-01 | 1.1s
[   268] loss=-9.1517 | res=1.86e-01 | grad=9.35e-01 | 1.1s
[   269] loss=-9.5936 | res=1.88e-01 | grad=8.91e-01 | 1.1s
[   270] loss=-9.2928 | res=1.91e-01 | grad=6.45e-01 | 1.1s
[   271] loss=-9.2112 | res=1.76e-01 | grad=9.39e-01 | 1.1s
[   272] loss=-9.0317 | res=1.75e-01 | grad=7.57e-01 | 1.1s
[   273] loss=-9.2275 | res=1.88e-01 | grad=6.89e-01 | 1.1s
[   274] loss=-9.3939 | res=1.85e-01 | grad=6.37e-01 | 1.1s
[   275] loss=-9.1603 | res=1.63e-01 | grad=8.07e-01 | 1.1s
[   276] loss=-9.4851 | res=1.74e-01 | grad=8.33e-01 | 1.1s
[   277] loss=-9.1696 | res=1.95e-01 | grad=7.87e-01 | 1.1s
[   278] loss=-9.4554 | res=1.70e-01 | grad=6.98e-01 | 1.1s
[   279] loss=-9.1735 | res=1.96e-01 | grad=8.98e-01 | 1.1s
[   280] loss=-9.2411 | res=1.73e-01 | grad=9.21e-01 | 1.1s
[   281] loss=-9.1509 | res=1.75e-01 | grad=9.21e-01 | 1.1s
[   282] loss=-8.9996 | res=1.75e-01 | grad=7.13e-01 | 1.1s
[   283] loss=-9.1535 | res=1.89e-01 | grad=9.51e-01 | 1.1s
[   284] loss=-9.1182 | res=1.53e-01 | grad=6.31e-01 | 1.1s
[   285] loss=-8.9958 | res=1.81e-01 | grad=6.04e-01 | 1.1s
[   286] loss=-9.2080 | res=1.86e-01 | grad=8.59e-01 | 1.1s
[   287] loss=-9.4447 | res=1.56e-01 | grad=7.84e-01 | 1.1s
[   288] loss=-9.0969 | res=1.83e-01 | grad=1.19e+00 | 1.1s
[   289] loss=-9.1956 | res=1.78e-01 | grad=7.52e-01 | 1.1s
[   290] loss=-9.2909 | res=1.65e-01 | grad=5.16e-01 | 1.1s
[   291] loss=-9.2096 | res=1.76e-01 | grad=7.90e-01 | 1.1s
[   292] loss=-9.1739 | res=1.80e-01 | grad=7.40e-01 | 1.1s
[   293] loss=-9.5805 | res=1.83e-01 | grad=9.53e-01 | 1.1s
[   294] loss=-9.0760 | res=1.87e-01 | grad=9.66e-01 | 1.1s
[   295] loss=-9.3296 | res=1.79e-01 | grad=5.63e-01 | 1.1s
[   296] loss=-9.4075 | res=1.58e-01 | grad=1.05e+00 | 1.1s
[   297] loss=-9.2354 | res=1.95e-01 | grad=1.06e+00 | 1.1s
[   298] loss=-9.2493 | res=1.84e-01 | grad=5.74e-01 | 1.1s
[   299] loss=-9.3063 | res=1.94e-01 | grad=8.54e-01 | 1.1s
[   300] loss=-8.8752 | res=1.92e-01 | grad=7.80e-01 | 1.1s
[   301] loss=-9.2020 | res=1.88e-01 | grad=7.24e-01 | 1.1s
[   302] loss=-9.3328 | res=1.93e-01 | grad=8.01e-01 | 1.1s
[   303] loss=-9.2758 | res=1.88e-01 | grad=8.70e-01 | 1.1s
[   304] loss=-9.6013 | res=1.63e-01 | grad=1.36e+00 | 1.1s
[   305] loss=-8.9431 | res=2.11e-01 | grad=5.63e-01 | 1.1s
[   306] loss=-9.0194 | res=1.78e-01 | grad=6.92e-01 | 1.1s
[   307] loss=-8.7079 | res=1.84e-01 | grad=5.77e-01 | 1.1s
[   308] loss=-8.6733 | res=2.05e-01 | grad=7.52e-01 | 1.1s
[   309] loss=-9.0651 | res=1.67e-01 | grad=6.58e-01 | 1.1s
[   310] loss=-9.3053 | res=1.89e-01 | grad=6.43e-01 | 1.1s
[   311] loss=-9.1276 | res=1.72e-01 | grad=8.65e-01 | 1.1s
[   312] loss=-9.0710 | res=1.76e-01 | grad=8.96e-01 | 1.1s
[   313] loss=-9.3832 | res=1.94e-01 | grad=5.56e-01 | 1.1s
[   314] loss=-9.4743 | res=1.81e-01 | grad=6.91e-01 | 1.1s
[   315] loss=-9.1979 | res=1.98e-01 | grad=6.34e-01 | 1.1s
[   316] loss=-9.4047 | res=1.87e-01 | grad=9.93e-01 | 1.1s
[   317] loss=-9.1014 | res=1.68e-01 | grad=8.64e-01 | 1.1s
[   318] loss=-9.6161 | res=1.72e-01 | grad=1.31e+00 | 1.1s
[   319] loss=-9.1511 | res=1.78e-01 | grad=1.14e+00 | 1.1s
[   320] loss=-9.6106 | res=1.97e-01 | grad=6.73e-01 | 1.1s
[   321] loss=-9.4977 | res=1.92e-01 | grad=5.20e-01 | 1.1s
[   322] loss=-9.4370 | res=1.80e-01 | grad=1.07e+00 | 1.1s
[   323] loss=-9.4090 | res=2.02e-01 | grad=8.93e-01 | 1.1s
[   324] loss=-9.4088 | res=1.76e-01 | grad=1.48e+00 | 1.1s
[   325] loss=-9.0548 | res=1.82e-01 | grad=9.14e-01 | 1.1s
[   326] loss=-9.3844 | res=1.81e-01 | grad=6.47e-01 | 1.1s
[   327] loss=-8.8200 | res=1.63e-01 | grad=1.07e+00 | 1.1s
[   328] loss=-9.0675 | res=1.83e-01 | grad=1.23e+00 | 1.1s
[   329] loss=-9.1843 | res=2.01e-01 | grad=1.14e+00 | 1.1s
[   330] loss=-9.1550 | res=2.02e-01 | grad=7.54e-01 | 1.1s
[   331] loss=-9.3792 | res=1.92e-01 | grad=5.54e-01 | 1.1s
[   332] loss=-9.3754 | res=1.77e-01 | grad=1.16e+00 | 1.1s
[   333] loss=-9.2158 | res=1.73e-01 | grad=6.40e-01 | 1.1s
[   334] loss=-9.2739 | res=1.69e-01 | grad=6.14e-01 | 1.1s
[   335] loss=-9.3505 | res=1.72e-01 | grad=8.10e-01 | 1.1s
[   336] loss=-9.1127 | res=2.02e-01 | grad=9.66e-01 | 1.1s
[   337] loss=-9.4125 | res=1.76e-01 | grad=6.72e-01 | 1.1s
[   338] loss=-8.8645 | res=1.85e-01 | grad=7.75e-01 | 1.1s
[   339] loss=-9.2644 | res=1.88e-01 | grad=7.07e-01 | 1.1s
[   340] loss=-9.3284 | res=1.87e-01 | grad=7.94e-01 | 1.1s
[   341] loss=-9.5577 | res=1.78e-01 | grad=7.72e-01 | 1.1s
[   342] loss=-9.0928 | res=1.84e-01 | grad=6.59e-01 | 1.1s
[   343] loss=-9.6753 | res=1.73e-01 | grad=7.02e-01 | 1.1s
[   344] loss=-9.3481 | res=1.73e-01 | grad=8.48e-01 | 1.1s
[   345] loss=-9.1089 | res=1.72e-01 | grad=4.29e-01 | 1.1s
[   346] loss=-9.2944 | res=1.93e-01 | grad=8.04e-01 | 1.1s
[   347] loss=-8.9962 | res=1.98e-01 | grad=6.42e-01 | 1.1s
[   348] loss=-9.2035 | res=1.76e-01 | grad=9.06e-01 | 1.1s
[   349] loss=-9.0648 | res=1.91e-01 | grad=7.59e-01 | 1.1s
[   350] loss=-9.6677 | res=1.84e-01 | grad=6.39e-01 | 1.1s
[   351] loss=-9.3837 | res=2.06e-01 | grad=7.89e-01 | 1.1s
[   352] loss=-9.3559 | res=2.09e-01 | grad=7.19e-01 | 1.1s
[   353] loss=-8.7851 | res=1.69e-01 | grad=5.46e-01 | 1.1s
[   354] loss=-9.2334 | res=1.83e-01 | grad=8.02e-01 | 1.1s
[   355] loss=-9.0853 | res=1.82e-01 | grad=6.85e-01 | 1.1s
[   356] loss=-8.9641 | res=1.89e-01 | grad=9.71e-01 | 1.1s
[   357] loss=-9.1981 | res=1.96e-01 | grad=8.94e-01 | 1.1s
[   358] loss=-9.4000 | res=1.85e-01 | grad=8.29e-01 | 1.1s
[   359] loss=-9.5132 | res=1.87e-01 | grad=7.78e-01 | 1.1s
[   360] loss=-9.1238 | res=1.70e-01 | grad=5.76e-01 | 1.1s
[   361] loss=-9.3637 | res=1.92e-01 | grad=7.83e-01 | 1.1s
[   362] loss=-9.2174 | res=1.87e-01 | grad=7.44e-01 | 1.1s
[   363] loss=-8.7483 | res=1.90e-01 | grad=7.57e-01 | 1.1s
[   364] loss=-9.0545 | res=1.85e-01 | grad=8.73e-01 | 1.1s
[   365] loss=-9.0273 | res=1.76e-01 | grad=7.88e-01 | 1.1s
[   366] loss=-9.1785 | res=1.82e-01 | grad=6.94e-01 | 1.1s
[   367] loss=-9.6328 | res=1.75e-01 | grad=8.99e-01 | 1.1s
[   368] loss=-9.4993 | res=1.73e-01 | grad=5.49e-01 | 1.1s
[   369] loss=-9.1773 | res=2.00e-01 | grad=1.26e+00 | 1.1s
[   370] loss=-8.9436 | res=1.64e-01 | grad=5.13e-01 | 1.1s
[   371] loss=-9.5598 | res=1.68e-01 | grad=7.22e-01 | 1.1s
[   372] loss=-9.1065 | res=1.85e-01 | grad=8.21e-01 | 1.1s
[   373] loss=-8.9009 | res=1.66e-01 | grad=8.95e-01 | 1.1s
[   374] loss=-9.3746 | res=1.89e-01 | grad=9.79e-01 | 1.1s
[   375] loss=-8.9347 | res=1.71e-01 | grad=4.96e-01 | 1.1s
[   376] loss=-9.1952 | res=1.87e-01 | grad=8.98e-01 | 1.1s
[   377] loss=-9.2416 | res=1.69e-01 | grad=6.26e-01 | 1.1s
[   378] loss=-9.1728 | res=2.00e-01 | grad=5.92e-01 | 1.1s
[   379] loss=-9.0629 | res=1.94e-01 | grad=1.03e+00 | 1.1s
[   380] loss=-9.5545 | res=1.80e-01 | grad=5.32e-01 | 1.1s
[   381] loss=-9.4936 | res=2.00e-01 | grad=6.94e-01 | 1.1s
[   382] loss=-9.4742 | res=1.91e-01 | grad=7.42e-01 | 1.1s
[   383] loss=-9.1710 | res=1.76e-01 | grad=8.47e-01 | 1.1s
[   384] loss=-9.2701 | res=1.92e-01 | grad=7.80e-01 | 1.1s
[   385] loss=-9.3716 | res=1.64e-01 | grad=6.89e-01 | 1.1s
[   386] loss=-9.4672 | res=1.88e-01 | grad=9.78e-01 | 1.1s
[   387] loss=-9.3794 | res=1.97e-01 | grad=7.90e-01 | 1.1s
[   388] loss=-9.5576 | res=1.92e-01 | grad=1.09e+00 | 1.1s
[   389] loss=-9.4675 | res=1.88e-01 | grad=7.01e-01 | 1.1s
[   390] loss=-9.0404 | res=1.81e-01 | grad=9.89e-01 | 1.1s
[   391] loss=-9.1821 | res=1.90e-01 | grad=7.96e-01 | 1.1s
[   392] loss=-9.1070 | res=1.93e-01 | grad=8.03e-01 | 1.1s
[   393] loss=-9.5675 | res=2.05e-01 | grad=1.27e+00 | 1.1s
[   394] loss=-9.2107 | res=1.84e-01 | grad=5.55e-01 | 1.1s
[   395] loss=-9.2134 | res=1.94e-01 | grad=9.07e-01 | 1.1s
[   396] loss=-9.3393 | res=2.02e-01 | grad=7.12e-01 | 1.1s
[   397] loss=-9.4115 | res=1.92e-01 | grad=1.04e+00 | 1.1s
[   398] loss=-9.1983 | res=2.00e-01 | grad=1.01e+00 | 1.1s
[   399] loss=-9.1845 | res=1.93e-01 | grad=8.84e-01 | 1.1s
[   400] loss=-8.8977 | res=1.78e-01 | grad=9.45e-01 | 1.1s
[   401] loss=-9.1072 | res=1.89e-01 | grad=8.37e-01 | 1.1s
[   402] loss=-9.3821 | res=1.93e-01 | grad=4.22e-01 | 1.1s
[   403] loss=-9.2280 | res=1.98e-01 | grad=6.52e-01 | 1.1s
[   404] loss=-9.2820 | res=1.90e-01 | grad=8.16e-01 | 1.1s
[   405] loss=-9.2986 | res=2.05e-01 | grad=7.76e-01 | 1.1s
[   406] loss=-9.2238 | res=1.97e-01 | grad=9.07e-01 | 1.1s
[   407] loss=-9.0256 | res=1.89e-01 | grad=7.69e-01 | 1.1s
[   408] loss=-9.3663 | res=1.82e-01 | grad=1.02e+00 | 1.1s
[   409] loss=-9.3020 | res=2.10e-01 | grad=9.21e-01 | 1.1s
[   410] loss=-9.0127 | res=1.98e-01 | grad=5.75e-01 | 1.1s
[   411] loss=-9.5097 | res=1.75e-01 | grad=9.14e-01 | 1.1s
[   412] loss=-9.3186 | res=1.92e-01 | grad=6.15e-01 | 1.1s
[   413] loss=-9.1531 | res=1.77e-01 | grad=7.10e-01 | 1.1s
[   414] loss=-8.9108 | res=1.72e-01 | grad=1.45e+00 | 1.1s
[   415] loss=-9.1244 | res=1.93e-01 | grad=1.06e+00 | 1.1s
[   416] loss=-9.3927 | res=1.99e-01 | grad=7.11e-01 | 1.1s
[   417] loss=-9.0549 | res=1.86e-01 | grad=8.27e-01 | 1.1s
[   418] loss=-9.3358 | res=1.89e-01 | grad=1.30e+00 | 1.1s
[   419] loss=-9.4622 | res=1.81e-01 | grad=7.38e-01 | 1.1s
[   420] loss=-9.7129 | res=1.93e-01 | grad=8.64e-01 | 1.1s
[   421] loss=-9.4399 | res=1.93e-01 | grad=6.09e-01 | 1.1s
[   422] loss=-8.9574 | res=1.74e-01 | grad=6.06e-01 | 1.1s
[   423] loss=-9.3596 | res=1.92e-01 | grad=6.22e-01 | 1.1s
[   424] loss=-9.4617 | res=1.78e-01 | grad=8.15e-01 | 1.1s
[   425] loss=-9.1827 | res=1.97e-01 | grad=1.08e+00 | 1.1s
[   426] loss=-9.3126 | res=2.04e-01 | grad=7.46e-01 | 1.1s
[   427] loss=-9.0155 | res=1.79e-01 | grad=4.76e-01 | 1.1s
[   428] loss=-9.0596 | res=1.86e-01 | grad=5.91e-01 | 1.1s
[   429] loss=-9.5065 | res=1.85e-01 | grad=1.08e+00 | 1.1s
[   430] loss=-8.9144 | res=2.07e-01 | grad=9.21e-01 | 1.1s
[   431] loss=-9.2001 | res=1.66e-01 | grad=7.08e-01 | 1.1s
[   432] loss=-9.4477 | res=1.95e-01 | grad=7.62e-01 | 1.1s
[   433] loss=-9.5359 | res=2.01e-01 | grad=8.45e-01 | 1.1s
[   434] loss=-9.3947 | res=1.68e-01 | grad=9.36e-01 | 1.1s
[   435] loss=-9.2390 | res=1.64e-01 | grad=7.34e-01 | 1.1s
[   436] loss=-9.3720 | res=1.82e-01 | grad=7.57e-01 | 1.1s
[   437] loss=-9.4522 | res=1.85e-01 | grad=7.38e-01 | 1.1s
[   438] loss=-9.1146 | res=1.77e-01 | grad=7.42e-01 | 1.1s
[   439] loss=-9.3294 | res=1.84e-01 | grad=9.92e-01 | 1.1s
[   440] loss=-9.1216 | res=1.78e-01 | grad=8.54e-01 | 1.1s
[   441] loss=-9.5699 | res=1.68e-01 | grad=8.24e-01 | 1.1s
[   442] loss=-9.2695 | res=1.81e-01 | grad=7.74e-01 | 1.1s
[   443] loss=-9.2405 | res=2.05e-01 | grad=6.83e-01 | 1.1s
[   444] loss=-9.5427 | res=1.96e-01 | grad=5.15e-01 | 1.1s
[   445] loss=-9.1979 | res=1.79e-01 | grad=7.33e-01 | 1.1s
[   446] loss=-9.2151 | res=1.97e-01 | grad=8.78e-01 | 1.1s
[   447] loss=-9.2578 | res=1.95e-01 | grad=1.14e+00 | 1.1s
[   448] loss=-9.4128 | res=1.74e-01 | grad=6.74e-01 | 1.1s
[   449] loss=-9.6334 | res=1.80e-01 | grad=6.79e-01 | 1.1s
[   450] loss=-9.4044 | res=2.00e-01 | grad=6.30e-01 | 1.1s
[   451] loss=-9.3918 | res=1.88e-01 | grad=6.56e-01 | 1.1s
[   452] loss=-9.3088 | res=1.92e-01 | grad=6.09e-01 | 1.1s
[   453] loss=-9.2572 | res=1.92e-01 | grad=8.26e-01 | 1.1s
[   454] loss=-9.2017 | res=1.77e-01 | grad=6.59e-01 | 1.1s
[   455] loss=-9.4441 | res=1.87e-01 | grad=1.03e+00 | 1.1s
[   456] loss=-9.5248 | res=1.84e-01 | grad=9.20e-01 | 1.1s
[   457] loss=-9.1892 | res=1.73e-01 | grad=1.06e+00 | 1.1s
[   458] loss=-9.0232 | res=2.02e-01 | grad=1.06e+00 | 1.1s
[   459] loss=-9.3735 | res=1.85e-01 | grad=8.20e-01 | 1.1s
[   460] loss=-8.8200 | res=1.97e-01 | grad=1.25e+00 | 1.1s
[   461] loss=-9.5824 | res=1.83e-01 | grad=7.87e-01 | 1.1s
[   462] loss=-9.0748 | res=1.83e-01 | grad=1.43e+00 | 1.1s
[   463] loss=-8.8940 | res=1.74e-01 | grad=6.22e-01 | 1.1s
[   464] loss=-9.1006 | res=1.99e-01 | grad=5.61e-01 | 1.1s
[   465] loss=-9.0546 | res=2.11e-01 | grad=8.68e-01 | 1.1s
[   466] loss=-8.8347 | res=1.82e-01 | grad=8.54e-01 | 1.1s
[   467] loss=-9.5107 | res=1.97e-01 | grad=9.03e-01 | 1.1s
[   468] loss=-9.3219 | res=1.99e-01 | grad=8.81e-01 | 1.1s
[   469] loss=-9.2335 | res=1.95e-01 | grad=9.53e-01 | 1.1s
[   470] loss=-9.2214 | res=1.95e-01 | grad=8.08e-01 | 1.1s
[   471] loss=-9.4204 | res=1.99e-01 | grad=5.70e-01 | 1.1s
[   472] loss=-9.4535 | res=1.69e-01 | grad=9.28e-01 | 1.1s
[   473] loss=-9.5134 | res=2.06e-01 | grad=8.37e-01 | 1.1s
[   474] loss=-9.2331 | res=1.96e-01 | grad=4.78e-01 | 1.1s
[   475] loss=-9.2735 | res=1.82e-01 | grad=5.24e-01 | 1.1s
[   476] loss=-9.0482 | res=1.93e-01 | grad=1.30e+00 | 1.1s
[   477] loss=-9.3073 | res=1.86e-01 | grad=8.53e-01 | 1.1s
[   478] loss=-9.1196 | res=1.80e-01 | grad=7.27e-01 | 1.1s
[   479] loss=-9.4079 | res=2.01e-01 | grad=1.03e+00 | 1.1s
[   480] loss=-9.1444 | res=1.85e-01 | grad=4.11e-01 | 1.1s
[   481] loss=-9.5112 | res=1.82e-01 | grad=5.04e-01 | 1.1s
[   482] loss=-9.2901 | res=1.92e-01 | grad=9.09e-01 | 1.1s
[   483] loss=-8.9964 | res=1.95e-01 | grad=1.52e+00 | 1.1s
[   484] loss=-9.2286 | res=2.13e-01 | grad=8.25e-01 | 1.1s
[   485] loss=-9.3516 | res=1.93e-01 | grad=9.48e-01 | 1.1s
[   486] loss=-9.2254 | res=1.95e-01 | grad=6.40e-01 | 1.1s
[   487] loss=-9.0990 | res=1.85e-01 | grad=1.01e+00 | 1.1s
[   488] loss=-9.3098 | res=2.09e-01 | grad=9.50e-01 | 1.1s
[   489] loss=-8.9943 | res=1.93e-01 | grad=1.26e+00 | 1.1s
[   490] loss=-9.5851 | res=1.97e-01 | grad=4.79e-01 | 1.1s
[   491] loss=-9.4699 | res=1.81e-01 | grad=7.08e-01 | 1.1s
[   492] loss=-9.2337 | res=1.90e-01 | grad=9.73e-01 | 1.1s
[   493] loss=-9.1145 | res=1.94e-01 | grad=1.05e+00 | 1.1s
[   494] loss=-9.3053 | res=1.82e-01 | grad=8.94e-01 | 1.1s
[   495] loss=-9.1698 | res=2.12e-01 | grad=1.04e+00 | 1.1s
[   496] loss=-8.8589 | res=1.98e-01 | grad=6.30e-01 | 1.1s
[   497] loss=-9.3098 | res=1.83e-01 | grad=6.89e-01 | 1.1s
[   498] loss=-9.3426 | res=1.94e-01 | grad=1.12e+00 | 1.1s
[   499] loss=-8.9745 | res=1.86e-01 | grad=1.34e+00 | 1.1s
[   500] loss=-9.6467 | res=2.03e-01 | grad=9.88e-01 | 1.1s
[   501] loss=-9.0712 | res=1.94e-01 | grad=1.12e+00 | 1.1s
[   502] loss=-9.1962 | res=1.77e-01 | grad=1.04e+00 | 1.1s
[   503] loss=-9.2929 | res=1.96e-01 | grad=1.24e+00 | 1.1s
[   504] loss=-9.1890 | res=1.88e-01 | grad=9.56e-01 | 1.1s
[   505] loss=-9.1514 | res=1.99e-01 | grad=1.45e+00 | 1.1s
[   506] loss=-9.3837 | res=1.96e-01 | grad=1.11e+00 | 1.1s
[   507] loss=-9.4866 | res=1.96e-01 | grad=6.70e-01 | 1.1s
[   508] loss=-9.4097 | res=1.84e-01 | grad=7.47e-01 | 1.1s
[   509] loss=-9.3919 | res=1.85e-01 | grad=8.32e-01 | 1.1s
[   510] loss=-9.2223 | res=1.93e-01 | grad=7.73e-01 | 1.1s
[   511] loss=-9.0004 | res=1.90e-01 | grad=8.19e-01 | 1.1s
[   512] loss=-8.8466 | res=1.89e-01 | grad=1.03e+00 | 1.1s
[   513] loss=-9.3582 | res=1.82e-01 | grad=3.12e-01 | 1.1s
[   514] loss=-9.2756 | res=1.77e-01 | grad=5.13e-01 | 1.1s
[   515] loss=-9.1887 | res=2.05e-01 | grad=7.67e-01 | 1.1s
[   516] loss=-9.2259 | res=2.01e-01 | grad=9.17e-01 | 1.1s
[   517] loss=-9.6291 | res=1.89e-01 | grad=9.10e-01 | 1.1s
[   518] loss=-9.1287 | res=1.83e-01 | grad=6.89e-01 | 1.1s
[   519] loss=-9.0836 | res=1.91e-01 | grad=7.05e-01 | 1.1s
[   520] loss=-9.0825 | res=1.99e-01 | grad=9.99e-01 | 1.1s
[   521] loss=-9.0453 | res=1.81e-01 | grad=8.45e-01 | 1.1s
[   522] loss=-9.4335 | res=1.72e-01 | grad=7.43e-01 | 1.1s
[   523] loss=-8.6215 | res=1.93e-01 | grad=6.71e-01 | 1.1s
[   524] loss=-9.8517 | res=1.70e-01 | grad=8.57e-01 | 1.1s
[   525] loss=-9.2011 | res=1.83e-01 | grad=6.40e-01 | 1.1s
[   526] loss=-9.4675 | res=1.90e-01 | grad=5.10e-01 | 1.1s
[   527] loss=-9.5323 | res=1.83e-01 | grad=6.06e-01 | 1.1s
[   528] loss=-9.4563 | res=1.87e-01 | grad=5.59e-01 | 1.1s
[   529] loss=-9.1251 | res=1.91e-01 | grad=9.70e-01 | 1.1s
[   530] loss=-9.2812 | res=1.79e-01 | grad=6.33e-01 | 1.1s
[   531] loss=-8.9465 | res=1.89e-01 | grad=7.89e-01 | 1.1s
[   532] loss=-8.8282 | res=2.08e-01 | grad=1.18e+00 | 1.1s
[   533] loss=-9.4117 | res=1.87e-01 | grad=5.91e-01 | 1.1s
[   534] loss=-9.3360 | res=1.89e-01 | grad=5.70e-01 | 1.1s
[   535] loss=-9.7168 | res=1.92e-01 | grad=5.41e-01 | 1.1s
[   536] loss=-8.8615 | res=1.86e-01 | grad=1.06e+00 | 1.1s
[   537] loss=-9.3209 | res=1.89e-01 | grad=1.04e+00 | 1.1s
[   538] loss=-9.0514 | res=2.09e-01 | grad=8.20e-01 | 1.1s
[   539] loss=-9.3967 | res=1.85e-01 | grad=4.91e-01 | 1.1s
[   540] loss=-9.3209 | res=2.05e-01 | grad=8.98e-01 | 1.1s
[   541] loss=-9.0290 | res=1.78e-01 | grad=5.96e-01 | 1.1s
[   542] loss=-9.2234 | res=1.78e-01 | grad=8.98e-01 | 1.1s
[   543] loss=-9.4053 | res=1.96e-01 | grad=5.32e-01 | 1.1s
[   544] loss=-9.4403 | res=1.95e-01 | grad=6.03e-01 | 1.1s
[   545] loss=-9.3213 | res=1.93e-01 | grad=7.90e-01 | 1.1s
[   546] loss=-9.4861 | res=2.03e-01 | grad=8.91e-01 | 1.1s
[   547] loss=-8.9821 | res=2.04e-01 | grad=8.27e-01 | 1.1s
[   548] loss=-9.0425 | res=2.02e-01 | grad=8.94e-01 | 1.1s
[   549] loss=-9.2530 | res=1.69e-01 | grad=8.43e-01 | 1.1s
[   550] loss=-9.8078 | res=2.08e-01 | grad=1.13e+00 | 1.1s
[   551] loss=-9.4366 | res=1.86e-01 | grad=7.04e-01 | 1.1s
[   552] loss=-9.3454 | res=1.89e-01 | grad=6.19e-01 | 1.1s
[   553] loss=-9.0739 | res=1.79e-01 | grad=1.08e+00 | 1.1s
[   554] loss=-9.4531 | res=1.91e-01 | grad=9.37e-01 | 1.1s
[   555] loss=-9.1985 | res=2.13e-01 | grad=1.21e+00 | 1.1s
[   556] loss=-9.1118 | res=1.81e-01 | grad=1.46e+00 | 1.1s
[   557] loss=-9.0933 | res=2.00e-01 | grad=9.86e-01 | 1.1s
[   558] loss=-9.2010 | res=1.92e-01 | grad=9.51e-01 | 1.1s
[   559] loss=-9.1961 | res=1.95e-01 | grad=9.93e-01 | 1.1s
[   560] loss=-9.1803 | res=1.91e-01 | grad=9.43e-01 | 1.1s
[   561] loss=-8.9663 | res=2.03e-01 | grad=1.20e+00 | 1.1s
[   562] loss=-8.5992 | res=1.85e-01 | grad=1.01e+00 | 1.1s
[   563] loss=-9.2877 | res=1.86e-01 | grad=6.71e-01 | 1.1s
[   564] loss=-9.5094 | res=1.99e-01 | grad=9.41e-01 | 1.1s
[   565] loss=-9.3875 | res=1.80e-01 | grad=9.25e-01 | 1.1s
[   566] loss=-9.8420 | res=1.89e-01 | grad=9.64e-01 | 1.1s
[   567] loss=-9.0358 | res=1.87e-01 | grad=7.55e-01 | 1.1s
[   568] loss=-8.8182 | res=1.76e-01 | grad=9.56e-01 | 1.1s
[   569] loss=-9.6267 | res=1.80e-01 | grad=6.45e-01 | 1.1s
[   570] loss=-9.2797 | res=1.92e-01 | grad=7.37e-01 | 1.1s
[   571] loss=-9.2768 | res=1.78e-01 | grad=4.74e-01 | 1.1s
[   572] loss=-9.0954 | res=1.88e-01 | grad=7.00e-01 | 1.1s
[   573] loss=-9.2202 | res=1.96e-01 | grad=1.07e+00 | 1.1s
[   574] loss=-8.8115 | res=2.04e-01 | grad=9.18e-01 | 1.1s
[   575] loss=-9.3898 | res=1.87e-01 | grad=5.84e-01 | 1.1s
[   576] loss=-8.8272 | res=1.91e-01 | grad=9.01e-01 | 1.1s
[   577] loss=-9.3351 | res=1.84e-01 | grad=8.73e-01 | 1.1s
[   578] loss=-9.2308 | res=1.97e-01 | grad=6.00e-01 | 1.1s
[   579] loss=-9.0652 | res=1.83e-01 | grad=9.03e-01 | 1.1s
[   580] loss=-9.3117 | res=1.97e-01 | grad=1.05e+00 | 1.1s
[   581] loss=-9.2113 | res=1.83e-01 | grad=1.08e+00 | 1.1s
[   582] loss=-8.9792 | res=1.94e-01 | grad=8.71e-01 | 1.1s
[   583] loss=-9.2084 | res=2.13e-01 | grad=1.01e+00 | 1.1s
[   584] loss=-9.2197 | res=1.85e-01 | grad=7.72e-01 | 1.1s
[   585] loss=-9.4126 | res=1.98e-01 | grad=8.30e-01 | 1.1s
[   586] loss=-9.0467 | res=1.83e-01 | grad=8.06e-01 | 1.1s
[   587] loss=-9.3590 | res=1.94e-01 | grad=9.18e-01 | 1.1s
[   588] loss=-9.4686 | res=2.05e-01 | grad=1.06e+00 | 1.1s
[   589] loss=-9.0183 | res=1.98e-01 | grad=6.11e-01 | 1.1s
[   590] loss=-9.3351 | res=1.96e-01 | grad=7.69e-01 | 1.1s
[   591] loss=-8.9123 | res=1.70e-01 | grad=9.84e-01 | 1.1s
[   592] loss=-9.8525 | res=2.07e-01 | grad=9.04e-01 | 1.1s
[   593] loss=-9.7329 | res=2.04e-01 | grad=9.80e-01 | 1.1s
[   594] loss=-9.1981 | res=1.97e-01 | grad=1.22e+00 | 1.1s
[   595] loss=-9.0819 | res=2.02e-01 | grad=7.96e-01 | 1.1s
[   596] loss=-9.2947 | res=2.04e-01 | grad=9.15e-01 | 1.1s
[   597] loss=-9.3194 | res=1.95e-01 | grad=7.83e-01 | 1.1s
[   598] loss=-9.4170 | res=1.87e-01 | grad=8.00e-01 | 1.1s
[   599] loss=-9.2835 | res=1.97e-01 | grad=9.22e-01 | 1.1s
[   600] loss=-9.2729 | res=1.98e-01 | grad=8.20e-01 | 1.1s
[   601] loss=-9.1798 | res=1.95e-01 | grad=1.22e+00 | 1.1s
[   602] loss=-9.2105 | res=2.15e-01 | grad=1.14e+00 | 1.1s
[   603] loss=-9.2621 | res=2.04e-01 | grad=7.99e-01 | 1.1s
[   604] loss=-8.7959 | res=2.01e-01 | grad=6.40e-01 | 1.1s
[   605] loss=-9.3775 | res=1.96e-01 | grad=1.16e+00 | 1.1s
[   606] loss=-9.0278 | res=1.96e-01 | grad=6.35e-01 | 1.1s
[   607] loss=-9.3248 | res=1.94e-01 | grad=8.21e-01 | 1.1s
[   608] loss=-9.4375 | res=1.98e-01 | grad=1.27e+00 | 1.1s
[   609] loss=-9.1159 | res=2.09e-01 | grad=6.87e-01 | 1.1s
[   610] loss=-9.4038 | res=1.92e-01 | grad=1.49e+00 | 1.1s
[   611] loss=-9.2432 | res=1.89e-01 | grad=6.85e-01 | 1.1s
[   612] loss=-9.1358 | res=2.14e-01 | grad=1.29e+00 | 1.1s
[   613] loss=-9.5135 | res=2.09e-01 | grad=8.71e-01 | 1.1s
[   614] loss=-9.3329 | res=1.92e-01 | grad=4.84e-01 | 1.1s
[   615] loss=-9.2378 | res=1.91e-01 | grad=6.23e-01 | 1.1s
[   616] loss=-9.2720 | res=2.01e-01 | grad=1.21e+00 | 1.1s
[   617] loss=-8.9236 | res=1.82e-01 | grad=1.18e+00 | 1.1s
[   618] loss=-9.1364 | res=1.89e-01 | grad=1.03e+00 | 1.1s
[   619] loss=-9.2721 | res=2.14e-01 | grad=6.41e-01 | 1.1s
[   620] loss=-9.1158 | res=1.86e-01 | grad=1.24e+00 | 1.1s
[   621] loss=-9.2158 | res=1.89e-01 | grad=6.89e-01 | 1.1s
[   622] loss=-9.1250 | res=1.92e-01 | grad=7.07e-01 | 1.1s
[   623] loss=-8.9823 | res=1.89e-01 | grad=1.02e+00 | 1.1s
[   624] loss=-8.8693 | res=1.73e-01 | grad=1.09e+00 | 1.1s
[   625] loss=-9.2882 | res=1.88e-01 | grad=6.93e-01 | 1.1s
[   626] loss=-9.4186 | res=2.03e-01 | grad=5.47e-01 | 1.1s
[   627] loss=-9.1375 | res=1.96e-01 | grad=1.13e+00 | 1.1s
[   628] loss=-9.3135 | res=1.92e-01 | grad=7.62e-01 | 1.1s
[   629] loss=-9.3989 | res=1.87e-01 | grad=6.60e-01 | 1.1s
[   630] loss=-9.3980 | res=1.72e-01 | grad=8.17e-01 | 1.1s
[   631] loss=-9.3857 | res=1.81e-01 | grad=1.08e+00 | 1.1s
[   632] loss=-9.2067 | res=1.81e-01 | grad=8.57e-01 | 1.1s
[   633] loss=-9.3367 | res=2.09e-01 | grad=1.05e+00 | 1.1s
[   634] loss=-9.2759 | res=1.69e-01 | grad=8.59e-01 | 1.1s
[   635] loss=-9.0465 | res=1.93e-01 | grad=6.43e-01 | 1.1s
[   636] loss=-9.3644 | res=1.77e-01 | grad=8.29e-01 | 1.1s
[   637] loss=-9.3435 | res=1.78e-01 | grad=1.02e+00 | 1.1s
[   638] loss=-9.2558 | res=1.80e-01 | grad=1.01e+00 | 1.1s
[   639] loss=-9.0926 | res=1.99e-01 | grad=9.17e-01 | 1.1s
[   640] loss=-9.2444 | res=1.81e-01 | grad=6.44e-01 | 1.1s
[   641] loss=-8.8734 | res=2.12e-01 | grad=9.09e-01 | 1.1s
[   642] loss=-9.3365 | res=2.08e-01 | grad=6.91e-01 | 1.1s
[   643] loss=-9.2249 | res=1.88e-01 | grad=9.47e-01 | 1.1s
[   644] loss=-9.3696 | res=2.02e-01 | grad=7.64e-01 | 1.1s
[   645] loss=-9.3206 | res=2.10e-01 | grad=8.02e-01 | 1.1s
[   646] loss=-9.0788 | res=2.11e-01 | grad=9.81e-01 | 1.1s
[   647] loss=-9.3687 | res=1.97e-01 | grad=7.94e-01 | 1.1s
[   648] loss=-9.3325 | res=1.99e-01 | grad=1.03e+00 | 1.1s
[   649] loss=-9.3024 | res=1.76e-01 | grad=4.84e-01 | 1.1s
[   650] loss=-9.3348 | res=1.79e-01 | grad=9.70e-01 | 1.1s
[   651] loss=-8.9100 | res=1.83e-01 | grad=7.30e-01 | 1.1s
[   652] loss=-9.0362 | res=1.84e-01 | grad=7.64e-01 | 1.1s
[   653] loss=-9.2792 | res=2.00e-01 | grad=7.26e-01 | 1.1s
[   654] loss=-9.5684 | res=1.72e-01 | grad=8.18e-01 | 1.1s
[   655] loss=-9.3386 | res=1.96e-01 | grad=1.00e+00 | 1.1s
[   656] loss=-9.3680 | res=1.95e-01 | grad=6.57e-01 | 1.1s
[   657] loss=-9.4142 | res=1.84e-01 | grad=5.70e-01 | 1.1s
[   658] loss=-9.1906 | res=1.74e-01 | grad=7.56e-01 | 1.1s
[   659] loss=-9.7259 | res=2.02e-01 | grad=9.09e-01 | 1.1s
[   660] loss=-9.6236 | res=1.80e-01 | grad=5.39e-01 | 1.1s
[   661] loss=-9.4219 | res=2.00e-01 | grad=1.01e+00 | 1.1s
[   662] loss=-9.4648 | res=1.96e-01 | grad=5.49e-01 | 1.1s
[   663] loss=-9.2127 | res=1.89e-01 | grad=7.58e-01 | 1.1s
[   664] loss=-9.4440 | res=1.84e-01 | grad=1.26e+00 | 1.1s
[   665] loss=-9.1459 | res=1.75e-01 | grad=7.02e-01 | 1.1s
[   666] loss=-9.1284 | res=1.88e-01 | grad=5.02e-01 | 1.1s
[   667] loss=-9.2751 | res=1.86e-01 | grad=7.77e-01 | 1.1s
[   668] loss=-9.1292 | res=1.84e-01 | grad=1.46e+00 | 1.1s
[   669] loss=-8.7853 | res=1.96e-01 | grad=7.74e-01 | 1.1s
[   670] loss=-8.8961 | res=1.87e-01 | grad=7.75e-01 | 1.1s
[   671] loss=-9.2177 | res=2.00e-01 | grad=7.24e-01 | 1.1s
[   672] loss=-8.9204 | res=1.92e-01 | grad=6.00e-01 | 1.1s
[   673] loss=-9.2388 | res=1.91e-01 | grad=1.13e+00 | 1.1s
[   674] loss=-9.2493 | res=1.98e-01 | grad=1.06e+00 | 1.1s
[   675] loss=-9.2423 | res=2.08e-01 | grad=1.18e+00 | 1.1s
[   676] loss=-9.1092 | res=2.00e-01 | grad=8.95e-01 | 1.1s
[   677] loss=-9.2034 | res=1.86e-01 | grad=9.04e-01 | 1.1s
[   678] loss=-9.5746 | res=1.85e-01 | grad=7.03e-01 | 1.1s
[   679] loss=-9.4403 | res=1.84e-01 | grad=7.77e-01 | 1.1s
[   680] loss=-9.6561 | res=1.93e-01 | grad=9.84e-01 | 1.1s
[   681] loss=-9.5210 | res=1.90e-01 | grad=8.36e-01 | 1.1s
[   682] loss=-9.3118 | res=2.04e-01 | grad=7.07e-01 | 1.1s
[   683] loss=-9.0753 | res=1.81e-01 | grad=9.77e-01 | 1.1s
[   684] loss=-9.4163 | res=1.81e-01 | grad=7.78e-01 | 1.1s
[   685] loss=-9.2483 | res=1.94e-01 | grad=9.54e-01 | 1.1s
[   686] loss=-8.9846 | res=2.02e-01 | grad=8.22e-01 | 1.1s
[   687] loss=-9.2852 | res=1.86e-01 | grad=5.36e-01 | 1.1s
[   688] loss=-9.1057 | res=1.93e-01 | grad=6.76e-01 | 1.1s
[   689] loss=-9.4662 | res=2.03e-01 | grad=6.47e-01 | 1.1s
[   690] loss=-8.8447 | res=2.00e-01 | grad=9.41e-01 | 1.1s
[   691] loss=-9.1065 | res=1.92e-01 | grad=9.63e-01 | 1.1s
[   692] loss=-9.3993 | res=1.92e-01 | grad=1.07e+00 | 1.1s
[   693] loss=-9.7126 | res=1.87e-01 | grad=8.27e-01 | 1.1s
[   694] loss=-9.6066 | res=1.93e-01 | grad=4.97e-01 | 1.1s
[   695] loss=-9.3022 | res=1.96e-01 | grad=8.69e-01 | 1.1s
[   696] loss=-9.2784 | res=2.02e-01 | grad=9.69e-01 | 1.1s
[   697] loss=-9.0041 | res=1.79e-01 | grad=1.17e+00 | 1.1s
[   698] loss=-8.8501 | res=1.95e-01 | grad=1.01e+00 | 1.1s
[   699] loss=-9.2502 | res=1.78e-01 | grad=8.63e-01 | 1.1s
[   700] loss=-9.1007 | res=1.99e-01 | grad=7.31e-01 | 1.1s
[   701] loss=-9.1233 | res=1.90e-01 | grad=7.93e-01 | 1.1s
[   702] loss=-9.5844 | res=1.90e-01 | grad=9.81e-01 | 1.1s
[   703] loss=-9.4020 | res=1.84e-01 | grad=1.09e+00 | 1.1s
[   704] loss=-9.3042 | res=1.91e-01 | grad=8.23e-01 | 1.1s
[   705] loss=-8.9378 | res=2.05e-01 | grad=7.09e-01 | 1.1s
[   706] loss=-9.2669 | res=1.94e-01 | grad=6.69e-01 | 1.1s
[   707] loss=-9.4808 | res=1.84e-01 | grad=4.70e-01 | 1.1s
[   708] loss=-9.3575 | res=1.87e-01 | grad=1.11e+00 | 1.1s
[   709] loss=-9.2351 | res=1.98e-01 | grad=8.38e-01 | 1.1s
[   710] loss=-9.0862 | res=1.91e-01 | grad=6.19e-01 | 1.1s
[   711] loss=-9.1178 | res=1.99e-01 | grad=9.63e-01 | 1.1s
[   712] loss=-9.1274 | res=1.97e-01 | grad=8.98e-01 | 1.1s
[   713] loss=-9.2381 | res=1.86e-01 | grad=7.63e-01 | 1.1s
[   714] loss=-9.1396 | res=2.02e-01 | grad=8.53e-01 | 1.1s
[   715] loss=-8.8482 | res=1.99e-01 | grad=9.20e-01 | 1.1s
[   716] loss=-9.4073 | res=1.73e-01 | grad=7.65e-01 | 1.1s
[   717] loss=-8.8924 | res=1.97e-01 | grad=7.53e-01 | 1.1s
[   718] loss=-9.5673 | res=2.09e-01 | grad=1.20e+00 | 1.1s
[   719] loss=-9.2261 | res=2.00e-01 | grad=4.05e-01 | 1.1s
[   720] loss=-9.3517 | res=1.97e-01 | grad=4.78e-01 | 1.1s
[   721] loss=-9.1881 | res=1.98e-01 | grad=9.37e-01 | 1.1s
[   722] loss=-9.6357 | res=1.94e-01 | grad=7.51e-01 | 1.1s
[   723] loss=-9.4713 | res=1.96e-01 | grad=1.04e+00 | 1.1s
[   724] loss=-9.2373 | res=1.80e-01 | grad=7.25e-01 | 1.1s
[   725] loss=-8.9294 | res=1.88e-01 | grad=8.34e-01 | 1.1s
[   726] loss=-9.4171 | res=1.85e-01 | grad=5.97e-01 | 1.1s
[   727] loss=-9.2609 | res=1.89e-01 | grad=5.10e-01 | 1.1s
[   728] loss=-9.2430 | res=1.74e-01 | grad=1.09e+00 | 1.1s
[   729] loss=-9.3043 | res=2.08e-01 | grad=1.03e+00 | 1.1s
[   730] loss=-9.3540 | res=1.88e-01 | grad=4.77e-01 | 1.1s
[   731] loss=-9.2013 | res=1.76e-01 | grad=5.73e-01 | 1.1s
[   732] loss=-9.3769 | res=1.90e-01 | grad=6.60e-01 | 1.1s
[   733] loss=-9.1677 | res=1.96e-01 | grad=8.66e-01 | 1.1s
[   734] loss=-9.0096 | res=1.99e-01 | grad=8.40e-01 | 1.1s
[   735] loss=-9.2512 | res=2.03e-01 | grad=9.55e-01 | 1.1s
[   736] loss=-9.7298 | res=1.97e-01 | grad=7.33e-01 | 1.1s
[   737] loss=-8.9736 | res=1.77e-01 | grad=9.72e-01 | 1.1s
[   738] loss=-8.7607 | res=2.30e-01 | grad=8.22e-01 | 1.1s
[   739] loss=-9.5695 | res=2.00e-01 | grad=9.76e-01 | 1.1s
[   740] loss=-8.8420 | res=1.71e-01 | grad=6.84e-01 | 1.1s
[   741] loss=-9.1491 | res=1.82e-01 | grad=6.92e-01 | 1.1s
[   742] loss=-9.3354 | res=1.83e-01 | grad=9.43e-01 | 1.1s
[   743] loss=-9.0028 | res=2.02e-01 | grad=7.89e-01 | 1.1s
[   744] loss=-9.4965 | res=1.98e-01 | grad=5.03e-01 | 1.1s
[   745] loss=-9.7648 | res=2.11e-01 | grad=6.98e-01 | 1.1s
[   746] loss=-9.3003 | res=1.90e-01 | grad=5.88e-01 | 1.1s
[   747] loss=-9.0330 | res=2.02e-01 | grad=8.07e-01 | 1.1s
[   748] loss=-9.1382 | res=1.89e-01 | grad=3.99e-01 | 1.1s
[   749] loss=-9.5758 | res=1.99e-01 | grad=6.85e-01 | 1.1s
[   750] loss=-9.4628 | res=1.75e-01 | grad=7.27e-01 | 1.1s
[   751] loss=-9.2592 | res=2.06e-01 | grad=6.72e-01 | 1.1s
[   752] loss=-9.3423 | res=1.94e-01 | grad=4.87e-01 | 1.1s
[   753] loss=-9.3373 | res=2.03e-01 | grad=9.09e-01 | 1.1s
[   754] loss=-8.9530 | res=2.02e-01 | grad=5.72e-01 | 1.1s
[   755] loss=-8.9790 | res=2.09e-01 | grad=8.90e-01 | 1.1s
[   756] loss=-9.3260 | res=1.90e-01 | grad=1.08e+00 | 1.1s
[   757] loss=-9.8967 | res=2.03e-01 | grad=1.06e+00 | 1.1s
[   758] loss=-9.1979 | res=2.12e-01 | grad=8.40e-01 | 1.1s
[   759] loss=-9.2034 | res=1.76e-01 | grad=7.20e-01 | 1.1s
[   760] loss=-9.2556 | res=2.14e-01 | grad=7.55e-01 | 1.1s
[   761] loss=-9.0350 | res=1.79e-01 | grad=9.10e-01 | 1.1s
[   762] loss=-9.4186 | res=1.97e-01 | grad=7.01e-01 | 1.1s
[   763] loss=-9.4879 | res=1.92e-01 | grad=7.18e-01 | 1.1s
[   764] loss=-9.1019 | res=1.90e-01 | grad=8.34e-01 | 1.1s
[   765] loss=-8.8854 | res=1.88e-01 | grad=9.98e-01 | 1.1s
[   766] loss=-8.9115 | res=1.99e-01 | grad=8.07e-01 | 1.1s
[   767] loss=-9.2149 | res=2.11e-01 | grad=6.16e-01 | 1.1s
[   768] loss=-8.4965 | res=1.90e-01 | grad=1.17e+00 | 1.1s
[   769] loss=-9.2919 | res=2.03e-01 | grad=9.00e-01 | 1.1s
[   770] loss=-9.2478 | res=1.92e-01 | grad=6.77e-01 | 1.1s
[   771] loss=-9.3389 | res=1.87e-01 | grad=7.18e-01 | 1.1s
[   772] loss=-8.5979 | res=1.88e-01 | grad=7.98e-01 | 1.1s
[   773] loss=-9.2332 | res=1.92e-01 | grad=7.78e-01 | 1.1s
[   774] loss=-9.0334 | res=2.13e-01 | grad=6.70e-01 | 1.1s
[   775] loss=-9.1856 | res=1.90e-01 | grad=8.04e-01 | 1.1s
[   776] loss=-9.5155 | res=1.92e-01 | grad=8.08e-01 | 1.1s
[   777] loss=-9.2833 | res=1.70e-01 | grad=6.03e-01 | 1.1s
[   778] loss=-9.0232 | res=1.97e-01 | grad=7.08e-01 | 1.1s
[   779] loss=-9.2046 | res=1.85e-01 | grad=7.18e-01 | 1.1s
[   780] loss=-9.0023 | res=1.96e-01 | grad=8.21e-01 | 1.1s
[   781] loss=-9.2079 | res=2.00e-01 | grad=1.09e+00 | 1.1s
[   782] loss=-9.2316 | res=1.82e-01 | grad=6.57e-01 | 1.1s
[   783] loss=-8.9427 | res=1.77e-01 | grad=4.74e-01 | 1.1s
[   784] loss=-9.1100 | res=2.05e-01 | grad=8.21e-01 | 1.1s
[   785] loss=-9.0025 | res=1.93e-01 | grad=8.31e-01 | 1.1s
[   786] loss=-8.9709 | res=1.84e-01 | grad=9.67e-01 | 1.1s
[   787] loss=-9.1640 | res=2.06e-01 | grad=9.69e-01 | 1.1s
[   788] loss=-9.1915 | res=1.88e-01 | grad=6.40e-01 | 1.1s
[   789] loss=-9.2028 | res=1.96e-01 | grad=7.05e-01 | 1.1s
[   790] loss=-8.7101 | res=1.96e-01 | grad=9.16e-01 | 1.1s
[   791] loss=-9.1051 | res=1.93e-01 | grad=8.78e-01 | 1.1s
[   792] loss=-8.8234 | res=1.99e-01 | grad=7.00e-01 | 1.1s
[   793] loss=-8.8219 | res=1.78e-01 | grad=8.12e-01 | 1.1s
[   794] loss=-9.3468 | res=1.81e-01 | grad=6.66e-01 | 1.1s
[   795] loss=-9.0660 | res=1.81e-01 | grad=9.64e-01 | 1.1s
[   796] loss=-9.5699 | res=1.87e-01 | grad=8.63e-01 | 1.1s
[   797] loss=-9.2281 | res=1.82e-01 | grad=6.83e-01 | 1.1s
[   798] loss=-9.3574 | res=2.00e-01 | grad=4.64e-01 | 1.1s
[   799] loss=-9.0603 | res=1.98e-01 | grad=9.88e-01 | 1.1s
[   800] loss=-9.0033 | res=1.71e-01 | grad=7.86e-01 | 1.1s
[   801] loss=-9.3275 | res=1.97e-01 | grad=7.74e-01 | 1.1s
[   802] loss=-9.2335 | res=1.86e-01 | grad=6.47e-01 | 1.1s
[   803] loss=-9.2296 | res=1.73e-01 | grad=8.70e-01 | 1.1s
[   804] loss=-9.1192 | res=1.82e-01 | grad=8.59e-01 | 1.1s
[   805] loss=-8.9816 | res=1.85e-01 | grad=6.17e-01 | 1.1s
[   806] loss=-8.9694 | res=1.81e-01 | grad=8.98e-01 | 1.1s
[   807] loss=-9.3484 | res=1.76e-01 | grad=6.50e-01 | 1.1s
[   808] loss=-9.2005 | res=1.96e-01 | grad=5.53e-01 | 1.1s
[   809] loss=-9.1959 | res=1.89e-01 | grad=5.04e-01 | 1.1s
[   810] loss=-9.4860 | res=1.71e-01 | grad=8.52e-01 | 1.1s
[   811] loss=-9.3825 | res=1.85e-01 | grad=4.24e-01 | 1.1s
[   812] loss=-9.4845 | res=1.89e-01 | grad=5.66e-01 | 1.1s
[   813] loss=-8.6466 | res=1.96e-01 | grad=9.19e-01 | 1.1s
[   814] loss=-9.3112 | res=1.93e-01 | grad=5.25e-01 | 1.1s
[   815] loss=-9.1346 | res=1.85e-01 | grad=6.95e-01 | 1.1s
[   816] loss=-9.2643 | res=1.98e-01 | grad=9.33e-01 | 1.1s
[   817] loss=-9.3814 | res=1.87e-01 | grad=7.15e-01 | 1.1s
[   818] loss=-9.2695 | res=1.85e-01 | grad=6.07e-01 | 1.1s
[   819] loss=-9.8062 | res=1.96e-01 | grad=7.34e-01 | 1.1s
[   820] loss=-9.1841 | res=1.91e-01 | grad=7.76e-01 | 1.1s
[   821] loss=-9.0754 | res=1.94e-01 | grad=7.30e-01 | 1.1s
[   822] loss=-8.8647 | res=1.88e-01 | grad=7.08e-01 | 1.1s
[   823] loss=-8.4923 | res=1.91e-01 | grad=9.09e-01 | 1.1s
[   824] loss=-9.1782 | res=1.97e-01 | grad=6.82e-01 | 1.1s
[   825] loss=-9.0379 | res=1.77e-01 | grad=4.35e-01 | 1.1s
[   826] loss=-9.3797 | res=1.87e-01 | grad=6.82e-01 | 1.1s
[   827] loss=-8.7362 | res=1.82e-01 | grad=9.51e-01 | 1.1s
[   828] loss=-9.4505 | res=1.81e-01 | grad=1.01e+00 | 1.1s
[   829] loss=-9.6175 | res=1.89e-01 | grad=1.26e+00 | 1.1s
[   830] loss=-9.1576 | res=1.94e-01 | grad=1.50e+00 | 1.1s
[   831] loss=-9.3624 | res=1.67e-01 | grad=8.67e-01 | 1.1s
[   832] loss=-9.2843 | res=1.98e-01 | grad=6.86e-01 | 1.1s
[   833] loss=-9.4190 | res=2.02e-01 | grad=7.78e-01 | 1.1s
[   834] loss=-9.5519 | res=1.90e-01 | grad=8.35e-01 | 1.1s
[   835] loss=-9.6430 | res=2.03e-01 | grad=1.15e+00 | 1.1s
[   836] loss=-8.9560 | res=1.89e-01 | grad=7.24e-01 | 1.1s
[   837] loss=-9.2388 | res=1.95e-01 | grad=1.34e+00 | 1.1s
[   838] loss=-8.8238 | res=1.76e-01 | grad=9.29e-01 | 1.1s
[   839] loss=-9.3074 | res=1.95e-01 | grad=7.45e-01 | 1.1s
[   840] loss=-9.1973 | res=2.01e-01 | grad=1.07e+00 | 1.1s
[   841] loss=-9.0159 | res=1.99e-01 | grad=1.41e+00 | 1.1s
[   842] loss=-9.3892 | res=2.11e-01 | grad=1.15e+00 | 1.1s
[   843] loss=-9.0922 | res=1.81e-01 | grad=6.24e-01 | 1.1s
[   844] loss=-9.6841 | res=2.12e-01 | grad=7.96e-01 | 1.1s
[   845] loss=-9.2482 | res=1.80e-01 | grad=5.66e-01 | 1.1s
[   846] loss=-8.9105 | res=2.21e-01 | grad=9.50e-01 | 1.1s
[   847] loss=-9.2639 | res=1.98e-01 | grad=1.35e+00 | 1.1s
[   848] loss=-9.1968 | res=1.75e-01 | grad=1.04e+00 | 1.1s
[   849] loss=-9.5518 | res=1.98e-01 | grad=5.69e-01 | 1.1s
[   850] loss=-9.0428 | res=1.94e-01 | grad=9.14e-01 | 1.1s
[   851] loss=-9.1788 | res=1.94e-01 | grad=1.04e+00 | 1.1s
[   852] loss=-9.3609 | res=2.00e-01 | grad=1.14e+00 | 1.1s
[   853] loss=-9.1123 | res=1.82e-01 | grad=8.26e-01 | 1.1s
[   854] loss=-9.3601 | res=2.00e-01 | grad=7.77e-01 | 1.1s
[   855] loss=-8.9211 | res=1.77e-01 | grad=1.02e+00 | 1.1s
[   856] loss=-9.1995 | res=1.85e-01 | grad=1.07e+00 | 1.1s
[   857] loss=-9.8742 | res=1.90e-01 | grad=7.27e-01 | 1.1s
[   858] loss=-9.4529 | res=1.87e-01 | grad=7.52e-01 | 1.1s
[   859] loss=-9.1286 | res=1.89e-01 | grad=8.69e-01 | 1.1s
[   860] loss=-8.9975 | res=2.10e-01 | grad=8.09e-01 | 1.1s
[   861] loss=-9.2537 | res=1.88e-01 | grad=7.21e-01 | 1.1s
[   862] loss=-9.4280 | res=2.06e-01 | grad=1.08e+00 | 1.1s
[   863] loss=-8.9356 | res=1.71e-01 | grad=9.81e-01 | 1.1s
[   864] loss=-9.2240 | res=1.84e-01 | grad=7.24e-01 | 1.1s
[   865] loss=-8.9750 | res=2.00e-01 | grad=7.37e-01 | 1.1s
[   866] loss=-9.3145 | res=2.03e-01 | grad=7.02e-01 | 1.1s
[   867] loss=-9.0335 | res=1.97e-01 | grad=7.79e-01 | 1.1s
[   868] loss=-9.4705 | res=1.92e-01 | grad=7.91e-01 | 1.1s
[   869] loss=-9.3905 | res=1.92e-01 | grad=8.15e-01 | 1.1s
[   870] loss=-9.4453 | res=1.72e-01 | grad=5.53e-01 | 1.1s
[   871] loss=-9.2292 | res=1.86e-01 | grad=6.11e-01 | 1.1s
[   872] loss=-8.9936 | res=1.75e-01 | grad=6.42e-01 | 1.1s
[   873] loss=-9.3497 | res=1.76e-01 | grad=6.70e-01 | 1.1s
[   874] loss=-9.1084 | res=1.94e-01 | grad=9.31e-01 | 1.1s
[   875] loss=-9.3433 | res=2.15e-01 | grad=6.62e-01 | 1.1s
[   876] loss=-9.1962 | res=1.79e-01 | grad=7.58e-01 | 1.1s
[   877] loss=-8.9729 | res=1.88e-01 | grad=5.77e-01 | 1.1s
[   878] loss=-9.3526 | res=1.88e-01 | grad=6.55e-01 | 1.1s
[   879] loss=-8.9876 | res=2.02e-01 | grad=6.62e-01 | 1.1s
[   880] loss=-9.7321 | res=1.72e-01 | grad=4.55e-01 | 1.1s
[   881] loss=-9.2888 | res=1.81e-01 | grad=5.96e-01 | 1.1s
[   882] loss=-9.4286 | res=1.69e-01 | grad=9.46e-01 | 1.1s
[   883] loss=-9.5028 | res=1.89e-01 | grad=6.27e-01 | 1.1s
[   884] loss=-9.1652 | res=1.76e-01 | grad=7.21e-01 | 1.1s
[   885] loss=-9.1993 | res=1.87e-01 | grad=5.88e-01 | 1.1s
[   886] loss=-9.4964 | res=2.17e-01 | grad=1.06e+00 | 1.1s
[   887] loss=-9.1282 | res=2.06e-01 | grad=9.17e-01 | 1.1s
[   888] loss=-9.2767 | res=1.91e-01 | grad=7.68e-01 | 1.1s
[   889] loss=-9.3889 | res=2.00e-01 | grad=8.13e-01 | 1.1s
[   890] loss=-9.1261 | res=1.91e-01 | grad=6.06e-01 | 1.1s
[   891] loss=-9.5220 | res=2.00e-01 | grad=7.63e-01 | 1.1s
[   892] loss=-9.2464 | res=1.72e-01 | grad=9.66e-01 | 1.1s
[   893] loss=-9.2320 | res=1.82e-01 | grad=9.34e-01 | 1.1s
[   894] loss=-9.3836 | res=1.94e-01 | grad=7.82e-01 | 1.1s
[   895] loss=-9.4061 | res=1.99e-01 | grad=3.90e-01 | 1.1s
[   896] loss=-9.0995 | res=1.89e-01 | grad=7.60e-01 | 1.1s
[   897] loss=-9.4832 | res=2.00e-01 | grad=8.54e-01 | 1.1s
[   898] loss=-9.1224 | res=1.87e-01 | grad=8.78e-01 | 1.1s
[   899] loss=-9.1018 | res=2.00e-01 | grad=4.84e-01 | 1.1s
[   900] loss=-8.9884 | res=1.79e-01 | grad=7.31e-01 | 1.1s
[   901] loss=-9.2638 | res=1.90e-01 | grad=8.85e-01 | 1.1s
[   902] loss=-9.5939 | res=1.71e-01 | grad=8.14e-01 | 1.1s
[   903] loss=-9.3150 | res=1.98e-01 | grad=9.06e-01 | 1.1s
[   904] loss=-9.8338 | res=2.10e-01 | grad=6.37e-01 | 1.1s
[   905] loss=-9.7376 | res=1.91e-01 | grad=6.84e-01 | 1.1s
[   906] loss=-9.0900 | res=1.73e-01 | grad=7.61e-01 | 1.1s
[   907] loss=-9.2540 | res=1.78e-01 | grad=1.13e+00 | 1.1s
[   908] loss=-9.0538 | res=1.79e-01 | grad=8.23e-01 | 1.1s
[   909] loss=-8.8887 | res=1.88e-01 | grad=1.09e+00 | 1.1s
[   910] loss=-9.2578 | res=1.88e-01 | grad=7.60e-01 | 1.1s
[   911] loss=-8.9460 | res=1.78e-01 | grad=9.62e-01 | 1.1s
[   912] loss=-9.3391 | res=1.93e-01 | grad=8.30e-01 | 1.1s
[   913] loss=-9.0495 | res=1.80e-01 | grad=5.34e-01 | 1.1s
[   914] loss=-9.5276 | res=1.91e-01 | grad=8.00e-01 | 1.1s
[   915] loss=-9.2304 | res=1.95e-01 | grad=1.13e+00 | 1.1s
[   916] loss=-9.0426 | res=2.14e-01 | grad=1.03e+00 | 1.1s
[   917] loss=-9.0620 | res=1.87e-01 | grad=5.73e-01 | 1.1s
[   918] loss=-9.1198 | res=1.77e-01 | grad=5.75e-01 | 1.1s
[   919] loss=-9.4292 | res=1.87e-01 | grad=1.14e+00 | 1.1s
[   920] loss=-8.6996 | res=1.87e-01 | grad=1.02e+00 | 1.1s
[   921] loss=-9.0690 | res=1.80e-01 | grad=7.69e-01 | 1.1s
[   922] loss=-9.4327 | res=1.84e-01 | grad=1.06e+00 | 1.1s
[   923] loss=-8.9288 | res=1.89e-01 | grad=9.58e-01 | 1.1s
[   924] loss=-8.8442 | res=1.86e-01 | grad=9.65e-01 | 1.1s
[   925] loss=-9.2091 | res=1.85e-01 | grad=8.47e-01 | 1.1s
[   926] loss=-8.9241 | res=1.96e-01 | grad=1.12e+00 | 1.1s
[   927] loss=-9.1852 | res=1.92e-01 | grad=6.90e-01 | 1.1s
[   928] loss=-9.0234 | res=1.77e-01 | grad=8.07e-01 | 1.1s
[   929] loss=-9.0747 | res=1.84e-01 | grad=6.47e-01 | 1.1s
[   930] loss=-9.1767 | res=1.93e-01 | grad=5.94e-01 | 1.1s
[   931] loss=-9.4690 | res=1.70e-01 | grad=7.74e-01 | 1.1s
[   932] loss=-9.1338 | res=1.76e-01 | grad=6.74e-01 | 1.1s
[   933] loss=-9.4911 | res=1.76e-01 | grad=6.51e-01 | 1.1s
[   934] loss=-9.3495 | res=1.82e-01 | grad=7.45e-01 | 1.1s
[   935] loss=-9.5793 | res=2.11e-01 | grad=9.17e-01 | 1.1s
[   936] loss=-9.3899 | res=1.81e-01 | grad=5.45e-01 | 1.1s
[   937] loss=-9.2747 | res=1.90e-01 | grad=5.54e-01 | 1.1s
[   938] loss=-9.2619 | res=1.72e-01 | grad=8.82e-01 | 1.1s
[   939] loss=-9.4516 | res=2.10e-01 | grad=1.18e+00 | 1.1s
[   940] loss=-8.5846 | res=2.05e-01 | grad=6.60e-01 | 1.1s
[   941] loss=-9.2462 | res=1.84e-01 | grad=6.38e-01 | 1.1s
[   942] loss=-9.1827 | res=2.09e-01 | grad=8.97e-01 | 1.1s
[   943] loss=-9.1715 | res=1.92e-01 | grad=9.62e-01 | 1.1s
[   944] loss=-9.1768 | res=1.84e-01 | grad=7.83e-01 | 1.1s
[   945] loss=-8.9974 | res=1.89e-01 | grad=9.57e-01 | 1.1s
[   946] loss=-9.2351 | res=1.67e-01 | grad=8.39e-01 | 1.1s
[   947] loss=-9.3281 | res=1.75e-01 | grad=5.70e-01 | 1.1s
[   948] loss=-9.4878 | res=1.73e-01 | grad=1.05e+00 | 1.1s
[   949] loss=-9.2462 | res=1.79e-01 | grad=6.00e-01 | 1.1s
[   950] loss=-9.7365 | res=1.80e-01 | grad=8.87e-01 | 1.1s
[   951] loss=-9.1672 | res=1.97e-01 | grad=8.25e-01 | 1.1s
[   952] loss=-9.4412 | res=1.76e-01 | grad=8.41e-01 | 1.1s
[   953] loss=-9.1674 | res=1.95e-01 | grad=4.51e-01 | 1.1s
[   954] loss=-9.0477 | res=1.99e-01 | grad=6.90e-01 | 1.1s
[   955] loss=-8.9995 | res=1.98e-01 | grad=1.05e+00 | 1.1s
[   956] loss=-9.4243 | res=1.62e-01 | grad=8.79e-01 | 1.1s
[   957] loss=-8.9147 | res=2.01e-01 | grad=6.66e-01 | 1.1s
[   958] loss=-9.1766 | res=1.73e-01 | grad=9.76e-01 | 1.1s
[   959] loss=-9.5293 | res=1.93e-01 | grad=5.84e-01 | 1.1s
[   960] loss=-9.5015 | res=1.73e-01 | grad=1.09e+00 | 1.1s
[   961] loss=-9.3790 | res=1.84e-01 | grad=5.37e-01 | 1.1s
[   962] loss=-9.0135 | res=1.86e-01 | grad=5.81e-01 | 1.1s
[   963] loss=-9.4649 | res=1.65e-01 | grad=7.88e-01 | 1.1s
[   964] loss=-9.4964 | res=1.87e-01 | grad=7.57e-01 | 1.1s
[   965] loss=-9.5020 | res=1.97e-01 | grad=7.39e-01 | 1.1s
[   966] loss=-9.4822 | res=1.92e-01 | grad=6.43e-01 | 1.1s
[   967] loss=-9.0894 | res=1.86e-01 | grad=6.38e-01 | 1.1s
[   968] loss=-9.4338 | res=1.86e-01 | grad=4.40e-01 | 1.1s
[   969] loss=-8.7084 | res=1.94e-01 | grad=1.16e+00 | 1.1s
[   970] loss=-9.5694 | res=1.99e-01 | grad=5.09e-01 | 1.1s
[   971] loss=-8.9583 | res=2.10e-01 | grad=8.89e-01 | 1.1s
[   972] loss=-9.1727 | res=1.87e-01 | grad=9.75e-01 | 1.1s
[   973] loss=-9.0697 | res=1.81e-01 | grad=1.06e+00 | 1.1s
[   974] loss=-9.2063 | res=2.04e-01 | grad=8.35e-01 | 1.1s
[   975] loss=-9.2543 | res=1.97e-01 | grad=7.29e-01 | 1.1s
[   976] loss=-8.9469 | res=2.03e-01 | grad=7.21e-01 | 1.1s
[   977] loss=-8.9753 | res=1.94e-01 | grad=1.16e+00 | 1.1s
[   978] loss=-9.1731 | res=1.84e-01 | grad=1.13e+00 | 1.1s
[   979] loss=-8.9571 | res=1.77e-01 | grad=1.12e+00 | 1.1s
[   980] loss=-8.7220 | res=2.02e-01 | grad=8.96e-01 | 1.1s
[   981] loss=-9.1698 | res=1.83e-01 | grad=6.05e-01 | 1.1s
[   982] loss=-9.1570 | res=1.83e-01 | grad=7.00e-01 | 1.1s
[   983] loss=-9.3159 | res=2.06e-01 | grad=8.47e-01 | 1.1s
[   984] loss=-8.9139 | res=1.84e-01 | grad=1.22e+00 | 1.1s
[   985] loss=-9.5575 | res=1.91e-01 | grad=9.62e-01 | 1.1s
[   986] loss=-8.9707 | res=1.87e-01 | grad=6.66e-01 | 1.1s
[   987] loss=-8.8908 | res=2.03e-01 | grad=1.19e+00 | 1.1s
[   988] loss=-9.7543 | res=1.80e-01 | grad=9.10e-01 | 1.1s
[   989] loss=-9.1206 | res=1.91e-01 | grad=8.70e-01 | 1.1s
[   990] loss=-9.2981 | res=1.85e-01 | grad=8.66e-01 | 1.1s
[   991] loss=-9.3659 | res=1.89e-01 | grad=5.59e-01 | 1.1s
[   992] loss=-9.0451 | res=2.05e-01 | grad=6.17e-01 | 1.1s
[   993] loss=-8.8683 | res=1.93e-01 | grad=1.14e+00 | 1.1s
[   994] loss=-8.9626 | res=2.07e-01 | grad=1.25e+00 | 1.1s
[   995] loss=-9.3852 | res=1.87e-01 | grad=7.26e-01 | 1.1s
[   996] loss=-9.4269 | res=1.79e-01 | grad=8.57e-01 | 1.1s
[   997] loss=-9.1341 | res=1.78e-01 | grad=6.02e-01 | 1.1s
[   998] loss=-8.9818 | res=1.98e-01 | grad=9.07e-01 | 1.1s
[   999] loss=-8.7369 | res=2.03e-01 | grad=7.92e-01 | 1.1s
[  1000] loss=-8.9599 | res=1.84e-01 | grad=7.19e-01 | 1.1s
  KL = 1.0786 +/- 0.0157  |  ESS = 437.2 (ratio: 0.427)
  Runtime = 1121.5s

[Ours] Training on T9...
/home/sjbhatt/anaconda3/envs/rcpms-jax/lib/python3.10/site-packages/jax/_src/ops/scatter.py:92: FutureWarning: scatter inputs have incompatible types: cannot safely cast value from dtype=int64 to dtype=int32 with jax_numpy_dtype_promotion='standard'. In future JAX releases this will result in an error.
  warnings.warn(
/home/sjbhatt/anaconda3/envs/rcpms-jax/lib/python3.10/site-packages/jax/_src/ops/scatter.py:92: FutureWarning: scatter inputs have incompatible types: cannot safely cast value from dtype=int64 to dtype=int32 with jax_numpy_dtype_promotion='standard'. In future JAX releases this will result in an error.
  warnings.warn(
[     1] loss=0.0263 | res=3.43e-03 | grad=7.74e+00 | 12.4s
[     2] loss=-0.1456 | res=3.51e-03 | grad=7.31e+00 | 1.1s
[     3] loss=-0.3249 | res=4.25e-03 | grad=7.68e+00 | 1.1s
[     4] loss=-0.5091 | res=4.40e-03 | grad=8.43e+00 | 1.1s
[     5] loss=-0.7037 | res=5.30e-03 | grad=9.41e+00 | 1.1s
[     6] loss=-0.8814 | res=7.15e-03 | grad=1.00e+01 | 1.1s
[     7] loss=-1.0471 | res=1.04e-02 | grad=1.04e+01 | 1.1s
[     8] loss=-1.2103 | res=1.08e-02 | grad=1.09e+01 | 1.1s
[     9] loss=-1.4127 | res=1.72e-02 | grad=1.13e+01 | 1.1s
[    10] loss=-1.6667 | res=1.73e-02 | grad=1.21e+01 | 1.1s
[    11] loss=-1.8869 | res=1.90e-02 | grad=1.24e+01 | 1.1s
[    12] loss=-2.0897 | res=2.28e-02 | grad=1.22e+01 | 1.1s
[    13] loss=-2.3081 | res=2.77e-02 | grad=1.21e+01 | 1.1s
[    14] loss=-2.5807 | res=2.69e-02 | grad=1.17e+01 | 1.1s
[    15] loss=-2.7449 | res=3.24e-02 | grad=1.15e+01 | 1.1s
[    16] loss=-2.9284 | res=3.17e-02 | grad=1.11e+01 | 1.1s
[    17] loss=-3.3087 | res=4.07e-02 | grad=1.13e+01 | 1.1s
[    18] loss=-3.3526 | res=4.02e-02 | grad=1.05e+01 | 1.1s
[    19] loss=-3.5392 | res=4.28e-02 | grad=1.04e+01 | 1.1s
[    20] loss=-3.8328 | res=4.78e-02 | grad=1.05e+01 | 1.1s
[    21] loss=-3.9909 | res=5.05e-02 | grad=1.03e+01 | 1.1s
[    22] loss=-4.0983 | res=5.00e-02 | grad=9.94e+00 | 1.1s
[    23] loss=-4.5375 | res=6.15e-02 | grad=1.03e+01 | 1.1s
[    24] loss=-4.4683 | res=5.67e-02 | grad=9.88e+00 | 1.1s
[    25] loss=-4.8281 | res=7.63e-02 | grad=9.88e+00 | 1.1s
[    26] loss=-5.1927 | res=7.09e-02 | grad=9.91e+00 | 1.1s
[    27] loss=-5.3308 | res=7.76e-02 | grad=9.72e+00 | 1.1s
[    28] loss=-5.4414 | res=7.62e-02 | grad=9.46e+00 | 1.1s
[    29] loss=-5.7235 | res=8.93e-02 | grad=9.59e+00 | 1.1s
[    30] loss=-6.0189 | res=8.61e-02 | grad=9.46e+00 | 1.1s
[    31] loss=-6.1641 | res=9.89e-02 | grad=9.31e+00 | 1.1s
[    32] loss=-6.2965 | res=1.01e-01 | grad=9.06e+00 | 1.1s
[    33] loss=-6.8378 | res=1.05e-01 | grad=9.25e+00 | 1.1s
[    34] loss=-6.6454 | res=1.16e-01 | grad=8.66e+00 | 1.1s
[    35] loss=-6.7134 | res=1.27e-01 | grad=8.46e+00 | 1.1s
[    36] loss=-7.0202 | res=1.27e-01 | grad=8.42e+00 | 1.1s
[    37] loss=-7.2496 | res=1.52e-01 | grad=8.23e+00 | 1.1s
[    38] loss=-7.6994 | res=1.44e-01 | grad=8.31e+00 | 1.1s
[    39] loss=-7.7119 | res=1.51e-01 | grad=7.98e+00 | 1.1s
[    40] loss=-7.6906 | res=1.63e-01 | grad=7.59e+00 | 1.1s
[    41] loss=-8.0418 | res=1.75e-01 | grad=7.59e+00 | 1.1s
[    42] loss=-8.5574 | res=1.85e-01 | grad=7.51e+00 | 1.1s
[    43] loss=-8.4442 | res=1.87e-01 | grad=7.09e+00 | 1.1s
[    44] loss=-8.7985 | res=2.07e-01 | grad=7.12e+00 | 1.1s
[    45] loss=-8.7771 | res=2.33e-01 | grad=6.50e+00 | 1.1s
[    46] loss=-8.8256 | res=2.60e-01 | grad=6.31e+00 | 1.1s
[    47] loss=-9.4101 | res=2.51e-01 | grad=6.19e+00 | 1.1s
[    48] loss=-9.1526 | res=2.56e-01 | grad=5.64e+00 | 1.1s
[    49] loss=-9.5499 | res=2.74e-01 | grad=5.61e+00 | 1.1s
[    50] loss=-9.2458 | res=3.20e-01 | grad=4.91e+00 | 1.1s
[    51] loss=-9.3875 | res=3.23e-01 | grad=4.71e+00 | 1.1s
[    52] loss=-9.5441 | res=3.57e-01 | grad=4.36e+00 | 1.1s
[    53] loss=-9.7407 | res=3.45e-01 | grad=3.84e+00 | 1.1s
[    54] loss=-9.7788 | res=3.68e-01 | grad=3.46e+00 | 1.1s
[    55] loss=-10.3760 | res=4.20e-01 | grad=3.50e+00 | 1.1s
[    56] loss=-9.7084 | res=4.10e-01 | grad=2.61e+00 | 1.1s
[    57] loss=-9.8318 | res=4.23e-01 | grad=2.39e+00 | 1.1s
[    58] loss=-9.7034 | res=4.49e-01 | grad=1.91e+00 | 1.1s
[    59] loss=-10.2875 | res=4.99e-01 | grad=1.96e+00 | 1.1s
[    60] loss=-10.2614 | res=4.80e-01 | grad=1.44e+00 | 1.1s
[    61] loss=-9.8080 | res=4.58e-01 | grad=1.16e+00 | 1.1s
[    62] loss=-10.4138 | res=5.05e-01 | grad=1.14e+00 | 1.1s
[    63] loss=-10.0942 | res=5.33e-01 | grad=1.34e+00 | 1.1s
[    64] loss=-10.1870 | res=5.46e-01 | grad=7.64e-01 | 1.1s
[    65] loss=-10.1421 | res=5.41e-01 | grad=9.81e-01 | 1.1s
[    66] loss=-9.9439 | res=5.38e-01 | grad=6.73e-01 | 1.1s
[    67] loss=-10.5354 | res=5.71e-01 | grad=8.23e-01 | 1.1s
[    68] loss=-10.1984 | res=5.93e-01 | grad=1.07e+00 | 1.1s
[    69] loss=-10.0619 | res=5.81e-01 | grad=1.52e+00 | 1.1s
[    70] loss=-9.8818 | res=5.91e-01 | grad=1.21e+00 | 1.1s
[    71] loss=-9.4976 | res=6.20e-01 | grad=1.74e+00 | 1.1s
[    72] loss=-10.0254 | res=5.88e-01 | grad=1.59e+00 | 1.1s
[    73] loss=-10.5266 | res=5.72e-01 | grad=1.20e+00 | 1.1s
[    74] loss=-10.3698 | res=5.48e-01 | grad=1.63e+00 | 1.1s
[    75] loss=-10.4748 | res=5.49e-01 | grad=1.56e+00 | 1.1s
[    76] loss=-9.9588 | res=5.32e-01 | grad=1.12e+00 | 1.1s
[    77] loss=-9.7081 | res=4.98e-01 | grad=9.07e-01 | 1.1s
[    78] loss=-10.1848 | res=4.86e-01 | grad=1.00e+00 | 1.1s
[    79] loss=-10.7425 | res=5.08e-01 | grad=7.32e-01 | 1.1s
[    80] loss=-10.5119 | res=4.76e-01 | grad=1.29e+00 | 1.1s
[    81] loss=-10.1277 | res=4.82e-01 | grad=6.93e-01 | 1.1s
[    82] loss=-9.9494 | res=4.58e-01 | grad=1.02e+00 | 1.1s
[    83] loss=-10.5931 | res=4.50e-01 | grad=1.25e+00 | 1.1s
[    84] loss=-10.2986 | res=4.11e-01 | grad=9.62e-01 | 1.1s
[    85] loss=-10.5080 | res=4.74e-01 | grad=8.71e-01 | 1.1s
[    86] loss=-9.9733 | res=4.54e-01 | grad=7.19e-01 | 1.1s
[    87] loss=-10.1294 | res=4.09e-01 | grad=9.85e-01 | 1.1s
[    88] loss=-10.2798 | res=4.20e-01 | grad=7.97e-01 | 1.1s
[    89] loss=-10.4106 | res=3.97e-01 | grad=8.75e-01 | 1.1s
[    90] loss=-10.4565 | res=4.08e-01 | grad=8.52e-01 | 1.1s
[    91] loss=-10.3441 | res=4.07e-01 | grad=9.20e-01 | 1.1s
[    92] loss=-10.4818 | res=4.25e-01 | grad=1.09e+00 | 1.1s
[    93] loss=-10.2305 | res=4.48e-01 | grad=4.24e-01 | 1.1s
[    94] loss=-10.4369 | res=4.38e-01 | grad=8.90e-01 | 1.1s
[    95] loss=-10.0502 | res=4.39e-01 | grad=1.25e+00 | 1.1s
[    96] loss=-10.3442 | res=4.11e-01 | grad=1.02e+00 | 1.1s
[    97] loss=-10.4409 | res=4.38e-01 | grad=1.22e+00 | 1.1s
[    98] loss=-10.3068 | res=4.17e-01 | grad=1.17e+00 | 1.1s
[    99] loss=-10.0393 | res=4.29e-01 | grad=1.05e+00 | 1.1s
[   100] loss=-10.4015 | res=3.91e-01 | grad=1.12e+00 | 1.1s
[   101] loss=-10.5630 | res=3.90e-01 | grad=1.17e+00 | 1.1s
[   102] loss=-10.7333 | res=3.98e-01 | grad=1.13e+00 | 1.1s
[   103] loss=-10.4651 | res=3.89e-01 | grad=1.45e+00 | 1.1s
[   104] loss=-10.0985 | res=3.99e-01 | grad=1.23e+00 | 1.1s
[   105] loss=-10.2601 | res=3.97e-01 | grad=8.86e-01 | 1.1s
[   106] loss=-10.6145 | res=4.27e-01 | grad=8.04e-01 | 1.1s
[   107] loss=-10.2841 | res=4.03e-01 | grad=1.33e+00 | 1.1s
[   108] loss=-10.0408 | res=4.07e-01 | grad=1.25e+00 | 1.1s
[   109] loss=-10.6978 | res=3.84e-01 | grad=1.34e+00 | 1.1s
[   110] loss=-10.3883 | res=3.91e-01 | grad=8.82e-01 | 1.1s
[   111] loss=-10.0934 | res=3.94e-01 | grad=9.28e-01 | 1.1s
[   112] loss=-10.1540 | res=4.04e-01 | grad=9.95e-01 | 1.1s
[   113] loss=-10.3908 | res=3.81e-01 | grad=9.22e-01 | 1.1s
[   114] loss=-10.6301 | res=4.08e-01 | grad=6.63e-01 | 1.1s
[   115] loss=-10.2326 | res=4.00e-01 | grad=1.07e+00 | 1.1s
[   116] loss=-10.3699 | res=3.95e-01 | grad=7.30e-01 | 1.1s
[   117] loss=-10.3841 | res=3.78e-01 | grad=1.21e+00 | 1.1s
[   118] loss=-10.4292 | res=3.95e-01 | grad=1.15e+00 | 1.1s
[   119] loss=-10.4427 | res=4.29e-01 | grad=1.31e+00 | 1.1s
[   120] loss=-10.6484 | res=3.83e-01 | grad=1.01e+00 | 1.1s
[   121] loss=-10.3429 | res=3.86e-01 | grad=6.68e-01 | 1.1s
[   122] loss=-10.4321 | res=3.91e-01 | grad=1.09e+00 | 1.1s
[   123] loss=-10.5293 | res=3.71e-01 | grad=6.62e-01 | 1.1s
[   124] loss=-10.2478 | res=3.97e-01 | grad=9.27e-01 | 1.1s
[   125] loss=-10.4111 | res=3.76e-01 | grad=1.24e+00 | 1.1s
[   126] loss=-10.8557 | res=3.82e-01 | grad=1.61e+00 | 1.1s
[   127] loss=-10.0113 | res=3.93e-01 | grad=1.14e+00 | 1.1s
[   128] loss=-10.1540 | res=4.02e-01 | grad=5.96e-01 | 1.1s
[   129] loss=-10.3434 | res=4.10e-01 | grad=6.26e-01 | 1.1s
[   130] loss=-10.5043 | res=3.91e-01 | grad=8.89e-01 | 1.1s
[   131] loss=-10.6017 | res=3.77e-01 | grad=1.07e+00 | 1.1s
[   132] loss=-9.9499 | res=3.74e-01 | grad=9.30e-01 | 1.1s
[   133] loss=-10.1773 | res=3.81e-01 | grad=1.24e+00 | 1.1s
[   134] loss=-10.5474 | res=3.75e-01 | grad=9.68e-01 | 1.1s
[   135] loss=-10.6789 | res=3.67e-01 | grad=7.75e-01 | 1.1s
[   136] loss=-10.6331 | res=3.56e-01 | grad=8.68e-01 | 1.1s
[   137] loss=-10.1292 | res=3.71e-01 | grad=9.65e-01 | 1.1s
[   138] loss=-10.2460 | res=3.46e-01 | grad=7.28e-01 | 1.1s
[   139] loss=-10.1798 | res=3.63e-01 | grad=6.55e-01 | 1.1s
[   140] loss=-10.1560 | res=3.72e-01 | grad=6.43e-01 | 1.1s
[   141] loss=-10.1398 | res=3.80e-01 | grad=7.55e-01 | 1.1s
[   142] loss=-10.5030 | res=3.77e-01 | grad=1.14e+00 | 1.1s
[   143] loss=-10.4109 | res=3.44e-01 | grad=7.75e-01 | 1.1s
[   144] loss=-10.3922 | res=3.52e-01 | grad=8.67e-01 | 1.1s
[   145] loss=-10.2302 | res=3.58e-01 | grad=7.46e-01 | 1.1s
[   146] loss=-10.2065 | res=3.44e-01 | grad=1.21e+00 | 1.1s
[   147] loss=-10.4649 | res=3.32e-01 | grad=9.77e-01 | 1.1s
[   148] loss=-10.0638 | res=3.51e-01 | grad=6.11e-01 | 1.1s
[   149] loss=-10.4872 | res=3.55e-01 | grad=1.00e+00 | 1.1s
[   150] loss=-9.9751 | res=3.51e-01 | grad=1.16e+00 | 1.1s
[   151] loss=-10.3876 | res=3.64e-01 | grad=8.35e-01 | 1.1s
[   152] loss=-10.5099 | res=3.30e-01 | grad=8.04e-01 | 1.1s
[   153] loss=-10.1245 | res=3.58e-01 | grad=8.54e-01 | 1.1s
[   154] loss=-10.2295 | res=3.27e-01 | grad=5.46e-01 | 1.1s
[   155] loss=-10.4424 | res=3.45e-01 | grad=1.02e+00 | 1.1s
[   156] loss=-10.1728 | res=3.22e-01 | grad=1.04e+00 | 1.1s
[   157] loss=-9.9877 | res=3.40e-01 | grad=8.34e-01 | 1.1s
[   158] loss=-10.0732 | res=3.44e-01 | grad=5.16e-01 | 1.1s
[   159] loss=-10.3311 | res=3.23e-01 | grad=7.18e-01 | 1.1s
[   160] loss=-10.3932 | res=3.49e-01 | grad=7.80e-01 | 1.1s
[   161] loss=-10.2067 | res=3.40e-01 | grad=7.20e-01 | 1.1s
[   162] loss=-10.3308 | res=3.69e-01 | grad=8.19e-01 | 1.1s
[   163] loss=-10.3660 | res=3.62e-01 | grad=8.87e-01 | 1.1s
[   164] loss=-10.3668 | res=3.57e-01 | grad=9.03e-01 | 1.1s
[   165] loss=-10.3377 | res=3.46e-01 | grad=5.58e-01 | 1.1s
[   166] loss=-10.4309 | res=3.25e-01 | grad=1.20e+00 | 1.1s
[   167] loss=-10.4550 | res=3.24e-01 | grad=1.15e+00 | 1.1s
[   168] loss=-10.0533 | res=3.60e-01 | grad=7.80e-01 | 1.1s
[   169] loss=-10.2717 | res=3.39e-01 | grad=9.44e-01 | 1.1s
[   170] loss=-10.6761 | res=3.46e-01 | grad=8.46e-01 | 1.1s
[   171] loss=-10.3725 | res=3.33e-01 | grad=7.05e-01 | 1.1s
[   172] loss=-10.7394 | res=3.53e-01 | grad=1.08e+00 | 1.1s
[   173] loss=-10.3888 | res=3.03e-01 | grad=6.62e-01 | 1.1s
[   174] loss=-10.5755 | res=3.13e-01 | grad=1.05e+00 | 1.1s
[   175] loss=-10.5107 | res=3.29e-01 | grad=7.60e-01 | 1.1s
[   176] loss=-10.3063 | res=3.36e-01 | grad=8.12e-01 | 1.1s
[   177] loss=-10.6780 | res=3.28e-01 | grad=1.22e+00 | 1.1s
[   178] loss=-10.5264 | res=3.33e-01 | grad=8.85e-01 | 1.1s
[   179] loss=-10.6188 | res=3.29e-01 | grad=8.09e-01 | 1.1s
[   180] loss=-9.8204 | res=3.42e-01 | grad=1.00e+00 | 1.1s
[   181] loss=-10.2172 | res=3.28e-01 | grad=9.03e-01 | 1.1s
[   182] loss=-10.4411 | res=3.42e-01 | grad=9.47e-01 | 1.1s
[   183] loss=-10.6751 | res=3.29e-01 | grad=8.86e-01 | 1.1s
[   184] loss=-10.4225 | res=3.35e-01 | grad=8.18e-01 | 1.1s
[   185] loss=-10.5900 | res=3.17e-01 | grad=8.55e-01 | 1.1s
[   186] loss=-10.2946 | res=3.31e-01 | grad=1.04e+00 | 1.1s
[   187] loss=-10.4087 | res=3.41e-01 | grad=7.48e-01 | 1.1s
[   188] loss=-9.9541 | res=3.33e-01 | grad=8.90e-01 | 1.1s
[   189] loss=-10.4495 | res=3.10e-01 | grad=1.00e+00 | 1.1s
[   190] loss=-10.3565 | res=3.20e-01 | grad=5.95e-01 | 1.1s
[   191] loss=-10.3446 | res=3.42e-01 | grad=1.17e+00 | 1.1s
[   192] loss=-10.5549 | res=3.33e-01 | grad=1.05e+00 | 1.1s
[   193] loss=-10.0397 | res=3.29e-01 | grad=9.68e-01 | 1.1s
[   194] loss=-10.5658 | res=3.43e-01 | grad=1.17e+00 | 1.1s
[   195] loss=-10.5815 | res=3.06e-01 | grad=9.79e-01 | 1.1s
[   196] loss=-9.6569 | res=3.31e-01 | grad=1.27e+00 | 1.1s
[   197] loss=-10.6916 | res=3.06e-01 | grad=1.13e+00 | 1.1s
[   198] loss=-10.5845 | res=3.01e-01 | grad=1.44e+00 | 1.1s
[   199] loss=-10.3127 | res=3.37e-01 | grad=6.02e-01 | 1.1s
[   200] loss=-9.8933 | res=3.29e-01 | grad=9.18e-01 | 1.1s
[   201] loss=-10.6139 | res=3.23e-01 | grad=7.60e-01 | 1.1s
[   202] loss=-10.3917 | res=3.20e-01 | grad=1.13e+00 | 1.1s
[   203] loss=-10.6036 | res=3.36e-01 | grad=7.71e-01 | 1.1s
[   204] loss=-9.8564 | res=3.38e-01 | grad=8.70e-01 | 1.1s
[   205] loss=-10.3332 | res=3.00e-01 | grad=1.44e+00 | 1.1s
[   206] loss=-9.9437 | res=3.29e-01 | grad=1.05e+00 | 1.1s
[   207] loss=-10.4075 | res=3.12e-01 | grad=9.36e-01 | 1.1s
[   208] loss=-10.0532 | res=3.30e-01 | grad=8.52e-01 | 1.1s
[   209] loss=-10.4252 | res=3.13e-01 | grad=8.44e-01 | 1.1s
[   210] loss=-9.8407 | res=3.13e-01 | grad=8.43e-01 | 1.1s
[   211] loss=-10.4385 | res=3.06e-01 | grad=7.80e-01 | 1.1s
[   212] loss=-10.0276 | res=2.91e-01 | grad=8.30e-01 | 1.1s
[   213] loss=-10.6163 | res=3.08e-01 | grad=1.02e+00 | 1.1s
[   214] loss=-10.2869 | res=2.97e-01 | grad=1.08e+00 | 1.1s
[   215] loss=-10.1634 | res=3.27e-01 | grad=8.61e-01 | 1.1s
[   216] loss=-10.7841 | res=3.16e-01 | grad=1.03e+00 | 1.1s
[   217] loss=-9.9235 | res=3.35e-01 | grad=8.66e-01 | 1.1s
[   218] loss=-10.0941 | res=3.19e-01 | grad=8.29e-01 | 1.1s
[   219] loss=-10.2287 | res=3.13e-01 | grad=6.20e-01 | 1.1s
[   220] loss=-10.5440 | res=3.17e-01 | grad=1.24e+00 | 1.1s
[   221] loss=-10.7957 | res=3.11e-01 | grad=8.28e-01 | 1.1s
[   222] loss=-10.0603 | res=3.26e-01 | grad=6.94e-01 | 1.1s
[   223] loss=-10.7406 | res=3.13e-01 | grad=9.92e-01 | 1.1s
[   224] loss=-10.6782 | res=3.13e-01 | grad=5.23e-01 | 1.1s
[   225] loss=-10.3709 | res=3.04e-01 | grad=8.70e-01 | 1.1s
[   226] loss=-10.5791 | res=3.19e-01 | grad=6.81e-01 | 1.1s
[   227] loss=-10.2937 | res=3.12e-01 | grad=6.50e-01 | 1.1s
[   228] loss=-10.3390 | res=3.16e-01 | grad=1.28e+00 | 1.1s
[   229] loss=-10.2924 | res=3.23e-01 | grad=6.39e-01 | 1.1s
[   230] loss=-10.5063 | res=3.36e-01 | grad=9.60e-01 | 1.1s
[   231] loss=-10.5340 | res=3.20e-01 | grad=7.82e-01 | 1.1s
[   232] loss=-10.0723 | res=3.13e-01 | grad=8.13e-01 | 1.1s
[   233] loss=-10.3629 | res=3.07e-01 | grad=8.44e-01 | 1.1s
[   234] loss=-10.3552 | res=2.92e-01 | grad=8.09e-01 | 1.1s
[   235] loss=-10.0017 | res=2.98e-01 | grad=9.77e-01 | 1.1s
[   236] loss=-10.0730 | res=3.13e-01 | grad=6.86e-01 | 1.1s
[   237] loss=-10.4556 | res=3.10e-01 | grad=8.36e-01 | 1.1s
[   238] loss=-10.6171 | res=2.90e-01 | grad=8.03e-01 | 1.1s
[   239] loss=-10.5985 | res=3.03e-01 | grad=8.74e-01 | 1.1s
[   240] loss=-10.3393 | res=3.00e-01 | grad=6.84e-01 | 1.1s
[   241] loss=-10.5686 | res=2.99e-01 | grad=9.10e-01 | 1.1s
[   242] loss=-10.3746 | res=3.15e-01 | grad=1.08e+00 | 1.1s
[   243] loss=-10.6584 | res=2.94e-01 | grad=8.65e-01 | 1.1s
[   244] loss=-10.5306 | res=2.99e-01 | grad=8.22e-01 | 1.1s
[   245] loss=-10.3133 | res=3.05e-01 | grad=1.16e+00 | 1.1s
[   246] loss=-10.4818 | res=3.03e-01 | grad=1.31e+00 | 1.1s
[   247] loss=-10.9429 | res=2.85e-01 | grad=1.06e+00 | 1.1s
[   248] loss=-9.9402 | res=3.04e-01 | grad=9.35e-01 | 1.1s
[   249] loss=-10.4419 | res=3.12e-01 | grad=1.15e+00 | 1.1s
[   250] loss=-10.5339 | res=2.97e-01 | grad=1.25e+00 | 1.1s
[   251] loss=-10.0348 | res=3.00e-01 | grad=1.24e+00 | 1.1s
[   252] loss=-10.2323 | res=2.96e-01 | grad=6.37e-01 | 1.1s
[   253] loss=-10.7450 | res=2.73e-01 | grad=1.15e+00 | 1.1s
[   254] loss=-10.2023 | res=3.18e-01 | grad=1.13e+00 | 1.1s
[   255] loss=-10.6179 | res=2.95e-01 | grad=1.01e+00 | 1.1s
[   256] loss=-10.9250 | res=3.04e-01 | grad=7.76e-01 | 1.1s
[   257] loss=-10.3135 | res=2.90e-01 | grad=1.05e+00 | 1.1s
[   258] loss=-10.2293 | res=3.04e-01 | grad=1.10e+00 | 1.1s
[   259] loss=-10.5017 | res=2.93e-01 | grad=7.60e-01 | 1.1s
[   260] loss=-9.8653 | res=3.04e-01 | grad=6.86e-01 | 1.1s
[   261] loss=-10.6195 | res=2.93e-01 | grad=6.39e-01 | 1.1s
[   262] loss=-10.9946 | res=3.00e-01 | grad=7.86e-01 | 1.1s
[   263] loss=-10.3574 | res=2.99e-01 | grad=1.10e+00 | 1.1s
[   264] loss=-9.8288 | res=2.94e-01 | grad=1.04e+00 | 1.1s
[   265] loss=-10.4725 | res=3.12e-01 | grad=6.21e-01 | 1.1s
[   266] loss=-10.0889 | res=2.87e-01 | grad=8.86e-01 | 1.1s
[   267] loss=-10.4916 | res=2.98e-01 | grad=9.23e-01 | 1.1s
[   268] loss=-10.3866 | res=3.09e-01 | grad=9.04e-01 | 1.1s
[   269] loss=-9.8830 | res=3.08e-01 | grad=9.61e-01 | 1.1s
[   270] loss=-10.4784 | res=2.92e-01 | grad=7.78e-01 | 1.1s
[   271] loss=-10.0792 | res=2.96e-01 | grad=7.46e-01 | 1.1s
[   272] loss=-10.2933 | res=3.02e-01 | grad=8.83e-01 | 1.1s
[   273] loss=-10.3734 | res=3.02e-01 | grad=6.53e-01 | 1.1s
[   274] loss=-10.6945 | res=2.87e-01 | grad=8.23e-01 | 1.1s
[   275] loss=-10.6292 | res=3.02e-01 | grad=9.71e-01 | 1.1s
[   276] loss=-10.2352 | res=2.74e-01 | grad=9.71e-01 | 1.1s
[   277] loss=-10.2676 | res=3.01e-01 | grad=9.47e-01 | 1.1s
[   278] loss=-10.0905 | res=2.99e-01 | grad=7.92e-01 | 1.1s
[   279] loss=-10.5374 | res=2.84e-01 | grad=8.10e-01 | 1.1s
[   280] loss=-10.6859 | res=2.92e-01 | grad=6.06e-01 | 1.1s
[   281] loss=-10.6576 | res=2.89e-01 | grad=1.24e+00 | 1.1s
[   282] loss=-10.2270 | res=2.81e-01 | grad=6.94e-01 | 1.1s
[   283] loss=-10.1478 | res=2.83e-01 | grad=1.13e+00 | 1.1s
[   284] loss=-10.0907 | res=2.94e-01 | grad=7.82e-01 | 1.1s
[   285] loss=-10.0930 | res=2.81e-01 | grad=5.69e-01 | 1.1s
[   286] loss=-10.0824 | res=2.83e-01 | grad=1.35e+00 | 1.1s
[   287] loss=-10.6765 | res=2.83e-01 | grad=4.81e-01 | 1.1s
[   288] loss=-10.0413 | res=2.78e-01 | grad=3.44e-01 | 1.1s
[   289] loss=-10.3440 | res=2.87e-01 | grad=8.75e-01 | 1.1s
[   290] loss=-10.3035 | res=2.80e-01 | grad=1.14e+00 | 1.1s
[   291] loss=-10.2911 | res=2.98e-01 | grad=8.06e-01 | 1.1s
[   292] loss=-10.0251 | res=2.66e-01 | grad=1.02e+00 | 1.1s
[   293] loss=-10.1238 | res=2.92e-01 | grad=9.71e-01 | 1.1s
[   294] loss=-10.4563 | res=2.71e-01 | grad=9.84e-01 | 1.1s
[   295] loss=-10.3310 | res=2.90e-01 | grad=8.05e-01 | 1.1s
[   296] loss=-10.4298 | res=2.74e-01 | grad=1.04e+00 | 1.1s
[   297] loss=-10.6414 | res=2.72e-01 | grad=7.69e-01 | 1.1s
[   298] loss=-10.1175 | res=2.64e-01 | grad=8.98e-01 | 1.1s
[   299] loss=-10.3505 | res=2.72e-01 | grad=1.32e+00 | 1.1s
[   300] loss=-10.3876 | res=2.96e-01 | grad=1.09e+00 | 1.1s
[   301] loss=-10.2669 | res=2.84e-01 | grad=4.58e-01 | 1.1s
[   302] loss=-10.2624 | res=2.82e-01 | grad=7.08e-01 | 1.1s
[   303] loss=-10.5695 | res=2.69e-01 | grad=6.25e-01 | 1.1s
[   304] loss=-10.6965 | res=2.81e-01 | grad=1.11e+00 | 1.1s
[   305] loss=-10.1581 | res=2.69e-01 | grad=1.30e+00 | 1.1s
[   306] loss=-10.1827 | res=2.77e-01 | grad=9.97e-01 | 1.1s
[   307] loss=-10.2832 | res=2.59e-01 | grad=8.32e-01 | 1.1s
[   308] loss=-10.4409 | res=2.66e-01 | grad=4.42e-01 | 1.1s
[   309] loss=-10.7569 | res=2.73e-01 | grad=1.11e+00 | 1.1s
[   310] loss=-10.8056 | res=2.70e-01 | grad=9.61e-01 | 1.1s
[   311] loss=-10.2589 | res=2.70e-01 | grad=1.49e+00 | 1.1s
[   312] loss=-10.2383 | res=2.65e-01 | grad=1.54e+00 | 1.1s
[   313] loss=-10.2980 | res=2.76e-01 | grad=9.57e-01 | 1.1s
[   314] loss=-10.2085 | res=2.64e-01 | grad=1.24e+00 | 1.1s
[   315] loss=-10.5830 | res=2.66e-01 | grad=1.12e+00 | 1.1s
[   316] loss=-10.0900 | res=2.78e-01 | grad=9.36e-01 | 1.1s
[   317] loss=-10.1783 | res=2.82e-01 | grad=9.75e-01 | 1.1s
[   318] loss=-10.5956 | res=2.86e-01 | grad=1.31e+00 | 1.1s
[   319] loss=-10.3001 | res=2.83e-01 | grad=1.23e+00 | 1.1s
[   320] loss=-10.3186 | res=2.82e-01 | grad=1.26e+00 | 1.1s
[   321] loss=-10.2268 | res=2.58e-01 | grad=8.44e-01 | 1.1s
[   322] loss=-9.6976 | res=2.77e-01 | grad=1.16e+00 | 1.1s
[   323] loss=-10.4751 | res=2.71e-01 | grad=1.55e+00 | 1.1s
[   324] loss=-10.2848 | res=2.62e-01 | grad=1.46e+00 | 1.1s
[   325] loss=-10.1470 | res=2.65e-01 | grad=6.12e-01 | 1.1s
[   326] loss=-10.8506 | res=2.71e-01 | grad=1.05e+00 | 1.1s
[   327] loss=-10.9000 | res=2.77e-01 | grad=1.63e+00 | 1.1s
[   328] loss=-11.0102 | res=2.61e-01 | grad=1.46e+00 | 1.1s
[   329] loss=-10.5500 | res=2.70e-01 | grad=1.38e+00 | 1.1s
[   330] loss=-10.0663 | res=2.92e-01 | grad=1.06e+00 | 1.1s
[   331] loss=-10.0102 | res=2.74e-01 | grad=8.22e-01 | 1.1s
[   332] loss=-10.3065 | res=2.64e-01 | grad=1.26e+00 | 1.1s
[   333] loss=-9.9339 | res=2.63e-01 | grad=1.40e+00 | 1.1s
[   334] loss=-10.6865 | res=2.71e-01 | grad=1.03e+00 | 1.1s
[   335] loss=-9.9985 | res=2.96e-01 | grad=7.86e-01 | 1.1s
[   336] loss=-10.6134 | res=2.74e-01 | grad=1.11e+00 | 1.1s
[   337] loss=-10.8173 | res=2.86e-01 | grad=8.60e-01 | 1.1s
[   338] loss=-10.1482 | res=2.82e-01 | grad=9.80e-01 | 1.1s
[   339] loss=-10.1892 | res=2.76e-01 | grad=7.45e-01 | 1.1s
[   340] loss=-10.5481 | res=2.78e-01 | grad=1.14e+00 | 1.1s
[   341] loss=-10.5915 | res=2.76e-01 | grad=1.13e+00 | 1.1s
[   342] loss=-9.8828 | res=2.74e-01 | grad=1.80e+00 | 1.1s
[   343] loss=-10.3176 | res=2.65e-01 | grad=6.78e-01 | 1.1s
[   344] loss=-10.4656 | res=2.95e-01 | grad=1.29e+00 | 1.1s
[   345] loss=-10.3358 | res=2.98e-01 | grad=8.81e-01 | 1.1s
[   346] loss=-10.8174 | res=2.60e-01 | grad=1.44e+00 | 1.1s
[   347] loss=-10.4803 | res=2.73e-01 | grad=1.23e+00 | 1.1s
[   348] loss=-10.1640 | res=2.87e-01 | grad=9.77e-01 | 1.1s
[   349] loss=-10.4495 | res=2.94e-01 | grad=1.16e+00 | 1.1s
[   350] loss=-10.1884 | res=2.69e-01 | grad=1.02e+00 | 1.1s
[   351] loss=-10.7571 | res=2.99e-01 | grad=1.04e+00 | 1.1s
[   352] loss=-10.5323 | res=2.75e-01 | grad=8.56e-01 | 1.1s
[   353] loss=-10.2974 | res=2.92e-01 | grad=4.94e-01 | 1.1s
[   354] loss=-10.2953 | res=2.79e-01 | grad=8.94e-01 | 1.1s
[   355] loss=-10.1911 | res=2.63e-01 | grad=7.43e-01 | 1.1s
[   356] loss=-10.0274 | res=2.76e-01 | grad=1.08e+00 | 1.1s
[   357] loss=-10.2814 | res=2.80e-01 | grad=7.82e-01 | 1.1s
[   358] loss=-10.5983 | res=2.85e-01 | grad=6.16e-01 | 1.1s
[   359] loss=-10.0122 | res=2.67e-01 | grad=1.26e+00 | 1.1s
[   360] loss=-10.1809 | res=2.83e-01 | grad=1.19e+00 | 1.1s
[   361] loss=-10.4330 | res=2.84e-01 | grad=6.75e-01 | 1.1s
[   362] loss=-9.8139 | res=2.85e-01 | grad=9.10e-01 | 1.1s
[   363] loss=-9.8823 | res=2.75e-01 | grad=8.94e-01 | 1.1s
[   364] loss=-10.2378 | res=2.56e-01 | grad=1.16e+00 | 1.1s
[   365] loss=-10.0114 | res=2.66e-01 | grad=9.10e-01 | 1.1s
[   366] loss=-10.5309 | res=2.72e-01 | grad=1.18e+00 | 1.1s
[   367] loss=-9.8712 | res=2.69e-01 | grad=1.27e+00 | 1.1s
[   368] loss=-10.5002 | res=2.55e-01 | grad=9.44e-01 | 1.1s
[   369] loss=-10.4472 | res=2.72e-01 | grad=1.09e+00 | 1.1s
[   370] loss=-10.4250 | res=2.74e-01 | grad=7.81e-01 | 1.1s
[   371] loss=-10.1380 | res=2.65e-01 | grad=9.53e-01 | 1.1s
[   372] loss=-10.2327 | res=2.68e-01 | grad=1.25e+00 | 1.1s
[   373] loss=-10.4069 | res=2.78e-01 | grad=9.36e-01 | 1.1s
[   374] loss=-10.3558 | res=2.68e-01 | grad=1.19e+00 | 1.1s
[   375] loss=-10.3315 | res=2.68e-01 | grad=9.22e-01 | 1.1s
[   376] loss=-10.5205 | res=2.81e-01 | grad=8.64e-01 | 1.1s
[   377] loss=-10.1026 | res=2.62e-01 | grad=1.03e+00 | 1.1s
[   378] loss=-10.3091 | res=2.86e-01 | grad=7.61e-01 | 1.1s
[   379] loss=-10.5021 | res=2.57e-01 | grad=7.90e-01 | 1.1s
[   380] loss=-10.5608 | res=2.77e-01 | grad=1.24e+00 | 1.1s
[   381] loss=-9.8571 | res=2.88e-01 | grad=7.63e-01 | 1.1s
[   382] loss=-9.9767 | res=2.75e-01 | grad=9.88e-01 | 1.1s
[   383] loss=-10.3595 | res=2.78e-01 | grad=1.09e+00 | 1.1s
[   384] loss=-10.5514 | res=2.61e-01 | grad=4.34e-01 | 1.1s
[   385] loss=-10.5349 | res=2.81e-01 | grad=1.43e+00 | 1.1s
[   386] loss=-10.5627 | res=2.86e-01 | grad=9.20e-01 | 1.1s
[   387] loss=-10.4139 | res=2.94e-01 | grad=1.07e+00 | 1.1s
[   388] loss=-10.0172 | res=2.65e-01 | grad=9.64e-01 | 1.1s
[   389] loss=-10.5011 | res=2.71e-01 | grad=6.72e-01 | 1.1s
[   390] loss=-10.6606 | res=2.77e-01 | grad=1.46e+00 | 1.1s
[   391] loss=-10.7132 | res=2.70e-01 | grad=1.33e+00 | 1.1s
[   392] loss=-10.3909 | res=2.61e-01 | grad=1.07e+00 | 1.1s
[   393] loss=-10.2493 | res=2.64e-01 | grad=6.99e-01 | 1.1s
[   394] loss=-9.9983 | res=2.64e-01 | grad=1.08e+00 | 1.1s
[   395] loss=-10.3927 | res=2.86e-01 | grad=6.06e-01 | 1.1s
[   396] loss=-10.4487 | res=2.65e-01 | grad=6.45e-01 | 1.1s
[   397] loss=-10.3593 | res=2.90e-01 | grad=8.31e-01 | 1.1s
[   398] loss=-10.4821 | res=2.91e-01 | grad=8.60e-01 | 1.1s
[   399] loss=-10.2495 | res=2.61e-01 | grad=9.05e-01 | 1.1s
[   400] loss=-10.3465 | res=2.88e-01 | grad=9.91e-01 | 1.1s
[   401] loss=-10.4492 | res=2.62e-01 | grad=9.37e-01 | 1.1s
[   402] loss=-10.1107 | res=2.73e-01 | grad=8.71e-01 | 1.1s
[   403] loss=-10.3584 | res=2.63e-01 | grad=8.23e-01 | 1.1s
[   404] loss=-10.2023 | res=2.73e-01 | grad=1.02e+00 | 1.1s
[   405] loss=-10.4193 | res=2.72e-01 | grad=1.23e+00 | 1.1s
[   406] loss=-10.2462 | res=2.56e-01 | grad=7.26e-01 | 1.1s
[   407] loss=-10.2772 | res=2.55e-01 | grad=9.34e-01 | 1.1s
[   408] loss=-10.5361 | res=2.62e-01 | grad=5.79e-01 | 1.1s
[   409] loss=-10.5426 | res=2.48e-01 | grad=1.31e+00 | 1.1s
[   410] loss=-10.1458 | res=2.40e-01 | grad=8.75e-01 | 1.1s
[   411] loss=-10.2761 | res=2.66e-01 | grad=8.32e-01 | 1.1s
[   412] loss=-10.3755 | res=2.73e-01 | grad=1.17e+00 | 1.1s
[   413] loss=-9.9981 | res=2.68e-01 | grad=9.48e-01 | 1.1s
[   414] loss=-10.3522 | res=2.58e-01 | grad=9.53e-01 | 1.1s
[   415] loss=-10.5164 | res=2.51e-01 | grad=9.58e-01 | 1.1s
[   416] loss=-10.4454 | res=2.67e-01 | grad=9.22e-01 | 1.1s
[   417] loss=-10.3580 | res=2.52e-01 | grad=5.59e-01 | 1.1s
[   418] loss=-10.3713 | res=2.47e-01 | grad=6.08e-01 | 1.1s
[   419] loss=-10.5341 | res=2.67e-01 | grad=7.89e-01 | 1.1s
[   420] loss=-9.8996 | res=2.63e-01 | grad=1.19e+00 | 1.1s
[   421] loss=-10.4157 | res=2.68e-01 | grad=9.22e-01 | 1.1s
[   422] loss=-10.9873 | res=2.56e-01 | grad=7.94e-01 | 1.1s
[   423] loss=-10.4850 | res=2.52e-01 | grad=6.22e-01 | 1.1s
[   424] loss=-10.1768 | res=2.81e-01 | grad=5.04e-01 | 1.1s
[   425] loss=-10.3490 | res=2.34e-01 | grad=8.50e-01 | 1.1s
[   426] loss=-10.2492 | res=2.62e-01 | grad=7.62e-01 | 1.1s
[   427] loss=-10.4148 | res=2.61e-01 | grad=1.17e+00 | 1.1s
[   428] loss=-10.4778 | res=2.64e-01 | grad=9.54e-01 | 1.0s
[   429] loss=-10.3596 | res=2.58e-01 | grad=1.04e+00 | 1.1s
[   430] loss=-10.4249 | res=2.76e-01 | grad=8.63e-01 | 1.1s
[   431] loss=-10.5206 | res=2.56e-01 | grad=1.04e+00 | 1.1s
[   432] loss=-10.7258 | res=2.60e-01 | grad=1.29e+00 | 1.1s
[   433] loss=-10.6737 | res=2.74e-01 | grad=9.52e-01 | 1.1s
[   434] loss=-10.2226 | res=2.65e-01 | grad=9.57e-01 | 1.1s
[   435] loss=-9.8986 | res=2.60e-01 | grad=9.68e-01 | 1.1s
[   436] loss=-10.3169 | res=2.78e-01 | grad=9.34e-01 | 1.1s
[   437] loss=-10.3750 | res=2.67e-01 | grad=5.94e-01 | 1.1s
[   438] loss=-10.3076 | res=2.54e-01 | grad=8.93e-01 | 1.1s
[   439] loss=-10.2248 | res=2.97e-01 | grad=1.03e+00 | 1.1s
[   440] loss=-10.2584 | res=2.45e-01 | grad=1.05e+00 | 1.1s
[   441] loss=-10.2719 | res=2.63e-01 | grad=8.42e-01 | 1.1s
[   442] loss=-10.1053 | res=2.71e-01 | grad=1.04e+00 | 1.1s
[   443] loss=-10.4637 | res=2.77e-01 | grad=1.12e+00 | 1.1s
[   444] loss=-10.5066 | res=2.63e-01 | grad=1.07e+00 | 1.1s
[   445] loss=-10.6311 | res=2.80e-01 | grad=1.03e+00 | 1.1s
[   446] loss=-10.2510 | res=2.75e-01 | grad=1.19e+00 | 1.1s
[   447] loss=-10.3628 | res=2.67e-01 | grad=1.11e+00 | 1.1s
[   448] loss=-10.2072 | res=2.71e-01 | grad=5.16e-01 | 1.1s
[   449] loss=-10.5176 | res=2.74e-01 | grad=5.91e-01 | 1.1s
[   450] loss=-10.5379 | res=2.86e-01 | grad=9.26e-01 | 1.1s
[   451] loss=-10.1004 | res=2.70e-01 | grad=1.04e+00 | 1.1s
[   452] loss=-9.9423 | res=2.83e-01 | grad=7.87e-01 | 1.1s
[   453] loss=-10.3341 | res=2.67e-01 | grad=1.03e+00 | 1.1s
[   454] loss=-10.5140 | res=2.70e-01 | grad=1.03e+00 | 1.1s
[   455] loss=-10.9258 | res=2.53e-01 | grad=7.16e-01 | 1.1s
[   456] loss=-10.4935 | res=2.58e-01 | grad=6.47e-01 | 1.1s
[   457] loss=-10.2216 | res=2.60e-01 | grad=9.63e-01 | 1.1s
[   458] loss=-10.2223 | res=2.67e-01 | grad=9.29e-01 | 1.1s
[   459] loss=-10.5302 | res=2.47e-01 | grad=9.61e-01 | 1.1s
[   460] loss=-10.2624 | res=2.51e-01 | grad=1.26e+00 | 1.1s
[   461] loss=-10.0109 | res=2.61e-01 | grad=1.20e+00 | 1.1s
[   462] loss=-9.9724 | res=2.49e-01 | grad=1.00e+00 | 1.1s
[   463] loss=-10.4628 | res=2.65e-01 | grad=8.49e-01 | 1.1s
[   464] loss=-10.2008 | res=2.56e-01 | grad=1.20e+00 | 1.1s
[   465] loss=-10.1358 | res=2.40e-01 | grad=8.00e-01 | 1.1s
[   466] loss=-10.1966 | res=2.63e-01 | grad=8.50e-01 | 1.1s
[   467] loss=-10.3311 | res=2.46e-01 | grad=1.21e+00 | 1.1s
[   468] loss=-10.6360 | res=2.58e-01 | grad=7.62e-01 | 1.1s
[   469] loss=-10.0018 | res=2.70e-01 | grad=8.87e-01 | 1.1s
[   470] loss=-10.6700 | res=2.55e-01 | grad=9.01e-01 | 1.1s
[   471] loss=-10.8186 | res=2.50e-01 | grad=1.06e+00 | 1.1s
[   472] loss=-10.2034 | res=2.64e-01 | grad=1.12e+00 | 1.1s
[   473] loss=-10.3908 | res=2.57e-01 | grad=9.42e-01 | 1.1s
[   474] loss=-10.7631 | res=2.66e-01 | grad=1.06e+00 | 1.1s
[   475] loss=-10.3269 | res=2.75e-01 | grad=8.52e-01 | 1.1s
[   476] loss=-10.6334 | res=2.56e-01 | grad=7.93e-01 | 1.1s
[   477] loss=-10.2926 | res=2.67e-01 | grad=8.09e-01 | 1.1s
[   478] loss=-10.3539 | res=2.58e-01 | grad=8.30e-01 | 1.1s
[   479] loss=-10.4048 | res=2.56e-01 | grad=9.03e-01 | 1.1s
[   480] loss=-10.4198 | res=2.33e-01 | grad=1.11e+00 | 1.0s
[   481] loss=-10.2324 | res=2.60e-01 | grad=8.48e-01 | 1.1s
[   482] loss=-10.5248 | res=2.62e-01 | grad=7.19e-01 | 1.1s
[   483] loss=-10.2779 | res=2.84e-01 | grad=1.01e+00 | 1.1s
[   484] loss=-10.2751 | res=2.78e-01 | grad=6.23e-01 | 1.1s
[   485] loss=-10.5544 | res=2.71e-01 | grad=7.16e-01 | 1.1s
[   486] loss=-10.2683 | res=2.60e-01 | grad=8.73e-01 | 1.1s
[   487] loss=-10.2586 | res=2.62e-01 | grad=6.97e-01 | 1.1s
[   488] loss=-10.1844 | res=2.77e-01 | grad=8.74e-01 | 1.1s
[   489] loss=-10.2233 | res=2.78e-01 | grad=7.64e-01 | 1.0s
[   490] loss=-10.5317 | res=2.73e-01 | grad=1.09e+00 | 1.1s
[   491] loss=-9.7642 | res=2.44e-01 | grad=1.28e+00 | 1.1s
[   492] loss=-10.4267 | res=2.51e-01 | grad=7.88e-01 | 1.1s
[   493] loss=-10.2942 | res=2.61e-01 | grad=6.94e-01 | 1.1s
[   494] loss=-10.4657 | res=2.68e-01 | grad=1.15e+00 | 1.1s
[   495] loss=-10.8371 | res=2.27e-01 | grad=9.60e-01 | 1.1s
[   496] loss=-10.2764 | res=2.55e-01 | grad=8.34e-01 | 1.1s
[   497] loss=-10.3825 | res=2.68e-01 | grad=1.02e+00 | 1.1s
[   498] loss=-10.4962 | res=2.44e-01 | grad=1.00e+00 | 1.1s
[   499] loss=-10.4992 | res=2.53e-01 | grad=5.12e-01 | 1.1s
[   500] loss=-10.6441 | res=2.49e-01 | grad=7.49e-01 | 1.1s
[   501] loss=-10.4076 | res=2.60e-01 | grad=8.41e-01 | 1.1s
[   502] loss=-10.0099 | res=2.72e-01 | grad=1.03e+00 | 1.1s
[   503] loss=-10.5017 | res=2.79e-01 | grad=8.37e-01 | 1.1s
[   504] loss=-10.5817 | res=2.68e-01 | grad=7.56e-01 | 1.1s
[   505] loss=-10.4684 | res=2.59e-01 | grad=7.72e-01 | 1.1s
[   506] loss=-9.8738 | res=2.56e-01 | grad=8.89e-01 | 1.1s
[   507] loss=-10.0666 | res=2.55e-01 | grad=9.87e-01 | 1.1s
[   508] loss=-10.2443 | res=2.57e-01 | grad=1.07e+00 | 1.1s
[   509] loss=-10.5720 | res=2.63e-01 | grad=5.85e-01 | 1.1s
[   510] loss=-10.4485 | res=2.62e-01 | grad=7.49e-01 | 1.1s
[   511] loss=-10.6122 | res=2.78e-01 | grad=8.97e-01 | 1.1s
[   512] loss=-10.5673 | res=2.71e-01 | grad=8.03e-01 | 1.1s
[   513] loss=-10.1286 | res=2.53e-01 | grad=9.50e-01 | 1.1s
[   514] loss=-10.3541 | res=2.51e-01 | grad=6.42e-01 | 1.1s
[   515] loss=-9.7591 | res=2.50e-01 | grad=1.07e+00 | 1.1s
[   516] loss=-10.6165 | res=2.64e-01 | grad=8.49e-01 | 1.1s
[   517] loss=-10.1846 | res=2.70e-01 | grad=9.40e-01 | 1.1s
[   518] loss=-10.1290 | res=2.49e-01 | grad=6.32e-01 | 1.1s
[   519] loss=-10.6362 | res=2.53e-01 | grad=1.36e+00 | 1.1s
[   520] loss=-10.2354 | res=2.48e-01 | grad=6.82e-01 | 1.1s
[   521] loss=-10.1464 | res=2.62e-01 | grad=7.74e-01 | 1.1s
[   522] loss=-10.4265 | res=2.53e-01 | grad=8.69e-01 | 1.1s
[   523] loss=-10.2867 | res=2.50e-01 | grad=1.00e+00 | 1.1s
[   524] loss=-10.2408 | res=2.32e-01 | grad=1.09e+00 | 1.1s
[   525] loss=-10.7702 | res=2.51e-01 | grad=1.10e+00 | 1.1s
[   526] loss=-10.3990 | res=2.44e-01 | grad=8.06e-01 | 1.1s
[   527] loss=-10.3312 | res=2.56e-01 | grad=5.34e-01 | 1.1s
[   528] loss=-10.4328 | res=2.68e-01 | grad=7.32e-01 | 1.1s
[   529] loss=-10.0499 | res=2.45e-01 | grad=1.04e+00 | 1.0s
[   530] loss=-10.5768 | res=2.47e-01 | grad=7.07e-01 | 1.1s
[   531] loss=-10.5284 | res=2.58e-01 | grad=8.53e-01 | 1.1s
[   532] loss=-10.2900 | res=2.53e-01 | grad=7.29e-01 | 1.0s
[   533] loss=-10.2775 | res=2.45e-01 | grad=8.37e-01 | 1.1s
[   534] loss=-9.8242 | res=2.60e-01 | grad=1.11e+00 | 1.1s
[   535] loss=-10.5492 | res=2.56e-01 | grad=8.11e-01 | 1.1s
[   536] loss=-10.5899 | res=2.43e-01 | grad=1.08e+00 | 1.1s
[   537] loss=-10.9296 | res=2.60e-01 | grad=4.05e-01 | 1.1s
[   538] loss=-10.5357 | res=2.55e-01 | grad=1.30e+00 | 1.1s
[   539] loss=-10.6980 | res=2.44e-01 | grad=1.02e+00 | 1.1s
[   540] loss=-10.5618 | res=2.80e-01 | grad=9.81e-01 | 1.1s
[   541] loss=-10.2295 | res=2.49e-01 | grad=8.67e-01 | 1.1s
[   542] loss=-9.8563 | res=2.64e-01 | grad=1.56e+00 | 1.0s
[   543] loss=-10.1719 | res=2.56e-01 | grad=1.08e+00 | 1.1s
[   544] loss=-10.4618 | res=2.77e-01 | grad=6.44e-01 | 1.1s
[   545] loss=-10.7201 | res=2.47e-01 | grad=8.28e-01 | 1.1s
[   546] loss=-10.5042 | res=2.74e-01 | grad=7.60e-01 | 1.1s
[   547] loss=-10.2174 | res=2.60e-01 | grad=9.32e-01 | 1.1s
[   548] loss=-10.1989 | res=2.75e-01 | grad=8.81e-01 | 1.1s
[   549] loss=-10.5985 | res=2.41e-01 | grad=9.38e-01 | 1.1s
[   550] loss=-10.4965 | res=2.64e-01 | grad=8.96e-01 | 1.1s
[   551] loss=-10.2458 | res=2.52e-01 | grad=5.10e-01 | 1.1s
[   552] loss=-10.3757 | res=2.64e-01 | grad=7.90e-01 | 1.1s
[   553] loss=-10.6396 | res=2.53e-01 | grad=9.38e-01 | 1.1s
[   554] loss=-10.6844 | res=2.63e-01 | grad=6.41e-01 | 1.0s
[   555] loss=-10.5465 | res=2.65e-01 | grad=1.03e+00 | 1.1s
[   556] loss=-10.1834 | res=2.52e-01 | grad=9.11e-01 | 1.1s
[   557] loss=-11.0237 | res=2.57e-01 | grad=9.99e-01 | 1.1s
[   558] loss=-10.0880 | res=2.39e-01 | grad=9.12e-01 | 1.0s
[   559] loss=-10.5181 | res=2.76e-01 | grad=5.81e-01 | 1.0s
[   560] loss=-10.4117 | res=2.68e-01 | grad=7.39e-01 | 1.1s
[   561] loss=-10.3681 | res=2.56e-01 | grad=1.10e+00 | 1.1s
[   562] loss=-10.4016 | res=2.64e-01 | grad=8.93e-01 | 1.0s
[   563] loss=-10.5217 | res=2.63e-01 | grad=1.35e+00 | 1.1s
[   564] loss=-10.2408 | res=2.55e-01 | grad=1.08e+00 | 1.0s
[   565] loss=-10.3706 | res=2.49e-01 | grad=8.97e-01 | 1.0s
[   566] loss=-10.1713 | res=2.56e-01 | grad=6.20e-01 | 1.1s
[   567] loss=-10.3160 | res=2.48e-01 | grad=1.42e+00 | 1.1s
[   568] loss=-10.6274 | res=2.51e-01 | grad=1.49e+00 | 1.1s
[   569] loss=-10.3491 | res=2.51e-01 | grad=1.06e+00 | 1.0s
[   570] loss=-10.3705 | res=2.47e-01 | grad=7.79e-01 | 1.1s
[   571] loss=-10.0549 | res=2.63e-01 | grad=7.41e-01 | 1.1s
[   572] loss=-10.4128 | res=2.43e-01 | grad=8.03e-01 | 1.1s
[   573] loss=-10.2146 | res=2.65e-01 | grad=1.02e+00 | 1.1s
[   574] loss=-10.2468 | res=2.58e-01 | grad=7.57e-01 | 1.1s
[   575] loss=-10.4292 | res=2.64e-01 | grad=1.08e+00 | 1.1s
[   576] loss=-10.4719 | res=2.53e-01 | grad=8.32e-01 | 1.1s
[   577] loss=-10.2744 | res=2.42e-01 | grad=7.81e-01 | 1.1s
[   578] loss=-10.3601 | res=2.60e-01 | grad=1.08e+00 | 1.1s
[   579] loss=-10.3979 | res=2.69e-01 | grad=6.69e-01 | 1.1s
[   580] loss=-10.2412 | res=2.62e-01 | grad=8.48e-01 | 1.1s
[   581] loss=-9.7016 | res=2.45e-01 | grad=1.08e+00 | 1.1s
[   582] loss=-10.5919 | res=2.74e-01 | grad=8.50e-01 | 1.1s
[   583] loss=-10.8090 | res=2.55e-01 | grad=8.77e-01 | 1.1s
[   584] loss=-10.3714 | res=2.54e-01 | grad=7.21e-01 | 1.1s
[   585] loss=-10.1511 | res=2.48e-01 | grad=7.10e-01 | 1.1s
[   586] loss=-10.3252 | res=2.44e-01 | grad=7.95e-01 | 1.1s
[   587] loss=-10.7572 | res=2.49e-01 | grad=9.15e-01 | 1.1s
[   588] loss=-10.2940 | res=2.52e-01 | grad=7.33e-01 | 1.1s
[   589] loss=-10.3833 | res=2.61e-01 | grad=8.30e-01 | 1.1s
[   590] loss=-10.3663 | res=2.52e-01 | grad=7.75e-01 | 1.1s
[   591] loss=-10.2892 | res=2.45e-01 | grad=1.10e+00 | 1.1s
[   592] loss=-10.2577 | res=2.52e-01 | grad=8.79e-01 | 1.1s
[   593] loss=-10.4596 | res=2.53e-01 | grad=7.46e-01 | 1.1s
[   594] loss=-10.3560 | res=2.66e-01 | grad=8.09e-01 | 1.1s
[   595] loss=-10.3321 | res=2.31e-01 | grad=8.19e-01 | 1.1s
[   596] loss=-10.4028 | res=2.40e-01 | grad=8.10e-01 | 1.1s
[   597] loss=-10.8196 | res=2.63e-01 | grad=7.91e-01 | 1.1s
[   598] loss=-10.7787 | res=2.52e-01 | grad=7.93e-01 | 1.1s
[   599] loss=-10.4033 | res=2.69e-01 | grad=8.81e-01 | 1.1s
[   600] loss=-10.2278 | res=2.47e-01 | grad=5.97e-01 | 1.1s
[   601] loss=-10.6110 | res=2.35e-01 | grad=9.50e-01 | 1.1s
[   602] loss=-10.4191 | res=2.48e-01 | grad=9.41e-01 | 1.1s
[   603] loss=-10.4156 | res=2.41e-01 | grad=9.14e-01 | 1.1s
[   604] loss=-10.1878 | res=2.49e-01 | grad=1.39e+00 | 1.1s
[   605] loss=-10.4308 | res=2.63e-01 | grad=1.06e+00 | 1.1s
[   606] loss=-10.4964 | res=2.54e-01 | grad=9.62e-01 | 1.1s
[   607] loss=-10.7124 | res=2.49e-01 | grad=1.89e+00 | 1.1s
[   608] loss=-10.6205 | res=2.53e-01 | grad=1.26e+00 | 1.1s
[   609] loss=-10.7574 | res=2.54e-01 | grad=1.40e+00 | 1.1s
[   610] loss=-9.9607 | res=2.66e-01 | grad=1.24e+00 | 1.1s
[   611] loss=-10.1150 | res=2.44e-01 | grad=9.82e-01 | 1.1s
[   612] loss=-10.4958 | res=2.58e-01 | grad=1.06e+00 | 1.1s
[   613] loss=-11.0360 | res=2.65e-01 | grad=1.00e+00 | 1.1s
[   614] loss=-10.3605 | res=2.56e-01 | grad=9.86e-01 | 1.1s
[   615] loss=-10.4747 | res=2.53e-01 | grad=1.15e+00 | 1.1s
[   616] loss=-9.9435 | res=2.45e-01 | grad=1.25e+00 | 1.1s
[   617] loss=-10.4075 | res=2.69e-01 | grad=7.60e-01 | 1.0s
[   618] loss=-10.0897 | res=2.72e-01 | grad=9.42e-01 | 1.0s
[   619] loss=-10.4998 | res=2.65e-01 | grad=1.01e+00 | 1.0s
[   620] loss=-10.1758 | res=2.53e-01 | grad=8.07e-01 | 1.1s
[   621] loss=-10.5501 | res=2.42e-01 | grad=9.80e-01 | 1.0s
[   622] loss=-10.2985 | res=2.52e-01 | grad=1.10e+00 | 1.1s
[   623] loss=-10.6782 | res=2.44e-01 | grad=1.08e+00 | 1.1s
[   624] loss=-10.5559 | res=2.61e-01 | grad=1.39e+00 | 1.1s
[   625] loss=-10.4016 | res=2.54e-01 | grad=8.60e-01 | 1.0s
[   626] loss=-10.2543 | res=2.39e-01 | grad=7.84e-01 | 1.0s
[   627] loss=-10.7270 | res=2.48e-01 | grad=1.06e+00 | 1.0s
[   628] loss=-10.4231 | res=2.49e-01 | grad=8.74e-01 | 1.1s
[   629] loss=-9.9475 | res=2.56e-01 | grad=1.17e+00 | 1.1s
[   630] loss=-10.3754 | res=2.65e-01 | grad=1.36e+00 | 1.1s
[   631] loss=-10.7745 | res=2.61e-01 | grad=8.52e-01 | 1.1s
[   632] loss=-10.3886 | res=2.60e-01 | grad=8.99e-01 | 1.1s
[   633] loss=-10.3237 | res=2.51e-01 | grad=1.07e+00 | 1.0s
[   634] loss=-10.6200 | res=2.43e-01 | grad=6.76e-01 | 1.0s
[   635] loss=-10.4403 | res=2.33e-01 | grad=6.55e-01 | 1.1s
[   636] loss=-10.7202 | res=2.79e-01 | grad=6.67e-01 | 1.1s
[   637] loss=-10.4358 | res=2.60e-01 | grad=1.08e+00 | 1.1s
[   638] loss=-10.6042 | res=2.56e-01 | grad=1.04e+00 | 1.0s
[   639] loss=-10.3340 | res=2.61e-01 | grad=9.27e-01 | 1.0s
[   640] loss=-10.5255 | res=2.43e-01 | grad=1.00e+00 | 1.0s
[   641] loss=-10.3153 | res=2.69e-01 | grad=8.25e-01 | 1.1s
[   642] loss=-10.4624 | res=2.60e-01 | grad=1.03e+00 | 1.1s
[   643] loss=-10.7239 | res=2.50e-01 | grad=1.44e+00 | 1.1s
[   644] loss=-9.9992 | res=2.39e-01 | grad=7.15e-01 | 1.0s
[   645] loss=-10.3714 | res=2.54e-01 | grad=9.62e-01 | 1.1s
[   646] loss=-10.5321 | res=2.54e-01 | grad=1.11e+00 | 1.1s
[   647] loss=-10.1142 | res=2.61e-01 | grad=1.16e+00 | 1.1s
[   648] loss=-10.4017 | res=2.70e-01 | grad=1.27e+00 | 1.1s
[   649] loss=-10.5927 | res=2.69e-01 | grad=9.52e-01 | 1.1s
[   650] loss=-10.5282 | res=2.59e-01 | grad=1.11e+00 | 1.1s
[   651] loss=-10.1377 | res=2.54e-01 | grad=1.03e+00 | 1.1s
[   652] loss=-10.4090 | res=2.60e-01 | grad=9.06e-01 | 1.1s
[   653] loss=-10.5035 | res=2.66e-01 | grad=1.10e+00 | 1.1s
[   654] loss=-10.3064 | res=2.60e-01 | grad=1.09e+00 | 1.1s
[   655] loss=-10.6705 | res=2.64e-01 | grad=1.28e+00 | 1.1s
[   656] loss=-10.3332 | res=2.40e-01 | grad=9.23e-01 | 1.1s
[   657] loss=-10.3529 | res=2.53e-01 | grad=1.18e+00 | 1.1s
[   658] loss=-9.9241 | res=2.48e-01 | grad=6.70e-01 | 1.1s
[   659] loss=-10.5518 | res=2.52e-01 | grad=8.57e-01 | 1.0s
[   660] loss=-9.9717 | res=2.57e-01 | grad=1.24e+00 | 1.1s
[   661] loss=-10.4743 | res=2.33e-01 | grad=1.14e+00 | 1.1s
[   662] loss=-10.1439 | res=2.64e-01 | grad=9.71e-01 | 1.1s
[   663] loss=-10.3087 | res=2.40e-01 | grad=8.65e-01 | 1.1s
[   664] loss=-10.6540 | res=2.62e-01 | grad=6.16e-01 | 1.1s
[   665] loss=-10.6288 | res=2.66e-01 | grad=7.10e-01 | 1.1s
[   666] loss=-9.8507 | res=2.40e-01 | grad=1.15e+00 | 1.1s
[   667] loss=-10.0084 | res=2.79e-01 | grad=8.92e-01 | 1.1s
[   668] loss=-10.3858 | res=2.43e-01 | grad=6.88e-01 | 1.1s
[   669] loss=-10.4768 | res=2.51e-01 | grad=1.07e+00 | 1.1s
[   670] loss=-10.4978 | res=2.60e-01 | grad=6.25e-01 | 1.1s
[   671] loss=-10.6069 | res=2.53e-01 | grad=8.10e-01 | 1.1s
[   672] loss=-10.1741 | res=2.43e-01 | grad=4.05e-01 | 1.1s
[   673] loss=-10.7735 | res=2.50e-01 | grad=1.08e+00 | 1.1s
[   674] loss=-10.3666 | res=2.55e-01 | grad=1.18e+00 | 1.1s
[   675] loss=-10.2356 | res=2.34e-01 | grad=1.06e+00 | 1.1s
[   676] loss=-10.7152 | res=2.66e-01 | grad=7.77e-01 | 1.1s
[   677] loss=-10.1220 | res=2.41e-01 | grad=8.97e-01 | 1.1s
[   678] loss=-10.7196 | res=2.45e-01 | grad=9.57e-01 | 1.1s
[   679] loss=-10.5766 | res=2.42e-01 | grad=6.74e-01 | 1.1s
[   680] loss=-10.3720 | res=2.61e-01 | grad=8.61e-01 | 1.1s
[   681] loss=-10.2039 | res=2.39e-01 | grad=1.18e+00 | 1.1s
[   682] loss=-10.5556 | res=2.45e-01 | grad=9.58e-01 | 1.1s
[   683] loss=-10.5680 | res=2.49e-01 | grad=6.41e-01 | 1.1s
[   684] loss=-10.3774 | res=2.47e-01 | grad=1.18e+00 | 1.1s
[   685] loss=-10.0342 | res=2.62e-01 | grad=6.55e-01 | 1.1s
[   686] loss=-10.3822 | res=2.68e-01 | grad=3.48e-01 | 1.1s
[   687] loss=-10.3503 | res=2.45e-01 | grad=6.88e-01 | 1.1s
[   688] loss=-10.3019 | res=2.64e-01 | grad=8.53e-01 | 1.1s
[   689] loss=-10.7553 | res=2.75e-01 | grad=1.08e+00 | 1.1s
[   690] loss=-10.3527 | res=2.59e-01 | grad=8.37e-01 | 1.1s
[   691] loss=-10.2136 | res=2.83e-01 | grad=7.71e-01 | 1.1s
[   692] loss=-10.2730 | res=2.51e-01 | grad=6.04e-01 | 1.1s
[   693] loss=-10.1510 | res=2.60e-01 | grad=8.50e-01 | 1.1s
[   694] loss=-10.2726 | res=2.49e-01 | grad=1.12e+00 | 1.1s
[   695] loss=-10.2649 | res=2.61e-01 | grad=6.57e-01 | 1.1s
[   696] loss=-10.8025 | res=2.51e-01 | grad=7.16e-01 | 1.1s
[   697] loss=-10.6264 | res=2.65e-01 | grad=8.89e-01 | 1.1s
[   698] loss=-10.3974 | res=2.53e-01 | grad=7.12e-01 | 1.1s
[   699] loss=-10.3697 | res=2.49e-01 | grad=6.57e-01 | 1.0s
[   700] loss=-10.1842 | res=2.43e-01 | grad=9.13e-01 | 1.1s
[   701] loss=-9.7562 | res=2.33e-01 | grad=6.91e-01 | 1.0s
[   702] loss=-10.5290 | res=2.56e-01 | grad=7.36e-01 | 1.1s
[   703] loss=-11.0295 | res=2.53e-01 | grad=9.59e-01 | 1.1s
[   704] loss=-10.5937 | res=2.63e-01 | grad=4.87e-01 | 1.1s
[   705] loss=-10.5034 | res=2.42e-01 | grad=8.94e-01 | 1.1s
[   706] loss=-9.8066 | res=2.47e-01 | grad=9.56e-01 | 1.1s
[   707] loss=-10.2603 | res=2.38e-01 | grad=8.59e-01 | 1.1s
[   708] loss=-10.6822 | res=2.64e-01 | grad=9.04e-01 | 1.1s
[   709] loss=-10.2128 | res=2.49e-01 | grad=7.37e-01 | 1.1s
[   710] loss=-10.4365 | res=2.48e-01 | grad=9.90e-01 | 1.1s
[   711] loss=-10.5451 | res=2.34e-01 | grad=7.90e-01 | 1.1s
[   712] loss=-10.2879 | res=2.52e-01 | grad=4.62e-01 | 1.1s
[   713] loss=-10.6503 | res=2.39e-01 | grad=8.33e-01 | 1.1s
[   714] loss=-10.2383 | res=2.69e-01 | grad=7.99e-01 | 1.1s
[   715] loss=-10.3844 | res=2.51e-01 | grad=9.38e-01 | 1.1s
[   716] loss=-10.6129 | res=2.45e-01 | grad=9.55e-01 | 1.1s
[   717] loss=-10.4133 | res=2.41e-01 | grad=9.53e-01 | 1.1s
[   718] loss=-10.2929 | res=2.45e-01 | grad=9.45e-01 | 1.1s
[   719] loss=-10.2990 | res=2.62e-01 | grad=6.40e-01 | 1.1s
[   720] loss=-10.2030 | res=2.44e-01 | grad=1.37e+00 | 1.1s
[   721] loss=-10.6568 | res=2.44e-01 | grad=1.21e+00 | 1.1s
[   722] loss=-10.4010 | res=2.58e-01 | grad=9.65e-01 | 1.1s
[   723] loss=-10.2041 | res=2.30e-01 | grad=8.66e-01 | 1.1s
[   724] loss=-10.3778 | res=2.53e-01 | grad=8.13e-01 | 1.1s
[   725] loss=-10.3906 | res=2.46e-01 | grad=6.56e-01 | 1.1s
[   726] loss=-9.7767 | res=2.36e-01 | grad=1.31e+00 | 1.1s
[   727] loss=-10.5158 | res=2.22e-01 | grad=1.18e+00 | 1.1s
[   728] loss=-10.2973 | res=2.43e-01 | grad=8.51e-01 | 1.1s
[   729] loss=-10.4697 | res=2.48e-01 | grad=1.12e+00 | 1.1s
[   730] loss=-10.2879 | res=2.24e-01 | grad=9.90e-01 | 1.1s
[   731] loss=-10.6904 | res=2.54e-01 | grad=6.12e-01 | 1.1s
[   732] loss=-10.0994 | res=2.52e-01 | grad=6.40e-01 | 1.1s
[   733] loss=-10.4609 | res=2.35e-01 | grad=7.87e-01 | 1.1s
[   734] loss=-10.3252 | res=2.25e-01 | grad=1.06e+00 | 1.1s
[   735] loss=-10.0618 | res=2.41e-01 | grad=9.13e-01 | 1.1s
[   736] loss=-10.6248 | res=2.61e-01 | grad=8.69e-01 | 1.1s
[   737] loss=-10.6281 | res=2.45e-01 | grad=9.67e-01 | 1.1s
[   738] loss=-10.0320 | res=2.62e-01 | grad=9.75e-01 | 1.1s
[   739] loss=-10.4319 | res=2.61e-01 | grad=8.71e-01 | 1.1s
[   740] loss=-10.5768 | res=2.47e-01 | grad=8.29e-01 | 1.1s
[   741] loss=-10.8801 | res=2.45e-01 | grad=9.09e-01 | 1.1s
[   742] loss=-10.6941 | res=2.43e-01 | grad=8.42e-01 | 1.1s
[   743] loss=-10.0759 | res=2.35e-01 | grad=1.05e+00 | 1.1s
[   744] loss=-10.8023 | res=2.33e-01 | grad=9.02e-01 | 1.1s
[   745] loss=-10.5351 | res=2.34e-01 | grad=1.05e+00 | 1.1s
[   746] loss=-10.5086 | res=2.59e-01 | grad=1.07e+00 | 1.1s
[   747] loss=-10.5382 | res=2.48e-01 | grad=1.04e+00 | 1.1s
[   748] loss=-10.4312 | res=2.60e-01 | grad=9.36e-01 | 1.1s
[   749] loss=-10.3013 | res=2.40e-01 | grad=7.55e-01 | 1.1s
[   750] loss=-9.8163 | res=2.40e-01 | grad=1.34e+00 | 1.1s
[   751] loss=-10.6140 | res=2.49e-01 | grad=6.60e-01 | 1.1s
[   752] loss=-10.1989 | res=2.43e-01 | grad=8.31e-01 | 1.1s
[   753] loss=-10.4339 | res=2.45e-01 | grad=1.09e+00 | 1.1s
[   754] loss=-10.3582 | res=2.50e-01 | grad=7.44e-01 | 1.1s
[   755] loss=-10.1153 | res=2.46e-01 | grad=6.42e-01 | 1.1s
[   756] loss=-10.3690 | res=2.42e-01 | grad=6.99e-01 | 1.1s
[   757] loss=-10.2671 | res=2.54e-01 | grad=1.01e+00 | 1.1s
[   758] loss=-10.5889 | res=2.46e-01 | grad=1.37e+00 | 1.1s
[   759] loss=-10.4518 | res=2.57e-01 | grad=7.80e-01 | 1.1s
[   760] loss=-10.4213 | res=2.59e-01 | grad=8.21e-01 | 1.1s
[   761] loss=-10.4186 | res=2.50e-01 | grad=6.53e-01 | 1.1s
[   762] loss=-10.3723 | res=2.35e-01 | grad=7.79e-01 | 1.1s
[   763] loss=-10.0324 | res=2.30e-01 | grad=1.61e+00 | 1.1s
[   764] loss=-10.2358 | res=2.41e-01 | grad=8.43e-01 | 1.1s
[   765] loss=-10.2490 | res=2.57e-01 | grad=8.09e-01 | 1.1s
[   766] loss=-10.4728 | res=2.55e-01 | grad=1.02e+00 | 1.1s
[   767] loss=-10.5186 | res=2.49e-01 | grad=7.08e-01 | 1.1s
[   768] loss=-10.0211 | res=2.43e-01 | grad=1.03e+00 | 1.1s
[   769] loss=-10.4546 | res=2.41e-01 | grad=7.55e-01 | 1.1s
[   770] loss=-10.4514 | res=2.42e-01 | grad=1.00e+00 | 1.1s
[   771] loss=-10.2834 | res=2.36e-01 | grad=1.24e+00 | 1.1s
[   772] loss=-9.9161 | res=2.55e-01 | grad=6.83e-01 | 1.1s
[   773] loss=-10.4752 | res=2.40e-01 | grad=7.09e-01 | 1.1s
[   774] loss=-11.0918 | res=2.35e-01 | grad=8.69e-01 | 1.1s
[   775] loss=-10.3656 | res=2.33e-01 | grad=7.62e-01 | 1.1s
[   776] loss=-10.4431 | res=2.51e-01 | grad=1.02e+00 | 1.1s
[   777] loss=-10.0498 | res=2.38e-01 | grad=1.14e+00 | 1.1s
[   778] loss=-10.0445 | res=2.37e-01 | grad=1.32e+00 | 1.1s
[   779] loss=-10.4507 | res=2.38e-01 | grad=6.75e-01 | 1.1s
[   780] loss=-10.4259 | res=2.59e-01 | grad=1.00e+00 | 1.1s
[   781] loss=-10.9009 | res=2.37e-01 | grad=9.43e-01 | 1.1s
[   782] loss=-10.3439 | res=2.52e-01 | grad=1.31e+00 | 1.1s
[   783] loss=-10.4955 | res=2.67e-01 | grad=9.21e-01 | 1.1s
[   784] loss=-10.5111 | res=2.48e-01 | grad=9.83e-01 | 1.1s
[   785] loss=-10.0933 | res=2.55e-01 | grad=6.40e-01 | 1.1s
[   786] loss=-10.1811 | res=2.61e-01 | grad=7.00e-01 | 1.1s
[   787] loss=-10.4908 | res=2.44e-01 | grad=9.36e-01 | 1.1s
[   788] loss=-9.9849 | res=2.42e-01 | grad=9.95e-01 | 1.1s
[   789] loss=-10.2782 | res=2.53e-01 | grad=1.54e+00 | 1.1s
[   790] loss=-10.7457 | res=2.32e-01 | grad=1.08e+00 | 1.1s
[   791] loss=-10.4081 | res=2.26e-01 | grad=6.88e-01 | 1.1s
[   792] loss=-10.1164 | res=2.47e-01 | grad=8.62e-01 | 1.1s
[   793] loss=-10.5739 | res=2.47e-01 | grad=9.68e-01 | 1.1s
[   794] loss=-10.2509 | res=2.64e-01 | grad=8.19e-01 | 1.1s
[   795] loss=-10.4050 | res=2.49e-01 | grad=7.95e-01 | 1.1s
[   796] loss=-10.4982 | res=2.47e-01 | grad=1.18e+00 | 1.1s
[   797] loss=-10.1755 | res=2.65e-01 | grad=9.97e-01 | 1.1s
[   798] loss=-10.6434 | res=2.41e-01 | grad=9.93e-01 | 1.1s
[   799] loss=-10.6446 | res=2.52e-01 | grad=6.64e-01 | 1.1s
[   800] loss=-10.6869 | res=2.34e-01 | grad=6.23e-01 | 1.1s
[   801] loss=-10.1637 | res=2.53e-01 | grad=1.18e+00 | 1.1s
[   802] loss=-10.6244 | res=2.67e-01 | grad=1.48e+00 | 1.1s
[   803] loss=-10.6656 | res=2.43e-01 | grad=8.80e-01 | 1.1s
[   804] loss=-10.4042 | res=2.39e-01 | grad=6.56e-01 | 1.1s
[   805] loss=-10.0426 | res=2.30e-01 | grad=1.36e+00 | 1.1s
[   806] loss=-10.7285 | res=2.26e-01 | grad=9.11e-01 | 1.1s
[   807] loss=-10.3261 | res=2.57e-01 | grad=1.27e+00 | 1.1s
[   808] loss=-10.1019 | res=2.63e-01 | grad=1.51e+00 | 1.1s
[   809] loss=-10.5133 | res=2.38e-01 | grad=1.06e+00 | 1.1s
[   810] loss=-10.5335 | res=2.46e-01 | grad=8.89e-01 | 1.1s
[   811] loss=-10.2094 | res=2.53e-01 | grad=8.80e-01 | 1.1s
[   812] loss=-10.2614 | res=2.30e-01 | grad=9.23e-01 | 1.1s
[   813] loss=-10.3219 | res=2.35e-01 | grad=1.30e+00 | 1.1s
[   814] loss=-10.2935 | res=2.50e-01 | grad=6.83e-01 | 1.1s
[   815] loss=-10.3088 | res=2.57e-01 | grad=9.38e-01 | 1.1s
[   816] loss=-10.5267 | res=2.34e-01 | grad=7.20e-01 | 1.1s
[   817] loss=-10.3077 | res=2.38e-01 | grad=8.48e-01 | 1.1s
[   818] loss=-10.4070 | res=2.50e-01 | grad=9.76e-01 | 1.1s
[   819] loss=-9.9860 | res=2.43e-01 | grad=8.02e-01 | 1.1s
[   820] loss=-10.8001 | res=2.28e-01 | grad=8.94e-01 | 1.1s
[   821] loss=-10.4471 | res=2.64e-01 | grad=4.85e-01 | 1.1s
[   822] loss=-10.3693 | res=2.46e-01 | grad=5.31e-01 | 1.1s
[   823] loss=-10.5569 | res=2.52e-01 | grad=7.18e-01 | 1.1s
[   824] loss=-10.2488 | res=2.48e-01 | grad=8.84e-01 | 1.1s
[   825] loss=-10.4626 | res=2.54e-01 | grad=9.58e-01 | 1.1s
[   826] loss=-10.6066 | res=2.47e-01 | grad=6.77e-01 | 1.1s
[   827] loss=-10.2685 | res=2.47e-01 | grad=7.99e-01 | 1.1s
[   828] loss=-10.2000 | res=2.52e-01 | grad=5.19e-01 | 1.1s
[   829] loss=-9.9927 | res=2.72e-01 | grad=1.01e+00 | 1.1s
[   830] loss=-10.2478 | res=2.63e-01 | grad=6.65e-01 | 1.1s
[   831] loss=-10.4418 | res=2.57e-01 | grad=9.67e-01 | 1.1s
[   832] loss=-10.6509 | res=2.46e-01 | grad=1.07e+00 | 1.1s
[   833] loss=-9.8900 | res=2.44e-01 | grad=1.02e+00 | 1.1s
[   834] loss=-10.4262 | res=2.55e-01 | grad=9.57e-01 | 1.1s
[   835] loss=-10.1077 | res=2.51e-01 | grad=9.34e-01 | 1.1s
[   836] loss=-10.5234 | res=2.63e-01 | grad=8.00e-01 | 1.1s
[   837] loss=-10.1705 | res=2.36e-01 | grad=9.63e-01 | 1.1s
[   838] loss=-10.4447 | res=2.37e-01 | grad=9.61e-01 | 1.1s
[   839] loss=-10.1000 | res=2.36e-01 | grad=1.22e+00 | 1.1s
[   840] loss=-10.3891 | res=2.35e-01 | grad=1.12e+00 | 1.1s
[   841] loss=-10.5506 | res=2.39e-01 | grad=7.14e-01 | 1.1s
[   842] loss=-10.1478 | res=2.55e-01 | grad=8.41e-01 | 1.1s
[   843] loss=-10.4173 | res=2.41e-01 | grad=9.82e-01 | 1.1s
[   844] loss=-10.1700 | res=2.31e-01 | grad=6.73e-01 | 1.1s
[   845] loss=-10.2495 | res=2.65e-01 | grad=1.06e+00 | 1.1s
[   846] loss=-10.6544 | res=2.37e-01 | grad=1.28e+00 | 1.1s
[   847] loss=-10.3662 | res=2.38e-01 | grad=1.17e+00 | 1.1s
[   848] loss=-10.6563 | res=2.19e-01 | grad=6.15e-01 | 1.1s
[   849] loss=-9.9430 | res=2.32e-01 | grad=1.07e+00 | 1.1s
[   850] loss=-10.2261 | res=2.58e-01 | grad=9.15e-01 | 1.1s
[   851] loss=-10.2619 | res=2.61e-01 | grad=1.33e+00 | 1.1s
[   852] loss=-10.5238 | res=2.40e-01 | grad=9.45e-01 | 1.1s
[   853] loss=-10.3781 | res=2.53e-01 | grad=1.79e+00 | 1.1s
[   854] loss=-10.3716 | res=2.43e-01 | grad=1.26e+00 | 1.1s
[   855] loss=-10.5914 | res=2.33e-01 | grad=8.50e-01 | 1.1s
[   856] loss=-10.2062 | res=2.35e-01 | grad=1.46e+00 | 1.1s
[   857] loss=-10.4078 | res=2.48e-01 | grad=1.39e+00 | 1.1s
[   858] loss=-9.8446 | res=2.31e-01 | grad=1.24e+00 | 1.1s
[   859] loss=-10.6484 | res=2.41e-01 | grad=1.10e+00 | 1.1s
[   860] loss=-10.2466 | res=2.34e-01 | grad=1.57e+00 | 1.1s
[   861] loss=-10.1974 | res=2.25e-01 | grad=1.34e+00 | 1.1s
[   862] loss=-10.4364 | res=2.37e-01 | grad=8.13e-01 | 1.1s
[   863] loss=-10.1248 | res=2.43e-01 | grad=1.34e+00 | 1.1s
[   864] loss=-9.8504 | res=2.33e-01 | grad=1.31e+00 | 1.1s
[   865] loss=-10.5687 | res=2.33e-01 | grad=1.32e+00 | 1.1s
[   866] loss=-10.1151 | res=2.46e-01 | grad=9.73e-01 | 1.1s
[   867] loss=-10.7388 | res=2.51e-01 | grad=9.80e-01 | 1.1s
[   868] loss=-9.9148 | res=2.62e-01 | grad=1.21e+00 | 1.1s
[   869] loss=-9.9234 | res=2.35e-01 | grad=7.46e-01 | 1.1s
[   870] loss=-10.5965 | res=2.40e-01 | grad=1.38e+00 | 1.1s
[   871] loss=-9.9844 | res=2.26e-01 | grad=1.47e+00 | 1.1s
[   872] loss=-9.9752 | res=2.37e-01 | grad=6.51e-01 | 1.1s
[   873] loss=-10.5077 | res=2.39e-01 | grad=6.43e-01 | 1.1s
[   874] loss=-10.4383 | res=2.56e-01 | grad=1.29e+00 | 1.1s
[   875] loss=-10.2227 | res=2.37e-01 | grad=9.97e-01 | 1.1s
[   876] loss=-10.3526 | res=2.24e-01 | grad=9.53e-01 | 1.1s
[   877] loss=-10.0007 | res=2.36e-01 | grad=8.26e-01 | 1.1s
[   878] loss=-10.6422 | res=2.29e-01 | grad=6.99e-01 | 1.1s
[   879] loss=-10.1119 | res=2.42e-01 | grad=8.58e-01 | 1.1s
[   880] loss=-10.6813 | res=2.53e-01 | grad=8.84e-01 | 1.1s
[   881] loss=-10.4103 | res=2.37e-01 | grad=1.05e+00 | 1.1s
[   882] loss=-10.5554 | res=2.58e-01 | grad=1.13e+00 | 1.1s
[   883] loss=-10.5678 | res=2.38e-01 | grad=1.09e+00 | 1.1s
[   884] loss=-10.2378 | res=2.32e-01 | grad=4.92e-01 | 1.1s
[   885] loss=-10.5034 | res=2.43e-01 | grad=1.05e+00 | 1.1s
[   886] loss=-10.2350 | res=2.57e-01 | grad=1.09e+00 | 1.1s
[   887] loss=-10.4217 | res=2.57e-01 | grad=1.25e+00 | 1.1s
[   888] loss=-10.5832 | res=2.36e-01 | grad=6.98e-01 | 1.1s
[   889] loss=-10.4129 | res=2.50e-01 | grad=6.84e-01 | 1.1s
[   890] loss=-10.3020 | res=2.46e-01 | grad=9.91e-01 | 1.1s
[   891] loss=-10.3473 | res=2.46e-01 | grad=9.96e-01 | 1.1s
[   892] loss=-10.5855 | res=2.58e-01 | grad=6.52e-01 | 1.1s
[   893] loss=-10.2413 | res=2.48e-01 | grad=8.52e-01 | 1.1s
[   894] loss=-10.7842 | res=2.22e-01 | grad=8.03e-01 | 1.1s
[   895] loss=-10.1893 | res=2.35e-01 | grad=9.42e-01 | 1.1s
[   896] loss=-10.1192 | res=2.50e-01 | grad=6.81e-01 | 1.1s
[   897] loss=-10.1293 | res=2.36e-01 | grad=7.62e-01 | 1.1s
[   898] loss=-9.6357 | res=2.47e-01 | grad=5.89e-01 | 1.1s
[   899] loss=-10.2401 | res=2.44e-01 | grad=8.03e-01 | 1.1s
[   900] loss=-10.4860 | res=2.60e-01 | grad=1.19e+00 | 1.1s
[   901] loss=-10.4692 | res=2.57e-01 | grad=8.64e-01 | 1.1s
[   902] loss=-10.1856 | res=2.50e-01 | grad=7.42e-01 | 1.1s
[   903] loss=-10.1481 | res=2.45e-01 | grad=6.68e-01 | 1.1s
[   904] loss=-10.5198 | res=2.18e-01 | grad=5.89e-01 | 1.1s
[   905] loss=-10.4935 | res=2.52e-01 | grad=6.84e-01 | 1.1s
[   906] loss=-10.0277 | res=2.27e-01 | grad=1.01e+00 | 1.1s
[   907] loss=-10.1318 | res=2.45e-01 | grad=8.31e-01 | 1.1s
[   908] loss=-10.0311 | res=2.43e-01 | grad=1.30e+00 | 1.1s
[   909] loss=-10.4909 | res=2.47e-01 | grad=7.81e-01 | 1.1s
[   910] loss=-10.3132 | res=2.33e-01 | grad=9.28e-01 | 1.1s
[   911] loss=-10.3804 | res=2.32e-01 | grad=9.59e-01 | 1.1s
[   912] loss=-10.2282 | res=2.57e-01 | grad=1.10e+00 | 1.1s
[   913] loss=-10.1199 | res=2.35e-01 | grad=5.52e-01 | 1.1s
[   914] loss=-10.3470 | res=2.37e-01 | grad=1.00e+00 | 1.1s
[   915] loss=-10.4373 | res=2.30e-01 | grad=1.03e+00 | 1.1s
[   916] loss=-10.4830 | res=2.44e-01 | grad=8.77e-01 | 1.1s
[   917] loss=-10.7629 | res=2.33e-01 | grad=6.40e-01 | 1.1s
[   918] loss=-9.9659 | res=2.16e-01 | grad=5.36e-01 | 1.1s
[   919] loss=-10.1774 | res=2.59e-01 | grad=7.00e-01 | 1.1s
[   920] loss=-10.4677 | res=2.44e-01 | grad=7.92e-01 | 1.1s
[   921] loss=-10.3476 | res=2.35e-01 | grad=7.29e-01 | 1.1s
[   922] loss=-10.1251 | res=2.26e-01 | grad=1.28e+00 | 1.1s
[   923] loss=-10.6989 | res=2.53e-01 | grad=5.10e-01 | 1.1s
[   924] loss=-10.2890 | res=2.58e-01 | grad=6.46e-01 | 1.1s
[   925] loss=-10.2090 | res=2.43e-01 | grad=1.01e+00 | 1.1s
[   926] loss=-10.4075 | res=2.19e-01 | grad=1.03e+00 | 1.1s
[   927] loss=-10.1758 | res=2.44e-01 | grad=3.81e-01 | 1.1s
[   928] loss=-10.6038 | res=2.48e-01 | grad=6.25e-01 | 1.1s
[   929] loss=-10.3998 | res=2.64e-01 | grad=9.11e-01 | 1.1s
[   930] loss=-10.0425 | res=2.23e-01 | grad=6.08e-01 | 1.1s
[   931] loss=-10.6718 | res=2.39e-01 | grad=7.63e-01 | 1.1s
[   932] loss=-10.4690 | res=2.30e-01 | grad=5.21e-01 | 1.1s
[   933] loss=-9.9863 | res=2.31e-01 | grad=9.16e-01 | 1.1s
[   934] loss=-10.8954 | res=2.39e-01 | grad=9.23e-01 | 1.1s
[   935] loss=-10.1998 | res=2.35e-01 | grad=6.25e-01 | 1.1s
[   936] loss=-10.6172 | res=2.33e-01 | grad=7.39e-01 | 1.1s
[   937] loss=-10.3401 | res=2.32e-01 | grad=8.23e-01 | 1.1s
[   938] loss=-10.0110 | res=2.55e-01 | grad=8.33e-01 | 1.1s
[   939] loss=-10.6053 | res=2.48e-01 | grad=8.49e-01 | 1.1s
[   940] loss=-10.1274 | res=2.46e-01 | grad=6.80e-01 | 1.1s
[   941] loss=-10.5413 | res=2.35e-01 | grad=1.05e+00 | 1.1s
[   942] loss=-10.7416 | res=2.47e-01 | grad=9.14e-01 | 1.1s
[   943] loss=-10.1269 | res=2.55e-01 | grad=7.13e-01 | 1.1s
[   944] loss=-10.5063 | res=2.53e-01 | grad=7.33e-01 | 1.1s
[   945] loss=-9.9498 | res=2.43e-01 | grad=1.18e+00 | 1.1s
[   946] loss=-11.0403 | res=2.40e-01 | grad=9.76e-01 | 1.1s
[   947] loss=-10.0914 | res=2.49e-01 | grad=1.10e+00 | 1.1s
[   948] loss=-10.4662 | res=2.40e-01 | grad=1.08e+00 | 1.1s
[   949] loss=-10.4614 | res=2.56e-01 | grad=7.94e-01 | 1.1s
[   950] loss=-10.0314 | res=2.53e-01 | grad=8.97e-01 | 1.1s
[   951] loss=-10.3753 | res=2.52e-01 | grad=7.33e-01 | 1.1s
[   952] loss=-10.0424 | res=2.47e-01 | grad=1.03e+00 | 1.1s
[   953] loss=-9.9458 | res=2.34e-01 | grad=8.66e-01 | 1.1s
[   954] loss=-10.3600 | res=2.53e-01 | grad=7.55e-01 | 1.1s
[   955] loss=-9.9690 | res=2.27e-01 | grad=8.01e-01 | 1.1s
[   956] loss=-10.2535 | res=2.37e-01 | grad=5.82e-01 | 1.1s
[   957] loss=-10.8930 | res=2.26e-01 | grad=1.16e+00 | 1.1s
[   958] loss=-10.0576 | res=2.50e-01 | grad=9.80e-01 | 1.1s
[   959] loss=-10.7353 | res=2.46e-01 | grad=6.84e-01 | 1.1s
[   960] loss=-10.7761 | res=2.29e-01 | grad=9.50e-01 | 1.1s
[   961] loss=-10.2076 | res=2.71e-01 | grad=7.95e-01 | 1.1s
[   962] loss=-10.5546 | res=2.38e-01 | grad=9.52e-01 | 1.1s
[   963] loss=-10.3937 | res=2.37e-01 | grad=6.92e-01 | 1.1s
[   964] loss=-10.7698 | res=2.43e-01 | grad=1.05e+00 | 1.1s
[   965] loss=-10.5884 | res=2.51e-01 | grad=1.37e+00 | 1.1s
[   966] loss=-10.5859 | res=2.25e-01 | grad=1.24e+00 | 1.1s
[   967] loss=-10.3925 | res=2.49e-01 | grad=4.96e-01 | 1.1s
[   968] loss=-10.3165 | res=2.45e-01 | grad=8.98e-01 | 1.1s
[   969] loss=-10.6252 | res=2.39e-01 | grad=1.01e+00 | 1.1s
[   970] loss=-10.1438 | res=2.40e-01 | grad=1.12e+00 | 1.1s
[   971] loss=-10.1863 | res=2.44e-01 | grad=7.68e-01 | 1.1s
[   972] loss=-10.3446 | res=2.32e-01 | grad=1.14e+00 | 1.1s
[   973] loss=-10.2519 | res=2.54e-01 | grad=9.08e-01 | 1.1s
[   974] loss=-10.2984 | res=2.30e-01 | grad=9.76e-01 | 1.1s
[   975] loss=-10.4557 | res=2.41e-01 | grad=1.01e+00 | 1.1s
[   976] loss=-10.4282 | res=2.42e-01 | grad=1.41e+00 | 1.1s
[   977] loss=-10.4361 | res=2.46e-01 | grad=1.04e+00 | 1.1s
[   978] loss=-10.4578 | res=2.42e-01 | grad=1.07e+00 | 1.1s
[   979] loss=-10.3322 | res=2.57e-01 | grad=9.68e-01 | 1.1s
[   980] loss=-10.2614 | res=2.37e-01 | grad=5.51e-01 | 1.1s
[   981] loss=-10.4524 | res=2.49e-01 | grad=1.47e+00 | 1.1s
[   982] loss=-9.9404 | res=2.45e-01 | grad=8.98e-01 | 1.1s
[   983] loss=-10.2872 | res=2.48e-01 | grad=1.22e+00 | 1.1s
[   984] loss=-10.3078 | res=2.37e-01 | grad=8.55e-01 | 1.1s
[   985] loss=-10.6982 | res=2.52e-01 | grad=7.56e-01 | 1.1s
[   986] loss=-10.2556 | res=2.30e-01 | grad=1.07e+00 | 1.1s
[   987] loss=-10.8297 | res=2.24e-01 | grad=6.93e-01 | 1.1s
[   988] loss=-9.9653 | res=2.28e-01 | grad=5.92e-01 | 1.1s
[   989] loss=-9.9101 | res=2.42e-01 | grad=9.92e-01 | 1.1s
[   990] loss=-10.2009 | res=2.31e-01 | grad=5.97e-01 | 1.1s
[   991] loss=-10.6153 | res=2.34e-01 | grad=8.54e-01 | 1.1s
[   992] loss=-10.7925 | res=2.25e-01 | grad=1.06e+00 | 1.1s
[   993] loss=-10.1000 | res=2.42e-01 | grad=1.19e+00 | 1.1s
[   994] loss=-10.4073 | res=2.25e-01 | grad=9.59e-01 | 1.1s
[   995] loss=-10.4206 | res=2.48e-01 | grad=9.08e-01 | 1.1s
[   996] loss=-10.2545 | res=2.41e-01 | grad=1.11e+00 | 1.1s
[   997] loss=-10.1547 | res=2.33e-01 | grad=7.09e-01 | 1.1s
[   998] loss=-10.3996 | res=2.53e-01 | grad=8.63e-01 | 1.1s
[   999] loss=-9.9391 | res=2.37e-01 | grad=1.26e+00 | 1.1s
[  1000] loss=-10.4013 | res=2.29e-01 | grad=8.15e-01 | 1.1s
E0122 17:07:37.483945 2624327 hlo_lexer.cc:443] Failed to parse int literal: 6713375497361993904905
  KL = 0.3119 +/- 0.0237  |  ESS = 396.4 (ratio: 0.387)
  Runtime = 1085.2s

[Ours] Training on T10...
/home/sjbhatt/anaconda3/envs/rcpms-jax/lib/python3.10/site-packages/jax/_src/ops/scatter.py:92: FutureWarning: scatter inputs have incompatible types: cannot safely cast value from dtype=int64 to dtype=int32 with jax_numpy_dtype_promotion='standard'. In future JAX releases this will result in an error.
  warnings.warn(
/home/sjbhatt/anaconda3/envs/rcpms-jax/lib/python3.10/site-packages/jax/_src/ops/scatter.py:92: FutureWarning: scatter inputs have incompatible types: cannot safely cast value from dtype=int64 to dtype=int32 with jax_numpy_dtype_promotion='standard'. In future JAX releases this will result in an error.
  warnings.warn(
[     1] loss=0.0133 | res=2.61e-03 | grad=7.70e+00 | 14.3s
[     2] loss=-0.1509 | res=3.26e-03 | grad=7.15e+00 | 1.1s
[     3] loss=-0.3242 | res=3.67e-03 | grad=7.53e+00 | 1.1s
[     4] loss=-0.4597 | res=4.92e-03 | grad=7.28e+00 | 1.1s
[     5] loss=-0.6783 | res=5.90e-03 | grad=8.68e+00 | 1.1s
[     6] loss=-0.8537 | res=6.69e-03 | grad=9.32e+00 | 1.1s
[     7] loss=-1.0206 | res=8.75e-03 | grad=9.98e+00 | 1.1s
[     8] loss=-1.1979 | res=1.12e-02 | grad=1.05e+01 | 1.1s
[     9] loss=-1.4014 | res=1.42e-02 | grad=1.11e+01 | 1.1s
[    10] loss=-1.6697 | res=1.69e-02 | grad=1.19e+01 | 1.1s
[    11] loss=-1.8910 | res=1.97e-02 | grad=1.21e+01 | 1.1s
[    12] loss=-2.1479 | res=1.92e-02 | grad=1.25e+01 | 1.1s
[    13] loss=-2.2463 | res=2.39e-02 | grad=1.14e+01 | 1.1s
[    14] loss=-2.5420 | res=2.71e-02 | grad=1.18e+01 | 1.1s
[    15] loss=-2.7890 | res=3.28e-02 | grad=1.10e+01 | 1.1s
[    16] loss=-3.0157 | res=3.81e-02 | grad=1.10e+01 | 1.1s
[    17] loss=-3.2233 | res=3.88e-02 | grad=1.03e+01 | 1.1s
[    18] loss=-3.6129 | res=4.28e-02 | grad=1.09e+01 | 1.0s
[    19] loss=-3.5984 | res=4.69e-02 | grad=1.01e+01 | 1.1s
[    20] loss=-3.7397 | res=4.36e-02 | grad=9.97e+00 | 1.1s
[    21] loss=-3.9921 | res=4.64e-02 | grad=1.00e+01 | 1.0s
[    22] loss=-4.5047 | res=5.84e-02 | grad=1.04e+01 | 1.1s
[    23] loss=-4.5338 | res=5.48e-02 | grad=1.00e+01 | 1.1s
[    24] loss=-4.5139 | res=5.61e-02 | grad=9.52e+00 | 1.1s
[    25] loss=-4.8077 | res=6.28e-02 | grad=9.68e+00 | 1.1s
[    26] loss=-4.9437 | res=6.65e-02 | grad=9.59e+00 | 1.1s
[    27] loss=-5.2725 | res=7.66e-02 | grad=9.73e+00 | 1.1s
[    28] loss=-5.8077 | res=8.41e-02 | grad=1.00e+01 | 1.1s
[    29] loss=-5.8471 | res=8.55e-02 | grad=9.80e+00 | 1.1s
[    30] loss=-5.8909 | res=8.23e-02 | grad=9.33e+00 | 1.1s
[    31] loss=-6.0430 | res=9.72e-02 | grad=9.22e+00 | 1.1s
[    32] loss=-6.3383 | res=1.06e-01 | grad=9.24e+00 | 1.0s
[    33] loss=-6.7145 | res=1.00e-01 | grad=9.31e+00 | 1.0s
[    34] loss=-6.8306 | res=1.09e-01 | grad=9.08e+00 | 1.0s
[    35] loss=-7.1001 | res=1.10e-01 | grad=8.91e+00 | 1.0s
[    36] loss=-7.0396 | res=1.23e-01 | grad=8.66e+00 | 1.0s
[    37] loss=-7.7176 | res=1.21e-01 | grad=8.95e+00 | 1.0s
[    38] loss=-7.7286 | res=1.29e-01 | grad=8.59e+00 | 1.0s
[    39] loss=-7.8692 | res=1.32e-01 | grad=8.40e+00 | 1.0s
[    40] loss=-8.1167 | res=1.56e-01 | grad=8.33e+00 | 1.0s
[    41] loss=-8.3028 | res=1.42e-01 | grad=8.07e+00 | 1.0s
[    42] loss=-8.8186 | res=1.51e-01 | grad=8.13e+00 | 1.0s
[    43] loss=-8.7450 | res=1.63e-01 | grad=7.90e+00 | 1.0s
[    44] loss=-8.7645 | res=1.68e-01 | grad=7.45e+00 | 1.0s
[    45] loss=-8.8307 | res=1.81e-01 | grad=7.31e+00 | 1.0s
[    46] loss=-9.3709 | res=1.87e-01 | grad=7.31e+00 | 1.0s
[    47] loss=-9.3465 | res=2.14e-01 | grad=6.70e+00 | 1.0s
[    48] loss=-9.3847 | res=1.90e-01 | grad=6.43e+00 | 1.0s
[    49] loss=-9.9074 | res=2.05e-01 | grad=6.37e+00 | 1.0s
[    50] loss=-10.0122 | res=2.15e-01 | grad=6.13e+00 | 1.0s
[    51] loss=-10.1155 | res=2.45e-01 | grad=5.95e+00 | 1.0s
[    52] loss=-10.0539 | res=2.51e-01 | grad=5.55e+00 | 1.0s
[    53] loss=-10.1562 | res=2.59e-01 | grad=5.21e+00 | 1.0s
[    54] loss=-10.3454 | res=2.47e-01 | grad=4.76e+00 | 1.0s
[    55] loss=-10.1993 | res=2.80e-01 | grad=4.71e+00 | 1.0s
[    56] loss=-10.7306 | res=3.03e-01 | grad=4.37e+00 | 1.0s
[    57] loss=-10.6058 | res=3.19e-01 | grad=3.91e+00 | 1.0s
[    58] loss=-10.6816 | res=2.94e-01 | grad=3.59e+00 | 1.0s
[    59] loss=-10.9294 | res=2.94e-01 | grad=3.45e+00 | 1.0s
[    60] loss=-11.1505 | res=3.22e-01 | grad=3.28e+00 | 1.0s
[    61] loss=-10.9134 | res=3.78e-01 | grad=2.76e+00 | 1.0s
[    62] loss=-10.7280 | res=3.71e-01 | grad=2.47e+00 | 1.0s
[    63] loss=-11.1479 | res=3.89e-01 | grad=2.23e+00 | 1.0s
[    64] loss=-11.6384 | res=3.94e-01 | grad=2.57e+00 | 1.0s
[    65] loss=-11.1691 | res=3.98e-01 | grad=1.89e+00 | 1.0s
[    66] loss=-11.2379 | res=4.08e-01 | grad=1.48e+00 | 1.0s
[    67] loss=-11.3166 | res=4.31e-01 | grad=1.76e+00 | 1.0s
[    68] loss=-10.9568 | res=3.89e-01 | grad=1.36e+00 | 1.0s
[    69] loss=-11.4188 | res=4.25e-01 | grad=1.54e+00 | 1.0s
[    70] loss=-11.3532 | res=4.27e-01 | grad=1.38e+00 | 1.0s
[    71] loss=-10.8157 | res=4.66e-01 | grad=8.43e-01 | 1.0s
[    72] loss=-11.4980 | res=4.70e-01 | grad=7.52e-01 | 1.0s
[    73] loss=-11.2723 | res=4.90e-01 | grad=1.16e+00 | 1.0s
[    74] loss=-11.6016 | res=4.72e-01 | grad=1.59e+00 | 1.0s
[    75] loss=-11.4576 | res=4.77e-01 | grad=1.11e+00 | 1.0s
[    76] loss=-11.0966 | res=5.00e-01 | grad=9.07e-01 | 1.0s
[    77] loss=-11.1177 | res=4.70e-01 | grad=1.55e+00 | 1.0s
[    78] loss=-11.6466 | res=4.45e-01 | grad=1.17e+00 | 1.0s
[    79] loss=-11.4949 | res=4.66e-01 | grad=1.35e+00 | 1.0s
[    80] loss=-11.1380 | res=4.73e-01 | grad=8.44e-01 | 1.0s
[    81] loss=-10.8660 | res=4.36e-01 | grad=1.27e+00 | 1.0s
[    82] loss=-11.3694 | res=4.64e-01 | grad=1.44e+00 | 1.0s
[    83] loss=-11.6685 | res=4.22e-01 | grad=1.34e+00 | 1.0s
[    84] loss=-11.6483 | res=4.76e-01 | grad=1.06e+00 | 1.0s
[    85] loss=-11.3728 | res=4.73e-01 | grad=9.51e-01 | 1.0s
[    86] loss=-11.5960 | res=5.04e-01 | grad=9.19e-01 | 1.0s
[    87] loss=-10.9948 | res=4.35e-01 | grad=1.62e+00 | 1.0s
[    88] loss=-11.5231 | res=4.57e-01 | grad=1.49e+00 | 1.0s
[    89] loss=-11.0268 | res=4.83e-01 | grad=1.25e+00 | 1.0s
[    90] loss=-11.2312 | res=4.32e-01 | grad=1.55e+00 | 1.0s
[    91] loss=-11.6269 | res=4.43e-01 | grad=1.15e+00 | 1.0s
[    92] loss=-11.6590 | res=3.93e-01 | grad=9.42e-01 | 1.0s
[    93] loss=-11.3030 | res=4.06e-01 | grad=9.04e-01 | 1.0s
[    94] loss=-11.5939 | res=4.21e-01 | grad=7.42e-01 | 1.0s
[    95] loss=-11.6367 | res=3.94e-01 | grad=1.13e+00 | 1.0s
[    96] loss=-11.1845 | res=4.40e-01 | grad=1.23e+00 | 1.0s
[    97] loss=-11.5115 | res=4.24e-01 | grad=9.48e-01 | 1.0s
[    98] loss=-11.4999 | res=4.22e-01 | grad=9.14e-01 | 1.0s
[    99] loss=-11.4032 | res=4.51e-01 | grad=7.71e-01 | 1.0s
[   100] loss=-11.7094 | res=4.69e-01 | grad=1.22e+00 | 1.0s
[   101] loss=-11.1833 | res=4.31e-01 | grad=9.08e-01 | 1.0s
[   102] loss=-11.8258 | res=4.36e-01 | grad=8.45e-01 | 1.0s
[   103] loss=-11.1165 | res=4.70e-01 | grad=8.54e-01 | 1.0s
[   104] loss=-10.9522 | res=4.69e-01 | grad=1.31e+00 | 1.0s
[   105] loss=-11.0582 | res=4.31e-01 | grad=1.38e+00 | 1.0s
[   106] loss=-11.5407 | res=4.16e-01 | grad=1.09e+00 | 1.0s
[   107] loss=-11.3794 | res=4.17e-01 | grad=1.16e+00 | 1.0s
[   108] loss=-11.5287 | res=4.03e-01 | grad=7.99e-01 | 1.0s
[   109] loss=-11.2814 | res=4.25e-01 | grad=8.13e-01 | 1.0s
[   110] loss=-11.6294 | res=4.55e-01 | grad=8.67e-01 | 1.0s
[   111] loss=-11.3475 | res=4.68e-01 | grad=4.74e-01 | 1.0s
[   112] loss=-11.7967 | res=4.43e-01 | grad=9.08e-01 | 1.0s
[   113] loss=-11.4451 | res=4.47e-01 | grad=7.83e-01 | 1.0s
[   114] loss=-11.8385 | res=4.65e-01 | grad=8.83e-01 | 1.0s
[   115] loss=-11.2571 | res=4.69e-01 | grad=7.38e-01 | 1.0s
[   116] loss=-12.0908 | res=4.66e-01 | grad=1.20e+00 | 1.0s
[   117] loss=-11.7390 | res=4.72e-01 | grad=8.97e-01 | 1.0s
[   118] loss=-11.6457 | res=4.58e-01 | grad=9.10e-01 | 1.0s
[   119] loss=-11.4939 | res=4.53e-01 | grad=7.11e-01 | 1.0s
[   120] loss=-11.4650 | res=4.55e-01 | grad=1.22e+00 | 1.0s
[   121] loss=-11.5582 | res=4.52e-01 | grad=8.53e-01 | 1.0s
[   122] loss=-11.4318 | res=4.59e-01 | grad=8.00e-01 | 1.0s
[   123] loss=-11.9715 | res=4.48e-01 | grad=8.67e-01 | 1.0s
[   124] loss=-11.0172 | res=4.71e-01 | grad=8.09e-01 | 1.0s
[   125] loss=-11.6010 | res=4.56e-01 | grad=1.03e+00 | 1.0s
[   126] loss=-11.6990 | res=4.64e-01 | grad=1.20e+00 | 1.0s
[   127] loss=-11.8139 | res=4.36e-01 | grad=8.11e-01 | 1.0s
[   128] loss=-11.4074 | res=4.71e-01 | grad=6.60e-01 | 1.0s
[   129] loss=-11.1319 | res=4.76e-01 | grad=8.41e-01 | 1.0s
[   130] loss=-11.9271 | res=4.83e-01 | grad=1.07e+00 | 1.0s
[   131] loss=-11.6680 | res=4.45e-01 | grad=9.54e-01 | 1.0s
[   132] loss=-11.6101 | res=4.51e-01 | grad=9.80e-01 | 1.0s
[   133] loss=-11.9177 | res=4.80e-01 | grad=9.36e-01 | 1.0s
[   134] loss=-11.1226 | res=4.71e-01 | grad=9.45e-01 | 1.0s
[   135] loss=-11.6271 | res=4.52e-01 | grad=7.17e-01 | 1.0s
[   136] loss=-11.0138 | res=4.58e-01 | grad=1.30e+00 | 1.0s
[   137] loss=-11.2241 | res=4.26e-01 | grad=1.77e+00 | 1.0s
[   138] loss=-11.3404 | res=4.44e-01 | grad=8.83e-01 | 1.0s
[   139] loss=-11.6653 | res=4.18e-01 | grad=1.23e+00 | 1.0s
[   140] loss=-11.2419 | res=4.51e-01 | grad=9.44e-01 | 1.0s
[   141] loss=-11.5194 | res=4.33e-01 | grad=1.40e+00 | 1.0s
[   142] loss=-11.0901 | res=4.73e-01 | grad=1.13e+00 | 1.0s
[   143] loss=-11.4673 | res=4.31e-01 | grad=1.23e+00 | 1.0s
[   144] loss=-11.7689 | res=4.61e-01 | grad=1.09e+00 | 1.0s
[   145] loss=-11.4185 | res=4.76e-01 | grad=1.16e+00 | 1.0s
[   146] loss=-11.8690 | res=4.36e-01 | grad=6.60e-01 | 1.0s
[   147] loss=-11.7969 | res=4.39e-01 | grad=7.80e-01 | 1.0s
[   148] loss=-11.7974 | res=4.66e-01 | grad=1.52e+00 | 1.0s
[   149] loss=-11.6483 | res=4.87e-01 | grad=1.38e+00 | 1.0s
[   150] loss=-11.6822 | res=4.59e-01 | grad=9.15e-01 | 1.0s
[   151] loss=-11.3588 | res=4.85e-01 | grad=8.02e-01 | 1.0s
[   152] loss=-11.5756 | res=4.45e-01 | grad=9.14e-01 | 1.0s
[   153] loss=-10.9853 | res=4.48e-01 | grad=1.30e+00 | 1.0s
[   154] loss=-11.5393 | res=4.35e-01 | grad=1.60e+00 | 1.0s
[   155] loss=-11.4029 | res=4.17e-01 | grad=1.22e+00 | 1.0s
[   156] loss=-11.1431 | res=4.48e-01 | grad=6.13e-01 | 1.0s
[   157] loss=-11.5642 | res=4.18e-01 | grad=1.13e+00 | 1.0s
[   158] loss=-11.3688 | res=4.66e-01 | grad=9.51e-01 | 1.0s
[   159] loss=-10.9627 | res=4.29e-01 | grad=1.26e+00 | 1.0s
[   160] loss=-11.5983 | res=4.77e-01 | grad=1.62e+00 | 1.0s
[   161] loss=-11.4688 | res=4.59e-01 | grad=1.28e+00 | 1.0s
[   162] loss=-11.9611 | res=4.45e-01 | grad=1.20e+00 | 1.0s
[   163] loss=-11.9942 | res=4.58e-01 | grad=1.07e+00 | 1.0s
[   164] loss=-11.2421 | res=4.56e-01 | grad=1.27e+00 | 1.0s
[   165] loss=-11.5590 | res=4.46e-01 | grad=1.42e+00 | 1.0s
[   166] loss=-11.5592 | res=4.37e-01 | grad=1.14e+00 | 1.0s
[   167] loss=-11.1329 | res=4.48e-01 | grad=8.42e-01 | 1.0s
[   168] loss=-11.2707 | res=4.97e-01 | grad=1.14e+00 | 1.0s
[   169] loss=-11.5113 | res=4.40e-01 | grad=5.73e-01 | 1.0s
[   170] loss=-11.6948 | res=4.42e-01 | grad=7.61e-01 | 1.0s
[   171] loss=-11.5575 | res=4.54e-01 | grad=1.20e+00 | 1.0s
[   172] loss=-11.3924 | res=4.72e-01 | grad=1.03e+00 | 1.0s
[   173] loss=-11.7789 | res=4.37e-01 | grad=1.05e+00 | 1.0s
[   174] loss=-11.7830 | res=4.26e-01 | grad=1.08e+00 | 1.0s
[   175] loss=-11.6689 | res=4.29e-01 | grad=5.74e-01 | 1.0s
[   176] loss=-11.9255 | res=4.14e-01 | grad=7.30e-01 | 1.0s
[   177] loss=-11.3374 | res=4.33e-01 | grad=7.88e-01 | 1.0s
[   178] loss=-11.3076 | res=4.32e-01 | grad=9.40e-01 | 1.0s
[   179] loss=-11.7355 | res=4.25e-01 | grad=9.97e-01 | 1.0s
[   180] loss=-11.6628 | res=4.33e-01 | grad=1.10e+00 | 1.0s
[   181] loss=-11.7493 | res=4.33e-01 | grad=1.14e+00 | 1.0s
[   182] loss=-11.4780 | res=4.24e-01 | grad=9.62e-01 | 1.0s
[   183] loss=-11.8485 | res=4.38e-01 | grad=1.11e+00 | 1.0s
[   184] loss=-11.4880 | res=4.51e-01 | grad=8.52e-01 | 1.0s
[   185] loss=-11.4971 | res=4.37e-01 | grad=8.77e-01 | 1.0s
[   186] loss=-11.5665 | res=4.41e-01 | grad=1.33e+00 | 1.0s
[   187] loss=-10.7390 | res=4.42e-01 | grad=1.60e+00 | 1.0s
[   188] loss=-11.8050 | res=4.27e-01 | grad=8.59e-01 | 1.0s
[   189] loss=-11.5236 | res=4.60e-01 | grad=9.29e-01 | 1.0s
[   190] loss=-11.0054 | res=4.34e-01 | grad=1.55e+00 | 1.1s
[   191] loss=-11.0602 | res=4.38e-01 | grad=1.01e+00 | 1.1s
[   192] loss=-11.4453 | res=4.22e-01 | grad=1.18e+00 | 1.1s
[   193] loss=-11.3348 | res=4.33e-01 | grad=1.16e+00 | 1.0s
[   194] loss=-11.1857 | res=4.31e-01 | grad=1.21e+00 | 1.0s
[   195] loss=-11.3682 | res=3.98e-01 | grad=1.26e+00 | 1.0s
[   196] loss=-11.8801 | res=3.93e-01 | grad=1.24e+00 | 1.0s
[   197] loss=-11.0821 | res=4.38e-01 | grad=1.40e+00 | 1.0s
[   198] loss=-11.3776 | res=4.31e-01 | grad=1.06e+00 | 1.0s
[   199] loss=-11.4169 | res=4.36e-01 | grad=1.04e+00 | 1.0s
[   200] loss=-11.6074 | res=4.15e-01 | grad=1.36e+00 | 1.0s
[   201] loss=-11.7123 | res=4.18e-01 | grad=9.16e-01 | 1.0s
[   202] loss=-11.5669 | res=4.07e-01 | grad=1.07e+00 | 1.0s
[   203] loss=-11.5784 | res=4.52e-01 | grad=1.53e+00 | 1.0s
[   204] loss=-11.5121 | res=4.03e-01 | grad=1.28e+00 | 1.0s
[   205] loss=-11.2934 | res=4.19e-01 | grad=8.02e-01 | 1.0s
[   206] loss=-11.6934 | res=4.22e-01 | grad=1.22e+00 | 1.0s
[   207] loss=-11.6409 | res=3.95e-01 | grad=1.15e+00 | 1.0s
[   208] loss=-11.4583 | res=4.08e-01 | grad=1.05e+00 | 1.0s
[   209] loss=-11.7278 | res=4.22e-01 | grad=9.25e-01 | 1.0s
[   210] loss=-11.3453 | res=4.41e-01 | grad=1.18e+00 | 1.0s
[   211] loss=-11.6161 | res=4.25e-01 | grad=1.00e+00 | 1.0s
[   212] loss=-11.4712 | res=3.91e-01 | grad=8.73e-01 | 1.0s
[   213] loss=-11.3054 | res=3.81e-01 | grad=1.25e+00 | 1.0s
[   214] loss=-11.8269 | res=4.28e-01 | grad=9.49e-01 | 1.0s
[   215] loss=-11.3868 | res=4.26e-01 | grad=8.01e-01 | 1.0s
[   216] loss=-11.3429 | res=4.30e-01 | grad=8.57e-01 | 1.0s
[   217] loss=-11.3225 | res=4.07e-01 | grad=8.64e-01 | 1.0s
[   218] loss=-11.3188 | res=4.00e-01 | grad=1.14e+00 | 1.0s
[   219] loss=-11.0726 | res=3.99e-01 | grad=8.61e-01 | 1.0s
[   220] loss=-11.4872 | res=4.10e-01 | grad=1.04e+00 | 1.0s
[   221] loss=-11.6730 | res=4.39e-01 | grad=1.10e+00 | 1.0s
[   222] loss=-11.5664 | res=3.93e-01 | grad=6.87e-01 | 1.0s
[   223] loss=-11.6432 | res=4.26e-01 | grad=8.50e-01 | 1.0s
[   224] loss=-11.4451 | res=4.18e-01 | grad=1.40e+00 | 1.0s
[   225] loss=-11.3364 | res=4.41e-01 | grad=9.89e-01 | 1.0s
[   226] loss=-11.8003 | res=4.44e-01 | grad=1.42e+00 | 1.0s
[   227] loss=-11.8419 | res=4.05e-01 | grad=8.12e-01 | 1.0s
[   228] loss=-11.4377 | res=4.07e-01 | grad=1.12e+00 | 1.0s
[   229] loss=-11.4936 | res=4.33e-01 | grad=1.15e+00 | 1.0s
[   230] loss=-11.3479 | res=3.91e-01 | grad=1.03e+00 | 1.0s
[   231] loss=-11.3623 | res=4.03e-01 | grad=1.44e+00 | 1.0s
[   232] loss=-11.2305 | res=4.47e-01 | grad=1.07e+00 | 1.0s
[   233] loss=-11.7335 | res=4.25e-01 | grad=1.56e+00 | 1.0s
[   234] loss=-11.3497 | res=3.83e-01 | grad=1.01e+00 | 1.0s
[   235] loss=-11.3213 | res=4.35e-01 | grad=9.09e-01 | 1.0s
[   236] loss=-11.4849 | res=4.48e-01 | grad=1.46e+00 | 1.0s
[   237] loss=-11.3111 | res=3.89e-01 | grad=1.32e+00 | 1.0s
[   238] loss=-11.2420 | res=3.99e-01 | grad=1.67e+00 | 1.0s
[   239] loss=-11.3311 | res=4.03e-01 | grad=8.63e-01 | 1.0s
[   240] loss=-11.0407 | res=3.99e-01 | grad=1.06e+00 | 1.0s
[   241] loss=-10.7967 | res=4.24e-01 | grad=1.19e+00 | 1.0s
[   242] loss=-11.7899 | res=3.81e-01 | grad=7.69e-01 | 1.0s
[   243] loss=-11.7181 | res=4.05e-01 | grad=1.12e+00 | 1.0s
[   244] loss=-11.1289 | res=4.15e-01 | grad=1.02e+00 | 1.0s
[   245] loss=-11.2384 | res=3.97e-01 | grad=7.38e-01 | 1.0s
[   246] loss=-11.6571 | res=4.12e-01 | grad=9.50e-01 | 1.0s
[   247] loss=-11.1937 | res=4.24e-01 | grad=8.59e-01 | 1.0s
[   248] loss=-11.2684 | res=3.96e-01 | grad=1.36e+00 | 1.0s
[   249] loss=-11.5496 | res=4.57e-01 | grad=1.45e+00 | 1.0s
[   250] loss=-11.4338 | res=4.11e-01 | grad=7.47e-01 | 1.0s
[   251] loss=-11.2943 | res=4.05e-01 | grad=8.79e-01 | 1.0s
[   252] loss=-11.0533 | res=4.12e-01 | grad=1.19e+00 | 1.0s
[   253] loss=-11.6851 | res=4.28e-01 | grad=1.34e+00 | 1.0s
[   254] loss=-11.3958 | res=4.03e-01 | grad=1.32e+00 | 1.0s
[   255] loss=-11.4906 | res=4.24e-01 | grad=1.09e+00 | 1.0s
[   256] loss=-11.4886 | res=4.00e-01 | grad=9.56e-01 | 1.0s
[   257] loss=-11.2740 | res=4.14e-01 | grad=9.48e-01 | 1.0s
[   258] loss=-11.2476 | res=4.02e-01 | grad=1.34e+00 | 1.0s
[   259] loss=-11.5641 | res=3.94e-01 | grad=1.31e+00 | 1.0s
[   260] loss=-11.4868 | res=3.93e-01 | grad=1.06e+00 | 1.0s
[   261] loss=-12.0298 | res=4.06e-01 | grad=8.41e-01 | 1.0s
[   262] loss=-11.4350 | res=4.01e-01 | grad=7.51e-01 | 1.0s
[   263] loss=-11.7793 | res=4.13e-01 | grad=9.24e-01 | 1.0s
[   264] loss=-11.4950 | res=3.92e-01 | grad=1.23e+00 | 1.0s
[   265] loss=-11.2423 | res=4.09e-01 | grad=9.04e-01 | 1.0s
[   266] loss=-10.8683 | res=3.93e-01 | grad=1.20e+00 | 1.0s
[   267] loss=-11.3858 | res=3.95e-01 | grad=1.36e+00 | 1.0s
[   268] loss=-11.0781 | res=4.19e-01 | grad=1.12e+00 | 1.0s
[   269] loss=-11.7874 | res=3.87e-01 | grad=1.31e+00 | 1.0s
[   270] loss=-11.8838 | res=4.07e-01 | grad=1.31e+00 | 1.0s
[   271] loss=-11.4014 | res=4.12e-01 | grad=1.27e+00 | 1.0s
[   272] loss=-11.3328 | res=3.99e-01 | grad=1.08e+00 | 1.0s
[   273] loss=-11.6880 | res=3.78e-01 | grad=1.15e+00 | 1.0s
[   274] loss=-11.4308 | res=4.21e-01 | grad=9.08e-01 | 1.0s
[   275] loss=-11.5815 | res=4.06e-01 | grad=1.16e+00 | 1.0s
[   276] loss=-11.3580 | res=4.05e-01 | grad=1.24e+00 | 1.0s
[   277] loss=-11.2227 | res=4.00e-01 | grad=1.24e+00 | 1.0s
[   278] loss=-11.5064 | res=3.75e-01 | grad=1.72e+00 | 1.0s
[   279] loss=-11.4380 | res=3.89e-01 | grad=1.35e+00 | 1.0s
[   280] loss=-11.7953 | res=3.87e-01 | grad=1.31e+00 | 1.0s
[   281] loss=-11.6160 | res=3.72e-01 | grad=1.07e+00 | 1.0s
[   282] loss=-11.4780 | res=3.63e-01 | grad=9.49e-01 | 1.0s
[   283] loss=-11.7799 | res=3.83e-01 | grad=1.13e+00 | 1.0s
[   284] loss=-11.5469 | res=4.05e-01 | grad=1.02e+00 | 1.0s
[   285] loss=-11.1189 | res=3.93e-01 | grad=1.63e+00 | 1.0s
[   286] loss=-11.6892 | res=3.96e-01 | grad=9.67e-01 | 1.0s
[   287] loss=-10.9693 | res=3.97e-01 | grad=1.00e+00 | 1.0s
[   288] loss=-11.5358 | res=4.35e-01 | grad=1.13e+00 | 1.0s
[   289] loss=-11.5252 | res=4.19e-01 | grad=1.04e+00 | 1.0s
[   290] loss=-11.3536 | res=3.96e-01 | grad=1.06e+00 | 1.0s
[   291] loss=-11.0151 | res=4.28e-01 | grad=1.04e+00 | 1.0s
[   292] loss=-11.2343 | res=3.95e-01 | grad=8.93e-01 | 1.0s
[   293] loss=-11.5920 | res=3.70e-01 | grad=1.20e+00 | 1.0s
[   294] loss=-11.4134 | res=3.94e-01 | grad=7.15e-01 | 1.0s
[   295] loss=-11.6268 | res=3.74e-01 | grad=1.16e+00 | 1.0s
[   296] loss=-11.5510 | res=3.88e-01 | grad=8.58e-01 | 1.0s
[   297] loss=-11.8015 | res=3.99e-01 | grad=1.35e+00 | 1.0s
[   298] loss=-11.0750 | res=3.74e-01 | grad=9.55e-01 | 1.0s
[   299] loss=-11.4854 | res=3.95e-01 | grad=1.04e+00 | 1.0s
[   300] loss=-11.6115 | res=3.57e-01 | grad=8.43e-01 | 1.0s
[   301] loss=-11.4271 | res=4.17e-01 | grad=9.58e-01 | 1.0s
[   302] loss=-11.4469 | res=4.10e-01 | grad=8.25e-01 | 1.0s
[   303] loss=-11.2658 | res=3.77e-01 | grad=1.14e+00 | 1.0s
[   304] loss=-11.5095 | res=3.89e-01 | grad=1.09e+00 | 1.0s
[   305] loss=-12.1370 | res=3.99e-01 | grad=1.43e+00 | 1.0s
[   306] loss=-11.5825 | res=3.83e-01 | grad=9.15e-01 | 1.0s
[   307] loss=-11.3489 | res=3.86e-01 | grad=8.81e-01 | 1.0s
[   308] loss=-11.3386 | res=3.96e-01 | grad=1.30e+00 | 1.0s
[   309] loss=-11.7560 | res=3.94e-01 | grad=1.26e+00 | 1.0s
[   310] loss=-11.8055 | res=4.06e-01 | grad=1.30e+00 | 1.0s
[   311] loss=-11.0139 | res=4.16e-01 | grad=9.90e-01 | 1.0s
[   312] loss=-12.1143 | res=4.08e-01 | grad=1.07e+00 | 1.0s
[   313] loss=-11.9174 | res=3.48e-01 | grad=1.47e+00 | 1.0s
[   314] loss=-11.7582 | res=3.60e-01 | grad=1.61e+00 | 1.0s
[   315] loss=-11.3790 | res=3.77e-01 | grad=8.23e-01 | 1.0s
[   316] loss=-11.8628 | res=3.61e-01 | grad=1.30e+00 | 1.0s
[   317] loss=-11.7368 | res=4.02e-01 | grad=1.44e+00 | 1.0s
[   318] loss=-11.4880 | res=3.95e-01 | grad=1.43e+00 | 1.0s
[   319] loss=-11.3298 | res=3.92e-01 | grad=1.45e+00 | 1.0s
[   320] loss=-11.6443 | res=4.24e-01 | grad=1.34e+00 | 1.0s
[   321] loss=-11.5647 | res=4.07e-01 | grad=1.38e+00 | 1.0s
[   322] loss=-11.8278 | res=4.06e-01 | grad=1.06e+00 | 1.0s
[   323] loss=-11.2053 | res=3.74e-01 | grad=9.68e-01 | 1.0s
[   324] loss=-11.6613 | res=3.92e-01 | grad=8.73e-01 | 1.0s
[   325] loss=-11.2602 | res=3.84e-01 | grad=1.43e+00 | 1.0s
[   326] loss=-11.8153 | res=3.83e-01 | grad=1.17e+00 | 1.0s
[   327] loss=-11.7284 | res=3.66e-01 | grad=1.19e+00 | 1.0s
[   328] loss=-11.8421 | res=3.85e-01 | grad=9.74e-01 | 1.0s
[   329] loss=-11.3664 | res=3.57e-01 | grad=1.34e+00 | 1.0s
[   330] loss=-10.9908 | res=3.78e-01 | grad=9.53e-01 | 1.0s
[   331] loss=-11.4177 | res=3.94e-01 | grad=1.25e+00 | 1.0s
[   332] loss=-11.3468 | res=3.86e-01 | grad=1.27e+00 | 1.0s
[   333] loss=-11.5809 | res=3.79e-01 | grad=1.31e+00 | 1.0s
[   334] loss=-12.0090 | res=3.89e-01 | grad=1.01e+00 | 1.0s
[   335] loss=-11.6620 | res=3.81e-01 | grad=1.21e+00 | 1.0s
[   336] loss=-11.5696 | res=3.89e-01 | grad=8.99e-01 | 1.0s
[   337] loss=-11.5535 | res=3.66e-01 | grad=1.11e+00 | 1.0s
[   338] loss=-11.5542 | res=3.65e-01 | grad=1.01e+00 | 1.0s
[   339] loss=-11.5956 | res=3.64e-01 | grad=7.98e-01 | 1.0s
[   340] loss=-11.7495 | res=3.88e-01 | grad=1.15e+00 | 1.0s
[   341] loss=-11.8482 | res=3.85e-01 | grad=8.92e-01 | 1.0s
[   342] loss=-10.9835 | res=3.86e-01 | grad=1.18e+00 | 1.0s
[   343] loss=-11.3941 | res=3.98e-01 | grad=7.98e-01 | 1.0s
[   344] loss=-11.7093 | res=3.83e-01 | grad=9.35e-01 | 1.0s
[   345] loss=-11.6376 | res=3.64e-01 | grad=1.38e+00 | 1.0s
[   346] loss=-11.4588 | res=3.97e-01 | grad=8.52e-01 | 1.0s
[   347] loss=-10.9809 | res=3.86e-01 | grad=8.11e-01 | 1.0s
[   348] loss=-11.8414 | res=3.71e-01 | grad=1.61e+00 | 1.0s
[   349] loss=-11.7288 | res=3.96e-01 | grad=8.63e-01 | 1.0s
[   350] loss=-11.2622 | res=3.72e-01 | grad=1.29e+00 | 1.0s
[   351] loss=-11.5429 | res=4.06e-01 | grad=1.16e+00 | 1.0s
[   352] loss=-11.2411 | res=3.81e-01 | grad=1.10e+00 | 1.0s
[   353] loss=-12.0890 | res=3.90e-01 | grad=1.00e+00 | 1.0s
[   354] loss=-11.7921 | res=3.70e-01 | grad=1.22e+00 | 1.0s
[   355] loss=-11.6144 | res=3.80e-01 | grad=8.67e-01 | 1.0s
[   356] loss=-11.6532 | res=3.89e-01 | grad=1.47e+00 | 1.0s
[   357] loss=-11.3993 | res=3.76e-01 | grad=1.13e+00 | 1.0s
[   358] loss=-11.3644 | res=3.57e-01 | grad=8.50e-01 | 1.0s
[   359] loss=-11.6463 | res=3.69e-01 | grad=1.40e+00 | 1.0s
[   360] loss=-11.4799 | res=4.07e-01 | grad=8.57e-01 | 1.0s
[   361] loss=-11.8946 | res=3.92e-01 | grad=1.09e+00 | 1.0s
[   362] loss=-11.4367 | res=4.17e-01 | grad=1.07e+00 | 1.0s
[   363] loss=-11.5399 | res=3.86e-01 | grad=1.64e+00 | 1.0s
[   364] loss=-11.6605 | res=3.78e-01 | grad=1.20e+00 | 1.0s
[   365] loss=-11.6079 | res=3.88e-01 | grad=1.28e+00 | 1.0s
[   366] loss=-11.6670 | res=3.80e-01 | grad=9.97e-01 | 1.0s
[   367] loss=-11.2499 | res=4.06e-01 | grad=1.05e+00 | 1.0s
[   368] loss=-11.6309 | res=4.14e-01 | grad=1.50e+00 | 1.0s
[   369] loss=-11.5452 | res=4.03e-01 | grad=1.51e+00 | 1.0s
[   370] loss=-11.1594 | res=3.96e-01 | grad=1.30e+00 | 1.0s
[   371] loss=-11.6015 | res=3.82e-01 | grad=1.18e+00 | 1.0s
[   372] loss=-11.5498 | res=3.55e-01 | grad=6.21e-01 | 1.0s
[   373] loss=-11.7855 | res=3.57e-01 | grad=8.49e-01 | 1.0s
[   374] loss=-11.5591 | res=3.76e-01 | grad=9.75e-01 | 1.0s
[   375] loss=-11.1815 | res=3.44e-01 | grad=5.63e-01 | 1.0s
[   376] loss=-11.7179 | res=3.74e-01 | grad=1.39e+00 | 1.0s
[   377] loss=-11.8534 | res=3.86e-01 | grad=9.49e-01 | 1.0s
[   378] loss=-11.3492 | res=3.84e-01 | grad=1.46e+00 | 1.0s
[   379] loss=-11.2136 | res=3.72e-01 | grad=1.65e+00 | 1.0s
[   380] loss=-11.6473 | res=3.89e-01 | grad=1.06e+00 | 1.0s
[   381] loss=-11.2230 | res=3.93e-01 | grad=1.08e+00 | 1.0s
[   382] loss=-11.5951 | res=3.87e-01 | grad=1.46e+00 | 1.0s
[   383] loss=-11.4256 | res=3.71e-01 | grad=1.26e+00 | 1.0s
[   384] loss=-11.3460 | res=3.45e-01 | grad=1.29e+00 | 1.0s
[   385] loss=-11.8524 | res=3.45e-01 | grad=1.31e+00 | 1.0s
[   386] loss=-11.7630 | res=3.67e-01 | grad=6.74e-01 | 1.0s
[   387] loss=-10.9254 | res=3.73e-01 | grad=9.56e-01 | 1.0s
[   388] loss=-10.9654 | res=3.67e-01 | grad=1.28e+00 | 1.0s
[   389] loss=-11.3133 | res=3.61e-01 | grad=1.30e+00 | 1.0s
[   390] loss=-12.1083 | res=3.80e-01 | grad=9.53e-01 | 1.0s
[   391] loss=-12.2442 | res=3.82e-01 | grad=1.25e+00 | 1.0s
[   392] loss=-11.5799 | res=3.85e-01 | grad=7.25e-01 | 1.0s
[   393] loss=-11.3391 | res=3.56e-01 | grad=1.02e+00 | 1.0s
[   394] loss=-11.4623 | res=3.89e-01 | grad=1.30e+00 | 1.0s
[   395] loss=-11.5126 | res=3.83e-01 | grad=1.12e+00 | 1.0s
[   396] loss=-11.6948 | res=3.78e-01 | grad=8.32e-01 | 1.0s
[   397] loss=-11.3341 | res=3.81e-01 | grad=9.99e-01 | 1.0s
[   398] loss=-11.5256 | res=3.73e-01 | grad=1.18e+00 | 1.0s
[   399] loss=-11.2052 | res=3.56e-01 | grad=1.13e+00 | 1.0s
[   400] loss=-12.0475 | res=3.76e-01 | grad=1.30e+00 | 1.0s
[   401] loss=-11.7019 | res=3.75e-01 | grad=8.76e-01 | 1.0s
[   402] loss=-11.4129 | res=3.61e-01 | grad=9.05e-01 | 1.0s
[   403] loss=-11.5862 | res=3.69e-01 | grad=6.33e-01 | 1.0s
[   404] loss=-11.5125 | res=3.59e-01 | grad=1.23e+00 | 1.0s
[   405] loss=-11.6169 | res=3.45e-01 | grad=1.40e+00 | 1.0s
[   406] loss=-11.6986 | res=3.67e-01 | grad=1.22e+00 | 1.0s
[   407] loss=-11.8600 | res=3.68e-01 | grad=9.37e-01 | 1.0s
[   408] loss=-11.3502 | res=3.87e-01 | grad=9.94e-01 | 1.0s
[   409] loss=-11.5573 | res=3.60e-01 | grad=7.39e-01 | 1.0s
[   410] loss=-11.2800 | res=3.62e-01 | grad=7.74e-01 | 1.0s
[   411] loss=-11.1454 | res=3.43e-01 | grad=1.11e+00 | 1.0s
[   412] loss=-11.1088 | res=3.62e-01 | grad=1.35e+00 | 1.0s
[   413] loss=-11.7637 | res=3.73e-01 | grad=6.31e-01 | 1.0s
[   414] loss=-11.7185 | res=3.51e-01 | grad=7.63e-01 | 1.0s
[   415] loss=-11.3410 | res=4.03e-01 | grad=1.09e+00 | 1.0s
[   416] loss=-11.2808 | res=3.91e-01 | grad=1.12e+00 | 1.0s
[   417] loss=-11.6689 | res=3.84e-01 | grad=1.11e+00 | 1.0s
[   418] loss=-11.9235 | res=3.89e-01 | grad=1.14e+00 | 1.0s
[   419] loss=-11.2501 | res=3.70e-01 | grad=9.29e-01 | 1.0s
[   420] loss=-11.7492 | res=3.57e-01 | grad=8.56e-01 | 1.0s
[   421] loss=-11.5123 | res=3.43e-01 | grad=5.71e-01 | 1.0s
[   422] loss=-11.0626 | res=3.48e-01 | grad=9.36e-01 | 1.0s
[   423] loss=-11.7391 | res=3.57e-01 | grad=7.34e-01 | 1.0s
[   424] loss=-11.1685 | res=3.21e-01 | grad=8.78e-01 | 1.0s
[   425] loss=-11.2075 | res=3.60e-01 | grad=1.11e+00 | 1.0s
[   426] loss=-11.1955 | res=3.57e-01 | grad=5.50e-01 | 1.0s
[   427] loss=-10.9880 | res=3.57e-01 | grad=9.47e-01 | 1.0s
[   428] loss=-11.2243 | res=3.89e-01 | grad=8.47e-01 | 1.0s
[   429] loss=-12.1306 | res=3.62e-01 | grad=6.32e-01 | 1.0s
[   430] loss=-11.4903 | res=3.56e-01 | grad=9.13e-01 | 1.0s
[   431] loss=-11.5000 | res=3.69e-01 | grad=8.84e-01 | 1.0s
[   432] loss=-11.5434 | res=3.46e-01 | grad=8.53e-01 | 1.0s
[   433] loss=-11.6695 | res=3.71e-01 | grad=1.04e+00 | 1.0s
[   434] loss=-11.6999 | res=3.56e-01 | grad=9.37e-01 | 1.0s
[   435] loss=-11.3149 | res=3.69e-01 | grad=8.49e-01 | 1.0s
[   436] loss=-11.1823 | res=3.47e-01 | grad=6.08e-01 | 1.0s
[   437] loss=-11.8071 | res=3.53e-01 | grad=6.54e-01 | 1.0s
[   438] loss=-11.7621 | res=3.57e-01 | grad=1.04e+00 | 1.0s
[   439] loss=-11.3788 | res=3.69e-01 | grad=1.20e+00 | 1.0s
[   440] loss=-11.8458 | res=3.60e-01 | grad=8.94e-01 | 1.0s
[   441] loss=-11.7746 | res=3.49e-01 | grad=8.98e-01 | 1.0s
[   442] loss=-11.6363 | res=3.87e-01 | grad=9.44e-01 | 1.0s
[   443] loss=-11.8768 | res=3.54e-01 | grad=1.09e+00 | 1.0s
[   444] loss=-11.5543 | res=3.35e-01 | grad=1.08e+00 | 1.0s
[   445] loss=-12.1125 | res=3.81e-01 | grad=1.11e+00 | 1.0s
[   446] loss=-11.3030 | res=3.47e-01 | grad=7.06e-01 | 1.0s
[   447] loss=-11.5296 | res=3.46e-01 | grad=9.78e-01 | 1.0s
[   448] loss=-11.6111 | res=3.34e-01 | grad=8.17e-01 | 1.0s
[   449] loss=-11.4206 | res=3.81e-01 | grad=1.20e+00 | 1.0s
[   450] loss=-11.3999 | res=3.72e-01 | grad=1.14e+00 | 1.0s
[   451] loss=-11.4335 | res=3.44e-01 | grad=1.19e+00 | 1.0s
[   452] loss=-10.7899 | res=3.57e-01 | grad=7.54e-01 | 1.0s
[   453] loss=-11.1958 | res=3.72e-01 | grad=1.27e+00 | 1.0s
[   454] loss=-11.7147 | res=3.79e-01 | grad=1.34e+00 | 1.0s
[   455] loss=-11.2960 | res=3.47e-01 | grad=1.16e+00 | 1.0s
[   456] loss=-11.8150 | res=3.42e-01 | grad=1.27e+00 | 1.0s
[   457] loss=-11.5133 | res=3.39e-01 | grad=1.03e+00 | 1.0s
[   458] loss=-11.8677 | res=3.40e-01 | grad=1.33e+00 | 1.0s
[   459] loss=-11.7478 | res=3.45e-01 | grad=1.15e+00 | 1.0s
[   460] loss=-12.1775 | res=3.45e-01 | grad=9.48e-01 | 1.0s
[   461] loss=-11.1462 | res=3.38e-01 | grad=9.31e-01 | 1.0s
[   462] loss=-11.4360 | res=3.48e-01 | grad=4.69e-01 | 1.0s
[   463] loss=-11.2714 | res=3.77e-01 | grad=1.13e+00 | 1.0s
[   464] loss=-11.3893 | res=3.73e-01 | grad=9.93e-01 | 1.0s
[   465] loss=-10.9826 | res=3.39e-01 | grad=1.58e+00 | 1.0s
[   466] loss=-11.4813 | res=3.86e-01 | grad=1.32e+00 | 1.0s
[   467] loss=-11.6383 | res=3.69e-01 | grad=7.91e-01 | 1.0s
[   468] loss=-12.1212 | res=3.60e-01 | grad=7.88e-01 | 1.0s
[   469] loss=-12.1719 | res=3.89e-01 | grad=1.01e+00 | 1.0s
[   470] loss=-11.2196 | res=3.49e-01 | grad=7.70e-01 | 1.0s
[   471] loss=-11.4738 | res=3.58e-01 | grad=1.06e+00 | 1.0s
[   472] loss=-11.3930 | res=3.37e-01 | grad=1.39e+00 | 1.0s
[   473] loss=-11.8563 | res=3.72e-01 | grad=7.26e-01 | 1.0s
[   474] loss=-11.4006 | res=3.63e-01 | grad=9.33e-01 | 1.0s
[   475] loss=-11.5760 | res=3.26e-01 | grad=8.83e-01 | 1.0s
[   476] loss=-11.5588 | res=3.69e-01 | grad=1.28e+00 | 1.0s
[   477] loss=-11.5136 | res=3.70e-01 | grad=1.15e+00 | 1.0s
[   478] loss=-11.4110 | res=3.54e-01 | grad=9.49e-01 | 1.0s
[   479] loss=-11.8348 | res=3.80e-01 | grad=1.15e+00 | 1.0s
[   480] loss=-11.4429 | res=3.58e-01 | grad=8.27e-01 | 1.0s
[   481] loss=-11.4940 | res=3.75e-01 | grad=5.61e-01 | 1.0s
[   482] loss=-11.7403 | res=3.56e-01 | grad=9.01e-01 | 1.0s
[   483] loss=-11.1363 | res=3.54e-01 | grad=1.07e+00 | 1.0s
[   484] loss=-11.6649 | res=3.67e-01 | grad=1.37e+00 | 1.0s
[   485] loss=-11.4643 | res=3.52e-01 | grad=7.69e-01 | 1.0s
[   486] loss=-11.1738 | res=3.62e-01 | grad=9.65e-01 | 1.0s
[   487] loss=-11.1612 | res=3.54e-01 | grad=1.03e+00 | 1.0s
[   488] loss=-11.9109 | res=3.37e-01 | grad=1.15e+00 | 1.0s
[   489] loss=-11.3786 | res=3.52e-01 | grad=9.92e-01 | 1.0s
[   490] loss=-11.3444 | res=3.83e-01 | grad=8.15e-01 | 1.0s
[   491] loss=-11.4143 | res=3.96e-01 | grad=1.07e+00 | 1.0s
[   492] loss=-11.5569 | res=3.64e-01 | grad=9.08e-01 | 1.0s
[   493] loss=-11.9501 | res=3.59e-01 | grad=9.54e-01 | 1.0s
[   494] loss=-11.2006 | res=3.45e-01 | grad=1.37e+00 | 1.0s
[   495] loss=-11.4605 | res=3.59e-01 | grad=8.95e-01 | 1.0s
[   496] loss=-11.6887 | res=3.48e-01 | grad=9.86e-01 | 1.0s
[   497] loss=-11.4722 | res=3.82e-01 | grad=1.50e+00 | 1.0s
[   498] loss=-11.7270 | res=3.42e-01 | grad=1.00e+00 | 1.0s
[   499] loss=-11.0840 | res=3.52e-01 | grad=1.05e+00 | 1.0s
[   500] loss=-12.1930 | res=3.60e-01 | grad=9.16e-01 | 1.0s
[   501] loss=-11.0778 | res=3.87e-01 | grad=8.03e-01 | 1.0s
[   502] loss=-11.7514 | res=3.71e-01 | grad=1.22e+00 | 1.0s
[   503] loss=-11.9117 | res=3.79e-01 | grad=1.36e+00 | 1.0s
[   504] loss=-11.8382 | res=3.62e-01 | grad=1.10e+00 | 1.0s
[   505] loss=-11.5677 | res=3.71e-01 | grad=8.64e-01 | 1.0s
[   506] loss=-11.6812 | res=3.50e-01 | grad=1.09e+00 | 1.0s
[   507] loss=-11.5720 | res=3.65e-01 | grad=1.22e+00 | 1.0s
[   508] loss=-11.8055 | res=3.28e-01 | grad=8.88e-01 | 1.0s
[   509] loss=-12.2115 | res=3.76e-01 | grad=9.89e-01 | 1.0s
[   510] loss=-11.9511 | res=3.74e-01 | grad=9.70e-01 | 1.0s
[   511] loss=-11.6075 | res=3.62e-01 | grad=1.01e+00 | 1.0s
[   512] loss=-11.4408 | res=3.49e-01 | grad=8.68e-01 | 1.0s
[   513] loss=-11.3185 | res=3.59e-01 | grad=8.35e-01 | 1.0s
[   514] loss=-11.1006 | res=3.28e-01 | grad=1.07e+00 | 1.0s
[   515] loss=-11.6626 | res=3.83e-01 | grad=1.26e+00 | 1.0s
[   516] loss=-11.7756 | res=3.69e-01 | grad=1.17e+00 | 1.0s
[   517] loss=-11.2883 | res=3.98e-01 | grad=1.41e+00 | 1.0s
[   518] loss=-11.5613 | res=3.73e-01 | grad=1.13e+00 | 1.0s
[   519] loss=-11.4765 | res=3.60e-01 | grad=1.06e+00 | 1.0s
[   520] loss=-11.3621 | res=3.75e-01 | grad=1.71e+00 | 1.0s
[   521] loss=-11.6970 | res=3.60e-01 | grad=9.25e-01 | 1.0s
[   522] loss=-11.7767 | res=3.48e-01 | grad=1.28e+00 | 1.0s
[   523] loss=-11.5058 | res=3.26e-01 | grad=1.21e+00 | 1.0s
[   524] loss=-11.3322 | res=3.53e-01 | grad=6.89e-01 | 1.0s
[   525] loss=-11.9067 | res=3.39e-01 | grad=1.17e+00 | 1.0s
[   526] loss=-11.5233 | res=3.50e-01 | grad=1.26e+00 | 1.0s
[   527] loss=-11.5896 | res=3.46e-01 | grad=1.69e+00 | 1.0s
[   528] loss=-11.5731 | res=3.34e-01 | grad=9.28e-01 | 1.0s
[   529] loss=-11.5934 | res=3.77e-01 | grad=4.92e-01 | 1.0s
[   530] loss=-11.8280 | res=3.64e-01 | grad=1.08e+00 | 1.0s
[   531] loss=-11.7660 | res=3.68e-01 | grad=1.34e+00 | 1.0s
[   532] loss=-11.5603 | res=3.73e-01 | grad=1.66e+00 | 1.0s
[   533] loss=-11.6910 | res=3.41e-01 | grad=1.29e+00 | 1.0s
[   534] loss=-11.2211 | res=3.60e-01 | grad=1.21e+00 | 1.0s
[   535] loss=-11.7604 | res=3.54e-01 | grad=1.08e+00 | 1.0s
[   536] loss=-11.4976 | res=3.70e-01 | grad=1.28e+00 | 1.0s
[   537] loss=-11.7588 | res=3.82e-01 | grad=1.20e+00 | 1.0s
[   538] loss=-11.5227 | res=3.53e-01 | grad=1.12e+00 | 1.0s
[   539] loss=-11.7800 | res=3.50e-01 | grad=8.97e-01 | 1.0s
[   540] loss=-11.3771 | res=3.39e-01 | grad=9.32e-01 | 1.0s
[   541] loss=-11.0251 | res=3.17e-01 | grad=1.24e+00 | 1.0s
[   542] loss=-11.2169 | res=3.65e-01 | grad=1.16e+00 | 1.0s
[   543] loss=-11.7247 | res=3.28e-01 | grad=1.07e+00 | 1.0s
[   544] loss=-11.4782 | res=3.56e-01 | grad=1.20e+00 | 1.0s
[   545] loss=-11.8331 | res=3.48e-01 | grad=1.05e+00 | 1.0s
[   546] loss=-11.0487 | res=3.58e-01 | grad=9.20e-01 | 1.0s
[   547] loss=-11.3782 | res=3.52e-01 | grad=7.56e-01 | 1.0s
[   548] loss=-11.4494 | res=3.36e-01 | grad=9.01e-01 | 1.0s
[   549] loss=-11.1158 | res=3.78e-01 | grad=1.11e+00 | 1.0s
[   550] loss=-12.3777 | res=3.48e-01 | grad=9.54e-01 | 1.0s
[   551] loss=-11.8306 | res=3.22e-01 | grad=1.12e+00 | 1.0s
[   552] loss=-11.2227 | res=3.36e-01 | grad=1.08e+00 | 1.1s
[   553] loss=-11.2236 | res=3.28e-01 | grad=1.31e+00 | 1.0s
[   554] loss=-11.3297 | res=3.77e-01 | grad=8.48e-01 | 1.0s
[   555] loss=-11.4013 | res=3.33e-01 | grad=9.37e-01 | 1.0s
[   556] loss=-10.9474 | res=3.53e-01 | grad=1.15e+00 | 1.0s
[   557] loss=-11.5745 | res=3.69e-01 | grad=7.92e-01 | 1.0s
[   558] loss=-11.6362 | res=3.36e-01 | grad=1.11e+00 | 1.0s
[   559] loss=-11.8127 | res=3.38e-01 | grad=1.08e+00 | 1.0s
[   560] loss=-11.9178 | res=3.49e-01 | grad=1.17e+00 | 1.0s
[   561] loss=-11.6360 | res=3.58e-01 | grad=1.24e+00 | 1.0s
[   562] loss=-11.9662 | res=3.63e-01 | grad=8.70e-01 | 1.0s
[   563] loss=-11.7124 | res=3.76e-01 | grad=9.06e-01 | 1.0s
[   564] loss=-11.5589 | res=3.53e-01 | grad=9.55e-01 | 1.0s
[   565] loss=-11.5896 | res=3.73e-01 | grad=1.24e+00 | 1.0s
[   566] loss=-11.2451 | res=3.63e-01 | grad=1.20e+00 | 1.0s
[   567] loss=-11.6687 | res=3.46e-01 | grad=1.48e+00 | 1.0s
[   568] loss=-11.9158 | res=3.46e-01 | grad=1.21e+00 | 1.0s
[   569] loss=-11.3696 | res=3.33e-01 | grad=1.06e+00 | 1.0s
[   570] loss=-10.8959 | res=3.71e-01 | grad=1.39e+00 | 1.0s
[   571] loss=-11.3455 | res=3.60e-01 | grad=1.04e+00 | 1.0s
[   572] loss=-11.1675 | res=3.76e-01 | grad=1.05e+00 | 1.0s
[   573] loss=-11.6958 | res=3.52e-01 | grad=1.34e+00 | 1.0s
[   574] loss=-11.7739 | res=3.50e-01 | grad=1.18e+00 | 1.0s
[   575] loss=-11.6799 | res=3.44e-01 | grad=1.42e+00 | 1.0s
[   576] loss=-11.9081 | res=3.46e-01 | grad=7.19e-01 | 1.0s
[   577] loss=-11.7295 | res=3.61e-01 | grad=1.03e+00 | 1.0s
[   578] loss=-11.6875 | res=3.57e-01 | grad=1.03e+00 | 1.0s
[   579] loss=-11.7787 | res=3.58e-01 | grad=1.24e+00 | 1.0s
[   580] loss=-11.2619 | res=3.80e-01 | grad=9.77e-01 | 1.0s
[   581] loss=-11.5720 | res=3.54e-01 | grad=7.11e-01 | 1.0s
[   582] loss=-11.5482 | res=3.44e-01 | grad=1.01e+00 | 1.0s
[   583] loss=-11.6157 | res=3.21e-01 | grad=7.07e-01 | 1.0s
[   584] loss=-11.7603 | res=3.61e-01 | grad=7.14e-01 | 1.0s
[   585] loss=-11.3361 | res=3.49e-01 | grad=7.58e-01 | 1.0s
[   586] loss=-11.7709 | res=3.37e-01 | grad=1.12e+00 | 1.0s
[   587] loss=-11.2617 | res=3.23e-01 | grad=1.04e+00 | 1.0s
[   588] loss=-11.3680 | res=3.31e-01 | grad=9.65e-01 | 1.0s
[   589] loss=-11.5874 | res=3.39e-01 | grad=7.27e-01 | 1.0s
[   590] loss=-11.6890 | res=3.32e-01 | grad=8.77e-01 | 1.0s
[   591] loss=-11.8854 | res=3.41e-01 | grad=1.08e+00 | 1.0s
[   592] loss=-11.6964 | res=3.62e-01 | grad=9.42e-01 | 1.0s
[   593] loss=-11.6026 | res=3.70e-01 | grad=1.14e+00 | 1.0s
[   594] loss=-11.7901 | res=3.43e-01 | grad=1.40e+00 | 1.0s
[   595] loss=-11.2504 | res=3.59e-01 | grad=7.54e-01 | 1.0s
[   596] loss=-11.6873 | res=3.35e-01 | grad=9.59e-01 | 1.0s
[   597] loss=-11.9953 | res=3.09e-01 | grad=7.79e-01 | 1.0s
[   598] loss=-11.4453 | res=3.46e-01 | grad=7.59e-01 | 1.0s
[   599] loss=-11.3904 | res=3.35e-01 | grad=1.07e+00 | 1.0s
[   600] loss=-11.5240 | res=3.64e-01 | grad=1.18e+00 | 1.0s
[   601] loss=-11.3704 | res=3.82e-01 | grad=1.11e+00 | 1.0s
[   602] loss=-11.3634 | res=3.38e-01 | grad=8.42e-01 | 1.0s
[   603] loss=-11.7403 | res=3.74e-01 | grad=1.03e+00 | 1.0s
[   604] loss=-11.2353 | res=3.16e-01 | grad=8.48e-01 | 1.0s
[   605] loss=-11.6920 | res=3.68e-01 | grad=7.30e-01 | 1.0s
[   606] loss=-11.7365 | res=3.51e-01 | grad=1.15e+00 | 1.0s
[   607] loss=-11.9593 | res=3.89e-01 | grad=1.06e+00 | 1.0s
[   608] loss=-11.2948 | res=3.59e-01 | grad=1.29e+00 | 1.0s
[   609] loss=-11.5703 | res=3.55e-01 | grad=7.82e-01 | 1.0s
[   610] loss=-11.1999 | res=3.41e-01 | grad=1.08e+00 | 1.0s
[   611] loss=-11.5289 | res=3.49e-01 | grad=1.25e+00 | 1.0s
[   612] loss=-11.5190 | res=3.26e-01 | grad=1.02e+00 | 1.0s
[   613] loss=-11.1546 | res=3.27e-01 | grad=1.04e+00 | 1.0s
[   614] loss=-11.9044 | res=3.77e-01 | grad=1.07e+00 | 1.0s
[   615] loss=-11.9698 | res=3.77e-01 | grad=7.98e-01 | 1.0s
[   616] loss=-11.6651 | res=3.55e-01 | grad=1.47e+00 | 1.0s
[   617] loss=-11.5891 | res=3.62e-01 | grad=1.49e+00 | 1.0s
[   618] loss=-11.6233 | res=3.48e-01 | grad=1.25e+00 | 1.0s
[   619] loss=-11.6381 | res=3.52e-01 | grad=4.18e-01 | 1.0s
[   620] loss=-11.4558 | res=3.56e-01 | grad=9.91e-01 | 1.0s
[   621] loss=-11.2690 | res=3.48e-01 | grad=8.78e-01 | 1.0s
[   622] loss=-11.5943 | res=3.30e-01 | grad=1.14e+00 | 1.0s
[   623] loss=-11.3879 | res=3.55e-01 | grad=6.49e-01 | 1.0s
[   624] loss=-11.8338 | res=3.94e-01 | grad=7.58e-01 | 1.0s
[   625] loss=-11.7734 | res=3.37e-01 | grad=1.44e+00 | 1.0s
[   626] loss=-11.7729 | res=3.40e-01 | grad=1.31e+00 | 1.0s
[   627] loss=-10.9591 | res=3.56e-01 | grad=8.51e-01 | 1.0s
[   628] loss=-11.6209 | res=3.43e-01 | grad=9.47e-01 | 1.0s
[   629] loss=-11.5780 | res=3.17e-01 | grad=5.42e-01 | 1.0s
[   630] loss=-11.1353 | res=3.44e-01 | grad=7.45e-01 | 1.0s
[   631] loss=-11.8641 | res=3.51e-01 | grad=8.68e-01 | 1.0s
[   632] loss=-11.2949 | res=3.29e-01 | grad=1.06e+00 | 1.0s
[   633] loss=-11.1291 | res=3.48e-01 | grad=1.07e+00 | 1.0s
[   634] loss=-11.4447 | res=3.65e-01 | grad=1.17e+00 | 1.0s
[   635] loss=-11.3236 | res=3.60e-01 | grad=7.84e-01 | 1.0s
[   636] loss=-11.6320 | res=3.37e-01 | grad=6.84e-01 | 1.0s
[   637] loss=-11.7917 | res=3.68e-01 | grad=8.29e-01 | 1.0s
[   638] loss=-11.2806 | res=3.39e-01 | grad=1.18e+00 | 1.0s
[   639] loss=-11.3093 | res=3.36e-01 | grad=1.01e+00 | 1.0s
[   640] loss=-11.7084 | res=3.50e-01 | grad=1.24e+00 | 1.0s
[   641] loss=-11.9038 | res=3.19e-01 | grad=8.25e-01 | 1.0s
[   642] loss=-11.1614 | res=3.35e-01 | grad=5.44e-01 | 1.0s
[   643] loss=-11.6145 | res=3.43e-01 | grad=9.59e-01 | 1.0s
[   644] loss=-11.6749 | res=3.39e-01 | grad=7.19e-01 | 1.0s
[   645] loss=-12.0294 | res=3.57e-01 | grad=8.57e-01 | 1.0s
[   646] loss=-11.6080 | res=3.24e-01 | grad=1.00e+00 | 1.0s
[   647] loss=-11.7753 | res=3.36e-01 | grad=8.41e-01 | 1.0s
[   648] loss=-11.4039 | res=3.38e-01 | grad=8.58e-01 | 1.0s
[   649] loss=-11.7251 | res=3.45e-01 | grad=7.86e-01 | 1.0s
[   650] loss=-11.6835 | res=3.39e-01 | grad=1.18e+00 | 1.0s
[   651] loss=-11.5114 | res=3.23e-01 | grad=1.38e+00 | 1.0s
[   652] loss=-11.9441 | res=3.44e-01 | grad=1.07e+00 | 1.0s
[   653] loss=-11.8782 | res=3.36e-01 | grad=9.22e-01 | 1.0s
[   654] loss=-11.4285 | res=3.23e-01 | grad=8.01e-01 | 1.0s
[   655] loss=-11.6322 | res=3.71e-01 | grad=1.23e+00 | 1.0s
[   656] loss=-11.4718 | res=3.71e-01 | grad=1.09e+00 | 1.0s
[   657] loss=-11.2034 | res=3.36e-01 | grad=7.86e-01 | 1.0s
[   658] loss=-11.8501 | res=3.52e-01 | grad=9.14e-01 | 1.0s
[   659] loss=-11.3114 | res=3.62e-01 | grad=8.90e-01 | 1.0s
[   660] loss=-12.0761 | res=3.49e-01 | grad=8.27e-01 | 1.0s
[   661] loss=-11.6983 | res=3.71e-01 | grad=1.36e+00 | 1.0s
[   662] loss=-11.4322 | res=3.42e-01 | grad=9.47e-01 | 1.0s
[   663] loss=-11.3118 | res=3.58e-01 | grad=6.64e-01 | 1.0s
[   664] loss=-11.8476 | res=3.35e-01 | grad=8.91e-01 | 1.0s
[   665] loss=-11.4262 | res=3.49e-01 | grad=7.15e-01 | 1.0s
[   666] loss=-11.8470 | res=3.51e-01 | grad=1.24e+00 | 1.0s
[   667] loss=-12.0961 | res=3.65e-01 | grad=8.50e-01 | 1.0s
[   668] loss=-11.5957 | res=3.44e-01 | grad=9.02e-01 | 1.0s
[   669] loss=-11.7634 | res=3.23e-01 | grad=1.19e+00 | 1.0s
[   670] loss=-11.6492 | res=3.20e-01 | grad=1.14e+00 | 1.0s
[   671] loss=-11.7543 | res=3.63e-01 | grad=9.18e-01 | 1.0s
[   672] loss=-11.6001 | res=3.44e-01 | grad=1.58e+00 | 1.0s
[   673] loss=-11.4969 | res=3.40e-01 | grad=1.17e+00 | 1.0s
[   674] loss=-11.6080 | res=3.38e-01 | grad=1.17e+00 | 1.0s
[   675] loss=-11.3788 | res=3.57e-01 | grad=8.60e-01 | 1.0s
[   676] loss=-11.5354 | res=3.20e-01 | grad=7.92e-01 | 1.0s
[   677] loss=-11.6293 | res=3.40e-01 | grad=1.02e+00 | 1.0s
[   678] loss=-12.0835 | res=3.60e-01 | grad=1.59e+00 | 1.0s
[   679] loss=-11.2485 | res=3.46e-01 | grad=1.11e+00 | 1.0s
[   680] loss=-11.4822 | res=3.68e-01 | grad=1.36e+00 | 1.0s
[   681] loss=-11.9559 | res=3.57e-01 | grad=6.94e-01 | 1.0s
[   682] loss=-11.6930 | res=3.83e-01 | grad=1.00e+00 | 1.0s
[   683] loss=-11.4449 | res=3.48e-01 | grad=1.08e+00 | 1.0s
[   684] loss=-11.3659 | res=3.33e-01 | grad=1.07e+00 | 1.0s
[   685] loss=-11.4734 | res=3.42e-01 | grad=1.71e+00 | 1.0s
[   686] loss=-11.1449 | res=3.86e-01 | grad=1.43e+00 | 1.0s
[   687] loss=-11.3048 | res=3.29e-01 | grad=9.38e-01 | 1.0s
[   688] loss=-11.5052 | res=3.62e-01 | grad=1.33e+00 | 1.0s
[   689] loss=-11.5756 | res=3.36e-01 | grad=1.36e+00 | 1.0s
[   690] loss=-11.9737 | res=3.23e-01 | grad=1.39e+00 | 1.0s
[   691] loss=-11.2659 | res=3.57e-01 | grad=9.27e-01 | 1.0s
[   692] loss=-11.6850 | res=3.65e-01 | grad=1.22e+00 | 1.0s
[   693] loss=-11.4927 | res=3.80e-01 | grad=1.33e+00 | 1.0s
[   694] loss=-11.8121 | res=3.46e-01 | grad=8.19e-01 | 1.0s
[   695] loss=-11.7805 | res=3.47e-01 | grad=1.31e+00 | 1.0s
[   696] loss=-11.3375 | res=3.73e-01 | grad=1.26e+00 | 1.0s
[   697] loss=-11.3372 | res=3.36e-01 | grad=1.30e+00 | 1.0s
[   698] loss=-11.4047 | res=3.36e-01 | grad=6.89e-01 | 1.0s
[   699] loss=-11.3321 | res=3.42e-01 | grad=1.15e+00 | 1.0s
[   700] loss=-11.1998 | res=3.13e-01 | grad=1.23e+00 | 1.0s
[   701] loss=-11.2577 | res=3.58e-01 | grad=1.01e+00 | 1.0s
[   702] loss=-11.8150 | res=3.29e-01 | grad=1.16e+00 | 1.0s
[   703] loss=-11.3027 | res=3.41e-01 | grad=8.62e-01 | 1.0s
[   704] loss=-11.8694 | res=3.29e-01 | grad=6.93e-01 | 1.0s
[   705] loss=-11.5562 | res=3.42e-01 | grad=1.04e+00 | 1.0s
[   706] loss=-11.3207 | res=3.54e-01 | grad=1.01e+00 | 1.0s
[   707] loss=-11.4897 | res=3.82e-01 | grad=1.26e+00 | 1.0s
[   708] loss=-11.2575 | res=3.23e-01 | grad=6.77e-01 | 1.0s
[   709] loss=-11.5757 | res=3.18e-01 | grad=8.26e-01 | 1.0s
[   710] loss=-11.3470 | res=3.27e-01 | grad=5.78e-01 | 1.0s
[   711] loss=-11.9655 | res=3.30e-01 | grad=8.49e-01 | 1.0s
[   712] loss=-11.8336 | res=3.49e-01 | grad=1.01e+00 | 1.0s
[   713] loss=-11.3648 | res=3.26e-01 | grad=1.20e+00 | 1.0s
[   714] loss=-11.8677 | res=3.04e-01 | grad=9.31e-01 | 1.0s
[   715] loss=-11.6243 | res=3.01e-01 | grad=1.13e+00 | 1.0s
[   716] loss=-11.8140 | res=3.80e-01 | grad=9.53e-01 | 1.0s
[   717] loss=-11.5305 | res=3.32e-01 | grad=9.36e-01 | 1.0s
[   718] loss=-12.0170 | res=3.16e-01 | grad=8.46e-01 | 1.0s
[   719] loss=-11.5767 | res=3.67e-01 | grad=1.00e+00 | 1.0s
[   720] loss=-11.6951 | res=3.54e-01 | grad=1.21e+00 | 1.0s
[   721] loss=-11.2314 | res=3.12e-01 | grad=8.35e-01 | 1.0s
[   722] loss=-11.7481 | res=3.50e-01 | grad=1.48e+00 | 1.0s
[   723] loss=-11.5454 | res=3.08e-01 | grad=1.13e+00 | 1.0s
[   724] loss=-11.6741 | res=3.20e-01 | grad=8.25e-01 | 1.0s
[   725] loss=-11.0956 | res=3.28e-01 | grad=1.27e+00 | 1.0s
[   726] loss=-11.5779 | res=3.23e-01 | grad=1.11e+00 | 1.0s
[   727] loss=-11.6908 | res=3.29e-01 | grad=1.40e+00 | 1.0s
[   728] loss=-11.4433 | res=3.31e-01 | grad=1.19e+00 | 1.0s
[   729] loss=-11.4145 | res=3.24e-01 | grad=7.50e-01 | 1.0s
[   730] loss=-11.6072 | res=3.55e-01 | grad=8.71e-01 | 1.0s
[   731] loss=-11.7401 | res=3.33e-01 | grad=1.11e+00 | 1.0s
[   732] loss=-11.9008 | res=3.41e-01 | grad=8.23e-01 | 1.0s
[   733] loss=-11.2973 | res=3.58e-01 | grad=1.49e+00 | 1.0s
[   734] loss=-11.6132 | res=3.52e-01 | grad=1.46e+00 | 1.0s
[   735] loss=-11.5870 | res=3.43e-01 | grad=8.74e-01 | 1.0s
[   736] loss=-10.9654 | res=3.25e-01 | grad=1.10e+00 | 1.0s
[   737] loss=-11.1352 | res=3.33e-01 | grad=8.13e-01 | 1.0s
[   738] loss=-11.2178 | res=3.21e-01 | grad=1.51e+00 | 1.0s
[   739] loss=-11.8218 | res=3.40e-01 | grad=1.14e+00 | 1.0s
[   740] loss=-11.5978 | res=3.49e-01 | grad=1.07e+00 | 1.0s
[   741] loss=-11.3591 | res=3.22e-01 | grad=1.10e+00 | 1.0s
[   742] loss=-11.6923 | res=3.38e-01 | grad=1.04e+00 | 1.0s
[   743] loss=-11.5605 | res=3.29e-01 | grad=1.01e+00 | 1.0s
[   744] loss=-11.6421 | res=3.37e-01 | grad=9.87e-01 | 1.0s
[   745] loss=-11.3621 | res=3.26e-01 | grad=1.29e+00 | 1.0s
[   746] loss=-11.5831 | res=3.42e-01 | grad=1.28e+00 | 1.0s
[   747] loss=-11.5983 | res=3.55e-01 | grad=8.93e-01 | 1.0s
[   748] loss=-11.6383 | res=3.13e-01 | grad=9.16e-01 | 1.0s
[   749] loss=-11.2522 | res=3.50e-01 | grad=1.21e+00 | 1.0s
[   750] loss=-11.8264 | res=3.43e-01 | grad=1.06e+00 | 1.0s
[   751] loss=-11.4799 | res=3.52e-01 | grad=9.94e-01 | 1.0s
[   752] loss=-11.5892 | res=3.59e-01 | grad=1.02e+00 | 1.0s
[   753] loss=-11.4580 | res=3.81e-01 | grad=1.03e+00 | 1.0s
[   754] loss=-11.6927 | res=3.26e-01 | grad=1.04e+00 | 1.0s
[   755] loss=-11.5260 | res=3.37e-01 | grad=8.73e-01 | 1.0s
[   756] loss=-12.0085 | res=3.38e-01 | grad=5.80e-01 | 1.0s
[   757] loss=-11.1335 | res=3.33e-01 | grad=6.65e-01 | 1.0s
[   758] loss=-11.5874 | res=3.07e-01 | grad=7.08e-01 | 1.0s
[   759] loss=-12.0162 | res=3.28e-01 | grad=7.54e-01 | 1.0s
[   760] loss=-11.5650 | res=3.33e-01 | grad=9.23e-01 | 1.0s
[   761] loss=-11.6808 | res=3.26e-01 | grad=1.01e+00 | 1.0s
[   762] loss=-11.3332 | res=3.15e-01 | grad=8.60e-01 | 1.0s
[   763] loss=-11.8828 | res=3.48e-01 | grad=1.11e+00 | 1.0s
[   764] loss=-11.9333 | res=3.38e-01 | grad=8.16e-01 | 1.0s
[   765] loss=-11.7425 | res=3.46e-01 | grad=9.91e-01 | 1.0s
[   766] loss=-11.1980 | res=3.40e-01 | grad=1.31e+00 | 1.0s
[   767] loss=-11.6433 | res=3.35e-01 | grad=8.83e-01 | 1.0s
[   768] loss=-11.4467 | res=3.09e-01 | grad=9.05e-01 | 1.0s
[   769] loss=-11.3070 | res=3.27e-01 | grad=8.41e-01 | 1.0s
[   770] loss=-11.7633 | res=3.07e-01 | grad=1.10e+00 | 1.0s
[   771] loss=-11.1144 | res=3.25e-01 | grad=1.19e+00 | 1.0s
[   772] loss=-11.7096 | res=3.17e-01 | grad=1.36e+00 | 1.0s
[   773] loss=-11.5198 | res=3.30e-01 | grad=8.65e-01 | 1.0s
[   774] loss=-11.8853 | res=3.18e-01 | grad=6.76e-01 | 1.0s
[   775] loss=-11.6642 | res=3.09e-01 | grad=9.26e-01 | 1.0s
[   776] loss=-11.7402 | res=3.35e-01 | grad=7.79e-01 | 1.0s
[   777] loss=-11.3312 | res=3.32e-01 | grad=1.03e+00 | 1.0s
[   778] loss=-11.3163 | res=3.30e-01 | grad=7.22e-01 | 1.0s
[   779] loss=-11.7285 | res=3.34e-01 | grad=1.03e+00 | 1.0s
[   780] loss=-11.1929 | res=3.42e-01 | grad=8.45e-01 | 1.0s
[   781] loss=-11.4977 | res=3.27e-01 | grad=9.24e-01 | 1.0s
[   782] loss=-11.2927 | res=3.37e-01 | grad=6.47e-01 | 1.0s
[   783] loss=-11.7489 | res=3.18e-01 | grad=1.30e+00 | 1.0s
[   784] loss=-11.4378 | res=3.15e-01 | grad=7.95e-01 | 1.0s
[   785] loss=-11.5822 | res=3.23e-01 | grad=9.56e-01 | 1.0s
[   786] loss=-11.1125 | res=3.05e-01 | grad=1.13e+00 | 1.0s
[   787] loss=-11.2595 | res=3.17e-01 | grad=1.23e+00 | 1.0s
[   788] loss=-11.2696 | res=3.43e-01 | grad=1.03e+00 | 1.0s
[   789] loss=-11.8532 | res=3.24e-01 | grad=8.21e-01 | 1.0s
[   790] loss=-11.6605 | res=3.03e-01 | grad=8.60e-01 | 1.0s
[   791] loss=-11.6292 | res=3.57e-01 | grad=9.46e-01 | 1.0s
[   792] loss=-11.9182 | res=3.18e-01 | grad=8.46e-01 | 1.0s
[   793] loss=-11.5164 | res=3.19e-01 | grad=9.43e-01 | 1.0s
[   794] loss=-11.4540 | res=3.16e-01 | grad=8.30e-01 | 1.0s
[   795] loss=-11.5803 | res=3.56e-01 | grad=1.13e+00 | 1.0s
[   796] loss=-11.1849 | res=3.43e-01 | grad=7.35e-01 | 1.0s
[   797] loss=-11.0595 | res=3.27e-01 | grad=7.09e-01 | 1.0s
[   798] loss=-11.1636 | res=3.34e-01 | grad=9.11e-01 | 1.0s
[   799] loss=-11.3221 | res=3.45e-01 | grad=7.07e-01 | 1.0s
[   800] loss=-11.7851 | res=3.22e-01 | grad=9.46e-01 | 1.0s
[   801] loss=-11.3579 | res=3.26e-01 | grad=8.07e-01 | 1.0s
[   802] loss=-11.5786 | res=3.34e-01 | grad=9.16e-01 | 1.0s
[   803] loss=-11.6374 | res=3.25e-01 | grad=9.98e-01 | 1.0s
[   804] loss=-11.4190 | res=3.29e-01 | grad=7.10e-01 | 1.0s
[   805] loss=-11.4510 | res=3.48e-01 | grad=7.20e-01 | 1.0s
[   806] loss=-11.2777 | res=3.24e-01 | grad=1.03e+00 | 1.0s
[   807] loss=-11.8490 | res=3.52e-01 | grad=7.20e-01 | 1.0s
[   808] loss=-11.5004 | res=3.33e-01 | grad=5.54e-01 | 1.0s
[   809] loss=-11.5002 | res=3.29e-01 | grad=1.01e+00 | 1.0s
[   810] loss=-11.4116 | res=3.23e-01 | grad=8.52e-01 | 1.0s
[   811] loss=-11.6355 | res=3.31e-01 | grad=6.41e-01 | 1.0s
[   812] loss=-11.7222 | res=3.41e-01 | grad=8.82e-01 | 1.0s
[   813] loss=-11.3705 | res=3.32e-01 | grad=1.08e+00 | 1.0s
[   814] loss=-11.7310 | res=3.42e-01 | grad=1.06e+00 | 1.0s
[   815] loss=-11.6535 | res=3.30e-01 | grad=8.64e-01 | 1.0s
[   816] loss=-11.0870 | res=3.25e-01 | grad=6.99e-01 | 1.0s
[   817] loss=-11.6552 | res=3.21e-01 | grad=1.12e+00 | 1.0s
[   818] loss=-11.5311 | res=3.10e-01 | grad=1.10e+00 | 1.0s
[   819] loss=-11.5642 | res=3.81e-01 | grad=1.04e+00 | 1.0s
[   820] loss=-12.1343 | res=3.37e-01 | grad=8.85e-01 | 1.0s
[   821] loss=-11.4011 | res=3.29e-01 | grad=8.79e-01 | 1.0s
[   822] loss=-11.2287 | res=3.22e-01 | grad=1.25e+00 | 1.0s
[   823] loss=-11.4656 | res=3.47e-01 | grad=1.02e+00 | 1.0s
[   824] loss=-11.6481 | res=3.15e-01 | grad=8.62e-01 | 1.0s
[   825] loss=-11.5474 | res=3.53e-01 | grad=8.89e-01 | 1.0s
[   826] loss=-11.4613 | res=3.00e-01 | grad=9.56e-01 | 1.0s
[   827] loss=-11.8625 | res=3.30e-01 | grad=1.01e+00 | 1.0s
[   828] loss=-11.4930 | res=3.23e-01 | grad=8.54e-01 | 1.0s
[   829] loss=-11.1031 | res=3.03e-01 | grad=1.09e+00 | 1.0s
[   830] loss=-11.3728 | res=3.34e-01 | grad=1.08e+00 | 1.0s
[   831] loss=-11.7035 | res=3.45e-01 | grad=8.77e-01 | 1.0s
[   832] loss=-11.8849 | res=3.79e-01 | grad=9.56e-01 | 1.0s
[   833] loss=-11.6036 | res=3.20e-01 | grad=9.87e-01 | 1.0s
[   834] loss=-11.6427 | res=3.06e-01 | grad=9.97e-01 | 1.0s
[   835] loss=-11.3676 | res=3.25e-01 | grad=7.80e-01 | 1.0s
[   836] loss=-11.6065 | res=3.32e-01 | grad=8.39e-01 | 1.0s
[   837] loss=-11.5117 | res=3.39e-01 | grad=1.03e+00 | 1.0s
[   838] loss=-11.7362 | res=3.14e-01 | grad=1.13e+00 | 1.0s
[   839] loss=-11.2894 | res=3.56e-01 | grad=9.77e-01 | 1.0s
[   840] loss=-11.2096 | res=3.37e-01 | grad=1.45e+00 | 1.0s
[   841] loss=-11.6306 | res=3.36e-01 | grad=1.08e+00 | 1.0s
[   842] loss=-11.6876 | res=3.18e-01 | grad=9.18e-01 | 1.0s
[   843] loss=-11.0712 | res=3.50e-01 | grad=1.12e+00 | 1.0s
[   844] loss=-11.3309 | res=3.44e-01 | grad=1.15e+00 | 1.0s
[   845] loss=-11.7929 | res=3.41e-01 | grad=7.85e-01 | 1.0s
[   846] loss=-11.1233 | res=3.21e-01 | grad=1.73e+00 | 1.0s
[   847] loss=-11.7257 | res=3.39e-01 | grad=1.06e+00 | 1.0s
[   848] loss=-11.4210 | res=3.11e-01 | grad=1.03e+00 | 1.0s
[   849] loss=-11.1923 | res=3.32e-01 | grad=1.00e+00 | 1.0s
[   850] loss=-11.6522 | res=3.26e-01 | grad=7.87e-01 | 1.0s
[   851] loss=-11.5738 | res=3.57e-01 | grad=1.07e+00 | 1.0s
[   852] loss=-11.6914 | res=3.25e-01 | grad=9.85e-01 | 1.0s
[   853] loss=-11.3175 | res=3.17e-01 | grad=7.50e-01 | 1.0s
[   854] loss=-11.0869 | res=3.21e-01 | grad=1.09e+00 | 1.0s
[   855] loss=-11.9513 | res=3.39e-01 | grad=8.54e-01 | 1.0s
[   856] loss=-11.9653 | res=3.51e-01 | grad=1.23e+00 | 1.0s
[   857] loss=-11.5379 | res=3.34e-01 | grad=8.53e-01 | 1.0s
[   858] loss=-11.8748 | res=3.34e-01 | grad=1.06e+00 | 1.0s
[   859] loss=-11.5564 | res=3.17e-01 | grad=8.82e-01 | 1.0s
[   860] loss=-11.2528 | res=3.50e-01 | grad=9.27e-01 | 1.0s
[   861] loss=-11.7228 | res=3.34e-01 | grad=1.11e+00 | 1.0s
[   862] loss=-11.7241 | res=3.48e-01 | grad=8.38e-01 | 1.0s
[   863] loss=-11.3973 | res=3.11e-01 | grad=1.18e+00 | 1.0s
[   864] loss=-11.0296 | res=3.43e-01 | grad=1.01e+00 | 1.0s
[   865] loss=-11.4632 | res=3.33e-01 | grad=8.83e-01 | 1.0s
[   866] loss=-11.5354 | res=3.37e-01 | grad=7.30e-01 | 1.0s
[   867] loss=-11.1189 | res=3.18e-01 | grad=4.68e-01 | 1.0s
[   868] loss=-11.4733 | res=3.18e-01 | grad=8.48e-01 | 1.0s
[   869] loss=-11.2306 | res=3.16e-01 | grad=5.95e-01 | 1.0s
[   870] loss=-11.1474 | res=3.46e-01 | grad=1.21e+00 | 1.0s
[   871] loss=-11.8594 | res=3.63e-01 | grad=1.39e+00 | 1.0s
[   872] loss=-11.7161 | res=3.01e-01 | grad=9.57e-01 | 1.0s
[   873] loss=-11.7556 | res=3.21e-01 | grad=9.20e-01 | 1.0s
[   874] loss=-11.5407 | res=3.38e-01 | grad=1.28e+00 | 1.0s
[   875] loss=-11.4546 | res=3.10e-01 | grad=1.11e+00 | 1.0s
[   876] loss=-11.7983 | res=3.23e-01 | grad=9.48e-01 | 1.0s
[   877] loss=-11.2486 | res=3.28e-01 | grad=1.37e+00 | 1.0s
[   878] loss=-11.6267 | res=3.07e-01 | grad=9.91e-01 | 1.0s
[   879] loss=-11.7645 | res=3.20e-01 | grad=9.71e-01 | 1.0s
[   880] loss=-11.5422 | res=3.22e-01 | grad=7.92e-01 | 1.0s
[   881] loss=-11.8868 | res=3.52e-01 | grad=9.17e-01 | 1.0s
[   882] loss=-11.7517 | res=3.37e-01 | grad=8.73e-01 | 1.0s
[   883] loss=-11.9604 | res=3.30e-01 | grad=9.97e-01 | 1.0s
[   884] loss=-11.1691 | res=3.30e-01 | grad=6.93e-01 | 1.0s
[   885] loss=-11.3603 | res=3.14e-01 | grad=1.06e+00 | 1.0s
[   886] loss=-11.6667 | res=3.05e-01 | grad=8.54e-01 | 1.0s
[   887] loss=-11.7174 | res=3.17e-01 | grad=5.39e-01 | 1.0s
[   888] loss=-11.8646 | res=3.29e-01 | grad=9.66e-01 | 1.0s
[   889] loss=-11.6978 | res=3.01e-01 | grad=1.41e+00 | 1.0s
[   890] loss=-11.3473 | res=3.37e-01 | grad=7.79e-01 | 1.0s
[   891] loss=-11.6425 | res=3.29e-01 | grad=1.33e+00 | 1.0s
[   892] loss=-11.5381 | res=3.01e-01 | grad=8.20e-01 | 1.0s
[   893] loss=-11.0853 | res=3.43e-01 | grad=8.22e-01 | 1.0s
[   894] loss=-11.2342 | res=3.19e-01 | grad=8.64e-01 | 1.0s
[   895] loss=-11.9912 | res=3.40e-01 | grad=1.20e+00 | 1.0s
[   896] loss=-11.7949 | res=3.41e-01 | grad=1.19e+00 | 1.0s
[   897] loss=-11.7978 | res=3.17e-01 | grad=1.35e+00 | 1.0s
[   898] loss=-11.2991 | res=3.27e-01 | grad=8.82e-01 | 1.0s
[   899] loss=-11.3453 | res=3.59e-01 | grad=9.28e-01 | 1.0s
[   900] loss=-11.9186 | res=3.23e-01 | grad=1.09e+00 | 1.0s
[   901] loss=-11.7825 | res=3.31e-01 | grad=1.51e+00 | 1.0s
[   902] loss=-11.5226 | res=3.44e-01 | grad=8.51e-01 | 1.0s
[   903] loss=-11.3982 | res=3.12e-01 | grad=9.53e-01 | 1.0s
[   904] loss=-11.5680 | res=3.17e-01 | grad=6.16e-01 | 1.0s
[   905] loss=-11.2955 | res=3.13e-01 | grad=8.73e-01 | 1.0s
[   906] loss=-11.7078 | res=2.86e-01 | grad=1.19e+00 | 1.0s
[   907] loss=-11.4467 | res=3.03e-01 | grad=8.71e-01 | 1.0s
[   908] loss=-11.0244 | res=3.13e-01 | grad=1.16e+00 | 1.0s
[   909] loss=-11.3313 | res=3.35e-01 | grad=1.03e+00 | 1.0s
[   910] loss=-11.6311 | res=3.16e-01 | grad=1.06e+00 | 1.0s
[   911] loss=-11.4369 | res=3.04e-01 | grad=9.49e-01 | 1.0s
[   912] loss=-11.2556 | res=3.56e-01 | grad=9.70e-01 | 1.0s
[   913] loss=-10.7541 | res=3.28e-01 | grad=1.14e+00 | 1.0s
[   914] loss=-11.7013 | res=3.52e-01 | grad=1.66e+00 | 1.0s
[   915] loss=-11.6241 | res=3.06e-01 | grad=6.67e-01 | 1.0s
[   916] loss=-11.9308 | res=3.32e-01 | grad=6.79e-01 | 1.0s
[   917] loss=-11.8199 | res=3.33e-01 | grad=1.15e+00 | 1.0s
[   918] loss=-11.5985 | res=3.16e-01 | grad=9.28e-01 | 1.0s
[   919] loss=-11.6918 | res=3.14e-01 | grad=1.47e+00 | 1.0s
[   920] loss=-11.3933 | res=2.99e-01 | grad=1.19e+00 | 1.0s
[   921] loss=-11.8785 | res=3.20e-01 | grad=9.35e-01 | 1.0s
[   922] loss=-11.1942 | res=3.14e-01 | grad=8.90e-01 | 1.0s
[   923] loss=-11.6669 | res=3.34e-01 | grad=1.28e+00 | 1.0s
[   924] loss=-11.3049 | res=3.41e-01 | grad=1.20e+00 | 1.0s
[   925] loss=-11.2458 | res=3.35e-01 | grad=9.46e-01 | 1.0s
[   926] loss=-11.4685 | res=3.35e-01 | grad=7.62e-01 | 1.0s
[   927] loss=-11.2457 | res=3.32e-01 | grad=1.13e+00 | 1.0s
[   928] loss=-11.4940 | res=3.47e-01 | grad=1.26e+00 | 1.0s
[   929] loss=-11.6900 | res=3.33e-01 | grad=8.58e-01 | 1.0s
[   930] loss=-11.4674 | res=3.41e-01 | grad=8.86e-01 | 1.0s
[   931] loss=-11.6487 | res=2.99e-01 | grad=1.17e+00 | 1.0s
[   932] loss=-11.9111 | res=3.33e-01 | grad=8.63e-01 | 1.0s
[   933] loss=-11.4453 | res=3.26e-01 | grad=1.39e+00 | 1.0s
[   934] loss=-11.4508 | res=3.27e-01 | grad=9.55e-01 | 1.0s
[   935] loss=-11.5094 | res=3.32e-01 | grad=1.06e+00 | 1.0s
[   936] loss=-11.5082 | res=3.12e-01 | grad=8.80e-01 | 1.0s
[   937] loss=-11.8664 | res=3.29e-01 | grad=1.41e+00 | 1.0s
[   938] loss=-11.6912 | res=3.01e-01 | grad=1.02e+00 | 1.0s
[   939] loss=-11.8521 | res=3.12e-01 | grad=1.35e+00 | 1.0s
[   940] loss=-11.3896 | res=3.15e-01 | grad=1.02e+00 | 1.0s
[   941] loss=-11.5783 | res=3.15e-01 | grad=6.31e-01 | 1.0s
[   942] loss=-11.4367 | res=2.96e-01 | grad=8.71e-01 | 1.0s
[   943] loss=-11.4072 | res=3.01e-01 | grad=1.10e+00 | 1.0s
[   944] loss=-11.7938 | res=3.23e-01 | grad=7.03e-01 | 1.0s
[   945] loss=-11.5358 | res=3.26e-01 | grad=8.49e-01 | 1.0s
[   946] loss=-11.6918 | res=3.31e-01 | grad=1.10e+00 | 1.0s
[   947] loss=-11.4190 | res=2.84e-01 | grad=9.18e-01 | 1.0s
[   948] loss=-11.7065 | res=3.26e-01 | grad=7.41e-01 | 1.0s
[   949] loss=-11.2459 | res=3.10e-01 | grad=6.51e-01 | 1.0s
[   950] loss=-11.6396 | res=3.35e-01 | grad=1.26e+00 | 1.0s
[   951] loss=-11.4225 | res=3.37e-01 | grad=7.15e-01 | 1.0s
[   952] loss=-11.4913 | res=3.16e-01 | grad=8.97e-01 | 1.0s
[   953] loss=-11.3146 | res=3.23e-01 | grad=1.04e+00 | 1.0s
[   954] loss=-11.4127 | res=3.05e-01 | grad=8.35e-01 | 1.0s
[   955] loss=-11.3738 | res=3.15e-01 | grad=9.35e-01 | 1.0s
[   956] loss=-11.6583 | res=3.31e-01 | grad=9.52e-01 | 1.0s
[   957] loss=-11.3428 | res=3.46e-01 | grad=5.96e-01 | 1.0s
[   958] loss=-11.2880 | res=3.17e-01 | grad=1.00e+00 | 1.0s
[   959] loss=-11.3363 | res=3.17e-01 | grad=1.16e+00 | 1.0s
[   960] loss=-11.1127 | res=3.32e-01 | grad=1.33e+00 | 1.0s
[   961] loss=-11.3393 | res=2.97e-01 | grad=1.13e+00 | 1.0s
[   962] loss=-11.4216 | res=3.12e-01 | grad=8.76e-01 | 1.0s
[   963] loss=-11.3958 | res=3.28e-01 | grad=1.20e+00 | 1.0s
[   964] loss=-11.5817 | res=3.18e-01 | grad=1.12e+00 | 1.0s
[   965] loss=-11.6493 | res=3.38e-01 | grad=9.26e-01 | 1.0s
[   966] loss=-11.4716 | res=3.26e-01 | grad=1.53e+00 | 1.0s
[   967] loss=-11.7206 | res=3.31e-01 | grad=1.01e+00 | 1.0s
[   968] loss=-11.5622 | res=3.00e-01 | grad=9.98e-01 | 1.0s
[   969] loss=-11.3262 | res=3.19e-01 | grad=4.67e-01 | 1.0s
[   970] loss=-11.4241 | res=3.34e-01 | grad=9.20e-01 | 1.0s
[   971] loss=-11.5233 | res=3.21e-01 | grad=9.05e-01 | 1.0s
[   972] loss=-11.3144 | res=3.07e-01 | grad=1.22e+00 | 1.0s
[   973] loss=-11.3876 | res=3.23e-01 | grad=1.20e+00 | 1.0s
[   974] loss=-11.6260 | res=3.14e-01 | grad=6.86e-01 | 1.0s
[   975] loss=-11.3760 | res=3.16e-01 | grad=1.17e+00 | 1.0s
[   976] loss=-11.2398 | res=3.11e-01 | grad=1.08e+00 | 1.0s
[   977] loss=-11.8622 | res=3.18e-01 | grad=6.21e-01 | 1.0s
[   978] loss=-11.3667 | res=3.28e-01 | grad=9.28e-01 | 1.0s
[   979] loss=-11.6247 | res=3.22e-01 | grad=1.20e+00 | 1.0s
[   980] loss=-11.9803 | res=3.28e-01 | grad=9.04e-01 | 1.0s
[   981] loss=-11.3473 | res=3.37e-01 | grad=1.19e+00 | 1.0s
[   982] loss=-11.3722 | res=2.99e-01 | grad=8.63e-01 | 1.0s
[   983] loss=-11.4659 | res=3.10e-01 | grad=6.25e-01 | 1.0s
[   984] loss=-11.0928 | res=3.07e-01 | grad=8.59e-01 | 1.0s
[   985] loss=-11.0463 | res=3.19e-01 | grad=9.48e-01 | 1.0s
[   986] loss=-11.5592 | res=3.38e-01 | grad=7.70e-01 | 1.0s
[   987] loss=-11.7595 | res=3.30e-01 | grad=1.16e+00 | 1.0s
[   988] loss=-11.6289 | res=3.22e-01 | grad=1.11e+00 | 1.0s
[   989] loss=-11.3603 | res=3.15e-01 | grad=6.97e-01 | 1.0s
[   990] loss=-11.2655 | res=3.39e-01 | grad=8.17e-01 | 1.0s
[   991] loss=-11.5360 | res=3.20e-01 | grad=1.39e+00 | 1.0s
[   992] loss=-11.4797 | res=3.12e-01 | grad=1.15e+00 | 1.0s
[   993] loss=-11.7377 | res=3.15e-01 | grad=8.42e-01 | 1.0s
[   994] loss=-11.5353 | res=3.33e-01 | grad=8.12e-01 | 1.0s
[   995] loss=-12.1087 | res=3.30e-01 | grad=6.99e-01 | 1.0s
[   996] loss=-11.4017 | res=3.16e-01 | grad=7.66e-01 | 1.0s
[   997] loss=-11.5146 | res=3.14e-01 | grad=7.11e-01 | 1.0s
[   998] loss=-11.1235 | res=3.18e-01 | grad=6.12e-01 | 1.0s
[   999] loss=-11.0626 | res=3.12e-01 | grad=1.29e+00 | 1.0s
[  1000] loss=-11.4447 | res=3.17e-01 | grad=9.18e-01 | 1.0s
  KL = 0.9143 +/- 0.0293  |  ESS = 281.8 (ratio: 0.275)
  Runtime = 1026.1s

Saved: experiments/final_results/ours_sweep_torus.npz

======================================================================
RUNNING RCPM ON TORUS
======================================================================

############################################################
# GAMMA = 1.0
############################################################

[RCPM gamma=1.0] Training on dim=2...
  [  500] loss = 16.3696
  [ 1000] loss = 7.2637
  [ 1500] loss = 3.9855
  [ 2000] loss = 2.2147
  [ 2500] loss = 1.2854
  [ 3000] loss = 1.7764
  [ 3500] loss = 1.8033
  [ 4000] loss = 0.9602
  [ 4500] loss = 0.7065
  [ 5000] loss = 0.6604
  KL divergence = 0.9293 +/- 0.0512
  ESS = 495.4 +/- 2.9 (ratio: 0.484)
  Runtime = 61.6s

[RCPM gamma=1.0] Training on dim=3...
  [  500] loss = 24.2185
  [ 1000] loss = 14.1389
  [ 1500] loss = 7.8405
  [ 2000] loss = 4.0009
  [ 2500] loss = 4.6915
  [ 3000] loss = 2.8956
  [ 3500] loss = 2.0722
  [ 4000] loss = 1.9898
  [ 4500] loss = 1.6215
  [ 5000] loss = 1.6744
  KL divergence = 1.9750 +/- 0.0774
  ESS = 198.0 +/- 13.8 (ratio: 0.193)
  Runtime = 79.5s

[RCPM gamma=1.0] Training on dim=4...
  [  500] loss = 45.7263
  [ 1000] loss = 31.9360
  [ 1500] loss = 23.2595
  [ 2000] loss = 15.7661
  [ 2500] loss = 9.8862
  [ 3000] loss = 8.7737
  [ 3500] loss = 6.0972
  [ 4000] loss = 5.3140
  [ 4500] loss = 5.7233
  [ 5000] loss = 2.9746
  KL divergence = 4.5871 +/- 0.1127
  ESS = 61.3 +/- 5.8 (ratio: 0.060)
  Runtime = 101.8s

[RCPM gamma=1.0] Training on dim=5...
  [  500] loss = 61.2885
  [ 1000] loss = 42.9348
  [ 1500] loss = 32.3665
  [ 2000] loss = 25.1120
  [ 2500] loss = 19.9366
  [ 3000] loss = 17.2871
  [ 3500] loss = 13.9733
  [ 4000] loss = 11.4788
  [ 4500] loss = 11.4705
  [ 5000] loss = 6.8239
  KL divergence = 9.2386 +/- 0.1597
  ESS = 14.0 +/- 5.7 (ratio: 0.014)
  Runtime = 127.7s

[RCPM gamma=1.0] Training on dim=6...
  [  500] loss = 92.9679
  [ 1000] loss = 84.5205
  [ 1500] loss = 72.2984
  [ 2000] loss = 62.3544
  [ 2500] loss = 55.7157
  [ 3000] loss = 45.6986
  [ 3500] loss = 44.5889
  [ 4000] loss = 35.6299
  [ 4500] loss = 32.2532
  [ 5000] loss = 28.1016
  KL divergence = 27.7983 +/- 0.2400
  ESS = 2.8 +/- 0.7 (ratio: 0.003)
  Runtime = 163.4s

[RCPM gamma=1.0] Training on dim=7...
  [  500] loss = 120.2664
  [ 1000] loss = 109.8048
  [ 1500] loss = 106.6045
  [ 2000] loss = 90.8702
  [ 2500] loss = 89.1000
  [ 3000] loss = 83.8805
  [ 3500] loss = 82.9566
  [ 4000] loss = 76.4767
  [ 4500] loss = 73.7476
  [ 5000] loss = 69.5111
  KL divergence = 67.4689 +/- 0.4109
  ESS = 1.9 +/- 0.5 (ratio: 0.002)
  Runtime = 219.9s

[RCPM gamma=1.0] Training on dim=8...
  [  500] loss = 128.6452
  [ 1000] loss = 125.3877
  [ 1500] loss = 111.9578
  [ 2000] loss = 109.7192
  [ 2500] loss = 96.2376
  [ 3000] loss = 94.6467
  [ 3500] loss = 84.9509
  [ 4000] loss = 83.0435
  [ 4500] loss = 79.0208
  [ 5000] loss = 73.0633
  KL divergence = 74.4113 +/- 0.3686
  ESS = 3.3 +/- 0.6 (ratio: 0.003)
  Runtime = 225.0s

[RCPM gamma=1.0] Training on dim=9...
  [  500] loss = 169.5034
  [ 1000] loss = 161.1874
  [ 1500] loss = 150.7227
  [ 2000] loss = 149.2910
  [ 2500] loss = 142.6545
  [ 3000] loss = 135.6215
  [ 3500] loss = 135.6792
  [ 4000] loss = 128.1931
  [ 4500] loss = 119.9429
  [ 5000] loss = 122.7132
  KL divergence = 119.1933 +/- 0.5799
  ESS = 1.0 +/- 0.0 (ratio: 0.001)
  Runtime = 251.4s

[RCPM gamma=1.0] Training on dim=10...
  [  500] loss = 200.1206
  [ 1000] loss = 192.8271
  [ 1500] loss = 186.3984
  [ 2000] loss = 187.0339
  [ 2500] loss = 183.4328
  [ 3000] loss = 183.8789
  [ 3500] loss = 171.9610
  [ 4000] loss = 172.1981
  [ 4500] loss = 166.3160
  [ 5000] loss = 172.3765
  KL divergence = 166.2448 +/- 0.6814
  ESS = 1.3 +/- 0.2 (ratio: 0.001)
  Runtime = 284.7s

############################################################
# GAMMA = 0.1
############################################################

[RCPM gamma=0.1] Training on dim=2...
  [  500] loss = 13.1125
  [ 1000] loss = 9.1055
  [ 1500] loss = 7.2008
  [ 2000] loss = 6.3480
  [ 2500] loss = 4.6017
  [ 3000] loss = 3.5380
  [ 3500] loss = 3.0982
  [ 4000] loss = 3.7318
  [ 4500] loss = 2.9573
  [ 5000] loss = 2.4276
  KL divergence = 2.3850 +/- 0.0575
  ESS = 156.3 +/- 18.0 (ratio: 0.153)
  Runtime = 66.9s

[RCPM gamma=0.1] Training on dim=3...
  [  500] loss = 38.9607
  [ 1000] loss = 32.2529
  [ 1500] loss = 26.6272
  [ 2000] loss = 23.5772
  [ 2500] loss = 21.9934
  [ 3000] loss = 20.0857
  [ 3500] loss = 20.7573
  [ 4000] loss = 23.0971
  [ 4500] loss = 17.9247
  [ 5000] loss = 16.5751
  KL divergence = 16.8777 +/- 0.1713
  ESS = 6.1 +/- 1.2 (ratio: 0.006)
  Runtime = 84.0s

[RCPM gamma=0.1] Training on dim=4...
  [  500] loss = 86.8474
  [ 1000] loss = 77.4576
  [ 1500] loss = 75.7782
  [ 2000] loss = 68.4574
  [ 2500] loss = 63.7824
  [ 3000] loss = 60.4450
  [ 3500] loss = 56.0652
  [ 4000] loss = 57.5977
  [ 4500] loss = 52.9259
  [ 5000] loss = 46.9650
  KL divergence = 52.2248 +/- 0.1455
  ESS = 1.3 +/- 0.1 (ratio: 0.001)
  Runtime = 110.4s

[RCPM gamma=0.1] Training on dim=5...
  [  500] loss = 119.4066
  [ 1000] loss = 104.1555
  [ 1500] loss = 98.7897
  [ 2000] loss = 99.5382
  [ 2500] loss = 90.4177
  [ 3000] loss = 98.0800
  [ 3500] loss = 87.2282
  [ 4000] loss = 83.3883
  [ 4500] loss = 78.7991
  [ 5000] loss = 75.8431
  KL divergence = 76.7049 +/- 0.2879
  ESS = 1.7 +/- 0.4 (ratio: 0.002)
  Runtime = 140.4s

[RCPM gamma=0.1] Training on dim=6...
  [  500] loss = 153.6319
  [ 1000] loss = 142.0549
  [ 1500] loss = 125.5893
  [ 2000] loss = 126.2875
  [ 2500] loss = 120.4701
  [ 3000] loss = 120.0632
  [ 3500] loss = 123.7399
  [ 4000] loss = 115.6395
  [ 4500] loss = 111.8504
  [ 5000] loss = 107.3933
  KL divergence = 106.9531 +/- 0.2751
  ESS = 1.4 +/- 0.2 (ratio: 0.001)
  Runtime = 173.7s

[RCPM gamma=0.1] Training on dim=7...
  [  500] loss = 213.3942
  [ 1000] loss = 193.0287
  [ 1500] loss = 182.4534
  [ 2000] loss = 165.5906
  [ 2500] loss = 154.6028
  [ 3000] loss = 145.2559
  [ 3500] loss = 133.8537
  [ 4000] loss = 128.1949
  [ 4500] loss = 127.1315
  [ 5000] loss = 131.3789
  KL divergence = 127.3841 +/- 0.5184
  ESS = 1.1 +/- 0.0 (ratio: 0.001)
  Runtime = 235.5s

[RCPM gamma=0.1] Training on dim=8...
  [  500] loss = 239.2648
  [ 1000] loss = 230.4444
  [ 1500] loss = 223.7307
  [ 2000] loss = 204.3143
  [ 2500] loss = 202.9934
  [ 3000] loss = 201.7664
  [ 3500] loss = 202.6942
  [ 4000] loss = 186.5281
  [ 4500] loss = 186.1607
  [ 5000] loss = 175.0684
  KL divergence = 176.6925 +/- 0.6905
  ESS = 1.2 +/- 0.1 (ratio: 0.001)
  Runtime = 241.9s

[RCPM gamma=0.1] Training on dim=9...
  [  500] loss = 270.6876
  [ 1000] loss = 267.3165
  [ 1500] loss = 247.2294
  [ 2000] loss = 229.0230
  [ 2500] loss = 223.9864
  [ 3000] loss = 229.1875
  [ 3500] loss = 220.0284
  [ 4000] loss = 210.2076
  [ 4500] loss = 214.3971
  [ 5000] loss = 200.7007
  KL divergence = 203.4815 +/- 0.5168
  ESS = 1.2 +/- 0.1 (ratio: 0.001)
  Runtime = 283.2s

[RCPM gamma=0.1] Training on dim=10...
  [  500] loss = 316.0383
  [ 1000] loss = 292.9598
  [ 1500] loss = 290.7044
  [ 2000] loss = 283.6409
  [ 2500] loss = 276.9948
  [ 3000] loss = 262.4334
  [ 3500] loss = 255.4605
  [ 4000] loss = 248.7242
  [ 4500] loss = 239.5380
  [ 5000] loss = 230.3413
  KL divergence = 233.0214 +/- 0.2820
  ESS = 1.3 +/- 0.2 (ratio: 0.001)
  Runtime = 310.9s

############################################################
# GAMMA = 0.05
############################################################

[RCPM gamma=0.05] Training on dim=2...
  [  500] loss = 15.1133
  [ 1000] loss = 12.1534
  [ 1500] loss = 9.1433
  [ 2000] loss = 9.4335
  [ 2500] loss = 7.2550
  [ 3000] loss = 5.7048
  [ 3500] loss = 6.3367
  [ 4000] loss = 5.3806
  [ 4500] loss = 4.4877
  [ 5000] loss = 4.2143
  KL divergence = 4.5916 +/- 0.0851
  ESS = 49.7 +/- 15.5 (ratio: 0.049)
  Runtime = 69.3s

[RCPM gamma=0.05] Training on dim=3...
  [  500] loss = 51.5573
  [ 1000] loss = 42.7065
  [ 1500] loss = 36.0137
  [ 2000] loss = 31.6138
  [ 2500] loss = 32.5742
  [ 3000] loss = 30.7018
  [ 3500] loss = 30.4745
  [ 4000] loss = 26.4734
  [ 4500] loss = 29.7050
  [ 5000] loss = 28.6402
  KL divergence = 27.1060 +/- 0.1949
  ESS = 5.0 +/- 1.8 (ratio: 0.005)
  Runtime = 96.1s

[RCPM gamma=0.05] Training on dim=4...
  [  500] loss = 101.0344
  [ 1000] loss = 93.2845
  [ 1500] loss = 83.4018
  [ 2000] loss = 83.5726
  [ 2500] loss = 86.6429
  [ 3000] loss = 74.0210
  [ 3500] loss = 65.2712
  [ 4000] loss = 66.5944
  [ 4500] loss = 69.0427
  [ 5000] loss = 63.9068
  KL divergence = 60.5638 +/- 0.1436
  ESS = 2.1 +/- 0.4 (ratio: 0.002)
  Runtime = 128.1s

[RCPM gamma=0.05] Training on dim=5...
  [  500] loss = 120.5726
  [ 1000] loss = 113.7853
  [ 1500] loss = 105.6869
  [ 2000] loss = 103.9789
  [ 2500] loss = 98.7593
  [ 3000] loss = 97.5903
  [ 3500] loss = 90.3205
  [ 4000] loss = 91.2807
  [ 4500] loss = 90.8742
  [ 5000] loss = 87.8213
  KL divergence = 87.4038 +/- 0.1945
  ESS = 1.7 +/- 0.3 (ratio: 0.002)
  Runtime = 158.9s

[RCPM gamma=0.05] Training on dim=6...
  [  500] loss = 162.2368
  [ 1000] loss = 148.4671
  [ 1500] loss = 142.4223
  [ 2000] loss = 146.5249
  [ 2500] loss = 140.0540
  [ 3000] loss = 138.0193
  [ 3500] loss = 130.3754
  [ 4000] loss = 123.3283
  [ 4500] loss = 122.0647
  [ 5000] loss = 127.4888
  KL divergence = 123.9588 +/- 0.1777
  ESS = 2.1 +/- 0.6 (ratio: 0.002)
  Runtime = 211.9s

[RCPM gamma=0.05] Training on dim=7...
  [  500] loss = 211.4360
  [ 1000] loss = 203.7271
  [ 1500] loss = 188.4726
  [ 2000] loss = 182.2560
  [ 2500] loss = 176.3056
  [ 3000] loss = 167.3085
  [ 3500] loss = 162.0026
  [ 4000] loss = 160.9306
  [ 4500] loss = 157.1795
  [ 5000] loss = 148.0994
  KL divergence = 146.7880 +/- 0.2979
  ESS = 1.3 +/- 0.2 (ratio: 0.001)
  Runtime = 265.7s

[RCPM gamma=0.05] Training on dim=8...
  [  500] loss = 230.3175
  [ 1000] loss = 225.3121
  [ 1500] loss = 203.4091
  [ 2000] loss = 214.1167
  [ 2500] loss = 204.8168
  [ 3000] loss = 202.8211
  [ 3500] loss = 210.0159
  [ 4000] loss = 208.5795
  [ 4500] loss = 200.2871
  [ 5000] loss = 187.5606
  KL divergence = 190.0660 +/- 0.3716
  ESS = 1.6 +/- 0.2 (ratio: 0.002)
  Runtime = 249.2s

[RCPM gamma=0.05] Training on dim=9...
  [  500] loss = 280.0917
  [ 1000] loss = 266.1705
  [ 1500] loss = 254.5835
  [ 2000] loss = 236.4344
  [ 2500] loss = 233.2240
  [ 3000] loss = 222.7441
  [ 3500] loss = 215.0162
  [ 4000] loss = 214.6112
  [ 4500] loss = 206.4606
  [ 5000] loss = 192.6424
  KL divergence = 194.5770 +/- 0.4200
  ESS = 1.7 +/- 0.4 (ratio: 0.002)
  Runtime = 297.5s

[RCPM gamma=0.05] Training on dim=10...
  [  500] loss = 321.5566
  [ 1000] loss = 293.3466
  [ 1500] loss = 277.9449
  [ 2000] loss = 266.5808
  [ 2500] loss = 268.5319
  [ 3000] loss = 261.4353
  [ 3500] loss = 267.7103
  [ 4000] loss = 269.8327
  [ 4500] loss = 267.0532
  [ 5000] loss = 266.2408
  KL divergence = 263.5651 +/- 0.6140
  ESS = 1.2 +/- 0.1 (ratio: 0.001)
  Runtime = 384.7s

############################################################
# GAMMA = 0.01
############################################################

[RCPM gamma=0.01] Training on dim=2...
  [  500] loss = 34.5103
  [ 1000] loss = 34.6039
  [ 1500] loss = 31.0330
  [ 2000] loss = 30.9574
  [ 2500] loss = 25.9532
  [ 3000] loss = 29.4755
  [ 3500] loss = 26.2060
  [ 4000] loss = 23.8976
  [ 4500] loss = 22.7948
  [ 5000] loss = 21.8364
  KL divergence = 21.9288 +/- 0.1201
  ESS = 7.2 +/- 1.8 (ratio: 0.007)
  Runtime = 86.3s

[RCPM gamma=0.01] Training on dim=3...
  [  500] loss = 73.6861
  [ 1000] loss = 72.6076
  [ 1500] loss = 74.5085
  [ 2000] loss = 65.1697
  [ 2500] loss = 61.5255
  [ 3000] loss = 58.3149
  [ 3500] loss = 56.9988
  [ 4000] loss = 61.4858
  [ 4500] loss = 55.9428
  [ 5000] loss = 63.8329
  KL divergence = 61.5836 +/- 0.2422
  ESS = 2.2 +/- 0.4 (ratio: 0.002)
  Runtime = 115.8s

[RCPM gamma=0.01] Training on dim=4...
  [  500] loss = 128.3944
  [ 1000] loss = 123.8352
  [ 1500] loss = 115.8293
  [ 2000] loss = 118.9952
  [ 2500] loss = 108.4814
  [ 3000] loss = 104.7920
  [ 3500] loss = 108.3474
  [ 4000] loss = 102.5674
  [ 4500] loss = 101.4240
  [ 5000] loss = 98.3301
  KL divergence = 96.7581 +/- 0.1812
  ESS = 1.8 +/- 0.4 (ratio: 0.002)
  Runtime = 138.1s

[RCPM gamma=0.01] Training on dim=5...
  [  500] loss = 156.2891
  [ 1000] loss = 141.8324
  [ 1500] loss = 136.9749
  [ 2000] loss = 136.6934
  [ 2500] loss = 129.5399
  [ 3000] loss = 123.3155
  [ 3500] loss = 121.2901
  [ 4000] loss = 117.4438
  [ 4500] loss = 121.7515
  [ 5000] loss = 122.3986
  KL divergence = 120.5744 +/- 0.4450
  ESS = 1.1 +/- 0.1 (ratio: 0.001)
  Runtime = 174.0s

[RCPM gamma=0.01] Training on dim=6...
  [  500] loss = 193.2980
  [ 1000] loss = 187.4402
  [ 1500] loss = 181.6721
  [ 2000] loss = 176.5099
  [ 2500] loss = 171.3340
  [ 3000] loss = 168.1477
  [ 3500] loss = 160.8382
  [ 4000] loss = 155.4170
  [ 4500] loss = 163.1795
  [ 5000] loss = 150.6254
  KL divergence = 155.1705 +/- 0.3921
  ESS = 4.2 +/- 2.6 (ratio: 0.004)
  Runtime = 199.8s

[RCPM gamma=0.01] Training on dim=7...
  [  500] loss = 234.0423
  [ 1000] loss = 225.2410
  [ 1500] loss = 215.2409
  [ 2000] loss = 205.3229
  [ 2500] loss = 193.4447
  [ 3000] loss = 200.8127
  [ 3500] loss = 187.2862
  [ 4000] loss = 182.1148
  [ 4500] loss = 183.5038
  [ 5000] loss = 180.2864
  KL divergence = 180.8232 +/- 0.5279
  ESS = 1.7 +/- 0.3 (ratio: 0.002)
  Runtime = 280.9s

[RCPM gamma=0.01] Training on dim=8...
  [  500] loss = 247.0709
  [ 1000] loss = 250.2660
  [ 1500] loss = 235.1093
  [ 2000] loss = 233.0339
  [ 2500] loss = 211.8135
  [ 3000] loss = 209.7638
  [ 3500] loss = 204.7422
  [ 4000] loss = 207.1694
  [ 4500] loss = 201.0630
  [ 5000] loss = 202.4575
  KL divergence = 201.2170 +/- 0.5759
  ESS = 1.7 +/- 0.2 (ratio: 0.002)
  Runtime = 276.6s

[RCPM gamma=0.01] Training on dim=9...
  [  500] loss = 295.6583
  [ 1000] loss = 277.6487
  [ 1500] loss = 282.5365
  [ 2000] loss = 262.9761
  [ 2500] loss = 264.2814
  [ 3000] loss = 264.8909
  [ 3500] loss = 266.4329
  [ 4000] loss = 264.9703
  [ 4500] loss = 256.3452
  [ 5000] loss = 236.1776
  KL divergence = 235.6155 +/- 0.6857
  ESS = 1.2 +/- 0.1 (ratio: 0.001)
  Runtime = 334.0s

[RCPM gamma=0.01] Training on dim=10...
  [  500] loss = 326.9234
  [ 1000] loss = 315.5240
  [ 1500] loss = 308.5750
  [ 2000] loss = 303.9137
  [ 2500] loss = 306.1901
  [ 3000] loss = 292.3085
  [ 3500] loss = 294.5057
  [ 4000] loss = 282.5925
  [ 4500] loss = 269.1712
  [ 5000] loss = 264.9724
  KL divergence = 268.1948 +/- 0.4065
  ESS = 3.5 +/- 1.4 (ratio: 0.003)
  Runtime = 383.4s

############################################################
# GAMMA = 0.005
############################################################

[RCPM gamma=0.005] Training on dim=2...
  [  500] loss = 47.4400
  [ 1000] loss = 44.0200
  [ 1500] loss = 42.7405
  [ 2000] loss = 42.3348
  [ 2500] loss = 42.1354
  [ 3000] loss = 46.4288
  [ 3500] loss = 42.1153
  [ 4000] loss = 39.3353
  [ 4500] loss = 37.8331
  [ 5000] loss = 35.3302
  KL divergence = 35.7677 +/- 0.1548
  ESS = 2.0 +/- 0.5 (ratio: 0.002)
  Runtime = 87.9s

[RCPM gamma=0.005] Training on dim=3...
  [  500] loss = 85.7782
  [ 1000] loss = 89.4919
  [ 1500] loss = 94.0453
  [ 2000] loss = 86.0766
  [ 2500] loss = 88.6548
  [ 3000] loss = 84.7824
  [ 3500] loss = 82.4087
  [ 4000] loss = 81.9659
  [ 4500] loss = 79.0584
  [ 5000] loss = 79.0612
  KL divergence = 76.4550 +/- 0.1724
  ESS = 1.2 +/- 0.1 (ratio: 0.001)
  Runtime = 103.9s

[RCPM gamma=0.005] Training on dim=4...
  [  500] loss = 132.0437
  [ 1000] loss = 125.6595
  [ 1500] loss = 123.9303
  [ 2000] loss = 115.2948
  [ 2500] loss = 112.2193
  [ 3000] loss = 111.0841
  [ 3500] loss = 112.7944
  [ 4000] loss = 116.6528
  [ 4500] loss = 120.0004
  [ 5000] loss = 111.8968
  KL divergence = 115.7746 +/- 0.6161
  ESS = 1.2 +/- 0.1 (ratio: 0.001)
  Runtime = 134.8s

[RCPM gamma=0.005] Training on dim=5...
  [  500] loss = 167.0703
  [ 1000] loss = 155.4074
  [ 1500] loss = 154.4047
  [ 2000] loss = 150.2456
  [ 2500] loss = 150.6274
  [ 3000] loss = 149.0491
  [ 3500] loss = 153.4841
  [ 4000] loss = 153.4982
  [ 4500] loss = 159.4403
  [ 5000] loss = 153.1392
  KL divergence = 155.9230 +/- 0.2811
  ESS = 3.2 +/- 1.5 (ratio: 0.003)
  Runtime = 179.8s

[RCPM gamma=0.005] Training on dim=6...
  [  500] loss = 206.2788
  [ 1000] loss = 198.8177
  [ 1500] loss = 183.9275
  [ 2000] loss = 188.3106
  [ 2500] loss = 186.7218
  [ 3000] loss = 183.7147
  [ 3500] loss = 187.6738
  [ 4000] loss = 179.3038
  [ 4500] loss = 174.3862
  [ 5000] loss = 168.7883
  KL divergence = 171.2753 +/- 0.5162
  ESS = 5.2 +/- 1.3 (ratio: 0.005)
  Runtime = 199.4s

[RCPM gamma=0.005] Training on dim=7...
  [  500] loss = 241.8185
  [ 1000] loss = 237.7525
  [ 1500] loss = 242.1101
  [ 2000] loss = 241.9589
  [ 2500] loss = 236.2413
  [ 3000] loss = 228.2164
  [ 3500] loss = 221.6723
  [ 4000] loss = 216.8737
  [ 4500] loss = 204.1397
  [ 5000] loss = 201.1852
  KL divergence = 200.0613 +/- 0.6484
  ESS = 2.4 +/- 0.7 (ratio: 0.002)
  Runtime = 272.7s

[RCPM gamma=0.005] Training on dim=8...
  [  500] loss = 259.8542
  [ 1000] loss = 246.8951
  [ 1500] loss = 237.3568
  [ 2000] loss = 240.8357
  [ 2500] loss = 226.8930
  [ 3000] loss = 226.0329
  [ 3500] loss = 227.4442
  [ 4000] loss = 232.8123
  [ 4500] loss = 234.0534
  [ 5000] loss = 236.4428
  KL divergence = 237.9165 +/- 0.4319
  ESS = 2.0 +/- 0.3 (ratio: 0.002)
  Runtime = 270.2s

[RCPM gamma=0.005] Training on dim=9...
  [  500] loss = 300.7162
  [ 1000] loss = 301.6713
  [ 1500] loss = 280.3293
  [ 2000] loss = 276.2503
  [ 2500] loss = 274.6193
  [ 3000] loss = 278.4463
  [ 3500] loss = 261.4921
  [ 4000] loss = 265.6686
  [ 4500] loss = 268.6258
  [ 5000] loss = 245.3947
  KL divergence = 248.2820 +/- 0.4321
  ESS = 2.4 +/- 1.1 (ratio: 0.002)
  Runtime = 356.1s

[RCPM gamma=0.005] Training on dim=10...
  [  500] loss = 342.9174
  [ 1000] loss = 328.3337
  [ 1500] loss = 317.9749
  [ 2000] loss = 297.9496
  [ 2500] loss = 297.6813
  [ 3000] loss = 304.2890
  [ 3500] loss = 316.3461
  [ 4000] loss = 299.9471
  [ 4500] loss = 312.0116
  [ 5000] loss = 303.9228
  KL divergence = 307.5088 +/- 0.6836
  ESS = 1.4 +/- 0.2 (ratio: 0.001)
  Runtime = 362.5s

############################################################
# GAMMA = 0.001
############################################################

[RCPM gamma=0.001] Training on dim=2...
  [  500] loss = 61.3169
  [ 1000] loss = 64.4794
  [ 1500] loss = 62.6733
  [ 2000] loss = 62.0973
  [ 2500] loss = 59.4616
  [ 3000] loss = 55.1861
  [ 3500] loss = 55.9080
  [ 4000] loss = 56.0615
  [ 4500] loss = 53.7281
  [ 5000] loss = 53.9757
  KL divergence = 54.8763 +/- 0.1760
  ESS = 2.3 +/- 0.6 (ratio: 0.002)
  Runtime = 79.9s

[RCPM gamma=0.001] Training on dim=3...
  [  500] loss = 103.9398
  [ 1000] loss = 98.8292
  [ 1500] loss = 96.7062
  [ 2000] loss = 95.8382
  [ 2500] loss = 98.3333
  [ 3000] loss = 95.8848
  [ 3500] loss = 91.7721
  [ 4000] loss = 90.3448
  [ 4500] loss = 93.0773
  [ 5000] loss = 89.8039
  KL divergence = 91.2303 +/- 0.1437
  ESS = 1.3 +/- 0.1 (ratio: 0.001)
  Runtime = 101.8s

[RCPM gamma=0.001] Training on dim=4...
  [  500] loss = 142.2880
  [ 1000] loss = 134.4514
  [ 1500] loss = 135.9251
  [ 2000] loss = 138.9050
  [ 2500] loss = 147.7201
  [ 3000] loss = 135.6053
  [ 3500] loss = 132.1719
  [ 4000] loss = 141.2220
  [ 4500] loss = 131.7280
  [ 5000] loss = 126.3591
  KL divergence = 126.6416 +/- 0.3997
  ESS = 17.0 +/- 14.1 (ratio: 0.017)
  Runtime = 139.7s

[RCPM gamma=0.001] Training on dim=5...
  [  500] loss = 186.5112
  [ 1000] loss = 176.8499
  [ 1500] loss = 170.7798
  [ 2000] loss = 166.4568
  [ 2500] loss = 172.0840
  [ 3000] loss = 163.5897
  [ 3500] loss = 169.4800
  [ 4000] loss = 171.5339
  [ 4500] loss = 160.9213
  [ 5000] loss = 160.6347
  KL divergence = 162.0896 +/- 0.4915
  ESS = 26.9 +/- 10.9 (ratio: 0.026)
  Runtime = 158.1s

[RCPM gamma=0.001] Training on dim=6...
  [  500] loss = 217.3530
  [ 1000] loss = 204.8147
  [ 1500] loss = 193.6596
  [ 2000] loss = 198.9654
  [ 2500] loss = 186.3124
  [ 3000] loss = 180.7865
  [ 3500] loss = 169.3772
  [ 4000] loss = 184.3029
  [ 4500] loss = 175.9806
  [ 5000] loss = 188.0357
  KL divergence = 188.7965 +/- 0.4368
  ESS = 7.8 +/- 5.8 (ratio: 0.008)
  Runtime = 194.6s

[RCPM gamma=0.001] Training on dim=7...
  [  500] loss = 248.2701
  [ 1000] loss = 241.5646
  [ 1500] loss = 234.4658
  [ 2000] loss = 239.3972
  [ 2500] loss = 244.9168
  [ 3000] loss = 237.2435
  [ 3500] loss = 225.0253
  [ 4000] loss = 224.9853
  [ 4500] loss = 203.3862
  [ 5000] loss = 200.4443
  KL divergence = 201.6168 +/- 0.2584
  ESS = 8.4 +/- 3.4 (ratio: 0.008)
  Runtime = 268.4s

[RCPM gamma=0.001] Training on dim=8...
  [  500] loss = 252.9932
  [ 1000] loss = 245.9390
  [ 1500] loss = 251.5924
  [ 2000] loss = 244.7202
  [ 2500] loss = 244.3146
  [ 3000] loss = 240.6928
  [ 3500] loss = 238.3256
  [ 4000] loss = 246.7148
  [ 4500] loss = 241.6563
  [ 5000] loss = 230.3885
  KL divergence = 231.5402 +/- 0.3508
  ESS = 1.8 +/- 0.4 (ratio: 0.002)
  Runtime = 261.4s

[RCPM gamma=0.001] Training on dim=9...
  [  500] loss = 302.4319
  [ 1000] loss = 278.2192
  [ 1500] loss = 275.8799
  [ 2000] loss = 260.6803
  [ 2500] loss = 266.1020
  [ 3000] loss = 270.5098
  [ 3500] loss = 276.2323
  [ 4000] loss = 261.9695
  [ 4500] loss = 264.8712
  [ 5000] loss = 244.3378
  KL divergence = 245.8182 +/- 0.6092
  ESS = 6.5 +/- 1.3 (ratio: 0.006)
  Runtime = 324.7s

[RCPM gamma=0.001] Training on dim=10...
  [  500] loss = 335.6756
  [ 1000] loss = 317.2060
  [ 1500] loss = 315.4826
  [ 2000] loss = 310.6692
  [ 2500] loss = 296.2613
  [ 3000] loss = 284.0165
  [ 3500] loss = 273.0022
  [ 4000] loss = 263.9664
  [ 4500] loss = 279.5903
  [ 5000] loss = 264.3357
  KL divergence = 267.4791 +/- 0.4570
  ESS = 1.5 +/- 0.1 (ratio: 0.001)
  Runtime = 345.7s

Saved: experiments/final_results/rcpm_sweep_torus.npz

======================================================================
EXPERIMENT COMPLETE: TORUS
======================================================================
